no,date,R,PPT,PET,tas,AET,LON,LAT,AREA,ELE,SLP,RIVER,CLAY,SAND,SILT,CTI,SW,SPEED,LAI,SRAD,CO2,Cluster,n
AR_0000031,1989,463.59,464.33,809.35,6.021913624,295.6403381,-69.3313,-34.6771,2764.426,3087.711903,6.58930989,23.05821195,15.52816391,56.88541794,27.14126587,1.32799551,27.52322998,5.374811649,0.216054108,192.469928,209.1786652,4,1.003031489737688
AR_0000031,1990,417.77,465.4,809.22,6.021913624,290.1599487,-69.3313,-34.6771,2764.426,3087.711903,6.58930989,23.05821195,15.52816391,56.88541794,27.14126587,1.32799551,25.93805504,5.443586349,0.214929108,192.7233612,210.06091,4,0.9731530364074351
AR_0000031,1991,387.3,463.5,807.38,6.021913624,291.4463501,-69.3313,-34.6771,2764.426,3087.711903,6.58930989,23.05821195,15.52816391,56.88541794,27.14126587,1.32799551,25.56443825,5.490748405,0.211905048,193.2967102,210.9373047,4,0.9845855708079355
AR_0000031,1992,358.26,406.7,806.97,6.021913624,298.4907227,-69.3313,-34.6771,2764.426,3087.711903,6.58930989,23.05821195,15.52816391,56.88541794,27.14126587,1.32799551,26.54972763,5.473297596,0.211425705,193.1965546,213.534671,4,1.186614101029738
AR_0000031,1993,334.26,467.87,806.75,6.021913624,323.754776,-69.3313,-34.6771,2764.426,3087.711903,6.58930989,23.05821195,15.52816391,56.88541794,27.14126587,1.32799551,28.28731499,5.501832485,0.210384332,192.2397797,221.2934875,4,1.1584760746585516
AR_0000031,1994,354.08,471.59,805.19,6.021913624,336.0221008,-69.3313,-34.6771,2764.426,3087.711903,6.58930989,23.05821195,15.52816391,56.88541794,27.14126587,1.32799551,29.51860008,5.507044792,0.209966611,191.596463,227.9117004,4,1.2308193554075424
AR_0000031,1995,377.1,468.62,809.04,6.021913624,335.7337341,-69.3313,-34.6771,2764.426,3087.711903,6.58930989,23.05821195,15.52816391,56.88541794,27.14126587,1.32799551,29.69507065,5.511544228,0.2093172,192.8183899,235.1456299,4,1.2348456970602426
AR_0000031,1996,368.49,422.17,810.49,6.021913624,325.5905945,-69.3313,-34.6771,2764.426,3087.711903,6.58930989,23.05821195,15.52816391,56.88541794,27.14126587,1.32799551,27.85552826,5.393712044,0.211452115,194.409613,247.4576843,4,1.3414472754439313
AR_0000031,1997,330.94,469.9,811.33,6.021913624,322.9045227,-69.3313,-34.6771,2764.426,3087.711903,6.58930989,23.05821195,15.52816391,56.88541794,27.14126587,1.32799551,27.23631783,5.494202137,0.211619778,193.3900726,257.5633759,4,1.143263185097918
AR_0000031,1998,326.24,415.74,806.14,6.021913624,303.6644531,-69.3313,-34.6771,2764.426,3087.711903,6.58930989,23.05821195,15.52816391,56.88541794,27.14126587,1.32799551,26.19990158,5.281095028,0.21341561,192.6573212,268.8661652,4,1.1919365402951139
AR_0000031,1999,290.5,442.71,792.34,6.021913624,302.2135986,-69.3313,-34.6771,2764.426,3087.711903,6.58930989,23.05821195,15.52816391,56.88541794,27.14126587,1.32799551,25.4293026,5.354912758,0.213761969,191.3697083,277.9448578,4,1.1059054091858094
AR_0000031,2000,277.74,487.7,786.28,6.021913624,307.9586975,-69.3313,-34.6771,2764.426,3087.711903,6.58930989,23.05821195,15.52816391,56.88541794,27.14126587,1.32799551,27.15346947,5.477374554,0.214859561,190.8492981,284.4241333,4,1.0356185932083994
AR_0000031,2001,319.48,540.23,783.0,6.021913624,320.6077271,-69.3313,-34.6771,2764.426,3087.711903,6.58930989,23.05821195,15.52816391,56.88541794,27.14126587,1.32799551,28.93413429,5.39895153,0.214850583,188.9068115,279.4435516,4,1.0043397927999378
AR_0000031,2002,365.88,508.42,782.76,6.021913624,313.5654358,-69.3313,-34.6771,2764.426,3087.711903,6.58930989,23.05821195,15.52816391,56.88541794,27.14126587,1.32799551,29.2028923,5.514828205,0.214600583,189.8441895,270.1003845,4,1.0263331826937072
AR_0000031,2003,400.59,520.86,799.54,6.021913624,318.2339966,-69.3313,-34.6771,2764.426,3087.711903,6.58930989,23.05821195,15.52816391,56.88541794,27.14126587,1.32799551,29.30374756,5.480563641,0.212524231,190.9726868,255.2059296,4,1.0135446285838954
AR_0000031,2004,420.41,499.89,804.39,6.021913624,323.2943298,-69.3313,-34.6771,2764.426,3087.711903,6.58930989,23.05821195,15.52816391,56.88541794,27.14126587,1.32799551,29.19141579,5.358360767,0.21092793,190.3226196,246.1252167,4,1.0770948966931067
AR_0000031,2005,441.25,519.77,808.46,6.021913624,326.212561,-69.3313,-34.6771,2764.426,3087.711903,6.58930989,23.05821195,15.52816391,56.88541794,27.14126587,1.32799551,28.67954712,5.451034546,0.208404691,189.3064453,238.4472717,4,1.0480468308284228
AR_0000031,2006,474.36,494.31,818.39,6.021913624,316.6548401,-69.3313,-34.6771,2764.426,3087.711903,6.58930989,23.05821195,15.52816391,56.88541794,27.14126587,1.32799551,28.07627335,5.47276926,0.207751935,190.0117737,237.1346588,4,1.042831200310909
AR_0000031,2007,462.33,446.79,811.87,6.021913624,312.043335,-69.3313,-34.6771,2764.426,3087.711903,6.58930989,23.05821195,15.52816391,56.88541794,27.14126587,1.32799551,26.7956089,5.44566679,0.206005103,190.168161,245.1690063,4,1.1406722611576827
AR_0000031,2008,434.88,488.71,797.8,6.021913624,317.5604614,-69.3313,-34.6771,2764.426,3087.711903,6.58930989,23.05821195,15.52816391,56.88541794,27.14126587,1.32799551,27.6361969,5.313798904,0.207128876,188.2417725,259.0272064,4,1.0759667876091672
AR_0000031,2009,435.18,473.79,814.89,6.021913624,304.4513672,-69.3313,-34.6771,2764.426,3087.711903,6.58930989,23.05821195,15.52816391,56.88541794,27.14126587,1.32799551,27.53638268,5.483697891,0.206679053,190.9117249,267.0304169,4,1.0250756221743398
AR_0000031,2010,419.03,399.3,819.44,6.021913624,286.9339172,-69.3313,-34.6771,2764.426,3087.711903,6.58930989,23.05821195,15.52816391,56.88541794,27.14126587,1.32799551,26.48596382,5.453392982,0.203492139,191.9106842,276.225061,4,1.1188818017350948
AR_0000031,2011,340.68,374.26,813.6,6.021913624,287.4570557,-69.3313,-34.6771,2764.426,3087.711903,6.58930989,23.05821195,15.52816391,56.88541794,27.14126587,1.32799551,25.97107277,5.419163704,0.200599707,191.9268677,285.3935303,4,1.2320080091988341
AR_0000031,2012,312.66,380.02,824.33,6.021913624,291.8920288,-69.3313,-34.6771,2764.426,3087.711903,6.58930989,23.05821195,15.52816391,56.88541794,27.14126587,1.32799551,25.85129089,5.449814796,0.199788971,191.351889,321.220636,4,1.23365514586191
AR_0000031,2013,286.72,341.39,826.91,6.021913624,283.2452332,-69.3313,-34.6771,2764.426,3087.711903,6.58930989,23.05821195,15.52816391,56.88541794,27.14126587,1.32799551,25.36755486,5.395830631,0.20002113,191.5441986,347.400293,4,1.3821456192768682
AR_0000031,2014,259.12,334.83,817.33,6.021913624,283.7623596,-69.3313,-34.6771,2764.426,3087.711903,6.58930989,23.05821195,15.52816391,56.88541794,27.14126587,1.32799551,25.16934662,5.447960377,0.200215085,189.641037,372.761261,4,1.4565536136228459
AR_0000031,2015,232.08,369.18,806.24,6.021913624,292.6964172,-69.3313,-34.6771,2764.426,3087.711903,6.58930989,23.05821195,15.52816391,56.88541794,27.14126587,1.32799551,24.79561043,5.381124496,0.200780405,187.6588806,394.2480225,4,1.3167327278990844
AR_0000031,2016,259.94,416.17,798.18,6.021913624,308.2630859,-69.3313,-34.6771,2764.426,3087.711903,6.58930989,23.05821195,15.52816391,56.88541794,27.14126587,1.32799551,27.19343681,5.307388306,0.204082285,186.0812256,417.7184143,4,1.2332094117045784
AR_0000031,2017,262.67,425.54,800.63,6.021913624,315.0760925,-69.3313,-34.6771,2764.426,3087.711903,6.58930989,23.05821195,15.52816391,56.88541794,27.14126587,1.32799551,27.48335495,5.427717686,0.208401294,187.1301941,426.2968445,4,1.2470180129875084
AR_0000031,2018,252.59,412.01,798.37,6.021913624,308.5959564,-69.3313,-34.6771,2764.426,3087.711903,6.58930989,23.05821195,15.52816391,56.88541794,27.14126587,1.32799551,25.85163879,4.844988823,0.204309332,187.0740082,433.6568542,4,1.2531987079129607
AR_0000031,2019,249.03,406.97,819.39,6.021913624,311.7622345,-69.3313,-34.6771,2764.426,3087.711903,6.58930989,23.05821195,15.52816391,56.88541794,27.14126587,1.32799551,25.14030457,5.319171906,0.201329813,188.3464661,439.4914917,4,1.2826850903225344
AR_0000031,2020,240.76,380.95,870.17,6.021913624,304.7026154,-69.3313,-34.6771,2764.426,3087.711903,6.58930989,23.05821195,15.52816391,56.88541794,27.14126587,1.32799551,24.35509186,5.495697021,0.197104401,190.3903473,435.2440552,4,1.3083223133559685
AT_0000157,1989,1761.67,993.95,283.68,3.342777824,272.5333252,11.0187,46.8646,70.9885,2817.128306,6.945688178,22.73463567,10.27777767,65.56944275,14.72222233,1.202819842,13.75814762,4.659166336,0.691361121,151.5400024,4489.149219,4,1.98623135355423
AT_0000157,1990,1757.32,1004.52,290.12,3.342777824,282.1666626,11.0187,46.8646,70.9885,2817.128306,6.945688178,22.73463567,10.27777767,65.56944275,14.72222233,1.202819842,14.14944382,4.747777939,0.697472217,151.4411102,4576.228906,4,2.218325450670721
AT_0000157,1991,1752.97,973.85,281.29,3.342777824,270.2888855,11.0187,46.8646,70.9885,2817.128306,6.945688178,22.73463567,10.27777767,65.56944275,14.72222233,1.202819842,14.79981441,4.666851997,0.686183325,151.8453705,4715.452637,4,2.002530963519884
AT_0000157,1992,1714.15,976.47,294.05,3.342777824,281.6488892,11.0187,46.8646,70.9885,2817.128306,6.945688178,22.73463567,10.27777767,65.56944275,14.72222233,1.202819842,14.76666641,4.747869968,0.677955554,152.6203674,4822.946289,4,2.004393388334047
AT_0000157,1993,1635.52,958.04,297.6,3.342777824,285.2622253,11.0187,46.8646,70.9885,2817.128306,6.945688178,22.73463567,10.27777767,65.56944275,14.72222233,1.202819842,14.84703636,4.904536724,0.670513879,153.3148132,4898.421484,4,2.0522044947567273
AT_0000157,1994,1735.57,964.23,313.82,3.342777824,299.9044556,11.0187,46.8646,70.9885,2817.128306,6.945688178,22.73463567,10.27777767,65.56944275,14.72222233,1.202819842,14.94314785,4.850647926,0.679224988,153.9951843,4962.602051,4,2.0667868425822595
AT_0000157,1995,1713.82,978.6,298.92,3.342777824,286.8022278,11.0187,46.8646,70.9885,2817.128306,6.945688178,22.73463567,10.27777767,65.56944275,14.72222233,1.202819842,15.15999966,4.850647926,0.661958325,153.2485199,5027.520898,4,2.04594975447218
AT_0000157,1996,1657.45,1024.79,294.41,3.342777824,289.3088959,11.0187,46.8646,70.9885,2817.128306,6.945688178,22.73463567,10.27777767,65.56944275,14.72222233,1.202819842,15.66314774,4.756666183,0.6666,152.1088898,5086.081738,4,2.4942032716275597
AT_0000157,1997,1652.92,983.83,287.35,3.342777824,276.9311218,11.0187,46.8646,70.9885,2817.128306,6.945688178,22.73463567,10.27777767,65.56944275,14.72222233,1.202819842,15.68370304,4.768425941,0.678222217,152.8524109,5127.947168,4,2.0613464270081856
AT_0000157,1998,1726.87,986.98,286.11,3.342777824,274.7955627,11.0187,46.8646,70.9885,2817.128306,6.945688178,22.73463567,10.27777767,65.56944275,14.72222233,1.202819842,15.23055515,4.86564827,0.684408337,152.9977814,5319.472949,4,1.9999294247126498
AT_0000157,1999,1709.47,1049.2,279.22,3.342777824,269.5977783,11.0187,46.8646,70.9885,2817.128306,6.945688178,22.73463567,10.27777767,65.56944275,14.72222233,1.202819842,15.32555523,4.833889008,0.682736108,151.1427826,5539.711621,4,1.986140946763951
AT_0000157,2000,1775.22,1063.34,296.48,3.342777824,286.822229,11.0187,46.8646,70.9885,2817.128306,6.945688178,22.73463567,10.27777767,65.56944275,14.72222233,1.202819842,15.43870354,4.843889236,0.691130554,151.564447,5768.512793,4,2.071068819735227
AT_0000157,2001,1818.21,1081.23,304.75,3.342777824,295.1533417,11.0187,46.8646,70.9885,2817.128306,6.945688178,22.73463567,10.27777767,65.56944275,14.72222233,1.202819842,15.55222225,4.867870808,0.689886096,152.5948151,5958.191016,4,2.1040023276751807
AT_0000157,2002,1800.81,1130.6,303.68,3.342777824,300.493335,11.0187,46.8646,70.9885,2817.128306,6.945688178,22.73463567,10.27777767,65.56944275,14.72222233,1.202819842,15.98925934,4.750000477,0.686725,150.585556,6226.955664,4,2.697026864995849
AT_0000157,2003,1792.11,1096.62,320.09,3.342777824,304.3888916,11.0187,46.8646,70.9885,2817.128306,6.945688178,22.73463567,10.27777767,65.56944275,14.72222233,1.202819842,15.51185207,4.696388721,0.684875,153.2268524,6406.041895,4,1.8777086405311643
AT_0000157,2004,1727.24,1028.1,321.18,3.342777824,305.3422241,11.0187,46.8646,70.9885,2817.128306,6.945688178,22.73463567,10.27777767,65.56944275,14.72222233,1.202819842,14.6714817,4.757314682,0.634650006,154.7900024,6595.448633,4,1.9489005119629554
AT_0000157,2005,1700.77,972.91,316.23,3.342777824,299.8644409,11.0187,46.8646,70.9885,2817.128306,6.945688178,22.73463567,10.27777767,65.56944275,14.72222233,1.202819842,14.61814804,4.707406998,0.599383337,155.1187073,6803.24707,4,1.9640198571064458
AT_0000164,1994,165.09,1516.71,364.57,4.698333597,364.0066833,12.8021,47.0479,72.0558,2596.42484,5.450077534,25.92085679,10.5,64.3125,17.53333282,1.232515769,15.23500023,5.524721622,0.71948125,147.1399994,1157.436816,4,3.6329158729857056
AT_0000164,1995,186.25,1507.16,355.9,4.698333597,352.8244629,12.8021,47.0479,72.0558,2596.42484,5.450077534,25.92085679,10.5,64.3125,17.53333282,1.232515769,14.91611118,5.571666718,0.7094125,146.1283325,1180.747314,4,2.614937497055778
AT_0000164,1996,182.52,1527.6,352.74,4.698333597,349.6577942,12.8021,47.0479,72.0558,2596.42484,5.450077534,25.92085679,10.5,64.3125,17.53333282,1.232515769,14.56111107,5.471481323,0.706210425,144.4953674,1206.055884,4,2.5773120949011274
AT_0000164,1997,177.79,1523.58,339.52,4.698333597,334.9755737,12.8021,47.0479,72.0558,2596.42484,5.450077534,25.92085679,10.5,64.3125,17.53333282,1.232515769,14.30370369,5.503796101,0.734139587,144.3018555,1260.948535,4,2.30283106730223
AT_0000164,1998,173.55,1564.68,331.95,4.698333597,327.4044556,12.8021,47.0479,72.0558,2596.42484,5.450077534,25.92085679,10.5,64.3125,17.53333282,1.232515769,14.16444454,5.591944695,0.74044375,143.8544464,1368.92998,4,2.234501695750654
AT_0000164,1999,177.79,1596.78,324.64,4.698333597,320.6688904,12.8021,47.0479,72.0558,2596.42484,5.450077534,25.92085679,10.5,64.3125,17.53333282,1.232515769,14.24055576,5.51759243,0.734056262,141.7646332,1442.112305,4,2.244327134356506
AT_0000164,2000,174.03,1665.12,340.44,4.698333597,338.9733337,12.8021,47.0479,72.0558,2596.42484,5.450077534,25.92085679,10.5,64.3125,17.53333282,1.232515769,14.55944481,5.555092335,0.747118762,142.5366699,1542.884155,4,2.781857723895823
AT_0000164,2001,186.25,1658.97,355.46,4.698333597,353.9911072,12.8021,47.0479,72.0558,2596.42484,5.450077534,25.92085679,10.5,64.3125,17.53333282,1.232515769,14.91444492,5.566018105,0.751802087,144.0692657,1632.767017,4,2.8727635764531363
CA_0002328,1989,470.76,673.46,540.93,-0.702307626,445.8953308,-115.0313,51.0437,919.8063,2057.07413,5.306496408,18.93324195,13.69903851,48.74711609,25.45199013,1.297391487,39.20627785,4.161645889,1.018042188,147.7161957,10997.7832,4,2.4024456543301778
CA_0002328,1990,507.24,681.38,531.57,-0.702307626,439.5561584,-115.0313,51.0437,919.8063,2057.07413,5.306496408,18.93324195,13.69903851,48.74711609,25.45199013,1.297391487,36.62506981,4.260944366,1.019153247,145.8780426,11346.5875,4,2.338222861675472
CA_0002328,1991,498.82,662.23,527.06,-0.702307626,418.1806641,-115.0313,51.0437,919.8063,2057.07413,5.306496408,18.93324195,13.69903851,48.74711609,25.45199013,1.297391487,31.05854263,4.210257053,1.017302966,146.0791107,11544.20215,4,2.0873021196241344
CA_0002328,1992,520.94,696.84,509.08,-0.702307626,410.7521606,-115.0313,51.0437,919.8063,2057.07413,5.306496408,18.93324195,13.69903851,48.74711609,25.45199013,1.297391487,29.22812538,4.042006969,1.008854248,144.5253601,11729.35684,4,1.9952450778844752
CA_0002328,1993,533.2,725.65,481.37,-0.702307626,403.0814941,-115.0313,51.0437,919.8063,2057.07413,5.306496408,18.93324195,13.69903851,48.74711609,25.45199013,1.297391487,33.40354195,4.078465462,0.996538794,142.4213898,11671.35293,4,2.032029820782677
CA_0002328,1994,530.74,705.42,494.29,-0.702307626,395.0511658,-115.0313,51.0437,919.8063,2057.07413,5.306496408,18.93324195,13.69903851,48.74711609,25.45199013,1.297391487,35.54629135,4.217583179,0.994950244,143.2519012,11794.32617,4,1.8578861444932195
CA_0002328,1995,518.82,712.82,492.63,-0.702307626,406.5141724,-115.0313,51.0437,919.8063,2057.07413,5.306496408,18.93324195,13.69903851,48.74711609,25.45199013,1.297391487,36.80844345,4.062048435,0.997060034,143.8085266,12023.5332,4,2.019767658504688
CA_0002328,1996,497.02,745.3,491.07,-0.702307626,402.3626709,-115.0313,51.0437,919.8063,2057.07413,5.306496408,18.93324195,13.69903851,48.74711609,25.45199013,1.297391487,38.04109612,4.223937511,0.994343897,144.4663757,12431.36816,4,1.8843207107961017
CA_0002328,1997,497.07,744.33,487.6,-0.702307626,394.5648438,-115.0313,51.0437,919.8063,2057.07413,5.306496408,18.93324195,13.69903851,48.74711609,25.45199013,1.297391487,38.58541565,4.28481245,0.997889404,145.8944855,12870.62051,4,1.8062169635578944
CA_0002328,1998,490.05,755.64,507.08,-0.702307626,389.7348328,-115.0313,51.0437,919.8063,2057.07413,5.306496408,18.93324195,13.69903851,48.74711609,25.45199013,1.297391487,36.35969315,3.953576326,1.003107654,146.6415985,13261.75391,4,1.6074400237486066
CA_0002328,1999,500.93,760.93,492.07,-0.702307626,392.673999,-115.0313,51.0437,919.8063,2057.07413,5.306496408,18.93324195,13.69903851,48.74711609,25.45199013,1.297391487,34.39177742,4.285805225,0.999055762,146.4705841,13649.48281,4,1.716820631395608
CA_0002328,2000,467.83,722.54,497.66,-0.702307626,381.5328308,-115.0313,51.0437,919.8063,2057.07413,5.306496408,18.93324195,13.69903851,48.74711609,25.45199013,1.297391487,31.38538933,4.153402805,0.999527283,148.2181519,13916.94805,4,1.6340870937604637
CA_0002328,2001,433.58,663.17,517.49,-0.702307626,384.8116638,-115.0313,51.0437,919.8063,2057.07413,5.306496408,18.93324195,13.69903851,48.74711609,25.45199013,1.297391487,28.96259727,4.324368,1.006057886,149.6127899,14036.24316,4,1.701961238009644
CA_0002328,2002,452.52,633.94,510.57,-0.702307626,371.4281616,-115.0313,51.0437,919.8063,2057.07413,5.306496408,18.93324195,13.69903851,48.74711609,25.45199013,1.297391487,27.1734024,4.229131699,1.004887854,149.3635406,14207.80879,4,1.663427170190067
CA_0002328,2003,432.52,615.64,511.61,-0.702307626,364.6126648,-115.0313,51.0437,919.8063,2057.07413,5.306496408,18.93324195,13.69903851,48.74711609,25.45199013,1.297391487,26.36776352,4.204548836,1.004347278,150.8902863,14466.16172,4,1.6335978216597355
CA_0002328,2004,438.28,619.92,501.11,-0.702307626,366.6220032,-115.0313,51.0437,919.8063,2057.07413,5.306496408,18.93324195,13.69903851,48.74711609,25.45199013,1.297391487,29.65047188,4.134090424,0.991273682,149.1142609,14426.74063,4,1.6933025557055257
CA_0002328,2005,479.18,654.41,497.94,-0.702307626,376.6871704,-115.0313,51.0437,919.8063,2057.07413,5.306496408,18.93324195,13.69903851,48.74711609,25.45199013,1.297391487,34.85117989,4.132312298,0.990435144,147.6163025,15064.36289,4,1.7343713169838846
CA_0002328,2006,507.24,684.91,493.28,-0.702307626,393.1765076,-115.0313,51.0437,919.8063,2057.07413,5.306496408,18.93324195,13.69903851,48.74711609,25.45199013,1.297391487,37.95065193,4.09990263,0.98083728,146.3813019,15700.96211,4,1.8948280518842278
CA_0002328,2007,497.77,702.12,513.09,-0.702307626,403.9190125,-115.0313,51.0437,919.8063,2057.07413,5.306496408,18.93324195,13.69903851,48.74711609,25.45199013,1.297391487,37.98819427,4.161069393,0.983217468,146.398703,16444.25684,4,1.8555149177772743
CA_0002328,2008,521.29,689.75,506.36,-0.702307626,404.8266846,-115.0313,51.0437,919.8063,2057.07413,5.306496408,18.93324195,13.69903851,48.74711609,25.45199013,1.297391487,36.8497364,4.148847103,0.977770544,145.9779297,16999.05215,4,1.9504225900900725
CA_0002328,2009,507.24,670.56,523.19,-0.702307626,397.9908508,-115.0313,51.0437,919.8063,2057.07413,5.306496408,18.93324195,13.69903851,48.74711609,25.45199013,1.297391487,32.53408279,4.173784256,0.984899878,148.7370728,17707.29453,4,1.8059564618526271
CA_0002328,2010,471.46,648.21,513.97,-0.702307626,388.5295105,-115.0313,51.0437,919.8063,2057.07413,5.306496408,18.93324195,13.69903851,48.74711609,25.45199013,1.297391487,28.67840271,4.013735771,0.975279041,148.1136292,17910.31484,4,1.8062418798111322
CA_0002328,2011,479.88,641.41,504.9,-0.702307626,370.4725037,-115.0313,51.0437,919.8063,2057.07413,5.306496408,18.93324195,13.69903851,48.74711609,25.45199013,1.297391487,27.83368073,4.256819725,0.961170764,148.0252319,18398.1875,4,1.6605278836331836
CA_0002328,2012,501.95,646.09,492.29,-0.702307626,351.1956665,-115.0313,51.0437,919.8063,2057.07413,5.306496408,18.93324195,13.69903851,48.74711609,25.45199013,1.297391487,28.93630524,4.175937176,0.93820481,147.6012085,18896.91484,4,1.5074019302379107
CA_0005627,1989,442.72,702.07,568.43,0.303333218,454.960022,-114.8854,50.2062,102.4118,2109.169468,3.872311133,19.95584889,14.08333302,51.95833206,25.54929543,0.768331238,53.90055847,4.468332767,0.860317835,149.1118073,159.4649902,4,2.192575276602216
CA_0005627,1990,509.43,708.23,557.51,0.303333218,449.4000183,-114.8854,50.2062,102.4118,2109.169468,3.872311133,19.95584889,14.08333302,51.95833206,25.54929543,0.768331238,51.1736145,4.582569599,0.840122595,147.089035,161.5862549,4,2.166949632304023
CA_0005627,1991,548.85,682.22,551.75,0.303333218,428.736676,-114.8854,50.2062,102.4118,2109.169468,3.872311133,19.95584889,14.08333302,51.95833206,25.54929543,0.768331238,43.35319595,4.506180286,0.832488049,147.159726,160.2276825,4,1.9962677573350798
CA_0005627,1992,556.43,720.38,532.63,0.303333218,422.2766724,-114.8854,50.2062,102.4118,2109.169468,3.872311133,19.95584889,14.08333302,51.95833206,25.54929543,0.768331238,40.53861237,4.322431087,0.801627332,145.7647247,157.9884766,4,1.9169231433982337
CA_0005627,1993,612.53,764.38,499.7,0.303333218,419.6750061,-114.8854,50.2062,102.4118,2109.169468,3.872311133,19.95584889,14.08333302,51.95833206,25.54929543,0.768331238,46.82430649,4.325902462,0.780034485,143.4284729,154.0196289,4,2.022485006887171
CA_0005627,1994,606.46,726.63,515.36,0.303333218,405.7066772,-114.8854,50.2062,102.4118,2109.169468,3.872311133,19.95584889,14.08333302,51.95833206,25.54929543,0.768331238,50.28805695,4.535972118,0.768970203,144.5668091,151.5028717,4,1.8010726669553663
CA_0005627,1995,594.33,740.25,514.54,0.303333218,419.3,-114.8854,50.2062,102.4118,2109.169468,3.872311133,19.95584889,14.08333302,51.95833206,25.54929543,0.768331238,52.14889069,4.381527901,0.777549976,144.9524994,153.3751404,4,1.953048267041082
CA_0005628,1989,367.92,711.7,603.48,1.699999952,463.8866821,-114.8354,49.8937,136.9365,2006.282257,5.273581232,20.10141639,15.46875,44.44374847,33.41025543,1.373663094,60.36013641,4.325485706,1.19725166,150.2988953,1897.016333,4,2.047002114582073
CA_0005628,1990,415.91,719.79,592.95,1.699999952,460.1450195,-114.8354,49.8937,136.9365,2006.282257,5.273581232,20.10141639,15.46875,44.44374847,33.41025543,1.373663094,57.27221985,4.454514027,1.202569971,148.1633392,1920.519019,4,2.0326511985408215
CA_0005628,1991,452.47,687.28,589.69,1.699999952,444.5833618,-114.8354,49.8937,136.9365,2006.282257,5.273581232,20.10141639,15.46875,44.44374847,33.41025543,1.373663094,49.40624924,4.358263493,1.197157495,148.1430573,1926.048853,4,1.9619133466697074
CA_0005628,1992,462.88,723.82,573.72,1.699999952,444.4983521,-114.8354,49.8937,136.9365,2006.282257,5.273581232,20.10141639,15.46875,44.44374847,33.41025543,1.373663094,46.97958298,4.170694351,1.187030835,146.8987518,1927.787817,4,1.9337404912344756
CA_0005628,1993,505.03,772.72,540.9,1.699999952,451.8233582,-114.8354,49.8937,136.9365,2006.282257,5.273581232,20.10141639,15.46875,44.44374847,33.41025543,1.373663094,54.12986221,4.148125172,1.1704,144.4637543,1912.252686,4,2.131634223268277
CA_0005628,1994,523.31,726.7,558.38,1.699999952,432.5600159,-114.8354,49.8937,136.9365,2006.282257,5.273581232,20.10141639,15.46875,44.44374847,33.41025543,1.373663094,58.31555634,4.399236202,1.167452539,145.7631958,1909.129712,4,1.868296409704304
CA_0005628,1995,502.75,740.02,557.78,1.699999952,447.5500122,-114.8354,49.8937,136.9365,2006.282257,5.273581232,20.10141639,15.46875,44.44374847,33.41025543,1.373663094,61.22875214,4.25013876,1.170429199,146.0505554,1925.508301,4,2.029547056851271
CA_0005628,1996,501.83,794.91,557.82,1.699999952,448.9750122,-114.8354,49.8937,136.9365,2006.282257,5.273581232,20.10141639,15.46875,44.44374847,33.41025543,1.373663094,64.65680923,4.363749981,1.168387524,146.6737549,1976.0677,4,1.8994247104458417
CA_0005628,1997,530.17,789.25,550.74,1.699999952,434.461676,-114.8354,49.8937,136.9365,2006.282257,5.273581232,20.10141639,15.46875,44.44374847,33.41025543,1.373663094,65.73041992,4.437013626,1.18097417,147.9893097,2070.491528,4,1.7833067544542662
CA_0005628,1998,532.46,796.9,571.24,1.699999952,427.6649963,-114.8354,49.8937,136.9365,2006.282257,5.273581232,20.10141639,15.46875,44.44374847,33.41025543,1.373663094,61.52889252,4.128749847,1.191064185,148.9248657,2160.64624,4,1.59688935477641
CA_0005628,1999,562.16,802.79,554.69,1.699999952,436.2533386,-114.8354,49.8937,136.9365,2006.282257,5.273581232,20.10141639,15.46875,44.44374847,33.41025543,1.373663094,56.96958847,4.522083282,1.183393311,148.7659821,2227.369043,4,1.7521178850436925
CA_0005628,2000,538.5,741.54,565.73,1.699999952,422.9350037,-114.8354,49.8937,136.9365,2006.282257,5.273581232,20.10141639,15.46875,44.44374847,33.41025543,1.373663094,51.0498642,4.357291222,1.183882495,150.9841797,2299.186963,4,1.6869208489669192
CA_0005628,2001,454.76,666.92,586.34,1.699999952,426.6616638,-114.8354,49.8937,136.9365,2006.282257,5.273581232,20.10141639,15.46875,44.44374847,33.41025543,1.373663094,45.64583511,4.526388645,1.1933125,152.6787628,2313.499707,4,1.831268071097025
CA_0005628,2002,445.62,645.17,576.26,1.699999952,411.1599976,-114.8354,49.8937,136.9365,2006.282257,5.273581232,20.10141639,15.46875,44.44374847,33.41025543,1.373663094,42.53458557,4.404235363,1.193181665,152.5070953,2277.367578,4,1.7716988187349378
CA_0005628,2003,422.77,614.12,582.83,1.699999952,403.2166687,-114.8354,49.8937,136.9365,2006.282257,5.273581232,20.10141639,15.46875,44.44374847,33.41025543,1.373663094,40.31694489,4.381319046,1.191787451,154.0457062,2292.233203,4,1.759401197782787
CA_0005628,2004,403.3,629.84,570.73,1.699999952,408.3799988,-114.8354,49.8937,136.9365,2006.282257,5.273581232,20.10141639,15.46875,44.44374847,33.41025543,1.373663094,43.92999878,4.268125057,1.189227466,152.3076477,2275.897803,4,1.8155108229919203
CA_0005628,2005,452.47,675.24,564.73,1.699999952,419.6533325,-114.8354,49.8937,136.9365,2006.282257,5.273581232,20.10141639,15.46875,44.44374847,33.41025543,1.373663094,50.59916458,4.305485725,1.206744116,150.824173,2264.52749,4,1.828839041775555
CA_0005628,2006,509.6,710.75,559.27,1.699999952,429.1733276,-114.8354,49.8937,136.9365,2006.282257,5.273581232,20.10141639,15.46875,44.44374847,33.41025543,1.373663094,54.79624863,4.316944599,1.209208276,149.6236145,2299.751465,4,1.8667080143159531
CA_0005628,2007,500.46,713.64,586.01,1.699999952,439.6799988,-114.8354,49.8937,136.9365,2006.282257,5.273581232,20.10141639,15.46875,44.44374847,33.41025543,1.373663094,54.24291458,4.407916069,1.220192456,149.8637543,2358.285596,4,1.838906639700647
CA_0005628,2008,504.13,711.19,578.58,1.699999952,443.4166687,-114.8354,49.8937,136.9365,2006.282257,5.273581232,20.10141639,15.46875,44.44374847,33.41025543,1.373663094,53.34860992,4.363472462,1.241677466,149.8029205,2362.104443,4,1.9305633735149939
CA_0005628,2009,482.18,687.21,592.79,1.699999952,430.3700134,-114.8354,49.8937,136.9365,2006.282257,5.273581232,20.10141639,15.46875,44.44374847,33.41025543,1.373663094,48.87388763,4.361805439,1.254797461,152.4565338,2359.585889,4,1.780742256571004
CA_0005628,2010,443.33,682.09,576.74,1.699999952,419.2466797,-114.8354,49.8937,136.9365,2006.282257,5.273581232,20.10141639,15.46875,44.44374847,33.41025543,1.373663094,44.72944489,4.180902958,1.237084131,151.5057037,2359.493311,4,1.747321328473836
CA_0005628,2011,454.76,680.23,566.3,1.699999952,403.0716858,-114.8354,49.8937,136.9365,2006.282257,5.273581232,20.10141639,15.46875,44.44374847,33.41025543,1.373663094,43.93486099,4.488333225,1.244434961,151.0838959,2363.946777,4,1.6315658097824313
CA_0005628,2012,492.67,706.14,553.69,1.699999952,390.0683533,-114.8354,49.8937,136.9365,2006.282257,5.273581232,20.10141639,15.46875,44.44374847,33.41025543,1.373663094,48.23847275,4.425902367,1.224787476,150.365976,2354.779346,4,1.5041361004265348
CA_0005628,2013,530.17,707.42,540.78,1.699999952,384.6883606,-114.8354,49.8937,136.9365,2006.282257,5.273581232,20.10141639,15.46875,44.44374847,33.41025543,1.373663094,51.20763931,4.261250019,1.215394165,149.6259735,2354.701025,4,1.5021794426439883
CA_0005628,2014,548.45,750.51,540.81,1.699999952,392.9033508,-114.8354,49.8937,136.9365,2006.282257,5.273581232,20.10141639,15.46875,44.44374847,33.41025543,1.373663094,50.83791733,4.226319313,1.22693335,147.8284729,2406.397705,4,1.495556982207453
CH_0000001,1989,1386.69,735.7,397.2,5.066666889,356.9999939,10.0646,46.4062,14.5836,2265.788904,4.212137222,15.82741708,15.4375,52.8125,20.4285717,1.56161,8.756666946,3.036250114,0.672800012,155.7416718,838.1781616,4,2.1765471517375947
CH_0000001,1990,1274.86,736.52,405.93,5.066666889,363.4199951,10.0646,46.4062,14.5836,2265.788904,4.212137222,15.82741708,15.4375,52.8125,20.4285717,1.56161,8.684167099,3.073750019,0.703966675,155.7858398,838.0941772,4,2.180511383565928
CH_0000001,1991,1185.4,711.38,394.74,5.066666889,347.8200012,10.0646,46.4062,14.5836,2265.788904,4.212137222,15.82741708,15.4375,52.8125,20.4285717,1.56161,9.756666946,3.036249876,0.712608337,156.8875061,834.6607056,4,2.0582531735774556
CH_0000001,1992,1166.22,704.54,403.92,5.066666889,352.8400024,10.0646,46.4062,14.5836,2265.788904,4.212137222,15.82741708,15.4375,52.8125,20.4285717,1.56161,9.943333626,3.078333378,0.717983337,157.4458344,832.8752319,4,2.0507989150715575
CH_0000001,1993,1140.66,703.51,410.22,5.066666889,358.7600037,10.0646,46.4062,14.5836,2265.788904,4.212137222,15.82741708,15.4375,52.8125,20.4285717,1.56161,9.991666794,3.255416632,0.719908337,158.7233368,828.0168701,4,2.091647113414907
CH_0000001,1994,1207.76,723.06,420.87,5.066666889,360.1899963,10.0646,46.4062,14.5836,2265.788904,4.212137222,15.82741708,15.4375,52.8125,20.4285717,1.56161,10.28833332,3.214166641,0.711733337,159.0408356,821.5789185,4,1.933416067537942
CH_0000001,1995,1230.13,723.07,405.09,5.066666889,354.7900024,10.0646,46.4062,14.5836,2265.788904,4.212137222,15.82741708,15.4375,52.8125,20.4285717,1.56161,10.46999989,3.167500019,0.691650012,158.6266693,834.7964355,4,2.028900766538722
CH_0000001,1996,1166.22,764.06,409.11,5.066666889,370.8600037,10.0646,46.4062,14.5836,2265.788904,4.212137222,15.82741708,15.4375,52.8125,20.4285717,1.56161,10.02000008,3.128749847,0.702200012,157.518335,849.7937988,4,2.2431122291536507
CH_0000001,1997,1140.66,739.8,407.29,5.066666889,359.6400024,10.0646,46.4062,14.5836,2265.788904,4.212137222,15.82741708,15.4375,52.8125,20.4285717,1.56161,9.690833282,3.135000229,0.724708337,158.7800049,859.6175537,4,2.0608373047655535
CH_0000001,1998,1095.93,732.91,404.63,5.066666889,354.3400024,10.0646,46.4062,14.5836,2265.788904,4.212137222,15.82741708,15.4375,52.8125,20.4285717,1.56161,9.409166718,3.207916737,0.738166675,159.2650024,889.3505493,4,2.002274763842092
CH_0000001,1999,1118.3,760.08,398.34,5.066666889,357.6300049,10.0646,46.4062,14.5836,2265.788904,4.212137222,15.82741708,15.4375,52.8125,20.4285717,1.56161,9.685833168,3.186666727,0.742991675,157.8075043,970.0260254,4,2.111297042955016
CH_0000001,2000,1211.07,789.85,411.23,5.066666889,373.1700012,10.0646,46.4062,14.5836,2265.788904,4.212137222,15.82741708,15.4375,52.8125,20.4285717,1.56161,10.1616663,3.189166546,0.759258337,157.8858368,988.5744385,4,2.198889516109297
CH_0000001,2001,1431.42,788.97,415.01,5.066666889,381.0700012,10.0646,46.4062,14.5836,2265.788904,4.212137222,15.82741708,15.4375,52.8125,20.4285717,1.56161,10.68249969,3.232083321,0.742833337,158.6350037,1020.226978,4,2.345785172951507
CH_0000001,2002,1364.32,830.52,413.49,5.066666889,388.6200012,10.0646,46.4062,14.5836,2265.788904,4.212137222,15.82741708,15.4375,52.8125,20.4285717,1.56161,11.15749989,3.122916698,0.733150012,155.9841705,1047.687976,4,2.5370568385042995
CH_0000001,2003,1319.59,800.54,424.46,5.066666889,376.8600037,10.0646,46.4062,14.5836,2265.788904,4.212137222,15.82741708,15.4375,52.8125,20.4285717,1.56161,11.07333317,3.08708334,0.728916675,157.9758392,1027.057568,4,2.03836662337486
CH_0000001,2004,1278.35,748.37,425.41,5.066666889,372.2400024,10.0646,46.4062,14.5836,2265.788904,4.212137222,15.82741708,15.4375,52.8125,20.4285717,1.56161,10.63500004,3.132500172,0.689108337,159.4241699,989.0167969,4,2.0480424808882045
CH_0000001,2005,1140.66,692.07,419.09,5.066666889,362.3100037,10.0646,46.4062,14.5836,2265.788904,4.212137222,15.82741708,15.4375,52.8125,20.4285717,1.56161,10.48833351,3.095416784,0.649791675,159.7475067,1040.944873,4,2.0762863096308246
CH_0000001,2006,894.64,656.82,419.6,5.066666889,350.4600037,10.0646,46.4062,14.5836,2265.788904,4.212137222,15.82741708,15.4375,52.8125,20.4285717,1.56161,10.32666702,3.169166565,0.620166675,160.6441742,1080.049438,4,1.9425896462206251
CH_0000001,2007,849.91,624.11,430.87,5.066666889,360.7500122,10.0646,46.4062,14.5836,2265.788904,4.212137222,15.82741708,15.4375,52.8125,20.4285717,1.56161,10.07333374,3.220416546,0.596958337,163.5791748,1139.296155,4,2.1168019136494296
CH_0000001,2008,919.52,680.49,418.86,5.066666889,377.880011,10.0646,46.4062,14.5836,2265.788904,4.212137222,15.82741708,15.4375,52.8125,20.4285717,1.56161,10.3758337,3.152916431,0.557008337,159.8666748,1220.972925,4,2.5132994676410623
CH_0000001,2009,961.74,700.29,432.71,5.066666889,384.830011,10.0646,46.4062,14.5836,2265.788904,4.212137222,15.82741708,15.4375,52.8125,20.4285717,1.56161,10.41083374,3.204999447,0.565991675,159.6725098,1236.0625,4,2.367162633874408
CH_0000001,2010,1073.57,734.04,429.08,5.066666889,384.9800049,10.0646,46.4062,14.5836,2265.788904,4.212137222,15.82741708,15.4375,52.8125,20.4285717,1.56161,10.43500042,3.142499924,0.546591669,157.599173,1250.205933,4,2.325649926693316
CH_0000001,2011,1185.4,740.6,444.78,5.066666889,405.2900085,10.0646,46.4062,14.5836,2265.788904,4.212137222,15.82741708,15.4375,52.8125,20.4285717,1.56161,10.2833334,3.122916698,0.562333331,157.9150055,1229.388965,4,2.5692096255303194
CH_0000001,2012,1278.35,751.92,448.29,5.066666889,405.6799988,10.0646,46.4062,14.5836,2265.788904,4.212137222,15.82741708,15.4375,52.8125,20.4285717,1.56161,10.30583344,3.195833206,0.561266669,156.6725006,1226.136743,4,2.4661736177765925
CH_0000001,2013,1297.23,736.86,449.11,5.066666889,391.6299927,10.0646,46.4062,14.5836,2265.788904,4.212137222,15.82741708,15.4375,52.8125,20.4285717,1.56161,10.31166687,3.163749933,0.570208331,155.8116638,1235.395801,4,2.1570860426850844
CH_0000001,2014,1364.32,747.59,433.42,5.066666889,389.1299988,10.0646,46.4062,14.5836,2265.788904,4.212137222,15.82741708,15.4375,52.8125,20.4285717,1.56161,10.68250027,3.154583454,0.567083331,153.8308258,1269.111768,4,2.313785385150799
CH_0000005,1989,536.05,826.33,382.82,2.441666675,356.3275146,10.1896,46.6562,53.521,2297.257704,4.847737471,23.60218655,18.16666603,53.45833206,18.90476227,1.587,10.57020855,3.238541842,0.862391687,153.430838,15897.69961,4,2.2589221425710475
CH_0000005,1990,518.95,832.49,392.66,2.441666675,366.8475159,10.1896,46.6562,53.521,2297.257704,4.847737471,23.60218655,18.16666603,53.45833206,18.90476227,1.587,10.62687492,3.299375057,0.848066687,153.4281281,16447.14199,4,2.339225634255677
CH_0000005,1991,513.24,804.07,379.41,2.441666675,350.3850098,10.1896,46.6562,53.521,2297.257704,4.847737471,23.60218655,18.16666603,53.45833206,18.90476227,1.587,11.59229164,3.228437424,0.817836133,154.3320831,16978.7707,4,2.2010448988009714
CH_0000005,1992,503.21,799.18,391.06,2.441666675,358.9800049,10.1896,46.6562,53.521,2297.257704,4.847737471,23.60218655,18.16666603,53.45833206,18.90476227,1.587,11.60208321,3.294062376,0.811397229,155.0518738,17517.16875,4,2.2013623240713898
CH_0000005,1993,518.95,790.54,395.92,2.441666675,364.4975037,10.1896,46.6562,53.521,2297.257704,4.847737471,23.60218655,18.16666603,53.45833206,18.90476227,1.587,11.65624981,3.45739603,0.802125,156.2256226,17716.35391,4,2.2766514322560356
CH_0000005,1994,541.76,814.61,405.43,2.441666675,369.7825012,10.1896,46.6562,53.521,2297.257704,4.847737471,23.60218655,18.16666603,53.45833206,18.90476227,1.587,11.78354168,3.418958426,0.815922217,156.6002045,17927.88359,4,2.1660375646576835
CH_0000005,1995,570.27,819.82,387.5,2.441666675,358.3449951,10.1896,46.6562,53.521,2297.257704,4.847737471,23.60218655,18.16666603,53.45833206,18.90476227,1.587,11.92770863,3.391145706,0.803522241,155.9714569,17987.53359,4,2.219232484696078
CH_0000005,1996,577.55,853.79,391.2,2.441666675,373.5224976,10.1896,46.6562,53.521,2297.257704,4.847737471,23.60218655,18.16666603,53.45833206,18.90476227,1.587,11.51812515,3.321979046,0.825480554,154.8841644,17962.44766,4,2.6239748880100344
CH_0000005,1997,581.68,826.45,388.41,2.441666675,364.9799988,10.1896,46.6562,53.521,2297.257704,4.847737471,23.60218655,18.16666603,53.45833206,18.90476227,1.587,11.48208351,3.326458454,0.870380566,155.9745819,17995.06875,4,2.4115152255494268
CH_0000005,1998,564.57,824.57,385.04,2.441666675,358.5850037,10.1896,46.6562,53.521,2297.257704,4.847737471,23.60218655,18.16666603,53.45833206,18.90476227,1.587,11.2958334,3.421041489,0.887363904,156.2993744,18326.2918,4,2.2798780738448134
CH_0000005,1999,604.49,864.09,378.82,2.441666675,356.3725037,10.1896,46.6562,53.521,2297.257704,4.847737471,23.60218655,18.16666603,53.45833206,18.90476227,1.587,11.47479172,3.391979218,0.888266687,154.6941711,18517.53672,4,2.296049828414318
CH_0000005,2000,640.45,887.46,391.7,2.441666675,370.2375061,10.1896,46.6562,53.521,2297.257704,4.847737471,23.60218655,18.16666603,53.45833206,18.90476227,1.587,11.89499989,3.398124933,0.895380566,154.9060455,19046.72031,4,2.3758284018366322
CH_0000005,2001,724.24,905.06,396.9,2.441666675,376.6725098,10.1896,46.6562,53.521,2297.257704,4.847737471,23.60218655,18.16666603,53.45833206,18.90476227,1.587,12.48916683,3.431978941,0.87874447,155.5404236,19603.08438,4,2.426351760859089
CH_0000005,2002,724.24,947.67,395.68,2.441666675,382.367511,10.1896,46.6562,53.521,2297.257704,4.847737471,23.60218655,18.16666603,53.45833206,18.90476227,1.587,12.68979187,3.315000057,0.842452795,153.1472961,20057.92109,4,2.6816615565609756
CH_0000005,2003,718.54,911.46,406.7,2.441666675,372.6450012,10.1896,46.6562,53.521,2297.257704,4.847737471,23.60218655,18.16666603,53.45833206,18.90476227,1.587,12.35166702,3.269895554,0.818411145,155.4681274,20498.06602,4,2.030319798993341
CH_0000005,2004,669.05,844.21,405.63,2.441666675,370.8850037,10.1896,46.6562,53.521,2297.257704,4.847737471,23.60218655,18.16666603,53.45833206,18.90476227,1.587,12.13437519,3.323958397,0.77359447,157.0424988,21070.82969,4,2.129001607466747
CH_0000005,2005,587.38,788.7,399.64,2.441666675,364.3725037,10.1896,46.6562,53.521,2297.257704,4.847737471,23.60218655,18.16666603,53.45833206,18.90476227,1.587,12.02041683,3.273645878,0.741786133,157.4397919,21446.89141,4,2.1952240618224836
CH_0000005,2006,507.54,740.44,399.12,2.441666675,356.3424988,10.1896,46.6562,53.521,2297.257704,4.847737471,23.60218655,18.16666603,53.45833206,18.90476227,1.587,11.76791668,3.368854046,0.715147241,158.4402069,21721.93164,4,2.1138952771743726
CH_0000005,2007,473.33,715.02,409.65,2.441666675,367.2299927,10.1896,46.6562,53.521,2297.257704,4.847737471,23.60218655,18.16666603,53.45833206,18.90476227,1.587,11.62999992,3.434062481,0.698302783,161.0524994,21968.15977,4,2.2725614105757206
CH_0000005,2008,514.65,770.68,400.25,2.441666675,381.6400024,10.1896,46.6562,53.521,2297.257704,4.847737471,23.60218655,18.16666603,53.45833206,18.90476227,1.587,12.01333332,3.354374886,0.65705,157.4047913,22279.16211,4,2.9098693254448897
CH_0000005,2009,530.35,794.5,414.1,2.441666675,388.2050049,10.1896,46.6562,53.521,2297.257704,4.847737471,23.60218655,18.16666603,53.45833206,18.90476227,1.587,11.96041679,3.390416622,0.656677771,157.134375,22506.57383,4,2.6048065715824045
CH_0000005,2010,575.97,822.57,407.96,2.441666675,385.2775024,10.1896,46.6562,53.521,2297.257704,4.847737471,23.60218655,18.16666603,53.45833206,18.90476227,1.587,12.07208347,3.336041451,0.641083337,155.1293732,22572.8168,4,2.6062991205521318
CH_0000005,2011,575.97,830.8,423.52,2.441666675,405.6500061,10.1896,46.6562,53.521,2297.257704,4.847737471,23.60218655,18.16666603,53.45833206,18.90476227,1.587,12.15770855,3.295208454,0.664300012,155.5110413,22553.94688,4,2.9599189349843362
CH_0000005,2012,611.86,841.2,428.28,2.441666675,409.0600098,10.1896,46.6562,53.521,2297.257704,4.847737471,23.60218655,18.16666603,53.45833206,18.90476227,1.587,12.23583355,3.381770611,0.654900024,154.4931274,22608.52656,4,2.8916446664445705
CH_0000005,2013,581.68,828.79,425.39,2.441666675,394.1275024,10.1896,46.6562,53.521,2297.257704,4.847737471,23.60218655,18.16666603,53.45833206,18.90476227,1.587,12.16937523,3.338854074,0.663772229,153.6262512,22459.56875,4,2.403112129924619
CH_0000005,2014,587.38,836.45,409.15,2.441666675,386.8475037,10.1896,46.6562,53.521,2297.257704,4.847737471,23.60218655,18.16666603,53.45833206,18.90476227,1.587,12.46854191,3.322395802,0.667261133,151.8889587,22170.55273,4,2.5938033895678383
CH_0000036,1989,1274.55,1192.28,349.27,4.356666565,339.0500061,9.8771,46.7771,44.6229,2409.95502,6.02800734,20.84631842,12.02083302,61.0625,10.69047642,3.636035919,13.73583317,3.628888845,0.996305554,154.3016663,14403.32012,4,2.1966272564669738
CH_0000036,1990,1252.7,1206.75,360.9,4.356666565,355.4333374,9.8771,46.7771,44.6229,2409.95502,6.02800734,20.84631842,12.02083302,61.0625,10.69047642,3.636035919,14.33472233,3.686111212,1.001369434,154.3155548,14686.50449,4,2.642894468484014
CH_0000036,1991,1223.57,1172.41,348.58,4.356666565,336.5966675,9.8771,46.7771,44.6229,2409.95502,6.02800734,20.84631842,12.02083302,61.0625,10.69047642,3.636035919,15.10027828,3.605555296,1.007997205,155.3994415,15014.31543,4,2.1157320620681848
CH_0000036,1992,1139.28,1165.71,361.14,4.356666565,349.1533325,9.8771,46.7771,44.6229,2409.95502,6.02800734,20.84631842,12.02083302,61.0625,10.69047642,3.636035919,15.10027828,3.673610926,1.002108301,156.181665,15380.9418,4,2.190768699336689
CH_0000036,1993,1128.89,1154.21,364.73,4.356666565,352.7466736,9.8771,46.7771,44.6229,2409.95502,6.02800734,20.84631842,12.02083302,61.0625,10.69047642,3.636035919,15.10027828,3.835000038,1.028677771,157.556665,15544.19492,4,2.224135070824711
CH_0000036,1994,1194.44,1197.97,374.62,4.356666565,362.6333435,9.8771,46.7771,44.6229,2409.95502,6.02800734,20.84631842,12.02083302,61.0625,10.69047642,3.636035919,15.10027828,3.808472395,1.039922205,157.7883331,15689.41289,4,2.2269958166256227
CH_0000036,1995,1259.98,1212.45,356.15,4.356666565,343.0700134,9.8771,46.7771,44.6229,2409.95502,6.02800734,20.84631842,12.02083302,61.0625,10.69047642,3.636035919,14.79944477,3.777222395,1.01784165,157.1005585,15846.01035,4,2.06030601311234
CH_0000036,1996,1248.83,1240.29,355.06,4.356666565,353.3400146,9.8771,46.7771,44.6229,2409.95502,6.02800734,20.84631842,12.02083302,61.0625,10.69047642,3.636035919,14.41666679,3.701527596,1.006622229,156.0483368,15906.43555,4,3.2986591540528027
CH_0000036,1997,1259.98,1209.72,350.96,4.356666565,345.3800171,9.8771,46.7771,44.6229,2409.95502,6.02800734,20.84631842,12.02083302,61.0625,10.69047642,3.636035919,14.2544445,3.702916384,1.00608335,157.2319458,15913.52852,4,2.563034163677812
CH_0000036,1998,1238.13,1199.57,349.33,4.356666565,343.6900208,9.8771,46.7771,44.6229,2409.95502,6.02800734,20.84631842,12.02083302,61.0625,10.69047642,3.636035919,14.2455555,3.806388617,0.981625012,157.5677826,16182.22188,4,2.5592769970903286
CH_0000036,1999,1267.27,1257.09,343.7,4.356666565,338.0533508,9.8771,46.7771,44.6229,2409.95502,6.02800734,20.84631842,12.02083302,61.0625,10.69047642,3.636035919,14.2455555,3.775416374,0.942294458,156.0133362,16429.32012,4,2.4540056333781677
CH_0000036,2000,1241.53,1288.1,356.38,4.356666565,352.160022,9.8771,46.7771,44.6229,2409.95502,6.02800734,20.84631842,12.02083302,61.0625,10.69047642,3.636035919,14.65555534,3.780833244,0.979141687,156.1797272,16716.18457,4,2.6708660428860744
CH_0000036,2001,1245.42,1332.34,365.08,4.356666565,360.8600281,9.8771,46.7771,44.6229,2409.95502,6.02800734,20.84631842,12.02083302,61.0625,10.69047642,3.636035919,15.20055561,3.816527605,0.970691687,156.495282,17151.6248,4,2.6701933912610563
CH_0000036,2002,1187.15,1386.93,363.22,4.356666565,362.860022,9.8771,46.7771,44.6229,2409.95502,6.02800734,20.84631842,12.02083302,61.0625,10.69047642,3.636035919,15.3627779,3.694999933,0.98381947,154.0563965,17479.58398,4,4.106227114198188
CH_0000036,2003,1194.44,1336.24,375.64,4.356666565,367.8466797,9.8771,46.7771,44.6229,2409.95502,6.02800734,20.84631842,12.02083302,61.0625,10.69047642,3.636035919,14.80388889,3.647916794,0.948308337,156.3975098,17728.20078,4,2.3521337999903955
CH_0000036,2004,1183.1,1235.04,374.67,4.356666565,366.880011,9.8771,46.7771,44.6229,2409.95502,6.02800734,20.84631842,12.02083302,61.0625,10.69047642,3.636035919,14.55611095,3.704860687,0.912613904,158.0697327,18084.19805,4,2.461418367559216
CH_0000036,2005,1150.74,1152.92,369.9,4.356666565,362.3133423,9.8771,46.7771,44.6229,2409.95502,6.02800734,20.84631842,12.02083302,61.0625,10.69047642,3.636035919,14.57194462,3.648471832,0.876605566,158.5661163,18383.78242,4,2.559731576354655
CH_0000036,2006,1158.02,1079.71,370.61,4.356666565,362.3833374,9.8771,46.7771,44.6229,2409.95502,6.02800734,20.84631842,12.02083302,61.0625,10.69047642,3.636035919,14.49777775,3.748749733,0.849580566,159.7177826,18417.13398,4,2.621561164479504
CH_0000036,2007,1172.59,1047.65,379.87,4.356666565,371.630011,9.8771,46.7771,44.6229,2409.95502,6.02800734,20.84631842,12.02083302,61.0625,10.69047642,3.636035919,14.49194431,3.812361002,0.827102783,162.3016693,18488.69297,4,2.741487681617367
CH_0000036,2008,1212.31,1126.06,368.74,4.356666565,368.0000061,9.8771,46.7771,44.6229,2409.95502,6.02800734,20.84631842,12.02083302,61.0625,10.69047642,3.636035919,15.05194435,3.727916479,0.827125024,158.6055542,18651.88242,4,4.260618045062562
CH_0000036,2009,1158.02,1157.85,382.27,4.356666565,379.2233398,9.8771,46.7771,44.6229,2409.95502,6.02800734,20.84631842,12.02083302,61.0625,10.69047642,3.636035919,14.95527763,3.757916451,0.830022241,158.3338898,18621.31055,4,3.274507267887462
CH_0000036,2010,1194.44,1194.28,374.05,4.356666565,371.0833374,9.8771,46.7771,44.6229,2409.95502,6.02800734,20.84631842,12.02083302,61.0625,10.69047642,3.636035919,14.96777763,3.704722166,0.816197241,156.3258362,18505.84609,4,3.1608911497378
CH_0000036,2011,1209.0,1203.72,386.48,4.356666565,384.156665,9.8771,46.7771,44.6229,2409.95502,6.02800734,20.84631842,12.02083302,61.0625,10.69047642,3.636035919,15.0419445,3.658055544,0.837122217,156.7561127,18169.65078,4,3.4099854830477816
CH_0000036,2012,1285.34,1215.32,392.86,4.356666565,390.5533264,9.8771,46.7771,44.6229,2409.95502,6.02800734,20.84631842,12.02083302,61.0625,10.69047642,3.636035919,15.04777794,3.748749733,0.824674988,155.780835,18061.20664,4,3.442995643414188
CH_0000036,2013,1267.27,1199.26,389.98,4.356666565,385.3166687,9.8771,46.7771,44.6229,2409.95502,6.02800734,20.84631842,12.02083302,61.0625,10.69047642,3.636035919,14.77222252,3.701944351,0.819169421,154.9591675,17848.36055,4,2.9546516923208195
CH_0000036,2014,1281.83,1210.96,373.7,4.356666565,371.3466675,9.8771,46.7771,44.6229,2409.95502,6.02800734,20.84631842,12.02083302,61.0625,10.69047642,3.636035919,15.11666718,3.687083006,0.824552771,153.2255554,17497.26406,4,3.2866708070026696
CN_0000171,1989,134.47,487.71,547.37,1.53675375,396.8562378,102.8187,36.3354,15571.88,3019.059731,3.512979079,23.62175136,17.73262024,36.54381943,43.13447571,1.64966087,16.67701797,2.692696571,0.745313379,178.0654114,30295.98711,4,2.6719288992172254
CN_0000171,1990,131.37,463.62,555.84,1.53675375,388.2910156,102.8187,36.3354,15571.88,3019.059731,3.512979079,23.62175136,17.73262024,36.54381943,43.13447571,1.64966087,16.9884552,2.770647764,0.749410864,178.6850189,31801.05547,4,2.6967297149518656
CN_0000171,1991,116.43,446.78,562.43,1.53675375,378.0138062,102.8187,36.3354,15571.88,3019.059731,3.512979079,23.62175136,17.73262024,36.54381943,43.13447571,1.64966087,15.66451283,2.737166643,0.744472192,177.8502472,33123.49141,4,2.613911431430907
CN_0000171,1992,114.39,464.93,551.19,1.53675375,386.500592,102.8187,36.3354,15571.88,3019.059731,3.512979079,23.62175136,17.73262024,36.54381943,43.13447571,1.64966087,16.68529263,2.776836157,0.740700818,176.9492737,33745.47188,4,2.662986972370058
CN_0000171,1993,110.81,458.08,552.09,1.53675375,383.9873901,102.8187,36.3354,15571.88,3019.059731,3.512979079,23.62175136,17.73262024,36.54381943,43.13447571,1.64966087,18.14332123,2.753702879,0.741750586,178.2707977,33532.82578,4,2.6845863858263503
CN_0000171,1994,89.62,441.72,564.88,1.53675375,380.7707886,102.8187,36.3354,15571.88,3019.059731,3.512979079,23.62175136,17.73262024,36.54381943,43.13447571,1.64966087,16.85456696,2.735242367,0.740994971,181.2321899,33112.39414,4,2.7620499429050183
CN_0000171,1995,86.7,445.42,556.23,1.53675375,375.5201599,102.8187,36.3354,15571.88,3019.059731,3.512979079,23.62175136,17.73262024,36.54381943,43.13447571,1.64966087,17.34122124,2.714408398,0.734407446,179.4467133,32828.9543,4,2.606541192343314
CN_0000171,1996,96.19,474.73,539.54,1.53675375,392.5503235,102.8187,36.3354,15571.88,3019.059731,3.512979079,23.62175136,17.73262024,36.54381943,43.13447571,1.64966087,20.46166611,2.837621927,0.740930774,177.9304382,33010.11055,4,2.79062339552455
CN_0000171,1997,93.12,461.16,550.95,1.53675375,391.5853455,102.8187,36.3354,15571.88,3019.059731,3.512979079,23.62175136,17.73262024,36.54381943,43.13447571,1.64966087,20.69072037,2.627592325,0.746260339,177.7541718,33923.21523,4,2.873192773367664
EC_0000004,1989,464.28,854.63,862.86,14.31784668,694.8578369,-78.9646,-2.8938,1251.365,3366.628721,3.422907925,31.99256523,23.86590958,43.15909195,31.01168823,2.146580475,113.2945663,3.228158236,1.451550708,167.9572693,37739.28359,4,3.273952989824921
EC_0000004,1990,479.55,894.82,858.02,14.31784668,711.0110229,-78.9646,-2.8938,1251.365,3366.628721,3.422907925,31.99256523,23.86590958,43.15909195,31.01168823,2.146580475,118.9378296,3.252658606,1.448975879,165.9836853,38487.20547,4,3.329177309871529
EC_0000004,1991,468.79,891.39,851.82,14.31784668,711.3752319,-78.9646,-2.8938,1251.365,3366.628721,3.422907925,31.99256523,23.86590958,43.15909195,31.01168823,2.146580475,121.3582245,3.232316494,1.434566504,163.6804718,39994.9625,4,3.4315046758411674
EC_0000004,1992,430.42,880.04,841.19,14.31784668,698.1308228,-78.9646,-2.8938,1251.365,3366.628721,3.422907925,31.99256523,23.86590958,43.15909195,31.01168823,2.146580475,119.1170746,3.220957994,1.455032544,161.7281403,41909.17891,4,3.330226314940579
EC_0000004,1993,428.49,918.88,835.41,14.31784668,698.4102051,-78.9646,-2.8938,1251.365,3366.628721,3.422907925,31.99256523,23.86590958,43.15909195,31.01168823,2.146580475,120.6241943,3.207408428,1.454986792,158.4803741,42951.34766,4,3.1051500475208744
EC_0000004,1994,428.49,949.25,842.23,14.31784668,719.3056152,-78.9646,-2.8938,1251.365,3366.628721,3.422907925,31.99256523,23.86590958,43.15909195,31.01168823,2.146580475,123.0086334,3.282616854,1.445465796,159.1463898,44189.23828,4,3.2732863469986437
EC_0000004,1995,398.2,951.91,844.07,14.31784668,719.291626,-78.9646,-2.8938,1251.365,3366.628721,3.422907925,31.99256523,23.86590958,43.15909195,31.01168823,2.146580475,125.0306381,3.199700356,1.445107153,161.0051361,46465.51797,4,3.2348175195310724
EC_0000004,1996,384.49,965.46,837.78,14.31784668,720.9674072,-78.9646,-2.8938,1251.365,3366.628721,3.422907925,31.99256523,23.86590958,43.15909195,31.01168823,2.146580475,128.4080383,3.2566998,1.457517627,161.6492157,49323.4625,4,3.2546406798704814
EC_0000004,1997,411.47,1028.43,819.79,14.31784668,720.673999,-78.9646,-2.8938,1251.365,3366.628721,3.422907925,31.99256523,23.86590958,43.15909195,31.01168823,2.146580475,134.2990021,3.263533115,1.424524072,159.5396454,52433.29453,4,3.113518896458607
EC_0000004,1998,399.71,1055.73,807.79,14.31784668,715.4877808,-78.9646,-2.8938,1251.365,3366.628721,3.422907925,31.99256523,23.86590958,43.15909195,31.01168823,2.146580475,139.9418152,3.305183649,1.4238604,159.7424255,56483.31875,4,3.030115211826909
EC_0000004,1999,396.7,1089.48,788.02,14.31784668,699.2733765,-78.9646,-2.8938,1251.365,3366.628721,3.422907925,31.99256523,23.86590958,43.15909195,31.01168823,2.146580475,142.7549316,3.170674801,1.431659497,157.4181946,58384.74297,4,2.8215790133805725
EC_0000004,2000,482.87,1159.12,778.11,14.31784668,708.7036011,-78.9646,-2.8938,1251.365,3366.628721,3.422907925,31.99256523,23.86590958,43.15909195,31.01168823,2.146580475,150.9961807,3.122116327,1.430360913,153.5768646,59045.95,4,2.914538219401452
EC_0000004,2001,493.56,1186.95,778.67,14.31784668,716.5900024,-78.9646,-2.8938,1251.365,3366.628721,3.422907925,31.99256523,23.86590958,43.15909195,31.01168823,2.146580475,154.4299347,3.16991663,1.432458765,149.8272186,59538.31406,4,2.996768024211965
EC_0000004,2002,476.29,1098.2,780.98,14.31784668,705.9394165,-78.9646,-2.8938,1251.365,3366.628721,3.422907925,31.99256523,23.86590958,43.15909195,31.01168823,2.146580475,150.720755,3.271499872,1.440872314,148.1900696,59526.96328,4,3.0218084185849525
EC_0000004,2003,444.51,1088.27,770.86,14.31784668,701.2178345,-78.9646,-2.8938,1251.365,3366.628721,3.422907925,31.99256523,23.86590958,43.15909195,31.01168823,2.146580475,150.0693054,3.230091333,1.44071106,144.0412201,59404.32109,4,3.1089484510029983
EC_0000004,2004,415.36,1030.27,775.29,14.31784668,702.3546631,-78.9646,-2.8938,1251.365,3366.628721,3.422907925,31.99256523,23.86590958,43.15909195,31.01168823,2.146580475,148.7429199,3.281816483,1.456150586,144.2039551,62141.34844,4,3.3234764059086217
EC_0000004,2005,369.67,947.18,774.34,14.31784668,686.1536377,-78.9646,-2.8938,1251.365,3366.628721,3.422907925,31.99256523,23.86590958,43.15909195,31.01168823,2.146580475,142.148967,3.251041651,1.48319126,144.897287,65741.98281,4,3.384548770666892
EC_0000007,1989,120.9,753.46,991.5,13.78500099,704.7724976,-78.2104,0.3771,671.6504,2990.897455,6.651893175,40.42232439,9.43253994,52.1428566,38.22902679,1.126896542,68.27485428,2.654181242,1.80340625,172.3749207,14145.75332,4,4.153207391807011
EC_0000007,1990,120.44,778.03,989.9,13.78500099,714.8710693,-78.2104,0.3771,671.6504,2990.897455,6.651893175,40.42232439,9.43253994,52.1428566,38.22902679,1.126896542,70.26911087,2.65084815,1.79075813,171.7793793,14477.73398,4,3.8985218093363736
EC_0000007,1991,164.12,760.45,984.7,13.78500099,699.8464233,-78.2104,0.3771,671.6504,2990.897455,6.651893175,40.42232439,9.43253994,52.1428566,38.22902679,1.126896542,68.8549736,2.620104074,1.773985254,170.2922058,14912.03574,4,3.81656809258886
EC_0000007,1992,246.16,801.06,976.41,13.78500099,706.6046387,-78.2104,0.3771,671.6504,2990.897455,6.651893175,40.42232439,9.43253994,52.1428566,38.22902679,1.126896542,75.44646072,2.651934385,1.810041138,168.5907745,15590.03457,4,3.325466406580274
EC_0000007,1993,256.52,793.64,976.44,13.78500099,702.3328369,-78.2104,0.3771,671.6504,2990.897455,6.651893175,40.42232439,9.43253994,52.1428566,38.22902679,1.126896542,76.27419815,2.624106884,1.804744165,168.6384186,15900.83262,4,3.3270204792015434
EC_0000007,1994,251.0,823.65,979.01,13.78500099,706.6171387,-78.2104,0.3771,671.6504,2990.897455,6.651893175,40.42232439,9.43253994,52.1428566,38.22902679,1.126896542,77.18003159,2.67657733,1.79688479,168.7171112,16460.06387,4,3.034021713572104
EC_0000007,1995,260.65,817.31,973.98,13.78500099,712.1414185,-78.2104,0.3771,671.6504,2990.897455,6.651893175,40.42232439,9.43253994,52.1428566,38.22902679,1.126896542,85.97074585,2.635610104,1.808820874,168.9119049,17182.45098,4,3.2528576653996786
EC_0000007,1996,238.32,814.69,971.16,13.78500099,719.7949951,-78.2104,0.3771,671.6504,2990.897455,6.651893175,40.42232439,9.43253994,52.1428566,38.22902679,1.126896542,89.64452667,2.664270639,1.831152393,169.8912781,18315.40078,4,3.493488156823948
LA_0000002,1989,406.07,1158.0,924.43,14.0583334,717.7773193,102.1312,19.8937,282125.3,2243.665765,3.933062218,26.53838821,27.37145424,35.7211113,33.58895111,1.535029525,126.8910019,1.956779838,2.504288721,183.0916229,3856.995459,4,1.9618721029380588
LA_0000002,1990,396.42,1166.09,923.16,14.0583334,722.2752319,102.1312,19.8937,282125.3,2243.665765,3.933062218,26.53838821,27.37145424,35.7211113,33.58895111,1.535029525,129.6480392,1.883116603,2.51432876,182.8275787,4053.232568,4,1.9874435743122498
LA_0000002,1991,418.63,1203.32,912.39,14.0583334,724.3994141,102.1312,19.8937,282125.3,2243.665765,3.933062218,26.53838821,27.37145424,35.7211113,33.58895111,1.535029525,131.9229691,1.941048503,2.497781201,180.6029968,4208.828223,4,1.9781534174314561
LA_0000002,1992,405.2,1202.39,910.48,14.0583334,731.7384399,102.1312,19.8937,282125.3,2243.665765,3.933062218,26.53838821,27.37145424,35.7211113,33.58895111,1.535029525,133.2631653,1.917677045,2.489074756,180.9415375,4378.759082,4,2.0505095311529717
LA_0000002,1993,402.3,1190.11,906.17,14.0583334,726.5209595,102.1312,19.8937,282125.3,2243.665765,3.933062218,26.53838821,27.37145424,35.7211113,33.58895111,1.535029525,132.3552856,1.929047704,2.48897207,181.0651672,4617.332031,4,2.0478856433364188
US_0004371,2001,248.0407072,323.9966667,744.197229,5.202752816,302.2628937,-112.5560917,45.4400944,3985.917,2142.032568,3.247351857,22.43916883,15.24356651,53.1749382,29.83241463,1.672513469,13.32791252,3.222061682,0.86698418,165.4530914,10722.19043,4,2.1789103150422715
US_0004371,2002,265.6560819,307.977598,753.3237915,5.202752816,285.6175507,-112.5560917,45.4400944,3985.917,2142.032568,3.247351857,22.43916883,15.24356651,53.1749382,29.83241463,1.672513469,11.54457092,3.222607803,0.8655,167.419104,10784.06816,4,2.0187995900261018
US_0004371,2003,240.5456267,287.512402,777.8513306,5.202752816,267.8410339,-112.5560917,45.4400944,3985.917,2142.032568,3.247351857,22.43916883,15.24356651,53.1749382,29.83241463,1.672513469,11.18036785,3.25157795,0.858340674,169.1145203,10994.70781,4,1.9295571229576722
US_0004371,2004,204.6938743,302.607598,780.4417236,5.202752816,280.0439209,-112.5560917,45.4400944,3985.917,2142.032568,3.247351857,22.43916883,15.24356651,53.1749382,29.83241463,1.672513469,10.66393414,3.222963524,0.869524084,167.8011505,11297.78789,4,1.9272394918917524
US_0004371,2005,208.0179176,319.5593627,769.8360474,5.202752816,290.8366241,-112.5560917,45.4400944,3985.917,2142.032568,3.247351857,22.43916883,15.24356651,53.1749382,29.83241463,1.672513469,10.96066246,3.220496225,0.879888342,166.7828857,11393.30488,4,1.8721024968792515
US_0004371,2006,234.0460002,329.157598,764.6366211,5.202752816,298.0481476,-112.5560917,45.4400944,3985.917,2142.032568,3.247351857,22.43916883,15.24356651,53.1749382,29.83241463,1.672513469,12.60283165,3.256727457,0.880111377,166.4535919,17498.63984,4,1.879412912355764
US_0004371,2007,232.0722369,333.6196078,791.7151001,5.202752816,300.4458405,-112.5560917,45.4400944,3985.917,2142.032568,3.247351857,22.43916883,15.24356651,53.1749382,29.83241463,1.672513469,13.50478001,3.283676052,0.886786926,166.4981628,24330.43223,4,1.811715003204052
US_0004371,2008,244.8763585,334.1151471,781.6480957,5.202752816,304.8896118,-112.5560917,45.4400944,3985.917,2142.032568,3.247351857,22.43916883,15.24356651,53.1749382,29.83241463,1.672513469,12.95413857,3.325161791,0.87997572,166.4259369,31057.70391,4,1.932493714212997
US_0004371,2009,287.2454669,336.2442647,775.5536865,5.202752816,306.2545166,-112.5560917,45.4400944,3985.917,2142.032568,3.247351857,22.43916883,15.24356651,53.1749382,29.83241463,1.672513469,13.52471447,3.340419149,0.861156335,167.1532166,37638.45469,4,1.9361609461456126
US_0004371,2010,313.2205022,351.0230882,761.5936768,5.202752816,312.7233887,-112.5560917,45.4400944,3985.917,2142.032568,3.247351857,22.43916883,15.24356651,53.1749382,29.83241463,1.672513469,14.2549715,3.339250422,0.841738208,166.9098389,38291.4377,4,1.8509492713087532
US_0004371,2011,358.4848885,361.6990196,739.6624512,5.202752816,313.668634,-112.5560917,45.4400944,3985.917,2142.032568,3.247351857,22.43916883,15.24356651,53.1749382,29.83241463,1.672513469,14.79281445,3.366981554,0.823360095,165.717926,37905.45879,4,1.7572055272924012
US_0004371,2012,374.7123082,353.195,738.9358887,5.202752816,305.866333,-112.5560917,45.4400944,3985.917,2142.032568,3.247351857,22.43916883,15.24356651,53.1749382,29.83241463,1.672513469,15.01456299,3.392556715,0.802787146,165.8769623,38134.23691,4,1.7203855258920882
US_0004371,2013,343.7448107,353.9078431,732.9658325,5.202752816,313.6299622,-112.5560917,45.4400944,3985.917,2142.032568,3.247351857,22.43916883,15.24356651,53.1749382,29.83241463,1.672513469,14.86933022,3.363199711,0.807115686,166.0187286,37838.15957,4,1.8782457830212798
US_0004371,2014,348.6993116,363.3331373,740.477002,5.202752816,312.9394226,-112.5560917,45.4400944,3985.917,2142.032568,3.247351857,22.43916883,15.24356651,53.1749382,29.83241463,1.672513469,14.41519203,3.376017523,0.81084292,165.9738739,37381.30723,4,1.7226651146899805
US_0004371,2015,330.5330231,338.9331863,765.5589233,5.202752816,304.0717224,-112.5560917,45.4400944,3985.917,2142.032568,3.247351857,22.43916883,15.24356651,53.1749382,29.83241463,1.672513469,13.91909733,3.357209444,0.825444238,166.181369,44361.98984,4,1.8471612837224771
US_0004459,1992,400.780568,585.2857143,679.9666626,2.426782692,411.4385681,-110.164775,44.86898889,275.8636,2577.51154,4.952919492,21.21363828,20.67499924,36.2142868,41.06071472,1.457223852,37.89182701,3.878317499,0.578743823,159.0287354,809.5600708,4,1.6393567686561459
US_0004459,1993,486.2461786,615.8661905,631.0371216,2.426782692,438.5190491,-110.164775,44.86898889,275.8636,2577.51154,4.952919492,21.21363828,20.67499924,36.2142868,41.06071472,1.457223852,41.50067596,3.838551664,0.574249304,155.557666,814.3382813,4,1.9711389634794179
US_0004459,1994,455.7876475,604.297619,648.3114136,2.426782692,439.9980896,-110.164775,44.86898889,275.8636,2577.51154,4.952919492,21.21363828,20.67499924,36.2142868,41.06071472,1.457223852,42.8842865,3.829134989,0.577173816,157.9623047,824.1198486,4,1.9734834956668041
US_0004459,1995,456.2311363,645.9057143,636.7095215,2.426782692,448.5066589,-110.164775,44.86898889,275.8636,2577.51154,4.952919492,21.21363828,20.67499924,36.2142868,41.06071472,1.457223852,44.46150894,3.838230181,0.576983081,157.1510376,845.6114746,4,1.9388180363402137
US_0004459,1996,496.5940213,653.437619,650.7638184,2.426782692,441.562854,-110.164775,44.86898889,275.8636,2577.51154,4.952919492,21.21363828,20.67499924,36.2142868,41.06071472,1.457223852,44.78575516,3.909126997,0.573519031,159.1605621,874.222644,4,1.777880261154027
US_0004459,1997,530.9140078,670.7685714,631.0266846,2.426782692,446.8233398,-110.164775,44.86898889,275.8636,2577.51154,4.952919492,21.21363828,20.67499924,36.2142868,41.06071472,1.457223852,44.71849213,3.954900742,0.566389246,159.186554,897.5285156,4,1.849077277092409
US_0004459,1998,525.1049471,673.4990476,640.5909668,2.426782692,437.6500061,-110.164775,44.86898889,275.8636,2577.51154,4.952919492,21.21363828,20.67499924,36.2142868,41.06071472,1.457223852,43.95277863,3.957011843,0.565472083,160.7889313,916.5161987,4,1.7094347434242503
US_0004459,1999,563.850704,665.9371429,623.3966675,2.426782692,431.4295349,-110.164775,44.86898889,275.8636,2577.51154,4.952919492,21.21363828,20.67499924,36.2142868,41.06071472,1.457223852,42.75984192,3.99217062,0.562124487,160.4723877,943.6328003,4,1.7322533894351593
US_0004459,2000,561.5983564,638.8914286,648.943811,2.426782692,418.4961975,-110.164775,44.86898889,275.8636,2577.51154,4.952919492,21.21363828,20.67499924,36.2142868,41.06071472,1.457223852,40.52571487,3.984904766,0.562430225,162.6983368,953.9401611,4,1.6088889196887723
US_0004459,2001,492.0362867,594.7109524,664.627124,2.426782692,432.0133423,-110.164775,44.86898889,275.8636,2577.51154,4.952919492,21.21363828,20.67499924,36.2142868,41.06071472,1.457223852,39.84920578,3.93478961,0.567954773,163.977066,959.05177,4,1.8616750576078651
US_0004459,2002,449.0686172,555.2828571,667.6071289,2.426782692,405.2333374,-110.164775,44.86898889,275.8636,2577.51154,4.952919492,21.21363828,20.67499924,36.2142868,41.06071472,1.457223852,37.22047653,3.94969039,0.575039795,166.2788483,971.7633911,4,1.7337265983856691
US_0004459,2003,452.8487796,536.0061905,694.6666626,2.426782692,389.6676208,-110.164775,44.86898889,275.8636,2577.51154,4.952919492,21.21363828,20.67499924,36.2142868,41.06071472,1.457223852,35.45111084,3.988130808,0.570458862,167.289325,986.5308716,4,1.5926936270095664
US_0004459,2004,431.4689458,530.3771429,692.2680908,2.426782692,406.1014282,-110.164775,44.86898889,275.8636,2577.51154,4.952919492,21.21363828,20.67499924,36.2142868,41.06071472,1.457223852,35.69000015,3.96508708,0.566493848,166.3542023,993.9778076,4,1.8035113464222614
US_0004459,2005,414.2716911,540.4980952,680.4171265,2.426782692,416.8871521,-110.164775,44.86898889,275.8636,2577.51154,4.952919492,21.21363828,20.67499924,36.2142868,41.06071472,1.457223852,36.27607193,3.969622755,0.562739551,165.5774567,1044.577051,4,1.9136803428601292
US_0004459,2006,445.6679376,550.9385714,676.8357178,2.426782692,407.8004883,-110.164775,44.86898889,275.8636,2577.51154,4.952919492,21.21363828,20.67499924,36.2142868,41.06071472,1.457223852,37.09912796,4.024848938,0.55513811,165.4267456,1094.30083,4,1.7570471284796452
US_0004459,2007,438.2463915,554.26,701.0680908,2.426782692,411.6819214,-110.164775,44.86898889,275.8636,2577.51154,4.952919492,21.21363828,20.67499924,36.2142868,41.06071472,1.457223852,38.23948517,4.038170338,0.546428564,165.368689,1148.290271,4,1.7196249698301203
US_0004459,2008,498.1829512,565.6547619,688.7961792,2.426782692,422.0247742,-110.164775,44.86898889,275.8636,2577.51154,4.952919492,21.21363828,20.67499924,36.2142868,41.06071472,1.457223852,37.77559662,4.077218056,0.529103558,165.4482544,1184.560864,4,1.8113772896728926
US_0004521,1993,332.6919792,545.9643434,647.9960693,2.414697601,400.7042725,-109.4304399,44.46967158,1799.869,2607.812596,5.353018646,21.00467407,20.10645866,38.88696289,38.8486824,1.487249382,27.76033707,3.718303871,0.481827991,160.4440887,679.0003174,4,1.7842831508872434
US_0004521,1994,367.0754926,537.6932323,663.9909912,2.414697601,397.4771973,-109.4304399,44.46967158,1799.869,2607.812596,5.353018646,21.00467407,20.10645866,38.88696289,38.8486824,1.487249382,28.37951317,3.707686901,0.484373834,162.5635681,677.0390259,4,1.7415553705059614
US_0004521,1995,384.723113,575.8425253,649.9022949,2.414697601,400.8013428,-109.4304399,44.46967158,1799.869,2607.812596,5.353018646,21.00467407,20.10645866,38.88696289,38.8486824,1.487249382,29.671381,3.712981558,0.482256128,161.6559479,688.5214478,4,1.6509542161165616
US_0004521,1996,415.513091,582.1269697,663.1683594,2.414697601,391.7841614,-109.4304399,44.46967158,1799.869,2607.812596,5.353018646,21.00467407,20.10645866,38.88696289,38.8486824,1.487249382,29.88777122,3.784644938,0.482591339,163.3919159,709.9832397,4,1.513624828800534
US_0004521,1997,476.9321444,611.2592929,637.7353271,2.414697601,401.6777954,-109.4304399,44.46967158,1799.869,2607.812596,5.353018646,21.00467407,20.10645866,38.88696289,38.8486824,1.487249382,30.06405029,3.828234148,0.481865906,163.1618408,740.9605713,4,1.5727657750964295
US_0004521,1998,479.6325327,623.4318182,642.7242188,2.414697601,397.2841553,-109.4304399,44.46967158,1799.869,2607.812596,5.353018646,21.00467407,20.10645866,38.88696289,38.8486824,1.487249382,30.08380547,3.828099394,0.483378601,164.446167,779.3031494,4,1.4885487843514889
US_0004521,1999,521.6841692,622.9264646,626.9659424,2.414697601,395.7398132,-109.4304399,44.46967158,1799.869,2607.812596,5.353018646,21.00467407,20.10645866,38.88696289,38.8486824,1.487249382,29.85788689,3.856627131,0.481294373,164.0786194,826.8941528,4,1.5170804454560158
US_0004521,2000,497.4873814,592.090404,656.3607056,2.414697601,386.8526306,-109.4304399,44.46967158,1799.869,2607.812596,5.353018646,21.00467407,20.10645866,38.88696289,38.8486824,1.487249382,28.14433556,3.85251174,0.484026764,166.4147461,855.2148193,4,1.4586225696673436
US_0004521,2001,423.9631679,548.2463636,675.1017334,2.414697601,395.4649597,-109.4304399,44.46967158,1799.869,2607.812596,5.353018646,21.00467407,20.10645866,38.88696289,38.8486824,1.487249382,27.27966347,3.797767591,0.487465204,167.6908173,891.6283203,4,1.6430050720905027
US_0004521,2002,361.5004461,509.2913131,681.175769,2.414697601,367.1462891,-109.4304399,44.46967158,1799.869,2607.812596,5.353018646,21.00467407,20.10645866,38.88696289,38.8486824,1.487249382,25.94487343,3.811867857,0.489003998,170.0118195,915.7681152,4,1.5175744248311553
US_0004521,2003,360.3191761,478.6723232,710.5275757,2.414697601,349.1262817,-109.4304399,44.46967158,1799.869,2607.812596,5.353018646,21.00467407,20.10645866,38.88696289,38.8486824,1.487249382,24.75379677,3.854557323,0.484422571,171.0461273,931.0873657,4,1.4273980547987304
US_0004521,2004,326.8796173,470.750404,707.0589844,2.414697601,363.0616272,-109.4304399,44.46967158,1799.869,2607.812596,5.353018646,21.00467407,20.10645866,38.88696289,38.8486824,1.487249382,24.49085999,3.829985762,0.489634552,170.2216492,934.0275391,4,1.610407205175908
US_0004521,2005,328.3016552,480.5656566,693.7446533,2.414697601,372.0017212,-109.4304399,44.46967158,1799.869,2607.812596,5.353018646,21.00467407,20.10645866,38.88696289,38.8486824,1.487249382,24.89516945,3.826853561,0.489676886,169.5691437,956.0301758,4,1.6835846306001618
US_0004521,2006,352.8696512,484.5635354,688.9231323,2.414697601,363.7796021,-109.4304399,44.46967158,1799.869,2607.812596,5.353018646,21.00467407,20.10645866,38.88696289,38.8486824,1.487249382,25.39813194,3.86905551,0.48553689,169.4834229,962.4015747,4,1.5807833030657696
US_0004521,2007,344.2304625,487.9833333,712.2573853,2.414697601,371.8768555,-109.4304399,44.46967158,1799.869,2607.812596,5.353018646,21.00467407,20.10645866,38.88696289,38.8486824,1.487249382,25.81523666,3.875831509,0.481088525,169.39711,974.8503296,4,1.602346288033014
US_0004521,2008,375.112636,502.219798,699.4387085,2.414697601,379.2205994,-109.4304399,44.46967158,1799.869,2607.812596,5.353018646,21.00467407,20.10645866,38.88696289,38.8486824,1.487249382,25.74123802,3.909930849,0.470509338,169.6866425,988.204834,4,1.6332080325399427
US_0004521,2009,416.5110155,515.189899,693.0714478,2.414697601,367.8226196,-109.4304399,44.46967158,1799.869,2607.812596,5.353018646,21.00467407,20.10645866,38.88696289,38.8486824,1.487249382,26.3524498,3.914003229,0.454080182,170.1259705,998.0248535,4,1.477565981844071
US_0004521,2010,425.6124778,507.6670707,680.0662842,2.414697601,353.1154541,-109.4304399,44.46967158,1799.869,2607.812596,5.353018646,21.00467407,20.10645866,38.88696289,38.8486824,1.487249382,26.18074951,3.912334919,0.440851587,170.3839996,1005.700244,4,1.4021811489882539
US_0004521,2011,479.613912,534.3770707,657.1983887,2.414697601,350.6905029,-109.4304399,44.46967158,1799.869,2607.812596,5.353018646,21.00467407,20.10645866,38.88696289,38.8486824,1.487249382,26.0489315,3.929892206,0.425761951,169.0683258,1008.982776,4,1.3394240041652963
US_0004521,2012,498.0280813,503.5472727,664.3958618,2.414697601,330.1177795,-109.4304399,44.46967158,1799.869,2607.812596,5.353018646,21.00467407,20.10645866,38.88696289,38.8486824,1.487249382,25.72702103,3.953609371,0.423318848,169.577063,1005.851001,4,1.2631210003984001
US_0004521,2013,464.3923291,507.2634343,655.7505005,2.414697601,328.9854553,-109.4304399,44.46967158,1799.869,2607.812596,5.353018646,21.00467407,20.10645866,38.88696289,38.8486824,1.487249382,28.29367065,3.919525099,0.429751538,169.5057007,995.712439,4,1.257815714211306
US_0004521,2014,477.5558471,519.1836364,665.3146362,2.414697601,337.3394043,-109.4304399,44.46967158,1799.869,2607.812596,5.353018646,21.00467407,20.10645866,38.88696289,38.8486824,1.487249382,30.88702011,3.944183397,0.436524994,169.4937988,975.8982788,4,1.2708052874940563
US_0004521,2015,475.2494713,515.9271717,683.2652466,2.414697601,348.0783875,-109.4304399,44.46967158,1799.869,2607.812596,5.353018646,21.00467407,20.10645866,38.88696289,38.8486824,1.487249382,30.91088371,3.91433754,0.455394183,168.9344727,951.1359497,4,1.3305512596635014
US_0004521,2016,362.9819187,515.2187879,701.1709106,2.414697601,366.2819214,-109.4304399,44.46967158,1799.869,2607.812596,5.353018646,21.00467407,20.10645866,38.88696289,38.8486824,1.487249382,31.23186836,3.894291162,0.473880505,169.6490173,941.7995605,4,1.4494810385117998
US_0004905,1990,75.89233813,491.6945455,922.1645874,4.83519817,442.1895386,-105.17325,39.65202778,462.6931,2649.624672,4.047414838,20.70237199,14.71818161,59.33863449,24.44545364,2.203417682,16.42746372,4.171935463,0.997792041,185.017572,53300.60859,4,2.1582022727426478
US_0004905,1991,74.48432674,501.5213636,915.5349976,4.83519817,439.460907,-105.17325,39.65202778,462.6931,2649.624672,4.047414838,20.70237199,14.71818161,59.33863449,24.44545364,2.203417682,15.47329655,4.16688633,1.00239613,185.6636353,53457.18047,4,1.9934616266549616
US_0004905,1992,51.62143411,486.1627273,925.9586304,4.83519817,435.8422791,-105.17325,39.65202778,462.6931,2649.624672,4.047414838,20.70237199,14.71818161,59.33863449,24.44545364,2.203417682,15.12329578,4.174647617,1.010850098,185.3738251,53383.65859,4,2.1018187628633465
US_0004905,1993,44.10673013,497.4586364,903.5909302,4.83519817,443.5018188,-105.17325,39.65202778,462.6931,2649.624672,4.047414838,20.70237199,14.71818161,59.33863449,24.44545364,2.203417682,15.54825783,4.158049011,1.007763,185.0074677,53955.52656,4,2.1409036593774586
US_0004905,1994,47.44327267,496.42,890.260437,4.83519817,440.9809204,-105.17325,39.65202778,462.6931,2649.624672,4.047414838,20.70237199,14.71818161,59.33863449,24.44545364,2.203417682,15.85053082,4.144689274,1.005504858,185.1454651,54727.89219,4,2.134042340848879
US_0004905,1995,74.40264081,501.4895455,863.4740479,4.83519817,433.5168213,-105.17325,39.65202778,462.6931,2649.624672,4.047414838,20.70237199,14.71818161,59.33863449,24.44545364,2.203417682,16.41833401,4.120162678,1.008783643,184.4894409,55850.37188,4,1.9977136032141227
US_0004905,1996,71.71876401,495.5472727,871.0136475,4.83519817,429.7704529,-105.17325,39.65202778,462.6931,2649.624672,4.047414838,20.70237199,14.71818161,59.33863449,24.44545364,2.203417682,16.616819,4.151727009,1.010565454,184.9257996,57056.91797,4,1.9843126397255255
US_0004905,1997,85.46422734,531.3372727,835.848645,4.83519817,453.6672729,-105.17325,39.65202778,462.6931,2649.624672,4.047414838,20.70237199,14.71818161,59.33863449,24.44545364,2.203417682,17.16450844,4.162859726,1.015783142,185.154248,58202.2125,4,2.081363315444339
US_0004905,1998,114.8025719,531.4122727,827.90271,4.83519817,456.3681824,-105.17325,39.65202778,462.6931,2649.624672,4.047414838,20.70237199,14.71818161,59.33863449,24.44545364,2.203417682,17.76507645,4.132049179,1.022764026,186.1608734,58814.19063,4,2.145457247894406
US_0004905,1999,136.073684,549.0477273,820.6759399,4.83519817,469.9318054,-105.17325,39.65202778,462.6931,2649.624672,4.047414838,20.70237199,14.71818161,59.33863449,24.44545364,2.203417682,17.93435669,4.142401314,1.025489478,186.1773529,60028.90234,4,2.2124954533177243
US_0004905,2000,102.5856423,522.9304545,848.0595947,4.83519817,457.8868042,-105.17325,39.65202778,462.6931,2649.624672,4.047414838,20.70237199,14.71818161,59.33863449,24.44545364,2.203417682,16.16227322,4.154310513,1.021362964,187.826181,61471.09766,4,2.216784043203627
US_0004905,2001,98.96324482,513.1131818,852.0232178,4.83519817,457.1895386,-105.17325,39.65202778,462.6931,2649.624672,4.047414838,20.70237199,14.71818161,59.33863449,24.44545364,2.203417682,16.73295498,4.10339756,1.02649314,187.2876251,63155.91797,4,2.3244473861213915
US_0004905,2002,77.14351163,441.4177273,879.3963867,4.83519817,403.785437,-105.17325,39.65202778,462.6931,2649.624672,4.047414838,20.70237199,14.71818161,59.33863449,24.44545364,2.203417682,14.39469738,4.111639977,1.022315881,189.6067932,65087.80781,4,2.2113508935128015
US_0004905,2003,49.67286902,437.595,910.2213867,4.83519817,394.335437,-105.17325,39.65202778,462.6931,2649.624672,4.047414838,20.70237199,14.71818161,59.33863449,24.44545364,2.203417682,13.60621243,4.124765015,1.01648053,189.7581207,66675.95313,4,1.998949466488025
US_0004905,2004,33.14932153,440.2213636,914.8213623,4.83519817,398.1818054,-105.17325,39.65202778,462.6931,2649.624672,4.047414838,20.70237199,14.71818161,59.33863449,24.44545364,2.203417682,13.05598507,4.116446877,1.016463562,188.9668274,68051.76719,4,2.0318943367430116
US_0004905,2005,41.4698797,447.0181818,907.7054443,4.83519817,404.531366,-105.17325,39.65202778,462.6931,2649.624672,4.047414838,20.70237199,14.71818161,59.33863449,24.44545364,2.203417682,13.89840927,4.113079453,1.027580701,188.6875092,69239.84375,4,2.0739981410787935
US_0004905,2006,38.3350087,460.2227273,916.2099731,4.83519817,409.0381836,-105.17325,39.65202778,462.6931,2649.624672,4.047414838,20.70237199,14.71818161,59.33863449,24.44545364,2.203417682,12.90518913,4.152299118,1.036082507,189.2436829,70123.80625,4,1.9581430665976811
US_0004905,2007,62.43773765,499.4277273,921.633606,4.83519817,435.7609131,-105.17325,39.65202778,462.6931,2649.624672,4.047414838,20.70237199,14.71818161,59.33863449,24.44545364,2.203417682,14.7508709,4.159852028,1.047965234,188.002655,70889.37188,4,1.9449223462346739
US_0004905,2008,60.9219567,493.5522727,914.2108765,4.83519817,436.4495544,-105.17325,39.65202778,462.6931,2649.624672,4.047414838,20.70237199,14.71818161,59.33863449,24.44545364,2.203417682,14.3151516,4.203878498,1.055815259,188.9282959,73102.78281,4,2.0377980168771757
US_0004905,2009,59.49920847,495.2395455,907.0740601,4.83519817,434.4490967,-105.17325,39.65202778,462.6931,2649.624672,4.047414838,20.70237199,14.71818161,59.33863449,24.44545364,2.203417682,14.85083332,4.228768635,1.070548169,189.4002655,74159.45781,4,1.9961755354250201
US_0004914,1998,296.7791247,706.3488889,550.3933411,0.807478647,396.6466736,-105.7002821,39.68720955,38.30527,3484.943164,3.675482829,20.52908706,11.75,62.21875,23.84375,1.791396499,27.9427784,5.076018524,0.583441663,181.4161194,10428.06777,4,1.5747912292546704
US_0004914,1999,356.219275,724.3577778,532.2688782,0.807478647,406.2422302,-105.7002821,39.68720955,38.30527,3484.943164,3.675482829,20.52908706,11.75,62.21875,23.84375,1.791396499,29.50037117,5.082963085,0.586208325,181.5198212,10701.86914,4,1.7150979063050782
US_0004914,2000,331.091265,695.8244444,566.3799988,0.807478647,421.6466675,-105.7002821,39.68720955,38.30527,3484.943164,3.675482829,20.52908706,11.75,62.21875,23.84375,1.791396499,29.13648186,5.095592785,0.588374988,183.1590759,10999.42422,4,1.7836096120870815
US_0004914,2001,372.5345601,669.2,566.2377747,0.807478647,421.3244385,-105.7002821,39.68720955,38.30527,3484.943164,3.675482829,20.52908706,11.75,62.21875,23.84375,1.791396499,29.13277817,5.039944744,0.58539165,182.6187012,11410.4127,4,1.8598883809522315
US_0004914,2002,327.1806707,585.7422222,582.6600098,0.807478647,398.2866638,-105.7002821,39.68720955,38.30527,3484.943164,3.675482829,20.52908706,11.75,62.21875,23.84375,1.791396499,25.65074158,5.051944733,0.597658325,185.0031464,11770.70723,4,1.8094836706177195
US_0004914,2003,362.8889731,590.5666667,615.3022217,0.807478647,398.0599976,-105.7002821,39.68720955,38.30527,3484.943164,3.675482829,20.52908706,11.75,62.21875,23.84375,1.791396499,21.94703789,5.062963104,0.599466663,185.1551849,12152.61172,4,1.6716698649825552
US_0004914,2004,328.3164848,593.1777778,626.8555542,0.807478647,406.9355652,-105.7002821,39.68720955,38.30527,3484.943164,3.675482829,20.52908706,11.75,62.21875,23.84375,1.791396499,20.27981567,5.059592628,0.603416663,184.3379669,12548.57969,4,1.7165767768667592
US_0004914,2005,316.376258,606.6955556,614.0222168,0.807478647,398.6133484,-105.7002821,39.68720955,38.30527,3484.943164,3.675482829,20.52908706,11.75,62.21875,23.84375,1.791396499,21.80611191,5.05501852,0.609783325,184.0550049,12959.91133,4,1.6270758519646982
US_0004914,2006,267.9287512,626.8266667,620.4577881,0.807478647,410.7689148,-105.7002821,39.68720955,38.30527,3484.943164,3.675482829,20.52908706,11.75,62.21875,23.84375,1.791396499,23.66111183,5.090036964,0.615258325,184.5833405,13183.28594,4,1.6601875749185369
US_0004914,2007,327.8328344,685.4888889,624.0133179,0.807478647,424.6778015,-105.7002821,39.68720955,38.30527,3484.943164,3.675482829,20.52908706,11.75,62.21875,23.84375,1.791396499,24.79426003,5.09018507,0.61716665,183.2361176,13535.93574,4,1.6118045642268193
US_0004914,2008,309.4545905,683.0733333,608.1866455,0.807478647,427.037793,-105.7002821,39.68720955,38.30527,3484.943164,3.675482829,20.52908706,11.75,62.21875,23.84375,1.791396499,24.84666672,5.130314827,0.630558313,184.1520416,13738.55273,4,1.6954976731714764
US_0004914,2009,346.9637338,683.14,601.0510986,0.807478647,407.2844482,-105.7002821,39.68720955,38.30527,3484.943164,3.675482829,20.52908706,11.75,62.21875,23.84375,1.791396499,24.96277809,5.155111122,0.640324988,184.6494446,13595.90078,4,1.54023199065494
US_0004914,2010,371.5660301,667.5911111,601.2866577,0.807478647,407.2622192,-105.7002821,39.68720955,38.30527,3484.943164,3.675482829,20.52908706,11.75,62.21875,23.84375,1.791396499,23.75259323,5.169944477,0.649783325,184.9074127,13480.63867,4,1.5761828028425884
US_0004914,2011,393.4328149,676.06,586.2199951,0.807478647,401.3044312,-105.7002821,39.68720955,38.30527,3484.943164,3.675482829,20.52908706,11.75,62.21875,23.84375,1.791396499,23.31481552,5.199388981,0.661225,184.9287079,13296.93438,4,1.5529944398934792
US_0004914,2012,348.0037951,615.2222222,615.8933472,0.807478647,390.2733276,-105.7002821,39.68720955,38.30527,3484.943164,3.675482829,20.52908706,11.75,62.21875,23.84375,1.791396499,23.17796288,5.226111126,0.678466675,186.184079,12924.40156,4,1.5211233403937503
US_0004914,2013,347.9244969,621.4577778,603.8511353,0.807478647,393.5311096,-105.7002821,39.68720955,38.30527,3484.943164,3.675482829,20.52908706,11.75,62.21875,23.84375,1.791396499,25.31037064,5.200425816,0.680216675,184.4977844,12651.29785,4,1.5668735703156018
US_0004914,2014,370.9397776,647.0488889,608.5222412,0.807478647,411.3600098,-105.7002821,39.68720955,38.30527,3484.943164,3.675482829,20.52908706,11.75,62.21875,23.84375,1.791396499,28.17981491,5.201388645,0.68135,184.1692657,12421.83516,4,1.644537644612278
US_0004914,2015,418.5165857,702.3422222,603.4889038,0.807478647,414.4911194,-105.7002821,39.68720955,38.30527,3484.943164,3.675482829,20.52908706,11.75,62.21875,23.84375,1.791396499,28.66185188,5.151518154,0.692908337,182.5037079,11943.94512,4,1.5504103004759817
US_0004916,1998,170.1043445,697.996,562.3182983,0.807478656,395.2142822,-105.6600025,39.75887636,369.3522,3402.692869,4.921841735,21.69304027,11.85714245,62.17142868,23.95357132,1.509393429,26.09162064,4.959061718,0.735241443,180.9405182,13407.93145,4,1.5342113601058902
US_0004916,1999,208.9900932,716.3422857,544.3200195,0.807478656,405.6897095,-105.6600025,39.75887636,369.3522,3402.692869,4.921841735,21.69304027,11.85714245,62.17142868,23.95357132,1.509393429,27.36923981,4.96545229,0.734887622,181.0595703,13746.83477,4,1.6675230217212769
US_0004916,2000,199.7764659,687.2171429,578.3034363,0.807478656,419.7188538,-105.6600025,39.75887636,369.3522,3402.692869,4.921841735,21.69304027,11.85714245,62.17142868,23.95357132,1.509393429,26.82719269,4.978057098,0.735703552,182.7115723,14022.58398,4,1.7312670397524255
US_0004916,2001,198.4358091,659.5285714,578.7914124,0.807478656,420.0611389,-105.6600025,39.75887636,369.3522,3402.692869,4.921841735,21.69304027,11.85714245,62.17142868,23.95357132,1.509393429,26.82985916,4.921614265,0.734752844,182.1740997,14291.15801,4,1.8146422060718812
US_0004916,2002,169.4129739,577.8994286,596.5165649,0.807478656,395.427417,-105.6600025,39.75887636,369.3522,3402.692869,4.921841735,21.69304027,11.85714245,62.17142868,23.95357132,1.509393429,23.81385803,4.933623886,0.738719043,184.5627258,14588.48809,4,1.7545110413294152
US_0004916,2003,171.4223731,583.0994286,630.1691284,0.807478656,395.2165771,-105.6600025,39.75887636,369.3522,3402.692869,4.921841735,21.69304027,11.85714245,62.17142868,23.95357132,1.509393429,20.58933334,4.944723701,0.736171179,184.7231049,14912.30039,4,1.625138943076628
US_0004916,2004,144.9968462,585.9285714,641.4925537,0.807478656,404.2497314,-105.6600025,39.75887636,369.3522,3402.692869,4.921841735,21.69304027,11.85714245,62.17142868,23.95357132,1.509393429,19.1829998,4.941685581,0.719991418,183.887674,15239.60664,4,1.6712337462151008
US_0004916,2005,133.6046186,600.6651429,628.2514038,0.807478656,397.337738,-105.6600025,39.75887636,369.3522,3402.692869,4.921841735,21.69304027,11.85714245,62.17142868,23.95357132,1.509393429,20.86471367,4.936871338,0.704368799,183.6177216,15650.44199,4,1.5923394883123703
US_0004916,2006,124.1031314,620.5714286,634.8005615,0.807478656,407.7257446,-105.6600025,39.75887636,369.3522,3402.692869,4.921841735,21.69304027,11.85714245,62.17142868,23.95357132,1.509393429,22.74857063,4.971128559,0.692752124,184.1565765,15976.8377,4,1.6071942212509163
US_0004916,2007,139.1602915,677.4531429,637.0948364,0.807478656,421.8463135,-105.6600025,39.75887636,369.3522,3402.692869,4.921841735,21.69304027,11.85714245,62.17142868,23.95357132,1.509393429,23.99438095,4.970409393,0.679616626,182.8031952,16439.38613,4,1.5673213518073
US_0004916,2008,138.6022585,674.784,620.9445557,0.807478656,423.8868774,-105.6600025,39.75887636,369.3522,3402.692869,4.921841735,21.69304027,11.85714245,62.17142868,23.95357132,1.509393429,24.11538048,5.010195351,0.666644019,183.7247681,16662.88301,4,1.6427939629041743
US_0004916,2009,149.2152151,674.8537143,613.8491333,0.807478656,404.3754395,-105.6600025,39.75887636,369.3522,3402.692869,4.921841735,21.69304027,11.85714245,62.17142868,23.95357132,1.509393429,24.18009491,5.034895325,0.667477124,184.2360016,16476.50313,4,1.4967526512698226
US_0004916,2010,155.7383938,659.5611429,613.8199951,0.807478656,403.9571533,-105.6600025,39.75887636,369.3522,3402.692869,4.921841735,21.69304027,11.85714245,62.17142868,23.95357132,1.509393429,22.9808567,5.049171448,0.670413098,184.4717163,16409.36328,4,1.5289698824735507
US_0004916,2011,171.0884256,669.1091429,598.0822998,0.807478656,399.5177246,-105.6600025,39.75887636,369.3522,3402.692869,4.921841735,21.69304027,11.85714245,62.17142868,23.95357132,1.509393429,22.57266617,5.079128551,0.67128573,184.4699554,16168.13027,4,1.5160831966336799
US_0004916,2012,156.979433,609.6988571,629.6234497,0.807478656,387.6720154,-105.6600025,39.75887636,369.3522,3402.692869,4.921841735,21.69304027,11.85714245,62.17142868,23.95357132,1.509393429,22.4341423,5.106714249,0.6833948,185.721521,15670.56504,4,1.478894610308466
US_0004916,2013,156.3124935,616.7062857,617.2091553,0.807478656,390.8691528,-105.6600025,39.75887636,369.3522,3402.692869,4.921841735,21.69304027,11.85714245,62.17142868,23.95357132,1.509393429,24.45828552,5.081052303,0.686187646,184.0296631,15276.61191,4,1.518636112665096
US_0004916,2014,165.6366669,642.4422857,621.5468628,0.807478656,408.3057312,-105.6600025,39.75887636,369.3522,3402.692869,4.921841735,21.69304027,11.85714245,62.17142868,23.95357132,1.509393429,27.19257164,5.082028484,0.691854077,183.6790955,15062.73027,4,1.5879263231801293
US_0004916,2015,167.6610372,695.6988571,616.8651367,0.807478656,410.5560181,-105.6600025,39.75887636,369.3522,3402.692869,4.921841735,21.69304027,11.85714245,62.17142868,23.95357132,1.509393429,27.62814369,5.031847572,0.703226917,182.0275269,14255.03398,4,1.4919952019684208
US_0004916,2016,127.9770308,697.8988571,633.8091309,0.807478656,393.4131592,-105.6600025,39.75887636,369.3522,3402.692869,4.921841735,21.69304027,11.85714245,62.17142868,23.95357132,1.509393429,27.03057251,4.985028553,0.716326453,181.8499115,13708.79844,4,1.324022804752818
US_0004919,1998,21.06350373,624.316044,658.713208,1.781213039,418.6303345,-105.3997159,39.74887674,854.6102,3132.070971,4.715876898,22.10760208,12.42033005,61.65247345,24.15247345,1.362751816,23.71765671,4.624373436,0.897145154,182.4986542,21467.80352,4,1.627490988273933
US_0004919,1999,26.48122168,642.4105495,644.1329956,1.781213039,430.9285828,-105.3997159,39.74887674,854.6102,3132.070971,4.715876898,22.10760208,12.42033005,61.65247345,24.15247345,1.362751816,24.39774818,4.63206768,0.89844552,182.5901703,22164.08047,4,1.7301754684451025
US_0004919,2000,21.71432221,614.6714286,676.0033325,1.781213039,436.2296875,-105.3997159,39.74887674,854.6102,3132.070971,4.715876898,22.10760208,12.42033005,61.65247345,24.15247345,1.362751816,23.30888329,4.644133568,0.897155005,184.2604858,22735.33281,4,1.7843518661996334
US_0004919,2001,20.75619712,593.0356044,678.3439941,1.781213039,435.4088135,-105.3997159,39.74887674,854.6102,3132.070971,4.715876898,22.10760208,12.42033005,61.65247345,24.15247345,1.362751816,23.43716164,4.589186668,0.900214453,183.7268982,23457.70313,4,1.8634363985509588
US_0004919,2002,17.21268684,516.5046154,702.1734253,1.781213039,398.5099121,-105.3997159,39.74887674,854.6102,3132.070971,4.715876898,22.10760208,12.42033005,61.65247345,24.15247345,1.362751816,20.60311337,4.599073219,0.903378296,186.0892944,24127.72227,4,1.7667775177143101
US_0004919,2003,15.40868124,518.6107692,736.0501221,1.781213039,393.4899048,-105.3997159,39.74887674,854.6102,3132.070971,4.715876898,22.10760208,12.42033005,61.65247345,24.15247345,1.362751816,18.44479809,4.6114048,0.898475549,186.2597137,24728.99141,4,1.624822905525308
US_0004919,2004,11.42080368,521.9573626,746.1848633,1.781213039,401.1125427,-105.3997159,39.74887674,854.6102,3132.070971,4.715876898,22.10760208,12.42033005,61.65247345,24.15247345,1.362751816,17.5744318,4.605965137,0.888768506,185.4148438,25333.83945,4,1.6669909379028538
US_0004919,2005,11.77658254,534.4325275,734.7222168,1.781213039,401.4347351,-105.3997159,39.74887674,854.6102,3132.070971,4.715876898,22.10760208,12.42033005,61.65247345,24.15247345,1.362751816,19.01684971,4.601388168,0.881983533,185.1650635,26049.32188,4,1.6314228493626806
US_0004919,2006,10.91603021,552.1065934,741.7349609,1.781213039,409.3382507,-105.3997159,39.74887674,854.6102,3132.070971,4.715876898,22.10760208,12.42033005,61.65247345,24.15247345,1.362751816,19.64201488,4.636864376,0.874353503,185.7297729,26535.59219,4,1.6142259909254055
US_0004919,2007,13.73365164,601.2501099,742.6965088,1.781213039,428.825946,-105.3997159,39.74887674,854.6102,3132.070971,4.715876898,22.10760208,12.42033005,61.65247345,24.15247345,1.362751816,21.51401176,4.639247227,0.865922192,184.4237854,27167.50977,4,1.5943812763378955
US_0004919,2008,13.11144411,597.2476923,729.545105,1.781213039,432.1918823,-105.3997159,39.74887674,854.6102,3132.070971,4.715876898,22.10760208,12.42033005,61.65247345,24.15247345,1.362751816,21.51551361,4.680849743,0.857636841,185.3556152,27553.73594,4,1.6694671566886818
US_0004919,2009,13.4792099,597.4971429,720.7910278,1.781213039,419.5290222,-105.3997159,39.74887674,854.6102,3132.070971,4.715876898,22.10760208,12.42033005,61.65247345,24.15247345,1.362751816,21.83822441,4.705496216,0.858292505,185.8687286,27375.92031,4,1.5734763355259345
US_0004919,2010,13.296019,585.6986813,719.901355,1.781213039,415.6531921,-105.3997159,39.74887674,854.6102,3132.070971,4.715876898,22.10760208,12.42033005,61.65247345,24.15247345,1.362751816,21.12846184,4.720098782,0.858809375,186.0970581,27364.56758,4,1.5835375121237243
US_0004919,2011,15.42819107,595.2261538,704.6325562,1.781213039,416.7382446,-105.3997159,39.74887674,854.6102,3132.070971,4.715876898,22.10760208,12.42033005,61.65247345,24.15247345,1.362751816,21.33324203,4.74566288,0.863322815,186.0970917,27036.9043,4,1.5927122852243658
US_0004919,2012,12.5795208,543.7204396,742.0802612,1.781213039,399.6105469,-105.3997159,39.74887674,854.6102,3132.070971,4.715876898,22.10760208,12.42033005,61.65247345,24.15247345,1.362751816,20.47397461,4.7702672,0.873462244,187.3240692,26388.53281,4,1.5583552333399229
US_0004919,2013,13.17184104,552.3683516,726.3934326,1.781213039,403.206366,-105.3997159,39.74887674,854.6102,3132.070971,4.715876898,22.10760208,12.42033005,61.65247345,24.15247345,1.362751816,21.5147068,4.742781925,0.878516089,185.6412079,25969.09766,4,1.5863420855107506
US_0004919,2014,15.53532699,572.5617582,731.52771,1.781213039,413.7784546,-105.3997159,39.74887674,854.6102,3132.070971,4.715876898,22.10760208,12.42033005,61.65247345,24.15247345,1.362751816,23.02549477,4.743424892,0.885046692,185.362326,25692.52344,4,1.5918805736795236
US_0004919,2015,17.48511699,618.8934066,728.868811,1.781213039,422.4718628,-105.3997159,39.74887674,854.6102,3132.070971,4.715876898,22.10760208,12.42033005,61.65247345,24.15247345,1.362751816,23.72564087,4.695324135,0.90011499,183.715329,24553.01992,4,1.5116113777593723
US_0004919,2016,14.33661454,618.1942857,746.1145264,1.781213039,406.4558167,-105.3997159,39.74887674,854.6102,3132.070971,4.715876898,22.10760208,12.42033005,61.65247345,24.15247345,1.362751816,23.96271057,4.65193224,0.913267175,183.5691071,23760.58125,4,1.366234385472973
US_0004932,1990,93.09671482,522.3817949,930.365625,4.830714666,436.199231,-105.1788754,40.05165184,800.3119,2560.113583,3.131787666,24.3210474,15.89423084,56.79166794,25.45352554,2.625429371,17.563204,4.209831333,0.93224751,183.8498749,186123.15,4,1.7351909299215666
US_0004932,1991,101.6737455,530.8025641,925.4348511,4.830714666,435.0030884,-105.1788754,40.05165184,800.3119,2560.113583,3.131787666,24.3210474,15.89423084,56.79166794,25.45352554,2.625429371,16.54790497,4.202765179,0.932857861,184.4928284,185392.0938,4,1.6718555401285178
US_0004932,1992,97.91857852,516.02,934.5620361,4.830714666,431.8364136,-105.1788754,40.05165184,800.3119,2560.113583,3.131787666,24.3210474,15.89423084,56.79166794,25.45352554,2.625429371,16.2687809,4.213737392,0.932344348,184.1268005,184921.4656,4,1.7235145570215105
US_0004932,1993,99.30532296,531.0776923,908.9743286,4.830714666,441.9851257,-105.1788754,40.05165184,800.3119,2560.113583,3.131787666,24.3210474,15.89423084,56.79166794,25.45352554,2.625429371,16.80311928,4.190066338,0.932507861,183.5446167,186647.325,4,1.7747696689423245
US_0004932,1994,103.3768476,525.9669231,902.4433105,4.830714666,436.266156,-105.1788754,40.05165184,800.3119,2560.113583,3.131787666,24.3210474,15.89423084,56.79166794,25.45352554,2.625429371,16.95378265,4.177651978,0.932302026,183.6609009,186729.5031,4,1.7535295912209101
US_0004932,1995,127.5207704,533.2207692,880.1630615,4.830714666,429.4233276,-105.1788754,40.05165184,800.3119,2560.113583,3.131787666,24.3210474,15.89423084,56.79166794,25.45352554,2.625429371,17.18399696,4.153935909,0.934841919,182.8285736,187959.175,4,1.6652354601608768
US_0004932,1996,136.6206741,530.3210256,889.0715332,4.830714666,425.4376892,-105.1788754,40.05165184,800.3119,2560.113583,3.131787666,24.3210474,15.89423084,56.79166794,25.45352554,2.625429371,17.27053547,4.191378212,0.938299097,183.209726,189004.7219,4,1.6273662268082112
US_0004932,1997,153.8602711,562.3505128,855.1748657,4.830714666,448.2666687,-105.1788754,40.05165184,800.3119,2560.113583,3.131787666,24.3210474,15.89423084,56.79166794,25.45352554,2.625429371,17.36429615,4.203553391,0.94458335,183.4800659,187392.9188,4,1.7372799391681282
US_0004932,1998,157.4047452,556.2853846,848.7766724,4.830714666,447.2779602,-105.1788754,40.05165184,800.3119,2560.113583,3.131787666,24.3210474,15.89423084,56.79166794,25.45352554,2.625429371,17.50489407,4.169720173,0.949876819,184.4954712,184156.3125,4,1.774301793429548
US_0004932,1999,162.79422,573.4833333,838.687439,4.830714666,460.1543762,-105.1788754,40.05165184,800.3119,2560.113583,3.131787666,24.3210474,15.89423084,56.79166794,25.45352554,2.625429371,17.7295517,4.180408001,0.948549988,184.5625641,184234.5406,4,1.8350287974828485
US_0004932,2000,140.0711313,544.1638462,865.4358887,4.830714666,448.8492493,-105.1788754,40.05165184,800.3119,2560.113583,3.131787666,24.3210474,15.89423084,56.79166794,25.45352554,2.625429371,16.22038517,4.190361023,0.944810156,186.308606,187185.7594,4,1.8413095407485847
US_0004932,2001,130.5733676,529.0825641,866.0923462,4.830714666,445.6536011,-105.1788754,40.05165184,800.3119,2560.113583,3.131787666,24.3210474,15.89423084,56.79166794,25.45352554,2.625429371,16.49638958,4.136856747,0.945421655,185.790274,189723.8813,4,1.9152258698566293
US_0004932,2002,107.6005722,457.8697436,891.4351685,4.830714666,397.0469299,-105.1788754,40.05165184,800.3119,2560.113583,3.131787666,24.3210474,15.89423084,56.79166794,25.45352554,2.625429371,14.61985092,4.140914631,0.939667786,188.1077545,192123.0406,4,1.82332553201945
US_0004932,2003,99.48796708,457.2551282,923.5272217,4.830714666,389.1143738,-105.1788754,40.05165184,800.3119,2560.113583,3.131787666,24.3210474,15.89423084,56.79166794,25.45352554,2.625429371,13.98547058,4.157087612,0.933845264,188.3301453,193806.2156,4,1.6696648053006016
US_0004932,2004,83.28805039,463.4917949,927.7108154,4.830714666,397.3925659,-105.1788754,40.05165184,800.3119,2560.113583,3.131787666,24.3210474,15.89423084,56.79166794,25.45352554,2.625429371,13.37754345,4.145397472,0.933164624,187.4088623,194637.9,4,1.720413041348079
US_0004932,2005,79.22733091,475.5574359,919.4326172,4.830714666,405.2223083,-105.1788754,40.05165184,800.3119,2560.113583,3.131787666,24.3210474,15.89423084,56.79166794,25.45352554,2.625429371,14.34388924,4.140570545,0.934066614,187.2480499,193400.175,4,1.7314864652355875
US_0004932,2006,71.58930881,486.0161538,929.9730957,4.830714666,406.716156,-105.1788754,40.05165184,800.3119,2560.113583,3.131787666,24.3210474,15.89423084,56.79166794,25.45352554,2.625429371,13.9615387,4.17760458,0.925421143,187.8972992,193247.8625,4,1.6523949957617803
US_0004932,2007,70.57450444,525.1020513,933.451062,4.830714666,429.4623047,-105.1788754,40.05165184,800.3119,2560.113583,3.131787666,24.3210474,15.89423084,56.79166794,25.45352554,2.625429371,15.73938122,4.18641634,0.926691431,186.6884094,193470.9344,4,1.6373542677069592
US_0004932,2008,64.20494172,516.2638462,922.6700073,4.830714666,431.4012634,-105.1788754,40.05165184,800.3119,2560.113583,3.131787666,24.3210474,15.89423084,56.79166794,25.45352554,2.625429371,15.39431648,4.232572269,0.916476563,187.6558716,198917.5031,4,1.7340973362738423
US_0004932,2009,68.88563745,518.4041026,914.9594971,4.830714666,424.3256348,-105.1788754,40.05165184,800.3119,2560.113583,3.131787666,24.3210474,15.89423084,56.79166794,25.45352554,2.625429371,15.74809818,4.257072353,0.911191003,188.201709,200550.3469,4,1.6501826812938705
US_0004932,2010,69.20692017,510.8505128,912.2100098,4.830714666,420.3653809,-105.1788754,40.05165184,800.3119,2560.113583,3.131787666,24.3210474,15.89423084,56.79166794,25.45352554,2.625429371,16.0092741,4.2712327,0.906896179,188.3486389,207119.8594,4,1.659652215052999
US_0004932,2011,80.72214267,527.9707692,896.628479,4.830714666,432.1679504,-105.1788754,40.05165184,800.3119,2560.113583,3.131787666,24.3210474,15.89423084,56.79166794,25.45352554,2.625429371,16.48754349,4.286506367,0.913623853,188.2934723,208476.325,4,1.7019132105871781
US_0004932,2012,80.74573566,487.2179487,934.8802856,4.830714666,411.2477051,-105.1788754,40.05165184,800.3119,2560.113583,3.131787666,24.3210474,15.89423084,56.79166794,25.45352554,2.625429371,15.36222248,4.305427265,0.914808533,189.4495422,207942.4719,4,1.6915297030381449
US_0004932,2013,104.2008661,499.7797436,918.7020996,4.830714666,416.5279724,-105.1788754,40.05165184,800.3119,2560.113583,3.131787666,24.3210474,15.89423084,56.79166794,25.45352554,2.625429371,15.57331276,4.273134613,0.922337793,187.7753754,205025.8844,4,1.683113069782611
US_0004932,2014,116.3083457,513.3838462,922.6231079,4.830714666,422.5318176,-105.1788754,40.05165184,800.3119,2560.113583,3.131787666,24.3210474,15.89423084,56.79166794,25.45352554,2.625429371,16.49993668,4.273632336,0.933964148,187.6274506,206826.3375,4,1.6523303317098819
US_0004932,2015,136.1309294,551.0282051,922.4725952,4.830714666,438.4056641,-105.1788754,40.05165184,800.3119,2560.113583,3.131787666,24.3210474,15.89423084,56.79166794,25.45352554,2.625429371,17.18897476,4.230969906,0.95002926,186.0265717,201739.25,4,1.5942022275043168
US_0004932,2016,119.2010548,548.9433333,939.4079712,4.830714666,427.221051,-105.1788754,40.05165184,800.3119,2560.113583,3.131787666,24.3210474,15.89423084,56.79166794,25.45352554,2.625429371,18.21540623,4.196040344,0.956927234,185.9777893,202354.0125,4,1.4837928857701077
US_0005460,1994,256.8661858,606.4833333,571.268335,0.184401704,404.3283264,-106.3064133,39.2724892,140.4106,3492.270121,4.314935921,21.14444312,13.328125,60.015625,25.0859375,0.921504136,23.09194412,4.751749897,0.6296203,180.3759674,5127.170801,4,1.8498034988743741
US_0005460,1995,287.9313276,613.0033333,548.7549988,0.184401704,375.7083313,-106.3064133,39.2724892,140.4106,3492.270121,4.314935921,21.14444312,13.328125,60.015625,25.0859375,0.921504136,22.81916618,4.739624882,0.628927075,179.8426392,5177.074512,4,1.605469011271671
US_0005460,1996,329.8849344,631.38,558.9233337,0.184401704,372.6599976,-106.3064133,39.2724892,140.4106,3492.270121,4.314935921,21.14444312,13.328125,60.015625,25.0859375,0.921504136,21.97124939,4.792944241,0.6245625,180.3044434,5285.764063,4,1.4953984976236696
US_0005460,1997,363.6002376,671.8716667,524.8299866,0.184401704,375.0433228,-106.3064133,39.2724892,140.4106,3492.270121,4.314935921,21.14444312,13.328125,60.015625,25.0859375,0.921504136,24.58611031,4.807569218,0.6225,180.3025024,5549.552148,4,1.5479060996426857
US_0005460,1998,358.8424429,665.555,514.4416687,0.184401704,379.5299866,-106.3064133,39.2724892,140.4106,3492.270121,4.314935921,21.14444312,13.328125,60.015625,25.0859375,0.921504136,28.00055466,4.774722004,0.624551038,181.1761139,5774.471094,4,1.6530452309911343
US_0005460,1999,380.4272749,684.6766667,495.1833374,0.184401704,389.0666565,-106.3064133,39.2724892,140.4106,3492.270121,4.314935921,21.14444312,13.328125,60.015625,25.0859375,0.921504136,30.25111008,4.780069351,0.619870837,181.3980591,6052.429883,4,1.8261736591076543
US_0005460,2000,346.3072848,663.5783333,529.3733459,0.184401704,404.2699951,-106.3064133,39.2724892,140.4106,3492.270121,4.314935921,21.14444312,13.328125,60.015625,25.0859375,0.921504136,30.14930496,4.794222164,0.624013025,182.9013916,6374.398242,4,1.8696135197386605
US_0005460,2001,307.9269966,643.5216667,527.2850037,0.184401704,408.3616699,-106.3064133,39.2724892,140.4106,3492.270121,4.314935921,21.14444312,13.328125,60.015625,25.0859375,0.921504136,30.32916641,4.735125065,0.625851563,182.3108398,6688.10459,4,2.0073606752293207
US_0005460,2002,244.5939319,568.99,543.3216858,0.184401704,390.6466797,-106.3064133,39.2724892,140.4106,3492.270121,4.314935921,21.14444312,13.328125,60.015625,25.0859375,0.921504136,27.35263863,4.755750084,0.626378125,184.840564,6851.064844,4,1.9666257734454011
US_0005460,2003,240.6213088,572.8333333,575.8000061,0.184401704,395.2966797,-106.3064133,39.2724892,140.4106,3492.270121,4.314935921,21.14444312,13.328125,60.015625,25.0859375,0.921504136,23.78486137,4.761986351,0.620418225,184.9201477,7038.607715,4,1.8556426602078129
US_0005460,2004,210.981082,567.605,589.0333374,0.184401704,394.8133484,-106.3064133,39.2724892,140.4106,3492.270121,4.314935921,21.14444312,13.328125,60.015625,25.0859375,0.921504136,21.56819458,4.767472363,0.6114,184.195285,7091.553223,4,1.818190581076586
US_0005460,2005,193.7417982,580.9833333,574.2799927,0.184401704,387.3650085,-106.3064133,39.2724892,140.4106,3492.270121,4.314935921,21.14444312,13.328125,60.015625,25.0859375,0.921504136,22.81097221,4.760986233,0.5958854,183.755838,7116.978223,4,1.7349371214443885
US_0005460,2006,193.9768573,595.0216667,579.0166626,0.184401704,400.3266785,-106.3064133,39.2724892,140.4106,3492.270121,4.314935921,21.14444312,13.328125,60.015625,25.0859375,0.921504136,24.49388924,4.793597317,0.584485413,184.1062592,7181.21543,4,1.812077281385301
US_0005460,2007,231.0546733,653.0983333,582.8266602,0.184401704,414.5816772,-106.3064133,39.2724892,140.4106,3492.270121,4.314935921,21.14444312,13.328125,60.015625,25.0859375,0.921504136,25.62527809,4.784250069,0.584788538,182.5102814,7252.492676,4,1.7561423880329654
US_0005460,2008,248.2886637,660.1216667,566.6066528,0.184401704,409.7700134,-106.3064133,39.2724892,140.4106,3492.270121,4.314935921,21.14444312,13.328125,60.015625,25.0859375,0.921504136,25.86916656,4.817791653,0.579446362,183.3502777,7217.137207,4,1.7532502355764632
US_0005460,2009,266.4013582,655.1166667,562.7099854,0.184401704,396.2100098,-106.3064133,39.2724892,140.4106,3492.270121,4.314935921,21.14444312,13.328125,60.015625,25.0859375,0.921504136,25.88986168,4.843958282,0.57937345,183.7600037,7111.910156,4,1.6420957607187823
US_0005460,2010,274.8327217,639.6283333,563.9099976,0.184401704,399.5266846,-106.3064133,39.2724892,140.4106,3492.270121,4.314935921,21.14444312,13.328125,60.015625,25.0859375,0.921504136,24.76986198,4.860097218,0.586706799,184.1359741,7176.388281,4,1.7148008735546478
US_0005460,2011,294.5666165,641.9316667,548.5583252,0.184401704,387.9833496,-106.3064133,39.2724892,140.4106,3492.270121,4.314935921,21.14444312,13.328125,60.015625,25.0859375,0.921504136,24.69458351,4.90638895,0.593121887,184.2330566,7039.055176,4,1.6509774854821695
US_0005460,2012,263.556053,580.395,569.2899902,0.184401704,373.0033447,-106.3064133,39.2724892,140.4106,3492.270121,4.314935921,21.14444312,13.328125,60.015625,25.0859375,0.921504136,24.42583427,4.942847157,0.60230835,185.6381958,6778.383887,4,1.60307031961943
US_0005460,2013,250.6283281,585.3016667,557.4483459,0.184401704,383.7283447,-106.3064133,39.2724892,140.4106,3492.270121,4.314935921,21.14444312,13.328125,60.015625,25.0859375,0.921504136,27.10875092,4.925680542,0.605166687,183.9126434,6570.672754,4,1.7446642529544896
US_0005460,2014,264.6851129,613.8933333,555.0683655,0.184401704,405.261676,-106.3064133,39.2724892,140.4106,3492.270121,4.314935921,21.14444312,13.328125,60.015625,25.0859375,0.921504136,31.19569473,4.928263855,0.60530105,183.3377808,6356.171484,4,1.91212046877347
US_0005460,2015,282.6640632,663.735,548.9017029,0.184401704,407.1600037,-106.3064133,39.2724892,140.4106,3492.270121,4.314935921,21.14444312,13.328125,60.015625,25.0859375,0.921504136,32.66444435,4.871861076,0.60863125,181.5818115,6014.319336,4,1.7974592210610019
US_0005460,2016,224.8635511,663.8683333,567.8433777,0.184401704,391.931665,-106.3064133,39.2724892,140.4106,3492.270121,4.314935921,21.14444312,13.328125,60.015625,25.0859375,0.921504136,32.22263985,4.811597157,0.617696887,181.2412506,5866.079102,4,1.5606964476496799
US_0005476,1996,27.28902163,414.8181818,836.6660767,5.105733761,385.1748718,-105.228041,38.66388094,692.4307,2709.391157,2.33067314,23.38433664,19.25347137,28.43402863,50.71006775,1.668747688,8.429975033,4.171414089,0.667226868,191.1577759,123979.3688,4,2.358793286977722
US_0005476,2002,24.66799327,378.5348485,846.5085083,5.105733761,359.5548676,-105.228041,38.66388094,692.4307,2709.391157,2.33067314,23.38433664,19.25347137,28.43402863,50.71006775,1.668747688,8.077853394,4.158989906,0.67047522,195.289444,211030.1875,4,2.478910404549607
US_0005476,2003,21.70635565,367.3824242,869.6151855,5.105733761,343.451828,-105.228041,38.66388094,692.4307,2709.391157,2.33067314,23.38433664,19.25347137,28.43402863,50.71006775,1.668747688,7.179797745,4.164310551,0.663483899,195.2636322,194828.675,4,2.1547507473479817
US_0005476,2004,19.54222266,361.0393939,881.2027588,5.105733761,335.9330353,-105.228041,38.66388094,692.4307,2709.391157,2.33067314,23.38433664,19.25347137,28.43402863,50.71006775,1.668747688,6.820909023,4.165156555,0.65973125,194.8060608,177350.2906,4,2.055790967937933
US_0005476,2005,19.5148237,357.1918182,877.6369995,5.105733761,336.4639435,-105.228041,38.66388094,692.4307,2709.391157,2.33067314,23.38433664,19.25347137,28.43402863,50.71006775,1.668747688,7.154090977,4.166267681,0.656496533,194.230307,166284.2219,4,2.1887389982123575
US_0005476,2006,18.94683501,377.5330303,879.6721558,5.105733761,349.9806122,-105.228041,38.66388094,692.4307,2709.391157,2.33067314,23.38433664,19.25347137,28.43402863,50.71006775,1.668747688,6.52285347,4.211424255,0.655634375,194.5574554,154299.4781,4,2.0860436833061646
US_0005476,2007,28.38577872,415.4869697,883.862146,5.105733761,382.0218262,-105.228041,38.66388094,692.4307,2709.391157,2.33067314,23.38433664,19.25347137,28.43402863,50.71006775,1.668747688,7.701818275,4.212881279,0.666526978,193.2498322,153955.9344,4,2.1478072392108847
US_0005476,2008,28.48528024,414.4815152,877.7700073,5.105733761,385.2551575,-105.228041,38.66388094,692.4307,2709.391157,2.33067314,23.38433664,19.25347137,28.43402863,50.71006775,1.668747688,7.853409386,4.251032734,0.661038782,194.0690277,152857.6469,4,2.27683228951974
US_0005476,2009,25.02195501,416.3284848,864.9421387,5.105733761,389.5772827,-105.228041,38.66388094,692.4307,2709.391157,2.33067314,23.38433664,19.25347137,28.43402863,50.71006775,1.668747688,8.139571095,4.276631165,0.665389136,194.3763245,147452.4469,4,2.400676590691218
US_0005476,2010,25.67283939,415.2427273,864.4018311,5.105733761,386.0145508,-105.228041,38.66388094,692.4307,2709.391157,2.33067314,23.38433664,19.25347137,28.43402863,50.71006775,1.668747688,8.150758076,4.297509956,0.672402551,195.0478119,144520.8188,4,2.3109071553784224
US_0005476,2011,24.12883852,398.4127273,861.0036377,5.105733761,371.2969727,-105.228041,38.66388094,692.4307,2709.391157,2.33067314,23.38433664,19.25347137,28.43402863,50.71006775,1.668747688,8.33070755,4.33119421,0.669087268,195.4543518,145172.1281,4,2.271767162953171
US_0005476,2012,13.97906198,356.6348485,889.5466797,5.105733761,340.3875793,-105.228041,38.66388094,692.4307,2709.391157,2.33067314,23.38433664,19.25347137,28.43402863,50.71006775,1.668747688,7.235404396,4.351883507,0.652454395,196.8289215,145580.0031,4,2.35584303505063
US_0005476,2013,13.12576855,367.8757576,876.097583,5.105733761,349.5887878,-105.228041,38.66388094,692.4307,2709.391157,2.33067314,23.38433664,19.25347137,28.43402863,50.71006775,1.668747688,6.267550802,4.329262352,0.659011914,195.2395996,144944.1594,4,2.366752872441739
US_0005476,2014,11.04447435,373.3084848,882.5690918,5.105733761,349.6424133,-105.228041,38.66388094,692.4307,2709.391157,2.33067314,23.38433664,19.25347137,28.43402863,50.71006775,1.668747688,5.846490145,4.328376007,0.656391772,195.0865204,146471.7031,4,2.1788837041880176
US_0005476,2015,15.61134294,409.0712121,877.9781982,5.105733761,375.4339355,-105.228041,38.66388094,692.4307,2709.391157,2.33067314,23.38433664,19.25347137,28.43402863,50.71006775,1.668747688,6.313838243,4.273204231,0.661318982,193.2021515,142660.7047,4,2.11437239343402
US_0005476,2016,16.34333554,407.6833333,890.0957886,5.105733761,374.6930298,-105.228041,38.66388094,692.4307,2709.391157,2.33067314,23.38433664,19.25347137,28.43402863,50.71006775,1.668747688,7.672222185,4.218845654,0.668689014,192.8627319,136648.6969,4,2.100594540642214
US_0005479,1995,86.13228238,473.4031111,840.4093018,6.422901569,412.3466492,-104.9974832,38.4891658,355.3357,2819.677163,3.762187271,23.79374759,23.65555573,28.94722176,45.11388779,0.972060082,9.721741104,4.455985069,0.836682935,191.2468506,11334.10078,4,1.9979167277641152
US_0005479,1996,78.0161889,470.2164444,846.6901978,6.422901569,410.7737671,-104.9974832,38.4891658,355.3357,2819.677163,3.762187271,23.79374759,23.65555573,28.94722176,45.11388779,0.972060082,9.607370758,4.467710972,0.844023145,191.8671875,11585.45996,4,1.994603180496293
US_0005479,1997,78.13439134,503.0826667,821.8057495,6.422901569,427.0973145,-104.9974832,38.4891658,355.3357,2819.677163,3.762187271,23.79374759,23.65555573,28.94722176,45.11388779,0.972060082,10.27444515,4.476125813,0.850407593,192.0012299,11912.35801,4,1.9691067766954817
US_0005479,1998,88.43328138,511.6066667,822.1030762,6.422901569,437.266217,-104.9974832,38.4891658,355.3357,2819.677163,3.762187271,23.79374759,23.65555573,28.94722176,45.11388779,0.972060082,10.94996357,4.457433224,0.858784448,193.0118591,12104.32246,4,2.046167407696022
US_0005479,1999,102.5636772,521.6924444,817.0946289,6.422901569,447.3119995,-104.9974832,38.4891658,355.3357,2819.677163,3.762187271,23.79374759,23.65555573,28.94722176,45.11388779,0.972060082,11.13785229,4.465981483,0.853781152,192.8146362,12543.37559,4,2.121868663628323
US_0005479,2000,73.06199232,504.248,840.5950806,6.422901569,442.8866821,-104.9974832,38.4891658,355.3357,2819.677163,3.762187271,23.79374759,23.65555573,28.94722176,45.11388779,0.972060082,10.69396343,4.484996223,0.842532605,194.2282654,13169.44922,4,2.1838108310726296
US_0005479,2001,73.37951439,498.0231111,842.5008667,6.422901569,437.8297913,-104.9974832,38.4891658,355.3357,2819.677163,3.762187271,23.79374759,23.65555573,28.94722176,45.11388779,0.972060082,11.30262985,4.441570187,0.837387939,193.6915222,13792.83887,4,2.161270762675974
US_0005479,2002,57.26693962,425.9017778,863.9693237,6.422901569,384.5329132,-104.9974832,38.4891658,355.3357,2819.677163,3.762187271,23.79374759,23.65555573,28.94722176,45.11388779,0.972060082,9.590518379,4.462962723,0.826862207,195.9465942,14283.72363,4,2.0552918150738146
US_0005479,2003,42.57928123,410.3537778,886.7501953,6.422901569,367.8737946,-104.9974832,38.4891658,355.3357,2819.677163,3.762187271,23.79374759,23.65555573,28.94722176,45.11388779,0.972060082,8.588925743,4.468514729,0.815866858,195.9126007,14696.53184,4,1.9017338349861177
US_0005479,2004,7.646285084,407.4568889,891.1097778,6.422901569,364.9631378,-104.9974832,38.4891658,355.3357,2819.677163,3.762187271,23.79374759,23.65555573,28.94722176,45.11388779,0.972060082,8.172222137,4.468277645,0.812926074,195.4937866,14928.28125,4,1.8787350462324954
US_0005479,2005,5.183754611,404.5791111,888.3884399,6.422901569,364.7066986,-104.9974832,38.4891658,355.3357,2819.677163,3.762187271,23.79374759,23.65555573,28.94722176,45.11388779,0.972060082,8.271814728,4.472340679,0.81205813,194.9149323,14914.62402,4,1.9214357603833458
US_0005479,2006,6.550063686,427.6595556,893.3115479,6.422901569,381.96492,-104.9974832,38.4891658,355.3357,2819.677163,3.762187271,23.79374759,23.65555573,28.94722176,45.11388779,0.972060082,7.948962975,4.519955444,0.811540381,195.2637909,14786.39277,4,1.922529180284041
US_0005479,2007,16.69530434,472.1088889,897.6448853,6.422901569,413.1186951,-104.9974832,38.4891658,355.3357,2819.677163,3.762187271,23.79374759,23.65555573,28.94722176,45.11388779,0.972060082,9.448963356,4.52263689,0.821862402,194.0747498,14794.52773,4,1.9175049746714201
US_0005479,2008,16.39154498,473.38,889.4320313,6.422901569,417.6266907,-104.9974832,38.4891658,355.3357,2819.677163,3.762187271,23.79374759,23.65555573,28.94722176,45.11388779,0.972060082,9.649074936,4.562284946,0.818019983,194.883374,14768.10137,4,1.995418320559648
US_0005479,2009,18.7207379,473.4586667,880.934668,6.422901569,415.3853516,-104.9974832,38.4891658,355.3357,2819.677163,3.762187271,23.79374759,23.65555573,28.94722176,45.11388779,0.972060082,9.934963799,4.588144112,0.821834277,195.2159302,14541.99922,4,1.9706154629565693
US_0005479,2010,18.48127458,474.1262222,881.3782227,6.422901569,416.380896,-104.9974832,38.4891658,355.3357,2819.677163,3.762187271,23.79374759,23.65555573,28.94722176,45.11388779,0.972060082,10.37022324,4.609044075,0.826092761,195.9306732,14471.04023,4,1.979284148940258
US_0005479,2011,16.24413218,451.7644444,875.8084473,6.422901569,396.6462341,-104.9974832,38.4891658,355.3357,2819.677163,3.762187271,23.79374759,23.65555573,28.94722176,45.11388779,0.972060082,10.35281601,4.639940548,0.82041073,196.4049255,14337.26016,4,1.9107959955191802
US_0005479,2012,6.115600904,403.4582222,904.3702026,6.422901569,367.2582336,-104.9974832,38.4891658,355.3357,2819.677163,3.762187271,23.79374759,23.65555573,28.94722176,45.11388779,0.972060082,9.317038059,4.657136822,0.810999817,197.7458557,14026.65098,4,1.9716155094216299
US_0005479,2013,11.38128435,411.0231111,894.0239746,6.422901569,375.3689026,-104.9974832,38.4891658,355.3357,2819.677163,3.762187271,23.79374759,23.65555573,28.94722176,45.11388779,0.972060082,8.551778412,4.632525635,0.811204443,196.2333038,13943.21387,4,2.045766513015586
US_0005479,2014,8.694260737,414.9364444,900.406665,6.422901569,378.7782593,-104.9974832,38.4891658,355.3357,2819.677163,3.762187271,23.79374759,23.65555573,28.94722176,45.11388779,0.972060082,8.326148796,4.630373955,0.809922754,196.1876343,13868.73965,4,2.0454613786358973
US_0005479,2015,43.98603345,453.2577778,894.3475708,6.422901569,395.5351501,-104.9974832,38.4891658,355.3357,2819.677163,3.762187271,23.79374759,23.65555573,28.94722176,45.11388779,0.972060082,8.321259689,4.57471838,0.812781836,194.3030762,13831.22891,4,1.8440534613950883
US_0005485,1992,32.15751045,393.7464015,963.0648804,5.258620073,357.0640015,-104.6060854,38.25361396,11690.16,2565.870879,3.136632505,23.99665724,18.5893898,49.00129318,30.17231941,1.618133108,6.463110352,3.911290884,0.646024109,192.731601,50471.24063,4,1.8253117590400836
US_0005485,1993,42.47799025,399.7327399,948.9014404,5.258620073,359.990448,-104.6060854,38.25361396,11690.16,2565.870879,3.136632505,23.99665724,18.5893898,49.00129318,30.17231941,1.618133108,6.610338688,3.922886467,0.644503333,192.8408997,52878.93516,4,1.8114436054208325
US_0005485,1994,45.65106629,413.0516667,938.5529419,5.258620073,370.6518188,-104.6060854,38.25361396,11690.16,2565.870879,3.136632505,23.99665724,18.5893898,49.00129318,30.17231941,1.618133108,6.854099178,3.906457949,0.645506348,192.7934265,54838.74844,4,1.8410469421641449
US_0005485,1995,55.2702036,401.8809217,922.4136963,5.258620073,357.3916199,-104.6060854,38.25361396,11690.16,2565.870879,3.136632505,23.99665724,18.5893898,49.00129318,30.17231941,1.618133108,6.872959805,3.884993553,0.650242004,192.6569763,55291.13906,4,1.7669994683603016
US_0005485,1996,57.68607553,400.9129293,932.6110718,5.258620073,357.3843933,-104.6060854,38.25361396,11690.16,2565.870879,3.136632505,23.99665724,18.5893898,49.00129318,30.17231941,1.618133108,6.770805931,3.909896946,0.652295642,193.3179779,55954.98203,4,1.7663799885668148
US_0005485,1997,64.24890126,426.2534091,906.5200317,5.258620073,372.4211182,-104.6060854,38.25361396,11690.16,2565.870879,3.136632505,23.99665724,18.5893898,49.00129318,30.17231941,1.618133108,6.971914959,3.920992279,0.656673828,193.31297,57539.17422,4,1.751310076611286
US_0005485,1998,61.92911148,431.4593939,901.7743774,5.258620073,378.762207,-104.6060854,38.25361396,11690.16,2565.870879,3.136632505,23.99665724,18.5893898,49.00129318,30.17231941,1.618133108,7.501925564,3.898348379,0.661413403,194.2540283,58933.9375,4,1.802887832245034
US_0005485,1999,63.16154736,441.475101,896.0918823,5.258620073,388.1819641,-104.6060854,38.25361396,11690.16,2565.870879,3.136632505,23.99665724,18.5893898,49.00129318,30.17231941,1.618133108,7.899829674,3.91004138,0.659080212,194.2769012,61482.87891,4,1.853408690433466
US_0005485,2000,55.034126,428.2170328,914.1743652,5.258620073,378.5118652,-104.6060854,38.25361396,11690.16,2565.870879,3.136632505,23.99665724,18.5893898,49.00129318,30.17231941,1.618133108,7.495106411,3.927125597,0.652232434,195.6458618,64139.41016,4,1.8192544926147936
US_0005485,2001,52.17822153,425.5138889,912.0712158,5.258620073,377.8480103,-104.6060854,38.25361396,11690.16,2565.870879,3.136632505,23.99665724,18.5893898,49.00129318,30.17231941,1.618133108,7.893232441,3.880476999,0.652613965,195.1010864,67000.55547,4,1.8446505843867864
US_0005485,2002,39.33406541,369.197096,935.6312378,5.258620073,333.9914856,-104.6060854,38.25361396,11690.16,2565.870879,3.136632505,23.99665724,18.5893898,49.00129318,30.17231941,1.618133108,7.220354652,3.90612545,0.645682764,197.5439667,67900.04609,4,1.7658301448009566
US_0005485,2003,34.32336266,357.7927273,959.0155518,5.258620073,320.742804,-104.6060854,38.25361396,11690.16,2565.870879,3.136632505,23.99665724,18.5893898,49.00129318,30.17231941,1.618133108,6.464734936,3.911014366,0.64080426,197.5474304,69333.25781,4,1.6465980248118652
US_0005485,2004,27.13348309,350.6106566,962.5540405,5.258620073,311.9967102,-104.6060854,38.25361396,11690.16,2565.870879,3.136632505,23.99665724,18.5893898,49.00129318,30.17231941,1.618133108,5.965092564,3.913337946,0.641280994,197.0507813,70297.49219,4,1.5809417374673405
US_0005485,2005,24.34457501,350.5685606,958.8158081,5.258620073,314.4238342,-104.6060854,38.25361396,11690.16,2565.870879,3.136632505,23.99665724,18.5893898,49.00129318,30.17231941,1.618133108,6.1483922,3.914574671,0.638585632,196.4501984,71351.3375,4,1.6297162440950477
US_0005485,2006,23.57489384,364.8755429,962.4076416,5.258620073,325.2810669,-104.6060854,38.25361396,11690.16,2565.870879,3.136632505,23.99665724,18.5893898,49.00129318,30.17231941,1.618133108,5.927265453,3.957490396,0.637612817,196.6750397,71802.775,4,1.6296463937018906
US_0005485,2007,31.8064765,402.5324874,965.6860107,5.258620073,351.187616,-104.6060854,38.25361396,11690.16,2565.870879,3.136632505,23.99665724,18.5893898,49.00129318,30.17231941,1.618133108,6.650497818,3.953014708,0.65106106,195.3043915,73227.02656,4,1.6066933464665814
US_0005485,2008,39.19704885,403.9398106,960.1044922,5.258620073,353.0936646,-104.6060854,38.25361396,11690.16,2565.870879,3.136632505,23.99665724,18.5893898,49.00129318,30.17231941,1.618133108,6.821160603,3.992327833,0.647114392,196.0080872,74002.19844,4,1.6264554695399482
US_0005485,2009,44.15824057,404.3403283,955.4250122,5.258620073,355.310199,-104.6060854,38.25361396,11690.16,2565.870879,3.136632505,23.99665724,18.5893898,49.00129318,30.17231941,1.618133108,6.949925327,4.020982075,0.649600427,196.3380737,73237.78125,4,1.661586903174042
US_0005485,2010,46.34653269,400.9396086,956.7195801,5.258620073,353.2639404,-104.6060854,38.25361396,11690.16,2565.870879,3.136632505,23.99665724,18.5893898,49.00129318,30.17231941,1.618133108,6.990361977,4.042674541,0.654423596,197.0112152,73273.27344,4,1.666070388981158
US_0005485,2011,49.41072698,388.2612753,954.274585,5.258620073,340.6039429,-104.6060854,38.25361396,11690.16,2565.870879,3.136632505,23.99665724,18.5893898,49.00129318,30.17231941,1.618133108,7.031453037,4.081675625,0.647860107,197.4902588,72940.61875,4,1.6109703307443912
US_0005485,2012,41.78072024,347.4324242,981.3332886,5.258620073,314.1574432,-104.6060854,38.25361396,11690.16,2565.870879,3.136632505,23.99665724,18.5893898,49.00129318,30.17231941,1.618133108,6.475891113,4.106932735,0.633793628,198.9041473,71924.38438,4,1.6485864516303668
US_0005485,2013,34.33720643,356.8216035,968.3745361,5.258620073,323.9801544,-104.6060854,38.25361396,11690.16,2565.870879,3.136632505,23.99665724,18.5893898,49.00129318,30.17231941,1.618133108,6.216034317,4.086514616,0.634834778,197.4341583,70150.38125,4,1.7162748997413466
US_0005485,2014,33.80021817,365.1858207,970.5517334,5.258620073,327.6850494,-104.6060854,38.25361396,11690.16,2565.870879,3.136632505,23.99665724,18.5893898,49.00129318,30.17231941,1.618133108,6.336573029,4.086173677,0.632619385,197.225415,69893.46719,4,1.6610258694474966
US_0005485,2015,40.76122825,401.0207702,964.0546997,5.258620073,349.9521027,-104.6060854,38.25361396,11690.16,2565.870879,3.136632505,23.99665724,18.5893898,49.00129318,30.17231941,1.618133108,6.639360428,4.02898922,0.642332349,195.3355713,68461.8,4,1.6058128006877053
US_0005485,2016,35.22110603,402.553346,976.9411987,5.258620073,350.2000336,-104.6060854,38.25361396,11690.16,2565.870879,3.136632505,23.99665724,18.5893898,49.00129318,30.17231941,1.618133108,7.152089977,3.972495461,0.652609705,194.9182983,67552.26719,4,1.5803926769344172
US_0005488,1996,50.13129297,451.165,923.3550171,9.00170951,428.3850098,-104.8727543,38.87693609,25.77853,2474.590434,1.72557,29.87876534,23.4375,41.02083206,33.29166794,1.17765,7.843750191,4.134208107,1.177625024,191.6379242,50422.25,4,2.666341364842441
US_0005488,2002,50.91120358,407.91,949.435022,9.00170951,392.6600006,-104.8727543,38.87693609,25.77853,2474.590434,1.72557,29.87876534,23.4375,41.02083206,33.29166794,1.17765,6.849999905,4.117583179,1.155699976,195.8762512,61391.31797,4,2.652603405296351
US_0005488,2003,44.89168261,393.305,973.7900269,9.00170951,372.8150055,-104.8727543,38.87693609,25.77853,2474.590434,1.72557,29.87876534,23.4375,41.02083206,33.29166794,1.17765,5.621250057,4.125749874,1.13661665,195.8970795,64154.05156,4,2.26192178200397
US_0005488,2004,0.0134,390.715,977.7400146,9.00170951,368.8500092,-104.8727543,38.87693609,25.77853,2474.590434,1.72557,29.87876534,23.4375,41.02083206,33.29166794,1.17765,5.16916666,4.122124958,1.135408325,195.4337494,66971.81953,4,2.1885756449363964
US_0005488,2005,0.0133,387.93,976.6350098,9.00170951,370.0700104,-104.8727543,38.87693609,25.77853,2474.590434,1.72557,29.87876534,23.4375,41.02083206,33.29166794,1.17765,5.427083397,4.126166534,1.135566675,194.9320862,69890.1,4,2.331632286286529
US_0005488,2006,0.147453276,406.795,981.8450195,9.00170951,380.555014,-104.8727543,38.87693609,25.77853,2474.590434,1.72557,29.87876534,23.4375,41.02083206,33.29166794,1.17765,4.797083282,4.174374866,1.14100835,195.3483337,71490.74375,4,2.1322401755777527
US_0005488,2007,3.519188898,447.775,992.3400146,9.00170951,418.7400085,-104.8727543,38.87693609,25.77853,2474.590434,1.72557,29.87876534,23.4375,41.02083206,33.29166794,1.17765,5.653749943,4.180666637,1.157566675,194.2487488,73234.33281,4,2.269379294587428
US_0005488,2008,3.528830512,447.84,987.8900146,9.00170951,423.0150024,-104.8727543,38.87693609,25.77853,2474.590434,1.72557,29.87876534,23.4375,41.02083206,33.29166794,1.17765,5.502499962,4.224249935,1.171141675,195.0875,75360.6,4,2.416833631905487
US_0005488,2009,3.512504549,448.395,983.0250244,9.00170951,426.4200012,-104.8727543,38.87693609,25.77853,2474.590434,1.72557,29.87876534,23.4375,41.02083206,33.29166794,1.17765,5.525416756,4.249291515,1.185916675,195.4229187,76812.32188,4,2.540241656242333
US_0005488,2010,5.329085402,451.27,982.8900391,9.00170951,429.4150024,-104.8727543,38.87693609,25.77853,2474.590434,1.72557,29.87876534,23.4375,41.02083206,33.29166794,1.17765,5.83708353,4.270208359,1.196441675,196.055835,77892.02813,4,2.5649509668358927
US_0005488,2011,5.195020399,433.5,981.6100342,9.00170951,413.2799988,-104.8727543,38.87693609,25.77853,2474.590434,1.72557,29.87876534,23.4375,41.02083206,33.29166794,1.17765,6.087916851,4.294333363,1.21035,196.4475006,78146.48594,4,2.517401464510455
US_0005488,2012,2.498605236,388.665,1013.825024,9.00170951,374.2100037,-104.8727543,38.87693609,25.77853,2474.590434,1.72557,29.87876534,23.4375,41.02083206,33.29166794,1.17765,5.104166842,4.308208275,1.205275,197.7295837,77076.87188,4,2.4362544589940964
US_0005488,2013,16.66245502,395.685,997.7450439,9.00170951,379.9750061,-104.8727543,38.87693609,25.77853,2474.590434,1.72557,29.87876534,23.4375,41.02083206,33.29166794,1.17765,4.37041676,4.278833389,1.205791675,196.2237518,76797.82969,4,2.445607120468896
US_0005488,2014,18.63321142,396.575,998.2950439,9.00170951,375.5650085,-104.8727543,38.87693609,25.77853,2474.590434,1.72557,29.87876534,23.4375,41.02083206,33.29166794,1.17765,4.007916713,4.276041698,1.19408335,196.2733307,76494.50469,4,2.221976211311675
US_0005488,2015,70.26836651,428.77,997.5200195,9.00170951,400.4750122,-104.8727543,38.87693609,25.77853,2474.590434,1.72557,29.87876534,23.4375,41.02083206,33.29166794,1.17765,4.069999766,4.221999931,1.2037,194.4633301,76128.82031,4,2.1717455535892056
US_0005488,2016,71.52085276,433.475,1009.400024,9.00170951,407.6650146,-104.8727543,38.87693609,25.77853,2474.590434,1.72557,29.87876534,23.4375,41.02083206,33.29166794,1.17765,5.009166312,4.175166702,1.199166675,194.2254181,79190.55156,4,2.2559633234803282
US_0005496,1989,8.03948561,417.0266667,1003.592383,8.217319696,394.9302246,-104.8141667,38.9272222,514.2085,2327.511764,2.120740172,22.61963501,20.10879707,48.0370369,30.25926018,0.781761632,5.952407217,4.132299709,0.792041992,190.2025879,27282.21836,4,2.2959941197286615
US_0005496,1990,8.529783189,434.6626667,1014.520398,8.217319696,419.1408997,-104.8141667,38.9272222,514.2085,2327.511764,2.120740172,22.61963501,20.10879707,48.0370369,30.25926018,0.781761632,6.136036825,4.154273701,0.791990796,190.1602966,27383.27734,4,2.6862082517885346
US_0005496,1991,9.027473943,451.6062222,1005.638159,8.217319696,422.7649109,-104.8141667,38.9272222,514.2085,2327.511764,2.120740172,22.61963501,20.10879707,48.0370369,30.25926018,0.781761632,6.064555502,4.156951427,0.793922571,190.7204437,27739.25508,4,2.274143304612165
US_0005496,1992,8.738195665,448.3906667,1014.393738,8.217319696,424.2835815,-104.8141667,38.9272222,514.2085,2327.511764,2.120740172,22.61963501,20.10879707,48.0370369,30.25926018,0.781761632,6.133518553,4.154033089,0.797641333,190.7118561,27994.22461,4,2.3951037060527134
US_0005496,1996,11.02725902,446.9333333,959.3467041,8.217319696,424.4875793,-104.8141667,38.9272222,514.2085,2327.511764,2.120740172,22.61963501,20.10879707,48.0370369,30.25926018,0.781761632,6.906777668,4.097581387,0.807595825,191.456485,31376.25586,4,2.5629905991814654
US_0005496,2002,16.00736857,403.0982222,985.2253174,8.217319696,387.2128937,-104.8141667,38.9272222,514.2085,2327.511764,2.120740172,22.61963501,20.10879707,48.0370369,30.25926018,0.781761632,5.953592539,4.075066614,0.785454309,195.8171936,39192.41563,4,2.5095593499684354
US_0005496,2003,15.74894575,389.3448889,1010.73335,8.217319696,369.0186737,-104.8141667,38.9272222,514.2085,2327.511764,2.120740172,22.61963501,20.10879707,48.0370369,30.25926018,0.781761632,5.062592554,4.085073996,0.779353076,195.8767487,40768.51797,4,2.1854751058115216
US_0005496,2004,12.56861473,387.7075556,1012.137817,8.217319696,366.3249054,-104.8141667,38.9272222,514.2085,2327.511764,2.120740172,22.61963501,20.10879707,48.0370369,30.25926018,0.781761632,4.708259153,4.079836893,0.780339197,195.3766693,42357.62422,4,2.135771045447406
US_0005496,2005,11.50904308,385.2893333,1010.118713,8.217319696,367.6586823,-104.8141667,38.9272222,514.2085,2327.511764,2.120740172,22.61963501,20.10879707,48.0370369,30.25926018,0.781761632,4.837185144,4.083922148,0.779415027,194.91474,44024.11172,4,2.2698058349228956
US_0005496,2006,10.95926457,400.0128889,1015.622266,8.217319696,374.3271332,-104.8141667,38.9272222,514.2085,2327.511764,2.120740172,22.61963501,20.10879707,48.0370369,30.25926018,0.781761632,4.191333294,4.132911015,0.773451147,195.3510376,45094.96484,4,2.060890699997087
US_0005496,2007,12.09881167,439.7786667,1025.782739,8.217319696,411.4582458,-104.8141667,38.9272222,514.2085,2327.511764,2.120740172,22.61963501,20.10879707,48.0370369,30.25926018,0.781761632,4.814333296,4.140725803,0.789485876,194.295108,46398.21172,4,2.1878463724699007
US_0005496,2008,12.66257998,438.6466667,1021.560486,8.217319696,414.2733459,-104.8141667,38.9272222,514.2085,2327.511764,2.120740172,22.61963501,20.10879707,48.0370369,30.25926018,0.781761632,4.566333342,4.187407207,0.785959705,195.1304779,47600.43047,4,2.3137465913957973
US_0005496,2009,13.02587937,439.4724444,1018.527588,8.217319696,417.1186768,-104.8141667,38.9272222,514.2085,2327.511764,2.120740172,22.61963501,20.10879707,48.0370369,30.25926018,0.781761632,4.602444506,4.2129035,0.794913367,195.4689636,48206.05625,4,2.3972991151907492
US_0005496,2010,13.03192827,443.0053333,1019.125366,8.217319696,420.8751099,-104.8141667,38.9272222,514.2085,2327.511764,2.120740172,22.61963501,20.10879707,48.0370369,30.25926018,0.781761632,5.062518549,4.2343997,0.806131628,196.0546295,48760.19531,4,2.4267319092689688
US_0005496,2011,12.42065251,430.0444444,1018.000049,8.217319696,409.5102173,-104.8141667,38.9272222,514.2085,2327.511764,2.120740172,22.61963501,20.10879707,48.0370369,30.25926018,0.781761632,5.377370453,4.255421829,0.809864294,196.4103027,48794.13125,4,2.4111955990024496
US_0005496,2012,11.37844555,387.1537778,1050.12356,8.217319696,372.019104,-104.8141667,38.9272222,514.2085,2327.511764,2.120740172,22.61963501,20.10879707,48.0370369,30.25926018,0.781761632,4.675777864,4.267899609,0.793785974,197.6642639,48072.36953,4,2.3329766626532353
US_0005496,2013,11.24967456,393.4915556,1036.088477,8.217319696,376.9617859,-104.8141667,38.9272222,514.2085,2327.511764,2.120740172,22.61963501,20.10879707,48.0370369,30.25926018,0.781761632,4.110999966,4.236092281,0.791573621,196.1910095,47911.73672,4,2.3274977729992976
US_0005496,2014,10.47507826,393.7617778,1037.780469,8.217319696,373.0289124,-104.8141667,38.9272222,514.2085,2327.511764,2.120740172,22.61963501,20.10879707,48.0370369,30.25926018,0.781761632,3.904222202,4.233007145,0.779064746,196.2942352,47697.07188,4,2.156415527730735
US_0005496,2015,14.70326509,424.2435556,1035.364905,8.217319696,396.1138062,-104.8141667,38.9272222,514.2085,2327.511764,2.120740172,22.61963501,20.10879707,48.0370369,30.25926018,0.781761632,4.135666656,4.178973866,0.775524084,194.5307892,47885.34297,4,2.0935277736881197
US_0005496,2016,14.96079511,428.9368889,1047.064856,8.217319696,402.1213684,-104.8141667,38.9272222,514.2085,2327.511764,2.120740172,22.61963501,20.10879707,48.0370369,30.25926018,0.781761632,4.773111153,4.135255432,0.780941602,194.3394562,49718.18203,4,2.1398098691036447
US_0005501,1996,127.3382454,493.54,765.4400391,9.00170951,427.8333313,-104.8641404,38.79054685,70.26937,2774.419703,6.454885266,21.50486488,24.9375,40.39583206,33.0,1.179508924,10.78666716,4.658722305,1.134606958,190.3455597,1012485.463,4,2.2317273398764588
US_0005501,1997,161.0493087,528.8866667,737.2933594,9.00170951,444.2766602,-104.8641404,38.79054685,70.26937,2774.419703,6.454885266,21.50486488,24.9375,40.39583206,33.0,1.179508924,11.79111147,4.666083527,1.142215259,190.5369446,957949.05,4,2.2338110834401173
US_0005501,1998,183.0484927,538.5933333,738.1033569,9.00170951,457.1899902,-104.8641404,38.79054685,70.26937,2774.419703,6.454885266,21.50486488,24.9375,40.39583206,33.0,1.179508924,12.58777819,4.645000076,1.148145825,191.5766663,904149.0875,4,2.368238943880697
US_0005501,2000,140.1728724,530.8833333,757.3333374,9.00170951,467.2399902,-104.8641404,38.79054685,70.26937,2774.419703,6.454885266,21.50486488,24.9375,40.39583206,33.0,1.179508924,12.13499994,4.671361065,1.122811084,192.7633362,918891.475,4,2.6102773519317988
US_0005501,2001,130.0396828,523.9733333,763.5333374,9.00170951,461.3533386,-104.8641404,38.79054685,70.26937,2774.419703,6.454885266,21.50486488,24.9375,40.39583206,33.0,1.179508924,12.82916641,4.627444363,1.11204165,192.2566711,923127.6,4,2.548230376782148
US_0005501,2002,82.53462609,447.3566667,785.5366699,9.00170951,404.4933411,-104.8641404,38.79054685,70.26937,2774.419703,6.454885266,21.50486488,24.9375,40.39583206,33.0,1.179508924,10.5952775,4.647638798,1.10589165,194.457785,924511.9375,4,2.34733983189816
US_0005501,2003,60.41002763,430.25,805.6766724,9.00170951,387.2600159,-104.8641404,38.79054685,70.26937,2774.419703,6.454885266,21.50486488,24.9375,40.39583206,33.0,1.179508924,9.604999638,4.65386095,1.099031934,194.4369507,919848.5625,4,2.168977571485039
US_0005501,2004,27.74738687,429.4733333,813.0933594,9.00170951,387.3333496,-104.8641404,38.79054685,70.26937,2774.419703,6.454885266,21.50486488,24.9375,40.39583206,33.0,1.179508924,9.163888645,4.652777672,1.115901392,194.0336121,912096.775,4,2.1668930081078557
US_0005501,2005,33.38451355,426.6366667,810.1833618,9.00170951,386.9566895,-104.8641404,38.79054685,70.26937,2774.419703,6.454885266,21.50486488,24.9375,40.39583206,33.0,1.179508924,9.29444437,4.657888794,1.139516675,193.475,891110.7,4,2.2157155148332195
US_0005501,2006,38.06419677,452.4433333,812.2900391,9.00170951,407.2133484,-104.8641404,38.79054685,70.26937,2774.419703,6.454885266,21.50486488,24.9375,40.39583206,33.0,1.179508924,8.95638895,4.707055473,1.157227759,193.8527771,885721.7875,4,2.2520781864831925
US_0005501,2007,59.76091022,499.1133333,817.4633789,9.00170951,439.6133484,-104.8641404,38.79054685,70.26937,2774.419703,6.454885266,21.50486488,24.9375,40.39583206,33.0,1.179508924,10.6827776,4.710944366,1.183676392,192.7313873,885153.0,4,2.2468534944328216
US_0005501,2008,59.23734152,501.2866667,811.8800415,9.00170951,444.7566833,-104.8641404,38.79054685,70.26937,2774.419703,6.454885266,21.50486488,24.9375,40.39583206,33.0,1.179508924,10.62444439,4.752249908,1.2085125,193.5577759,916914.775,4,2.3415260032955825
US_0005501,2009,61.83495329,499.7966667,800.5433594,9.00170951,439.5900146,-104.8641404,38.79054685,70.26937,2774.419703,6.454885266,21.50486488,24.9375,40.39583206,33.0,1.179508924,10.84444447,4.777305412,1.228943066,193.8763885,922993.65,4,2.284885789562572
US_0005501,2010,62.06119145,502.4333333,801.6700195,9.00170951,440.6566833,-104.8641404,38.79054685,70.26937,2774.419703,6.454885266,21.50486488,24.9375,40.39583206,33.0,1.179508924,11.33083305,4.798583221,1.234112524,194.5799988,964958.1125,4,2.2680072942288008
US_0005501,2011,58.22990021,476.9666667,797.1100098,9.00170951,419.3733459,-104.8641404,38.79054685,70.26937,2774.419703,6.454885266,21.50486488,24.9375,40.39583206,33.0,1.179508924,11.1786108,4.826610947,1.239762549,195.0291626,977704.65,4,2.187689928404272
US_0005501,2012,38.56903368,426.16,827.7,9.00170951,389.4933411,-104.8641404,38.79054685,70.26937,2774.419703,6.454885266,21.50486488,24.9375,40.39583206,33.0,1.179508924,10.03000002,4.841833115,1.229011133,196.3433258,983924.8375,4,2.250708641160883
US_0005501,2013,58.91292798,433.1,816.1366577,9.00170951,396.5633362,-104.8641404,38.79054685,70.26937,2774.419703,6.454885266,21.50486488,24.9375,40.39583206,33.0,1.179508924,9.349444389,4.81463871,1.210038892,194.8411041,969500.5875,4,2.3320677402802943
US_0005501,2014,53.39714776,436.0466667,825.7433228,9.00170951,399.956665,-104.8641404,38.79054685,70.26937,2774.419703,6.454885266,21.50486488,24.9375,40.39583206,33.0,1.179508924,9.183888817,4.811610985,1.188587476,194.8611084,988962.8125,4,2.3415701938335296
US_0005501,2015,103.7891974,472.9633333,819.5733398,9.00170951,413.4333252,-104.8641404,38.79054685,70.26937,2774.419703,6.454885266,21.50486488,24.9375,40.39583206,33.0,1.179508924,9.185000229,4.755194378,1.167143018,193.0100006,960282.375,4,2.068194336488437
US_0005501,2016,107.1088817,479.4333333,829.5100098,9.00170951,409.4299866,-104.8641404,38.79054685,70.26937,2774.419703,6.454885266,21.50486488,24.9375,40.39583206,33.0,1.179508924,9.931667137,4.70452776,1.167372192,192.7213898,923308.65,4,1.9077807078728681
US_0005503,1993,65.73304869,458.6569091,966.3716797,7.640249338,424.6723572,-104.7958069,38.8030491,1073.335,2414.919949,3.352867821,22.77485782,21.95624924,41.54166794,34.45208359,1.010028877,7.026030636,4.231647015,0.843760999,190.827417,193907.85,4,2.2407006256746076
US_0005503,1995,105.3164545,462.2225455,934.9674805,7.640249338,421.1339966,-104.7958069,38.8030491,1073.335,2414.919949,3.352867821,22.77485782,21.95624924,41.54166794,34.45208359,1.010028877,7.256136608,4.183137798,0.851682715,190.9761536,189881.7094,4,2.143693131688753
US_0005503,1996,109.3051513,454.7016364,939.8369141,7.640249338,417.1049133,-104.7958069,38.8030491,1073.335,2414.919949,3.352867821,22.77485782,21.95624924,41.54166794,34.45208359,1.010028877,7.151409435,4.192461967,0.858383679,191.5500488,186800.6813,4,2.1736511468978446
US_0005503,2002,130.3053028,410.6258182,963.0817871,7.640249338,384.0283966,-104.7958069,38.8030491,1073.335,2414.919949,3.352867821,22.77485782,21.95624924,41.54166794,34.45208359,1.010028877,6.594182158,4.174016571,0.841756653,195.8197845,190461.4188,4,2.17406616083689
US_0005503,2003,116.7023147,396.3634545,988.3405151,7.640249338,367.1683868,-104.7958069,38.8030491,1073.335,2414.919949,3.352867821,22.77485782,21.95624924,41.54166794,34.45208359,1.010028877,5.752348471,4.182624149,0.834673145,195.8509705,194075.9469,4,1.9809630072417155
US_0005503,2004,81.85499382,394.7990909,989.6588745,7.640249338,364.9174591,-104.7958069,38.8030491,1073.335,2414.919949,3.352867821,22.77485782,21.95624924,41.54166794,34.45208359,1.010028877,5.350242376,4.179018021,0.832251746,195.3888123,197474.5125,4,1.9530385040461655
US_0005503,2005,79.2479676,392.1670909,987.8749146,7.640249338,365.106369,-104.7958069,38.8030491,1073.335,2414.919949,3.352867821,22.77485782,21.95624924,41.54166794,34.45208359,1.010028877,5.489803076,4.183486176,0.8293302,194.8886414,199748.3875,4,2.017028461916618
US_0005503,2006,80.24097574,410.2429091,994.330188,7.640249338,376.1689117,-104.7958069,38.8030491,1073.335,2414.919949,3.352867821,22.77485782,21.95624924,41.54166794,34.45208359,1.010028877,5.134878874,4.232322598,0.826767456,195.2988281,201331.9656,4,1.9259561438120203
US_0005503,2007,93.2191479,451.8505455,1001.242004,7.640249338,411.0516235,-104.7958069,38.8030491,1073.335,2414.919949,3.352867821,22.77485782,21.95624924,41.54166794,34.45208359,1.010028877,6.061697292,4.238319683,0.839045813,194.2141693,203636.2438,4,1.9830611597974306
US_0005503,2008,96.03388049,451.5676364,995.3772949,7.640249338,414.3267151,-104.7958069,38.8030491,1073.335,2414.919949,3.352867821,22.77485782,21.95624924,41.54166794,34.45208359,1.010028877,6.007772827,4.282883358,0.835826196,195.0429108,210006.8094,4,2.0688737116239113
US_0005503,2009,95.33324335,451.5030909,991.7029541,7.640249338,413.8512634,-104.7958069,38.8030491,1073.335,2414.919949,3.352867821,22.77485782,21.95624924,41.54166794,34.45208359,1.010028877,6.189909077,4.308313656,0.84624375,195.372049,212917.8813,4,2.064824297539805
US_0005503,2010,98.0630498,454.5469091,992.709668,7.640249338,417.6152527,-104.7958069,38.8030491,1073.335,2414.919949,3.352867821,22.77485782,21.95624924,41.54166794,34.45208359,1.010028877,6.590999889,4.329795551,0.856420496,196.0022522,218760.5156,4,2.0965719258550544
US_0005503,2011,94.84768685,437.4490909,989.1401855,7.640249338,402.6165283,-104.7958069,38.8030491,1073.335,2414.919949,3.352867821,22.77485782,21.95624924,41.54166794,34.45208359,1.010028877,6.717030144,4.353790951,0.856736853,196.3930237,220442.2313,4,2.0593412039213237
US_0005503,2012,83.21194,392.4170909,1020.492188,7.640249338,368.1854462,-104.7958069,38.8030491,1073.335,2414.919949,3.352867821,22.77485782,21.95624924,41.54166794,34.45208359,1.010028877,5.931257153,4.367565155,0.846069397,197.6714142,219305.2125,4,2.0566881431040454
US_0005503,2013,88.0752473,398.7314545,1007.688379,7.640249338,373.8350861,-104.7958069,38.8030491,1073.335,2414.919949,3.352867821,22.77485782,21.95624924,41.54166794,34.45208359,1.010028877,5.399408865,4.33757267,0.844906885,196.1881805,217133.2125,4,2.0889670540198044
US_0005503,2014,88.05963092,399.9969091,1010.81344,7.640249338,373.1909027,-104.7958069,38.8030491,1073.335,2414.919949,3.352867821,22.77485782,21.95624924,41.54166794,34.45208359,1.010028877,5.209545374,4.334493923,0.835915442,196.2555634,218376.7969,4,2.03492212246872
US_0005503,2015,125.0878306,432.3669091,1006.513806,7.640249338,393.3067169,-104.7958069,38.8030491,1073.335,2414.919949,3.352867821,22.77485782,21.95624924,41.54166794,34.45208359,1.010028877,5.30465169,4.279327202,0.836226111,194.460083,214834.375,4,1.9131146128332392
US_0005519,1989,70.91,373.46,1046.76,6.959523392,328.050531,-103.9146,38.1271,27929.34,2218.310337,2.186757875,24.62740917,19.53661346,46.71466827,31.83898926,1.880082549,5.925645447,3.972910643,0.574810022,195.0960907,26893.43008,4,1.495881369006656
US_0005519,1990,60.3,386.51,1056.19,6.959523392,342.4882751,-103.9146,38.1271,27929.34,2218.310337,2.186757875,24.62740917,19.53661346,46.71466827,31.83898926,1.880082549,5.695502949,3.980955839,0.575198413,195.1556976,27557.84531,4,1.5622967294837655
US_0005519,1991,53.9,383.4,1051.54,6.959523392,337.0930237,-103.9146,38.1271,27929.34,2218.310337,2.186757875,24.62740917,19.53661346,46.71466827,31.83898926,1.880082549,5.432749081,3.936120749,0.576370276,195.7229462,28489.09648,4,1.5190813845967746
US_0005519,1992,46.18,380.83,1057.48,6.959523392,343.2001465,-103.9146,38.1271,27929.34,2218.310337,2.186757875,24.62740917,19.53661346,46.71466827,31.83898926,1.880082549,5.10496006,3.773835421,0.576774133,195.6672821,29386.30156,4,1.6440672461504842
US_0005519,1993,49.69,387.43,1044.5,6.959523392,346.5199036,-103.9146,38.1271,27929.34,2218.310337,2.186757875,24.62740917,19.53661346,46.71466827,31.83898926,1.880082549,5.238595867,3.990354061,0.575577039,195.8397125,30598.71094,4,1.6272375641032615
US_0005519,1994,54.05,401.86,1037.81,6.959523392,358.1112122,-103.9146,38.1271,27929.34,2218.310337,2.186757875,24.62740917,19.53661346,46.71466827,31.83898926,1.880082549,5.417634296,3.884029627,0.5783901,195.8499939,31641.19258,4,1.648594503870996
US_0005519,1995,66.55,389.54,1028.53,6.959523392,346.5171875,-103.9146,38.1271,27929.34,2218.310337,2.186757875,24.62740917,19.53661346,46.71466827,31.83898926,1.880082549,5.366063118,3.859535456,0.583592053,195.8284943,32057.72148,4,1.616167589793073
US_0005519,1996,69.97,388.8,1039.76,6.959523392,347.4050598,-103.9146,38.1271,27929.34,2218.310337,2.186757875,24.62740917,19.53661346,46.71466827,31.83898926,1.880082549,5.225251198,4.024907589,0.58409281,196.6183228,32635.4418,4,1.6294072855315958
US_0005519,1997,77.04,410.15,1017.44,6.959523392,359.5755249,-103.9146,38.1271,27929.34,2218.310337,2.186757875,24.62740917,19.53661346,46.71466827,31.83898926,1.880082549,5.370410061,3.819452047,0.585862195,196.5625092,33620.39805,4,1.5982731733381457
US_0005519,1998,79.4,414.95,1015.29,6.959523392,365.5726013,-103.9146,38.1271,27929.34,2218.310337,2.186757875,24.62740917,19.53661346,46.71466827,31.83898926,1.880082549,5.791248894,3.867373705,0.590883325,197.5286621,34449.91836,4,1.63884051783328
US_0005519,1999,86.55,422.46,1009.54,6.959523392,373.1659729,-103.9146,38.1271,27929.34,2218.310337,2.186757875,24.62740917,19.53661346,46.71466827,31.83898926,1.880082549,6.1687356,3.959254265,0.588089893,197.5300232,35916.2543,4,1.679041683833153
US_0005519,2000,75.68,410.34,1021.69,6.959523392,362.5095764,-103.9146,38.1271,27929.34,2218.310337,2.186757875,24.62740917,19.53661346,46.71466827,31.83898926,1.880082549,5.959399891,3.947817564,0.579242456,198.8668732,37458.14141,4,1.636155599410943
US_0005519,2001,72.13,407.18,1016.41,6.959523392,359.7476807,-103.9146,38.1271,27929.34,2218.310337,2.186757875,24.62740917,19.53661346,46.71466827,31.83898926,1.880082549,6.272719002,3.80300808,0.580794446,198.4244659,39087.76641,4,1.6339967320049174
US_0005519,2002,56.84,356.53,1041.11,6.959523392,320.6969604,-103.9146,38.1271,27929.34,2218.310337,2.186757875,24.62740917,19.53661346,46.71466827,31.83898926,1.880082549,5.81941123,3.979748964,0.57215448,200.8737396,39920.64922,4,1.585471552686411
US_0005519,2003,48.17,341.56,1063.03,6.959523392,304.775531,-103.9146,38.1271,27929.34,2218.310337,2.186757875,24.62740917,19.53661346,46.71466827,31.83898926,1.880082549,5.195570326,3.897772312,0.565907349,200.9210602,41041.64375,4,1.4875704319633491
US_0005519,2004,35.48,336.9,1062.61,6.959523392,298.2785706,-103.9146,38.1271,27929.34,2218.310337,2.186757875,24.62740917,19.53661346,46.71466827,31.83898926,1.880082549,4.747108889,3.967756033,0.569477612,200.4688232,41909.84141,4,1.4389526113470443
US_0005519,2005,34.39,338.32,1061.32,6.959523392,301.9068726,-103.9146,38.1271,27929.34,2218.310337,2.186757875,24.62740917,19.53661346,46.71466827,31.83898926,1.880082549,4.865978479,3.976068258,0.569707703,199.8416443,42766.38828,4,1.4816649670365467
US_0005519,2006,35.12,351.4,1066.45,6.959523392,312.3413025,-103.9146,38.1271,27929.34,2218.310337,2.186757875,24.62740917,19.53661346,46.71466827,31.83898926,1.880082549,4.756367064,4.024132729,0.567712647,199.9891754,43236.81719,4,1.4881190921510379
US_0005519,2007,46.84,385.9,1068.28,6.959523392,336.1489929,-103.9146,38.1271,27929.34,2218.310337,2.186757875,24.62740917,19.53661346,46.71466827,31.83898926,1.880082549,5.233518887,3.935011864,0.585055566,198.7688324,44149.31016,4,1.4672387394637838
US_0006496,1989,421.05,624.8,853.44,5.829073524,504.2379211,-105.6521,36.6854,468.9001,2997.177396,4.606622122,22.08217977,19.6620369,46.74074173,31.63888931,1.422541259,25.86704865,4.732795238,0.902162061,201.5572296,3684.185791,4,2.001212285414036
US_0006496,1990,363.09,636.93,855.83,5.829073524,503.6129211,-105.6521,36.6854,468.9001,2997.177396,4.606622122,22.08217977,19.6620369,46.74074173,31.63888931,1.422541259,24.2588192,4.715937138,0.905982288,201.714032,3857.251416,4,1.9150898132122978
US_0006496,1991,356.27,613.82,855.51,5.829073524,487.2370972,-105.6521,36.6854,468.9001,2997.177396,4.606622122,22.08217977,19.6620369,46.74074173,31.63888931,1.422541259,23.09708328,4.720780849,0.903856055,202.2893799,4013.283838,4,1.865037003812363
US_0006496,1992,346.99,599.99,862.06,5.829073524,501.4270996,-105.6521,36.6854,468.9001,2997.177396,4.606622122,22.08217977,19.6620369,46.74074173,31.63888931,1.422541259,22.24600716,4.534131527,0.903534265,202.3455933,4106.989746,4,2.1219986681293226
US_0006496,1993,385.25,606.56,867.13,5.829073524,487.1612671,-105.6521,36.6854,468.9001,2997.177396,4.606622122,22.08217977,19.6620369,46.74074173,31.63888931,1.422541259,22.78725777,4.808333397,0.897528845,202.9086487,4200.859277,4,1.881444740312795
US_0006496,1994,427.87,639.63,854.53,5.829073524,494.9071045,-105.6521,36.6854,468.9001,2997.177396,4.606622122,22.08217977,19.6620369,46.74074173,31.63888931,1.422541259,24.15621643,4.624948025,0.891911084,202.0380219,4248.766504,4,1.8118552495274969
US_0006496,1995,485.82,604.72,857.73,5.829073524,482.6491882,-105.6521,36.6854,468.9001,2997.177396,4.606622122,22.08217977,19.6620369,46.74074173,31.63888931,1.422541259,23.8527092,4.73010397,0.894497022,202.7495544,4173.471045,4,1.8618294565121836
US_0006496,1996,447.84,578.11,876.58,5.829073524,474.5833557,-105.6521,36.6854,468.9001,2997.177396,4.606622122,22.08217977,19.6620369,46.74074173,31.63888931,1.422541259,21.17277851,4.820104122,0.902903479,204.1732666,4132.812988,4,1.8969725939598674
US_0006496,1997,443.21,607.3,857.3,5.829073524,480.2812744,-105.6521,36.6854,468.9001,2997.177396,4.606622122,22.08217977,19.6620369,46.74074173,31.63888931,1.422541259,20.46451435,4.587951183,0.904754285,203.613858,4263.018457,4,1.822184315422839
US_0006496,1998,409.12,601.56,850.03,5.829073524,488.3312744,-105.6521,36.6854,468.9001,2997.177396,4.606622122,22.08217977,19.6620369,46.74074173,31.63888931,1.422541259,21.62822933,4.78881979,0.903991931,204.4266693,4369.277051,4,1.9659424029405352
US_0006496,1999,375.02,587.69,840.32,5.829073524,486.4933472,-105.6521,36.6854,468.9001,2997.177396,4.606622122,22.08217977,19.6620369,46.74074173,31.63888931,1.422541259,23.56190929,4.790659428,0.90549469,205.0177155,4482.678516,4,2.066208250146808
US_0006496,2000,300.84,590.22,837.02,5.829073524,481.1208496,-105.6521,36.6854,468.9001,2997.177396,4.606622122,22.08217977,19.6620369,46.74074173,31.63888931,1.422541259,24.23274326,4.825781345,0.903338525,205.9222595,4653.944189,4,1.9839748798823482
US_0006496,2001,317.06,599.24,829.49,5.829073524,473.5904297,-105.6521,36.6854,468.9001,2997.177396,4.606622122,22.08217977,19.6620369,46.74074173,31.63888931,1.422541259,27.88156281,4.662760258,0.902900085,205.4699005,4823.967383,4,1.8545865761573113
US_0006496,2002,272.74,549.15,846.56,5.829073524,449.6120911,-105.6521,36.6854,468.9001,2997.177396,4.606622122,22.08217977,19.6620369,46.74074173,31.63888931,1.422541259,27.38152809,4.82987833,0.90184978,208.2187897,4883.504785,4,1.8527228662980815
US_0006496,2003,255.7,519.21,857.79,5.829073524,425.7545898,-105.6521,36.6854,468.9001,2997.177396,4.606622122,22.08217977,19.6620369,46.74074173,31.63888931,1.422541259,24.55604172,4.741892338,0.89827511,208.3376099,4933.42334,4,1.7503199898697945
US_0006496,2004,227.34,519.53,857.37,5.829073524,416.8479248,-105.6521,36.6854,468.9001,2997.177396,4.606622122,22.08217977,19.6620369,46.74074173,31.63888931,1.422541259,21.95229187,4.76006937,0.889850256,207.6379913,5008.360156,4,1.6489447655165048
US_0006496,2005,276.15,519.96,854.84,5.829073524,421.8879211,-105.6521,36.6854,468.9001,2997.177396,4.606622122,22.08217977,19.6620369,46.74074173,31.63888931,1.422541259,21.05861092,4.759270191,0.88013573,206.9062561,5062.605273,4,1.7055583145195863
US_0006496,2006,259.11,526.72,847.76,5.829073524,430.9066711,-105.6521,36.6854,468.9001,2997.177396,4.606622122,22.08217977,19.6620369,46.74074173,31.63888931,1.422541259,19.34774284,4.792083263,0.874185291,206.6057709,5149.52959,4,1.7780630127704264
US_0006496,2007,298.31,565.97,851.06,5.829073524,450.0516785,-105.6521,36.6854,468.9001,2997.177396,4.606622122,22.08217977,19.6620369,46.74074173,31.63888931,1.422541259,21.29586792,4.70197916,0.867079273,205.4771271,5195.101758,4,1.7432124555390685
US_0006496,2008,353.83,581.22,849.13,5.829073524,464.2537598,-105.6521,36.6854,468.9001,2997.177396,4.606622122,22.08217977,19.6620369,46.74074173,31.63888931,1.422541259,21.30090294,4.947846889,0.85970846,205.3591736,5147.452344,4,1.8131364830968346
US_0006496,2009,393.77,560.11,849.17,5.829073524,463.3637634,-105.6521,36.6854,468.9001,2997.177396,4.606622122,22.08217977,19.6620369,46.74074173,31.63888931,1.422541259,21.07986145,4.955521107,0.868629614,206.1430603,5025.290137,4,1.9430935926202448
US_0006496,2010,378.43,553.91,858.63,5.829073524,458.9816772,-105.6521,36.6854,468.9001,2997.177396,4.606622122,22.08217977,19.6620369,46.74074173,31.63888931,1.422541259,21.46975708,4.901527405,0.881272717,207.037854,4892.986035,4,1.9120099061470779
US_0006496,2011,380.14,521.1,873.85,5.829073524,432.1891724,-105.6521,36.6854,468.9001,2997.177396,4.606622122,22.08217977,19.6620369,46.74074173,31.63888931,1.422541259,19.95145836,5.083350658,0.885879358,208.5396576,4716.927246,4,1.7870523867681731
US_0006496,2012,358.96,461.86,898.25,5.829073524,403.1166626,-105.6521,36.6854,468.9001,2997.177396,4.606622122,22.08217977,19.6620369,46.74074173,31.63888931,1.422541259,17.86913223,4.85281229,0.893918726,209.9773285,4527.676367,4,1.8661548737622757
US_0006496,2013,300.02,453.16,893.52,5.829073524,398.2749939,-105.6521,36.6854,468.9001,2997.177396,4.606622122,22.08217977,19.6620369,46.74074173,31.63888931,1.422541259,16.57465286,4.874149323,0.896096924,209.5724335,4466.561328,4,1.892294005661486
US_0006496,2014,269.33,463.74,896.22,5.829073524,403.2441589,-105.6521,36.6854,468.9001,2997.177396,4.606622122,22.08217977,19.6620369,46.74074173,31.63888931,1.422541259,16.69836807,4.953802109,0.890602637,209.3763916,4505.975391,4,1.851186552009528
US_0006496,2015,274.45,521.88,882.58,5.829073524,433.2950073,-105.6521,36.6854,468.9001,2997.177396,4.606622122,22.08217977,19.6620369,46.74074173,31.63888931,1.422541259,18.51829872,4.640312672,0.889720203,207.2375,4591.616992,4,1.7799494303917673
US_0006496,2016,271.78,548.55,888.53,5.829073524,459.6329346,-105.6521,36.6854,468.9001,2997.177396,4.606622122,22.08217977,19.6620369,46.74074173,31.63888931,1.422541259,21.30427132,4.792395592,0.899464819,206.1342377,4666.146484,4,1.9013972647673214
US_0006508,1995,655.7,669.39,829.83,7.616666889,533.8433472,-105.6021,36.1687,257.6597,3016.824075,3.778988989,21.8478539,23.96999931,47.59000015,26.73999977,2.07767881,21.64733467,5.115805626,1.339526367,204.3703369,5662.581738,4,2.156951542892796
US_0006508,1996,657.5,633.86,847.02,7.616666889,520.7920166,-105.6021,36.1687,257.6597,3016.824075,3.778988989,21.8478539,23.96999931,47.59000015,26.73999977,2.07767881,18.48950052,5.179111004,1.339450024,205.9750641,5663.045313,4,2.1731154739436844
US_0006508,1997,655.7,677.1,823.2,7.616666889,533.0493591,-105.6021,36.1687,257.6597,3016.824075,3.778988989,21.8478539,23.96999931,47.59000015,26.73999977,2.07767881,18.42755632,4.931027889,1.341801318,205.3360168,5756.295313,4,2.1207065087516463
US_0006508,1998,655.7,671.03,811.57,7.616666889,545.4560059,-105.6021,36.1687,257.6597,3016.824075,3.778988989,21.8478539,23.96999931,47.59000015,26.73999977,2.07767881,19.86183443,5.150389194,1.349574658,206.1104584,5845.662793,4,2.376911053890354
US_0006508,1999,540.17,661.28,798.17,7.616666889,546.077356,-105.6021,36.1687,257.6597,3016.824075,3.778988989,21.8478539,23.96999931,47.59000015,26.73999977,2.07767881,21.10372286,5.147805214,1.348670313,206.8886841,5913.332422,4,2.5259002716438874
US_0006508,2000,385.1,669.46,793.93,7.616666889,538.1546753,-105.6021,36.1687,257.6597,3016.824075,3.778988989,21.8478539,23.96999931,47.59000015,26.73999977,2.07767881,21.30761156,5.190610886,1.336750269,207.6241211,6064.346191,4,2.34880455317968
US_0006508,2001,402.79,677.03,789.23,7.616666889,526.6546692,-105.6021,36.1687,257.6597,3016.824075,3.778988989,21.8478539,23.96999931,47.59000015,26.73999977,2.07767881,24.71283417,5.012415886,1.338190942,207.1881165,6184.988867,4,2.155750637619822
US_0006508,2002,299.75,620.77,808.71,7.616666889,499.6339844,-105.6021,36.1687,257.6597,3016.824075,3.778988989,21.8478539,23.96999931,47.59000015,26.73999977,2.07767881,23.81877823,5.172277927,1.328875293,209.8977234,6313.242383,4,2.092471739035599
US_0006508,2003,252.91,584.41,820.74,7.616666889,469.9419983,-105.6021,36.1687,257.6597,3016.824075,3.778988989,21.8478539,23.96999931,47.59000015,26.73999977,2.07767881,21.11433372,5.088472366,1.312574609,210.1309448,6431.379883,4,1.9224199230467562
US_0006508,2004,203.51,589.49,820.73,7.616666889,459.4879944,-105.6021,36.1687,257.6597,3016.824075,3.778988989,21.8478539,23.96999931,47.59000015,26.73999977,2.07767881,19.0091671,5.073915958,1.30807561,209.2703888,6620.642773,4,1.7742766095145734
US_0006508,2005,277.89,594.42,817.42,7.616666889,465.8566711,-105.6021,36.1687,257.6597,3016.824075,3.778988989,21.8478539,23.96999931,47.59000015,26.73999977,2.07767881,18.14961205,5.065750122,1.308819995,208.5860596,6734.807129,4,1.8232026104789416
US_0006508,2006,259.16,603.01,809.23,7.616666889,474.9860107,-105.6021,36.1687,257.6597,3016.824075,3.778988989,21.8478539,23.96999931,47.59000015,26.73999977,2.07767881,16.50933399,5.106056213,1.318460303,208.1677856,6810.763379,4,1.8965846563003104
US_0006508,2007,321.6,641.77,812.33,7.616666889,495.3133484,-105.6021,36.1687,257.6597,3016.824075,3.778988989,21.8478539,23.96999931,47.59000015,26.73999977,2.07767881,18.08061199,5.030944347,1.329025342,207.2142853,6828.372168,4,1.9055198038505794
US_0006508,2008,331.88,667.5,810.02,7.616666889,518.4886841,-105.6021,36.1687,257.6597,3016.824075,3.778988989,21.8478539,23.96999931,47.59000015,26.73999977,2.07767881,18.08705654,5.288277626,1.338747681,206.8285095,6723.596582,4,2.039292662050659
US_0006508,2009,321.6,631.98,812.5,7.616666889,514.7580139,-105.6021,36.1687,257.6597,3016.824075,3.778988989,21.8478539,23.96999931,47.59000015,26.73999977,2.07767881,17.12377892,5.277944565,1.346708667,207.8070679,6571.518945,4,2.2105334254337046
US_0006508,2010,305.99,628.88,821.09,7.616666889,514.6100098,-105.6021,36.1687,257.6597,3016.824075,3.778988989,21.8478539,23.96999931,47.59000015,26.73999977,2.07767881,16.89955635,5.215027809,1.362284668,208.6536774,6422.047559,4,2.2035303505185415
US_0006508,2011,305.99,581.4,839.65,7.616666889,481.2780029,-105.6021,36.1687,257.6597,3016.824075,3.778988989,21.8478539,23.96999931,47.59000015,26.73999977,2.07767881,15.65188942,5.409999371,1.363580029,210.4519531,6306.941895,4,2.0445279988049143
US_0006508,2012,275.52,516.55,867.25,7.616666889,450.9206665,-105.6021,36.1687,257.6597,3016.824075,3.778988989,21.8478539,23.96999931,47.59000015,26.73999977,2.07767881,14.12827797,5.178111076,1.348622656,211.8330109,6144.198438,4,2.1186659986225527
US_0006508,2013,240.42,505.11,862.15,7.616666889,440.2180054,-105.6021,36.1687,257.6597,3016.824075,3.778988989,21.8478539,23.96999931,47.59000015,26.73999977,2.07767881,13.08933334,5.203027725,1.343181323,211.7446198,6128.577148,4,2.0737765033058606
US_0006508,2014,227.93,520.84,862.94,7.616666889,445.9420105,-105.6021,36.1687,257.6597,3016.824075,3.778988989,21.8478539,23.96999931,47.59000015,26.73999977,2.07767881,14.13444424,5.276194572,1.341607007,211.5011139,6141.643262,4,2.000435545046227
US_0006508,2015,206.08,576.2,851.68,7.616666889,476.5460083,-105.6021,36.1687,257.6597,3016.824075,3.778988989,21.8478539,23.96999931,47.59000015,26.73999977,2.07767881,16.50055561,4.970777512,1.33977063,209.3187805,6228.371875,4,1.9906885001392691
US_0006508,2016,194.12,611.35,854.01,7.616666889,513.6420166,-105.6021,36.1687,257.6597,3016.824075,3.778988989,21.8478539,23.96999931,47.59000015,26.73999977,2.07767881,19.02411079,5.127527237,1.355051929,208.0205536,6344.442969,4,2.2300020651447294
US_0006516,1989,271.14,583.3,952.14,6.446080494,476.7510803,-106.4188,36.2396,5543.8,2480.165052,2.39270539,21.83961495,24.49665642,40.4431572,33.27083206,1.628630637,25.15866852,3.608455181,0.806031604,204.484021,3668.952881,4,1.7518189763212546
US_0006516,1990,241.87,600.91,957.06,6.446080494,483.6142944,-106.4188,36.2396,5543.8,2480.165052,2.39270539,21.83961495,24.49665642,40.4431572,33.27083206,1.628630637,23.31272621,3.545778275,0.808522022,204.739267,3790.962012,4,1.7128846557818787
US_0006516,1991,227.55,573.87,951.47,6.446080494,458.1908325,-106.4188,36.2396,5543.8,2480.165052,2.39270539,21.83961495,24.49665642,40.4431572,33.27083206,1.628630637,22.97011337,3.565505743,0.803903516,205.5146027,3896.878174,4,1.6214069214852538
US_0006516,1992,207.47,570.34,953.15,6.446080494,472.7858154,-106.4188,36.2396,5543.8,2480.165052,2.39270539,21.83961495,24.49665642,40.4431572,33.27083206,1.628630637,22.3760807,3.392388821,0.801513269,205.2620026,3953.616455,4,1.7895364530784414
US_0006516,1993,239.56,570.42,960.28,6.446080494,460.2720154,-106.4188,36.2396,5543.8,2480.165052,2.39270539,21.83961495,24.49665642,40.4431572,33.27083206,1.628630637,23.4183094,3.718173742,0.799228491,205.615683,4009.220313,4,1.647407023650924
US_0006516,1994,263.6,611.31,945.92,6.446080494,483.0225098,-106.4188,36.2396,5543.8,2480.165052,2.39270539,21.83961495,24.49665642,40.4431572,33.27083206,1.628630637,24.82852211,3.506586075,0.797374658,204.0686096,4041.34458,4,1.6707639579070874
US_0006516,1995,307.04,564.31,959.37,6.446080494,463.5806519,-106.4188,36.2396,5543.8,2480.165052,2.39270539,21.83961495,24.49665642,40.4431572,33.27083206,1.628630637,25.41699562,3.631947756,0.801023865,205.015921,3985.005615,4,1.7179659525818556
US_0006516,1996,298.46,538.19,984.68,6.446080494,453.6870728,-106.4188,36.2396,5543.8,2480.165052,2.39270539,21.83961495,24.49665642,40.4431572,33.27083206,1.628630637,22.76091518,3.714981079,0.804188989,206.2036591,3965.533887,4,1.747839430397581
US_0006516,1997,282.24,570.92,969.7,6.446080494,470.0910767,-106.4188,36.2396,5543.8,2480.165052,2.39270539,21.83961495,24.49665642,40.4431572,33.27083206,1.628630637,22.48873768,3.436448812,0.808387366,205.6299194,4045.740723,4,1.730722353151063
US_0006516,1998,268.83,566.63,960.22,6.446080494,478.6367126,-106.4188,36.2396,5543.8,2480.165052,2.39270539,21.83961495,24.49665642,40.4431572,33.27083206,1.628630637,23.26940327,3.648933411,0.807887988,206.2958496,4112.214893,4,1.8743704333572773
US_0006516,1999,236.94,546.77,949.36,6.446080494,474.2812012,-106.4188,36.2396,5543.8,2480.165052,2.39270539,21.83961495,24.49665642,40.4431572,33.27083206,1.628630637,23.64020252,3.621313334,0.804846252,207.0495361,4186.277783,4,2.0071631803711187
US_0006516,2000,222.61,554.64,933.47,6.446080494,465.9224304,-106.4188,36.2396,5543.8,2480.165052,2.39270539,21.83961495,24.49665642,40.4431572,33.27083206,1.628630637,23.15940342,3.663074493,0.796409753,207.7886688,4321.114111,4,1.8527280312103338
US_0006516,2001,201.51,566.28,920.02,6.446080494,465.1072083,-106.4188,36.2396,5543.8,2480.165052,2.39270539,21.83961495,24.49665642,40.4431572,33.27083206,1.628630637,26.54481506,3.541320086,0.797174121,207.4460846,4474.023926,4,1.7841050341989901
US_0006516,2002,195.5,502.89,937.79,6.446080494,425.4379028,-106.4188,36.2396,5543.8,2480.165052,2.39270539,21.83961495,24.49665642,40.4431572,33.27083206,1.628630637,24.34827862,3.619029522,0.787821619,210.2138214,4508.811816,4,1.7408096885235838
US_0006516,2003,173.32,482.34,949.21,6.446080494,405.6610779,-106.4188,36.2396,5543.8,2480.165052,2.39270539,21.83961495,24.49665642,40.4431572,33.27083206,1.628630637,22.00841198,3.562006235,0.784502454,210.4699554,4537.42998,4,1.6424955175014324
US_0006516,2004,170.7,477.61,950.27,6.446080494,385.4681519,-106.4188,36.2396,5543.8,2480.165052,2.39270539,21.83961495,24.49665642,40.4431572,33.27083206,1.628630637,21.24478397,3.58738184,0.777214966,209.9070313,4591.483105,4,1.4578620766601516
US_0006516,2005,160.99,484.71,948.82,6.446080494,394.826886,-106.4188,36.2396,5543.8,2480.165052,2.39270539,21.83961495,24.49665642,40.4431572,33.27083206,1.628630637,21.65702381,3.584502697,0.778669544,209.1120514,4618.466895,4,1.5093521909613272
US_0006516,2006,164.54,497.47,942.44,6.446080494,406.8634277,-106.4188,36.2396,5543.8,2480.165052,2.39270539,21.83961495,24.49665642,40.4431572,33.27083206,1.628630637,19.7659502,3.593643427,0.772325012,208.5859589,4612.235742,4,1.5613101945126504
US_0006516,2007,154.83,550.1,945.71,6.446080494,434.0617798,-106.4188,36.2396,5543.8,2480.165052,2.39270539,21.83961495,24.49665642,40.4431572,33.27083206,1.628630637,22.31316566,3.499320984,0.780749817,207.3108337,4649.615039,4,1.529301823601046
US_0006516,2008,185.53,568.15,943.19,6.446080494,443.7432251,-106.4188,36.2396,5543.8,2480.165052,2.39270539,21.83961495,24.49665642,40.4431572,33.27083206,1.628630637,22.84352913,3.795480251,0.780936267,207.113681,4605.627637,4,1.5315433244774452
US_0006516,2009,209.52,562.63,946.33,6.446080494,454.7136414,-106.4188,36.2396,5543.8,2480.165052,2.39270539,21.83961495,24.49665642,40.4431572,33.27083206,1.628630637,22.26491814,3.774497509,0.794894775,207.6213867,4522.981348,4,1.6557580635160243
US_0006516,2010,209.52,548.27,953.57,6.446080494,447.5516113,-106.4188,36.2396,5543.8,2480.165052,2.39270539,21.83961495,24.49665642,40.4431572,33.27083206,1.628630637,21.59793243,3.725925922,0.801427466,208.4624329,4462.288965,4,1.6567832569709136
US_0006516,2011,218.61,518.99,968.0,6.446080494,423.4851868,-106.4188,36.2396,5543.8,2480.165052,2.39270539,21.83961495,24.49665642,40.4431572,33.27083206,1.628630637,21.42526131,3.8913939,0.805721033,209.8166779,4560.922754,4,1.5693638336286888
US_0006516,2012,230.02,455.55,984.53,6.446080494,393.9082703,-106.4188,36.2396,5543.8,2480.165052,2.39270539,21.83961495,24.49665642,40.4431572,33.27083206,1.628630637,20.24558372,3.678093195,0.797572363,211.3281219,4600.873828,4,1.6732368965346116
US_0006516,2013,201.05,446.55,978.68,6.446080494,393.4911438,-106.4188,36.2396,5543.8,2480.165052,2.39270539,21.83961495,24.49665642,40.4431572,33.27083206,1.628630637,19.02389679,3.697781086,0.791693652,210.8676483,4692.358203,4,1.765564680750813
US_0006516,2014,176.71,459.05,975.54,6.446080494,396.0386292,-106.4188,36.2396,5543.8,2480.165052,2.39270539,21.83961495,24.49665642,40.4431572,33.27083206,1.628630637,19.09902687,3.791248322,0.778603418,210.6261932,4845.701465,4,1.6807789756207177
US_0006516,2015,169.16,513.4,964.48,6.446080494,431.5914795,-106.4188,36.2396,5543.8,2480.165052,2.39270539,21.83961495,24.49665642,40.4431572,33.27083206,1.628630637,20.85288162,3.476875782,0.782666919,208.4755157,4991.006445,4,1.6980464151702401
US_0006516,2016,139.34,530.07,971.95,6.446080494,449.2108704,-106.4188,36.2396,5543.8,2480.165052,2.39270539,21.83961495,24.49665642,40.4431572,33.27083206,1.628630637,22.33398209,3.648103476,0.790668958,207.4941254,4940.162012,4,1.773582851161087
US_0006521,1989,471.65,665.92,996.91,7.765000439,552.1299988,-105.9104,35.8479,91.0854,2857.408087,4.733944193,23.72611379,19.35000038,36.04166794,43.0,1.993234379,14.76125011,4.685937405,1.254758276,206.1022949,3580.357813,4,1.981323807766978
US_0006521,1990,379.17,673.62,997.62,7.765000439,545.5624939,-105.9104,35.8479,91.0854,2857.408087,4.733944193,23.72611379,19.35000038,36.04166794,43.0,1.993234379,13.91583328,4.662708282,1.248523804,206.2308411,3746.464648,4,1.8629880195863917
US_0006521,1991,369.92,655.05,993.5,7.765000439,527.7674988,-105.9104,35.8479,91.0854,2857.408087,4.733944193,23.72611379,19.35000038,36.04166794,43.0,1.993234379,13.99666691,4.694999695,1.243139941,206.9108459,3897.152881,4,1.79443694059657
US_0006521,1992,370.94,640.7,999.86,7.765000439,534.7875061,-105.9104,35.8479,91.0854,2857.408087,4.733944193,23.72611379,19.35000038,36.04166794,43.0,1.993234379,13.28333359,4.504062653,1.245454419,206.9323059,3985.752441,4,1.9442476829117827
US_0006521,1993,379.17,620.63,1015.02,7.765000439,506.4850098,-105.9104,35.8479,91.0854,2857.408087,4.733944193,23.72611379,19.35000038,36.04166794,43.0,1.993234379,13.50104179,4.790416718,1.238704956,207.6993896,4074.515918,4,1.7412782493004337
US_0006521,1994,416.16,658.62,1005.51,7.765000439,528.8575195,-105.9104,35.8479,91.0854,2857.408087,4.733944193,23.72611379,19.35000038,36.04166794,43.0,1.993234379,14.74312515,4.547812462,1.227149976,206.3723053,4121.119482,4,1.7667334355290227
US_0006521,1995,443.91,611.61,1026.65,7.765000439,508.6825195,-105.9104,35.8479,91.0854,2857.408087,4.733944193,23.72611379,19.35000038,36.04166794,43.0,1.993234379,14.20687504,4.742395401,1.231627759,207.5477203,4052.910254,4,1.80069048692435
US_0006521,1996,389.48,573.77,1052.79,7.765000439,494.5425232,-105.9104,35.8479,91.0854,2857.408087,4.733944193,23.72611379,19.35000038,36.04166794,43.0,1.993234379,11.79145823,4.804374695,1.239503857,209.114798,4023.628711,4,1.8727910383942779
US_0006521,1997,360.68,620.61,1039.44,7.765000439,516.1425171,-105.9104,35.8479,91.0854,2857.408087,4.733944193,23.72611379,19.35000038,36.04166794,43.0,1.993234379,11.51270819,4.53364563,1.239359399,208.5295868,4153.918262,4,1.803855649140076
US_0006521,1998,342.18,620.65,1027.98,7.765000439,527.4775085,-105.9104,35.8479,91.0854,2857.408087,4.733944193,23.72611379,19.35000038,36.04166794,43.0,1.993234379,11.77937498,4.744895935,1.243256641,209.2385437,4286.748242,4,1.951392595904686
US_0006521,1999,323.68,611.83,1021.76,7.765000439,524.5150085,-105.9104,35.8479,91.0854,2857.408087,4.733944193,23.72611379,19.35000038,36.04166794,43.0,1.993234379,11.64229193,4.731458187,1.250910522,210.1133331,4437.357373,4,1.9946992714269538
US_0006521,2000,287.48,622.32,1005.55,7.765000439,520.8775085,-105.9104,35.8479,91.0854,2857.408087,4.733944193,23.72611379,19.35000038,36.04166794,43.0,1.993234379,11.76791716,4.772812366,1.246288281,210.6722931,4629.376758,4,1.8990634968802642
US_0006521,2001,305.19,624.22,989.77,7.765000439,510.6900024,-105.9104,35.8479,91.0854,2857.408087,4.733944193,23.72611379,19.35000038,36.04166794,43.0,1.993234379,14.25895882,4.596770763,1.244655493,210.2364594,4795.164063,4,1.801881080828122
US_0006521,2002,240.45,562.21,1004.94,7.765000439,473.4900024,-105.9104,35.8479,91.0854,2857.408087,4.733944193,23.72611379,19.35000038,36.04166794,43.0,1.993234379,13.49729233,4.734895706,1.248102734,212.8012543,4835.878418,4,1.7755832706293277
US_0006521,2003,212.71,526.38,1015.9,7.765000439,442.9600098,-105.9104,35.8479,91.0854,2857.408087,4.733944193,23.72611379,19.35000038,36.04166794,43.0,1.993234379,12.30687561,4.683958054,1.237942163,213.1131287,4857.003906,4,1.669043955239061
US_0006521,2004,185.47,530.96,1005.42,7.765000439,432.15,-105.9104,35.8479,91.0854,2857.408087,4.733944193,23.72611379,19.35000038,36.04166794,43.0,1.993234379,11.98666706,4.647708416,1.228493286,212.2233368,4896.277148,4,1.5418086335514312
US_0006521,2005,231.2,539.64,1002.62,7.765000439,435.85,-105.9104,35.8479,91.0854,2857.408087,4.733944193,23.72611379,19.35000038,36.04166794,43.0,1.993234379,12.59812527,4.654791832,1.221691675,211.5260437,4919.986328,4,1.531964425388306
US_0006521,2006,212.71,555.46,998.06,7.765000439,445.7475037,-105.9104,35.8479,91.0854,2857.408087,4.733944193,23.72611379,19.35000038,36.04166794,43.0,1.993234379,11.19020863,4.695937634,1.22304502,211.0166748,4957.909766,4,1.5440465198611577
US_0006521,2007,249.7,589.53,1001.78,7.765000439,463.4950012,-105.9104,35.8479,91.0854,2857.408087,4.733944193,23.72611379,19.35000038,36.04166794,43.0,1.993234379,12.06291714,4.615312576,1.221269482,210.1210449,4939.941797,4,1.5290715374113817
US_0006521,2008,259.66,613.4,999.43,7.765000439,484.4850037,-105.9104,35.8479,91.0854,2857.408087,4.733944193,23.72611379,19.35000038,36.04166794,43.0,1.993234379,12.22666721,4.882187843,1.226954517,209.6252136,4826.217676,4,1.5987646141058367
US_0006521,2009,286.69,578.02,1010.07,7.765000439,477.8225037,-105.9104,35.8479,91.0854,2857.408087,4.733944193,23.72611379,19.35000038,36.04166794,43.0,1.993234379,11.41645889,4.853750229,1.242206177,210.5868805,4660.379688,4,1.7105269495903261
US_0006521,2010,277.44,574.84,1022.31,7.765000439,483.9800049,-105.9104,35.8479,91.0854,2857.408087,4.733944193,23.72611379,19.35000038,36.04166794,43.0,1.993234379,10.74979229,4.790416241,1.253551709,211.4270874,4513.418652,4,1.7812572619962137
US_0006521,2011,277.44,525.67,1042.49,7.765000439,444.8875,-105.9104,35.8479,91.0854,2857.408087,4.733944193,23.72611379,19.35000038,36.04166794,43.0,1.993234379,10.50104227,4.980937481,1.241051147,213.325,4380.930859,4,1.664044689581013
US_0006521,2012,259.66,467.59,1068.08,7.765000439,419.1100098,-105.9104,35.8479,91.0854,2857.408087,4.733944193,23.72611379,19.35000038,36.04166794,43.0,1.993234379,10.10375032,4.749791622,1.224612207,214.7254211,4279.564551,4,1.8261117143865897
US_0006521,2013,249.7,461.32,1064.98,7.765000439,411.6750122,-105.9104,35.8479,91.0854,2857.408087,4.733944193,23.72611379,19.35000038,36.04166794,43.0,1.993234379,9.211458588,4.777083397,1.196358325,214.6737549,4289.337598,4,1.7827221554486055
US_0006521,2014,249.7,478.91,1063.38,7.765000439,417.1850159,-105.9104,35.8479,91.0854,2857.408087,4.733944193,23.72611379,19.35000038,36.04166794,43.0,1.993234379,9.877916908,4.852395535,1.159767773,214.3656311,4362.613672,4,1.682431729734044
US_0006521,2015,249.7,526.45,1050.83,7.765000439,448.0075195,-105.9104,35.8479,91.0854,2857.408087,4.733944193,23.72611379,19.35000038,36.04166794,43.0,1.993234379,11.12520828,4.522603989,1.141127222,212.1118835,4477.628027,4,1.6841142844489185
US_0006521,2016,268.93,557.87,1058.12,7.765000439,488.4800232,-105.9104,35.8479,91.0854,2857.408087,4.733944193,23.72611379,19.35000038,36.04166794,43.0,1.993234379,12.36937494,4.697395325,1.15247998,210.7702209,4563.833691,4,1.9257918675496712
US_0006529,1989,110.97,500.49,952.71,6.047334671,407.6690125,-106.3229,35.6187,37666.96,2622.948627,2.345784302,24.7771551,21.29015541,44.66918182,32.29792023,2.442536291,17.06686153,3.80979991,0.708988257,202.0451324,6163.913477,4,1.5392002987984097
US_0006529,1990,92.55,514.11,956.97,6.047334671,412.9705994,-106.3229,35.6187,37666.96,2622.948627,2.345784302,24.7771551,21.29015541,44.66918182,32.29792023,2.442536291,15.88940468,3.773140669,0.710624377,202.2587494,6249.922168,4,1.5086671317138225
US_0006529,1991,81.04,490.9,955.39,6.047334671,394.8670044,-106.3229,35.6187,37666.96,2622.948627,2.345784302,24.7771551,21.29015541,44.66918182,32.29792023,2.442536291,15.27998486,3.762087107,0.708801685,203.0177765,6346.948828,4,1.467471868502843
US_0006529,1992,74.07,483.6,960.11,6.047334671,403.9960938,-106.3229,35.6187,37666.96,2622.948627,2.345784302,24.7771551,21.29015541,44.66918182,32.29792023,2.442536291,14.53886852,3.582615137,0.709184021,202.8215515,6377.854102,4,1.6007249073308432
US_0006529,1993,82.97,483.43,964.2,6.047334671,395.6047119,-106.3229,35.6187,37666.96,2622.948627,2.345784302,24.7771551,21.29015541,44.66918182,32.29792023,2.442536291,15.23088093,3.894629002,0.707302148,203.1180817,6449.08291,4,1.5080781747057155
US_0006529,1994,91.43,511.83,952.84,6.047334671,410.9843994,-106.3229,35.6187,37666.96,2622.948627,2.345784302,24.7771551,21.29015541,44.66918182,32.29792023,2.442536291,15.96562347,3.709359169,0.705466431,201.9651611,6487.970996,4,1.5070982528261496
US_0006529,1995,108.92,478.86,959.31,6.047334671,395.0303833,-106.3229,35.6187,37666.96,2622.948627,2.345784302,24.7771551,21.29015541,44.66918182,32.29792023,2.442536291,15.84590683,3.795316219,0.709363709,202.6650085,6454.274316,4,1.5360703900230188
US_0006529,1996,99.3,464.76,979.79,6.047334671,388.9388428,-106.3229,35.6187,37666.96,2622.948627,2.345784302,24.7771551,21.29015541,44.66918182,32.29792023,2.442536291,14.47804337,3.900736094,0.711958777,203.7529694,6474.803809,4,1.5432307469037958
US_0006529,1997,101.66,491.62,961.79,6.047334671,400.0272827,-106.3229,35.6187,37666.96,2622.948627,2.345784302,24.7771551,21.29015541,44.66918182,32.29792023,2.442536291,14.78675423,3.631465912,0.714702075,203.2661133,6573.60166,4,1.5057624540415304
US_0006529,1998,93.25,492.06,953.09,6.047334671,406.1665649,-106.3229,35.6187,37666.96,2622.948627,2.345784302,24.7771551,21.29015541,44.66918182,32.29792023,2.442536291,15.6853508,3.826815605,0.716400977,204.0043884,6647.706055,4,1.5755250315487603
US_0006529,1999,88.83,486.29,943.72,6.047334671,406.7193604,-106.3229,35.6187,37666.96,2622.948627,2.345784302,24.7771551,21.29015541,44.66918182,32.29792023,2.442536291,16.57798805,3.821246147,0.713768127,204.5716217,6790.228613,4,1.63268801005521
US_0006529,2000,72.94,487.9,937.98,6.047334671,400.9874878,-106.3229,35.6187,37666.96,2622.948627,2.345784302,24.7771551,21.29015541,44.66918182,32.29792023,2.442536291,16.45379868,3.854727507,0.708057886,205.4560028,7025.613379,4,1.5653493969507952
US_0006529,2001,74.4,493.77,926.37,6.047334671,399.155658,-106.3229,35.6187,37666.96,2622.948627,2.345784302,24.7771551,21.29015541,44.66918182,32.29792023,2.442536291,18.09952717,3.712308884,0.709747302,205.0610077,7239.045215,4,1.5247690079693001
US_0006529,2002,61.08,441.75,943.75,6.047334671,367.171936,-106.3229,35.6187,37666.96,2622.948627,2.345784302,24.7771551,21.29015541,44.66918182,32.29792023,2.442536291,16.8902504,3.828146458,0.70375365,207.7932251,7332.58877,4,1.5012055919270284
US_0006529,2003,52.79,422.7,956.43,6.047334671,350.723175,-106.3229,35.6187,37666.96,2622.948627,2.345784302,24.7771551,21.29015541,44.66918182,32.29792023,2.442536291,15.2534996,3.769255161,0.697936267,207.9838715,7398.453516,4,1.4403491511590778
US_0006529,2004,47.31,416.62,956.43,6.047334671,336.7856995,-106.3229,35.6187,37666.96,2622.948627,2.345784302,24.7771551,21.29015541,44.66918182,32.29792023,2.442536291,14.25703564,3.799298048,0.694711206,207.447052,7458.793359,4,1.3373821944785327
US_0006529,2005,44.28,420.69,953.39,6.047334671,344.7438049,-106.3229,35.6187,37666.96,2622.948627,2.345784302,24.7771551,21.29015541,44.66918182,32.29792023,2.442536291,14.99497833,3.800095797,0.695089648,206.682312,7451.600781,4,1.3936041469521792
US_0006529,2006,42.25,431.24,948.34,6.047334671,354.8472351,-106.3229,35.6187,37666.96,2622.948627,2.345784302,24.7771551,21.29015541,44.66918182,32.29792023,2.442536291,14.59511337,3.821440935,0.693838928,206.3159546,7436.582324,4,1.4348118620485615
US_0006529,2007,46.86,472.27,952.02,6.047334671,375.6957947,-106.3229,35.6187,37666.96,2622.948627,2.345784302,24.7771551,21.29015541,44.66918182,32.29792023,2.442536291,15.93328228,3.71658349,0.704314624,204.9794983,7479.933203,4,1.3952515534989343
US_0006529,2008,60.66,484.67,949.4,6.047334671,381.9778748,-106.3229,35.6187,37666.96,2622.948627,2.345784302,24.7771551,21.29015541,44.66918182,32.29792023,2.442536291,16.11336613,3.982072353,0.707108508,204.9802338,7465.404297,4,1.3907322519982879
US_0006529,2009,65.17,476.17,950.75,6.047334671,383.1060852,-106.3229,35.6187,37666.96,2622.948627,2.345784302,24.7771551,21.29015541,44.66918182,32.29792023,2.442536291,15.76004028,3.98673749,0.715969824,205.4240204,7324.845996,4,1.4431354435043693
US_0006529,2010,71.54,466.25,956.53,6.047334671,377.2955322,-106.3229,35.6187,37666.96,2622.948627,2.345784302,24.7771551,21.29015541,44.66918182,32.29792023,2.442536291,15.11789818,3.937821627,0.719990942,206.2136993,7253.734082,4,1.4379775406031974
US_0006529,2011,71.86,445.28,967.22,6.047334671,358.6071533,-106.3229,35.6187,37666.96,2622.948627,2.345784302,24.7771551,21.29015541,44.66918182,32.29792023,2.442536291,14.73670692,4.108999252,0.716209839,207.3692322,7171.754102,4,1.3704803510792236
US_0006529,2012,69.06,395.31,986.61,6.047334671,334.3825745,-106.3229,35.6187,37666.96,2622.948627,2.345784302,24.7771551,21.29015541,44.66918182,32.29792023,2.442536291,13.87272511,3.887510061,0.706087061,208.8922089,7042.241602,4,1.4299040441734983
US_0006529,2013,56.02,397.76,978.77,6.047334671,338.7795654,-106.3229,35.6187,37666.96,2622.948627,2.345784302,24.7771551,21.29015541,44.66918182,32.29792023,2.442536291,13.58465118,3.895545006,0.699190845,208.18703,6880.661133,4,1.4701566085153885
US_0006529,2014,49.65,413.67,977.98,6.047334671,346.1418335,-106.3229,35.6187,37666.96,2622.948627,2.345784302,24.7771551,21.29015541,44.66918182,32.29792023,2.442536291,14.42148552,3.988905907,0.690891431,207.9034302,6857.672949,4,1.433952888596804
US_0006529,2015,48.28,462.35,966.44,6.047334671,373.0096558,-106.3229,35.6187,37666.96,2622.948627,2.345784302,24.7771551,21.29015541,44.66918182,32.29792023,2.442536291,15.8203125,3.669140577,0.694582568,205.8386047,6822.03418,4,1.4100381534800397
US_0006529,2016,48.58,473.16,976.01,6.047334671,384.1527466,-106.3229,35.6187,37666.96,2622.948627,2.345784302,24.7771551,21.29015541,44.66918182,32.29792023,2.442536291,16.59516487,3.831104994,0.702307654,204.9755463,6836.969727,4,1.444765511937861
US_0006540,1993,27.5384607,465.7952759,1019.358215,6.409330674,387.3980591,-106.6519444,35.182,45323.41,2527.919069,2.335100471,24.8002585,21.65215492,44.76592255,31.80689621,2.247429835,13.83685055,3.771869946,0.665950635,204.8123291,8527.990234,4,1.480385120434879
US_0006540,1994,30.43766547,494.0697845,1009.185901,6.409330674,404.1942871,-106.6519444,35.182,45323.41,2527.919069,2.335100471,24.8002585,21.65215492,44.76592255,31.80689621,2.247429835,14.48906002,3.75050478,0.664529834,203.6173096,8542.837305,4,1.4828061468563343
US_0006540,1995,37.78966238,461.8016681,1019.384045,6.409330674,387.422821,-106.6519444,35.182,45323.41,2527.919069,2.335100471,24.8002585,21.65215492,44.76592255,31.80689621,2.247429835,14.36487427,3.756990337,0.668221875,204.4143219,8440.833008,4,1.5075187648227397
US_0006540,2007,17.78959114,453.6694095,1007.448608,6.409330674,367.1080566,-106.6519444,35.182,45323.41,2527.919069,2.335100471,24.8002585,21.65215492,44.76592255,31.80689621,2.247429835,14.3560194,3.780139923,0.663986145,206.6955322,9801.964258,4,1.367677686772634
US_0006540,2008,22.45078713,466.4046638,1004.548425,6.409330674,374.8080078,-106.6519444,35.182,45323.41,2527.919069,2.335100471,24.8002585,21.65215492,44.76592255,31.80689621,2.247429835,14.59385929,3.823445177,0.666526709,206.6265503,9736.032813,4,1.3705565127619654
US_0006540,2009,24.01403704,456.8964526,1007.968066,6.409330674,373.6136597,-106.6519444,35.182,45323.41,2527.919069,2.335100471,24.8002585,21.65215492,44.76592255,31.80689621,2.247429835,14.25878716,3.862535334,0.673325598,207.1301758,9572.461914,4,1.4092718916996412
US_0006540,2010,21.81865469,447.4637543,1013.706812,6.409330674,368.3622009,-106.6519444,35.182,45323.41,2527.919069,2.335100471,24.8002585,21.65215492,44.76592255,31.80689621,2.247429835,13.62960567,3.890049267,0.676135889,207.9200317,9489.750977,4,1.4101528757205866
US_0006540,2011,21.46243972,424.684931,1024.593384,6.409330674,347.1983032,-106.6519444,35.182,45323.41,2527.919069,2.335100471,24.8002585,21.65215492,44.76592255,31.80689621,2.247429835,13.30026245,3.947532034,0.671137378,209.1958588,9402.878516,4,1.3350320456383584
US_0006540,2012,19.90613265,377.7820474,1045.070984,6.409330674,324.127887,-106.6519444,35.182,45323.41,2527.919069,2.335100471,24.8002585,21.65215492,44.76592255,31.80689621,2.247429835,12.5555975,3.980005264,0.660992651,210.6964203,9243.975977,4,1.403315108598256
US_0006540,2013,16.01337642,379.5084052,1036.873804,6.409330674,326.7877258,-106.6519444,35.182,45323.41,2527.919069,2.335100471,24.8002585,21.65215492,44.76592255,31.80689621,2.247429835,12.20461006,3.961087465,0.654621704,210.0808838,9122.760352,4,1.4278801022472218
US_0006540,2014,13.99919547,394.6175129,1036.270569,6.409330674,334.6371338,-106.6519444,35.182,45323.41,2527.919069,2.335100471,24.8002585,21.65215492,44.76592255,31.80689621,2.247429835,12.91222992,3.961309338,0.648303101,209.7793274,9111.357422,4,1.3982122743876868
US_0006540,2015,13.48157156,440.6385259,1024.594824,6.409330674,361.1765503,-106.6519444,35.182,45323.41,2527.919069,2.335100471,24.8002585,21.65215492,44.76592255,31.80689621,2.247429835,14.10809689,3.906236982,0.652087915,207.6760773,9117.360156,4,1.3729825502633084
US_0006560,1989,652.06,807.75,777.21,7.765000439,608.6299927,-105.6563,35.7771,139.0032,3138.02356,3.795219585,25.30329186,20.95000076,48.22499847,29.20000076,1.094595661,25.28083382,5.34970808,1.367377466,202.5379181,1149.459863,4,2.6327134119383535
US_0006560,1990,563.14,817.43,777.99,7.765000439,597.8309937,-105.6563,35.7771,139.0032,3138.02356,3.795219585,25.30329186,20.95000076,48.22499847,29.20000076,1.094595661,24.23600044,5.342749596,1.363052515,202.6821655,1178.734375,4,2.4118312629665626
US_0006560,1991,622.42,793.14,778.16,7.765000439,582.101001,-105.6563,35.7771,139.0032,3138.02356,3.795219585,25.30329186,20.95000076,48.22499847,29.20000076,1.094595661,23.65283394,5.369916916,1.356380859,203.3434174,1198.567017,4,2.3126731016590303
US_0006560,1992,606.29,762.89,790.83,7.765000439,592.3429932,-105.6563,35.7771,139.0032,3138.02356,3.795219585,25.30329186,20.95000076,48.22499847,29.20000076,1.094595661,22.40850067,5.169708252,1.353915845,203.4592499,1204.392017,4,2.561533895317799
US_0006560,1993,622.42,746.48,804.08,7.765000439,560.6119934,-105.6563,35.7771,139.0032,3138.02356,3.795219585,25.30329186,20.95000076,48.22499847,29.20000076,1.094595661,21.02558403,5.454583168,1.343358765,204.209494,1203.822144,4,2.1524986837823685
US_0006560,1994,711.34,787.31,794.22,7.765000439,564.8490051,-105.6563,35.7771,139.0032,3138.02356,3.795219585,25.30329186,20.95000076,48.22499847,29.20000076,1.094595661,23.24391708,5.204083443,1.335026685,203.0461639,1207.308569,4,2.0604044010110694
US_0006560,1995,800.26,734.68,801.65,7.765000439,552.8250061,-105.6563,35.7771,139.0032,3138.02356,3.795219585,25.30329186,20.95000076,48.22499847,29.20000076,1.094595661,22.89308319,5.401249886,1.33818208,204.1460052,1197.007568,4,2.126268837987398
US_0006560,1996,677.62,688.91,821.79,7.765000439,542.7270081,-105.6563,35.7771,139.0032,3138.02356,3.795219585,25.30329186,20.95000076,48.22499847,29.20000076,1.094595661,18.44174967,5.46600008,1.344652954,205.7662506,1207.680737,4,2.1778287569443475
US_0006560,1997,764.69,744.81,798.52,7.765000439,559.3140198,-105.6563,35.7771,139.0032,3138.02356,3.795219585,25.30329186,20.95000076,48.22499847,29.20000076,1.094595661,18.47774935,5.195291996,1.350662573,205.1639191,1267.088257,4,2.1666153144119256
US_0006560,1998,782.47,742.45,787.68,7.765000439,572.5070068,-105.6563,35.7771,139.0032,3138.02356,3.795219585,25.30329186,20.95000076,48.22499847,29.20000076,1.094595661,20.43158274,5.412583351,1.360322144,205.9067535,1355.892773,4,2.403013180218508
US_0006560,1999,758.76,735.18,775.17,7.765000439,573.9160156,-105.6563,35.7771,139.0032,3138.02356,3.795219585,25.30329186,20.95000076,48.22499847,29.20000076,1.094595661,21.39833193,5.410458565,1.369780859,206.7210846,1446.495483,4,2.5368930569905346
US_0006560,2000,630.07,746.46,771.79,7.765000439,567.6100037,-105.6563,35.7771,139.0032,3138.02356,3.795219585,25.30329186,20.95000076,48.22499847,29.20000076,1.094595661,21.29708185,5.451499939,1.367830396,207.3175812,1548.420044,4,2.3880186464679
US_0006560,2001,681.7,754.28,766.69,7.765000439,551.0549988,-105.6563,35.7771,139.0032,3138.02356,3.795219585,25.30329186,20.95000076,48.22499847,29.20000076,1.094595661,24.93808136,5.255124569,1.368789966,206.8690857,1593.402856,4,2.152518494872011
US_0006560,2002,492.01,685.27,786.37,7.765000439,522.6939941,-105.6563,35.7771,139.0032,3138.02356,3.795219585,25.30329186,20.95000076,48.22499847,29.20000076,1.094595661,24.38399849,5.421124458,1.371794116,209.4343353,1578.553003,4,2.0707115667973683
US_0006560,2003,391.24,641.01,797.09,7.765000439,495.172998,-105.6563,35.7771,139.0032,3138.02356,3.795219585,25.30329186,20.95000076,48.22499847,29.20000076,1.094595661,21.82399826,5.361875057,1.350449951,209.7325897,1532.737134,4,1.9491540527214812
US_0006560,2004,374.48,650.7,794.37,7.765000439,489.9119873,-105.6563,35.7771,139.0032,3138.02356,3.795219585,25.30329186,20.95000076,48.22499847,29.20000076,1.094595661,19.5330822,5.313958168,1.336948291,208.8233398,1494.827319,4,1.8512809433078732
US_0006560,2005,486.08,660.68,788.69,7.765000439,493.6640076,-105.6563,35.7771,139.0032,3138.02356,3.795219585,25.30329186,20.95000076,48.22499847,29.20000076,1.094595661,18.51283226,5.321166039,1.327149585,208.1519196,1513.424561,4,1.8597620321015704
US_0006560,2006,456.44,669.74,781.35,7.765000439,501.5590027,-105.6563,35.7771,139.0032,3138.02356,3.795219585,25.30329186,20.95000076,48.22499847,29.20000076,1.094595661,16.61974926,5.367500305,1.329837476,207.6825012,1563.38584,4,1.922488864175823
US_0006560,2007,539.43,709.2,780.35,7.765000439,516.1100098,-105.6563,35.7771,139.0032,3138.02356,3.795219585,25.30329186,20.95000076,48.22499847,29.20000076,1.094595661,17.14499912,5.284375191,1.330359546,206.8347504,1605.481616,4,1.9071630066790406
US_0006560,2008,600.35,738.67,776.82,7.765000439,540.9970093,-105.6563,35.7771,139.0032,3138.02356,3.795219585,25.30329186,20.95000076,48.22499847,29.20000076,1.094595661,17.0289156,5.555541515,1.348202466,206.3440857,1606.866455,4,2.06316817410854
US_0006560,2009,580.93,689.96,780.4,7.765000439,536.1330078,-105.6563,35.7771,139.0032,3138.02356,3.795219585,25.30329186,20.95000076,48.22499847,29.20000076,1.094595661,16.02333279,5.532333374,1.365324609,207.3648376,1546.477979,4,2.2388081486829505
US_0006560,2010,533.5,687.6,790.41,7.765000439,542.7739868,-105.6563,35.7771,139.0032,3138.02356,3.795219585,25.30329186,20.95000076,48.22499847,29.20000076,1.094595661,15.82491627,5.466166496,1.38054668,208.1780121,1435.678394,4,2.3057708722604864
US_0006560,2011,486.08,633.11,808.24,7.765000439,510.1469971,-105.6563,35.7771,139.0032,3138.02356,3.795219585,25.30329186,20.95000076,48.22499847,29.20000076,1.094595661,15.01699963,5.666625023,1.374864209,210.1052612,1329.524707,4,2.151325060688132
US_0006560,2012,451.75,563.99,838.35,7.765000439,483.525,-105.6563,35.7771,139.0032,3138.02356,3.795219585,25.30329186,20.95000076,48.22499847,29.20000076,1.094595661,13.93224964,5.427708626,1.359749634,211.4675964,1246.299609,4,2.2394266213156833
US_0006560,2013,397.16,553.99,834.48,7.765000439,473.9990112,-105.6563,35.7771,139.0032,3138.02356,3.795219585,25.30329186,20.95000076,48.22499847,29.20000076,1.094595661,13.68691654,5.450541973,1.340915015,211.4482544,1207.555029,4,2.1916896393895353
US_0006560,2014,349.74,574.43,835.29,7.765000439,476.6980103,-105.6563,35.7771,139.0032,3138.02356,3.795219585,25.30329186,20.95000076,48.22499847,29.20000076,1.094595661,15.49383259,5.523708344,1.32164917,211.1340851,1215.663501,4,2.0466198453804383
US_0006560,2015,391.24,631.31,823.8,7.765000439,497.609021,-105.6563,35.7771,139.0032,3138.02356,3.795219585,25.30329186,20.95000076,48.22499847,29.20000076,1.094595661,17.59099941,5.195749283,1.310510425,208.9164978,1225.53396,4,1.958592043947167
US_0006613,2000,187.4829352,732.08,565.2600037,0.807478647,413.7199951,-105.8325098,39.8894312,5.737122,3181.064941,2.32044,0.0,13.75,61.375,23.375,1.1186,24.81000195,4.938166714,1.0351,181.4633392,36916.3875,4,1.6196669241138333
US_0006613,2001,184.2055765,697.36,567.019989,0.807478647,413.1600098,-105.8325098,39.8894312,5.737122,3181.064941,2.32044,0.0,13.75,61.375,23.375,1.1186,24.68666878,4.879666805,1.051624988,180.9416687,38334.83828,4,1.6863482330367061
US_0006613,2002,138.2731407,612.6,584.0799805,0.807478647,390.1600037,-105.8325098,39.8894312,5.737122,3181.064941,2.32044,0.0,13.75,61.375,23.375,1.1186,21.68666821,4.890500259,1.07084165,183.3300018,39725.62109,4,1.6238396449863692
US_0006613,2003,167.7301396,620.14,617.6799805,0.807478647,392.1,-105.8325098,39.8894312,5.737122,3181.064941,2.32044,0.0,13.75,61.375,23.375,1.1186,18.20833378,4.902166843,1.06121665,183.5199982,40922.68828,4,1.518601058716537
US_0006613,2004,158.2739615,624.7,632.1399902,0.807478647,403.3199951,-105.8325098,39.8894312,5.737122,3181.064941,2.32044,0.0,13.75,61.375,23.375,1.1186,16.25666637,4.898666763,1.048499976,182.6216675,42169.95156,4,1.5631365766498482
US_0006613,2005,170.3472531,644.42,619.5800049,0.807478647,399.9400024,-105.8325098,39.8894312,5.737122,3181.064941,2.32044,0.0,13.75,61.375,23.375,1.1186,18.80666618,4.893500137,1.021758313,182.4149994,43557.55,4,1.5164385562746456
US_0006613,2006,169.8051005,665.1,623.3800293,0.807478647,406.4799927,-105.8325098,39.8894312,5.737122,3181.064941,2.32044,0.0,13.75,61.375,23.375,1.1186,21.83999958,4.925166702,0.99959165,183.0016632,44442.86406,4,1.5093988684537343
US_0006613,2007,190.0756112,724.56,628.7200317,0.807478647,418.6199951,-105.8325098,39.8894312,5.737122,3181.064941,2.32044,0.0,13.75,61.375,23.375,1.1186,22.61166611,4.922833252,0.957549988,181.656665,45422.95703,4,1.4623706249953896
US_0006613,2008,137.3014528,718.62,607.6000366,0.807478647,420.9599915,-105.8325098,39.8894312,5.737122,3181.064941,2.32044,0.0,13.75,61.375,23.375,1.1186,22.75499954,4.962333298,0.91544165,182.6033295,46173.84297,4,1.5561500094495215
US_0006613,2009,148.591993,720.44,601.2400391,0.807478647,402.2999939,-105.8325098,39.8894312,5.737122,3181.064941,2.32044,0.0,13.75,61.375,23.375,1.1186,23.27333221,4.9871665,0.86716665,183.1649963,46114.7,4,1.4249997697647403
US_0006613,2010,145.6402708,704.08,597.4200439,0.807478647,399.8999939,-105.8325098,39.8894312,5.737122,3181.064941,2.32044,0.0,13.75,61.375,23.375,1.1186,21.67333221,4.999333191,0.828399988,183.3149994,46197.74922,4,1.4480731038882853
US_0006613,2011,195.3677804,720.06,580.0000244,0.807478647,401.0599976,-105.8325098,39.8894312,5.737122,3181.064941,2.32044,0.0,13.75,61.375,23.375,1.1186,21.32333183,5.029499817,0.786183325,183.236673,45770.88672,4,1.479650953540843
US_0006613,2012,178.4808462,658.76,606.6800293,0.807478647,388.1799988,-105.8325098,39.8894312,5.737122,3181.064941,2.32044,0.0,13.75,61.375,23.375,1.1186,22.1633316,5.058833122,0.777675,184.4583435,44895.15938,4,1.42475133750222
US_0006613,2013,191.3544603,669.8,597.6400269,0.807478647,387.4,-105.8325098,39.8894312,5.737122,3181.064941,2.32044,0.0,13.75,61.375,23.375,1.1186,24.49499779,5.03249979,0.767266675,182.7566803,44557.27344,4,1.4197357585828179
US_0006613,2014,240.178384,700.78,601.860022,0.807478647,408.480011,-105.8325098,39.8894312,5.737122,3181.064941,2.32044,0.0,13.75,61.375,23.375,1.1186,27.57833176,5.033666515,0.768358337,182.3616791,44366.02266,4,1.5091118791828586
US_0006613,2015,283.6410104,755.3,597.5800171,0.807478647,408.4600098,-105.8325098,39.8894312,5.737122,3181.064941,2.32044,0.0,13.75,61.375,23.375,1.1186,27.93333206,4.983499718,0.776375,180.7666748,43739.24531,4,1.4206463341347515
US_0006613,2016,226.1279603,760.14,614.7400146,0.807478647,393.1400085,-105.8325098,39.8894312,5.737122,3181.064941,2.32044,0.0,13.75,61.375,23.375,1.1186,26.84333229,4.937333107,0.787866663,180.6133423,43146.06719,4,1.2693724184790838
US_0006633,1999,117.6966122,587.5752778,715.6363892,1.786728413,437.6747253,-106.4139212,40.10859628,708.4699,2632.590487,2.522288902,21.8834043,19.55555534,49.79475403,28.93055534,1.615369973,22.27831001,3.70669899,0.818088379,181.1010712,3994.407959,4,1.8032134307743257
US_0006633,2000,131.0315993,561.6644444,746.1222168,1.786728413,436.375,-106.4139212,40.10859628,708.4699,2632.590487,2.522288902,21.8834043,19.55555534,49.79475403,28.93055534,1.615369973,21.32923584,3.717840099,0.813333936,182.8832672,4158.824512,4,1.8433760328803677
US_0006633,2001,119.2653688,530.8313889,750.8575073,1.786728413,433.955835,-106.4139212,40.10859628,708.4699,2632.590487,2.522288902,21.8834043,19.55555534,49.79475403,28.93055534,1.615369973,20.92571754,3.650124788,0.816982898,182.5781952,4295.979102,4,2.0073506031189234
US_0006633,2002,96.63455834,468.1791667,770.7613892,1.786728413,395.6841675,-106.4139212,40.10859628,708.4699,2632.590487,2.522288902,21.8834043,19.55555534,49.79475403,28.93055534,1.615369973,20.24085655,3.663261366,0.806606445,185.0582855,4314.672998,4,1.926365653340389
US_0006633,2003,76.61719981,463.3461111,799.4519531,1.786728413,380.2252808,-106.4139212,40.10859628,708.4699,2632.590487,2.522288902,21.8834043,19.55555534,49.79475403,28.93055534,1.615369973,19.79879646,3.67597661,0.802737402,185.3469421,4335.956543,4,1.6921726790770282
US_0006633,2004,70.15899015,468.3716667,809.2852905,1.786728413,388.4988953,-106.4139212,40.10859628,708.4699,2632.590487,2.522288902,21.8834043,19.55555534,49.79475403,28.93055534,1.615369973,19.29909744,3.674634027,0.815276294,184.3848114,4340.382715,4,1.7434874324917173
US_0006633,2005,54.89561067,495.8966667,796.1441772,1.786728413,401.2555664,-106.4139212,40.10859628,708.4699,2632.590487,2.522288902,21.8834043,19.55555534,49.79475403,28.93055534,1.615369973,20.61377373,3.669282293,0.834197205,184.2788147,4335.167285,4,1.7268798554953133
US_0006633,2006,65.93235335,517.9547222,797.8186157,1.786728413,416.0216797,-106.4139212,40.10859628,708.4699,2632.590487,2.522288902,21.8834043,19.55555534,49.79475403,28.93055534,1.615369973,22.22166672,3.696240711,0.843168835,184.8890961,4347.622559,4,1.7540335278799375
US_0006633,2007,63.92500768,557.2461111,800.2180664,1.786728413,435.0769531,-106.4139212,40.10859628,708.4699,2632.590487,2.522288902,21.8834043,19.55555534,49.79475403,28.93055534,1.615369973,24.08395882,3.684798622,0.856263525,183.5814575,4426.795605,4,1.7305034854524344
US_0006633,2008,82.79699861,551.4058333,787.4639038,1.786728413,440.4938965,-106.4139212,40.10859628,708.4699,2632.590487,2.522288902,21.8834043,19.55555534,49.79475403,28.93055534,1.615369973,23.65435219,3.71502552,0.839763232,184.5053009,4485.07002,4,1.8541404868990683
US_0006633,2009,92.46316341,550.0686111,773.3541626,1.786728413,421.0316711,-106.4139212,40.10859628,708.4699,2632.590487,2.522288902,21.8834043,19.55555534,49.79475403,28.93055534,1.615369973,24.16513901,3.734388924,0.823870837,185.1617157,4487.350391,4,1.6755024981224862
US_0006633,2010,103.6213712,534.5136111,773.2447266,1.786728413,412.3508362,-106.4139212,40.10859628,708.4699,2632.590487,2.522288902,21.8834043,19.55555534,49.79475403,28.93055534,1.615369973,23.93391228,3.739071751,0.796764148,185.066394,4468.744922,4,1.665607586385475
US_0006633,2011,121.8704119,550.8211111,760.3561157,1.786728413,416.4283325,-106.4139212,40.10859628,708.4699,2632.590487,2.522288902,21.8834043,19.55555534,49.79475403,28.93055534,1.615369973,23.13437538,3.778493071,0.783643042,184.7210236,4392.438574,4,1.6516209372251995
US_0006633,2012,132.5506942,509.2377778,792.9633301,1.786728413,401.0441711,-106.4139212,40.10859628,708.4699,2632.590487,2.522288902,21.8834043,19.55555534,49.79475403,28.93055534,1.615369973,21.8442131,3.81766901,0.774070801,185.9421356,4316.140625,4,1.6473999472613075
US_0006633,2013,114.8359534,533.3875,779.2549927,1.786728413,405.2869446,-106.4139212,40.10859628,708.4699,2632.590487,2.522288902,21.8834043,19.55555534,49.79475403,28.93055534,1.615369973,24.1419445,3.79041214,0.777009998,184.4256317,4254.646094,4,1.5895477668095293
US_0006633,2014,129.6795796,562.5205556,789.6044556,1.786728413,420.4838867,-106.4139212,40.10859628,708.4699,2632.590487,2.522288902,21.8834043,19.55555534,49.79475403,28.93055534,1.615369973,26.08821793,3.795486212,0.783365967,183.7838715,4265.070117,4,1.5821690240585742
US_0006633,2015,133.7332959,593.9030556,784.9547363,1.786728413,424.6669434,-106.4139212,40.10859628,708.4699,2632.590487,2.522288902,21.8834043,19.55555534,49.79475403,28.93055534,1.615369973,26.27458344,3.738814878,0.80741062,182.5032928,4241.452148,4,1.505759987955753
US_0006633,2016,97.54271381,585.0505556,797.3616821,1.786728413,400.414447,-106.4139212,40.10859628,708.4699,2632.590487,2.522288902,21.8834043,19.55555534,49.79475403,28.93055534,1.615369973,26.33007011,3.686293936,0.814886951,182.453363,4264.680273,4,1.3379014724310292
US_0006640,1990,204.1290727,624.61,632.7066528,0.927350438,394.463324,-106.040296,39.6397087,50.01205,3336.562564,4.789315224,17.45345209,12.125,61.6875,24.0625,2.399400473,18.21555462,4.71916666,0.76645835,179.9886078,4433.850293,4,1.4874078581250245
US_0006640,1991,225.2690256,622.3366667,645.5866577,0.927350438,398.6399841,-106.040296,39.6397087,50.01205,3336.562564,4.789315224,17.45345209,12.125,61.6875,24.0625,2.399400473,17.08472157,4.70666666,0.76570835,180.631662,4504.35791,4,1.4954303472917216
US_0006640,1992,228.8539532,609.4933333,660.1300049,0.927350438,405.7833191,-106.040296,39.6397087,50.01205,3336.562564,4.789315224,17.45345209,12.125,61.6875,24.0625,2.399400473,16.12111073,4.727416706,0.76267085,180.1152771,4523.234961,4,1.5559730977779
US_0006640,1993,240.9135603,629.5166667,636.9,0.927350438,408.5566467,-106.040296,39.6397087,50.01205,3336.562564,4.789315224,17.45345209,12.125,61.6875,24.0625,2.399400473,16.5283329,4.734305573,0.760129175,179.5463898,4516.458594,4,1.582076191919378
US_0006640,1994,237.0334079,629.5666667,634.2299927,0.927350438,401.3533264,-106.040296,39.6397087,50.01205,3336.562564,4.789315224,17.45345209,12.125,61.6875,24.0625,2.399400473,16.82944412,4.721138859,0.760045837,179.3452789,4527.678516,4,1.527196055805712
US_0006640,1995,271.239564,642.54,608.0000183,0.927350438,374.7833374,-106.040296,39.6397087,50.01205,3336.562564,4.789315224,17.45345209,12.125,61.6875,24.0625,2.399400473,17.14249992,4.704305553,0.7625875,178.5855621,4491.284082,4,1.3566215305191556
US_0006640,1996,314.8133472,658.0233333,614.7233459,0.927350438,368.6566711,-106.040296,39.6397087,50.01205,3336.562564,4.789315224,17.45345209,12.125,61.6875,24.0625,2.399400473,16.8080555,4.755861092,0.761445837,178.9919495,4533.941797,4,1.2727552247113287
US_0006640,1997,354.2902596,694.0366667,576.9533386,0.927350438,377.9900085,-106.040296,39.6397087,50.01205,3336.562564,4.789315224,17.45345209,12.125,61.6875,24.0625,2.399400473,18.53472214,4.769888783,0.76531875,179.1041718,4682.151172,4,1.3604856722273317
US_0006640,1998,328.7980347,681.9466667,568.3666809,0.927350438,380.8000183,-106.040296,39.6397087,50.01205,3336.562564,4.789315224,17.45345209,12.125,61.6875,24.0625,2.399400473,20.71194382,4.736333275,0.769979175,180.0319458,4883.731055,4,1.4271679355240965
US_0006640,1999,344.4223018,700.2766667,548.9733459,0.927350438,393.8033447,-106.040296,39.6397087,50.01205,3336.562564,4.789315224,17.45345209,12.125,61.6875,24.0625,2.399400473,21.82555542,4.740499878,0.764006262,180.2016724,5243.784863,4,1.5668774849286642
US_0006640,2000,312.7710969,672.4366667,584.1533325,0.927350438,406.1766724,-106.040296,39.6397087,50.01205,3336.562564,4.789315224,17.45345209,12.125,61.6875,24.0625,2.399400473,20.99333344,4.753749752,0.764635425,181.8388916,5565.755957,4,1.6128613905960492
US_0006640,2001,271.6733386,643.61,585.9433472,0.927350438,407.5766724,-106.040296,39.6397087,50.01205,3336.562564,4.789315224,17.45345209,12.125,61.6875,24.0625,2.399400473,20.96444454,4.694638729,0.76699375,181.2975006,5815.250195,4,1.6986404135479467
US_0006640,2002,207.6559986,567.08,602.7300171,0.927350438,382.093335,-106.040296,39.6397087,50.01205,3336.562564,4.789315224,17.45345209,12.125,61.6875,24.0625,2.399400473,18.8830555,4.709472179,0.775554163,183.7283356,5819.789258,4,1.6326183374879677
US_0006640,2003,225.9372889,572.9733333,635.6566772,0.927350438,383.1366699,-106.040296,39.6397087,50.01205,3336.562564,4.789315224,17.45345209,12.125,61.6875,24.0625,2.399400473,16.50777893,4.719194317,0.774258325,183.8825073,5796.441406,4,1.5325128564012864
US_0006640,2004,203.6064492,574.6566667,648.1200073,0.927350438,389.9366821,-106.040296,39.6397087,50.01205,3336.562564,4.789315224,17.45345209,12.125,61.6875,24.0625,2.399400473,14.99555626,4.719555378,0.78365415,183.0438934,5688.472754,4,1.5571899267373421
US_0006640,2005,202.4035876,591.2666667,635.493335,0.927350438,387.6500122,-106.040296,39.6397087,50.01205,3336.562564,4.789315224,17.45345209,12.125,61.6875,24.0625,2.399400473,16.68611145,4.714194298,0.786502075,182.7572235,5708.727246,4,1.5159175382240038
US_0006640,2006,209.4175768,609.6233333,638.8033325,0.927350438,397.2700256,-106.040296,39.6397087,50.01205,3336.562564,4.789315224,17.45345209,12.125,61.6875,24.0625,2.399400473,18.8758337,4.746027565,0.795852075,183.2688934,5670.818262,4,1.5362882370537847
US_0006640,2007,248.8410358,664.7566667,642.8633301,0.927350438,409.9333557,-106.040296,39.6397087,50.01205,3336.562564,4.789315224,17.45345209,12.125,61.6875,24.0625,2.399400473,19.90944481,4.740332985,0.79696875,181.8436157,5827.957422,4,1.4859297643747755
US_0006640,2008,256.4724398,664.3466667,625.6600098,0.927350438,411.0833435,-106.040296,39.6397087,50.01205,3336.562564,4.789315224,17.45345209,12.125,61.6875,24.0625,2.399400473,19.99166641,4.777332973,0.783500012,182.7541718,5866.534863,4,1.5426728109935672
US_0006640,2009,289.0554358,663.5666667,618.8166748,0.927350438,393.0299988,-106.040296,39.6397087,50.01205,3336.562564,4.789315224,17.45345209,12.125,61.6875,24.0625,2.399400473,20.26666641,4.802249622,0.762022925,183.2725067,5635.240625,4,1.4204766289687913
US_0006640,2010,299.2654553,647.6933333,617.6166748,0.927350438,391.8733337,-106.040296,39.6397087,50.01205,3336.562564,4.789315224,17.45345209,12.125,61.6875,24.0625,2.399400473,19.24527779,4.815694141,0.734114587,183.4994537,5579.481152,4,1.449205785851989
US_0006640,2011,346.9329431,657.47,602.2033447,0.927350438,389.9799988,-106.040296,39.6397087,50.01205,3336.562564,4.789315224,17.45345209,12.125,61.6875,24.0625,2.399400473,18.74888878,4.852166462,0.705850024,183.4758423,5500.85332,4,1.4531318050958475
US_0006640,2012,320.53269,598.65,630.1766846,0.927350438,376.2833374,-106.040296,39.6397087,50.01205,3336.562564,4.789315224,17.45345209,12.125,61.6875,24.0625,2.399400473,18.74388924,4.884722137,0.690056262,184.7588959,5176.166211,4,1.4159437949178304
US_0006640,2013,304.9970488,605.8366667,618.1900146,0.927350438,379.586676,-106.040296,39.6397087,50.01205,3336.562564,4.789315224,17.45345209,12.125,61.6875,24.0625,2.399400473,20.71250076,4.861527729,0.68321875,183.0508392,4808.959277,4,1.4514765115988533
US_0006640,2014,316.727342,633.09,621.7200195,0.927350438,399.0500122,-106.040296,39.6397087,50.01205,3336.562564,4.789315224,17.45345209,12.125,61.6875,24.0625,2.399400473,23.26416779,4.862944508,0.674914587,182.5855591,4455.939258,4,1.5321502373582265
US_0006640,2015,314.2228923,682.8033333,615.6166992,0.927350438,399.6400146,-106.040296,39.6397087,50.01205,3336.562564,4.789315224,17.45345209,12.125,61.6875,24.0625,2.399400473,23.49111214,4.809805584,0.690427087,180.9383362,3810.405273,4,1.438290514256628
US_0006661,1993,466.26,536.28,641.09,0.658302426,414.7127258,-106.4021,39.5562,490.6765,3250.147948,4.275297267,19.71222288,12.36111069,61.28472137,24.5625,1.959102101,28.70259209,4.399271965,0.766171753,181.6554688,10861.43066,4,2.0494676847367206
US_0006661,1994,528.99,541.86,636.67,0.658302426,409.9746216,-106.4021,39.5562,490.6765,3250.147948,4.275297267,19.71222288,12.36111069,61.28472137,24.5625,1.959102101,28.74171829,4.299973488,0.764226257,181.197348,11153.05566,4,1.9625751968259684
US_0006661,1995,635.81,552.34,610.65,0.658302426,385.6869873,-106.4021,39.5562,490.6765,3250.147948,4.275297267,19.71222288,12.36111069,61.28472137,24.5625,1.959102101,28.80050125,4.276627541,0.764860217,180.5654236,11523.80391,4,1.702323602172389
US_0006661,1996,707.25,569.75,619.09,0.658302426,382.290155,-106.4021,39.5562,490.6765,3250.147948,4.275297267,19.71222288,12.36111069,61.28472137,24.5625,1.959102101,27.99153252,4.489616394,0.76356051,180.9984406,11886.64961,4,1.578259903538253
US_0006661,1997,798.57,602.8,582.49,0.658302426,389.9260193,-106.4021,39.5562,490.6765,3250.147948,4.275297267,19.71222288,12.36111069,61.28472137,24.5625,1.959102101,30.22311974,4.185343742,0.763281201,180.9823486,12307.47813,4,1.657261977198463
US_0006661,1998,737.54,592.68,572.31,0.658302426,392.9012634,-106.4021,39.5562,490.6765,3250.147948,4.275297267,19.71222288,12.36111069,61.28472137,24.5625,1.959102101,33.15505104,4.232671738,0.769441882,181.8762665,12618.21035,4,1.7622088196663348
US_0006661,1999,783.31,611.47,554.81,0.658302426,405.7504639,-106.4021,39.5562,490.6765,3250.147948,4.275297267,19.71222288,12.36111069,61.28472137,24.5625,1.959102101,35.79422951,4.315290451,0.768401917,182.1361298,13032.29531,4,1.9295350134216116
US_0006661,2000,717.45,590.92,589.01,0.658302426,415.3355469,-106.4021,39.5562,490.6765,3250.147948,4.275297267,19.71222288,12.36111069,61.28472137,24.5625,1.959102101,35.04121437,4.348082066,0.771675684,183.6850983,13430.22207,4,1.9749326003303334
US_0006661,2001,640.89,569.29,590.95,0.658302426,419.2869629,-106.4021,39.5562,490.6765,3250.147948,4.275297267,19.71222288,12.36111069,61.28472137,24.5625,1.959102101,34.94542084,4.195185184,0.775896082,183.1533569,14008.15391,4,2.138468634034291
US_0006661,2002,508.65,505.28,607.87,0.658302426,393.8079041,-106.4021,39.5562,490.6765,3250.147948,4.275297267,19.71222288,12.36111069,61.28472137,24.5625,1.959102101,31.6583313,4.288280487,0.7807896,185.70289,14508.45527,4,2.082566465882961
US_0006661,2003,520.51,507.94,640.8,0.658302426,396.7910767,-106.4021,39.5562,490.6765,3250.147948,4.275297267,19.71222288,12.36111069,61.28472137,24.5625,1.959102101,28.5461628,4.265158653,0.776022742,185.8283966,14924.22402,4,1.9811155199072672
US_0006661,2004,462.44,503.67,652.46,0.658302426,396.2631531,-106.4021,39.5562,490.6765,3250.147948,4.275297267,19.71222288,12.36111069,61.28472137,24.5625,1.959102101,25.83306885,4.344232559,0.778002344,185.0608032,15383.2127,4,1.963660397135723
US_0006661,2005,439.13,519.62,639.54,0.658302426,398.7409302,-106.4021,39.5562,490.6765,3250.147948,4.275297267,19.71222288,12.36111069,61.28472137,24.5625,1.959102101,27.19653358,4.314299107,0.772243677,184.6711456,15855.52207,4,1.9348001438241453
US_0006661,2006,473.04,532.94,640.93,0.658302426,409.31427,-106.4021,39.5562,490.6765,3250.147948,4.275297267,19.71222288,12.36111069,61.28472137,24.5625,1.959102101,28.61484146,4.34470892,0.768245215,185.0375397,16127.59063,4,1.9932555666010203
US_0006661,2007,527.3,582.31,643.84,0.658302426,425.4034912,-106.4021,39.5562,490.6765,3250.147948,4.275297267,19.71222288,12.36111069,61.28472137,24.5625,1.959102101,30.24595261,4.235264301,0.775002014,183.4716095,16460.90859,4,1.9159578931720735
US_0006661,2008,598.45,589.06,628.72,0.658302426,424.1025269,-106.4021,39.5562,490.6765,3250.147948,4.275297267,19.71222288,12.36111069,61.28472137,24.5625,1.959102101,30.4848938,4.422036171,0.771251575,184.3047272,16738.80313,4,1.924815508246279
US_0006661,2009,666.33,584.05,623.26,0.658302426,410.3507813,-106.4021,39.5562,490.6765,3250.147948,4.275297267,19.71222288,12.36111069,61.28472137,24.5625,1.959102101,30.90346527,4.469245911,0.767263928,184.7440704,16734.41035,4,1.802667218502583
US_0006661,2010,673.11,568.53,623.01,0.658302426,409.8469788,-106.4021,39.5562,490.6765,3250.147948,4.275297267,19.71222288,12.36111069,61.28472137,24.5625,1.959102101,30.29042358,4.387235641,0.771222864,185.0271393,16833.03457,4,1.8679607789673494
US_0006661,2011,764.66,573.29,608.65,0.658302426,407.0072876,-106.4021,39.5562,490.6765,3250.147948,4.275297267,19.71222288,12.36111069,61.28472137,24.5625,1.959102101,30.87015915,4.572196484,0.774791077,185.0339661,16728.075,4,1.8650447982465144
US_0006661,2012,722.55,519.46,633.52,0.658302426,390.7476074,-106.4021,39.5562,490.6765,3250.147948,4.275297267,19.71222288,12.36111069,61.28472137,24.5625,1.959102101,30.36764603,4.424365044,0.786228418,186.419046,16468.07695,4,1.8487690439086397
US_0006661,2013,637.5,527.3,619.68,0.658302426,397.3095276,-106.4021,39.5562,490.6765,3250.147948,4.275297267,19.71222288,12.36111069,61.28472137,24.5625,1.959102101,32.82227516,4.336613178,0.790050598,184.7395264,16362.6082,4,1.9389818112970574
US_0006661,2014,666.33,555.48,620.21,0.658302426,417.7038208,-106.4021,39.5562,490.6765,3250.147948,4.275297267,19.71222288,12.36111069,61.28472137,24.5625,1.959102101,36.50092621,4.478386402,0.792015723,184.1189972,16151.40977,4,2.056473431954442
US_0006661,2015,708.71,596.73,612.22,0.658302426,418.3495361,-106.4021,39.5562,490.6765,3250.147948,4.275297267,19.71222288,12.36111069,61.28472137,24.5625,1.959102101,37.53491974,4.108849049,0.803995703,182.469397,15600.19102,4,1.8845443923566105
US_0006661,2016,523.64,594.38,628.78,0.658302426,400.2276428,-106.4021,39.5562,490.6765,3250.147948,4.275297267,19.71222288,12.36111069,61.28472137,24.5625,1.959102101,36.5454216,4.283651352,0.817187073,182.1783447,14962.21348,4,1.638768080115966
US_0006671,1999,122.4760377,598.4902222,578.9486938,0.826773516,406.5197937,-106.447808,39.60943048,942.5802,3213.738673,4.866410717,20.48171788,13.23250008,59.95000076,25.08374977,1.333857366,33.54477806,4.21753149,0.794902063,182.1206146,12475.99395,4,1.8737691376341103
US_0006671,2000,139.970669,577.6546667,612.2631348,0.826773516,414.4477905,-106.447808,39.60943048,942.5802,3213.738673,4.866410717,20.48171788,13.23250008,59.95000076,25.08374977,1.333857366,32.70281525,4.231816673,0.79710957,183.6914093,12870.23379,4,1.9237604482014103
US_0006671,2001,123.2169168,555.3935556,614.5653564,0.826773516,417.5380066,-106.447808,39.60943048,942.5802,3213.738673,4.866410717,20.48171788,13.23250008,59.95000076,25.08374977,1.333857366,32.56816711,4.172390747,0.801686804,183.1681824,13440.07227,4,2.0798940940965456
US_0006671,2002,97.58327844,492.9295556,632.4746826,0.826773516,390.4404541,-106.447808,39.60943048,942.5802,3213.738673,4.866410717,20.48171788,13.23250008,59.95000076,25.08374977,1.333857366,29.68298225,4.192403698,0.806557642,185.7068848,13924.94453,4,2.025814478491471
US_0006671,2003,105.5528513,495.81,664.9460083,0.826773516,392.1026672,-106.447808,39.60943048,942.5802,3213.738673,4.866410717,20.48171788,13.23250008,59.95000076,25.08374977,1.333857366,27.19070435,4.199237061,0.803699695,185.8434387,14338.8416,4,1.919980801997343
US_0006671,2004,99.73400304,492.6935556,675.9964478,0.826773516,392.5404419,-106.447808,39.60943048,942.5802,3213.738673,4.866410717,20.48171788,13.23250008,59.95000076,25.08374977,1.333857366,25.03146248,4.204794407,0.811037549,185.0540314,14745.74492,4,1.915846604763754
US_0006671,2005,100.9053769,509.0911111,662.9662231,0.826773516,395.8875671,-106.447808,39.60943048,942.5802,3213.738673,4.866410717,20.48171788,13.23250008,59.95000076,25.08374977,1.333857366,26.39203644,4.198101807,0.811727698,184.6896484,15179.16641,4,1.8873571087096737
US_0006671,2006,109.4949602,522.8393333,664.6126709,0.826773516,406.7660034,-106.447808,39.60943048,942.5802,3213.738673,4.866410717,20.48171788,13.23250008,59.95000076,25.08374977,1.333857366,27.72662926,4.227488995,0.81195199,185.0816498,15390.48496,4,1.9407158741180088
US_0006671,2007,120.8993398,570.1704444,666.4277954,0.826773516,423.0340149,-106.447808,39.60943048,942.5802,3213.738673,4.866410717,20.48171788,13.23250008,59.95000076,25.08374977,1.333857366,29.32642555,4.216705704,0.818370483,183.5347229,15668.71875,4,1.8692533381468872
US_0006671,2008,124.4030659,575.7188889,652.035791,0.826773516,422.1057922,-106.447808,39.60943048,942.5802,3213.738673,4.866410717,20.48171788,13.23250008,59.95000076,25.08374977,1.333857366,29.45325928,4.24816494,0.81209425,184.3802612,15895.27031,4,1.8785844930894242
US_0006671,2009,140.4105343,571.2551111,645.9838135,0.826773516,408.4353455,-106.447808,39.60943048,942.5802,3213.738673,4.866410717,20.48171788,13.23250008,59.95000076,25.08374977,1.333857366,29.83059387,4.272872257,0.803789587,184.8424133,15868.56445,4,1.760814634025271
US_0006671,2010,141.3544828,555.9851111,646.1113647,0.826773516,406.6746643,-106.447808,39.60943048,942.5802,3213.738673,4.866410717,20.48171788,13.23250008,59.95000076,25.08374977,1.333857366,29.17989006,4.286785221,0.801354358,185.0964508,15948.74863,4,1.8109665064425977
US_0006671,2011,156.1832195,561.5164444,632.0940186,0.826773516,404.1997803,-106.447808,39.60943048,942.5802,3213.738673,4.866410717,20.48171788,13.23250008,59.95000076,25.08374977,1.333857366,29.54913063,4.331690693,0.799271338,185.0752106,15858.6125,4,1.801412550675461
US_0006671,2012,145.3401366,509.4115556,658.7946655,0.826773516,387.4091064,-106.447808,39.60943048,942.5802,3213.738673,4.866410717,20.48171788,13.23250008,59.95000076,25.08374977,1.333857366,28.95111198,4.369723988,0.807705188,186.4425751,15578.32969,4,1.7878316119945912
US_0006671,2013,134.5233229,517.7644444,644.7228882,0.826773516,394.3750977,-106.447808,39.60943048,942.5802,3213.738673,4.866410717,20.48171788,13.23250008,59.95000076,25.08374977,1.333857366,31.0485569,4.352059269,0.8130755,184.7640747,15441.37441,4,1.8698058997801001
US_0006671,2014,132.5597119,544.9024444,646.0066528,0.826773516,413.2771118,-106.447808,39.60943048,942.5802,3213.738673,4.866410717,20.48171788,13.23250008,59.95000076,25.08374977,1.333857366,34.17735214,4.353802013,0.81587157,184.1397583,15232.36484,4,1.9550446311063479
US_0006671,2015,131.6676448,584.4204444,638.2328857,0.826773516,414.9393433,-106.447808,39.60943048,942.5802,3213.738673,4.866410717,20.48171788,13.23250008,59.95000076,25.08374977,1.333857366,35.14335213,4.298085403,0.831906067,182.5121826,14757.14004,4,1.801391009085053
US_0006671,2016,92.4235672,581.4713333,654.1219971,0.826773516,396.8337952,-106.447808,39.60943048,942.5802,3213.738673,4.866410717,20.48171788,13.23250008,59.95000076,25.08374977,1.333857366,34.41903725,4.241007519,0.848651892,182.2355713,14395.03027,4,1.5819016676195168
US_0006704,1994,90.13019083,452.4545714,860.2305298,3.664066675,374.3833984,-108.355086,39.09859226,22347.26,2680.380314,4.029193229,21.81040252,20.09492302,48.59976578,29.6748333,1.467583956,22.13090668,3.353630161,0.771754187,185.0399536,23133.35039,4,1.6076773740479242
US_0006704,1995,120.4145122,467.1240927,841.550647,3.664066675,381.4115662,-108.355086,39.09859226,22347.26,2680.380314,4.029193229,21.81040252,20.09492302,48.59976578,29.6748333,1.467583956,24.09975853,3.32713089,0.775761609,184.2534668,23780.5793,4,1.6133178433398703
US_0006704,1996,135.0655758,479.5577143,855.1727173,3.664066675,383.3551147,-108.355086,39.09859226,22347.26,2680.380314,4.029193229,21.81040252,20.09492302,48.59976578,29.6748333,1.467583956,24.37869644,3.368948841,0.776220935,184.6341919,24602.41523,4,1.5374840993713277
US_0006704,1997,162.9043401,500.2714981,822.8453003,3.664066675,399.4961487,-108.355086,39.09859226,22347.26,2680.380314,4.029193229,21.81040252,20.09492302,48.59976578,29.6748333,1.467583956,25.21530571,3.377347279,0.781601416,184.4350586,25232.14688,4,1.6326569703511191
US_0006704,1998,156.2680297,482.9560772,814.9976807,3.664066675,396.1449585,-108.355086,39.09859226,22347.26,2680.380314,4.029193229,21.81040252,20.09492302,48.59976578,29.6748333,1.467583956,25.10616417,3.347495699,0.78680343,185.3719635,25659.88242,4,1.7209781604895773
US_0006704,1999,165.6182669,497.2693127,798.2645142,3.664066675,409.8029785,-108.355086,39.09859226,22347.26,2680.380314,4.029193229,21.81040252,20.09492302,48.59976578,29.6748333,1.467583956,25.44520721,3.346105862,0.784219141,185.785907,26402.73984,4,1.8211087253980291
US_0006704,2000,145.7679882,474.0359691,819.732605,3.664066675,396.2437866,-108.355086,39.09859226,22347.26,2680.380314,4.029193229,21.81040252,20.09492302,48.59976578,29.6748333,1.467583956,23.75861626,3.359416389,0.780363892,187.3731781,27301.59102,4,1.783049261475047
US_0006704,2001,127.2019127,453.3291042,822.4436646,3.664066675,392.0739075,-108.355086,39.09859226,22347.26,2680.380314,4.029193229,21.81040252,20.09492302,48.59976578,29.6748333,1.467583956,23.18121147,3.307237196,0.782939294,187.1644806,28050.94375,4,1.9126866258402444
US_0006704,2002,92.54151402,402.3436911,845.0166992,3.664066675,353.9173401,-108.355086,39.09859226,22347.26,2680.380314,4.029193229,21.81040252,20.09492302,48.59976578,29.6748333,1.467583956,20.61499119,3.327191162,0.779438611,189.8643188,29053.99453,4,1.8093278905954464
US_0006704,2003,80.33437646,398.3415985,870.2807617,3.664066675,344.4336243,-108.355086,39.09859226,22347.26,2680.380314,4.029193229,21.81040252,20.09492302,48.59976578,29.6748333,1.467583956,19.57449703,3.335524893,0.776386084,190.2134125,30118.71719,4,1.660668115198531
US_0006704,2004,68.32419944,399.0041158,878.8818359,3.664066675,346.0593018,-108.355086,39.09859226,22347.26,2680.380314,4.029193229,21.81040252,20.09492302,48.59976578,29.6748333,1.467583956,19.58733273,3.338980055,0.78292428,189.3703979,31049.04766,4,1.6676567927295587
US_0006704,2005,74.25038263,424.1042239,867.7868896,3.664066675,366.4499329,-108.355086,39.09859226,22347.26,2680.380314,4.029193229,21.81040252,20.09492302,48.59976578,29.6748333,1.467583956,21.02802792,3.333474207,0.793671582,189.0670319,31740.94648,4,1.7355130544772728
US_0006704,2006,84.44421136,439.6333822,865.4126831,3.664066675,380.0295044,-108.355086,39.09859226,22347.26,2680.380314,4.029193229,21.81040252,20.09492302,48.59976578,29.6748333,1.467583956,21.97588825,3.356658936,0.795862573,189.3733734,32462.00508,4,1.7888654472289
US_0006704,2007,96.27268879,472.0948031,868.4038696,3.664066675,397.1297119,-108.355086,39.09859226,22347.26,2680.380314,4.029193229,21.81040252,20.09492302,48.59976578,29.6748333,1.467583956,23.88927727,3.348996592,0.806060986,188.0460754,33218.98242,4,1.729318380404551
US_0006704,2008,114.4118551,474.3575367,858.2152954,3.664066675,403.3076355,-108.355086,39.09859226,22347.26,2680.380314,4.029193229,21.81040252,20.09492302,48.59976578,29.6748333,1.467583956,24.36176186,3.368905878,0.801730554,188.7653809,33650.90664,4,1.8113348134474816
US_0006704,2009,131.0303198,467.0425019,850.5735229,3.664066675,392.7204102,-108.355086,39.09859226,22347.26,2680.380314,4.029193229,21.81040252,20.09492302,48.59976578,29.6748333,1.467583956,24.42657738,3.387051105,0.797774292,189.2539795,33340.88242,4,1.7408112642763873
US_0006704,2010,128.3254247,452.2061313,850.3001831,3.664066675,379.4337402,-108.355086,39.09859226,22347.26,2680.380314,4.029193229,21.81040252,20.09492302,48.59976578,29.6748333,1.467583956,23.58502922,3.39861536,0.785612341,189.2755066,32923.73945,4,1.6873781598361601
US_0006704,2011,152.1499426,457.754695,842.2073853,3.664066675,381.9116577,-108.355086,39.09859226,22347.26,2680.380314,4.029193229,21.81040252,20.09492302,48.59976578,29.6748333,1.467583956,23.75244637,3.436938,0.786632654,188.9815552,32069.77695,4,1.687212381326591
US_0006704,2012,142.7659698,418.2892896,868.5575073,3.664066675,360.4273804,-108.355086,39.09859226,22347.26,2680.380314,4.029193229,21.81040252,20.09492302,48.59976578,29.6748333,1.467583956,22.37727394,3.473497915,0.77761051,190.240387,30550.27813,4,1.7018814289931647
US_0006704,2013,121.7313117,439.1211737,857.6967407,3.664066675,373.1607422,-108.355086,39.09859226,22347.26,2680.380314,4.029193229,21.81040252,20.09492302,48.59976578,29.6748333,1.467583956,22.92222557,3.454273224,0.778188062,188.9582886,29468.0375,4,1.7038485801589858
US_0006704,2014,124.3039271,465.0547722,859.0570313,3.664066675,390.3990967,-108.355086,39.09859226,22347.26,2680.380314,4.029193229,21.81040252,20.09492302,48.59976578,29.6748333,1.467583956,24.45213737,3.455107975,0.783806226,188.2526917,28861.11797,4,1.712965004193112
US_0006704,2015,128.7271443,493.7454054,855.4622803,3.664066675,404.9242493,-108.355086,39.09859226,22347.26,2680.380314,4.029193229,21.81040252,20.09492302,48.59976578,29.6748333,1.467583956,25.60427017,3.403484535,0.801810876,187.1486908,27951.27188,4,1.683607076937106
US_0006704,2016,93.70547023,486.737583,870.9380859,3.664066675,388.0911804,-108.355086,39.09859226,22347.26,2680.380314,4.029193229,21.81040252,20.09492302,48.59976578,29.6748333,1.467583956,26.15191116,3.362104321,0.81048728,187.0788574,27273.51055,4,1.523606279025114
US_0006737,1992,142.293092,577.6989091,811.7668823,3.380021487,450.775824,-107.7603056,38.24055556,960.6099,2912.643632,5.368914802,21.09046953,24.42045403,39.75681686,33.75568008,1.473589016,26.21510582,3.350328541,0.79718905,194.275296,3761.78208,4,1.7636064218028213
US_0006737,1993,163.924413,584.9627273,809.1175903,3.380021487,443.1816467,-107.7603056,38.24055556,960.6099,2912.643632,5.368914802,21.09046953,24.42045403,39.75681686,33.75568008,1.473589016,26.92265205,3.405710411,0.792261023,193.5659302,3807.230957,4,1.657362771753934
US_0006737,1994,178.7813542,612.7683636,797.692688,3.380021487,445.8980103,-107.7603056,38.24055556,960.6099,2912.643632,5.368914802,21.09046953,24.42045403,39.75681686,33.75568008,1.473589016,27.14215202,3.381781769,0.790325452,191.9920197,3875.99917,4,1.5896273801594376
US_0006737,1995,209.747601,594.0650909,789.8112305,3.380021487,436.4100159,-107.7603056,38.24055556,960.6099,2912.643632,5.368914802,21.09046953,24.42045403,39.75681686,33.75568008,1.473589016,27.1125618,3.372742319,0.794805359,192.3141632,3953.72876,4,1.5942414801962121
US_0006737,1996,205.9993123,601.8943636,804.7375977,3.380021487,435.7732971,-107.7603056,38.24055556,960.6099,2912.643632,5.368914802,21.09046953,24.42045403,39.75681686,33.75568008,1.473589016,26.2140007,3.40277586,0.794771802,192.9126556,4053.928125,4,1.5330212164755679
US_0006737,1997,224.8343127,623.7283636,777.0985352,3.380021487,442.7251099,-107.7603056,38.24055556,960.6099,2912.643632,5.368914802,21.09046953,24.42045403,39.75681686,33.75568008,1.473589016,28.97440987,3.405624342,0.795548132,192.4037964,4166.195947,4,1.5636397475303954
US_0006737,1998,224.4146394,616.2223636,769.7145508,3.380021487,447.0249329,-107.7603056,38.24055556,960.6099,2912.643632,5.368914802,21.09046953,24.42045403,39.75681686,33.75568008,1.473589016,31.77831879,3.378031826,0.802128613,193.1607269,4280.219385,4,1.642134147134002
US_0006737,1999,236.5227469,633.0892727,755.4174438,3.380021487,463.1571167,-107.7603056,38.24055556,960.6099,2912.643632,5.368914802,21.09046953,24.42045403,39.75681686,33.75568008,1.473589016,34.54016685,3.382718182,0.791330176,193.7245575,4447.718262,4,1.7590790813962942
US_0006737,2000,207.2685766,616.1238182,764.4589111,3.380021487,452.0798279,-107.7603056,38.24055556,960.6099,2912.643632,5.368914802,21.09046953,24.42045403,39.75681686,33.75568008,1.473589016,33.93201485,3.398987961,0.789984619,194.813446,4673.387012,4,1.7005046747435604
US_0006737,2001,207.9281773,612.904,762.8641846,3.380021487,451.9425476,-107.7603056,38.24055556,960.6099,2912.643632,5.368914802,21.09046953,24.42045403,39.75681686,33.75568008,1.473589016,34.38566628,3.363663578,0.7921578,194.6784424,4884.411523,4,1.7162552486453586
US_0006737,2002,165.5607739,552.5769091,781.3885376,3.380021487,424.2472717,-107.7603056,38.24055556,960.6099,2912.643632,5.368914802,21.09046953,24.42045403,39.75681686,33.75568008,1.473589016,31.11896896,3.402675629,0.790550549,197.6803986,5081.853516,4,1.679712787673137
US_0006737,2003,157.1460798,540.9585455,795.139624,3.380021487,420.3460022,-107.7603056,38.24055556,960.6099,2912.643632,5.368914802,21.09046953,24.42045403,39.75681686,33.75568008,1.473589016,27.91609077,3.394386292,0.785506348,198.174472,5234.01709,4,1.6728490048031799
US_0006737,2004,144.0117738,530.4416364,803.3329346,3.380021487,406.4001709,-107.7603056,38.24055556,960.6099,2912.643632,5.368914802,21.09046953,24.42045403,39.75681686,33.75568008,1.473589016,25.85365143,3.395510435,0.784331641,197.7746033,5332.906152,4,1.573154400009487
US_0006737,2005,158.2058746,547.5392727,795.1387573,3.380021487,427.1656311,-107.7603056,38.24055556,960.6099,2912.643632,5.368914802,21.09046953,24.42045403,39.75681686,33.75568008,1.473589016,27.40037918,3.381165075,0.781067224,197.0958008,5398.130957,4,1.7091222212318349
US_0006737,2006,156.2039264,555.5550909,787.9454834,3.380021487,438.3114502,-107.7603056,38.24055556,960.6099,2912.643632,5.368914802,21.09046953,24.42045403,39.75681686,33.75568008,1.473589016,29.08868141,3.393810511,0.775201526,196.6739349,5465.692188,4,1.8017543439699586
US_0006737,2007,181.6376081,605.8641818,792.2154907,3.380021487,456.6232727,-107.7603056,38.24055556,960.6099,2912.643632,5.368914802,21.09046953,24.42045403,39.75681686,33.75568008,1.473589016,31.10086365,3.371842337,0.77956676,194.9958557,5566.87832,4,1.726382861766965
US_0006737,2008,204.8365182,615.1467273,784.4687744,3.380021487,450.9179993,-107.7603056,38.24055556,960.6099,2912.643632,5.368914802,21.09046953,24.42045403,39.75681686,33.75568008,1.473589016,30.83505974,3.398731756,0.769689941,195.084024,5590.356641,4,1.6502162831501865
US_0006737,2009,211.067017,593.0276364,777.027478,3.380021487,438.7496399,-107.7603056,38.24055556,960.6099,2912.643632,5.368914802,21.09046953,24.42045403,39.75681686,33.75568008,1.473589016,29.78478737,3.429234791,0.770361633,195.0141205,5523.538379,4,1.644315794895314
US_0006737,2010,205.6922116,578.3816364,776.6147583,3.380021487,425.7047363,-107.7603056,38.24055556,960.6099,2912.643632,5.368914802,21.09046953,24.42045403,39.75681686,33.75568008,1.473589016,28.23168106,3.456133175,0.767064795,195.318512,5495.362695,4,1.5869904269194899
US_0006737,2011,219.1008929,580.0852727,774.0622192,3.380021487,427.5114563,-107.7603056,38.24055556,960.6099,2912.643632,5.368914802,21.09046953,24.42045403,39.75681686,33.75568008,1.473589016,27.14387894,3.511865044,0.771347449,195.5915131,5421.453711,4,1.6010847703741287
US_0006737,2012,200.7556466,524.4874545,788.0318481,3.380021487,404.0809143,-107.7603056,38.24055556,960.6099,2912.643632,5.368914802,21.09046953,24.42045403,39.75681686,33.75568008,1.473589016,25.00381813,3.54897418,0.768031824,197.2511169,5259.414844,4,1.6057209343070153
US_0006737,2013,172.0543892,560.1130909,780.0405762,3.380021487,430.204541,-107.7603056,38.24055556,960.6099,2912.643632,5.368914802,21.09046953,24.42045403,39.75681686,33.75568008,1.473589016,27.74568214,3.537180138,0.776701355,196.2176941,5202.842676,4,1.70558451284502
US_0006737,2014,170.5545022,599.7781818,778.9871094,3.380021487,456.7745361,-107.7603056,38.24055556,960.6099,2912.643632,5.368914802,21.09046953,24.42045403,39.75681686,33.75568008,1.473589016,32.39891052,3.532095337,0.787718408,195.7567719,5169.758203,4,1.7866467889316264
US_0006737,2015,171.5821892,658.7474545,770.3830933,3.380021487,475.863269,-107.7603056,38.24055556,960.6099,2912.643632,5.368914802,21.09046953,24.42045403,39.75681686,33.75568008,1.473589016,35.85759239,3.49169836,0.807333728,194.332077,5458.962207,4,1.7408452259033118
US_0006737,2016,148.37294,652.5574545,784.5498047,3.380021487,456.1541809,-107.7603056,38.24055556,960.6099,2912.643632,5.368914802,21.09046953,24.42045403,39.75681686,33.75568008,1.473589016,37.15919838,3.448899937,0.817594421,194.1062134,5803.683008,4,1.5626621610541145
US_0006748,2001,125.8519763,530.6199519,953.5299683,6.786857202,453.3356873,-108.905382,38.04443666,3662.33,2544.084845,2.73589949,22.29011946,24.00197983,37.88546371,36.10011292,1.326446105,31.79525909,2.941030407,0.92201604,200.2353516,6091.152734,4,1.8501873518370555
US_0006748,2002,70.62688433,472.7514423,972.2199829,6.786857202,412.8844788,-108.905382,38.04443666,3662.33,2544.084845,2.73589949,22.29011946,24.00197983,37.88546371,36.10011292,1.326446105,28.48259048,2.979335308,0.909445117,203.115332,6327.062598,4,1.792258863979332
US_0006748,2003,31.79539014,464.1848558,982.9790527,6.786857202,404.6816406,-108.905382,38.04443666,3662.33,2544.084845,2.73589949,22.29011946,24.00197983,37.88546371,36.10011292,1.326446105,26.32871284,2.963469505,0.905713977,203.809903,6488.696289,4,1.7438033197127487
US_0006748,2012,39.19334802,462.2558173,987.5224365,6.786857202,400.4775879,-108.905382,38.04443666,3662.33,2544.084845,2.73589949,22.29011946,24.00197983,37.88546371,36.10011292,1.326446105,25.03149033,3.115228987,0.914512048,203.0449188,5739.799023,4,1.6973357575553774
US_0006748,2013,22.79867184,491.5401923,980.9003174,6.786857202,426.958783,-108.905382,38.04443666,3662.33,2544.084845,2.73589949,22.29011946,24.00197983,37.88546371,36.10011292,1.326446105,26.66042519,3.09417572,0.916178882,202.1714661,5648.314648,4,1.7993275857266007
US_0006748,2014,19.30061284,525.869375,979.7557373,6.786857202,452.5428711,-108.905382,38.04443666,3662.33,2544.084845,2.73589949,22.29011946,24.00197983,37.88546371,36.10011292,1.326446105,29.78535652,3.088652515,0.924421252,201.8411987,5654.696582,4,1.8399539487594558
US_0006748,2015,15.91451929,570.3382212,975.1921875,6.786857202,481.3338379,-108.905382,38.04443666,3662.33,2544.084845,2.73589949,22.29011946,24.00197983,37.88546371,36.10011292,1.326446105,32.69920692,3.046518707,0.946047156,200.571579,5735.735449,4,1.854571919632509
US_0006748,2016,10.40599028,565.6786538,991.1347778,6.786857202,468.1976868,-108.905382,38.04443666,3662.33,2544.084845,2.73589949,22.29011946,24.00197983,37.88546371,36.10011292,1.326446105,34.69013672,3.017061996,0.958651001,200.3214691,5880.552246,4,1.7129907348765319
US_0006753,1999,182.2243751,549.1622222,907.420166,5.12530218,462.1479431,-108.5020343,38.2441571,1916.427,2729.044256,3.657519226,22.06350596,25.2095871,40.61231232,32.1428566,1.461254779,25.87293625,2.981601,0.8892203,196.3242462,16021.96992,4,1.8936583676388767
US_0006753,2000,144.9747936,533.5256349,909.6873047,5.12530218,444.0723877,-108.5020343,38.2441571,1916.427,2729.044256,3.657519226,22.06350596,25.2095871,40.61231232,32.1428566,1.461254779,24.93906059,2.997730684,0.885345361,197.3063812,16431.07617,4,1.78104796334152
US_0006753,2001,144.3640636,527.6203175,906.3542847,5.12530218,443.8574707,-108.5020343,38.2441571,1916.427,2729.044256,3.657519226,22.06350596,25.2095871,40.61231232,32.1428566,1.461254779,25.33502617,2.965691662,0.889530444,197.2165405,16565.10371,4,1.8286477835139079
US_0006753,2002,103.3772096,473.7248413,925.7693726,5.12530218,407.268811,-108.5020343,38.2441571,1916.427,2729.044256,3.657519226,22.06350596,25.2095871,40.61231232,32.1428566,1.461254779,22.72532425,3.003535557,0.878781958,200.1843018,16612.88242,4,1.7668299023457155
US_0006753,2003,88.90221252,465.025873,937.4013672,5.12530218,398.7611877,-108.5020343,38.2441571,1916.427,2729.044256,3.657519226,22.06350596,25.2095871,40.61231232,32.1428566,1.461254779,20.87886887,2.993817949,0.87458396,200.7930878,16589.76309,4,1.7121990073094955
US_0006753,2004,75.71951986,460.9179365,943.8951782,5.12530218,383.6861938,-108.5020343,38.2441571,1916.427,2729.044256,3.657519226,22.06350596,25.2095871,40.61231232,32.1428566,1.461254779,20.40550919,2.990889406,0.869894421,200.3666626,16442.3123,4,1.550912262565612
US_0006753,2005,82.22922402,480.7061905,937.9002808,5.12530218,407.2448486,-108.5020343,38.2441571,1916.427,2729.044256,3.657519226,22.06350596,25.2095871,40.61231232,32.1428566,1.461254779,21.47306824,2.977218151,0.8720849,199.7378998,16031.97031,4,1.6892661934568423
US_0006753,2006,81.789656,488.951746,930.0056885,5.12530218,415.6687317,-108.5020343,38.2441571,1916.427,2729.044256,3.657519226,22.06350596,25.2095871,40.61231232,32.1428566,1.461254779,22.21727486,2.983983421,0.864198425,199.3590149,15779.99531,4,1.7405201655156375
US_0006753,2007,101.2296526,527.9329365,936.7337036,5.12530218,434.5079346,-108.5020343,38.2441571,1916.427,2729.044256,3.657519226,22.06350596,25.2095871,40.61231232,32.1428566,1.461254779,23.94191055,2.962483454,0.877382385,197.8268372,15653.50234,4,1.6688527145413339
US_0006753,2008,115.2540834,535.4675397,931.3552002,5.12530218,435.057373,-108.5020343,38.2441571,1916.427,2729.044256,3.657519226,22.06350596,25.2095871,40.61231232,32.1428566,1.461254779,24.02108383,2.989443111,0.870327612,197.9118256,15861.79258,4,1.6355201735568594
US_0006753,2009,119.7745392,513.1380159,926.8333008,5.12530218,425.5592834,-108.5020343,38.2441571,1916.427,2729.044256,3.657519226,22.06350596,25.2095871,40.61231232,32.1428566,1.461254779,23.10755157,3.019683218,0.875142847,197.9104309,15677.50293,4,1.6819645425745788
US_0006753,2010,115.7608099,501.1161111,926.3729004,5.12530218,411.8938782,-108.5020343,38.2441571,1916.427,2729.044256,3.657519226,22.06350596,25.2095871,40.61231232,32.1428566,1.461254779,22.06144104,3.048751307,0.870476306,198.1534637,16054.21094,4,1.611348633105731
US_0006753,2011,122.7557571,503.7003968,927.6110718,5.12530218,418.3809448,-108.5020343,38.2441571,1916.427,2729.044256,3.657519226,22.06350596,25.2095871,40.61231232,32.1428566,1.461254779,21.37326622,3.10216856,0.877218103,198.3582062,16141.46973,4,1.6644004521310665
US_0006753,2012,107.7369493,456.5479365,940.8477417,5.12530218,390.4485718,-108.5020343,38.2441571,1916.427,2729.044256,3.657519226,22.06350596,25.2095871,40.61231232,32.1428566,1.461254779,19.25452995,3.138865042,0.864517651,199.8717468,16100.34688,4,1.6710990163080581
US_0006753,2013,89.76341993,492.5938095,933.7756714,5.12530218,421.0042114,-108.5020343,38.2441571,1916.427,2729.044256,3.657519226,22.06350596,25.2095871,40.61231232,32.1428566,1.461254779,21.37580681,3.121967554,0.868580884,198.9029602,15846.8,4,1.7747098865812805
US_0006753,2014,88.78852572,527.7711111,931.4058228,5.12530218,447.0931824,-108.5020343,38.2441571,1916.427,2729.044256,3.657519226,22.06350596,25.2095871,40.61231232,32.1428566,1.461254779,24.2900795,3.116120291,0.880188477,198.4724976,16570.65332,4,1.8274618816297414
US_0006753,2015,89.4521607,574.8377778,926.3656494,5.12530218,476.71604,-108.5020343,38.2441571,1916.427,2729.044256,3.657519226,22.06350596,25.2095871,40.61231232,32.1428566,1.461254779,26.68005257,3.07596426,0.903866296,197.2141876,16945.3873,4,1.8496990910240527
US_0006753,2016,72.19282199,566.4674603,941.8061035,5.12530218,458.2021484,-108.5020343,38.2441571,1916.427,2729.044256,3.657519226,22.06350596,25.2095871,40.61231232,32.1428566,1.461254779,28.26964302,3.042117786,0.920786609,197.0319092,17605.71641,4,1.6753363096210423
US_0006808,1992,91.64943118,481.4313889,794.485022,2.701587756,436.1361267,-106.8917667,40.2642611,524.9179,2741.031197,2.943306384,22.46984715,20.57986069,47.5,30.16145897,1.763760985,37.60939865,3.518448973,1.044428479,183.4556061,5996.755371,4,2.5209251622790476
US_0006808,1993,99.11413586,515.1680556,775.9808594,2.701587756,447.9747437,-106.8917667,40.2642611,524.9179,2741.031197,2.943306384,22.46984715,20.57986069,47.5,30.16145897,1.763760985,38.65861206,3.527918911,1.036815515,182.0735199,6065.700488,4,2.330337021060589
US_0006808,1994,92.05258814,513.4430556,776.750293,2.701587756,439.53974,-106.8917667,40.2642611,524.9179,2741.031197,2.943306384,22.46984715,20.57986069,47.5,30.16145897,1.763760985,38.85812683,3.504567003,1.029571643,181.2963196,6184.083496,4,2.185979331353487
US_0006808,1995,103.2277483,531.1972222,754.8005493,2.701587756,436.6186218,-106.8917667,40.2642611,524.9179,2741.031197,2.943306384,22.46984715,20.57986069,47.5,30.16145897,1.763760985,40.2944931,3.477020741,1.031221191,180.1868744,6321.280664,4,2.032577980268052
US_0006808,1996,122.9231279,544.4625,767.221106,2.701587756,434.7358398,-106.8917667,40.2642611,524.9179,2741.031197,2.943306384,22.46984715,20.57986069,47.5,30.16145897,1.763760985,40.50185394,3.525983715,1.029124072,180.4937286,6498.635156,4,1.8762989829917187
US_0006808,1997,153.656329,563.5202778,734.0563965,2.701587756,445.4614075,-106.8917667,40.2642611,524.9179,2741.031197,2.943306384,22.46984715,20.57986069,47.5,30.16145897,1.763760985,41.23858948,3.536131907,1.035756738,180.3944672,6660.210352,4,1.9793833954633153
US_0006808,1998,162.8168198,544.6958333,727.0822388,2.701587756,447.5108398,-106.8917667,40.2642611,524.9179,2741.031197,2.943306384,22.46984715,20.57986069,47.5,30.16145897,1.763760985,41.79289474,3.504585552,1.048034277,181.4175934,6773.135742,4,2.175512422665746
US_0006808,1999,177.7250437,563.0788889,706.2544678,2.701587756,465.7855591,-106.8917667,40.2642611,524.9179,2741.031197,2.943306384,22.46984715,20.57986069,47.5,30.16145897,1.763760985,42.59268723,3.501166582,1.048345044,181.7962738,6940.295605,4,2.409246537124586
US_0006808,2000,174.2352932,536.2836111,736.3964233,2.701587756,458.9008362,-106.8917667,40.2642611,524.9179,2741.031197,2.943306384,22.46984715,20.57986069,47.5,30.16145897,1.763760985,40.45826569,3.515106344,1.043673035,183.5604889,7106.990918,4,2.436460596738178
US_0006808,2001,153.0714172,504.9947222,742.2050415,2.701587756,451.9344421,-106.8917667,40.2642611,524.9179,2741.031197,2.943306384,22.46984715,20.57986069,47.5,30.16145897,1.763760985,38.65745506,3.458661938,1.04746886,183.3797272,7295.172949,4,2.714224512995445
US_0006808,2002,116.4557895,449.9211111,765.3203003,2.701587756,414.2149902,-106.8917667,40.2642611,524.9179,2741.031197,2.943306384,22.46984715,20.57986069,47.5,30.16145897,1.763760985,34.92858925,3.474821615,1.036707141,185.96716,7481.940723,4,2.6487733335927865
US_0006808,2003,104.2341206,443.7155556,793.3525269,2.701587756,401.4041626,-106.8917667,40.2642611,524.9179,2741.031197,2.943306384,22.46984715,20.57986069,47.5,30.16145897,1.763760985,33.3119915,3.484770727,1.039093835,186.2725769,7656.100586,4,2.3127272995038153
US_0006808,2004,91.05497322,446.8788889,804.0083496,2.701587756,404.6755554,-106.8917667,40.2642611,524.9179,2741.031197,2.943306384,22.46984715,20.57986069,47.5,30.16145897,1.763760985,32.42800941,3.488164282,1.055614905,185.3447754,7849.105566,4,2.309879308394838
US_0006808,2005,86.63858794,480.2077778,789.538623,2.701587756,426.5272217,-106.8917667,40.2642611,524.9179,2741.031197,2.943306384,22.46984715,20.57986069,47.5,30.16145897,1.763760985,34.8793972,3.4826828,1.08034397,185.19776,8022.642773,4,2.3166510062157104
US_0006808,2006,91.54950901,501.2166667,789.8422241,2.701587756,445.353894,-106.8917667,40.2642611,524.9179,2741.031197,2.943306384,22.46984715,20.57986069,47.5,30.16145897,1.763760985,37.26263809,3.506053162,1.089722803,185.6970428,8149.099609,4,2.4252467759006233
US_0006808,2007,98.77203275,538.7502778,790.8380615,2.701587756,471.7063904,-106.8917667,40.2642611,524.9179,2741.031197,2.943306384,22.46984715,20.57986069,47.5,30.16145897,1.763760985,41.01518478,3.497277737,1.111536377,184.4490082,8301.738184,4,2.4668288049648215
US_0006808,2008,105.5410969,538.5163889,776.3122192,2.701587756,474.3322266,-106.8917667,40.2642611,524.9179,2741.031197,2.943306384,22.46984715,20.57986069,47.5,30.16145897,1.763760985,40.77157364,3.51825223,1.100402808,185.2906738,8366.475977,4,2.585745286955133
US_0006808,2009,113.6887618,532.9577778,764.3302734,2.701587756,460.9358398,-106.8917667,40.2642611,524.9179,2741.031197,2.943306384,22.46984715,20.57986069,47.5,30.16145897,1.763760985,41.69655075,3.534770823,1.086377222,185.9007202,8278.461426,4,2.4113437069000967
US_0006808,2010,115.0081727,514.8011111,763.6099976,2.701587756,449.125,-106.8917667,40.2642611,524.9179,2741.031197,2.943306384,22.46984715,20.57986069,47.5,30.16145897,1.763760985,41.07187576,3.54031949,1.065618994,185.7662781,8221.536426,4,2.4018210816444987
US_0006808,2011,140.7396481,524.4452778,749.7175049,2.701587756,449.4880554,-106.8917667,40.2642611,524.9179,2741.031197,2.943306384,22.46984715,20.57986069,47.5,30.16145897,1.763760985,41.09942245,3.577122784,1.059822803,185.3243073,8109.573633,4,2.3366121668169146
US_0006808,2012,137.6976575,481.385,778.8469604,2.701587756,424.2152832,-106.8917667,40.2642611,524.9179,2741.031197,2.943306384,22.46984715,20.57986069,47.5,30.16145897,1.763760985,38.59215393,3.618252325,1.048291211,186.5380127,7940.59248,4,2.2793094499246913
US_0006808,2013,128.7161136,504.8238889,767.8414063,2.701587756,436.0711182,-106.8917667,40.2642611,524.9179,2741.031197,2.943306384,22.46984715,20.57986069,47.5,30.16145897,1.763760985,40.57414398,3.59922452,1.052567383,185.2238251,7883.934668,4,2.247493406403889
US_0006808,2014,137.055923,533.9488889,773.6039063,2.701587756,453.8513916,-106.8917667,40.2642611,524.9179,2741.031197,2.943306384,22.46984715,20.57986069,47.5,30.16145897,1.763760985,43.15275497,3.601138783,1.071188696,184.4338684,8259.931055,4,2.2315530776758568
US_0006808,2015,147.3274447,560.5527778,769.5353027,2.701587756,459.3450195,-106.8917667,40.2642611,524.9179,2741.031197,2.943306384,22.46984715,20.57986069,47.5,30.16145897,1.763760985,44.39939804,3.547310019,1.103685254,183.3768524,8767.619141,4,2.0890483341252586
US_0006808,2016,112.261342,552.265,782.8325195,2.701587756,439.0858459,-106.8917667,40.2642611,524.9179,2741.031197,2.943306384,22.46984715,20.57986069,47.5,30.16145897,1.763760985,44.32784729,3.503513622,1.123369141,183.3415985,9392.741504,4,1.8424249693020227
US_0006856,1993,29.83501029,358.5524176,914.1776123,5.541331034,336.3935181,-110.7418242,40.1271783,1286.201,2499.390709,2.822378866,20.65956736,21.3406601,44.39697647,33.03365326,1.670483497,22.50414848,3.309066868,0.695015833,189.0259552,4470.877539,4,2.08406270894989
US_0006856,1994,30.25040713,375.2585714,920.9182861,5.541331034,333.5069214,-110.7418242,40.1271783,1286.201,2499.390709,2.822378866,20.65956736,21.3406601,44.39697647,33.03365326,1.670483497,21.58046722,3.292947817,0.696573938,187.488208,4520.680176,4,1.6862732925734718
US_0006856,2009,33.9491286,347.9376923,910.927063,5.541331034,328.6610962,-110.7418242,40.1271783,1286.201,2499.390709,2.822378866,20.65956736,21.3406601,44.39697647,33.03365326,1.670483497,24.51924896,3.306875229,0.692690088,191.6885468,5579.336035,4,2.1281767574790105
US_0006856,2010,34.37296096,359.2571429,910.178894,5.541331034,317.9388,-110.7418242,40.1271783,1286.201,2499.390709,2.822378866,20.65956736,21.3406601,44.39697647,33.03365326,1.670483497,20.93089752,3.342743397,0.685345288,192.4741058,5523.661719,4,1.628259122724361
US_0006856,2011,61.15425315,360.6405495,895.2275757,5.541331034,320.3296814,-110.7418242,40.1271783,1286.201,2499.390709,2.822378866,20.65956736,21.3406601,44.39697647,33.03365326,1.670483497,22.72287598,3.370528221,0.69985426,192.0466766,5509.41875,4,1.6705057982502929
US_0006856,2012,63.16297158,357.7542857,910.3419922,5.541331034,321.7505615,-110.7418242,40.1271783,1286.201,2499.390709,2.822378866,20.65956736,21.3406601,44.39697647,33.03365326,1.670483497,23.58700562,3.392932034,0.699372253,191.9587036,5436.375293,4,1.7214600064224495
US_0006856,2013,60.42889259,366.5181319,909.5505371,5.541331034,323.8414368,-110.7418242,40.1271783,1286.201,2499.390709,2.822378866,20.65956736,21.3406601,44.39697647,33.03365326,1.670483497,22.83803139,3.366152906,0.702528113,191.0062378,5434.467383,4,1.6403867830903325
US_0006856,2014,57.47925718,384.6361538,921.380542,5.541331034,339.9689087,-110.7418242,40.1271783,1286.201,2499.390709,2.822378866,20.65956736,21.3406601,44.39697647,33.03365326,1.670483497,22.95728951,3.380565977,0.699295361,190.7684082,5520.59873,4,1.6800561274017953
US_0006856,2015,56.87978909,380.2732967,934.4458496,5.541331034,354.6562683,-110.7418242,40.1271783,1286.201,2499.390709,2.822378866,20.65956736,21.3406601,44.39697647,33.03365326,1.670483497,23.36732597,3.323805857,0.71504574,190.5049896,5714.104199,4,2.0709202294822067
US_0006869,1994,222.0071815,455.0566667,651.3585693,2.012179463,353.8081116,-110.1143226,40.5913396,400.8632,3252.326443,4.086509034,21.93053503,12.49305534,60.80208206,24.82291603,1.429061359,25.54349213,4.069829369,0.552658313,181.5720245,2316.260303,4,1.7165005600641963
US_0006869,1995,331.6509958,477.2614286,634.7085693,2.012179463,358.8385925,-110.1143226,40.5913396,400.8632,3252.326443,4.086509034,21.93053503,12.49305534,60.80208206,24.82291603,1.429061359,29.88547592,4.05433321,0.55119906,180.9737305,2297.500732,4,1.6874749432733487
US_0006869,1996,305.2660364,487.2328571,647.6490479,2.012179463,350.2528748,-110.1143226,40.5913396,400.8632,3252.326443,4.086509034,21.93053503,12.49305534,60.80208206,24.82291603,1.429061359,30.47726212,4.094956207,0.551824512,181.7431763,2319.296924,4,1.5162160804750773
US_0006869,1997,351.6602549,533.9766667,614.2966675,2.012179463,369.3104919,-110.1143226,40.5913396,400.8632,3252.326443,4.086509034,21.93053503,12.49305534,60.80208206,24.82291603,1.429061359,33.86912727,4.101666451,0.553703223,180.7286957,2321.382031,4,1.5939058853987882
US_0006869,1998,392.0816654,526.2614286,603.9171387,2.012179463,367.3709595,-110.1143226,40.5913396,400.8632,3252.326443,4.086509034,21.93053503,12.49305534,60.80208206,24.82291603,1.429061359,36.40317421,4.05866642,0.553521765,180.3633789,2318.013623,4,1.6332949249928232
US_0006869,1999,466.8080379,528.4090476,583.0490479,2.012179463,371.8009583,-110.1143226,40.5913396,400.8632,3252.326443,4.086509034,21.93053503,12.49305534,60.80208206,24.82291603,1.429061359,34.73253975,4.063341045,0.553840271,180.8334198,2249.85957,4,1.738909573524425
US_0006869,2000,396.0850374,511.9609524,610.0819092,2.012179463,373.8052429,-110.1143226,40.5913396,400.8632,3252.326443,4.086509034,21.93053503,12.49305534,60.80208206,24.82291603,1.429061359,31.06654778,4.054400635,0.557734253,181.9625061,2189.556323,4,1.7526898801123887
US_0006869,2001,432.4339,485.7557143,622.0019165,2.012179463,370.7233398,-110.1143226,40.5913396,400.8632,3252.326443,4.086509034,21.93053503,12.49305534,60.80208206,24.82291603,1.429061359,30.51226158,3.990960217,0.561327319,181.9582611,2065.662915,4,1.8238344302848293
US_0006869,2002,373.1441353,417.4133333,636.6752686,2.012179463,334.7966736,-110.1143226,40.5913396,400.8632,3252.326443,4.086509034,21.93053503,12.49305534,60.80208206,24.82291603,1.429061359,25.80468235,3.999325275,0.561835193,184.7923065,1942.866113,4,1.762620451080016
US_0006869,2003,302.7478585,399.6790476,674.9624146,2.012179463,322.5061951,-110.1143226,40.5913396,400.8632,3252.326443,4.086509034,21.93053503,12.49305534,60.80208206,24.82291603,1.429061359,22.09646893,4.022880888,0.562892615,186.1679779,1791.478809,4,1.6433191241337233
US_0006869,2004,227.4539721,412.207619,676.2714478,2.012179463,331.2666748,-110.1143226,40.5913396,400.8632,3252.326443,4.086509034,21.93053503,12.49305534,60.80208206,24.82291603,1.429061359,23.8387701,4.007420588,0.559314355,185.0818634,1670.513281,4,1.6640777530424462
US_0006869,2005,327.3008341,425.5490476,659.0538208,2.012179463,324.3342957,-110.1143226,40.5913396,400.8632,3252.326443,4.086509034,21.93053503,12.49305534,60.80208206,24.82291603,1.429061359,27.62321529,3.993976164,0.553318054,184.4571777,1563.897974,4,1.5250807445810703
US_0006869,2006,308.5523175,451.4580952,646.5557129,2.012179463,344.9652466,-110.1143226,40.5913396,400.8632,3252.326443,4.086509034,21.93053503,12.49305534,60.80208206,24.82291603,1.429061359,28.58230305,4.007614946,0.55094491,184.7483673,1478.527026,4,1.64039775795693
US_0006869,2007,324.7325206,461.2638095,657.6752319,2.012179463,358.8947632,-110.1143226,40.5913396,400.8632,3252.326443,4.086509034,21.93053503,12.49305534,60.80208206,24.82291603,1.429061359,30.31420784,4.0097857,0.556667139,184.2849915,1443.877539,4,1.7260763787448488
US_0006869,2008,331.1104926,446.3347619,643.1276123,2.012179463,358.2947632,-110.1143226,40.5913396,400.8632,3252.326443,4.086509034,21.93053503,12.49305534,60.80208206,24.82291603,1.429061359,29.86103287,4.040388966,0.553177783,185.2629333,1407.032471,4,1.8640834651331395
US_0006869,2009,347.9293344,430.4471429,634.8923828,2.012179463,344.3638062,-110.1143226,40.5913396,400.8632,3252.326443,4.086509034,21.93053503,12.49305534,60.80208206,24.82291603,1.429061359,28.00948601,4.054273891,0.557594458,186.1817841,1357.027417,4,1.804867576613462
US_0006869,2010,254.8704275,437.8385714,630.4666748,2.012179463,346.1180908,-110.1143226,40.5913396,400.8632,3252.326443,4.086509034,21.93053503,12.49305534,60.80208206,24.82291603,1.429061359,24.28650894,4.082285881,0.554028259,186.6137726,1287.703149,4,1.7854740848231607
US_0006869,2011,300.5620969,431.2152381,617.9795288,2.012179463,328.0057129,-110.1143226,40.5913396,400.8632,3252.326443,4.086509034,21.93053503,12.49305534,60.80208206,24.82291603,1.429061359,23.89984245,4.123420811,0.543017603,186.1918274,1227.029785,4,1.6209139078352959
US_0006869,2012,295.4127302,419.7666667,627.956189,2.012179463,313.061438,-110.1143226,40.5913396,400.8632,3252.326443,4.086509034,21.93053503,12.49305534,60.80208206,24.82291603,1.429061359,22.90349274,4.14477787,0.532793994,186.2854004,1128.462207,4,1.4909766000278613
US_0006869,2013,291.1759947,430.8971429,618.3652344,2.012179463,323.4971558,-110.1143226,40.5913396,400.8632,3252.326443,4.086509034,21.93053503,12.49305534,60.80208206,24.82291603,1.429061359,23.47678642,4.11442852,0.530250928,185.2734955,1068.189319,4,1.5680453862906711
US_0006869,2014,279.6698809,450.8533333,627.7071411,2.012179463,346.1747803,-110.1143226,40.5913396,400.8632,3252.326443,4.086509034,21.93053503,12.49305534,60.80208206,24.82291603,1.429061359,24.12127037,4.152011776,0.527854639,184.9950836,1031.63103,4,1.7046057772846617
US_0006869,2015,294.258485,450.3757143,634.8799927,2.012179463,356.0776367,-110.1143226,40.5913396,400.8632,3252.326443,4.086509034,21.93053503,12.49305534,60.80208206,24.82291603,1.429061359,24.66686554,4.096817207,0.537717163,184.4768677,998.7727783,4,1.823258337730456
US_0006938,1995,422.9560301,804.3712,587.8296021,0.368376084,473.1192139,-107.6592278,37.8111077,234.4334,3573.454179,5.29879772,17.79195342,15.94375038,45.32500076,37.0625,0.614188462,41.28246689,4.130606651,0.468062512,191.2237396,6453.731738,4,1.9808208158780465
US_0006938,1996,494.942032,806.6024,595.2800049,0.368376084,468.3784119,-107.6592278,37.8111077,234.4334,3573.454179,5.29879772,17.79195342,15.94375038,45.32500076,37.0625,0.614188462,38.28160019,4.161279964,0.465257532,191.882608,6582.65332,4,1.8716140714677474
US_0006938,1997,555.6961978,840.6472,566.2992065,0.368376084,464.3360046,-107.6592278,37.8111077,234.4334,3573.454179,5.29879772,17.79195342,15.94375038,45.32500076,37.0625,0.614188462,45.25646667,4.164459944,0.467304199,191.3349396,6819.078125,4,1.9292683023131385
US_0006938,1998,504.199983,837.3856,556.220813,0.368376084,466.5888123,-107.6592278,37.8111077,234.4334,3573.454179,5.29879772,17.79195342,15.94375038,45.32500076,37.0625,0.614188462,52.24979935,4.136173296,0.468708374,192.0655396,7049.694629,4,2.0468050372594364
US_0006938,1999,584.3130047,848.4712,540.4256226,0.368376084,466.8560181,-107.6592278,37.8111077,234.4334,3573.454179,5.29879772,17.79195342,15.94375038,45.32500076,37.0625,0.614188462,58.74813156,4.14297328,0.469972528,192.6250702,7545.642383,4,2.175369912748071
US_0006938,2000,520.7201389,839.0264,553.8624268,0.368376084,469.1368042,-107.6592278,37.8111077,234.4334,3573.454179,5.29879772,17.79195342,15.94375038,45.32500076,37.0625,0.614188462,59.5193306,4.159253263,0.47089668,193.6684021,8246.726855,4,2.102176763577706
US_0006938,2001,519.4244004,841.9096,552.7944214,0.368376084,467.8568115,-107.6592278,37.8111077,234.4334,3573.454179,5.29879772,17.79195342,15.94375038,45.32500076,37.0625,0.614188462,59.63279877,4.123633242,0.476081671,193.5252655,8853.937207,4,2.084966212592536
US_0006938,2002,421.254962,755.8216,562.6336182,0.368376084,454.6584229,-107.6592278,37.8111077,234.4334,3573.454179,5.29879772,17.79195342,15.94375038,45.32500076,37.0625,0.614188462,53.45399933,4.163746548,0.477891663,196.5246643,9303.459668,4,2.0464106594019564
US_0006938,2003,406.5152467,738.268,578.0648071,0.368376084,463.8200134,-107.6592278,37.8111077,234.4334,3573.454179,5.29879772,17.79195342,15.94375038,45.32500076,37.0625,0.614188462,48.18166809,4.152473259,0.475800812,196.9954651,9645.217578,4,2.1209475388824472
US_0006938,2004,373.785544,726.1264,588.8960083,0.368376084,457.7632263,-107.6592278,37.8111077,234.4334,3573.454179,5.29879772,17.79195342,15.94375038,45.32500076,37.0625,0.614188462,42.79066849,4.152693272,0.456699158,196.6606018,9672.511523,4,2.0049518791859473
US_0006938,2005,402.7471558,738.5984,579.5192017,0.368376084,468.6616272,-107.6592278,37.8111077,234.4334,3573.454179,5.29879772,17.79195342,15.94375038,45.32500076,37.0625,0.614188462,46.12113647,4.137759876,0.441283331,195.932132,9398.125195,4,2.1815187426396814
US_0006938,2006,413.491072,744.9192,571.8680054,0.368376084,481.0056213,-107.6592278,37.8111077,234.4334,3573.454179,5.29879772,17.79195342,15.94375038,45.32500076,37.0625,0.614188462,51.80453415,4.151546574,0.425535834,195.4359344,9212.365039,4,2.43834167602717
US_0006938,2007,476.4332022,820.9976,578.3400024,0.368376084,499.1144104,-107.6592278,37.8111077,234.4334,3573.454179,5.29879772,17.79195342,15.94375038,45.32500076,37.0625,0.614188462,55.03040009,4.127506638,0.421354163,193.7361389,9103.934961,4,2.419896617293745
US_0006938,2008,515.4480362,839.3056,568.5736084,0.368376084,483.3400146,-107.6592278,37.8111077,234.4334,3573.454179,5.29879772,17.79195342,15.94375038,45.32500076,37.0625,0.614188462,52.33546524,4.15953331,0.408713342,193.7638092,8949.439844,4,2.187575533695433
US_0006938,2009,528.0564027,813.8848,557.0840088,0.368376084,466.0823975,-107.6592278,37.8111077,234.4334,3573.454179,5.29879772,17.79195342,15.94375038,45.32500076,37.0625,0.614188462,49.86233215,4.193019867,0.413881665,193.6460754,8686.456738,4,2.092453603876204
US_0006938,2010,503.7005284,797.5648,554.2,0.368376084,461.4776001,-107.6592278,37.8111077,234.4334,3573.454179,5.29879772,17.79195342,15.94375038,45.32500076,37.0625,0.614188462,46.56393127,4.2203866,0.41960166,194.0258759,8618.168066,4,2.0924887625263975
US_0006938,2011,504.0742363,798.476,547.3192017,0.368376084,457.2223938,-107.6592278,37.8111077,234.4334,3573.454179,5.29879772,17.79195342,15.94375038,45.32500076,37.0625,0.614188462,44.33293304,4.280459976,0.42269165,194.4350098,8497.824316,4,2.084987454365893
US_0006938,2012,457.0669632,722.0944,558.1264038,0.368376084,439.7120056,-107.6592278,37.8111077,234.4334,3573.454179,5.29879772,17.79195342,15.94375038,45.32500076,37.0625,0.614188462,42.05480042,4.31936655,0.426142493,196.1315399,8332.002637,4,1.974496830264444
US_0006938,2013,416.625409,755.376,547.9936096,0.368376084,453.1016052,-107.6592278,37.8111077,234.4334,3573.454179,5.29879772,17.79195342,15.94375038,45.32500076,37.0625,0.614188462,46.60046616,4.30821991,0.43049165,195.1350067,8283.815918,4,2.1422105094700896
US_0006938,2014,429.7796302,806.8496,549.1928162,0.368376084,480.5496033,-107.6592278,37.8111077,234.4334,3573.454179,5.29879772,17.79195342,15.94375038,45.32500076,37.0625,0.614188462,56.12959976,4.30432663,0.434287488,194.7322723,8288.037598,4,2.458024652325249
US_0006938,2015,433.7923826,891.5656,539.3536255,0.368376084,479.5,-107.6592278,37.8111077,234.4334,3573.454179,5.29879772,17.79195342,15.94375038,45.32500076,37.0625,0.614188462,63.30746689,4.263240051,0.440769989,193.1728699,8284.914941,4,2.313036845385759
US_0006938,2016,357.0555957,890.0824,554.2664185,0.368376084,462.5896057,-107.6592278,37.8111077,234.4334,3573.454179,5.29879772,17.79195342,15.94375038,45.32500076,37.0625,0.614188462,62.04926682,4.215453243,0.445508325,192.8755341,8359.339941,4,1.8925528669826852
US_0006941,1995,610.355913,800.2875,593.2300049,0.368376095,475.0060242,-107.6675614,37.7902746,374.1187,3537.849819,5.255650972,18.70409141,16.71354103,44.82291794,36.3359375,1.575254166,42.11483231,4.092608166,0.515215283,191.0215027,7330.444531,4,1.9799526648714427
US_0006941,1996,698.613085,802.55,601.4620117,0.368376095,470.9330261,-107.6675614,37.7902746,374.1187,3537.849819,5.255650972,18.70409141,16.71354103,44.82291794,36.3359375,1.575254166,39.12962341,4.122991467,0.51522605,191.6681702,7487.614746,4,1.8754315469878056
US_0006941,1997,778.5583028,835.937,572.8485168,0.368376095,467.3140198,-107.6675614,37.7902746,374.1187,3537.849819,5.255650972,18.70409141,16.71354103,44.82291794,36.3359375,1.575254166,46.21270752,4.126008129,0.514247577,191.1266693,7742.058594,4,1.931644877928227
US_0006941,1998,744.2799328,831.616,564.0125061,0.368376095,470.3235107,-107.6675614,37.7902746,374.1187,3537.849819,5.255650972,18.70409141,16.71354103,44.82291794,36.3359375,1.575254166,53.23770676,4.098520565,0.514796527,191.8442108,7985.552148,4,2.049825807154546
US_0006941,1999,786.8403715,843.888,547.7029968,0.368376095,470.717511,-107.6675614,37.7902746,374.1187,3537.849819,5.255650972,18.70409141,16.71354103,44.82291794,36.3359375,1.575254166,59.81999893,4.105203915,0.512322919,192.4028748,8478.366016,4,2.1758591029803056
US_0006941,2000,703.1455889,833.7685,562.0909973,0.368376095,473.8339966,-107.6675614,37.7902746,374.1187,3537.849819,5.255650972,18.70409141,16.71354103,44.82291794,36.3359375,1.575254166,60.56370773,4.121516418,0.513219794,193.4291229,9182.120898,4,2.113100219822748
US_0006941,2001,714.1932873,835.7175,561.3845032,0.368376095,472.35849,-107.6675614,37.7902746,374.1187,3537.849819,5.255650972,18.70409141,16.71354103,44.82291794,36.3359375,1.575254166,60.56520767,4.086495686,0.516534027,193.2930817,9797.951563,4,2.0918439413290426
US_0006941,2002,577.3421584,750.191,571.6074951,0.368376095,458.8404846,-107.6675614,37.7902746,374.1187,3537.849819,5.255650972,18.70409141,16.71354103,44.82291794,36.3359375,1.575254166,54.17945786,4.126424789,0.523726038,196.2850403,10252.66934,4,2.0572933086569765
US_0006941,2003,555.3868934,733.18,586.9444946,0.368376095,467.7179871,-107.6675614,37.7902746,374.1187,3537.849819,5.255650972,18.70409141,16.71354103,44.82291794,36.3359375,1.575254166,48.64487534,4.114924812,0.521191315,196.7730835,10565.7834,4,2.131233669419235
US_0006941,2004,519.4700488,720.5505,598.2155029,0.368376095,461.9659851,-107.6675614,37.7902746,374.1187,3537.849819,5.255650972,18.70409141,16.71354103,44.82291794,36.3359375,1.575254166,42.99850006,4.114424896,0.505244092,196.4355865,10599.33613,4,2.022059389274178
US_0006941,2005,578.4486532,733.4675,588.3430054,0.368376095,473.1459839,-107.6675614,37.7902746,374.1187,3537.849819,5.255650972,18.70409141,16.71354103,44.82291794,36.3359375,1.575254166,46.25041656,4.099483299,0.490629163,195.7164215,10330.99199,4,2.201183889317027
US_0006941,2006,576.9290498,740.1455,580.4710083,0.368376095,485.3889954,-107.6675614,37.7902746,374.1187,3537.849819,5.255650972,18.70409141,16.71354103,44.82291794,36.3359375,1.575254166,51.9234169,4.112241554,0.47781319,195.2274597,10148.31777,4,2.453217776330901
US_0006941,2007,664.8027648,814.5025,586.9150146,0.368376095,503.2620056,-107.6675614,37.7902746,374.1187,3537.849819,5.255650972,18.70409141,16.71354103,44.82291794,36.3359375,1.575254166,55.24670792,4.088249969,0.472107642,193.550293,10067.40664,4,2.42448067011936
US_0006941,2008,714.7147689,831.935,576.6310181,0.368376095,487.2070068,-107.6675614,37.7902746,374.1187,3537.849819,5.255650972,18.70409141,16.71354103,44.82291794,36.3359375,1.575254166,52.69037476,4.120300007,0.462467017,193.5785004,9953.120508,4,2.1942745881693027
US_0006941,2009,716.1260181,806.371,565.2400146,0.368376095,469.7895081,-107.6675614,37.7902746,374.1187,3537.849819,5.255650972,18.70409141,16.71354103,44.82291794,36.3359375,1.575254166,50.3626667,4.15383749,0.469276392,193.470166,9707.038477,4,2.0989662463976266
US_0006941,2010,672.9854512,790.647,562.5670166,0.368376095,464.9910156,-107.6675614,37.7902746,374.1187,3537.849819,5.255650972,18.70409141,16.71354103,44.82291794,36.3359375,1.575254166,47.17212486,4.181658363,0.475696185,193.8388763,9640.25918,4,2.0943556301971626
US_0006941,2011,687.7389976,791.977,555.4140015,0.368376095,460.9070068,-107.6675614,37.7902746,374.1187,3537.849819,5.255650972,18.70409141,16.71354103,44.82291794,36.3359375,1.575254166,44.94329109,4.241349983,0.477410767,194.2371674,9516.288477,4,2.0892076203984478
US_0006941,2012,623.9638414,716.6225,566.6070068,0.368376095,443.3400024,-107.6675614,37.7902746,374.1187,3537.849819,5.255650972,18.70409141,16.71354103,44.82291794,36.3359375,1.575254166,42.54504128,4.280254078,0.481374652,195.9113739,9336.125,4,1.9849338089445119
US_0006941,2013,565.5826257,751.605,556.9210083,0.368376095,457.6455078,-107.6675614,37.7902746,374.1187,3537.849819,5.255650972,18.70409141,16.71354103,44.82291794,36.3359375,1.575254166,47.17274895,4.26837492,0.485160065,194.9239563,9308.114844,4,2.1494124093484492
US_0006941,2014,584.055736,802.5335,558.2970093,0.368376095,485.513501,-107.6675614,37.7902746,374.1187,3537.849819,5.255650972,18.70409141,16.71354103,44.82291794,36.3359375,1.575254166,56.81987305,4.264333248,0.489120831,194.5248291,9403.700977,4,2.4585698516710295
US_0006941,2015,610.289076,886.2205,548.60401,0.368376095,484.7455017,-107.6675614,37.7902746,374.1187,3537.849819,5.255650972,18.70409141,16.71354103,44.82291794,36.3359375,1.575254166,64.04058304,4.22324152,0.498393384,192.9912476,9388.111523,4,2.307988194007656
US_0006964,1989,53.26990783,486.16,990.3900024,10.28611144,434.3699951,-109.3695625,37.8466608,30.70289,2663.827808,4.22182,14.60197847,19.25,49.54166794,29.0,2.43286,22.26666794,3.043083334,0.672880566,199.7533447,6586.520313,4,1.9627552987013333
US_0006964,1990,53.27235549,470.85,1002.290002,10.28611144,420.1599915,-109.3695625,37.8466608,30.70289,2663.827808,4.22182,14.60197847,19.25,49.54166794,29.0,2.43286,19.62333431,3.05449996,0.68439447,200.136676,6736.864844,4,1.888773627060413
US_0006964,1991,41.89789489,443.32,988.1300049,10.28611144,386.969989,-109.3695625,37.8466608,30.70289,2663.827808,4.22182,14.60197847,19.25,49.54166794,29.0,2.43286,17.94750061,3.049749899,0.694236133,200.8491699,6839.71709,4,1.6894083972075307
US_0006964,1992,27.83619857,421.88,996.9600098,10.28611144,373.7299927,-109.3695625,37.8466608,30.70289,2663.827808,4.22182,14.60197847,19.25,49.54166794,29.0,2.43286,16.21416702,3.056416559,0.698927795,200.3516663,6891.619629,4,1.708632433089591
US_0006964,1993,48.38519678,446.15,998.1300049,10.28611144,371.7299927,-109.3695625,37.8466608,30.70289,2663.827808,4.22182,14.60197847,19.25,49.54166794,29.0,2.43286,15.19583321,3.091499805,0.699733337,199.2966675,6923.10957,4,1.4668391386478152
US_0006964,1994,46.66298791,480.7,985.3800171,10.28611144,382.4099976,-109.3695625,37.8466608,30.70289,2663.827808,4.22182,14.60197847,19.25,49.54166794,29.0,2.43286,15.02583313,3.060583162,0.702188892,197.3633362,7008.583301,4,1.3803287460084066
US_0006964,1995,65.06698809,478.66,981.510022,10.28611144,388.4200012,-109.3695625,37.8466608,30.70289,2663.827808,4.22182,14.60197847,19.25,49.54166794,29.0,2.43286,18.1666666,3.046416569,0.704738892,197.5950012,7080.618164,4,1.4485490496889473
US_0006964,1996,63.07176039,473.79,999.9400391,10.28611144,383.2000061,-109.3695625,37.8466608,30.70289,2663.827808,4.22182,14.60197847,19.25,49.54166794,29.0,2.43286,17.53250008,3.076249886,0.688299988,197.9125061,7242.158203,4,1.4100614439531733
US_0006964,1997,74.95477512,495.95,977.4800415,10.28611144,408.5700073,-109.3695625,37.8466608,30.70289,2663.827808,4.22182,14.60197847,19.25,49.54166794,29.0,2.43286,18.79416733,3.083749866,0.676713892,197.6650085,7436.600098,4,1.54787616241006
US_0006964,1998,49.55500343,472.66,965.7000366,10.28611144,415.4500061,-109.3695625,37.8466608,30.70289,2663.827808,4.22182,14.60197847,19.25,49.54166794,29.0,2.43286,18.6058342,3.072333241,0.679105566,197.8691772,7683.594922,4,1.841804993779248
US_0006964,1999,51.89067871,474.11,949.1000244,10.28611144,431.5200073,-109.3695625,37.8466608,30.70289,2663.827808,4.22182,14.60197847,19.25,49.54166794,29.0,2.43286,18.19750061,3.082166529,0.657216663,198.3566772,7943.404785,4,2.152075981344884
US_0006964,2000,35.29793345,471.44,946.7900146,10.28611144,421.4800049,-109.3695625,37.8466608,30.70289,2663.827808,4.22182,14.60197847,19.25,49.54166794,29.0,2.43286,16.95250053,3.09808321,0.644091663,198.8466766,8281.759473,4,1.989857262862185
US_0006964,2001,40.15497282,483.66,947.6699951,10.28611144,434.5399963,-109.3695625,37.8466608,30.70289,2663.827808,4.22182,14.60197847,19.25,49.54166794,29.0,2.43286,18.01250076,3.061749935,0.658311121,198.7308441,8485.563867,4,2.0710540945417457
US_0006964,2002,22.02675109,420.2,967.7799927,10.28611144,385.8200012,-109.3695625,37.8466608,30.70289,2663.827808,4.22182,14.60197847,19.25,49.54166794,29.0,2.43286,14.34416695,3.097666645,0.651727783,201.4450073,8652.580469,4,2.0091576681350336
US_0006964,2003,14.48505036,414.77,980.9799927,10.28611144,366.4300049,-109.3695625,37.8466608,30.70289,2663.827808,4.22182,14.60197847,19.25,49.54166794,29.0,2.43286,13.80500031,3.080166721,0.645155554,202.2733398,8898.597461,4,1.6913731960837142
US_0006964,2004,11.61196753,428.65,992.0500122,10.28611144,358.5400085,-109.3695625,37.8466608,30.70289,2663.827808,4.22182,14.60197847,19.25,49.54166794,29.0,2.43286,15.76500015,3.066083431,0.666741675,201.7566711,9011.548047,4,1.451245414600816
US_0006964,2005,56.13432323,448.46,988.3600464,10.28611144,373.6200134,-109.3695625,37.8466608,30.70289,2663.827808,4.22182,14.60197847,19.25,49.54166794,29.0,2.43286,16.64750023,3.056916714,0.690505554,201.2416779,9030.658984,4,1.4805360340160798
US_0006964,2006,53.79864693,442.9,975.2400635,10.28611144,368.8000122,-109.3695625,37.8466608,30.70289,2663.827808,4.22182,14.60197847,19.25,49.54166794,29.0,2.43286,17.22749977,3.06133337,0.702686121,201.080838,9162.794531,4,1.4793411959890483
US_0006964,2007,55.65593221,476.73,986.8000732,10.28611144,391.1200195,-109.3695625,37.8466608,30.70289,2663.827808,4.22182,14.60197847,19.25,49.54166794,29.0,2.43286,20.02333298,3.040083361,0.738572241,200.0533386,9289.815625,4,1.4806631570980204
US_0006964,2008,63.88682261,486.79,981.1000732,10.28611144,401.2300171,-109.3695625,37.8466608,30.70289,2663.827808,4.22182,14.60197847,19.25,49.54166794,29.0,2.43286,20.36749992,3.068583345,0.756505591,200.3025024,9070.091797,4,1.5261915254809177
US_0006964,2009,62.98693066,454.7,974.0100708,10.28611144,388.9100098,-109.3695625,37.8466608,30.70289,2663.827808,4.22182,14.60197847,19.25,49.54166794,29.0,2.43286,18.91833363,3.0978333,0.767808374,200.718335,8806.183105,4,1.627033061439401
US_0006964,2010,25.50918206,454.62,971.5300415,10.28611144,383.1400024,-109.3695625,37.8466608,30.70289,2663.827808,4.22182,14.60197847,19.25,49.54166794,29.0,2.43286,18.11250057,3.131166649,0.767722278,200.9849976,8698.67666,4,1.5599820644212965
US_0006964,2011,27.48465767,458.05,975.3200195,10.28611144,399.5400085,-109.3695625,37.8466608,30.70289,2663.827808,4.22182,14.60197847,19.25,49.54166794,29.0,2.43286,17.77916737,3.180999947,0.774502808,201.2366669,8521.710449,4,1.740013273151025
US_0006964,2012,26.91876666,422.95,984.6700195,10.28611144,372.2799988,-109.3695625,37.8466608,30.70289,2663.827808,4.22182,14.60197847,19.25,49.54166794,29.0,2.43286,15.49833412,3.210833311,0.769166687,202.1216644,8202.581055,4,1.6874465850916336
US_0006964,2013,18.01219969,451.26,981.210022,10.28611144,402.4900085,-109.3695625,37.8466608,30.70289,2663.827808,4.22182,14.60197847,19.25,49.54166794,29.0,2.43286,16.03500061,3.182166672,0.760052783,201.2408325,8023.265234,4,1.8561549565394337
US_0006964,2014,16.59576878,489.13,984.2400146,10.28611144,433.3400146,-109.3695625,37.8466608,30.70289,2663.827808,4.22182,14.60197847,19.25,49.54166794,29.0,2.43286,17.36500111,3.180583334,0.747422217,200.9383362,8243.611426,4,1.9182155211281633
US_0006979,2006,1.636352528,353.3647619,1321.027856,9.309204468,324.5153503,-109.3623199,34.4505935,2187.448,2317.642496,1.714232148,24.41373674,23.58571434,45.46309662,29.11249924,1.51024192,3.856047583,3.901638842,0.59140387,219.3907532,259915.1781,4,1.5074545167500082
US_0006979,2007,1.629258107,362.3213333,1317.448218,9.309204468,324.7246704,-109.3623199,34.4505935,2187.448,2317.642496,1.714232148,24.41373674,23.58571434,45.46309662,29.11249924,1.51024192,4.102761793,3.895303202,0.605508704,218.3344696,283225.5969,4,1.3951085409191024
US_0006979,2008,1.664728361,379.4647619,1317.698047,9.309204468,342.9901001,-109.3623199,34.4505935,2187.448,2317.642496,1.714232148,24.41373674,23.58571434,45.46309662,29.11249924,1.51024192,4.479817438,3.954043722,0.615485364,218.6057495,292958.7188,4,1.4708119194547213
US_0006979,2009,1.708958328,359.5288571,1333.849658,9.309204468,329.4384796,-109.3623199,34.4505935,2187.448,2317.642496,1.714232148,24.41373674,23.58571434,45.46309662,29.11249924,1.51024192,4.603960276,3.985589027,0.623722559,219.3454895,305059.2375,4,1.4994684486079133
US_0006979,2010,1.709827287,372.5787619,1332.576563,9.309204468,346.1999054,-109.3623199,34.4505935,2187.448,2317.642496,1.714232148,24.41373674,23.58571434,45.46309662,29.11249924,1.51024192,4.742920637,4.001952457,0.632171753,219.6994537,315600.9438,4,1.6222482739428186
US_0006979,2011,1.967986745,361.8679048,1340.76853,9.309204468,330.271048,-109.3623199,34.4505935,2187.448,2317.642496,1.714232148,24.41373674,23.58571434,45.46309662,29.11249924,1.51024192,4.78574605,4.049861145,0.61503363,221.7263123,316276.5625,4,1.4770917061770064
US_0006979,2012,1.886978979,340.9437143,1359.712061,9.309204468,326.9159088,-109.3623199,34.4505935,2187.448,2317.642496,1.714232148,24.41373674,23.58571434,45.46309662,29.11249924,1.51024192,4.984150839,4.062738132,0.586622406,223.1601105,306570.25,4,1.8275801850295368
US_0006979,2013,1.844739786,347.4135238,1351.654004,9.309204468,325.1414276,-109.3623199,34.4505935,2187.448,2317.642496,1.714232148,24.41373674,23.58571434,45.46309662,29.11249924,1.51024192,4.768666601,4.037860298,0.573834943,222.6631592,307162.875,4,1.608459070544817
US_0006979,2014,2.020506238,366.3428571,1357.572852,9.309204468,342.1703796,-109.3623199,34.4505935,2187.448,2317.642496,1.714232148,24.41373674,23.58571434,45.46309662,29.11249924,1.51024192,4.967904758,4.026458645,0.560979425,221.9426331,300390.3063,4,1.632339103397947
US_0006979,2015,2.17573371,405.3566667,1352.295874,9.309204468,375.7005676,-109.3623199,34.4505935,2187.448,2317.642496,1.714232148,24.41373674,23.58571434,45.46309662,29.11249924,1.51024192,4.898698521,3.974900723,0.54706004,219.719455,291154.6938,4,1.663716929312332
US_0006979,2016,1.643471459,408.8555238,1366.567505,9.309204468,387.2874207,-109.3623199,34.4505935,2187.448,2317.642496,1.714232148,24.41373674,23.58571434,45.46309662,29.11249924,1.51024192,4.89117465,3.933776903,0.543030157,218.4021454,278752.1156,4,1.8596143585743976
US_0006984,1989,70.67,478.52,1112.4,9.652000237,409.1600159,-108.5521,35.2812,187.6492,2422.886665,1.056611992,24.76975365,21.63125038,43.21875,33.09375,0.974510377,10.78849974,3.744208097,0.800365015,211.9904205,6302.986719,4,1.5401428377542519
US_0006984,1990,39.75,471.61,1119.33,9.652000237,403.559021,-108.5521,35.2812,187.6492,2422.886665,1.056611992,24.76975365,21.63125038,43.21875,33.09375,0.974510377,9.945416451,3.692791462,0.801965027,212.6518311,6560.34707,4,1.523574644792938
US_0006984,1991,53.0,445.18,1106.97,9.652000237,381.1470093,-108.5521,35.2812,187.6492,2422.886665,1.056611992,24.76975365,21.63125038,43.21875,33.09375,0.974510377,10.16291676,3.683624983,0.794670874,213.5318298,6776.32998,4,1.4830856033680138
US_0006984,1992,35.43,458.83,1111.88,9.652000237,396.7700073,-108.5521,35.2812,187.6492,2422.886665,1.056611992,24.76975365,21.63125038,43.21875,33.09375,0.974510377,9.470166588,3.404833317,0.793351294,213.1334167,6912.390723,4,1.5524016248610728
US_0006984,1993,75.09,443.52,1124.18,9.652000237,375.3869995,-108.5521,35.2812,187.6492,2422.886665,1.056611992,24.76975365,21.63125038,43.21875,33.09375,0.974510377,9.686499977,3.806500196,0.788883777,213.4001709,7023.085254,4,1.4193856717870388
US_0006984,1994,79.5,480.94,1103.7,9.652000237,400.1789917,-108.5521,35.2812,187.6492,2422.886665,1.056611992,24.76975365,21.63125038,43.21875,33.09375,0.974510377,10.00791655,3.563374758,0.789067542,211.5510834,7090.109277,4,1.4385450394178532
US_0006984,1995,119.25,454.34,1124.71,9.652000237,383.2369934,-108.5521,35.2812,187.6492,2422.886665,1.056611992,24.76975365,21.63125038,43.21875,33.09375,0.974510377,10.92391663,3.707000256,0.794331714,212.5253418,6991.538672,4,1.425750893903346
US_0006984,1996,106.29,427.59,1155.51,9.652000237,374.1450012,-108.5521,35.2812,187.6492,2422.886665,1.056611992,24.76975365,21.63125038,43.21875,33.09375,0.974510377,9.274166298,3.863041639,0.802722107,213.098175,6958.457617,4,1.5086918525648954
US_0006984,1997,110.42,430.72,1153.39,9.652000237,379.1030029,-108.5521,35.2812,187.6492,2422.886665,1.056611992,24.76975365,21.63125038,43.21875,33.09375,0.974510377,8.090666485,3.489666462,0.804002515,212.8009247,7068.982324,4,1.545811657536351
US_0006984,1998,110.42,432.58,1137.36,9.652000237,389.2910095,-108.5521,35.2812,187.6492,2422.886665,1.056611992,24.76975365,21.63125038,43.21875,33.09375,0.974510377,7.568749714,3.767208576,0.807050037,212.9563385,7130.902539,4,1.6904617882864836
US_0006984,1999,106.0,430.32,1129.87,9.652000237,398.2130127,-108.5521,35.2812,187.6492,2422.886665,1.056611992,24.76975365,21.63125038,43.21875,33.09375,0.974510377,6.57308321,3.732833147,0.802768762,213.4726715,7158.46416,4,1.9041725047595806
US_0006984,2000,66.43,441.72,1101.15,9.652000237,399.4550171,-108.5521,35.2812,187.6492,2422.886665,1.056611992,24.76975365,21.63125038,43.21875,33.09375,0.974510377,6.165416622,3.625333071,0.796527075,213.6858307,7263.190137,4,1.7822783018166664
US_0006984,2001,70.67,456.42,1082.37,9.652000237,406.5260071,-108.5521,35.2812,187.6492,2422.886665,1.056611992,24.76975365,21.63125038,43.21875,33.09375,0.974510377,7.029000187,3.567916393,0.789870825,213.545752,7349.694043,4,1.7382754372652156
US_0006984,2002,53.0,407.13,1090.97,9.652000237,370.3110107,-108.5521,35.2812,187.6492,2422.886665,1.056611992,24.76975365,21.63125038,43.21875,33.09375,0.974510377,6.379333544,3.59020853,0.785792078,215.611084,7321.725391,4,1.7421836826940995
US_0006984,2003,8.83,386.11,1100.13,9.652000237,349.5480103,-108.5521,35.2812,187.6492,2422.886665,1.056611992,24.76975365,21.63125038,43.21875,33.09375,0.974510377,6.141833544,3.549082994,0.780508325,215.9450012,7301.086133,4,1.6477495217245133
US_0006984,2004,13.29,378.93,1097.84,9.652000237,331.830011,-108.5521,35.2812,187.6492,2422.886665,1.056611992,24.76975365,21.63125038,43.21875,33.09375,0.974510377,7.219250345,3.504500151,0.77951084,215.5803406,7310.642773,4,1.4542168543798328
US_0006984,2005,17.67,384.37,1098.44,9.652000237,327.9450012,-108.5521,35.2812,187.6492,2422.886665,1.056611992,24.76975365,21.63125038,43.21875,33.09375,0.974510377,8.182916498,3.578041553,0.792944165,214.8511749,7368.221973,4,1.3572837271074765
US_0006984,2006,17.67,383.74,1089.71,9.652000237,327.1010071,-108.5521,35.2812,187.6492,2422.886665,1.056611992,24.76975365,21.63125038,43.21875,33.09375,0.974510377,6.845499706,3.555666447,0.803207092,214.2205048,7500.952148,4,1.3583915668784003
US_0006984,2007,17.67,405.05,1095.78,9.652000237,335.3780029,-108.5521,35.2812,187.6492,2422.886665,1.056611992,24.76975365,21.63125038,43.21875,33.09375,0.974510377,7.651249743,3.530124664,0.820865015,213.3458405,7581.99375,4,1.2924846452129723
US_0006984,2008,22.14,416.59,1099.08,9.652000237,346.826001,-108.5521,35.2812,187.6492,2422.886665,1.056611992,24.76975365,21.63125038,43.21875,33.09375,0.974510377,7.696916628,3.924874783,0.83687793,213.5341736,7542.296387,4,1.3283177072216186
US_0006984,2009,22.08,392.22,1110.11,9.652000237,335.4950073,-108.5521,35.2812,187.6492,2422.886665,1.056611992,24.76975365,21.63125038,43.21875,33.09375,0.974510377,7.355249834,3.808666706,0.865517957,213.919754,7413.721777,4,1.3740289079844978
US_0006984,2010,30.92,389.59,1113.79,9.652000237,349.9060181,-108.5521,35.2812,187.6492,2422.886665,1.056611992,24.76975365,21.63125038,43.21875,33.09375,0.974510377,6.746166849,3.752707958,0.872412134,214.454422,7269.758984,4,1.5959848715149625
US_0006984,2011,30.92,375.89,1133.16,9.652000237,333.9160217,-108.5521,35.2812,187.6492,2422.886665,1.056611992,24.76975365,21.63125038,43.21875,33.09375,0.974510377,7.546333504,3.865250111,0.886234216,216.10784,7073.79502,4,1.4906389034303216
US_0006984,2012,31.0,344.51,1143.99,9.652000237,326.5410217,-108.5521,35.2812,187.6492,2422.886665,1.056611992,24.76975365,21.63125038,43.21875,33.09375,0.974510377,7.680250072,3.674333572,0.882186292,217.3507568,6869.750586,4,1.8734520793358937
US_0006984,2013,22.08,348.6,1142.43,9.652000237,327.5880188,-108.5521,35.2812,187.6492,2422.886665,1.056611992,24.76975365,21.63125038,43.21875,33.09375,0.974510377,7.643833447,3.733249664,0.880412122,216.8554199,6817.612207,4,1.7983495810621255
US_0006984,2014,22.08,368.63,1143.18,9.652000237,337.8640076,-108.5521,35.2812,187.6492,2422.886665,1.056611992,24.76975365,21.63125038,43.21875,33.09375,0.974510377,8.270166683,3.810791731,0.861067505,216.4020905,6902.234863,4,1.6495285508489075
US_0006984,2015,4.42,406.43,1140.06,9.652000237,367.1859924,-108.5521,35.2812,187.6492,2422.886665,1.056611992,24.76975365,21.63125038,43.21875,33.09375,0.974510377,8.413583088,3.440624952,0.855230005,214.2395905,6889.64668,4,1.6498240942388014
US_0007021,1993,20.82090191,409.8271429,1263.979297,12.56588354,336.7099976,-113.6319052,37.38470108,276.8599,2229.841226,4.552815176,20.5099594,26.31666756,26.37916756,45.20416641,1.421472227,17.20250015,4.043708324,0.734579712,212.6031586,2264.960596,4,1.1869026927866948
US_0007021,1994,23.06584708,450.1071429,1259.77146,12.56588354,354.8885681,-113.6319052,37.38470108,276.8599,2229.841226,4.552815176,20.5099594,26.31666756,26.37916756,45.20416641,1.421472227,17.19261951,4.006583357,0.733887781,210.6813141,2322.717725,4,1.1370322951507508
US_0007021,1995,39.62559302,475.3278571,1269.315039,12.56588354,377.8992798,-113.6319052,37.38470108,276.8599,2229.841226,4.552815176,20.5099594,26.31666756,26.37916756,45.20416641,1.421472227,20.27892857,3.981261969,0.738385034,210.280954,2405.310107,4,1.1848574992535759
US_0007021,1996,38.58770075,481.2271429,1309.799341,12.56588354,378.1128662,-113.6319052,37.38470108,276.8599,2229.841226,4.552815176,20.5099594,26.31666756,26.37916756,45.20416641,1.421472227,19.65678596,3.994696569,0.741793921,210.6623749,2501.7625,4,1.1446189134737808
US_0007021,1997,34.76358866,479.6035714,1313.502222,12.56588354,401.2742859,-113.6319052,37.38470108,276.8599,2229.841226,4.552815176,20.5099594,26.31666756,26.37916756,45.20416641,1.421472227,19.98678513,4.024351358,0.745811157,211.5963074,2619.015918,4,1.3182180398762162
US_0007021,2001,19.52701089,447.7757143,1265.512939,12.56588354,411.0250122,-113.6319052,37.38470108,276.8599,2229.841226,4.552815176,20.5099594,26.31666756,26.37916756,45.20416641,1.421472227,16.30166674,4.002089405,0.73838418,212.2577423,3002.994287,4,1.75241305250269
US_0007021,2002,19.60752533,388.8392857,1270.207227,12.56588354,358.986441,-113.6319052,37.38470108,276.8599,2229.841226,4.552815176,20.5099594,26.31666756,26.37916756,45.20416641,1.421472227,12.95672665,3.995631027,0.736100549,214.5123901,3064.301709,4,1.6536014467977873
US_0007021,2003,10.29781741,323.7957143,1287.016479,12.56588354,299.9243011,-113.6319052,37.38470108,276.8599,2229.841226,4.552815176,20.5099594,26.31666756,26.37916756,45.20416641,1.421472227,11.36982136,3.962857246,0.73078136,215.7029846,3139.639014,4,1.51728194113293
US_0007021,2004,17.90064826,351.2185714,1290.008618,12.56588354,312.1785797,-113.6319052,37.38470108,276.8599,2229.841226,4.552815176,20.5099594,26.31666756,26.37916756,45.20416641,1.421472227,14.22160749,3.980148888,0.741334705,215.236499,3228.820166,4,1.3506869049853052
US_0007021,2005,46.78688858,372.1478571,1276.957153,12.56588354,322.4128448,-113.6319052,37.38470108,276.8599,2229.841226,4.552815176,20.5099594,26.31666756,26.37916756,45.20416641,1.421472227,17.6286912,3.9566607,0.752007495,214.0768555,3283.601416,4,1.2912552005758384
US_0007021,2006,49.6872783,368.4671429,1263.074316,12.56588354,325.869278,-113.6319052,37.38470108,276.8599,2229.841226,4.552815176,20.5099594,26.31666756,26.37916756,45.20416641,1.421472227,16.72017927,3.975910711,0.758962793,214.1450714,3394.111963,4,1.3743615068133237
US_0007021,2007,48.74357495,401.7664286,1272.665747,12.56588354,332.9921448,-113.6319052,37.38470108,276.8599,2229.841226,4.552815176,20.5099594,26.31666756,26.37916756,45.20416641,1.421472227,16.86833382,3.987654829,0.772234473,213.3717316,3483.070313,4,1.1961386060820234
US_0007021,2008,50.22088736,400.4657143,1266.97146,12.56588354,336.6599915,-113.6319052,37.38470108,276.8599,2229.841226,4.552815176,20.5099594,26.31666756,26.37916756,45.20416641,1.421472227,18.06083412,4.020190477,0.783898962,214.5104797,3495.29624,4,1.2392385671245378
US_0007021,2009,43.29931736,358.8585714,1260.45144,12.56588354,307.6421326,-113.6319052,37.38470108,276.8599,2229.841226,4.552815176,20.5099594,26.31666756,26.37916756,45.20416641,1.421472227,17.17035751,4.01311307,0.789499512,215.2314941,3462.30957,4,1.240442244874996
US_0007021,2010,22.21765983,369.4185714,1264.587891,12.56588354,312.8121338,-113.6319052,37.38470108,276.8599,2229.841226,4.552815176,20.5099594,26.31666756,26.37916756,45.20416641,1.421472227,16.62339325,4.040755939,0.779736169,216.1549438,3414.151514,4,1.2155436665615782
US_0007021,2011,29.30978974,377.2814286,1262.094287,12.56588354,330.1192749,-113.6319052,37.38470108,276.8599,2229.841226,4.552815176,20.5099594,26.31666756,26.37916756,45.20416641,1.421472227,19.88279819,4.050065517,0.783251721,216.2092896,3344.561963,4,1.3458396971959534
US_0007021,2012,30.41878838,408.2578571,1267.462134,12.56588354,368.9949829,-113.6319052,37.38470108,276.8599,2229.841226,4.552815176,20.5099594,26.31666756,26.37916756,45.20416641,1.421472227,20.12428646,4.03455348,0.790493921,216.0977997,3270.157666,4,1.5597881027961717
US_0007021,2013,30.57091558,417.2507143,1269.829297,12.56588354,376.1164124,-113.6319052,37.38470108,276.8599,2229.841226,4.552815176,20.5099594,26.31666756,26.37916756,45.20416641,1.421472227,20.67422657,4.026565409,0.798139185,214.9212524,3268.481787,4,1.5613634289344946
US_0007021,2014,32.12378177,433.6507143,1291.055737,12.56588354,399.2492676,-113.6319052,37.38470108,276.8599,2229.841226,4.552815176,20.5099594,26.31666756,26.37916756,45.20416641,1.421472227,21.30571499,3.984029675,0.804929736,214.9516083,3309.855127,4,1.7213832324883065
US_0007021,2015,26.6018657,420.9785714,1303.818579,12.56588354,401.9457092,-113.6319052,37.38470108,276.8599,2229.841226,4.552815176,20.5099594,26.31666756,26.37916756,45.20416641,1.421472227,18.75017872,3.929970169,0.820632776,214.6886322,3360.61748,4,2.0440764035728938
US_0007072,1998,185.2755741,583.34,1514.180054,16.68098298,524.2000183,-109.8381364,32.74395706,11.6802,2376.175293,5.56009,4.206710946,15.0,50.75,30.25,1.19358,11.00333343,3.928833199,0.980716675,223.5300018,5745.794238,4,1.6946585261255662
US_0007072,1999,131.8779161,557.22,1510.720044,16.68098298,518.080011,-109.8381364,32.74395706,11.6802,2376.175293,5.56009,4.206710946,15.0,50.75,30.25,1.19358,11.9650002,3.945833349,0.981875,224.6399963,5760.500977,4,1.9081777103685362
US_0007072,2000,93.2425106,574.42,1509.400098,16.68098298,525.5000122,-109.8381364,32.74395706,11.6802,2376.175293,5.56009,4.206710946,15.0,50.75,30.25,1.19358,11.82500024,3.934833336,0.982041663,225.0499939,5850.081055,4,1.8070497706152764
US_0007072,2001,117.1153816,569.34,1486.600049,16.68098298,523.6200012,-109.8381364,32.74395706,11.6802,2376.175293,5.56009,4.206710946,15.0,50.75,30.25,1.19358,13.7383337,3.907000113,0.977133325,224.3766632,5942.586914,4,1.8572541555452713
US_0007072,2002,98.68172264,524.48,1503.260034,16.68098298,502.5599976,-109.8381364,32.74395706,11.6802,2376.175293,5.56009,4.206710946,15.0,50.75,30.25,1.19358,11.66833344,3.900833416,0.97966665,225.6499969,6078.149121,4,2.2009065035206046
US_0007072,2003,74.07885833,497.9,1512.22002,16.68098298,467.7600037,-109.8381364,32.74395706,11.6802,2376.175293,5.56009,4.206710946,15.0,50.75,30.25,1.19358,9.54166708,3.87300005,0.97976665,225.856665,6209.31709,4,1.876648700452046
US_0007072,2004,84.79567325,506.34,1499.940039,16.68098298,474.9400085,-109.8381364,32.74395706,11.6802,2376.175293,5.56009,4.206710946,15.0,50.75,30.25,1.19358,7.736666965,3.856166553,1.016108313,224.3733307,6400.628418,4,1.8890223001702175
US_0007072,2005,121.6927725,492.02,1497.419995,16.68098298,460.9,-109.8381364,32.74395706,11.6802,2376.175293,5.56009,4.206710946,15.0,50.75,30.25,1.19358,8.040000248,3.864666605,1.00686665,223.3333344,6634.249414,4,1.845812053838987
US_0007072,2006,101.0464097,503.92,1502.03999,16.68098298,468.1000061,-109.8381364,32.74395706,11.6802,2376.175293,5.56009,4.206710946,15.0,50.75,30.25,1.19358,7.798333454,3.858666563,1.00676665,222.8450012,6849.382129,4,1.7919935509190235
US_0007072,2007,133.5937961,549.5,1490.780005,16.68098298,506.7800049,-109.8381364,32.74395706,11.6802,2376.175293,5.56009,4.206710946,15.0,50.75,30.25,1.19358,9.360000134,3.849499846,1.017683313,221.7666626,7036.00166,4,1.8353257600662385
US_0007072,2008,176.3430708,578.62,1490.43999,16.68098298,538.9400085,-109.8381364,32.74395706,11.6802,2376.175293,5.56009,4.206710946,15.0,50.75,30.25,1.19358,10.02833347,3.884999895,1.041799976,222.0166626,7050.089355,4,1.99130312594228
US_0007072,2009,166.8259638,539.58,1504.919971,16.68098298,504.4400146,-109.8381364,32.74395706,11.6802,2376.175293,5.56009,4.206710946,15.0,50.75,30.25,1.19358,10.19000025,3.889333296,1.041549976,222.9166718,6848.717188,4,1.926928877773534
US_0007072,2010,173.2031601,569.94,1503.67998,16.68098298,532.6400208,-109.8381364,32.74395706,11.6802,2376.175293,5.56009,4.206710946,15.0,50.75,30.25,1.19358,10.19000025,3.894999981,1.086683313,223.1833374,6603.971191,4,1.994029494171132
US_0007072,2011,175.7265477,592.5,1507.36001,16.68098298,539.9200256,-109.8381364,32.74395706,11.6802,2376.175293,5.56009,4.206710946,15.0,50.75,30.25,1.19358,11.71000013,3.923833323,1.134633325,225.3700073,6352.590625,4,1.8146894275542227
US_0007072,2012,159.6652857,555.78,1530.740015,16.68098298,522.8400208,-109.8381364,32.74395706,11.6802,2376.175293,5.56009,4.206710946,15.0,50.75,30.25,1.19358,12.39333334,3.919500017,1.166408325,226.8583466,6135.770313,4,2.0091747634093844
US_0007072,2013,124.7433612,549.78,1524.959985,16.68098298,509.2600037,-109.8381364,32.74395706,11.6802,2376.175293,5.56009,4.206710946,15.0,50.75,30.25,1.19358,13.39666681,3.897166634,1.194233325,226.461676,6074.465527,4,1.8471683975836228
US_0007072,2014,121.5477985,575.4,1528.47998,16.68098298,527.8200012,-109.8381364,32.74395706,11.6802,2376.175293,5.56009,4.206710946,15.0,50.75,30.25,1.19358,15.08000011,3.875833321,1.209625,225.7066711,6131.269531,4,1.8157538667489947
US_0007072,2015,93.42122992,593.86,1524.199976,16.68098298,552.2600159,-109.8381364,32.74395706,11.6802,2376.175293,5.56009,4.206710946,15.0,50.75,30.25,1.19358,14.3083334,3.844333315,1.250925,223.4350037,6229.39082,4,1.980190978133023
US_0007221,1992,44.05206651,351.9938462,988.4810791,6.58800141,324.754361,-111.8557727,41.254387,819.4204,2049.657121,3.948562428,19.95362021,22.53205109,38.36378098,37.40384674,1.407085447,29.15403671,3.494151688,0.924517761,185.2443604,13372.46191,4,1.799503620733991
US_0007221,1993,71.74053368,401.0546154,947.8402832,6.58800141,370.9269226,-111.8557727,41.254387,819.4204,2049.657121,3.948562428,19.95362021,22.53205109,38.36378098,37.40384674,1.407085447,31.35888672,3.458700848,0.93152323,183.2945557,13548.39531,4,2.0411644705269003
US_0007221,1994,72.17979833,421.425641,959.613855,6.58800141,367.0471741,-111.8557727,41.254387,819.4204,2049.657121,3.948562428,19.95362021,22.53205109,38.36378098,37.40384674,1.407085447,30.75946426,3.469070482,0.931155688,183.029361,13768.76992,4,1.6531421995958389
US_0007221,1995,99.45427283,457.4617949,944.2646118,6.58800141,399.6935852,-111.8557727,41.254387,819.4204,2049.657121,3.948562428,19.95362021,22.53205109,38.36378098,37.40384674,1.407085447,36.83854561,3.457523441,0.938495154,182.0973083,13971.32441,4,1.78986107997705
US_0007221,1996,110.9388247,465.6735897,967.03125,6.58800141,391.9510132,-111.8557727,41.254387,819.4204,2049.657121,3.948562428,19.95362021,22.53205109,38.36378098,37.40384674,1.407085447,38.5163456,3.503271341,0.937535315,183.4482666,14261.11953,4,1.5848135809107147
US_0007221,1997,157.6482532,506.2638462,934.0446289,6.58800141,432.0958801,-111.8557727,41.254387,819.4204,2049.657121,3.948562428,19.95362021,22.53205109,38.36378098,37.40384674,1.407085447,42.47542648,3.506948662,0.942397815,182.1926697,14811.52871,4,1.8051072060866298
US_0007221,2000,173.8518842,499.6079487,927.0025635,6.58800141,427.288446,-111.8557727,41.254387,819.4204,2049.657121,3.948562428,19.95362021,22.53205109,38.36378098,37.40384674,1.407085447,40.10294685,3.493954992,0.928430298,183.6558167,16466.75977,4,1.808861791765405
US_0007221,2001,152.9744665,467.4566667,936.2856445,6.58800141,408.3515259,-111.8557727,41.254387,819.4204,2049.657121,3.948562428,19.95362021,22.53205109,38.36378098,37.40384674,1.407085447,38.20540276,3.45061965,0.937226123,183.9040619,17020.27813,4,1.8295918960980486
US_0007221,2002,118.9769024,427.1369231,955.1638184,6.58800141,379.1192261,-111.8557727,41.254387,819.4204,2049.657121,3.948562428,19.95362021,22.53205109,38.36378098,37.40384674,1.407085447,36.90506096,3.439937925,0.93138291,186.4502594,17205.76934,4,1.7865643560143034
US_0007221,2003,82.27226188,391.2992308,988.265332,6.58800141,340.5738464,-111.8557727,41.254387,819.4204,2049.657121,3.948562428,19.95362021,22.53205109,38.36378098,37.40384674,1.407085447,33.59194183,3.458715677,0.928244299,187.9991882,17182.78086,4,1.5442857955622002
US_0007221,2004,47.29514932,402.6679487,992.0804565,6.58800141,356.7215515,-111.8557727,41.254387,819.4204,2049.657121,3.948562428,19.95362021,22.53205109,38.36378098,37.40384674,1.407085447,35.26882401,3.423021221,0.959179858,187.470578,17366.13926,4,1.6630640950625428
US_0007221,2005,74.94938412,429.5661538,975.630957,6.58800141,368.4264221,-111.8557727,41.254387,819.4204,2049.657121,3.948562428,19.95362021,22.53205109,38.36378098,37.40384674,1.407085447,39.80198631,3.401008463,0.979252637,186.4747833,17185.36348,4,1.5777651345975294
US_0007221,2006,105.7069762,451.0805128,963.0345825,6.58800141,390.9382202,-111.8557727,41.254387,819.4204,2049.657121,3.948562428,19.95362021,22.53205109,38.36378098,37.40384674,1.407085447,40.02829094,3.404277611,0.984010071,186.5750214,17092.86309,4,1.7001118259166375
US_0007221,2007,99.46364029,455.1169231,978.3558716,6.58800141,386.5187317,-111.8557727,41.254387,819.4204,2049.657121,3.948562428,19.95362021,22.53205109,38.36378098,37.40384674,1.407085447,38.13587646,3.421166515,0.991903479,186.6150177,17260.74199,4,1.588938481644256
US_0007221,2008,107.8182151,443.7251282,968.4948975,6.58800141,393.7861572,-111.8557727,41.254387,819.4204,2049.657121,3.948562428,19.95362021,22.53205109,38.36378098,37.40384674,1.407085447,38.49012833,3.444658041,0.992133069,188.0800018,17513.67109,4,1.816599364326998
US_0007221,2009,121.3898427,432.8379487,959.2187622,6.58800141,385.7076904,-111.8557727,41.254387,819.4204,2049.657121,3.948562428,19.95362021,22.53205109,38.36378098,37.40384674,1.407085447,36.15457153,3.457132435,0.992067065,188.570813,17438.84336,4,1.8246336483420074
US_0007221,2010,95.16302386,420.7958974,954.4482788,6.58800141,372.1784607,-111.8557727,41.254387,819.4204,2049.657121,3.948562428,19.95362021,22.53205109,38.36378098,37.40384674,1.407085447,30.96258507,3.494322586,0.9702526,189.3653717,17376.51328,4,1.7467106971876916
US_0007221,2011,125.3647342,426.7925641,935.2528687,6.58800141,366.5217896,-111.8557727,41.254387,819.4204,2049.657121,3.948562428,19.95362021,22.53205109,38.36378098,37.40384674,1.407085447,32.93561897,3.519446611,0.976492529,188.6718231,17348.98164,4,1.6220949806721638
US_0007221,2012,127.6777828,425.3861538,946.4156616,6.58800141,366.9710205,-111.8557727,41.254387,819.4204,2049.657121,3.948562428,19.95362021,22.53205109,38.36378098,37.40384674,1.407085447,33.69055481,3.552006531,0.975880029,188.6364655,17108.60117,4,1.6283940858794177
US_0007221,2013,115.9585407,428.66,947.0546387,6.58800141,367.244873,-111.8557727,41.254387,819.4204,2049.657121,3.948562428,19.95362021,22.53205109,38.36378098,37.40384674,1.407085447,33.76888924,3.519589806,0.98214292,187.7074921,17081.31719,4,1.6014132581946219
US_0007221,2014,105.6300226,433.1323077,959.2108032,6.58800141,368.8474426,-111.8557727,41.254387,819.4204,2049.657121,3.948562428,19.95362021,22.53205109,38.36378098,37.40384674,1.407085447,32.93314247,3.547188091,0.977602075,187.6519165,17053.82773,4,1.570240600054398
US_0007221,2015,100.855893,428.3082051,971.9007813,6.58800141,381.8800049,-111.8557727,41.254387,819.4204,2049.657121,3.948562428,19.95362021,22.53205109,38.36378098,37.40384674,1.407085447,34.01243706,3.478450823,1.004524231,187.1943909,17189.62578,4,1.7981533087798551
US_0007221,2016,34.67424156,424.1276923,1000.121033,6.58800141,385.0130798,-111.8557727,41.254387,819.4204,2049.657121,3.948562428,19.95362021,22.53205109,38.36378098,37.40384674,1.407085447,33.60194511,3.464732695,1.009874719,187.394989,17268.30078,4,1.879448128591617
US_0007333,1989,540.5157516,583.545,635.6650146,5.393803511,321.1150085,-118.6103894,37.213822,43.89473,3494.181081,6.167052746,11.22760596,21.125,34.125,43.375,1.780600548,24.83500099,5.474583244,0.302458331,208.7279205,3992.417773,4,1.0845584000193758
US_0007333,1990,532.1121566,541.44,639.7500244,5.393803511,301.7250061,-118.6103894,37.213822,43.89473,3494.181081,6.167052746,11.22760596,21.125,34.125,43.375,1.780600548,23.84000092,5.473416615,0.293266669,208.6391754,4101.375586,4,1.0430891776631888
US_0007333,1991,422.9910119,498.61,641.0100098,5.393803511,309.3450073,-118.6103894,37.213822,43.89473,3494.181081,6.167052746,11.22760596,21.125,34.125,43.375,1.780600548,23.58000069,5.487833309,0.287925,208.5441711,4164.926855,4,1.1673046820264226
US_0007333,1992,421.6242716,535.685,643.1099976,5.393803511,323.4750122,-118.6103894,37.213822,43.89473,3494.181081,6.167052746,11.22760596,21.125,34.125,43.375,1.780600548,24.55208359,5.491249943,0.28475,208.4954224,4187.216748,4,1.1729954986868187
US_0007333,1993,472.3367914,566.96,633.4199951,5.393803511,322.955011,-118.6103894,37.213822,43.89473,3494.181081,6.167052746,11.22760596,21.125,34.125,43.375,1.780600548,25.28333359,5.514874935,0.27635,208.3891724,4171.534229,4,1.1243765365733087
US_0007333,1994,485.1585946,607.985,636.8100098,5.393803511,306.8800049,-118.6103894,37.213822,43.89473,3494.181081,6.167052746,11.22760596,21.125,34.125,43.375,1.780600548,24.89916687,5.511583328,0.270258331,207.4983398,4173.806689,4,0.9809738373536274
US_0007333,1995,597.8188251,716.74,630.4650024,5.393803511,302.9800049,-118.6103894,37.213822,43.89473,3494.181081,6.167052746,11.22760596,21.125,34.125,43.375,1.780600548,25.39333267,5.519499969,0.274624994,206.0237549,4164.06665,4,0.8717439279483011
US_0007333,1996,690.9424884,826.93,633.5800049,5.393803511,299.9450073,-118.6103894,37.213822,43.89473,3494.181081,6.167052746,11.22760596,21.125,34.125,43.375,1.780600548,26.72333298,5.531958294,0.274733331,205.7320923,4220.068506,4,0.793133958671495
US_0007333,1997,767.5751478,815.65,618.3150146,5.393803511,302.1450012,-118.6103894,37.213822,43.89473,3494.181081,6.167052746,11.22760596,21.125,34.125,43.375,1.780600548,28.88666687,5.561916637,0.27295,206.4775085,4296.666895,4,0.8185963483625869
US_0007333,1998,797.1082054,883.965,590.5550171,5.393803511,309.8099976,-118.6103894,37.213822,43.89473,3494.181081,6.167052746,11.22760596,21.125,34.125,43.375,1.780600548,29.48250046,5.54574995,0.278675,203.5650055,4459.304395,4,0.8352434530366096
US_0007333,1999,817.6695438,850.255,587.6250122,5.393803511,306.75,-118.6103894,37.213822,43.89473,3494.181081,6.167052746,11.22760596,21.125,34.125,43.375,1.780600548,30.20125046,5.570458221,0.278125,203.9583405,4528.283496,4,0.8448654964174536
US_0007333,2000,748.3512033,772.615,593.4100098,5.393803511,313.4300049,-118.6103894,37.213822,43.89473,3494.181081,6.167052746,11.22760596,21.125,34.125,43.375,1.780600548,30.47375069,5.573249817,0.275425,204.780423,4693.140527,4,0.9092108632167025
US_0007333,2001,694.8430774,721.585,609.2700195,5.393803511,312.9350037,-118.6103894,37.213822,43.89473,3494.181081,6.167052746,11.22760596,21.125,34.125,43.375,1.780600548,30.65083427,5.550916576,0.2801,205.080838,4845.422852,4,0.9272301022940818
US_0007333,2002,609.3302695,684.475,612.8200073,5.393803511,286.6550018,-118.6103894,37.213822,43.89473,3494.181081,6.167052746,11.22760596,21.125,34.125,43.375,1.780600548,28.37083397,5.527833271,0.282408331,206.4633362,4944.874219,4,0.851761494093981
US_0007333,2003,541.7884574,618.045,645.4450073,5.393803511,293.1900055,-118.6103894,37.213822,43.89473,3494.181081,6.167052746,11.22760596,21.125,34.125,43.375,1.780600548,27.79916725,5.525458241,0.278183331,208.8025024,4879.837109,4,0.9034561785662996
US_0007333,2004,550.304722,691.69,639.7800171,5.393803511,295.3100067,-118.6103894,37.213822,43.89473,3494.181081,6.167052746,11.22760596,21.125,34.125,43.375,1.780600548,29.61708412,5.517916489,0.282608331,208.8654175,4906.725781,4,0.8542020833895613
US_0007333,2005,595.6858268,751.96,634.5250122,5.393803511,314.2950043,-118.6103894,37.213822,43.89473,3494.181081,6.167052746,11.22760596,21.125,34.125,43.375,1.780600548,33.01000061,5.521791553,0.283375,207.8612488,4810.904199,4,0.8838171878587393
US_0007333,2006,653.9094906,723.085,615.1550049,5.393803511,301.6900055,-118.6103894,37.213822,43.89473,3494.181081,6.167052746,11.22760596,21.125,34.125,43.375,1.780600548,31.82958374,5.537541389,0.282416663,207.2283325,4778.111914,4,0.8769147347958247
US_0007333,2007,651.8387908,723.615,618.375,5.393803511,320.7750061,-118.6103894,37.213822,43.89473,3494.181081,6.167052746,11.22760596,21.125,34.125,43.375,1.780600548,30.64833412,5.557416344,0.29335,207.1408325,4781.357324,4,0.9469011971099532
US_0007333,2008,636.1761133,692.605,620.7449951,5.393803511,299.2000031,-118.6103894,37.213822,43.89473,3494.181081,6.167052746,11.22760596,21.125,34.125,43.375,1.780600548,30.18625069,5.584541321,0.301183331,208.975,4703.670313,4,0.884961701496994
US_0007333,2009,619.3983145,636.875,618.0399902,5.393803511,298.6199982,-118.6103894,37.213822,43.89473,3494.181081,6.167052746,11.22760596,21.125,34.125,43.375,1.780600548,29.86708412,5.597166348,0.306225,208.0741669,4549.60874,4,0.9338003936890784
US_0007333,2010,588.4441115,623.09,628.7849976,5.393803511,281.4750031,-118.6103894,37.213822,43.89473,3494.181081,6.167052746,11.22760596,21.125,34.125,43.375,1.780600548,25.77583466,5.613457966,0.307408331,208.6416656,4444.693799,4,0.8673147804720424
US_0007333,2011,582.6768583,585.05,630.6150024,5.393803511,295.8249969,-118.6103894,37.213822,43.89473,3494.181081,6.167052746,11.22760596,21.125,34.125,43.375,1.780600548,25.65375099,5.616374588,0.307991669,209.65,4266.102881,4,0.9643780495654967
US_0007333,2012,608.5488454,622.33,638.8500122,5.393803511,297.5949982,-118.6103894,37.213822,43.89473,3494.181081,6.167052746,11.22760596,21.125,34.125,43.375,1.780600548,26.46250114,5.619958019,0.307791669,208.7941681,4129.540771,4,0.9232638774408586
US_0007333,2013,586.5262648,556.305,639.0050171,5.393803511,303.1749939,-118.6103894,37.213822,43.89473,3494.181081,6.167052746,11.22760596,21.125,34.125,43.375,1.780600548,26.58250122,5.617458057,0.312891669,208.5966675,4170.352393,4,1.0286577898165121
US_0007333,2014,535.6838973,552.445,655.2100098,5.393803511,304.5699951,-118.6103894,37.213822,43.89473,3494.181081,6.167052746,11.22760596,21.125,34.125,43.375,1.780600548,24.48833427,5.607374763,0.31535,209.5345856,4302.298926,4,1.0237997729998782
US_0007333,2015,463.781717,509.08,656.2200073,5.393803511,309.0449829,-118.6103894,37.213822,43.89473,3494.181081,6.167052746,11.22760596,21.125,34.125,43.375,1.780600548,24.07666779,5.570374775,0.324275,209.6079193,5321.430762,4,1.1233370266879188
US_0007342,1992,12.59641066,532.34,711.4033447,5.807051304,341.0766724,-119.130701,37.7590977,59.78965,3141.849532,4.617174824,14.21479873,22.0,32.90625,43.171875,-1.623692572,33.3141674,4.537555408,0.335983337,206.7969482,12042.12246,4,1.2000363962256453
US_0007342,1993,30.06802832,569.9666667,706.2466797,5.807051304,343.7766724,-119.130701,37.7590977,59.78965,3141.849532,4.617174824,14.21479873,22.0,32.90625,43.171875,-1.623692572,33.87777901,4.565527725,0.32765625,206.5236206,11966.65273,4,1.14338003234111
US_0007342,1994,28.46689524,609.9866667,706.6200195,5.807051304,324.343335,-119.130701,37.7590977,59.78965,3141.849532,4.617174824,14.21479873,22.0,32.90625,43.171875,-1.623692572,32.87194633,4.566333294,0.324510413,205.9233429,11946.4793,4,0.9866897679186729
US_0007342,1995,128.0926466,706.1133333,701.6600098,5.807051304,322.4066711,-119.130701,37.7590977,59.78965,3141.849532,4.617174824,14.21479873,22.0,32.90625,43.171875,-1.623692572,33.19416847,4.58927784,0.322216656,204.2988983,12001.44492,4,0.8877463037265643
US_0007342,1996,139.8197874,811.12,712.616687,5.807051304,322.1966675,-119.130701,37.7590977,59.78965,3141.849532,4.617174824,14.21479873,22.0,32.90625,43.171875,-1.623692572,35.25222397,4.607750034,0.327435413,203.8144562,12225.96523,4,0.8089732387711553
US_0007342,1997,146.744929,806.85,699.2833374,5.807051304,315.4700073,-119.130701,37.7590977,59.78965,3141.849532,4.617174824,14.21479873,22.0,32.90625,43.171875,-1.623692572,37.63861313,4.635916615,0.336470825,204.5777863,12442.86211,4,0.8008772523902226
US_0007342,1998,171.1520961,856.9,676.5199951,5.807051304,324.9666687,-119.130701,37.7590977,59.78965,3141.849532,4.617174824,14.21479873,22.0,32.90625,43.171875,-1.623692572,38.89611282,4.619527626,0.344664575,201.3130615,12722.66816,4,0.8196092687813127
US_0007342,1999,184.1172298,816.0866667,674.3533325,5.807051304,317.3000061,-119.130701,37.7590977,59.78965,3141.849532,4.617174824,14.21479873,22.0,32.90625,43.171875,-1.623692572,38.88611259,4.648055363,0.34908125,201.7627777,12913.39395,4,0.8197449332853602
US_0007342,2000,106.5527728,753.1,685.3966797,5.807051304,331.3166687,-119.130701,37.7590977,59.78965,3141.849532,4.617174824,14.21479873,22.0,32.90625,43.171875,-1.623692572,39.58083382,4.642694283,0.351779169,202.6166656,13113.96191,4,0.8966639029167064
US_0007342,2001,99.6101004,701.59,702.9200195,5.807051304,321.6500061,-119.130701,37.7590977,59.78965,3141.849532,4.617174824,14.21479873,22.0,32.90625,43.171875,-1.623692572,39.74722328,4.620916557,0.353897913,203.3188904,13294.83262,4,0.8877036473638946
US_0007342,2002,97.00884778,675.2533333,705.3400391,5.807051304,304.2000061,-119.130701,37.7590977,59.78965,3141.849532,4.617174824,14.21479873,22.0,32.90625,43.171875,-1.623692572,40.28583412,4.599777699,0.353070831,204.5133362,13634.07051,4,0.8463360871737323
US_0007342,2003,75.10187558,613.2833333,736.8200439,5.807051304,304.543335,-119.130701,37.7590977,59.78965,3141.849532,4.617174824,14.21479873,22.0,32.90625,43.171875,-1.623692572,40.07638893,4.593888855,0.351668756,207.2972229,13849.26055,4,0.8795466174387964
US_0007342,2004,72.92191398,668.3566667,739.5100464,5.807051304,312.8733398,-119.130701,37.7590977,59.78965,3141.849532,4.617174824,14.21479873,22.0,32.90625,43.171875,-1.623692572,42.81194534,4.587138939,0.347450006,207.3441742,14074.26465,4,0.857314254257381
US_0007342,2005,127.4051779,705.2866667,737.8467041,5.807051304,314.6933472,-119.130701,37.7590977,59.78965,3141.849532,4.617174824,14.21479873,22.0,32.90625,43.171875,-1.623692572,44.76528015,4.594027805,0.336908344,206.3900085,14326.50977,4,0.835762768923217
US_0007342,2006,218.0339469,675.8333333,720.2900269,5.807051304,312.0833374,-119.130701,37.7590977,59.78965,3141.849532,4.617174824,14.21479873,22.0,32.90625,43.171875,-1.623692572,43.26305847,4.602805614,0.328566681,205.2963928,14612.59277,4,0.8620239828881439
US_0007342,2007,220.9502238,651.57,725.0000122,5.807051304,324.3800049,-119.130701,37.7590977,59.78965,3141.849532,4.617174824,14.21479873,22.0,32.90625,43.171875,-1.623692572,39.53250313,4.615444565,0.3291271,205.3594482,14740.93398,4,0.9247573465272733
US_0007342,2008,217.2566793,636.1266667,728.3966797,5.807051304,311.8233459,-119.130701,37.7590977,59.78965,3141.849532,4.617174824,14.21479873,22.0,32.90625,43.171875,-1.623692572,38.34972649,4.647444534,0.324516681,207.4386108,14686.2959,4,0.8901970178078696
US_0007342,2009,235.7588091,595.3533333,730.0233398,5.807051304,307.7033447,-119.130701,37.7590977,59.78965,3141.849532,4.617174824,14.21479873,22.0,32.90625,43.171875,-1.623692572,37.59944801,4.65886116,0.326654175,206.5069427,14443.22871,4,0.9153739672094685
US_0007342,2010,194.9906024,582.3033333,727.9133545,5.807051304,297.6633362,-119.130701,37.7590977,59.78965,3141.849532,4.617174824,14.21479873,22.0,32.90625,43.171875,-1.623692572,33.90889168,4.681916714,0.32683125,206.7586121,14020.75117,4,0.8919910797635942
US_0007342,2011,225.4352563,550.8666667,721.4033691,5.807051304,305.9933472,-119.130701,37.7590977,59.78965,3141.849532,4.617174824,14.21479873,22.0,32.90625,43.171875,-1.623692572,34.36333504,4.689944458,0.327029163,207.5680511,13376.5373,4,0.9708215295045525
US_0007342,2012,269.2963772,598.1033333,726.7400391,5.807051304,302.1300171,-119.130701,37.7590977,59.78965,3141.849532,4.617174824,14.21479873,22.0,32.90625,43.171875,-1.623692572,35.21277924,4.703055477,0.327252075,206.5036072,12676.55469,4,0.8931418973733561
US_0007342,2013,256.2379158,529.6266667,733.8766846,5.807051304,308.6233459,-119.130701,37.7590977,59.78965,3141.849532,4.617174824,14.21479873,22.0,32.90625,43.171875,-1.623692572,36.08277817,4.687805557,0.334406238,206.378891,12268.31172,4,1.004805312582944
US_0007342,2014,231.9810353,535.5333333,745.810022,5.807051304,313.8100037,-119.130701,37.7590977,59.78965,3141.849532,4.617174824,14.21479873,22.0,32.90625,43.171875,-1.623692572,34.11888962,4.678027821,0.340358325,207.1177765,11938.87891,4,1.0099855627945826
US_0007342,2015,201.2951029,496.56,752.8033325,5.807051304,319.4866699,-119.130701,37.7590977,59.78965,3141.849532,4.617174824,14.21479873,22.0,32.90625,43.171875,-1.623692572,35.41194458,4.62747221,0.352543744,207.6649994,12108.99375,4,1.1085813566274751
US_0007344,1990,323.1195601,481.346,793.7760376,5.807051329,321.7940002,-119.1223677,37.76631976,103.1862,2949.388171,6.086236917,14.09041966,21.95000076,31.35000038,44.78749847,-0.12665683,32.64066696,4.385433197,0.424120844,207.9269958,15036.12168,4,1.1213040424202338
US_0007344,1991,279.6801701,466.004,787.3300415,5.807051329,320.847998,-119.1223677,37.76631976,103.1862,2949.388171,6.086236917,14.09041966,21.95000076,31.35000038,44.78749847,-0.12665683,30.6751667,4.395716476,0.417446674,207.8218292,15264.46289,4,1.1628470217388223
US_0007344,1992,299.2934086,487.4,793.7200439,5.807051329,332.023999,-119.1223677,37.76631976,103.1862,2949.388171,6.086236917,14.09041966,21.95000076,31.35000038,44.78749847,-0.12665683,30.55816727,4.399999809,0.413558337,207.640332,15375.23125,4,1.1680132829390277
US_0007344,1993,356.7952992,521.604,788.2580322,5.807051329,334.1400024,-119.1223677,37.76631976,103.1862,2949.388171,6.086236917,14.09041966,21.95000076,31.35000038,44.78749847,-0.12665683,30.37633362,4.428133202,0.405895844,207.3886658,15278.3875,4,1.1028547182580526
US_0007344,1994,341.623038,558.384,784.8580322,5.807051329,315.5080078,-119.1223677,37.76631976,103.1862,2949.388171,6.086236917,14.09041966,21.95000076,31.35000038,44.78749847,-0.12665683,29.59816742,4.428966427,0.403369171,206.77901,15252.05801,4,0.9529848162143942
US_0007344,1995,398.5943772,646.052,777.9660156,5.807051329,312.0780029,-119.1223677,37.76631976,103.1862,2949.388171,6.086236917,14.09041966,21.95000076,31.35000038,44.78749847,-0.12665683,30.83766708,4.451616478,0.399984174,205.1816711,15322.80039,4,0.8485400661370556
US_0007344,1996,457.3453088,741.242,791.2460083,5.807051329,314.6100037,-119.1223677,37.76631976,103.1862,2949.388171,6.086236917,14.09041966,21.95000076,31.35000038,44.78749847,-0.12665683,33.84099998,4.470383263,0.404493341,204.7233429,15609.59727,4,0.779501048142306
US_0007344,1997,507.9718243,737.536,779.0480103,5.807051329,312.8339966,-119.1223677,37.76631976,103.1862,2949.388171,6.086236917,14.09041966,21.95000076,31.35000038,44.78749847,-0.12665683,37.2121666,4.498749924,0.412054169,205.4676758,15881.60508,4,0.7834584043441732
US_0007344,1998,502.1876091,784.12,755.0560181,5.807051329,320.8779968,-119.1223677,37.76631976,103.1862,2949.388171,6.086236917,14.09041966,21.95000076,31.35000038,44.78749847,-0.12665683,39.16500015,4.482449913,0.419897504,202.2148438,16230.73945,4,0.7926440768793046
US_0007344,1999,534.6120377,746.786,752.4080078,5.807051329,313.8899902,-119.1223677,37.76631976,103.1862,2949.388171,6.086236917,14.09041966,21.95000076,31.35000038,44.78749847,-0.12665683,38.98500061,4.510999966,0.423716675,202.6646729,16469.63418,4,0.7962810856948905
US_0007344,2000,497.5476127,688.836,763.5980103,5.807051329,329.0399902,-119.1223677,37.76631976,103.1862,2949.388171,6.086236917,14.09041966,21.95000076,31.35000038,44.78749847,-0.12665683,38.32966766,4.505766678,0.428160016,203.5163391,16742.60508,4,0.8783155731209643
US_0007344,2001,445.3720116,642.528,776.2700195,5.807051329,320.0899902,-119.1223677,37.76631976,103.1862,2949.388171,6.086236917,14.09041966,21.95000076,31.35000038,44.78749847,-0.12665683,37.54800186,4.483816528,0.429735016,204.1920074,16984.53672,4,0.8802724134139753
US_0007344,2002,399.2590546,617.246,781.1760132,5.807051329,304.3140015,-119.1223677,37.76631976,103.1862,2949.388171,6.086236917,14.09041966,21.95000076,31.35000038,44.78749847,-0.12665683,37.97466888,4.462666416,0.429121686,205.4086731,17428.17617,4,0.8462140631227233
US_0007344,2003,366.3506541,559.758,811.1700073,5.807051329,304.6619995,-119.1223677,37.76631976,103.1862,2949.388171,6.086236917,14.09041966,21.95000076,31.35000038,44.78749847,-0.12665683,37.97066879,4.456599617,0.427655011,208.1708374,17712.58828,4,0.8903150167531032
US_0007344,2004,337.496478,610.066,817.0560181,5.807051329,312.5380066,-119.1223677,37.76631976,103.1862,2949.388171,6.086236917,14.09041966,21.95000076,31.35000038,44.78749847,-0.12665683,40.27033539,4.449349594,0.423702509,208.2068359,18021.32305,4,0.860242294268769
US_0007344,2005,366.2934095,644.388,815.9160278,5.807051329,311.8360046,-119.1223677,37.76631976,103.1862,2949.388171,6.086236917,14.09041966,21.95000076,31.35000038,44.78749847,-0.12665683,42.46266937,4.455832958,0.412551672,207.2455048,18317.54102,4,0.8270662546695572
US_0007344,2006,419.8133104,617.25,800.2040283,5.807051329,305.1780029,-119.1223677,37.76631976,103.1862,2949.388171,6.086236917,14.09041966,21.95000076,31.35000038,44.78749847,-0.12665683,41.32400208,4.465116405,0.405202509,206.1889984,18641.82227,4,0.8380147665723583
US_0007344,2007,390.4250085,596.306,805.7880493,5.807051329,311.7219971,-119.1223677,37.76631976,103.1862,2949.388171,6.086236917,14.09041966,21.95000076,31.35000038,44.78749847,-0.12665683,36.8163353,4.478166485,0.407770007,206.242334,18771.06289,4,0.8782308590949158
US_0007344,2008,346.0947169,582.336,811.3460571,5.807051329,301.7439941,-119.1223677,37.76631976,103.1862,2949.388171,6.086236917,14.09041966,21.95000076,31.35000038,44.78749847,-0.12665683,34.73300171,4.509966564,0.404388342,208.3069977,18709.45898,4,0.8540618617694039
US_0007344,2009,382.5383255,545.348,808.2380493,5.807051329,297.0879944,-119.1223677,37.76631976,103.1862,2949.388171,6.086236917,14.09041966,21.95000076,31.35000038,44.78749847,-0.12665683,33.93716812,4.521366501,0.406970001,207.3804962,18401.24336,4,0.880568498268809
US_0007344,2010,363.7672569,532.022,804.66604,5.807051329,291.6159973,-119.1223677,37.76631976,103.1862,2949.388171,6.086236917,14.09041966,21.95000076,31.35000038,44.78749847,-0.12665683,31.19183464,4.544433117,0.406840833,207.6581665,17896.11992,4,0.8780320806652466
US_0007344,2011,334.9064676,503.984,797.6020264,5.807051329,301.2600037,-119.1223677,37.76631976,103.1862,2949.388171,6.086236917,14.09041966,21.95000076,31.35000038,44.78749847,-0.12665683,32.30083504,4.552199841,0.408232495,208.4718353,17128.32617,4,0.9641647417528255
US_0007344,2012,325.3846973,546.326,801.7440186,5.807051329,301.502002,-119.1223677,37.76631976,103.1862,2949.388171,6.086236917,14.09041966,21.95000076,31.35000038,44.78749847,-0.12665683,33.14216805,4.564883232,0.408546661,207.436496,16285.46055,4,0.9004873612604148
US_0007344,2013,362.676113,483.948,812.3000244,5.807051329,304.3420044,-119.1223677,37.76631976,103.1862,2949.388171,6.086236917,14.09041966,21.95000076,31.35000038,44.78749847,-0.12665683,33.75850105,4.55019989,0.416081659,207.2984955,15771.97715,4,1.0053790656590533
US_0007344,2014,309.0389871,488.58,830.4180298,5.807051329,307.3340027,-119.1223677,37.76631976,103.1862,2949.388171,6.086236917,14.09041966,21.95000076,31.35000038,44.78749847,-0.12665683,32.06400108,4.540199947,0.421740833,208.0446625,15351.55234,4,0.998682487802607
US_0007344,2015,252.834297,453.968,841.510022,5.807051329,310.3779968,-119.1223677,37.76631976,103.1862,2949.388171,6.086236917,14.09041966,21.95000076,31.35000038,44.78749847,-0.12665683,33.52250061,4.489916611,0.434211658,208.5351624,15395.24531,4,1.0863743178501557
US_0007390,1995,152.7679592,364.3657143,962.9656982,5.476923246,275.4161987,-115.3067288,41.54991275,190.0961,2246.622482,3.381645935,20.28308672,20.8125,41.375,36.04166794,0.388970822,10.67984133,3.75426178,0.395878693,186.2317413,118.7751572,4,1.0760456323068415
US_0007390,1996,215.219686,407.7114286,980.670459,5.476923246,282.5257263,-115.3067288,41.54991275,190.0961,2246.622482,3.381645935,20.28308672,20.8125,41.375,36.04166794,0.388970822,11.33079367,3.810388708,0.396598138,188.06698,123.1859909,4,0.9694847937939055
US_0007390,1997,261.8059197,426.4247619,953.1780884,5.476923246,317.1124023,-115.3067288,41.54991275,190.0961,2246.622482,3.381645935,20.28308672,20.8125,41.375,36.04166794,0.388970822,12.24666681,3.84203167,0.398125903,187.431662,126.8424332,4,1.1373983800165477
US_0007390,1998,255.5346326,455.0019048,953.3095093,5.476923246,327.8162109,-115.3067288,41.54991275,190.0961,2246.622482,3.381645935,20.28308672,20.8125,41.375,36.04166794,0.388970822,12.83682547,3.817666531,0.398016656,186.2728577,118.998613,4,1.1113108338312845
US_0007390,1999,280.8779405,454.1904762,944.0342651,5.476923246,332.5114502,-115.3067288,41.54991275,190.0961,2246.622482,3.381645935,20.28308672,20.8125,41.375,36.04166794,0.388970822,13.61119041,3.850539637,0.394529633,186.7078613,114.2154236,4,1.149683323413005
US_0007390,2000,261.2465246,416.3838095,968.751416,5.476923246,310.2924011,-115.3067288,41.54991275,190.0961,2246.622482,3.381645935,20.28308672,20.8125,41.375,36.04166794,0.388970822,12.22373028,3.829357147,0.386091669,189.0460327,129.3187332,4,1.1176737846734623
US_0007390,2001,208.9644638,373.0990476,987.9942749,5.476923246,302.5819153,-115.3067288,41.54991275,190.0961,2246.622482,3.381645935,20.28308672,20.8125,41.375,36.04166794,0.388970822,11.29103184,3.762190485,0.38369259,189.2161926,138.8751785,4,1.244083634063149
US_0007390,2002,187.6653588,344.252381,1007.248572,5.476923246,270.0714355,-115.3067288,41.54991275,190.0961,2246.622482,3.381645935,20.28308672,20.8125,41.375,36.04166794,0.388970822,10.40650806,3.729650831,0.388737042,191.3354828,156.0826859,4,1.1015444163282986
US_0007390,2003,157.6060868,317.4657143,1040.638098,5.476923246,251.6799988,-115.3067288,41.54991275,190.0961,2246.622482,3.381645935,20.28308672,20.8125,41.375,36.04166794,0.388970822,10.14254017,3.724452496,0.385177777,193.8553986,174.2239517,4,1.0679138668683608
US_0007390,2004,153.3792701,333.3561905,1048.532385,5.476923246,269.3666687,-115.3067288,41.54991275,190.0961,2246.622482,3.381645935,20.28308672,20.8125,41.375,36.04166794,0.388970822,10.31714344,3.675269747,0.390380554,193.0650024,187.820575,4,1.1327337968239062
US_0007390,2005,180.1630062,373.1580952,1034.454272,5.476923246,283.8685669,-115.3067288,41.54991275,190.0961,2246.622482,3.381645935,20.28308672,20.8125,41.375,36.04166794,0.388970822,10.89269867,3.650698376,0.393873151,191.448175,190.7883911,4,1.0642594887033088
US_0007390,2006,254.2240059,394.3495238,1018.05332,5.476923246,290.4133301,-115.3067288,41.54991275,190.0961,2246.622482,3.381645935,20.28308672,20.8125,41.375,36.04166794,0.388970822,11.2815876,3.653626919,0.396155566,191.0879333,187.316806,4,1.037840056738807
US_0007390,2007,238.7407719,395.6009524,1031.253333,5.476923246,294.3266663,-115.3067288,41.54991275,190.0961,2246.622482,3.381645935,20.28308672,20.8125,41.375,36.04166794,0.388970822,10.91190472,3.66285696,0.396075934,190.7938049,165.8118774,4,1.0520683955778418
US_0007390,2008,250.8532107,379.5857143,1031.123816,5.476923246,291.1028625,-115.3067288,41.54991275,190.0961,2246.622482,3.381645935,20.28308672,20.8125,41.375,36.04166794,0.388970822,9.822777653,3.724555397,0.391153711,192.2881714,149.1466522,4,1.091426775780526
US_0007390,2009,259.2296948,387.7714286,1020.155273,5.476923246,296.3457214,-115.3067288,41.54991275,190.0961,2246.622482,3.381645935,20.28308672,20.8125,41.375,36.04166794,0.388970822,9.708015728,3.732611036,0.393000934,192.4281708,133.4740936,4,1.101284206900131
US_0007390,2010,242.001154,376.1990476,1005.731482,5.476923246,288.9752563,-115.3067288,41.54991275,190.0961,2246.622482,3.381645935,20.28308672,20.8125,41.375,36.04166794,0.388970822,9.535952473,3.787095022,0.383712042,192.6625427,108.7008606,4,1.1034838284411355
US_0007390,2011,256.4346205,380.7942857,982.2419434,5.476923246,292.0857361,-115.3067288,41.54991275,190.0961,2246.622482,3.381645935,20.28308672,20.8125,41.375,36.04166794,0.388970822,10.45087347,3.816380787,0.388811108,192.1581787,101.5703171,4,1.1202108334537264
US_0007417,1994,293.3811878,755.58,858.5200195,7.912606948,386.0666748,-120.0190718,38.79629598,64.60265,2522.993859,4.63947466,19.79746465,23.69444466,33.73611069,40.72222137,0.27791401,52.50638809,3.410194397,0.909978674,200.6711151,42873.87422,4,0.9450997318829424
US_0007417,1995,461.4459791,892.34,847.2967041,7.912606948,382.0033447,-120.0190718,38.79629598,64.60265,2522.993859,4.63947466,19.79746465,23.69444466,33.73611069,40.72222137,0.27791401,54.98083267,3.456444407,0.905995337,198.6941711,42952.5125,4,0.8430016579646004
US_0007417,1996,553.0478425,1014.54,858.0500244,7.912606948,373.0500061,-120.0190718,38.79629598,64.60265,2522.993859,4.63947466,19.79746465,23.69444466,33.73611069,40.72222137,0.27791401,59.44388733,3.516361094,0.908649976,197.6416718,43540.25156,4,0.758320707752003
US_0007417,1997,653.1282148,1024.093333,846.9433594,7.912606948,375.3400085,-120.0190718,38.79629598,64.60265,2522.993859,4.63947466,19.79746465,23.69444466,33.73611069,40.72222137,0.27791401,67.28305359,3.555694532,0.905522192,198.468338,44076.86875,4,0.7656405202891211
US_0007417,1998,678.8171174,1083.393333,823.0200195,7.912606948,373.1700134,-120.0190718,38.79629598,64.60265,2522.993859,4.63947466,19.79746465,23.69444466,33.73611069,40.72222137,0.27791401,71.57388763,3.547722244,0.909271277,194.9744446,44945.20625,4,0.752366044861741
US_0007417,1999,756.8761819,1090.213333,816.8133545,7.912606948,382.8433472,-120.0190718,38.79629598,64.60265,2522.993859,4.63947466,19.79746465,23.69444466,33.73611069,40.72222137,0.27791401,72.98583221,3.573916626,0.909561084,195.4119476,45665.21719,4,0.7752608512089328
US_0007417,2000,637.8797306,1011.8,832.5366699,7.912606948,398.8300171,-120.0190718,38.79629598,64.60265,2522.993859,4.63947466,19.79746465,23.69444466,33.73611069,40.72222137,0.27791401,71.43611069,3.553527689,0.914630554,196.3661133,46403.42813,4,0.8356420859711277
US_0007417,2001,538.2757549,917.44,840.0566772,7.912606948,386.4066833,-120.0190718,38.79629598,64.60265,2522.993859,4.63947466,19.79746465,23.69444466,33.73611069,40.72222137,0.27791401,68.64555664,3.512277651,0.91607406,197.8852783,47007.22344,4,0.845489677939822
US_0007417,2002,479.2132117,900.7033333,843.9266968,7.912606948,364.0333435,-120.0190718,38.79629598,64.60265,2522.993859,4.63947466,19.79746465,23.69444466,33.73611069,40.72222137,0.27791401,67.61944427,3.493583155,0.920718506,198.9005585,48183.56016,4,0.7940243166724809
US_0007417,2003,414.3757475,810.7433333,870.6500244,7.912606948,359.0266724,-120.0190718,38.79629598,64.60265,2522.993859,4.63947466,19.79746465,23.69444466,33.73611069,40.72222137,0.27791401,66.41138763,3.486360979,0.914596277,202.1638885,48794.41406,4,0.8157734555338285
US_0007417,2004,367.6690859,836.6733333,877.8233398,7.912606948,355.7933472,-120.0190718,38.79629598,64.60265,2522.993859,4.63947466,19.79746465,23.69444466,33.73611069,40.72222137,0.27791401,69.58194275,3.474610949,0.900685181,202.0058319,49384.55625,4,0.7886869662436902
US_0007417,2005,431.1043561,878.9933333,867.3900146,7.912606948,347.7100159,-120.0190718,38.79629598,64.60265,2522.993859,4.63947466,19.79746465,23.69444466,33.73611069,40.72222137,0.27791401,73.87166519,3.478972054,0.877522217,201.126944,49911.23281,4,0.7528091462813344
US_0007417,2006,549.5718181,879.1433333,853.4933716,7.912606948,339.7133545,-120.0190718,38.79629598,64.60265,2522.993859,4.63947466,19.79746465,23.69444466,33.73611069,40.72222137,0.27791401,73.52583084,3.483111,0.857453711,199.1352814,50503.92344,4,0.74057389299556
US_0007417,2007,527.0177963,828.1133333,857.8067017,7.912606948,349.7066833,-120.0190718,38.79629598,64.60265,2522.993859,4.63947466,19.79746465,23.69444466,33.73611069,40.72222137,0.27791401,67.72166595,3.491611004,0.848784265,199.4911163,50721.40234,4,0.7880725750564916
US_0007417,2008,500.5765509,783.89,865.0167114,7.912606948,343.0300171,-120.0190718,38.79629598,64.60265,2522.993859,4.63947466,19.79746465,23.69444466,33.73611069,40.72222137,0.27791401,62.42500076,3.52191658,0.83974259,201.9080688,50608.81406,4,0.7924123442960904
US_0007417,2009,506.5972736,750.0433333,851.7167358,7.912606948,343.2200073,-120.0190718,38.79629598,64.60265,2522.993859,4.63947466,19.79746465,23.69444466,33.73611069,40.72222137,0.27791401,59.66222382,3.53022213,0.842434265,200.9516815,50026.25234,4,0.8215935191416516
US_0007417,2010,463.0352707,757.73,841.200061,7.912606948,348.7533386,-120.0190718,38.79629598,64.60265,2522.993859,4.63947466,19.79746465,23.69444466,33.73611069,40.72222137,0.27791401,58.8980545,3.563944387,0.838244446,200.6427948,49128.21563,4,0.8380758703374929
US_0007417,2011,514.9939521,723.64,826.7967041,7.912606948,363.2,-120.0190718,38.79629598,64.60265,2522.993859,4.63947466,19.79746465,23.69444466,33.73611069,40.72222137,0.27791401,63.30360947,3.576694298,0.844919458,201.1977936,47605.36406,4,0.9193749052265403
US_0007419,1994,456.3183327,755.58,858.5200195,7.912606936,386.0666748,-120.0271275,38.8485185,86.51739,2459.688986,4.628347141,22.11971567,23.75,34.33333206,40.0625,0.821376354,52.50638809,3.410194397,0.968604138,200.6711151,43514.76875,4,0.9450997318829424
US_0007419,1995,778.815396,892.34,847.2967041,7.912606936,382.0033447,-120.0271275,38.8485185,86.51739,2459.688986,4.628347141,22.11971567,23.75,34.33333206,40.0625,0.821376354,54.98083267,3.456444407,0.967047192,198.6941711,43625.77734,4,0.8430016579646004
US_0007419,1996,951.4640973,1014.54,858.0500244,7.912606936,373.0500061,-120.0271275,38.8485185,86.51739,2459.688986,4.628347141,22.11971567,23.75,34.33333206,40.0625,0.821376354,59.44388733,3.516361094,0.972220813,197.6416718,44235.025,4,0.758320707752003
US_0007419,1997,1128.183274,1024.093333,846.9433594,7.912606936,375.3400085,-120.0271275,38.8485185,86.51739,2459.688986,4.628347141,22.11971567,23.75,34.33333206,40.0625,0.821376354,67.28305359,3.555694532,0.972752759,198.468338,44861.57031,4,0.7656405202891211
US_0007419,1998,1132.429505,1083.393333,823.0200195,7.912606936,373.1700134,-120.0271275,38.8485185,86.51739,2459.688986,4.628347141,22.11971567,23.75,34.33333206,40.0625,0.821376354,71.57388763,3.547722244,0.980830518,194.9744446,45876.64063,4,0.752366044861741
US_0007419,1999,1270.410033,1090.213333,816.8133545,7.912606936,382.8433472,-120.0271275,38.8485185,86.51739,2459.688986,4.628347141,22.11971567,23.75,34.33333206,40.0625,0.821376354,72.98583221,3.573916626,0.986337476,195.4119476,46676.02813,4,0.7752608512089328
US_0007419,2000,1045.3474,1011.8,832.5366699,7.912606936,398.8300171,-120.0271275,38.8485185,86.51739,2459.688986,4.628347141,22.11971567,23.75,34.33333206,40.0625,0.821376354,71.43611069,3.553527689,0.989311084,196.3661133,47526.08203,4,0.8356420859711277
US_0007419,2001,850.7836142,917.44,840.0566772,7.912606936,386.4066833,-120.0271275,38.8485185,86.51739,2459.688986,4.628347141,22.11971567,23.75,34.33333206,40.0625,0.821376354,68.64555664,3.512277651,0.988493018,197.8852783,48232.75078,4,0.845489677939822
US_0007419,2002,733.7306518,900.7033333,843.9266968,7.912606936,364.0333435,-120.0271275,38.8485185,86.51739,2459.688986,4.628347141,22.11971567,23.75,34.33333206,40.0625,0.821376354,67.61944427,3.493583155,0.993679138,198.9005585,49446.61172,4,0.7940243166724809
US_0007419,2003,633.8383735,810.7433333,870.6500244,7.912606936,359.0266724,-120.0271275,38.8485185,86.51739,2459.688986,4.628347141,22.11971567,23.75,34.33333206,40.0625,0.821376354,66.41138763,3.486360979,0.982624976,202.1638885,50023.26563,4,0.8157734555338285
US_0007419,2004,550.2737129,836.6733333,877.8233398,7.912606936,355.7933472,-120.0271275,38.8485185,86.51739,2459.688986,4.628347141,22.11971567,23.75,34.33333206,40.0625,0.821376354,69.58194275,3.474610949,0.967531921,202.0058319,50683.72578,4,0.7886869662436902
US_0007419,2005,658.687333,878.9933333,867.3900146,7.912606936,347.7100159,-120.0271275,38.8485185,86.51739,2459.688986,4.628347141,22.11971567,23.75,34.33333206,40.0625,0.821376354,73.87166519,3.478972054,0.944619421,201.126944,51258.32734,4,0.7528091462813344
US_0007419,2006,866.6128287,879.1433333,853.4933716,7.912606936,339.7133545,-120.0271275,38.8485185,86.51739,2459.688986,4.628347141,22.11971567,23.75,34.33333206,40.0625,0.821376354,73.52583084,3.483111,0.927502783,199.1352814,51907.85234,4,0.74057389299556
US_0007419,2007,836.459797,828.1133333,857.8067017,7.912606936,349.7066833,-120.0271275,38.8485185,86.51739,2459.688986,4.628347141,22.11971567,23.75,34.33333206,40.0625,0.821376354,67.72166595,3.491611004,0.920454175,199.4911163,52212.40859,4,0.7880725750564916
US_0007419,2008,799.9839923,783.89,865.0167114,7.912606936,343.0300171,-120.0271275,38.8485185,86.51739,2459.688986,4.628347141,22.11971567,23.75,34.33333206,40.0625,0.821376354,62.42500076,3.52191658,0.916056946,201.9080688,52155.72031,4,0.7924123442960904
US_0007419,2009,814.6770322,750.0433333,851.7167358,7.912606936,343.2200073,-120.0271275,38.8485185,86.51739,2459.688986,4.628347141,22.11971567,23.75,34.33333206,40.0625,0.821376354,59.66222382,3.53022213,0.918552759,200.9516815,51601.29141,4,0.8215935191416516
US_0007419,2010,755.9168687,757.73,841.200061,7.912606936,348.7533386,-120.0271275,38.8485185,86.51739,2459.688986,4.628347141,22.11971567,23.75,34.33333206,40.0625,0.821376354,58.8980545,3.563944387,0.912959692,200.6427948,50848.91953,4,0.8380758703374929
US_0007419,2011,769.0490262,723.64,826.7967041,7.912606936,363.2,-120.0271275,38.8485185,86.51739,2459.688986,4.628347141,22.11971567,23.75,34.33333206,40.0625,0.821376354,63.30360947,3.576694298,0.919633289,201.1977936,49431.12188,4,0.9193749052265403
US_0007419,2012,780.3130256,793.69,829.8700195,7.912606936,358.9966797,-120.0271275,38.8485185,86.51739,2459.688986,4.628347141,22.11971567,23.75,34.33333206,40.0625,0.821376354,64.7266655,3.59997201,0.918520776,199.7547363,47548.07813,4,0.8500109468192263
US_0007419,2013,774.7098211,745.6733333,843.806665,7.912606936,375.4266724,-120.0271275,38.8485185,86.51739,2459.688986,4.628347141,22.11971567,23.75,34.33333206,40.0625,0.821376354,68.89916534,3.57755537,0.936963843,199.5594574,46369.36875,4,0.9288173017347628
US_0007419,2014,721.6519098,756.13,872.9399902,7.912606936,384.4100037,-120.0271275,38.8485185,86.51739,2459.688986,4.628347141,22.11971567,23.75,34.33333206,40.0625,0.821376354,68.86860962,3.556138706,0.944665247,200.0063965,44959.85781,4,0.9292324952148491
US_0007419,2015,603.6432356,669.3666667,899.7499756,7.912606936,389.8633423,-120.0271275,38.8485185,86.51739,2459.688986,4.628347141,22.11971567,23.75,34.33333206,40.0625,0.821376354,68.92861176,3.488888693,0.979627783,201.4316711,43866.62344,4,1.0234303222651282
US_0007428,1994,207.9257109,575.66,940.8200073,8.66495745,333.0200195,-119.9232439,39.25879699,9.097867,2430.664368,4.29143,1.631113094,23.375,19.125,56.125,1.92784,25.77333374,3.323333168,0.860533337,199.136676,5117.142383,4,0.9050649395666296
US_0007428,1995,344.3348255,681.1,927.8800049,8.66495745,327.4000183,-119.9232439,39.25879699,9.097867,2430.664368,4.29143,1.631113094,23.375,19.125,56.125,1.92784,29.94500008,3.370666504,0.851791675,197.3033478,5202.605469,4,0.7897230691499308
US_0007428,1996,452.5002607,770.34,941.460022,8.66495745,329.1200134,-119.9232439,39.25879699,9.097867,2430.664368,4.29143,1.631113094,23.375,19.125,56.125,1.92784,34.20499954,3.433833265,0.861091675,196.3550079,5379.683398,4,0.7319158872525979
US_0007428,1997,571.3762454,779.24,934.0400146,8.66495745,340.0200073,-119.9232439,39.25879699,9.097867,2430.664368,4.29143,1.631113094,23.375,19.125,56.125,1.92784,37.67333374,3.473999929,0.882033337,196.8716705,5688.668359,4,0.7560388640116192
US_0007428,1998,598.0050813,835.02,915.6200073,8.66495745,345.0400085,-119.9232439,39.25879699,9.097867,2430.664368,4.29143,1.631113094,23.375,19.125,56.125,1.92784,42.54666634,3.470999956,0.880991663,193.5216736,5905.999121,4,0.7460603934880377
US_0007428,1999,673.1812069,843.84,908.5400269,8.66495745,360.0400146,-119.9232439,39.25879699,9.097867,2430.664368,4.29143,1.631113094,23.375,19.125,56.125,1.92784,44.7266655,3.501000071,0.879116663,193.8916718,6008.058887,4,0.7804363302519518
US_0007428,2000,585.7555891,784.18,927.4800171,8.66495745,368.9600098,-119.9232439,39.25879699,9.097867,2430.664368,4.29143,1.631113094,23.375,19.125,56.125,1.92784,42.06500053,3.477000093,0.872724988,194.825,6087.818262,4,0.830170064727104
US_0007428,2001,481.2146923,705.34,935.8599976,8.66495745,356.380011,-119.9232439,39.25879699,9.097867,2430.664368,4.29143,1.631113094,23.375,19.125,56.125,1.92784,40.00333366,3.435333347,0.902958325,196.1933411,6042.774707,4,0.8498611719705625
US_0007428,2002,395.9150507,695.76,945.8,8.66495745,334.6000122,-119.9232439,39.25879699,9.097867,2430.664368,4.29143,1.631113094,23.375,19.125,56.125,1.92784,40.37333336,3.419666672,0.897149988,197.3250092,5877.645801,4,0.7910071083530047
US_0007428,2003,328.8491337,617.2,976.1800049,8.66495745,320.1000183,-119.9232439,39.25879699,9.097867,2430.664368,4.29143,1.631113094,23.375,19.125,56.125,1.92784,38.64833336,3.41483326,0.913291663,200.5866699,5757.744531,4,0.8014676136761851
US_0007428,2004,273.6507363,645.86,991.0599976,8.66495745,318.5600098,-119.9232439,39.25879699,9.097867,2430.664368,4.29143,1.631113094,23.375,19.125,56.125,1.92784,39.74999962,3.401166534,0.990708325,200.143335,5763.515039,4,0.7672979347996464
US_0007428,2005,300.1623618,684.34,983.0400146,8.66495745,321.4800232,-119.9232439,39.25879699,9.097867,2430.664368,4.29143,1.631113094,23.375,19.125,56.125,1.92784,42.18999863,3.406166506,1.056499988,199.3350006,5800.433789,4,0.7498686764385886
US_0007428,2006,423.7908108,700.94,967.8000122,8.66495745,312.8800171,-119.9232439,39.25879699,9.097867,2430.664368,4.29143,1.631113094,23.375,19.125,56.125,1.92784,42.40833282,3.408999872,1.10626665,197.6283295,5958.5,4,0.7231447532002557
US_0007428,2007,408.0452326,665.7,972.2000244,8.66495745,313.6200195,-119.9232439,39.25879699,9.097867,2430.664368,4.29143,1.631113094,23.375,19.125,56.125,1.92784,38.20833321,3.421166515,1.203358313,197.9233337,6128.900879,4,0.7463782492028176
US_0007428,2008,390.1628331,635.72,977.7800293,8.66495745,308.6000122,-119.9232439,39.25879699,9.097867,2430.664368,4.29143,1.631113094,23.375,19.125,56.125,1.92784,34.94166641,3.453333187,1.259924976,200.1750061,6147.224805,4,0.7529243024034912
US_0007428,2009,377.1412582,612.48,965.4600342,8.66495745,317.5000183,-119.9232439,39.25879699,9.097867,2430.664368,4.29143,1.631113094,23.375,19.125,56.125,1.92784,32.71666641,3.454499817,1.269308325,199.4583405,5946.416504,4,0.8023220973333971
US_0007428,2010,343.1239647,623.8,952.4600098,8.66495745,315.9400085,-119.9232439,39.25879699,9.097867,2430.664368,4.29143,1.631113094,23.375,19.125,56.125,1.92784,33.30999985,3.487999773,1.258591675,199.0783417,5934.370117,4,0.7928773776377022
US_0007428,2011,230.3534451,592.9,933.6000366,8.66495745,324.3200073,-119.9232439,39.25879699,9.097867,2430.664368,4.29143,1.631113094,23.375,19.125,56.125,1.92784,33.35333328,3.497833109,1.271966675,199.5416809,5776.12168,4,0.8574844783537708
US_0007433,1993,24.90153574,630.98,946.6700317,7.554914646,400.1400024,-119.9276805,38.95657448,13.62238,2348.193095,3.90689,6.68497268,23.25,20.625,53.875,1.58984,39.04083252,3.37308321,0.710208337,201.4541687,6562.170605,4,1.0897510740428291
US_0007433,1994,24.96409667,629.23,947.0900391,7.554914646,364.95,-119.9276805,38.95657448,13.62238,2348.193095,3.90689,6.68497268,23.25,20.625,53.875,1.58984,36.80583344,3.381999874,0.728375,201.2483307,6740.444238,4,0.950233519148371
US_0007433,1995,30.06346823,739.15,936.110022,7.554914646,363.1600037,-119.9276805,38.95657448,13.62238,2348.193095,3.90689,6.68497268,23.25,20.625,53.875,1.58984,42.07333374,3.42816658,0.731208325,199.3674957,6926.835156,4,0.8423149644793162
US_0007433,1996,40.2176959,839.66,947.7400269,7.554914646,358.4200012,-119.9276805,38.95657448,13.62238,2348.193095,3.90689,6.68497268,23.25,20.625,53.875,1.58984,47.49166718,3.488416576,0.732508325,198.4016632,7291.345605,4,0.7613334237258543
US_0007433,1997,53.84567619,848.8,940.0200195,7.554914646,365.7799988,-119.9276805,38.95657448,13.62238,2348.193095,3.90689,6.68497268,23.25,20.625,53.875,1.58984,52.35666656,3.527916622,0.7262,199.0841644,7578.363965,4,0.7772291829057638
US_0007433,1998,65.95985955,902.7,917.5900146,7.554914646,366.3299988,-119.9276805,38.95657448,13.62238,2348.193095,3.90689,6.68497268,23.25,20.625,53.875,1.58984,57.89416504,3.521583366,0.722741663,195.6550018,7977.150098,4,0.7616914679834721
US_0007433,1999,79.06347061,908.25,911.1800171,7.554914646,378.4899963,-119.9276805,38.95657448,13.62238,2348.193095,3.90689,6.68497268,23.25,20.625,53.875,1.58984,59.81999741,3.549916697,0.709541663,196.0725037,8291.943652,4,0.7904162746675718
US_0007433,2000,85.53602481,845.45,926.210022,7.554914646,387.9599854,-119.9276805,38.95657448,13.62238,2348.193095,3.90689,6.68497268,23.25,20.625,53.875,1.58984,56.06833115,3.528500032,0.700966663,197.0166748,8692.397559,4,0.8414967126630776
US_0007433,2006,58.73032557,738.68,951.7900269,7.554914646,327.9000061,-119.9276805,38.95657448,13.62238,2348.193095,3.90689,6.68497268,23.25,20.625,53.875,1.58984,58.02916718,3.458666706,0.951566663,199.8008331,10092.96113,4,0.7429727567809609
US_0007433,2007,66.25684806,698.78,957.0500366,7.554914646,335.4100037,-119.9276805,38.95657448,13.62238,2348.193095,3.90689,6.68497268,23.25,20.625,53.875,1.58984,52.99833374,3.46850009,1.052408337,200.1208344,10584.39707,4,0.7862875749975105
US_0007433,2008,69.03024942,668.02,961.0800537,7.554914646,325.1100037,-119.9276805,38.95657448,13.62238,2348.193095,3.90689,6.68497268,23.25,20.625,53.875,1.58984,48.45666733,3.499833393,1.139158325,202.4549957,10807.49063,4,0.7795396620938599
US_0007433,2009,70.19588831,638.78,948.5700439,7.554914646,330.2299988,-119.9276805,38.95657448,13.62238,2348.193095,3.90689,6.68497268,23.25,20.625,53.875,1.58984,45.44000092,3.505083275,1.14821665,201.6024933,10698.35742,4,0.8237620436254304
US_0007433,2010,68.01406636,644.2,939.5900513,7.554914646,334.6700012,-119.9276805,38.95657448,13.62238,2348.193095,3.90689,6.68497268,23.25,20.625,53.875,1.58984,45.55749969,3.539333248,1.14286665,201.3058319,10830.1707,4,0.8363772329797735
US_0007433,2011,57.93089569,615.95,925.5100464,7.554914646,353.5400024,-119.9276805,38.95657448,13.62238,2348.193095,3.90689,6.68497268,23.25,20.625,53.875,1.58984,46.51666641,3.550749969,1.14285,201.8283325,10633.21484,4,0.9373835240811301
US_0007436,1994,190.8686634,676.2033333,915.0633789,7.554914646,375.0733337,-119.9688917,38.90339444,55.86039,2427.350852,6.707816243,22.87311249,22.375,29.71875,46.21875,1.654293776,44.62611008,3.331999826,0.854541699,201.4463898,63545.84375,4,0.9497829858141998
US_0007436,1995,326.7707155,796.5866667,904.8733765,7.554914646,372.7566711,-119.9688917,38.90339444,55.86039,2427.350852,6.707816243,22.87311249,22.375,29.71875,46.21875,1.654293776,48.84249954,3.378610992,0.860454199,199.5094421,64697.79375,4,0.8438331129391317
US_0007436,1996,420.1206421,906.0433333,915.5600342,7.554914646,366.8866821,-119.9688917,38.90339444,55.86039,2427.350852,6.707816243,22.87311249,22.375,29.71875,46.21875,1.654293776,53.9066658,3.438916588,0.874304187,198.4911072,66583.69219,4,0.762330084267976
US_0007436,1997,524.1124241,915.96,907.2500366,7.554914646,370.7000122,-119.9688917,38.90339444,55.86039,2427.350852,6.707816243,22.87311249,22.375,29.71875,46.21875,1.654293776,60.18083344,3.47861104,0.882947937,199.2575012,68894.575,4,0.7703403207512848
US_0007436,1998,554.3351988,970.2666667,884.9900269,7.554914646,371.3233521,-119.9688917,38.90339444,55.86039,2427.350852,6.707816243,22.87311249,22.375,29.71875,46.21875,1.654293776,65.85138779,3.471472168,0.896243774,195.7850006,72196.37813,4,0.7586173357648389
US_0007436,1999,632.1163102,976.3266667,879.3466919,7.554914646,381.5133545,-119.9688917,38.90339444,55.86039,2427.350852,6.707816243,22.87311249,22.375,29.71875,46.21875,1.654293776,67.58416595,3.498472214,0.899185437,196.2133362,74826.40625,4,0.7820924572472007
US_0007436,2000,532.0885805,907.84,894.4166748,7.554914646,393.0966797,-119.9688917,38.90339444,55.86039,2427.350852,6.707816243,22.87311249,22.375,29.71875,46.21875,1.654293776,64.66277695,3.477527809,0.9088021,197.1630615,77364.75938,4,0.8355789832716491
US_0007436,2001,435.5744045,822.36,902.7600342,7.554914646,376.6400024,-119.9688917,38.90339444,55.86039,2427.350852,6.707816243,22.87311249,22.375,29.71875,46.21875,1.654293776,61.27222214,3.436222219,0.90058335,198.6444489,79535.72969,4,0.8385359710324054
US_0007436,2002,349.0543644,805.3133333,905.8233521,7.554914646,356.4299988,-119.9688917,38.90339444,55.86039,2427.350852,6.707816243,22.87311249,22.375,29.71875,46.21875,1.654293776,61.52999954,3.417888832,0.8976646,199.6894501,81787.68594,4,0.7944135460931633
US_0007436,2003,291.6867732,721.14,932.3033447,7.554914646,350.0233276,-119.9688917,38.90339444,55.86039,2427.350852,6.707816243,22.87311249,22.375,29.71875,46.21875,1.654293776,59.89527817,3.411027718,0.893266687,202.9461182,82512.76406,4,0.820786774528166
US_0007436,2004,228.2021351,746.8866667,938.7266968,7.554914646,344.4366577,-119.9688917,38.90339444,55.86039,2427.350852,6.707816243,22.87311249,22.375,29.71875,46.21875,1.654293776,62.43805771,3.398555422,0.925095825,202.7341736,83799.65469,4,0.7848236711971953
US_0007436,2005,261.5956211,786.2733333,930.2833862,7.554914646,341.0266663,-119.9688917,38.90339444,55.86039,2427.350852,6.707816243,22.87311249,22.375,29.71875,46.21875,1.654293776,66.04583435,3.402638721,0.9395354,201.8625061,85056.47344,4,0.7560797220434267
US_0007436,2006,363.8024264,787.3533333,912.7233521,7.554914646,333.936676,-119.9688917,38.90339444,55.86039,2427.350852,6.707816243,22.87311249,22.375,29.71875,46.21875,1.654293776,66.83777847,3.406944323,0.977995801,199.9325104,86516.19375,4,0.7456645445123414
US_0007436,2007,360.9193533,742.9433333,917.7467041,7.554914646,342.8433411,-119.9688917,38.90339444,55.86039,2427.350852,6.707816243,22.87311249,22.375,29.71875,46.21875,1.654293776,60.96805573,3.416222143,1.028249951,200.2755646,87754.9375,4,0.7925496334175349
US_0007436,2008,341.2334488,708.5533333,923.4000488,7.554914646,334.7033447,-119.9688917,38.90339444,55.86039,2427.350852,6.707816243,22.87311249,22.375,29.71875,46.21875,1.654293776,55.9830574,3.446861029,1.060835364,202.6602844,88244.23438,4,0.7917424326973123
US_0007436,2009,341.0249535,677.3666667,911.810022,7.554914646,340.1533447,-119.9688917,38.90339444,55.86039,2427.350852,6.707816243,22.87311249,22.375,29.71875,46.21875,1.654293776,53.25277786,3.453999996,1.068022913,201.7475067,87775.20625,4,0.8369242837687413
US_0007436,2010,316.3394118,682.9933333,902.9800049,7.554914646,344.5666748,-119.9688917,38.90339444,55.86039,2427.350852,6.707816243,22.87311249,22.375,29.71875,46.21875,1.654293776,53.13749924,3.488083315,1.06604375,201.441394,87619.50625,4,0.8499222326146654
US_0007436,2011,327.6582586,653.5966667,890.843335,7.554914646,360.5200073,-119.9688917,38.90339444,55.86039,2427.350852,6.707816243,22.87311249,22.375,29.71875,46.21875,1.654293776,55.19916534,3.500333309,1.073350024,201.9841675,86022.30313,4,0.9384975309824706
US_0007436,2012,332.9299724,714.6,892.0533325,7.554914646,356.9833374,-119.9688917,38.90339444,55.86039,2427.350852,6.707816243,22.87311249,22.375,29.71875,46.21875,1.654293776,56.92055511,3.524138784,1.072550049,200.605835,83210.77031,4,0.8668535973112195
US_0007436,2013,331.7300952,669.79,905.0400024,7.554914646,370.406665,-119.9688917,38.90339444,55.86039,2427.350852,6.707816243,22.87311249,22.375,29.71875,46.21875,1.654293776,59.65583191,3.500333214,1.096368799,200.3983368,81555.83906,4,0.9466845529869427
US_0007436,2014,320.7926856,676.1766667,935.7366699,7.554914646,375.8100037,-119.9688917,38.90339444,55.86039,2427.350852,6.707816243,22.87311249,22.375,29.71875,46.21875,1.654293776,59.61055527,3.480305386,1.112466675,200.8372284,80243.91406,4,0.9399143735495182
US_0007442,1997,1116.27815,1114.051111,935.7577881,7.12649585,413.5000061,-120.2079759,39.32101739,80.1554,2080.491325,3.258125045,25.78172158,15.57291698,47.1875,35.47916794,2.100586817,77.95814819,3.195685101,1.252093018,195.9309326,60372.33047,4,0.7693282419282648
US_0007442,1998,1091.28581,1176.935556,919.8644531,7.12649585,412.6644531,-120.2079759,39.32101739,80.1554,2080.491325,3.258125045,25.78172158,15.57291698,47.1875,35.47916794,2.100586817,85.72481461,3.194166565,1.258069385,192.6213013,61517.41953,4,0.7541620296527742
US_0007442,1999,1244.501549,1198.308889,915.5444458,7.12649585,429.3977905,-120.2079759,39.32101739,80.1554,2080.491325,3.258125045,25.78172158,15.57291698,47.1875,35.47916794,2.100586817,89.73777618,3.226055479,1.256899976,192.9501892,62419.18047,4,0.7835473507966171
US_0007442,2000,1060.456644,1105.224444,932.9311035,7.12649585,439.3355652,-120.2079759,39.32101739,80.1554,2080.491325,3.258125045,25.78172158,15.57291698,47.1875,35.47916794,2.100586817,86.48444214,3.203351784,1.273938867,193.8835236,63468.15,4,0.8302897504061604
US_0007442,2001,854.9509954,996.1422222,946.2800293,7.12649585,424.1333313,-120.2079759,39.32101739,80.1554,2080.491325,3.258125045,25.78172158,15.57291698,47.1875,35.47916794,2.100586817,82.2633316,3.164740562,1.288348584,195.3348236,64357.79219,4,0.8372450285688242
US_0007442,2002,760.8196058,989.0088889,951.4444824,7.12649585,398.4844421,-120.2079759,39.32101739,80.1554,2080.491325,3.258125045,25.78172158,15.57291698,47.1875,35.47916794,2.100586817,82.65536804,3.149481297,1.291287451,196.3864868,66099.42813,4,0.7792304593931674
US_0007442,2003,703.5073348,884.7311111,980.7711548,7.12649585,387.3733276,-120.2079759,39.32101739,80.1554,2080.491325,3.258125045,25.78172158,15.57291698,47.1875,35.47916794,2.100586817,79.12870178,3.141573858,1.309631885,199.7412994,67216.96016,4,0.7909272575604691
US_0007442,2004,611.6073553,912.0711111,991.1822754,7.12649585,375.3755493,-120.2079759,39.32101739,80.1554,2080.491325,3.258125045,25.78172158,15.57291698,47.1875,35.47916794,2.100586817,80.39814758,3.1308146,1.314795752,199.3494446,68304.05469,4,0.7463340554153973
US_0007442,2005,683.6402694,964.4822222,987.3133911,7.12649585,379.0822144,-120.2079759,39.32101739,80.1554,2080.491325,3.258125045,25.78172158,15.57291698,47.1875,35.47916794,2.100586817,84.63592682,3.138925743,1.314083252,198.5757446,69202.91719,4,0.7331119056562464
US_0007442,2006,874.7206957,986.4133333,966.3311279,7.12649585,367.9244446,-120.2079759,39.32101739,80.1554,2080.491325,3.258125045,25.78172158,15.57291698,47.1875,35.47916794,2.100586817,86.14740753,3.140259123,1.317552686,196.7929626,70226.19219,4,0.7102821354771643
US_0007442,2007,834.5536002,927.0933333,971.9177979,7.12649585,378.7755615,-120.2079759,39.32101739,80.1554,2080.491325,3.258125045,25.78172158,15.57291698,47.1875,35.47916794,2.100586817,79.04777832,3.151870298,1.346808276,197.0348175,70686.95938,4,0.7546441922045306
US_0007442,2008,761.4280499,884.3755556,977.5422485,7.12649585,375.2333374,-120.2079759,39.32101739,80.1554,2080.491325,3.258125045,25.78172158,15.57291698,47.1875,35.47916794,2.100586817,73.79740753,3.183722162,1.354394409,199.3201874,70601.625,4,0.7646791490406163
US_0007442,2009,785.4137314,853.0755556,968.6533569,7.12649585,393.9844482,-120.2079759,39.32101739,80.1554,2080.491325,3.258125045,25.78172158,15.57291698,47.1875,35.47916794,2.100586817,71.03611145,3.185351801,1.370608325,198.5940796,69770.85625,4,0.8307228428341139
US_0007442,2010,746.2210629,868.1422222,953.9822388,7.12649585,386.457782,-120.2079759,39.32101739,80.1554,2080.491325,3.258125045,25.78172158,15.57291698,47.1875,35.47916794,2.100586817,71.78981323,3.214611006,1.360165259,198.0629669,68416.88516,4,0.8101511936717857
US_0007442,2011,772.0476948,820.6044444,938.9000366,7.12649585,404.3377869,-120.2079759,39.32101739,80.1554,2080.491325,3.258125045,25.78172158,15.57291698,47.1875,35.47916794,2.100586817,72.44000244,3.223018456,1.362091675,198.3794495,66228.21797,4,0.89658941424437
US_0007442,2012,828.8891704,895.9755556,932.7355835,7.12649585,392.2644531,-120.2079759,39.32101739,80.1554,2080.491325,3.258125045,25.78172158,15.57291698,47.1875,35.47916794,2.100586817,75.25370636,3.248018456,1.368640283,197.1855621,63464.75313,4,0.8194046372761677
US_0007442,2013,805.9592705,843.0955556,940.7089233,7.12649585,403.6511292,-120.2079759,39.32101739,80.1554,2080.491325,3.258125045,25.78172158,15.57291698,47.1875,35.47916794,2.100586817,78.1901886,3.217129564,1.411977808,197.0796417,61705.83594,4,0.8774123302307258
US_0007442,2014,739.9741667,840.9888889,966.4378052,7.12649585,401.531134,-120.2079759,39.32101739,80.1554,2080.491325,3.258125045,25.78172158,15.57291698,47.1875,35.47916794,2.100586817,77.84333649,3.200481367,1.462293091,197.3744507,60052.08672,4,0.8591977730998402
US_0007442,2015,621.4438048,732.6333333,995.1422729,7.12649585,413.431134,-120.2079759,39.32101739,80.1554,2080.491325,3.258125045,25.78172158,15.57291698,47.1875,35.47916794,2.100586817,75.44703979,3.135351801,1.569197266,199.3050079,59016.38516,4,0.9708831761912928
US_0007473,1991,43.16354539,343.825,980.9900146,8.600213833,290.4099915,-119.0067472,41.54306667,36.93595,2202.584391,3.857563734,17.12341426,19.375,45.75,32.6875,-0.839534253,14.63000031,3.325124836,0.309912512,190.2849976,656.7710327,4,1.3219798233729896
US_0007473,1992,41.06359468,325.685,992.0650269,8.600213833,273.0349976,-119.0067472,41.54306667,36.93595,2202.584391,3.857563734,17.12341426,19.375,45.75,32.6875,-0.839534253,13.86416702,3.321208191,0.303787506,190.4424957,656.9485229,4,1.2538412781593107
US_0007473,1993,51.61090935,339.285,962.1450317,8.600213833,289.9,-119.0067472,41.54306667,36.93595,2202.584391,3.857563734,17.12341426,19.375,45.75,32.6875,-0.839534253,13.43291664,3.312999868,0.309754169,189.2316589,652.4650391,4,1.3684298839952627
US_0007473,1994,47.04482147,342.095,968.3300537,8.600213833,272.9350006,-119.0067472,41.54306667,36.93595,2202.584391,3.857563734,17.12341426,19.375,45.75,32.6875,-0.839534253,11.49708328,3.32504158,0.309979169,189.0858307,648.1865723,4,1.1593204062351905
US_0007473,1995,70.67526254,381.45,970.5200439,8.600213833,290.0300079,-119.0067472,41.54306667,36.93595,2202.584391,3.857563734,17.12341426,19.375,45.75,32.6875,-0.839534253,14.53791637,3.374416637,0.315529169,188.0762451,661.5798584,4,1.1088830514596284
US_0007473,1996,85.04119797,416.835,988.9450439,8.600213833,297.6550018,-119.0067472,41.54306667,36.93595,2202.584391,3.857563734,17.12341426,19.375,45.75,32.6875,-0.839534253,16.75666618,3.452333307,0.319504169,187.9404144,684.3313965,4,1.0253035247567235
US_0007473,1997,101.314987,426.72,968.8750488,8.600213833,315.0350006,-119.0067472,41.54306667,36.93595,2202.584391,3.857563734,17.12341426,19.375,45.75,32.6875,-0.839534253,19.60874939,3.503791666,0.324375006,187.8550018,708.0134399,4,1.1125820527454409
US_0007473,1998,125.3851951,467.875,962.6800537,8.600213833,320.3749969,-119.0067472,41.54306667,36.93595,2202.584391,3.857563734,17.12341426,19.375,45.75,32.6875,-0.839534253,21.89916649,3.516875029,0.319758344,185.4325043,754.1578003,4,1.028361800527983
US_0007473,1999,143.6869739,457.005,946.4950317,8.600213833,326.4549988,-119.0067472,41.54306667,36.93595,2202.584391,3.857563734,17.12341426,19.375,45.75,32.6875,-0.839534253,24.27541656,3.556791639,0.314008337,186.050415,796.0393311,4,1.1013986986296014
US_0007473,2000,126.2656651,437.09,952.8150269,8.600213833,317.1600037,-119.0067472,41.54306667,36.93595,2202.584391,3.857563734,17.12341426,19.375,45.75,32.6875,-0.839534253,22.08999996,3.507541609,0.306066663,187.3216675,838.9644897,4,1.1016383088515245
US_0007473,2001,111.3379705,388.95,959.3650269,8.600213833,297.1550049,-119.0067472,41.54306667,36.93595,2202.584391,3.857563734,17.12341426,19.375,45.75,32.6875,-0.839534253,19.59333344,3.44358325,0.299816663,188.1383331,872.8991821,4,1.1372458065629913
US_0007473,2002,101.0128101,372.15,976.7250122,8.600213833,280.0550049,-119.0067472,41.54306667,36.93595,2202.584391,3.857563734,17.12341426,19.375,45.75,32.6875,-0.839534253,17.84833355,3.428249884,0.299112494,189.5904175,887.9178711,4,1.070789286224225
US_0007473,2003,67.60925668,327.12,1009.315002,8.600213833,269.9350098,-119.0067472,41.54306667,36.93595,2202.584391,3.857563734,17.12341426,19.375,45.75,32.6875,-0.839534253,16.40166683,3.418708229,0.298458331,192.6666687,893.8101563,4,1.1988530989556432
US_0007473,2004,53.02677334,342.5,1025.880029,8.600213833,282.3100098,-119.0067472,41.54306667,36.93595,2202.584391,3.857563734,17.12341426,19.375,45.75,32.6875,-0.839534253,15.45041676,3.375958204,0.308558337,191.5470886,922.231897,4,1.213190171103117
US_0007473,2005,65.33824068,352.1,1016.800037,8.600213833,281.0950073,-119.0067472,41.54306667,36.93595,2202.584391,3.857563734,17.12341426,19.375,45.75,32.6875,-0.839534253,16.18333359,3.370333242,0.326354175,190.5320892,948.6028442,4,1.1495274383617065
US_0007473,2006,89.99792337,361.635,1006.130054,8.600213833,279.0900116,-119.0067472,41.54306667,36.93595,2202.584391,3.857563734,17.12341426,19.375,45.75,32.6875,-0.839534253,17.78458347,3.386249924,0.333762506,189.9966705,1001.419446,4,1.092171210027495
US_0007473,2007,87.46692542,353.875,1012.990063,8.600213833,271.0750122,-119.0067472,41.54306667,36.93595,2202.584391,3.857563734,17.12341426,19.375,45.75,32.6875,-0.839534253,16.66708355,3.397833252,0.345766669,190.1150024,1080.124023,4,1.0621164183403276
US_0007473,2008,92.49217613,327.93,1011.615076,8.600213833,258.780011,-119.0067472,41.54306667,36.93595,2202.584391,3.857563734,17.12341426,19.375,45.75,32.6875,-0.839534253,14.8958334,3.439166546,0.354774994,191.9766693,1156.571582,4,1.0874812382626506
US_0007777,1993,16.24256831,428.3248387,1342.482153,12.1430915,315.4079346,-118.822594,35.430235,5961.847,2102.703484,5.063624493,21.01933382,18.73812485,50.1327095,29.07395744,1.48428051,36.27798767,4.382294083,0.95817666,217.974942,13265.45742,4,0.9505367886282209
US_0007777,1994,10.83907889,475.134,1334.416357,12.1430915,329.6326477,-118.822594,35.430235,5961.847,2102.703484,5.063624493,21.01933382,18.73812485,50.1327095,29.07395744,1.48428051,35.69621582,4.37201128,0.955661121,216.7479218,13242.76738,4,0.905616355234171
US_0007777,1995,35.54608701,567.0152258,1329.849951,12.1430915,356.6310425,-118.822594,35.430235,5961.847,2102.703484,5.063624493,21.01933382,18.73812485,50.1327095,29.07395744,1.48428051,42.64752197,4.363971043,0.955909326,214.8918945,13292.51504,4,0.8513055079350998
US_0007777,1996,46.19877274,626.829871,1342.690967,12.1430915,377.1014648,-118.822594,35.430235,5961.847,2102.703484,5.063624493,21.01933382,18.73812485,50.1327095,29.07395744,1.48428051,46.62735748,4.374548817,0.960497058,214.3479553,13527.99102,4,0.835702354173757
US_0007777,1997,55.75960742,603.8745484,1340.984009,12.1430915,379.6310791,-118.822594,35.430235,5961.847,2102.703484,5.063624493,21.01933382,18.73812485,50.1327095,29.07395744,1.48428051,48.5100769,4.40665617,0.964798621,215.4386932,13701.17578,4,0.8718218007544998
US_0007777,1998,77.89199478,658.8093548,1311.806006,12.1430915,403.4823059,-118.822594,35.430235,5961.847,2102.703484,5.063624493,21.01933382,18.73812485,50.1327095,29.07395744,1.48428051,50.72138596,4.390163422,0.966287634,213.146814,13961.50488,4,0.8852827663812936
US_0007777,1999,78.8558679,636.9445161,1301.11958,12.1430915,393.8808228,-118.822594,35.430235,5961.847,2102.703484,5.063624493,21.01933382,18.73812485,50.1327095,29.07395744,1.48428051,52.57330322,4.40769701,0.959377319,213.5127899,14127.43613,4,0.8861684961622894
US_0007777,2000,52.6285741,568.9834194,1300.43667,12.1430915,382.085144,-118.822594,35.430235,5961.847,2102.703484,5.063624493,21.01933382,18.73812485,50.1327095,29.07395744,1.48428051,48.30666351,4.414391041,0.956373242,214.3618805,14338.5082,4,0.9460326452673952
US_0007777,2001,40.54578701,548.1238387,1289.986841,12.1430915,375.3369507,-118.822594,35.430235,5961.847,2102.703484,5.063624493,21.01933382,18.73812485,50.1327095,29.07395744,1.48428051,47.1266777,4.380744648,0.951681055,214.4984619,14501.8918,4,0.9614194788842925
US_0007777,2007,31.94208185,528.2184516,1318.149902,12.1430915,364.7025146,-118.822594,35.430235,5961.847,2102.703484,5.063624493,21.01933382,18.73812485,50.1327095,29.07395744,1.48428051,43.64252014,4.399117565,0.976358728,216.2850616,15895.5752,4,0.9474733648495473
US_0007777,2008,32.4838396,507.1072581,1325.872437,12.1430915,345.5966797,-118.822594,35.430235,5961.847,2102.703484,5.063624493,21.01933382,18.73812485,50.1327095,29.07395744,1.48428051,42.51295319,4.426675034,0.969960828,217.8975769,15893.9166,4,0.9094319457033274
US_0007777,2009,31.53384207,464.0849677,1322.382422,12.1430915,328.2384888,-118.822594,35.430235,5961.847,2102.703484,5.063624493,21.01933382,18.73812485,50.1327095,29.07395744,1.48428051,40.55746078,4.438312721,0.979790942,217.0635803,15681.52793,4,0.9272932048807087
US_0007777,2010,37.64653736,457.2795161,1321.915576,12.1430915,319.1606445,-118.822594,35.430235,5961.847,2102.703484,5.063624493,21.01933382,18.73812485,50.1327095,29.07395744,1.48428051,39.01108627,4.45143137,0.970962537,217.5977661,15334.56465,4,0.9027766155063291
US_0007818,1990,127.4385455,496.08,816.2900269,5.393803511,321.4700012,-118.9506724,37.305775,19.37168,3090.746129,5.87542,6.367118226,23.25,26.125,48.875,1.79348,35.02416649,4.715583134,0.489308331,209.348349,6567.191406,4,1.0660904940765195
US_0007818,1991,123.4066944,463.33,810.8300415,5.393803511,324.9699951,-118.9506724,37.305775,19.37168,3090.746129,5.87542,6.367118226,23.25,26.125,48.875,1.79348,32.07416725,4.72974987,0.5149,209.2650177,6668.57832,4,1.1762664826333287
US_0007818,1992,125.6422879,496.77,813.1300293,5.393803511,329.1499939,-118.9506724,37.305775,19.37168,3090.746129,5.87542,6.367118226,23.25,26.125,48.875,1.79348,31.72916718,4.733583164,0.536908331,209.1441803,6708.88125,4,1.109513383069788
US_0007818,1993,182.0097584,533.6,802.8500244,5.393803511,325.4399902,-118.9506724,37.305775,19.37168,3090.746129,5.87542,6.367118226,23.25,26.125,48.875,1.79348,31.93583374,4.761333275,0.547225,208.9816742,6679.115723,4,1.0230336599792513
US_0007818,1994,184.9177571,572.83,793.7000244,5.393803511,310.3499878,-118.9506724,37.305775,19.37168,3090.746129,5.87542,6.367118226,23.25,26.125,48.875,1.79348,31.60166702,4.759666538,0.550125,208.193338,6678.705176,4,0.9073460717048627
US_0007818,1995,308.5076571,673.48,788.1200195,5.393803511,316.4699951,-118.9506724,37.305775,19.37168,3090.746129,5.87542,6.367118226,23.25,26.125,48.875,1.79348,34.09916687,4.773999882,0.525299994,206.6408356,6675.924121,4,0.8338590271138435
US_0007818,1996,319.6102776,775.33,796.9700195,5.393803511,320.6100037,-118.9506724,37.305775,19.37168,3090.746129,5.87542,6.367118226,23.25,26.125,48.875,1.79348,37.99000015,4.788166618,0.507283325,206.2566681,6776.234668,4,0.7729511019443949
US_0007818,1997,410.4804571,766.89,786.5000122,5.393803511,327.0599976,-118.9506724,37.305775,19.37168,3090.746129,5.87542,6.367118226,23.25,26.125,48.875,1.79348,42.78833237,4.815999889,0.489758331,207.0325043,6871.558984,4,0.801548107058418
US_0007818,1998,449.3013332,821.33,762.1799927,5.393803511,343.8600037,-118.9506724,37.305775,19.37168,3090.746129,5.87542,6.367118226,23.25,26.125,48.875,1.79348,45.16833191,4.798333168,0.4765,203.9358368,7116.706738,4,0.8323711644932742
US_0007818,1999,459.0422339,786.54,762.6500122,5.393803511,335.1200134,-118.9506724,37.305775,19.37168,3090.746129,5.87542,6.367118226,23.25,26.125,48.875,1.79348,44.1583313,4.823416424,0.455050006,204.3591675,7285.305664,4,0.8275057464337028
US_0007818,2000,364.2302129,718.38,768.4400146,5.393803511,344.4000122,-118.9506724,37.305775,19.37168,3090.746129,5.87542,6.367118226,23.25,26.125,48.875,1.79348,42.40499802,4.822583103,0.455175006,205.1774963,7599.41709,4,0.9021064742178543
US_0007818,2001,357.1357498,668.68,775.2500122,5.393803511,331.830011,-118.9506724,37.305775,19.37168,3090.746129,5.87542,6.367118226,23.25,26.125,48.875,1.79348,40.3133316,4.800833035,0.454550006,205.6308319,7858.923438,4,0.8976604816347569
US_0007818,2002,261.671362,639.87,777.9300293,5.393803511,313.7900146,-118.9506724,37.305775,19.37168,3090.746129,5.87542,6.367118226,23.25,26.125,48.875,1.79348,40.07333298,4.778749752,0.457941669,206.9049957,8130.890039,4,0.8598464168757239
US_0007818,2003,168.2229461,575.08,800.8500488,5.393803511,307.1700195,-118.9506724,37.305775,19.37168,3090.746129,5.87542,6.367118226,23.25,26.125,48.875,1.79348,40.01166611,4.774916458,0.455516669,209.4416687,8112.816992,4,0.8880125520557771
US_0007818,2004,159.8084379,635.47,798.1000244,5.393803511,320.7600159,-118.9506724,37.305775,19.37168,3090.746129,5.87542,6.367118226,23.25,26.125,48.875,1.79348,43.50916595,4.768499947,0.428666669,209.543338,8168.776758,4,0.8752580276822981
US_0007818,2005,151.9539905,680.51,794.1400269,5.393803511,313.5400146,-118.9506724,37.305775,19.37168,3090.746129,5.87542,6.367118226,23.25,26.125,48.875,1.79348,45.88833237,4.773833275,0.401108337,208.5691803,8051.506055,4,0.8157606288663326
US_0007818,2006,332.4193303,657.75,778.2800293,5.393803511,306.3900085,-118.9506724,37.305775,19.37168,3090.746129,5.87542,6.367118226,23.25,26.125,48.875,1.79348,45.7758316,4.78599987,0.371933337,207.7391815,8087.350195,4,0.8201015227268188
US_0007818,2007,341.7766599,648.18,781.0900391,5.393803511,318.2500122,-118.9506724,37.305775,19.37168,3090.746129,5.87542,6.367118226,23.25,26.125,48.875,1.79348,41.07999802,4.802583218,0.357075006,207.7050171,8102.774023,4,0.865533605262018
US_0007818,2008,342.3189557,629.91,788.5900391,5.393803511,308.6300049,-118.9506724,37.305775,19.37168,3090.746129,5.87542,6.367118226,23.25,26.125,48.875,1.79348,38.41249847,4.830416584,0.340458337,209.6500153,8029.339648,4,0.8448419151995641
US_0007818,2009,344.9272596,585.57,785.4300293,5.393803511,302.0500061,-118.9506724,37.305775,19.37168,3090.746129,5.87542,6.367118226,23.25,26.125,48.875,1.79348,37.61499863,4.84416647,0.345241669,208.7025146,7855.478809,4,0.8669797625690938
US_0007818,2010,342.32255,575.19,786.5600342,5.393803511,306.9800049,-118.9506724,37.305775,19.37168,3090.746129,5.87542,6.367118226,23.25,26.125,48.875,1.79348,35.15416565,4.861583233,0.343225,209.1333435,7718.793262,4,0.8961576926701005
US_0007818,2011,315.4547919,537.64,784.9700195,5.393803511,321.8000061,-118.9506724,37.305775,19.37168,3090.746129,5.87542,6.367118226,23.25,26.125,48.875,1.79348,36.17583237,4.865999889,0.341666663,210.086676,7448.328223,4,1.0126827333086308
US_0007818,2012,319.9710453,575.92,790.4700073,5.393803511,323.2799988,-118.9506724,37.305775,19.37168,3090.746129,5.87542,6.367118226,23.25,26.125,48.875,1.79348,37.26999893,4.872833252,0.339349994,209.1233429,7225.730957,4,0.9576207759309772
US_0007818,2013,315.4043419,509.37,803.6800171,5.393803511,329.3599976,-118.9506724,37.305775,19.37168,3090.746129,5.87542,6.367118226,23.25,26.125,48.875,1.79348,37.83083191,4.865416527,0.346624994,209.0000092,7260.000684,4,1.0898672176524882
US_0007818,2014,316.9386217,507.72,820.6000366,5.393803511,329.5099976,-118.9506724,37.305775,19.37168,3090.746129,5.87542,6.367118226,23.25,26.125,48.875,1.79348,35.7141655,4.854666615,0.353174994,209.8791779,7423.904004,4,1.0803565977583562
US_0007818,2015,309.4162481,463.66,827.4200317,5.393803511,327.0700012,-118.9506724,37.305775,19.37168,3090.746129,5.87542,6.367118226,23.25,26.125,48.875,1.79348,37.14333191,4.813583279,0.373174994,210.1850098,7665.520605,4,1.1743480719456127
US_0007821,1990,14.64645208,513.0633333,785.335022,5.393803596,324.9533325,-118.9756734,37.33549758,137.4166,3238.284102,4.40168534,24.17803054,23.29999924,27.43333244,47.79999924,0.594246979,30.69750099,4.813652897,0.573608325,208.5637451,2588.317627,4,1.0738899202025292
US_0007821,1991,17.4837732,478.5283333,778.9516846,5.393803596,329.018335,-118.9756734,37.33549758,137.4166,3238.284102,4.40168534,24.17803054,23.29999924,27.43333244,47.79999924,0.594246979,29.23361015,4.827138901,0.594899072,208.4624969,2628.925488,4,1.1880225730478244
US_0007821,1992,16.96239292,512.345,779.7483398,5.393803596,336.3049988,-118.9756734,37.33549758,137.4166,3238.284102,4.40168534,24.17803054,23.29999924,27.43333244,47.79999924,0.594246979,29.99263725,4.830847263,0.612187024,208.3662537,2641.459863,4,1.1438321466365609
US_0007821,1993,17.56198473,548.61,768.9100098,5.393803596,331.1183289,-118.9756734,37.33549758,137.4166,3238.284102,4.40168534,24.17803054,23.29999924,27.43333244,47.79999924,0.594246979,30.28013763,4.858652687,0.622741663,208.2334747,2634.824902,4,1.0521442288999148
US_0007821,1994,17.3482114,589.245,765.5266724,5.393803596,316.0283325,-118.9756734,37.33549758,137.4166,3238.284102,4.40168534,24.17803054,23.29999924,27.43333244,47.79999924,0.594246979,30.33708191,4.857333279,0.621610181,207.4409729,2639.194678,4,0.9292335015630786
US_0007821,1995,187.116906,691.15,759.8066772,5.393803596,315.4149963,-118.9756734,37.33549758,137.4166,3238.284102,4.40168534,24.17803054,23.29999924,27.43333244,47.79999924,0.594246979,32.24333229,4.871513748,0.601809253,205.9215271,2624.676221,4,0.8342264153890178
US_0007821,1996,236.5463845,793.9816667,768.9900146,5.393803596,318.1483276,-118.9756734,37.33549758,137.4166,3238.284102,4.40168534,24.17803054,23.29999924,27.43333244,47.79999924,0.594246979,35.10236092,4.886485958,0.586741663,205.5663879,2654.419824,4,0.7714897889310142
US_0007821,1997,281.1828956,784.0716667,756.9316895,5.393803596,319.6400024,-118.9756734,37.33549758,137.4166,3238.284102,4.40168534,24.17803054,23.29999924,27.43333244,47.79999924,0.594246979,38.1919445,4.914805317,0.573790759,206.3197174,2740.650342,4,0.7880531196022696
US_0007821,1998,400.5307941,842.4333333,731.8716675,5.393803596,330.1316772,-118.9756734,37.33549758,137.4166,3238.284102,4.40168534,24.17803054,23.29999924,27.43333244,47.79999924,0.594246979,39.69652672,4.897471905,0.562401868,203.2251312,2860.353906,4,0.8018124282815512
US_0007821,1999,405.4262027,806.3583333,728.8566772,5.393803596,325.1533508,-118.9756734,37.33549758,137.4166,3238.284102,4.40168534,24.17803054,23.29999924,27.43333244,47.79999924,0.594246979,39.86124954,4.922583008,0.545523181,203.6491577,2923.350781,4,0.8091149866458074
US_0007821,2000,260.856271,737.1283333,735.4216675,5.393803596,332.8900146,-118.9756734,37.33549758,137.4166,3238.284102,4.40168534,24.17803054,23.29999924,27.43333244,47.79999924,0.594246979,38.73958206,4.922235775,0.544610205,204.4658264,3051.365137,4,0.8732119739239774
US_0007821,2001,209.7218626,687.0233333,742.9216675,5.393803596,324.1000183,-118.9756734,37.33549758,137.4166,3238.284102,4.40168534,24.17803054,23.29999924,27.43333244,47.79999924,0.594246979,37.5879158,4.900096893,0.544700928,204.8983307,3156.300732,4,0.8776724417630866
US_0007821,2002,165.7310901,657.2466667,748.1,5.393803596,307.4800171,-118.9756734,37.33549758,137.4166,3238.284102,4.40168534,24.17803054,23.29999924,27.43333244,47.79999924,0.594246979,36.38597183,4.877610779,0.546647217,206.1986115,3186.626758,4,0.8426060445179071
US_0007821,2003,69.69532145,590.9983333,776.2050049,5.393803596,309.8750122,-118.9756734,37.33549758,137.4166,3238.284102,4.40168534,24.17803054,23.29999924,27.43333244,47.79999924,0.594246979,36.15027847,4.873416519,0.546160181,208.7191681,3124.214404,4,0.8959511498652171
US_0007821,2004,66.36383139,653.635,774.8900024,5.393803596,314.8883423,-118.9756734,37.33549758,137.4166,3238.284102,4.40168534,24.17803054,23.29999924,27.43333244,47.79999924,0.594246979,38.51430664,4.866499805,0.529452765,208.8070923,3148.9854,4,0.8532817351425399
US_0007821,2005,173.9429188,699.8266667,769.5250122,5.393803596,319.1366821,-118.9756734,37.33549758,137.4166,3238.284102,4.40168534,24.17803054,23.29999924,27.43333244,47.79999924,0.594246979,41.46736298,4.871597099,0.509131482,207.8219574,3077.793359,4,0.8333651442221615
US_0007821,2006,357.2547808,676.165,751.1433594,5.393803596,307.2883453,-118.9756734,37.33549758,137.4166,3238.284102,4.40168534,24.17803054,23.29999924,27.43333244,47.79999924,0.594246979,40.83402939,4.884360981,0.490625006,207.0250122,3043.452686,4,0.8250867000622208
US_0007821,2007,359.1611356,668.0066667,753.8950195,5.393803596,317.7133453,-118.9756734,37.33549758,137.4166,3238.284102,4.40168534,24.17803054,23.29999924,27.43333244,47.79999924,0.594246979,37.89569664,4.901513863,0.484872211,206.9840393,3022.755225,4,0.8642233431001903
US_0007821,2008,339.5254587,646.59,756.8200195,5.393803596,301.1783478,-118.9756734,37.33549758,137.4166,3238.284102,4.40168534,24.17803054,23.29999924,27.43333244,47.79999924,0.594246979,36.32152939,4.929041672,0.473989801,208.9200104,2960.77959,4,0.8250153655360489
US_0007821,2009,356.2120982,600.2316667,751.4500122,5.393803596,299.6066803,-118.9756734,37.33549758,137.4166,3238.284102,4.40168534,24.17803054,23.29999924,27.43333244,47.79999924,0.594246979,35.71430664,4.942708397,0.477312946,207.9750031,2794.229248,4,0.8645510641470986
US_0007821,2010,317.2525433,588.3533333,758.4483398,5.393803596,298.4816803,-118.9756734,37.33549758,137.4166,3238.284102,4.40168534,24.17803054,23.29999924,27.43333244,47.79999924,0.594246979,33.09166718,4.959861088,0.475390717,208.4348633,2690.05625,4,0.8679418700755002
US_0007821,2011,289.287223,551.4383333,760.8799927,5.393803596,313.9766846,-118.9756734,37.33549758,137.4166,3238.284102,4.40168534,24.17803054,23.29999924,27.43333244,47.79999924,0.594246979,33.54250031,4.96390276,0.476000903,209.3883392,2567.566797,4,0.9740471986552468
US_0007821,2012,289.6039014,590.475,767.8500122,5.393803596,317.2633484,-118.9756734,37.33549758,137.4166,3238.284102,4.40168534,24.17803054,23.29999924,27.43333244,47.79999924,0.594246979,34.50583267,4.970319271,0.475508325,208.4533386,2489.707813,4,0.9309994512814882
US_0007821,2013,286.3815142,523.865,775.6250244,5.393803596,318.7850098,-118.9756734,37.33549758,137.4166,3238.284102,4.40168534,24.17803054,23.29999924,27.43333244,47.79999924,0.594246979,34.62041588,4.96379137,0.484566663,208.3088959,2502.103369,4,1.0295563922869062
US_0007821,2014,285.3906122,521.9416667,795.8400391,5.393803596,317.7983398,-118.9756734,37.33549758,137.4166,3238.284102,4.40168534,24.17803054,23.29999924,27.43333244,47.79999924,0.594246979,32.20985985,4.952610779,0.491246283,209.1945923,2594.525781,4,1.0123206304330863
US_0007821,2015,194.0314855,478.7916667,802.1350464,5.393803596,315.8966736,-118.9756734,37.33549758,137.4166,3238.284102,4.40168534,24.17803054,23.29999924,27.43333244,47.79999924,0.594246979,31.91527672,4.91141634,0.513648132,209.4311188,2718.316406,4,1.0861503506287737
US_0007830,1993,519.9049112,787.28,1229.519971,10.18888926,567.5200439,-119.2545673,37.13689087,16.51987,2146.963989,3.08123,5.68440402,24.4375,26.5625,47.375,2.34931,114.643335,3.828333235,1.120616675,211.1900116,31920.79688,4,1.3396492319448248
US_0007830,1994,518.2249703,850.88,1230.659985,10.18888926,584.7200317,-119.2545673,37.13689087,16.51987,2146.963989,3.08123,5.68440402,24.4375,26.5625,47.375,2.34931,117.2583374,3.825833178,1.1363,210.4216736,31873.65938,4,1.288561264474857
US_0007830,1995,831.3071445,1012.92,1238.899976,10.18888926,602.2000244,-119.2545673,37.13689087,16.51987,2146.963989,3.08123,5.68440402,24.4375,26.5625,47.375,2.34931,128.5450043,3.837999868,1.115691675,208.5966644,31985.38516,4,1.1270784818968478
US_0007830,1996,985.9716379,1162.04,1259.859985,10.18888926,630.4200073,-119.2545673,37.13689087,16.51987,2146.963989,3.08123,5.68440402,24.4375,26.5625,47.375,2.34931,143.0450027,3.847333241,1.09940835,208.0133301,32557.16875,4,1.0645969860400326
US_0007830,1997,1079.344852,1142.74,1260.2,10.18888926,621.1599976,-119.2545673,37.13689087,16.51987,2146.963989,3.08123,5.68440402,24.4375,26.5625,47.375,2.34931,144.6300003,3.873666573,1.10120835,208.9383301,33134.4582,4,1.0546094739094727
US_0007830,1998,1069.920275,1224.58,1235.880029,10.18888926,646.1999878,-119.2545673,37.13689087,16.51987,2146.963989,3.08123,5.68440402,24.4375,26.5625,47.375,2.34931,149.6049973,3.854666662,1.1047,205.8333282,33982.32969,4,1.0766072190895142
US_0007830,1999,1086.740164,1177.82,1219.959985,10.18888926,604.5399902,-119.2545673,37.13689087,16.51987,2146.963989,3.08123,5.68440402,24.4375,26.5625,47.375,2.34931,150.8049957,3.878833294,1.09350835,206.2599945,34711.89688,4,1.0128212232358764
US_0007830,2000,867.4060841,1080.34,1223.53999,10.18888926,612.9599976,-119.2545673,37.13689087,16.51987,2146.963989,3.08123,5.68440402,24.4375,26.5625,47.375,2.34931,144.1733246,3.878833294,1.104116675,207.0866638,35583.56328,4,1.105801665826658
US_0007830,2001,718.0968643,993.6,1209.640015,10.18888926,576.0200073,-119.2545673,37.13689087,16.51987,2146.963989,3.08123,5.68440402,24.4375,26.5625,47.375,2.34931,139.6733246,3.857166672,1.114591675,207.6633301,36340.64531,4,1.0858931468817918
US_0007830,2002,588.1192783,972.0,1208.619995,10.18888926,591.3800171,-119.2545673,37.13689087,16.51987,2146.963989,3.08123,5.68440402,24.4375,26.5625,47.375,2.34931,144.3833252,3.83499999,1.127925,208.7283264,37523.92969,4,1.1571975776012693
US_0007830,2003,570.9646645,849.16,1237.780005,10.18888926,583.2800415,-119.2545673,37.13689087,16.51987,2146.963989,3.08123,5.68440402,24.4375,26.5625,47.375,2.34931,143.6316589,3.83283329,1.1429,211.3966614,38305.21953,4,1.280074852276624
US_0007830,2004,684.3992763,916.7,1255.760034,10.18888926,610.3800537,-119.2545673,37.13689087,16.51987,2146.963989,3.08123,5.68440402,24.4375,26.5625,47.375,2.34931,147.3533264,3.828833342,1.210125,211.5866638,39072.63281,4,1.2636838675330608
US_0007830,2005,736.3378177,963.78,1249.840039,10.18888926,605.4200439,-119.2545673,37.13689087,16.51987,2146.963989,3.08123,5.68440402,24.4375,26.5625,47.375,2.34931,152.5033325,3.834333229,1.25855,210.7233307,39537.60469,4,1.1850138695572554
US_0007830,2006,821.8703059,960.16,1240.480005,10.18888926,596.0200317,-119.2545673,37.13689087,16.51987,2146.963989,3.08123,5.68440402,24.4375,26.5625,47.375,2.34931,150.6866638,3.842999792,1.326766675,209.6983307,39953.13281,4,1.1641917467844265
US_0007830,2007,812.0064032,928.98,1245.540039,10.18888926,577.0600342,-119.2545673,37.13689087,16.51987,2146.963989,3.08123,5.68440402,24.4375,26.5625,47.375,2.34931,136.9116653,3.856833076,1.415341675,209.7216644,39874.30938,4,1.1351639964506737
US_0007830,2008,770.0252759,912.2,1246.820044,10.18888926,545.5200134,-119.2545673,37.13689087,16.51987,2146.963989,3.08123,5.68440402,24.4375,26.5625,47.375,2.34931,133.1133347,3.88833313,1.459741675,211.7166656,39453.72031,4,1.0541255096086057
US_0007830,2009,677.0782333,858.48,1241.660034,10.18888926,540.2400085,-119.2545673,37.13689087,16.51987,2146.963989,3.08123,5.68440402,24.4375,26.5625,47.375,2.34931,130.1133347,3.90199976,1.45915,210.7733368,38462.28438,4,1.101913782051678
US_0007830,2010,610.3007585,857.52,1243.160059,10.18888926,538.1200134,-119.2545673,37.13689087,16.51987,2146.963989,3.08123,5.68440402,24.4375,26.5625,47.375,2.34931,130.2266647,3.920166492,1.43935,210.9900116,37284.79063,4,1.0952011177619743
US_0007830,2011,623.9093883,780.56,1239.580078,10.18888926,548.1400208,-119.2545673,37.13689087,16.51987,2146.963989,3.08123,5.68440402,24.4375,26.5625,47.375,2.34931,129.5583359,3.92699976,1.454883325,211.9266815,35743.97266,4,1.2566130760577545
US_0007830,2012,840.5152363,853.12,1243.360059,10.18888926,580.5600037,-119.2545673,37.13689087,16.51987,2146.963989,3.08123,5.68440402,24.4375,26.5625,47.375,2.34931,135.5700027,3.935999775,1.481533325,210.7750214,34088.42383,4,1.2576516696081625
US_0007830,2013,776.4786262,755.46,1248.680054,10.18888926,580.2800049,-119.2545673,37.13689087,16.51987,2146.963989,3.08123,5.68440402,24.4375,26.5625,47.375,2.34931,132.4333344,3.921999788,1.532383325,210.810022,33148.23945,4,1.4763396178838508
US_0007830,2014,729.0419335,759.16,1274.300073,10.18888926,561.6,-119.2545673,37.13689087,16.51987,2146.963989,3.08123,5.68440402,24.4375,26.5625,47.375,2.34931,119.596666,3.913833094,1.57119165,211.6300171,32392.62109,4,1.3426617991333667
US_0007830,2015,660.4491467,673.54,1290.920068,10.18888926,567.1800049,-119.2545673,37.13689087,16.51987,2146.963989,3.08123,5.68440402,24.4375,26.5625,47.375,2.34931,117.0350021,3.870833063,1.63646665,212.4466736,32079.00586,4,1.681070966873916
US_0007886,1991,235.7478494,651.2422222,931.1733521,7.614530111,420.7955505,-120.0187968,38.4343564,73.966,2305.947318,3.058995739,20.22112573,22.5,36.58333206,38.54166794,0.605980462,66.20314789,3.298314667,0.719150012,203.2387115,6825.222949,4,1.1608642540944047
US_0007886,1992,233.4929244,686.4977778,937.3066895,7.614530111,434.313324,-120.0187968,38.4343564,73.966,2305.947318,3.058995739,20.22112573,22.5,36.58333206,38.54166794,0.605980462,67.1592598,3.303796148,0.72130835,202.6785217,6868.929688,4,1.1560109809345518
US_0007886,1993,204.8089293,758.7822222,927.0000366,7.614530111,451.806665,-120.0187968,38.4343564,73.966,2305.947318,3.058995739,20.22112573,22.5,36.58333206,38.54166794,0.605980462,64.8420372,3.331536913,0.716577783,201.9724091,6835.495508,4,1.1308860549797919
US_0007886,1994,189.7170223,767.48,929.5378174,7.614530111,422.6088867,-120.0187968,38.4343564,73.966,2305.947318,3.058995739,20.22112573,22.5,36.58333206,38.54166794,0.605980462,61.58629684,3.338629484,0.712652771,201.6961121,6832.583984,4,1.007720201649493
US_0007886,1995,233.0466818,910.1377778,918.7533691,7.614530111,416.0244385,-120.0187968,38.4343564,73.966,2305.947318,3.058995739,20.22112573,22.5,36.58333206,38.54166794,0.605980462,67.63129807,3.380685091,0.703586096,199.6744446,6838.872656,4,0.8801275680869008
US_0007886,1996,261.2573677,1034.684444,929.7911499,7.614530111,411.4622253,-120.0187968,38.4343564,73.966,2305.947318,3.058995739,20.22112573,22.5,36.58333206,38.54166794,0.605980462,75.19314957,3.427907372,0.707805542,198.6440735,6948.76377,4,0.7989728134782113
US_0007886,1997,272.8197894,1037.904444,923.5689331,7.614530111,418.9711182,-120.0187968,38.4343564,73.966,2305.947318,3.058995739,20.22112573,22.5,36.58333206,38.54166794,0.605980462,83.63037109,3.462796211,0.707361084,199.5535217,6986.041211,4,0.817961599436933
US_0007886,1998,279.671889,1102.775556,896.3311401,7.614530111,415.7955627,-120.0187968,38.4343564,73.966,2305.947318,3.058995739,20.22112573,22.5,36.58333206,38.54166794,0.605980462,90.78870544,3.452073956,0.700941638,196.061853,6993.56875,4,0.7990466632032847
US_0007886,1999,293.6494244,1105.922222,886.1955688,7.614530111,418.2666687,-120.0187968,38.4343564,73.966,2305.947318,3.058995739,20.22112573,22.5,36.58333206,38.54166794,0.605980462,93.33907623,3.478333282,0.695388867,196.5125946,7110.804883,4,0.8091734874213412
US_0007886,2000,262.4708455,1029.037778,898.0777832,7.614530111,435.051123,-120.0187968,38.4343564,73.966,2305.947318,3.058995739,20.22112573,22.5,36.58333206,38.54166794,0.605980462,90.18611298,3.461203623,0.697127759,197.4535187,7376.113379,4,0.8764854830667764
US_0007886,2001,233.1751797,933.3444444,901.7466553,7.614530111,419.4888977,-120.0187968,38.4343564,73.966,2305.947318,3.058995739,20.22112573,22.5,36.58333206,38.54166794,0.605980462,85.89111176,3.425759172,0.699177759,198.8857391,7589.555176,4,0.8859406752359347
US_0007886,2002,228.0308483,927.9444444,904.5488892,7.614530111,397.8111206,-120.0187968,38.4343564,73.966,2305.947318,3.058995739,20.22112573,22.5,36.58333206,38.54166794,0.605980462,85.87870483,3.406981421,0.697605542,199.8361084,7824.446973,4,0.8309532477911432
US_0007886,2003,224.4307512,835.6488889,930.2977905,7.614530111,392.4666687,-120.0187968,38.4343564,73.966,2305.947318,3.058995739,20.22112573,22.5,36.58333206,38.54166794,0.605980462,83.16555634,3.400296259,0.701947205,203.075,7981.333691,4,0.8576736791728687
US_0007886,2004,220.934626,853.9155556,944.2844604,7.614530111,391.0466736,-120.0187968,38.4343564,73.966,2305.947318,3.058995739,20.22112573,22.5,36.58333206,38.54166794,0.605980462,84.82648163,3.392388821,0.691461096,203.0318512,7951.362305,4,0.8348684097088055
US_0007886,2005,246.4819553,891.4622222,939.2911255,7.614530111,387.635553,-120.0187968,38.4343564,73.966,2305.947318,3.058995739,20.22112573,22.5,36.58333206,38.54166794,0.605980462,88.29907379,3.398999929,0.668122205,202.1674072,7755.216504,4,0.8072494034556678
US_0007886,2006,277.5511926,890.8533333,925.1178101,7.614530111,378.5177795,-120.0187968,38.4343564,73.966,2305.947318,3.058995739,20.22112573,22.5,36.58333206,38.54166794,0.605980462,88.00055542,3.402351761,0.641413867,200.2377808,7585.791602,4,0.7924885482473057
US_0007886,2007,277.5465201,828.6488889,932.9466919,7.614530111,382.6133301,-120.0187968,38.4343564,73.966,2305.947318,3.058995739,20.22112573,22.5,36.58333206,38.54166794,0.605980462,80.04407349,3.409481382,0.635544434,200.5662994,7470.592383,4,0.8345320238437237
US_0007886,2008,271.5342851,778.2177778,941.2533569,7.614530111,375.9577759,-120.0187968,38.4343564,73.966,2305.947318,3.058995739,20.22112573,22.5,36.58333206,38.54166794,0.605980462,73.58592453,3.442166567,0.628438892,202.9675934,7383.747363,4,0.8465315889742828
US_0007886,2009,276.0322293,746.1933333,927.9933594,7.614530111,381.6177734,-120.0187968,38.4343564,73.966,2305.947318,3.058995739,20.22112573,22.5,36.58333206,38.54166794,0.605980462,70.49666367,3.45179615,0.627302771,201.9851898,7270.345117,4,0.8952226032312566
US_0007886,2010,250.588582,752.0955556,922.2089111,7.614530111,381.4911072,-120.0187968,38.4343564,73.966,2305.947318,3.058995739,20.22112573,22.5,36.58333206,38.54166794,0.605980462,70.08907242,3.482962847,0.626755554,201.7046387,7018.533594,4,0.8931220313008267
US_0007886,2011,243.8789912,715.8133333,913.2489136,7.614530111,396.4399963,-120.0187968,38.4343564,73.966,2305.947318,3.058995739,20.22112573,22.5,36.58333206,38.54166794,0.605980462,72.95222244,3.49592576,0.629413904,202.3081604,6672.575,4,0.98260398058483
US_0007886,2012,244.0398948,797.1733333,912.8711304,7.614530111,392.1555542,-120.0187968,38.4343564,73.966,2305.947318,3.058995739,20.22112573,22.5,36.58333206,38.54166794,0.605980462,75.25203781,3.518277645,0.62971947,200.822229,6301.356445,4,0.8942414127326548
US_0007886,2013,245.7281705,746.6822222,929.1177856,7.614530111,400.6066711,-120.0187968,38.4343564,73.966,2305.947318,3.058995739,20.22112573,22.5,36.58333206,38.54166794,0.605980462,78.58722229,3.494796181,0.641541699,200.7033386,6051.666211,4,0.9543969127636441
US_0007886,2014,234.3882144,766.4066667,959.9088745,7.614530111,406.4955627,-120.0187968,38.4343564,73.966,2305.947318,3.058995739,20.22112573,22.5,36.58333206,38.54166794,0.605980462,79.19259338,3.477296209,0.657044482,201.1935242,5813.107129,4,0.9356918042644328
US_0007886,2015,232.1110185,680.4377778,986.5199951,7.614530111,412.7422363,-120.0187968,38.4343564,73.966,2305.947318,3.058995739,20.22112573,22.5,36.58333206,38.54166794,0.605980462,78.98074188,3.413351774,0.698700024,202.6490723,6632.45332,4,1.0378840098338549
US_0007890,1993,40.54719699,829.5414583,1035.27561,9.308761108,522.0397705,-120.293528,38.2326959,430.9367,2092.12413,3.174757236,24.30594345,24.43898773,33.45833206,39.6875,1.349938849,91.78538361,3.188399315,1.480877271,203.1182831,8891.709766,4,1.223736078430409
US_0007890,1994,44.22851949,842.8816667,1039.761255,9.308761108,499.8491516,-120.293528,38.2326959,430.9367,2092.12413,3.174757236,24.30594345,24.43898773,33.45833206,39.6875,1.349938849,91.84453278,3.194466972,1.475410229,202.8246063,8888.09668,4,1.115551487381105
US_0007890,1995,72.76435595,1005.122917,1036.45083,9.308761108,501.7576843,-120.293528,38.2326959,430.9367,2092.12413,3.174757236,24.30594345,24.43898773,33.45833206,39.6875,1.349938849,98.66448212,3.233083296,1.457465698,200.7547455,8893.383984,4,0.9762924475689966
US_0007890,1996,91.58731047,1143.952083,1050.719189,9.308761108,504.7193665,-120.293528,38.2326959,430.9367,2092.12413,3.174757236,24.30594345,24.43898773,33.45833206,39.6875,1.349938849,107.4937866,3.274768972,1.462241333,199.7070892,9033.672656,4,0.894467985779868
US_0007890,1997,147.8068054,1145.097292,1047.21626,9.308761108,504.4735352,-120.293528,38.2326959,430.9367,2092.12413,3.174757236,24.30594345,24.43898773,33.45833206,39.6875,1.349938849,113.2239594,3.307817602,1.475039453,200.6371124,9112.683008,4,0.8953549623719057
US_0007890,1998,150.4457006,1216.374167,1025.900208,9.308761108,506.3543762,-120.293528,38.2326959,430.9367,2092.12413,3.174757236,24.30594345,24.43898773,33.45833206,39.6875,1.349938849,120.0588211,3.296626616,1.464112427,197.1887054,9222.63125,4,0.8795668604275253
US_0007890,1999,150.8743556,1219.23125,1020.257898,9.308761108,506.3347961,-120.293528,38.2326959,430.9367,2092.12413,3.174757236,24.30594345,24.43898773,33.45833206,39.6875,1.349938849,120.4937515,3.32350688,1.454667163,197.6339294,9372.819141,4,0.881641709959136
US_0007890,2000,124.8927463,1136.666667,1030.293103,9.308761108,520.3800171,-120.293528,38.2326959,430.9367,2092.12413,3.174757236,24.30594345,24.43898773,33.45833206,39.6875,1.349938849,116.9990646,3.307654524,1.461490503,198.5633545,9629.289453,4,0.9481869610636339
US_0007890,2001,104.6298732,1033.978125,1031.472473,9.308761108,492.7433472,-120.293528,38.2326959,430.9367,2092.12413,3.174757236,24.30594345,24.43898773,33.45833206,39.6875,1.349938849,112.3208557,3.274724007,1.458755176,199.9532104,9810.884961,4,0.9367276095932636
US_0007890,2002,47.73663941,1034.852708,1035.007068,9.308761108,483.4348022,-120.293528,38.2326959,430.9367,2092.12413,3.174757236,24.30594345,24.43898773,33.45833206,39.6875,1.349938849,114.2478363,3.255123329,1.455981665,200.8570953,10041.67813,4,0.9106308800407533
US_0007890,2003,44.27131003,932.7247917,1063.505835,9.308761108,479.2620911,-120.293528,38.2326959,430.9367,2092.12413,3.174757236,24.30594345,24.43898773,33.45833206,39.6875,1.349938849,111.3916718,3.247324705,1.466175732,204.0825531,10157.58672,4,0.9502629574427973
US_0007890,2004,43.50047228,949.68375,1073.503345,9.308761108,475.2796021,-120.293528,38.2326959,430.9367,2092.12413,3.174757236,24.30594345,24.43898773,33.45833206,39.6875,1.349938849,113.9869141,3.240782976,1.476869824,204.0785767,10236.52578,4,0.9220171846957961
US_0007890,2005,71.30720984,986.9960417,1067.499609,9.308761108,470.2491821,-120.293528,38.2326959,430.9367,2092.12413,3.174757236,24.30594345,24.43898773,33.45833206,39.6875,1.349938849,116.9896225,3.248387051,1.469474341,203.2388916,10213.13926,4,0.8887361039276349
US_0007890,2006,99.32978297,985.1464583,1050.994397,9.308761108,461.6341858,-120.293528,38.2326959,430.9367,2092.12413,3.174757236,24.30594345,24.43898773,33.45833206,39.6875,1.349938849,116.9044296,3.250119686,1.462485132,201.3676117,10187.92051,4,0.8775022608049244
US_0007890,2007,99.81257133,911.9339583,1054.136047,9.308761108,465.5121033,-120.293528,38.2326959,430.9367,2092.12413,3.174757236,24.30594345,24.43898773,33.45833206,39.6875,1.349938849,109.7788574,3.256638765,1.484238696,201.6762573,10217.01484,4,0.933612815109452
US_0007890,2008,100.5446935,854.715,1056.564392,9.308761108,443.6483521,-120.293528,38.2326959,430.9367,2092.12413,3.174757236,24.30594345,24.43898773,33.45833206,39.6875,1.349938849,103.8083878,3.290147495,1.490715942,204.0618286,10211.91543,4,0.9161325035300606
US_0007890,2009,105.7906712,821.6052083,1047.900867,9.308761108,452.467926,-120.293528,38.2326959,430.9367,2092.12413,3.174757236,24.30594345,24.43898773,33.45833206,39.6875,1.349938849,100.1455063,3.299841928,1.495193701,203.0937012,10041.40098,4,0.9749051464898069
US_0007890,2010,77.57001051,830.5245833,1049.555212,9.308761108,454.3200012,-120.293528,38.2326959,430.9367,2092.12413,3.174757236,24.30594345,24.43898773,33.45833206,39.6875,1.349938849,100.9058014,3.329142332,1.490801733,202.794812,9791.814648,4,0.9712696539273573
US_0007890,2011,87.58506102,786.6697917,1044.762915,9.308761108,471.5031189,-120.293528,38.2326959,430.9367,2092.12413,3.174757236,24.30594345,24.43898773,33.45833206,39.6875,1.349938849,101.4988556,3.342131948,1.514831323,203.3767914,9478.829297,4,1.078083027720954
US_0007890,2012,90.52516196,882.7154167,1050.16792,9.308761108,472.5081238,-120.293528,38.2326959,430.9367,2092.12413,3.174757236,24.30594345,24.43898773,33.45833206,39.6875,1.349938849,104.8606247,3.36381073,1.529839404,201.8954193,9079.262695,4,0.9788669526078996
US_0007890,2013,90.38660902,824.7820833,1060.854785,9.308761108,483.125415,-120.293528,38.2326959,430.9367,2092.12413,3.174757236,24.30594345,24.43898773,33.45833206,39.6875,1.349938849,105.9409393,3.339255142,1.573356836,201.8247406,8809.190039,4,1.06260756592709
US_0007890,2014,85.77084802,850.5529167,1090.06311,9.308761108,490.2629211,-120.293528,38.2326959,430.9367,2092.12413,3.174757236,24.30594345,24.43898773,33.45833206,39.6875,1.349938849,103.9193954,3.322947931,1.609392993,202.3014465,8734.348828,4,1.0391650897223268
US_0007890,2015,90.85785534,752.0616667,1107.89939,9.308761108,487.9221008,-120.293528,38.2326959,430.9367,2092.12413,3.174757236,24.30594345,24.43898773,33.45833206,39.6875,1.349938849,101.8867386,3.260663128,1.68435083,203.8714233,9468.912891,4,1.1456102283743599
US_0007909,1991,954.6857504,633.92,843.2000366,7.554914646,388.2800232,-119.9371264,38.626297,7.510414,2570.046936,2.81313,0.0,21.25,46.5,29.625,2.55239,51.76666489,3.453166437,0.680458325,202.3116608,23224.1668,4,1.1152111209932547
US_0007909,1992,942.8154459,668.74,846.7200562,7.554914646,403.3000305,-119.9371264,38.626297,7.510414,2570.046936,2.81313,0.0,21.25,46.5,29.625,2.55239,52.13499908,3.458333111,0.679799988,201.7866638,23386.29922,4,1.125437616933218
US_0007909,1993,1191.459414,736.1,835.6400391,7.554914646,412.4200317,-119.9371264,38.626297,7.510414,2570.046936,2.81313,0.0,21.25,46.5,29.625,2.55239,51.87166595,3.486166525,0.669816663,201.1,23248.17266,4,1.0820863600946276
US_0007909,1994,1068.522789,742.32,835.4000244,7.554914646,373.660022,-119.9371264,38.626297,7.510414,2570.046936,2.81313,0.0,21.25,46.5,29.625,2.55239,48.5083313,3.494499874,0.676958337,200.8550018,23216.03477,4,0.9318064590170619
US_0007909,1995,1572.728939,872.72,823.1400146,7.554914646,369.860022,-119.9371264,38.626297,7.510414,2570.046936,2.81313,0.0,21.25,46.5,29.625,2.55239,50.37499924,3.538833237,0.665775,198.8983429,23301.14727,4,0.8362370609310357
US_0007909,1996,1782.434651,992.16,835.5199951,7.554914646,355.7600159,-119.9371264,38.626297,7.510414,2570.046936,2.81313,0.0,21.25,46.5,29.625,2.55239,53.44166641,3.59333334,0.6628,197.8916748,23720.35234,4,0.7397637381862555
US_0007909,1997,1963.959059,998.54,820.6199707,7.554914646,354.7400085,-119.9371264,38.626297,7.510414,2570.046936,2.81313,0.0,21.25,46.5,29.625,2.55239,61.36500015,3.631333351,0.662158337,198.7350006,23947.33867,4,0.7427479055055042
US_0007909,1998,1696.658126,1058.86,795.8999878,7.554914646,353.180011,-119.9371264,38.626297,7.510414,2570.046936,2.81313,0.0,21.25,46.5,29.625,2.55239,64.11666794,3.621666574,0.661366663,195.2433319,24289.38633,4,0.7313249236499163
US_0007909,1999,1695.245521,1061.6,790.8399902,7.554914646,360.5200134,-119.9371264,38.626297,7.510414,2570.046936,2.81313,0.0,21.25,46.5,29.625,2.55239,64.96666794,3.648499918,0.650974988,195.6900024,24558.70781,4,0.7496241354897895
US_0007909,2000,1154.956942,987.9,806.1199951,7.554914646,377.1200195,-119.9371264,38.626297,7.510414,2570.046936,2.81313,0.0,21.25,46.5,29.625,2.55239,63.49166718,3.629833174,0.667633325,196.6333282,24984.27031,4,0.8086475383067488
US_0007909,2001,845.2919104,896.5,813.2000244,7.554914646,365.3200195,-119.9371264,38.626297,7.510414,2570.046936,2.81313,0.0,21.25,46.5,29.625,2.55239,61.69833374,3.590833092,0.67415,198.0899963,25299.39961,4,0.817397768736259
US_0007909,2002,630.3548702,882.3,819.3800293,7.554914646,344.6400208,-119.9371264,38.626297,7.510414,2570.046936,2.81313,0.0,21.25,46.5,29.625,2.55239,60.23833313,3.572333145,0.666625,199.1000031,26047.53906,4,0.768018035760104
US_0007909,2003,612.7814057,794.82,848.7400146,7.554914646,341.1600159,-119.9371264,38.626297,7.510414,2570.046936,2.81313,0.0,21.25,46.5,29.625,2.55239,59.44499969,3.565666485,0.666091675,202.3383331,26568.725,4,0.789319757622092
US_0007909,2004,714.4396938,819.36,855.9800049,7.554914646,347.0600037,-119.9371264,38.626297,7.510414,2570.046936,2.81313,0.0,21.25,46.5,29.625,2.55239,63.13333359,3.554833174,0.629216681,202.2166626,27061.87266,4,0.7870416171020839
US_0007909,2005,862.2623189,859.96,844.8200073,7.554914646,334.9999939,-119.9371264,38.626297,7.510414,2570.046936,2.81313,0.0,21.25,46.5,29.625,2.55239,67.71333466,3.559666586,0.575641675,201.3366669,27355.62148,4,0.7422508205157851
US_0007909,2006,1340.246795,856.92,831.9599976,7.554914646,326.5199951,-119.9371264,38.626297,7.510414,2570.046936,2.81313,0.0,21.25,46.5,29.625,2.55239,67.23666611,3.563833189,0.535508337,199.4016693,27701.07148,4,0.7296335405016583
US_0007909,2007,1382.992208,804.0,835.4,7.554914646,339.319989,-119.9371264,38.626297,7.510414,2570.046936,2.81313,0.0,21.25,46.5,29.625,2.55239,62.23333282,3.571499825,0.514483337,199.7400024,27731.88008,4,0.7861778516173406
US_0007909,2008,1516.982028,760.38,842.2800049,7.554914646,332.1799927,-119.9371264,38.626297,7.510414,2570.046936,2.81313,0.0,21.25,46.5,29.625,2.55239,57.53999863,3.602833176,0.480583331,202.1366699,27515.60195,4,0.7892310091360502
US_0007909,2009,1567.833096,725.48,827.3400024,7.554914646,320.8599915,-119.9371264,38.626297,7.510414,2570.046936,2.81313,0.0,21.25,46.5,29.625,2.55239,54.97333145,3.611333084,0.480624994,201.1783356,26925.36758,4,0.7878278157241929
US_0007909,2010,1669.011111,730.64,816.3999878,7.554914646,331.9199951,-119.9371264,38.626297,7.510414,2570.046936,2.81313,0.0,21.25,46.5,29.625,2.55239,53.35666351,3.64416647,0.480083331,200.9100006,26084.08984,4,0.8219914443240038
US_0007909,2011,1663.604501,698.92,801.6999878,7.554914646,348.1200012,-119.9371264,38.626297,7.510414,2570.046936,2.81313,0.0,21.25,46.5,29.625,2.55239,58.21333237,3.657166576,0.4728,201.493335,24922.51016,4,0.9079104311763413
US_0007909,2012,1683.906347,770.52,806.3999756,7.554914646,344.9400085,-119.9371264,38.626297,7.510414,2570.046936,2.81313,0.0,21.25,46.5,29.625,2.55239,59.7266655,3.680499887,0.464775,200.0616669,23736.1957,4,0.8389225534129767
US_0007909,2013,1605.742414,722.3,820.6999878,7.554914646,364.5400024,-119.9371264,38.626297,7.510414,2570.046936,2.81313,0.0,21.25,46.5,29.625,2.55239,64.36666565,3.658166552,0.471241669,199.8833282,23072.14844,4,0.9294397355683304
US_0007909,2014,1436.506442,736.84,849.4400146,7.554914646,375.2000122,-119.9371264,38.626297,7.510414,2570.046936,2.81313,0.0,21.25,46.5,29.625,2.55239,63.82000046,3.638666582,0.478666669,200.3533325,22529.37539,4,0.9320748984692286
US_0007909,2015,1199.444137,656.06,877.5000244,7.554914646,379.5600098,-119.9371264,38.626297,7.510414,2570.046936,2.81313,0.0,21.25,46.5,29.625,2.55239,64.4416687,3.572333193,0.502408337,201.718338,22324.65234,4,1.0164271843240558
US_0007910,1991,974.5151397,634.1,845.1900269,7.554914646,390.7900146,-119.9262929,38.606575,14.85801,2542.205008,1.87285,14.23656882,21.875,42.625,33.125,2.04332,52.73666458,3.451166534,0.70112915,202.4124939,23224.1668,4,1.124960377630598
US_0007910,1992,798.7824378,668.92,848.7700317,7.554914646,405.7000244,-119.9262929,38.606575,14.85801,2542.205008,1.87285,14.23656882,21.875,42.625,33.125,2.04332,53.08499832,3.456666565,0.699870825,201.8858307,23386.29922,4,1.1342667894365344
US_0007910,1993,996.4773722,736.68,837.4800293,7.554914646,414.5200256,-119.9262929,38.606575,14.85801,2542.205008,1.87285,14.23656882,21.875,42.625,33.125,2.04332,52.74583206,3.484499931,0.68825,201.1983337,23248.17266,4,1.0882819716399756
US_0007910,1994,834.3587797,743.23,837.1800171,7.554914646,377.080011,-119.9262929,38.606575,14.85801,2542.205008,1.87285,14.23656882,21.875,42.625,33.125,2.04332,49.34000015,3.492833233,0.688641675,200.9483368,23216.03477,4,0.9412661477818185
US_0007910,1995,1182.780418,874.11,824.8,7.554914646,373.1600159,-119.9262929,38.606575,14.85801,2542.205008,1.87285,14.23656882,21.875,42.625,33.125,2.04332,51.33333359,3.536749935,0.673866663,198.9858429,23301.14727,4,0.8434388540562973
US_0007910,1996,1408.635503,993.72,837.2399902,7.554914646,358.5600098,-119.9262929,38.606575,14.85801,2542.205008,1.87285,14.23656882,21.875,42.625,33.125,2.04332,54.64249954,3.590166664,0.673874988,197.9833435,23720.35234,4,0.7445537718301768
US_0007910,1997,1607.272426,999.66,822.839978,7.554914646,357.9800049,-119.9262929,38.606575,14.85801,2542.205008,1.87285,14.23656882,21.875,42.625,33.125,2.04332,62.91749878,3.627583361,0.676766663,198.8350037,23947.33867,4,0.7484829104576843
US_0007910,1998,1784.876986,1060.44,797.7799805,7.554914646,356.380011,-119.9262929,38.606575,14.85801,2542.205008,1.87285,14.23656882,21.875,42.625,33.125,2.04332,65.83999939,3.617999935,0.679695825,195.3450012,24289.38633,4,0.7368486577223299
US_0007910,1999,1983.555469,1063.07,792.4999878,7.554914646,363.0000183,-119.9262929,38.606575,14.85801,2542.205008,1.87285,14.23656882,21.875,42.625,33.125,2.04332,66.75916595,3.644583273,0.671708325,195.7925018,24558.70781,4,0.7537986441206947
US_0007910,2000,1713.566653,989.66,807.7,7.554914646,379.5500183,-119.9262929,38.606575,14.85801,2542.205008,1.87285,14.23656882,21.875,42.625,33.125,2.04332,65.1583313,3.626083279,0.693641675,196.7374969,24984.27031,4,0.8129808567985436
US_0007910,2001,1448.800132,897.89,814.3500122,7.554914646,367.660022,-119.9262929,38.606575,14.85801,2542.205008,1.87285,14.23656882,21.875,42.625,33.125,2.04332,63.25249939,3.587583256,0.702587524,198.1858307,25299.39961,4,0.8221602281638805
US_0007910,2002,1298.360052,884.58,820.660022,7.554914646,347.460022,-119.9262929,38.606575,14.85801,2542.205008,1.87285,14.23656882,21.875,42.625,33.125,2.04332,61.90083466,3.56899991,0.699212524,199.1891693,26047.53906,4,0.773241328851693
US_0007910,2003,1025.605743,796.77,850.1500122,7.554914646,344.1500122,-119.9262929,38.606575,14.85801,2542.205008,1.87285,14.23656882,21.875,42.625,33.125,2.04332,61.29333496,3.562249899,0.700370862,202.4241699,26568.725,4,0.7953552903557539
US_0007910,2004,928.2506965,820.69,858.1000122,7.554914646,348.8100098,-119.9262929,38.606575,14.85801,2542.205008,1.87285,14.23656882,21.875,42.625,33.125,2.04332,64.76750031,3.551749897,0.674054199,202.3108307,27061.87266,4,0.7897227448047022
US_0007910,2005,1010.262091,860.72,847.2800171,7.554914646,336.85,-119.9262929,38.606575,14.85801,2542.205008,1.87285,14.23656882,21.875,42.625,33.125,2.04332,69.38750153,3.556749916,0.625079187,201.430835,27355.62148,4,0.7451277013501652
US_0007910,2006,1204.544191,857.74,834.4300049,7.554914646,328.2,-119.9262929,38.606575,14.85801,2542.205008,1.87285,14.23656882,21.875,42.625,33.125,2.04332,68.78166656,3.560916519,0.585183344,199.5033356,27701.07148,4,0.7320696400216219
US_0007910,2007,1171.654366,803.9,838.0099976,7.554914646,341.1,-119.9262929,38.606575,14.85801,2542.205008,1.87285,14.23656882,21.875,42.625,33.125,2.04332,63.42999954,3.568583202,0.562762494,199.8399994,27731.88008,4,0.7895456975470241
US_0007910,2008,1137.310016,759.79,845.05,7.554914646,334.1,-119.9262929,38.606575,14.85801,2542.205008,1.87285,14.23656882,21.875,42.625,33.125,2.04332,58.2391655,3.599999905,0.533770819,202.2349976,27515.60195,4,0.7933857933671359
US_0007910,2009,1184.956696,725.09,829.7299927,7.554914646,324.619989,-119.9262929,38.606575,14.85801,2542.205008,1.87285,14.23656882,21.875,42.625,33.125,2.04332,55.70916672,3.608666515,0.533637482,201.275,26925.36758,4,0.7974245346499319
US_0007910,2010,1206.859821,730.17,818.9899902,7.554914646,336.0499939,-119.9262929,38.606575,14.85801,2542.205008,1.87285,14.23656882,21.875,42.625,33.125,2.04332,54.1566658,3.641333199,0.532295819,201.0091644,26084.08984,4,0.8330665770504986
US_0007910,2011,1288.183121,698.39,804.5,7.554914646,352.4899963,-119.9262929,38.606575,14.85801,2542.205008,1.87285,14.23656882,21.875,42.625,33.125,2.04332,59.1733345,3.654249859,0.52837915,201.5950012,24922.51016,4,0.9215248180136713
US_0007910,2012,1307.80442,770.77,808.9400024,7.554914646,349.2999939,-119.9262929,38.606575,14.85801,2542.205008,1.87285,14.23656882,21.875,42.625,33.125,2.04332,60.65416718,3.677499866,0.524658325,200.1608337,23736.1957,4,0.8500930481279567
US_0007910,2013,1322.652129,722.43,823.7400146,7.554914646,367.6799988,-119.9262929,38.606575,14.85801,2542.205008,1.87285,14.23656882,21.875,42.625,33.125,2.04332,65.26750031,3.655083179,0.533462488,199.9899963,23072.14844,4,0.9379442354445549
US_0007910,2014,1195.052051,737.61,853.0200195,7.554914646,377.8400085,-119.9262929,38.606575,14.85801,2542.205008,1.87285,14.23656882,21.875,42.625,33.125,2.04332,64.85,3.635916519,0.54066665,200.4625,22529.37539,4,0.9377585733107203
US_0007910,2015,953.6755332,656.77,881.6800293,7.554914646,380.880011,-119.9262929,38.606575,14.85801,2542.205008,1.87285,14.23656882,21.875,42.625,33.125,2.04332,65.52583466,3.569833183,0.566995825,201.8300049,22324.65234,4,1.01767946553226
US_0008415,2001,194.1379869,372.917037,707.7077881,5.177540528,336.7637024,-112.9031528,46.13366667,390.9833,2179.646984,4.390074714,20.26837413,19.30277824,45.44722366,33.93055725,1.236694482,17.50228443,3.349876308,0.95186427,163.3856415,6338.279102,4,2.17464386189305
US_0008415,2002,182.9681217,359.7344444,714.4366943,5.177540528,325.9140686,-112.9031528,46.13366667,390.9833,2179.646984,4.390074714,20.26837413,19.30277824,45.44722366,33.93055725,1.236694482,16.25873528,3.355064583,0.952161108,165.2450897,6364.883789,4,2.1223608422986575
US_0008415,2003,171.6985171,339.3081481,738.0985718,5.177540528,306.6203552,-112.9031528,46.13366667,390.9833,2179.646984,4.390074714,20.26837413,19.30277824,45.44722366,33.93055725,1.236694482,15.80839577,3.38944416,0.94567428,166.8363586,6452.999902,4,1.954461345061723
US_0008415,2004,156.4972531,360.4466667,740.3970703,5.177540528,321.1925659,-112.9031528,46.13366667,390.9833,2179.646984,4.390074714,20.26837413,19.30277824,45.44722366,33.93055725,1.236694482,15.36407471,3.362567616,0.953499646,165.2931793,6573.540625,4,1.9300339163050517
US_0008415,2005,163.3509785,381.6103704,731.0144653,5.177540528,332.9747864,-112.9031528,46.13366667,390.9833,2179.646984,4.390074714,20.26837413,19.30277824,45.44722366,33.93055725,1.236694482,16.19919777,3.363135529,0.95918999,164.2169464,6477.071387,4,1.8867321668838861
US_0008415,2006,165.4215733,392.4762963,727.4689087,5.177540528,336.9325684,-112.9031528,46.13366667,390.9833,2179.646984,4.390074714,20.26837413,19.30277824,45.44722366,33.93055725,1.236694482,18.23321095,3.401292944,0.961278711,163.8605255,6428.363965,4,1.8328230650798376
US_0008415,2007,171.7761118,398.0496296,755.1433228,5.177540528,338.3725891,-112.9031528,46.13366667,390.9833,2179.646984,4.390074714,20.26837413,19.30277824,45.44722366,33.93055725,1.236694482,19.14916763,3.423663378,0.967560583,163.9953949,6510.159277,4,1.7437043578017066
US_0008415,2008,179.9562471,397.5622222,744.6807251,5.177540528,345.8581482,-112.9031528,46.13366667,390.9833,2179.646984,4.390074714,20.26837413,19.30277824,45.44722366,33.93055725,1.236694482,18.52651291,3.471175861,0.957913025,163.716626,6576.615039,4,1.9011299220389433
US_0008415,2009,207.8440367,394.0433333,740.399646,5.177540528,342.4944519,-112.9031528,46.13366667,390.9833,2179.646984,4.390074714,20.26837413,19.30277824,45.44722366,33.93055725,1.236694482,18.84867325,3.489432001,0.939284509,164.7880859,6544.052441,4,1.8904650136784786
US_0008415,2010,225.7461743,406.8644444,724.8981812,5.177540528,346.9929749,-112.9031528,46.13366667,390.9833,2179.646984,4.390074714,20.26837413,19.30277824,45.44722366,33.93055725,1.236694482,19.2483345,3.485771513,0.91500083,164.4804901,6450.512012,4,1.8527011152050603
US_0008415,2011,273.0737405,418.0796296,701.6892944,5.177540528,341.8385315,-112.9031528,46.13366667,390.9833,2179.646984,4.390074714,20.26837413,19.30277824,45.44722366,33.93055725,1.236694482,18.71947556,3.514308643,0.892965979,163.1344147,6318.314941,4,1.7131075445531097
US_0008415,2012,282.137838,414.012963,698.7259888,5.177540528,336.9529663,-112.9031528,46.13366667,390.9833,2179.646984,4.390074714,20.26837413,19.30277824,45.44722366,33.93055725,1.236694482,18.92697525,3.541398239,0.87442262,163.2675964,6137.113574,4,1.6833231923637533
US_0008415,2013,268.2547528,408.9885185,690.3789673,5.177540528,342.3107544,-112.9031528,46.13366667,390.9833,2179.646984,4.390074714,20.26837413,19.30277824,45.44722366,33.93055725,1.236694482,19.13475304,3.509354973,0.889364429,163.5305023,5988.273926,4,1.8269726169110299
US_0008415,2014,258.1099431,424.4333333,697.8941406,5.177540528,345.6733582,-112.9031528,46.13366667,390.9833,2179.646984,4.390074714,20.26837413,19.30277824,45.44722366,33.93055725,1.236694482,19.07731476,3.521873569,0.893491431,163.2431793,5835.817676,4,1.7234214364160216
US_0008415,2015,247.2529795,399.1759259,724.2060059,5.177540528,338.4429871,-112.9031528,46.13366667,390.9833,2179.646984,4.390074714,20.26837413,19.30277824,45.44722366,33.93055725,1.236694482,18.53043137,3.507472324,0.920691235,163.5878174,5722.042969,4,1.7913744525238076
US_0008569,1989,1438.59,588.43,711.96,1.138958314,411.2418152,-110.6688,44.1021,1220.075,2511.809814,2.555922754,21.6440213,12.43821049,48.79048157,30.30184746,0.842468968,40.63023148,3.523206711,0.658636304,166.9507324,816.9146118,4,1.5522700780399399
US_0008569,1990,1430.15,585.56,716.37,1.138958314,404.0250916,-110.6688,44.1021,1220.075,2511.809814,2.555922754,21.6440213,12.43821049,48.79048157,30.30184746,0.842468968,41.22826309,3.535484791,0.651783728,165.6776489,839.6416016,4,1.4927304149028169
US_0008569,1991,1325.68,575.77,716.16,1.138958314,396.0486145,-110.6688,44.1021,1220.075,2511.809814,2.555922754,21.6440213,12.43821049,48.79048157,30.30184746,0.842468968,39.60404053,3.365525007,0.644494544,165.3719727,859.3136475,4,1.4604434687160581
US_0008569,1992,1367.7,584.32,718.66,1.138958314,402.2135864,-110.6688,44.1021,1220.075,2511.809814,2.555922754,21.6440213,12.43821049,48.79048157,30.30184746,0.842468968,39.58262634,3.290909052,0.636213904,165.0417053,862.6879028,4,1.4777507303436803
US_0008569,1993,1502.83,625.06,669.85,1.138958314,430.2215759,-110.6688,44.1021,1220.075,2511.809814,2.555922754,21.6440213,12.43821049,48.79048157,30.30184746,0.842468968,41.91804047,3.308954477,0.631491577,162.001413,863.1539917,4,1.7025135220966925
US_0008569,1994,1393.81,628.4,688.62,1.138958314,430.2048462,-110.6688,44.1021,1220.075,2511.809814,2.555922754,21.6440213,12.43821049,48.79048157,30.30184746,0.842468968,43.28805161,3.494671822,0.635314209,164.0715118,861.8512939,4,1.6388091807152476
US_0008569,1995,1476.22,673.96,670.68,1.138958314,432.8283447,-110.6688,44.1021,1220.075,2511.809814,2.555922754,21.6440213,12.43821049,48.79048157,30.30184746,0.842468968,45.39565582,3.58633852,0.63148147,163.0903717,887.4958252,4,1.5739553480980126
US_0008569,1996,1650.74,711.82,684.93,1.138958314,422.1554993,-110.6688,44.1021,1220.075,2511.809814,2.555922754,21.6440213,12.43821049,48.79048157,30.30184746,0.842468968,46.62360535,3.779959679,0.630668079,164.7849091,925.6537842,4,1.3781859553677953
US_0008569,1997,1989.49,764.34,654.98,1.138958314,433.2301819,-110.6688,44.1021,1220.075,2511.809814,2.555922754,21.6440213,12.43821049,48.79048157,30.30184746,0.842468968,47.69357529,3.511454344,0.627244763,164.3676483,961.2675171,4,1.4253483221681857
US_0008569,1998,2049.84,781.08,662.28,1.138958314,429.1581848,-110.6688,44.1021,1220.075,2511.809814,2.555922754,21.6440213,12.43821049,48.79048157,30.30184746,0.842468968,48.14378662,3.333237171,0.62573971,165.4577118,994.7884766,4,1.3544426149369735
US_0008569,1999,2258.78,783.5,646.68,1.138958314,429.6373413,-110.6688,44.1021,1220.075,2511.809814,2.555922754,21.6440213,12.43821049,48.79048157,30.30184746,0.842468968,46.83684616,3.639126062,0.6209651,165.2007324,1065.750037,4,1.3905028436854217
US_0008569,2000,2188.19,742.76,677.94,1.138958314,423.0687439,-110.6688,44.1021,1220.075,2511.809814,2.555922754,21.6440213,12.43821049,48.79048157,30.30184746,0.842468968,44.3113327,3.589388847,0.625143665,167.6734009,1112.0255,4,1.3438778765211432
US_0008569,2001,1883.08,672.78,693.32,1.138958314,435.3583252,-110.6688,44.1021,1220.075,2511.809814,2.555922754,21.6440213,12.43821049,48.79048157,30.30184746,0.842468968,42.96790848,3.477398872,0.631672131,168.8229919,1157.068384,4,1.5399454567848507
US_0008569,2002,1615.08,620.6,702.46,1.138958314,407.4791626,-110.6688,44.1021,1220.075,2511.809814,2.555922754,21.6440213,12.43821049,48.79048157,30.30184746,0.842468968,40.79388809,3.558393955,0.632992566,171.3233673,1183.547046,4,1.4444185506285223
US_0008569,2003,1498.28,590.42,732.48,1.138958314,392.9818298,-110.6688,44.1021,1220.075,2511.809814,2.555922754,21.6440213,12.43821049,48.79048157,30.30184746,0.842468968,38.59312134,3.579070568,0.632606543,172.6084625,1212.540283,4,1.36727355262141
US_0008569,2004,1346.88,577.32,729.7,1.138958314,407.7308044,-110.6688,44.1021,1220.075,2511.809814,2.555922754,21.6440213,12.43821049,48.79048157,30.30184746,0.842468968,39.07065735,3.484470129,0.623798901,171.8300201,1189.377539,4,1.5250640806429285
US_0008569,2005,1317.89,590.1,714.28,1.138958314,420.1503235,-110.6688,44.1021,1220.075,2511.809814,2.555922754,21.6440213,12.43821049,48.79048157,30.30184746,0.842468968,39.39934464,3.513626337,0.618340967,171.0819183,1179.288159,4,1.6202098766687336
US_0008569,2006,1491.8,611.18,709.93,1.138958314,416.6775879,-110.6688,44.1021,1220.075,2511.809814,2.555922754,21.6440213,12.43821049,48.79048157,30.30184746,0.842468968,41.41850586,3.638383389,0.609550391,170.9592621,1162.072192,4,1.5277941511795556
US_0008569,2007,1420.42,610.72,729.63,1.138958314,426.2490967,-110.6688,44.1021,1220.075,2511.809814,2.555922754,21.6440213,12.43821049,48.79048157,30.30184746,0.842468968,43.55427322,3.624363661,0.605851367,170.8586578,1167.07854,4,1.5668390194760136
US_0008569,2008,1537.53,628.61,717.53,1.138958314,427.7804932,-110.6688,44.1021,1220.075,2511.809814,2.555922754,21.6440213,12.43821049,48.79048157,30.30184746,0.842468968,43.85729294,3.704136372,0.592576575,171.3943207,1161.213599,4,1.5483413489049251
US_0008569,2009,1642.99,638.05,707.07,1.138958314,411.3225403,-110.6688,44.1021,1220.075,2511.809814,2.555922754,21.6440213,12.43821049,48.79048157,30.30184746,0.842468968,44.2561409,3.48571229,0.597251477,171.68461,1155.326709,4,1.4188541405646373
US_0008569,2010,1647.53,647.1,693.4,1.138958314,397.737085,-110.6688,44.1021,1220.075,2511.809814,2.555922754,21.6440213,12.43821049,48.79048157,30.30184746,0.842468968,44.48085785,3.529212236,0.593497998,171.9193665,1140.223218,4,1.331776731564207
US_0008569,2011,1749.4,663.88,671.53,1.138958314,394.6218201,-110.6688,44.1021,1220.075,2511.809814,2.555922754,21.6440213,12.43821049,48.79048157,30.30184746,0.842468968,43.52757568,3.753555536,0.586623303,170.7978729,1107.82843,4,1.318069666708032
US_0008569,2012,1867.41,643.3,682.96,1.138958314,377.6407288,-110.6688,44.1021,1220.075,2511.809814,2.555922754,21.6440213,12.43821049,48.79048157,30.30184746,0.842468968,42.74880753,3.758206844,0.590269043,171.0761261,1076.715564,4,1.233294732460186
US_0008569,2013,1713.72,633.65,672.43,1.138958314,379.1233948,-110.6688,44.1021,1220.075,2511.809814,2.555922754,21.6440213,12.43821049,48.79048157,30.30184746,0.842468968,44.75428467,3.529308081,0.605219739,170.7939514,1043.33385,4,1.2770491247382323
US_0008569,2014,1465.84,656.48,683.69,1.138958314,389.3172241,-110.6688,44.1021,1220.075,2511.809814,2.555922754,21.6440213,12.43821049,48.79048157,30.30184746,0.842468968,47.29023438,3.647110939,0.617710815,170.9634674,1013.103003,4,1.2775951755811865
US_0008569,2015,1409.39,637.6,701.02,1.138958314,391.0960144,-110.6688,44.1021,1220.075,2511.809814,2.555922754,21.6440213,12.43821049,48.79048157,30.30184746,0.842468968,46.70888062,3.349025726,0.647929089,170.4815887,992.5088989,4,1.2962937484663968
US_0008569,2016,1071.0,635.04,718.76,1.138958314,402.8015808,-110.6688,44.1021,1220.075,2511.809814,2.555922754,21.6440213,12.43821049,48.79048157,30.30184746,0.842468968,47.23345566,3.633485079,0.671106458,171.1674469,995.0467529,4,1.3470038596700693
US_0008572,1989,1282.92,496.19,674.66,1.836222231,372.290863,-110.4438,43.8271,871.7169,2715.787923,3.41772025,20.38828058,18.25952339,45.22380829,34.26547623,1.071463164,33.55598412,3.742158413,0.682110706,169.2735748,501.6049316,4,1.6436362204151043
US_0008572,1990,1298.54,498.06,673.54,1.836222231,367.311438,-110.4438,43.8271,871.7169,2715.787923,3.41772025,20.38828058,18.25952339,45.22380829,34.26547623,1.071463164,33.75004768,3.73822999,0.682815149,167.8873413,514.49776,4,1.584141476083379
US_0008572,1991,1233.13,493.13,672.73,1.836222231,362.5862915,-110.4438,43.8271,871.7169,2715.787923,3.41772025,20.38828058,18.25952339,45.22380829,34.26547623,1.071463164,33.01353874,3.564738035,0.683414502,167.606134,523.4293823,4,1.5605738227282966
US_0008572,1992,1239.44,489.84,675.91,1.836222231,367.781134,-110.4438,43.8271,871.7169,2715.787923,3.41772025,20.38828058,18.25952339,45.22380829,34.26547623,1.071463164,32.95950737,3.495079517,0.680360791,167.4431976,526.0153503,4,1.6241730958966234
US_0008572,1993,1317.09,538.53,627.81,1.836222231,395.4399963,-110.4438,43.8271,871.7169,2715.787923,3.41772025,20.38828058,18.25952339,45.22380829,34.26547623,1.071463164,35.15428391,3.507516146,0.678450256,164.6514221,526.4122253,4,1.8231289070067096
US_0008572,1994,1235.08,537.26,645.01,1.836222231,392.0498962,-110.4438,43.8271,871.7169,2715.787923,3.41772025,20.38828058,18.25952339,45.22380829,34.26547623,1.071463164,36.08996658,3.704746008,0.681518835,166.5691956,526.6993835,4,1.7360584060740463
US_0008572,1995,1284.87,575.52,627.49,1.836222231,390.3573242,-110.4438,43.8271,871.7169,2715.787923,3.41772025,20.38828058,18.25952339,45.22380829,34.26547623,1.071463164,37.88855362,3.782975912,0.677917969,165.553064,537.0644348,4,1.6122203745579813
US_0008572,1996,1381.4,594.24,641.05,1.836222231,379.4468445,-110.4438,43.8271,871.7169,2715.787923,3.41772025,20.38828058,18.25952339,45.22380829,34.26547623,1.071463164,38.26569672,4.012142658,0.67418186,167.0533661,555.1960938,4,1.427829286695895
US_0008572,1997,1675.41,641.52,611.61,1.836222231,392.4552368,-110.4438,43.8271,871.7169,2715.787923,3.41772025,20.38828058,18.25952339,45.22380829,34.26547623,1.071463164,38.87166595,3.726380825,0.672510095,166.4163361,579.3858887,4,1.4838664059104785
US_0008572,1998,1678.34,662.96,614.2,1.836222231,391.1771423,-110.4438,43.8271,871.7169,2715.787923,3.41772025,20.38828058,18.25952339,45.22380829,34.26547623,1.071463164,39.1958725,3.505642653,0.674841992,167.2533173,602.537146,4,1.4194465655995478
US_0008572,1999,1864.82,668.39,596.2,1.836222231,393.2737244,-110.4438,43.8271,871.7169,2715.787923,3.41772025,20.38828058,18.25952339,45.22380829,34.26547623,1.071463164,38.7950798,3.826508045,0.672706055,166.9261902,632.7699951,4,1.4722223134027148
US_0008572,2000,1826.85,624.87,630.45,1.836222231,388.0657288,-110.4438,43.8271,871.7169,2715.787923,3.41772025,20.38828058,18.25952339,45.22380829,34.26547623,1.071463164,36.64382553,3.794222116,0.677491052,169.4892456,655.6292114,4,1.441654568436063
US_0008572,2001,1602.19,572.33,649.21,1.836222231,394.8447815,-110.4438,43.8271,871.7169,2715.787923,3.41772025,20.38828058,18.25952339,45.22380829,34.26547623,1.071463164,35.34980965,3.684912682,0.687410254,170.7139252,688.8918335,4,1.6080228957252047
US_0008572,2002,1336.62,529.88,657.77,1.836222231,369.5053467,-110.4438,43.8271,871.7169,2715.787923,3.41772025,20.38828058,18.25952339,45.22380829,34.26547623,1.071463164,33.72565002,3.77958703,0.69014939,173.25383,695.7198242,4,1.5074368142224783
US_0008572,2003,1292.68,489.74,690.8,1.836222231,358.0331482,-110.4438,43.8271,871.7169,2715.787923,3.41772025,20.38828058,18.25952339,45.22380829,34.26547623,1.071463164,31.95738068,3.787166595,0.686408496,174.5240204,720.0032593,4,1.4959409992253079
US_0008572,2004,1134.69,488.23,688.05,1.836222231,372.2278198,-110.4438,43.8271,871.7169,2715.787923,3.41772025,20.38828058,18.25952339,45.22380829,34.26547623,1.071463164,32.00893555,3.669484138,0.698841272,173.7912903,728.7330078,4,1.6551303055444164
US_0008572,2005,1088.63,505.41,672.35,1.836222231,383.3154358,-110.4438,43.8271,871.7169,2715.787923,3.41772025,20.38828058,18.25952339,45.22380829,34.26547623,1.071463164,32.71301498,3.691071033,0.707326196,173.1363342,740.8765381,4,1.7249912992159975
US_0008572,2006,1209.69,513.28,665.39,1.836222231,380.0845764,-110.4438,43.8271,871.7169,2715.787923,3.41772025,20.38828058,18.25952339,45.22380829,34.26547623,1.071463164,34.11020546,3.805936337,0.713090015,173.0660553,745.502832,4,1.6650579621194013
US_0008572,2007,1181.38,517.07,685.4,1.836222231,393.0521973,-110.4438,43.8271,871.7169,2715.787923,3.41772025,20.38828058,18.25952339,45.22380829,34.26547623,1.071463164,34.94393539,3.804023981,0.720007947,172.9409637,778.7950806,4,1.741446738514327
US_0008572,2008,1283.5,530.87,670.76,1.836222231,391.2727722,-110.4438,43.8271,871.7169,2715.787923,3.41772025,20.38828058,18.25952339,45.22380829,34.26547623,1.071463164,35.24826965,3.904563665,0.712199548,173.594104,798.8499756,4,1.6881765007677372
US_0008572,2009,1431.32,538.89,662.69,1.836222231,375.6794373,-110.4438,43.8271,871.7169,2715.787923,3.41772025,20.38828058,18.25952339,45.22380829,34.26547623,1.071463164,35.72833328,3.664777517,0.696527649,173.8476105,810.8474976,4,1.5197853944825028
US_0008572,2010,1471.35,545.96,649.86,1.836222231,361.633728,-110.4438,43.8271,871.7169,2715.787923,3.41772025,20.38828058,18.25952339,45.22380829,34.26547623,1.071463164,35.6223175,3.738698244,0.678692639,173.9889587,827.0305542,4,1.4039662533793285
US_0008572,2011,1645.14,569.99,628.28,1.836222231,359.5556335,-110.4438,43.8271,871.7169,2715.787923,3.41772025,20.38828058,18.25952339,45.22380829,34.26547623,1.071463164,35.35363541,3.952690601,0.654458044,172.9334503,842.0498657,4,1.3649543590304976
US_0008572,2012,1731.89,532.98,635.5,1.836222231,335.5384888,-110.4438,43.8271,871.7169,2715.787923,3.41772025,20.38828058,18.25952339,45.22380829,34.26547623,1.071463164,35.0313179,3.938936472,0.641416699,173.2074127,840.3249146,4,1.2699462317837396
US_0008572,2013,1600.23,530.66,628.21,1.836222231,334.0811584,-110.4438,43.8271,871.7169,2715.787923,3.41772025,20.38828058,18.25952339,45.22380829,34.26547623,1.071463164,36.94962006,3.712825537,0.642775818,172.7864929,823.8774658,4,1.277513388765449
US_0008572,2014,1617.81,538.02,640.7,1.836222231,345.5042114,-110.4438,43.8271,871.7169,2715.787923,3.41772025,20.38828058,18.25952339,45.22380829,34.26547623,1.071463164,39.44392166,3.868499756,0.638592542,173.0970032,814.6483154,4,1.3197729538256497
US_0008572,2015,1653.93,520.07,658.01,1.836222231,349.8880188,-110.4438,43.8271,871.7169,2715.787923,3.41772025,20.38828058,18.25952339,45.22380829,34.26547623,1.071463164,39.09393692,3.538658857,0.654723877,172.6126038,802.3243896,4,1.3738885667420861
US_0008577,1999,1080.445181,725.38,646.275,1.97735045,433.5299927,-110.8058333,43.60316667,41.45947,2705.973992,1.240938962,25.0138858,12.3125,60.1875,25.875,0.383917168,59.25,3.719416523,0.647955554,167.3975037,804.9810181,4,1.5252083742326739
US_0008577,2000,957.8004548,680.75,680.6400146,1.97735045,429.6449951,-110.8058333,43.60316667,41.45947,2705.973992,1.240938962,25.0138858,12.3125,60.1875,25.875,0.383917168,55.36583328,3.727083206,0.644933337,170.0770874,816.705835,4,1.5063339225603753
US_0008577,2001,868.2593005,617.96,698.5300171,1.97735045,429.2049988,-110.8058333,43.60316667,41.45947,2705.973992,1.240938962,25.0138858,12.3125,60.1875,25.875,0.383917168,53.24166718,3.661916542,0.651406934,171.1104187,786.084082,4,1.6398369606104641
US_0008577,2002,743.8883903,567.605,709.0250122,1.97735045,407.1700012,-110.8058333,43.60316667,41.45947,2705.973992,1.240938962,25.0138858,12.3125,60.1875,25.875,0.383917168,50.13333359,3.671083212,0.649115259,173.7470886,788.5079346,4,1.5986252539635635
US_0008577,2003,715.1672128,527.045,742.5000122,1.97735045,394.3700012,-110.8058333,43.60316667,41.45947,2705.973992,1.240938962,25.0138858,12.3125,60.1875,25.875,0.383917168,46.21166687,3.727291536,0.641138892,175.237088,804.0560913,4,1.5809793765655051
US_0008577,2004,721.4390194,522.075,744.9650146,1.97735045,415.8149963,-110.8058333,43.60316667,41.45947,2705.973992,1.240938962,25.0138858,12.3125,60.1875,25.875,0.383917168,46.75916672,3.690374899,0.680205566,174.6604218,751.838562,4,1.8397063617510554
US_0008577,2005,723.0428164,546.835,728.0150024,1.97735045,429.9000061,-110.8058333,43.60316667,41.45947,2705.973992,1.240938962,25.0138858,12.3125,60.1875,25.875,0.383917168,48.37833481,3.657499933,0.70999165,173.9420898,733.633252,4,1.9019118468744358
US_0008577,2006,770.0278454,566.45,719.35,1.97735045,431.2750061,-110.8058333,43.60316667,41.45947,2705.973992,1.240938962,25.0138858,12.3125,60.1875,25.875,0.383917168,50.44708405,3.670374966,0.729431934,173.8550049,802.3219116,4,1.8280306816256517
US_0008577,2007,746.6957965,566.71,738.3300049,1.97735045,437.8000061,-110.8058333,43.60316667,41.45947,2705.973992,1.240938962,25.0138858,12.3125,60.1875,25.875,0.383917168,51.4870842,3.67833333,0.756513879,173.7812561,820.7968262,4,1.8517626075630842
US_0008577,2008,779.6307905,587.295,723.075,1.97735045,439.825,-110.8058333,43.60316667,41.45947,2705.973992,1.240938962,25.0138858,12.3125,60.1875,25.875,0.383917168,52.44708405,3.691041756,0.776962476,174.7691711,840.7772827,4,1.8077772380584154
US_0008577,2009,817.5675614,594.26,711.1550049,1.97735045,421.1900024,-110.8058333,43.60316667,41.45947,2705.973992,1.240938962,25.0138858,12.3125,60.1875,25.875,0.383917168,53.04250031,3.685125065,0.772662476,174.8337524,833.3192017,4,1.6213699100942924
US_0008577,2010,823.1109034,602.2,697.2050049,1.97735045,405.5399902,-110.8058333,43.60316667,41.45947,2705.973992,1.240938962,25.0138858,12.3125,60.1875,25.875,0.383917168,52.40958252,3.699291754,0.76355415,175.0179169,774.9233032,4,1.491854273508441
US_0008577,2011,903.3101338,621.575,675.5350098,1.97735045,400.7799805,-110.8058333,43.60316667,41.45947,2705.973992,1.240938962,25.0138858,12.3125,60.1875,25.875,0.383917168,51.87041626,3.729625034,0.761595837,174.1791656,665.1546875,4,1.4464193404151302
US_0008577,2012,921.14567,601.105,683.2200195,1.97735045,380.7749878,-110.8058333,43.60316667,41.45947,2705.973992,1.240938962,25.0138858,12.3125,60.1875,25.875,0.383917168,51.43749924,3.757000113,0.757399988,174.225412,629.3652222,4,1.3385232754660426
US_0008577,2013,865.38391,592.93,676.6550171,1.97735045,380.0649963,-110.8058333,43.60316667,41.45947,2705.973992,1.240938962,25.0138858,12.3125,60.1875,25.875,0.383917168,52.28791504,3.720958424,0.768037488,173.6049957,594.8453125,4,1.3649898398806695
US_0008577,2014,868.8807997,604.35,692.1050171,1.97735045,393.9949951,-110.8058333,43.60316667,41.45947,2705.973992,1.240938962,25.0138858,12.3125,60.1875,25.875,0.383917168,53.60124817,3.771541739,0.762397205,174.0083313,694.6674072,4,1.4077557853056113
US_0008577,2015,915.5663203,582.735,710.8600098,1.97735045,401.375,-110.8058333,43.60316667,41.45947,2705.973992,1.240938962,25.0138858,12.3125,60.1875,25.875,0.383917168,53.44124832,3.73083334,0.784626379,173.5708313,827.4808716,4,1.4910468420086427
US_0008580,1993,461.7921141,485.975,796.4330444,2.207478712,424.9850098,-110.7970278,43.4583611,176.9365,2216.778763,4.528142694,32.0583755,13.58500004,55.79499817,28.90999985,1.316517627,47.07591629,3.243191624,0.788989319,168.826178,8432.917578,4,2.1831287868966838
US_0008580,1994,421.1626828,490.086,813.0180542,2.207478712,419.2470032,-110.7970278,43.4583611,176.9365,2216.778763,4.528142694,32.0583755,13.58500004,55.79499817,28.90999985,1.316517627,46.94383316,3.241883326,0.791223999,170.4091766,8375.530078,4,1.9921549082649106
US_0008580,1995,464.1942679,519.737,796.6660522,2.207478712,429.4480042,-110.7970278,43.4583611,176.9365,2216.778763,4.528142694,32.0583755,13.58500004,55.79499817,28.90999985,1.316517627,50.04249878,3.244175005,0.791703674,169.2397583,8355.182617,4,1.9154802591881375
US_0008580,1996,490.6000484,541.528,813.3450562,2.207478712,416.9400024,-110.7970278,43.4583611,176.9365,2216.778763,4.528142694,32.0583755,13.58500004,55.79499817,28.90999985,1.316517627,50.74133148,3.331374884,0.78476167,170.6470886,8458.322852,4,1.6036206806984221
US_0008580,2003,375.7826037,437.938,865.9990112,2.207478712,376.9860046,-110.7970278,43.4583611,176.9365,2216.778763,4.528142694,32.0583755,13.58500004,55.79499817,28.90999985,1.316517627,43.8136673,3.398183203,0.774168347,177.9759888,8679.202734,4,1.7584316226644552
US_0008580,2004,353.9985627,436.13,868.3250122,2.207478712,392.4630066,-110.7970278,43.4583611,176.9365,2216.778763,4.528142694,32.0583755,13.58500004,55.79499817,28.90999985,1.316517627,43.04625015,3.362458181,0.810587354,177.3639923,8796.264453,4,2.0576870085935877
US_0008580,2005,353.89608,459.53,850.5560059,2.207478712,408.0550049,-110.7970278,43.4583611,176.9365,2216.778763,4.528142694,32.0583755,13.58500004,55.79499817,28.90999985,1.316517627,44.03366623,3.330883169,0.828457019,176.67883,8986.560547,4,2.072410807475702
US_0008580,2006,381.1701901,473.06,842.8660034,2.207478712,419.8650024,-110.7970278,43.4583611,176.9365,2216.778763,4.528142694,32.0583755,13.58500004,55.79499817,28.90999985,1.316517627,46.18908386,3.344708204,0.83544668,176.6297485,9319.579102,4,2.139109250601762
US_0008580,2007,372.4557959,473.921,859.0680054,2.207478712,421.6700012,-110.7970278,43.4583611,176.9365,2216.778763,4.528142694,32.0583755,13.58500004,55.79499817,28.90999985,1.316517627,45.26158447,3.350216484,0.844486011,176.5432434,9654.608594,4,2.1274146236517253
US_0008580,2008,398.0334067,490.543,844.7290283,2.207478712,426.702002,-110.7970278,43.4583611,176.9365,2216.778763,4.528142694,32.0583755,13.58500004,55.79499817,28.90999985,1.316517627,45.62033386,3.364916468,0.847856335,177.4878265,9887.029883,4,2.0426515237901515
US_0008580,2009,419.8001249,495.865,829.8420166,2.207478712,421.5240051,-110.7970278,43.4583611,176.9365,2216.778763,4.528142694,32.0583755,13.58500004,55.79499817,28.90999985,1.316517627,48.21966782,3.36058321,0.83192467,177.6074951,10135.3623,4,1.9347905753639734
US_0008580,2010,416.9581561,502.189,820.5690186,2.207478712,415.5870056,-110.7970278,43.4583611,176.9365,2216.778763,4.528142694,32.0583755,13.58500004,55.79499817,28.90999985,1.316517627,49.63875275,3.375599861,0.814578674,177.779657,10335.3998,4,1.8154603115558754
US_0008580,2011,442.550524,521.709,797.0510254,2.207478712,414.7830078,-110.7970278,43.4583611,176.9365,2216.778763,4.528142694,32.0583755,13.58500004,55.79499817,28.90999985,1.316517627,50.90525284,3.406924915,0.810478662,176.9199921,10665.60215,4,1.717774944163437
US_0008580,2012,462.3070359,500.58,809.6850342,2.207478712,397.9240112,-110.7970278,43.4583611,176.9365,2216.778763,4.528142694,32.0583755,13.58500004,55.79499817,28.90999985,1.316517627,51.99800186,3.434058237,0.796299658,177.0120789,10810.5625,4,1.6353827504036902
US_0008580,2013,443.5474012,495.175,800.9590088,2.207478712,404.4420166,-110.7970278,43.4583611,176.9365,2216.778763,4.528142694,32.0583755,13.58500004,55.79499817,28.90999985,1.316517627,52.20966873,3.398016548,0.795571326,176.3894165,10897.02969,4,1.7620793440312235
US_0008580,2014,455.0490733,503.461,817.0410156,2.207478712,402.2760193,-110.7970278,43.4583611,176.9365,2216.778763,4.528142694,32.0583755,13.58500004,55.79499817,28.90999985,1.316517627,49.93883438,3.4487082,0.789809644,176.7598358,10945.91855,4,1.6532959330719057
US_0008580,2015,478.7165484,485.059,832.4500122,2.207478712,404.5430176,-110.7970278,43.4583611,176.9365,2216.778763,4.528142694,32.0583755,13.58500004,55.79499817,28.90999985,1.316517627,49.4136673,3.406908274,0.823292297,176.2913422,11059.07344,4,1.7821242098611203
US_0008581,1989,1117.99,524.34,708.85,1.76303767,391.5911987,-110.7396,43.3729,6909.18,2512.334983,2.897137353,22.29429042,15.39360142,48.41562653,32.6830368,1.571851251,38.99960861,3.643131733,0.686943835,169.1101624,2106.586523,4,1.6336437623052318
US_0008581,1990,1096.98,524.93,709.46,1.76303767,385.7088196,-110.7396,43.3729,6909.18,2512.334983,2.897137353,22.29429042,15.39360142,48.41562653,32.6830368,1.571851251,39.29269104,3.657400131,0.6846328,167.7670227,2167.483008,4,1.5712535958508411
US_0008581,1991,969.85,519.67,708.31,1.76303767,380.1896729,-110.7396,43.3729,6909.18,2512.334983,2.897137353,22.29429042,15.39360142,48.41562653,32.6830368,1.571851251,38.25138245,3.481770992,0.682526331,167.5293396,2229.479492,4,1.543635137899817
US_0008581,1992,1014.76,519.82,712.35,1.76303767,384.8898682,-110.7396,43.3729,6909.18,2512.334983,2.897137353,22.29429042,15.39360142,48.41562653,32.6830368,1.571851251,38.03358078,3.416332245,0.677268738,167.3127777,2276.333691,4,1.580152630060735
US_0008581,1993,1043.8,565.79,664.62,1.76303767,415.4419006,-110.7396,43.3729,6909.18,2512.334983,2.897137353,22.29429042,15.39360142,48.41562653,32.6830368,1.571851251,40.70575333,3.419034243,0.674263049,164.464801,2323.414404,4,1.8072268152739714
US_0008581,1994,1028.55,566.99,682.2,1.76303767,412.1668701,-110.7396,43.3729,6909.18,2512.334983,2.897137353,22.29429042,15.39360142,48.41562653,32.6830368,1.571851251,41.72545776,3.614020348,0.676411401,166.3337799,2369.731445,4,1.7152956458962032
US_0008581,1995,1082.93,605.75,664.81,1.76303767,413.13703,-110.7396,43.3729,6909.18,2512.334983,2.897137353,22.29429042,15.39360142,48.41562653,32.6830368,1.571851251,43.89009628,3.693383217,0.673922144,165.2952667,2420.547412,4,1.6215780514532157
US_0008581,1996,1219.64,629.93,678.96,1.76303767,401.9944031,-110.7396,43.3729,6909.18,2512.334983,2.897137353,22.29429042,15.39360142,48.41562653,32.6830368,1.571851251,44.57423325,3.910461664,0.67138717,166.8376007,2495.036133,4,1.4272699539930545
US_0008581,1997,1427.22,677.7,648.62,1.76303767,415.5447693,-110.7396,43.3729,6909.18,2512.334983,2.897137353,22.29429042,15.39360142,48.41562653,32.6830368,1.571851251,45.82443542,3.628268957,0.669108093,166.2470184,2525.460693,4,1.484800237064834
US_0008581,1998,1538.27,694.52,652.99,1.76303767,413.0768433,-110.7396,43.3729,6909.18,2512.334983,2.897137353,22.29429042,15.39360142,48.41562653,32.6830368,1.571851251,46.33013687,3.426238537,0.669980811,167.106723,2555.447412,4,1.420141822036342
US_0008581,1999,1651.23,698.34,635.34,1.76303767,413.8131348,-110.7396,43.3729,6909.18,2512.334983,2.897137353,22.29429042,15.39360142,48.41562653,32.6830368,1.571851251,45.70192261,3.74009037,0.66565531,166.8425873,2607.821338,4,1.461141779287802
US_0008581,2000,1602.31,656.41,668.65,1.76303767,407.934021,-110.7396,43.3729,6909.18,2512.334983,2.897137353,22.29429042,15.39360142,48.41562653,32.6830368,1.571851251,43.07848129,3.705619335,0.668081238,169.3702179,2629.419922,4,1.429591742613394
US_0008581,2001,1437.07,598.1,686.0,1.76303767,413.0754883,-110.7396,43.3729,6909.18,2512.334983,2.897137353,22.29429042,15.39360142,48.41562653,32.6830368,1.571851251,41.28830109,3.591554403,0.675117224,170.5155365,2654.474707,4,1.5936268557307307
US_0008581,2002,1207.78,552.25,695.64,1.76303767,387.2967712,-110.7396,43.3729,6909.18,2512.334983,2.897137353,22.29429042,15.39360142,48.41562653,32.6830368,1.571851251,39.35033646,3.679937363,0.677075147,173.052774,2741.257813,4,1.5060408899993358
US_0008581,2003,1117.51,516.33,727.99,1.76303767,373.5362427,-110.7396,43.3729,6909.18,2512.334983,2.897137353,22.29429042,15.39360142,48.41562653,32.6830368,1.571851251,36.97684402,3.694551468,0.674026331,174.3767242,2848.365625,4,1.4618468078923856
US_0008581,2004,1020.78,511.27,726.51,1.76303767,389.895874,-110.7396,43.3729,6909.18,2512.334983,2.897137353,22.29429042,15.39360142,48.41562653,32.6830368,1.571851251,37.14801254,3.580499172,0.68124834,173.6545502,2927.757227,4,1.6437971601295887
US_0008581,2005,983.65,529.07,710.37,1.76303767,401.7669739,-110.7396,43.3729,6909.18,2512.334983,2.897137353,22.29429042,15.39360142,48.41562653,32.6830368,1.571851251,37.97859497,3.60155344,0.683711169,172.9685455,3022.950244,4,1.7150233576459213
US_0008581,2006,1018.71,543.23,703.96,1.76303767,401.3257813,-110.7396,43.3729,6909.18,2512.334983,2.897137353,22.29429042,15.39360142,48.41562653,32.6830368,1.571851251,39.83417892,3.716836214,0.681023132,172.8934448,3153.718555,4,1.6560574473943512
US_0008581,2007,1028.79,545.23,723.68,1.76303767,411.8746765,-110.7396,43.3729,6909.18,2512.334983,2.897137353,22.29429042,15.39360142,48.41562653,32.6830368,1.571851251,40.96943817,3.718660593,0.681429346,172.786557,3282.621191,4,1.71114980658257
US_0008581,2008,1050.39,561.3,709.8,1.76303767,411.9085876,-110.7396,43.3729,6909.18,2512.334983,2.897137353,22.29429042,15.39360142,48.41562653,32.6830368,1.571851251,41.33869553,3.805693865,0.672715625,173.459613,3388.839063,4,1.6686316802243777
US_0008581,2009,1130.23,569.16,699.88,1.76303767,396.4739624,-110.7396,43.3729,6909.18,2512.334983,2.897137353,22.29429042,15.39360142,48.41562653,32.6830368,1.571851251,42.04526062,3.574716091,0.665202832,173.7006317,3473.727393,4,1.5172272488181158
US_0008581,2010,1150.64,576.19,686.82,1.76303767,383.0623779,-110.7396,43.3729,6909.18,2512.334983,2.897137353,22.29429042,15.39360142,48.41562653,32.6830368,1.571851251,42.06536026,3.643743992,0.654165942,173.8789154,3549.135596,4,1.412788972346225
US_0008581,2011,1283.77,597.29,665.02,1.76303767,380.1299133,-110.7396,43.3729,6909.18,2512.334983,2.897137353,22.29429042,15.39360142,48.41562653,32.6830368,1.571851251,41.71396637,3.855048895,0.641752673,172.8469421,3663.511328,4,1.3763470592958644
US_0008581,2012,1313.17,569.71,674.0,1.76303767,359.0213928,-110.7396,43.3729,6909.18,2512.334983,2.897137353,22.29429042,15.39360142,48.41562653,32.6830368,1.571851251,41.2624649,3.85196805,0.636969177,173.0875793,3700.739209,4,1.2805653579185057
US_0008581,2013,1293.25,564.33,665.5,1.76303767,359.5545288,-110.7396,43.3729,6909.18,2512.334983,2.897137353,22.29429042,15.39360142,48.41562653,32.6830368,1.571851251,42.93715286,3.623817205,0.644823914,172.6717438,3711.126318,4,1.310851805751445
US_0008581,2014,1250.16,577.33,678.2,1.76303767,369.8520813,-110.7396,43.3729,6909.18,2512.334983,2.897137353,22.29429042,15.39360142,48.41562653,32.6830368,1.571851251,44.79766541,3.775601864,0.647348193,172.9338837,3714.68667,4,1.3290768185950386
US_0008581,2015,1288.09,559.53,695.35,1.76303767,373.9614319,-110.7396,43.3729,6909.18,2512.334983,2.897137353,22.29429042,15.39360142,48.41562653,32.6830368,1.571851251,44.35019913,3.449896336,0.67040293,172.4509705,3723.501172,4,1.3766390537834998
US_0008595,1997,832.6029353,802.5429167,710.2432007,2.651923187,450.9370789,-111.358611,44.0561111,941.4457,2265.228733,2.157225817,27.89070701,9.718333244,46.83083344,41.19333267,1.914889225,54.02755966,3.447447777,0.968686292,164.4435699,808.2180298,4,1.35156055683631
US_0008595,1998,926.2229514,814.1283333,719.6195923,2.651923187,446.6740173,-111.358611,44.0561111,941.4457,2265.228733,2.157225817,27.89070701,9.718333244,46.83083344,41.19333267,1.914889225,54.38330078,3.457871437,0.966065417,165.4623077,826.3982178,4,1.2928637347876544
US_0008595,1999,988.5958778,818.6458333,700.6318115,2.651923187,445.6705505,-111.358611,44.0561111,941.4457,2265.228733,2.157225817,27.89070701,9.718333244,46.83083344,41.19333267,1.914889225,53.52848587,3.48659606,0.959796753,165.2888977,857.6289307,4,1.3171336170827308
US_0008595,2000,960.3946843,776.9484722,731.6420898,2.651923187,441.4209717,-111.358611,44.0561111,941.4457,2265.228733,2.157225817,27.89070701,9.718333244,46.83083344,41.19333267,1.914889225,50.76930695,3.49004283,0.963507104,167.8284576,883.7134033,4,1.2962103820224224
US_0008595,2001,870.7215283,701.9219444,745.6223755,2.651923187,452.5836121,-111.358611,44.0561111,941.4457,2265.228733,2.157225817,27.89070701,9.718333244,46.83083344,41.19333267,1.914889225,49.52737274,3.428567171,0.976011438,168.8559814,902.8993286,4,1.4799021970249489
US_0008595,2002,734.0665638,648.9155556,758.6301758,2.651923187,428.5755554,-111.358611,44.0561111,941.4457,2265.228733,2.157225817,27.89070701,9.718333244,46.83083344,41.19333267,1.914889225,47.90854111,3.434689856,0.977596545,171.4129242,907.2298584,4,1.418571820879915
US_0008595,2003,679.4079552,622.6623611,788.6453125,2.651923187,412.6348633,-111.358611,44.0561111,941.4457,2265.228733,2.157225817,27.89070701,9.718333244,46.83083344,41.19333267,1.914889225,45.17457123,3.483084536,0.976788977,172.837323,909.0756836,4,1.3321123655223686
US_0008595,2004,640.2904626,604.2329167,789.3446167,2.651923187,431.0781982,-111.358611,44.0561111,941.4457,2265.228733,2.157225817,27.89070701,9.718333244,46.83083344,41.19333267,1.914889225,45.73564835,3.448620367,0.974811438,172.1259674,890.2220947,4,1.513857178493948
US_0008595,2005,636.062666,618.9145833,772.4787964,2.651923187,444.144165,-111.358611,44.0561111,941.4457,2265.228733,2.157225817,27.89070701,9.718333244,46.83083344,41.19333267,1.914889225,46.58796234,3.427563667,0.975248413,171.3314514,870.0886963,4,1.6013378368880813
US_0008595,2006,716.5484263,647.6675,767.95448,2.651923187,440.9027771,-111.358611,44.0561111,941.4457,2265.228733,2.157225817,27.89070701,9.718333244,46.83083344,41.19333267,1.914889225,48.30479202,3.453913164,0.969428967,171.1842529,853.1820068,4,1.492793356093685
US_0008595,2007,716.4797793,647.8756944,789.1213989,2.651923187,448.7437561,-111.358611,44.0561111,941.4457,2265.228733,2.157225817,27.89070701,9.718333244,46.83083344,41.19333267,1.914889225,50.73872757,3.472487211,0.977329614,171.0928741,857.1068604,4,1.5116565785907548
US_0008595,2008,753.4337745,666.5219444,775.7918213,2.651923187,450.5666687,-111.358611,44.0561111,941.4457,2265.228733,2.157225817,27.89070701,9.718333244,46.83083344,41.19333267,1.914889225,51.9236702,3.491431618,0.963531079,171.7873505,854.7552734,4,1.4965267636109192
US_0008595,2009,779.1495058,676.2481944,763.0990479,2.651923187,435.4548584,-111.358611,44.0561111,941.4457,2265.228733,2.157225817,27.89070701,9.718333244,46.83083344,41.19333267,1.914889225,53.1067482,3.489230251,0.97676864,171.9615845,846.539856,4,1.391733106415303
US_0008595,2010,780.0085083,690.6029167,752.1001343,2.651923187,425.1945862,-111.358611,44.0561111,941.4457,2265.228733,2.157225817,27.89070701,9.718333244,46.83083344,41.19333267,1.914889225,53.58975754,3.494080973,0.968232556,172.1872803,850.1533447,4,1.3165854267990251
US_0008595,2011,813.0611906,704.8722222,729.465564,2.651923187,421.3294495,-111.358611,44.0561111,941.4457,2265.228733,2.157225817,27.89070701,9.718333244,46.83083344,41.19333267,1.914889225,52.84666748,3.519605303,0.966346118,171.199292,841.2584717,4,1.303992651803545
US_0008595,2012,858.6166741,691.7409722,739.8765503,2.651923187,404.0881958,-111.358611,44.0561111,941.4457,2265.228733,2.157225817,27.89070701,9.718333244,46.83083344,41.19333267,1.914889225,51.55819473,3.546071672,0.964333337,171.3553833,826.1849731,4,1.2149239388941233
US_0008595,2013,817.6722231,675.2106944,731.8509888,2.651923187,411.8044495,-111.358611,44.0561111,941.4457,2265.228733,2.157225817,27.89070701,9.718333244,46.83083344,41.19333267,1.914889225,52.34338989,3.51265502,0.991284204,170.9780121,820.2636963,4,1.2987596850844487
US_0008595,2014,823.1441412,701.0129167,744.8541748,2.651923187,421.6479248,-111.358611,44.0561111,941.4457,2265.228733,2.157225817,27.89070701,9.718333244,46.83083344,41.19333267,1.914889225,52.661689,3.549606371,0.996442542,171.2387756,815.2090698,4,1.28815177745925
US_0008595,2015,818.2775291,677.8098611,762.1521118,2.651923187,422.9630676,-111.358611,44.0561111,941.4457,2265.228733,2.157225817,27.89070701,9.718333244,46.83083344,41.19333267,1.914889225,51.74412079,3.512327433,1.031762219,170.8173187,801.8568481,4,1.3128617161241651
US_0008609,1989,404.1,407.57,832.54,3.817232752,339.583902,-112.3688,43.1979,25837.05,2156.307134,2.359877095,23.11331212,16.42449951,41.37750626,39.81557465,2.132800621,31.48507919,3.532846451,0.72913363,171.9891022,5267.536523,4,1.557511275598442
US_0008609,1990,356.09,406.79,836.21,3.817232752,334.3316193,-112.3688,43.1979,25837.05,2156.307134,2.359877095,23.11331212,16.42449951,41.37750626,39.81557465,2.132800621,31.3468811,3.610344172,0.730002271,170.6748993,5265.244824,4,1.4944606673916219
US_0008609,1991,227.66,404.56,832.71,3.817232752,330.0086884,-112.3688,43.1979,25837.05,2156.307134,2.359877095,23.11331212,16.42449951,41.37750626,39.81557465,2.132800621,30.09315643,3.420973063,0.725800525,170.6963196,5317.39248,4,1.4642583586855336
US_0008609,1992,218.62,399.98,841.48,3.817232752,328.5407562,-112.3688,43.1979,25837.05,2156.307134,2.359877095,23.11331212,16.42449951,41.37750626,39.81557465,2.132800621,30.22485046,3.37387085,0.719434863,170.4445251,5291.391797,4,1.4694331646768455
US_0008609,1993,245.98,442.3,793.48,3.817232752,365.6344604,-112.3688,43.1979,25837.05,2156.307134,2.359877095,23.11331212,16.42449951,41.37750626,39.81557465,2.132800621,32.88502998,3.334749937,0.721765259,167.7411926,5276.271777,4,1.6753621561458358
US_0008609,1994,249.75,449.23,811.86,3.817232752,361.3213989,-112.3688,43.1979,25837.05,2156.307134,2.359877095,23.11331212,16.42449951,41.37750626,39.81557465,2.132800621,32.53830299,3.536957979,0.722795618,169.1931732,5227.229688,4,1.5465126637275697
US_0008609,1995,281.38,481.65,796.03,3.817232752,373.9209839,-112.3688,43.1979,25837.05,2156.307134,2.359877095,23.11331212,16.42449951,41.37750626,39.81557465,2.132800621,35.38929482,3.599054813,0.724886169,167.9890289,5274.714355,4,1.5143832360402432
US_0008609,1996,373.97,496.73,811.88,3.817232752,365.5333008,-112.3688,43.1979,25837.05,2156.307134,2.359877095,23.11331212,16.42449951,41.37750626,39.81557465,2.132800621,36.57690697,3.797466993,0.724426685,169.457074,5356.207227,4,1.3531575811885008
US_0008609,1997,540.61,534.76,778.26,3.817232752,390.3028625,-112.3688,43.1979,25837.05,2156.307134,2.359877095,23.11331212,16.42449951,41.37750626,39.81557465,2.132800621,38.9620079,3.534606457,0.726555945,168.7804749,5469.708301,4,1.4523343380028144
US_0008609,1998,605.68,545.76,785.55,3.817232752,389.6864441,-112.3688,43.1979,25837.05,2156.307134,2.359877095,23.11331212,16.42449951,41.37750626,39.81557465,2.132800621,39.42102966,3.358366489,0.727827112,169.4125702,5526.753809,4,1.3974324470470652
US_0008609,1999,687.96,549.74,766.64,3.817232752,394.7785828,-112.3688,43.1979,25837.05,2156.307134,2.359877095,23.11331212,16.42449951,41.37750626,39.81557465,2.132800621,40.40425568,3.650048971,0.722354712,169.3292664,5674.905762,4,1.4515255387753312
US_0008609,2000,677.01,515.83,795.89,3.817232752,380.8696106,-112.3688,43.1979,25837.05,2156.307134,2.359877095,23.11331212,16.42449951,41.37750626,39.81557465,2.132800621,37.64452744,3.620450974,0.719280664,171.8468842,5805.594238,4,1.4226184394364594
US_0008609,2001,577.76,472.14,811.31,3.817232752,373.5682129,-112.3688,43.1979,25837.05,2156.307134,2.359877095,23.11331212,16.42449951,41.37750626,39.81557465,2.132800621,35.15573044,3.500592709,0.72380011,172.7281647,5885.224902,4,1.5403496602526943
US_0008609,2002,410.67,434.37,826.94,3.817232752,346.3987793,-112.3688,43.1979,25837.05,2156.307134,2.359877095,23.11331212,16.42449951,41.37750626,39.81557465,2.132800621,33.12962875,3.564684153,0.723291492,175.2497223,6008.415918,4,1.4584003072768188
US_0008609,2003,328.77,401.0,859.86,3.817232752,323.079303,-112.3688,43.1979,25837.05,2156.307134,2.359877095,23.11331212,16.42449951,41.37750626,39.81557465,2.132800621,30.76852226,3.596062183,0.71850238,176.7878601,6079.630078,4,1.3828986979545836
US_0008609,2004,239.66,400.29,860.72,3.817232752,337.0065735,-112.3688,43.1979,25837.05,2156.307134,2.359877095,23.11331212,16.42449951,41.37750626,39.81557465,2.132800621,30.42975502,3.464234829,0.733382044,176.2088257,6146.329395,4,1.5490152629150307
US_0008609,2005,214.92,422.03,844.2,3.817232752,351.0520142,-112.3688,43.1979,25837.05,2156.307134,2.359877095,23.11331212,16.42449951,41.37750626,39.81557465,2.132800621,31.39225426,3.481966019,0.740700354,175.505368,6210.771191,4,1.57311291877033
US_0008609,2006,257.11,439.45,835.65,3.817232752,362.7940674,-112.3688,43.1979,25837.05,2156.307134,2.359877095,23.11331212,16.42449951,41.37750626,39.81557465,2.132800621,33.27094688,3.586149454,0.742003735,175.4351746,6330.009375,4,1.5973080680922072
US_0008609,2007,263.67,441.16,854.47,3.817232752,366.6543396,-112.3688,43.1979,25837.05,2156.307134,2.359877095,23.11331212,16.42449951,41.37750626,39.81557465,2.132800621,33.39734344,3.611905098,0.744445178,175.3997925,6428.979102,4,1.6058642114564323
US_0008609,2008,282.15,452.04,842.53,3.817232752,371.6411499,-112.3688,43.1979,25837.05,2156.307134,2.359877095,23.11331212,16.42449951,41.37750626,39.81557465,2.132800621,33.6009285,3.669045687,0.738724585,176.3726959,6528.94707,4,1.6025631715086093
US_0008609,2009,330.29,456.1,830.76,3.817232752,364.2699646,-112.3688,43.1979,25837.05,2156.307134,2.359877095,23.11331212,16.42449951,41.37750626,39.81557465,2.132800621,34.40293961,3.452902555,0.737280945,176.4641235,6508.955566,4,1.51027974177015
US_0008609,2010,343.5,457.49,820.65,3.817232752,353.9963501,-112.3688,43.1979,25837.05,2156.307134,2.359877095,23.11331212,16.42449951,41.37750626,39.81557465,2.132800621,34.19059372,3.555710316,0.726563159,176.6620209,6512.880078,4,1.4148905983642248
US_0008609,2011,421.79,470.67,799.93,3.817232752,353.1695862,-112.3688,43.1979,25837.05,2156.307134,2.359877095,23.11331212,16.42449951,41.37750626,39.81557465,2.132800621,34.70767136,3.736341715,0.723469006,175.8525757,6502.895508,4,1.3720890703716309
US_0008609,2012,453.3,455.87,809.9,3.817232752,341.0230774,-112.3688,43.1979,25837.05,2156.307134,2.359877095,23.11331212,16.42449951,41.37750626,39.81557465,2.132800621,35.18125191,3.743606091,0.720638013,175.9437622,6392.161328,4,1.3220644201197191
US_0008609,2013,437.51,453.11,803.97,3.817232752,345.1801636,-112.3688,43.1979,25837.05,2156.307134,2.359877095,23.11331212,16.42449951,41.37750626,39.81557465,2.132800621,35.73289185,3.511840343,0.728814758,175.3741882,6399.167969,4,1.3763249905476393
US_0008609,2014,409.71,462.96,816.55,3.817232752,345.4985657,-112.3688,43.1979,25837.05,2156.307134,2.359877095,23.11331212,16.42449951,41.37750626,39.81557465,2.132800621,35.46873169,3.677281141,0.727451404,175.6781128,6382.415137,4,1.3218561662120973
US_0008609,2015,416.69,449.79,832.75,3.817232752,351.001825,-112.3688,43.1979,25837.05,2156.307134,2.359877095,23.11331212,16.42449951,41.37750626,39.81557465,2.132800621,35.76494217,3.355918169,0.754676477,175.2361786,6317.189941,4,1.4116240895760526
US_0008666,1995,168.7509328,350.9657143,1020.971448,6.597542934,277.8280975,-115.9892597,41.8604583,419.0921,2000.842846,2.354804796,22.93062523,21.04062462,42.24687576,34.54999924,1.092570311,11.07250013,3.515551376,0.509802515,185.5711914,3072.028564,4,1.1251773199576385
US_0008666,2001,230.009047,366.4295238,1036.948132,6.597542934,306.6800079,-115.9892597,41.8604583,419.0921,2000.842846,2.354804796,22.93062523,21.04062462,42.24687576,34.54999924,1.092570311,12.21980114,3.521789598,0.495503333,188.5257599,4092.246289,4,1.2965152367458068
US_0008666,2002,212.1401433,343.2228571,1053.478589,6.597542934,278.4233368,-115.9892597,41.8604583,419.0921,2000.842846,2.354804796,22.93062523,21.04062462,42.24687576,34.54999924,1.092570311,11.09027748,3.492626762,0.496537512,190.4355621,4223.29082,4,1.1557721431120864
US_0008666,2003,176.133486,315.6495238,1088.546216,6.597542934,258.706192,-115.9892597,41.8604583,419.0921,2000.842846,2.354804796,22.93062523,21.04062462,42.24687576,34.54999924,1.092570311,10.76234112,3.483845139,0.492668341,193.191156,4368.249805,4,1.1206403771154105
US_0008666,2004,156.4641867,328.6980952,1099.833374,6.597542934,274.3457184,-115.9892597,41.8604583,419.0921,2000.842846,2.354804796,22.93062523,21.04062462,42.24687576,34.54999924,1.092570311,10.7982935,3.432753897,0.50679375,192.3273468,4505.466699,4,1.1853151652720488
US_0008666,2005,175.1387227,353.7461905,1090.948633,6.597542934,286.1576141,-115.9892597,41.8604583,419.0921,2000.842846,2.354804796,22.93062523,21.04062462,42.24687576,34.54999924,1.092570311,10.92222233,3.414825296,0.51432417,190.7642914,4653.401367,4,1.1460517836879403
US_0008666,2006,242.8210293,372.0338095,1071.651953,6.597542934,287.8309448,-115.9892597,41.8604583,419.0921,2000.842846,2.354804796,22.93062523,21.04062462,42.24687576,34.54999924,1.092570311,11.21900806,3.420031691,0.508589581,190.3348907,4835.37002,4,1.079458646479002
US_0008666,2007,235.1877515,368.9695238,1086.750073,6.597542934,287.151416,-115.9892597,41.8604583,419.0921,2000.842846,2.354804796,22.93062523,21.04062462,42.24687576,34.54999924,1.092570311,10.91198416,3.431111097,0.508449164,190.1525513,5017.241797,4,1.080671565839628
US_0008666,2008,250.9443296,349.7071429,1083.593872,6.597542934,281.5428406,-115.9892597,41.8604583,419.0921,2000.842846,2.354804796,22.93062523,21.04062462,42.24687576,34.54999924,1.092570311,9.639087486,3.491420555,0.501023755,191.6489838,5054.79082,4,1.1316665217418187
US_0008666,2009,254.5619863,359.4666667,1072.398608,6.597542934,286.9228394,-115.9892597,41.8604583,419.0921,2000.842846,2.354804796,22.93062523,21.04062462,42.24687576,34.54999924,1.092570311,9.22059536,3.501809454,0.496895837,191.6895386,4950.331738,4,1.131165555256593
US_0008666,2010,241.6580236,353.2528571,1059.518591,6.597542934,278.6985596,-115.9892597,41.8604583,419.0921,2000.842846,2.354804796,22.93062523,21.04062462,42.24687576,34.54999924,1.092570311,9.240912819,3.557051516,0.488311255,191.7160034,4982.621484,4,1.1012788018328088
US_0008666,2011,244.0898862,357.6419048,1039.038611,6.597542934,288.4347473,-115.9892597,41.8604583,419.0921,2000.842846,2.354804796,22.93062523,21.04062462,42.24687576,34.54999924,1.092570311,10.42742081,3.577535629,0.502681268,191.1140991,4916.591016,4,1.1717430779107392
US_0008666,2012,245.5660541,374.1480952,1039.39718,6.597542934,291.2080811,-115.9892597,41.8604583,419.0921,2000.842846,2.354804796,22.93062523,21.04062462,42.24687576,34.54999924,1.092570311,10.86186533,3.617154837,0.496160425,191.2055664,4831.501953,4,1.1114775276691087
US_0008666,2013,222.9973906,379.9342857,1041.542419,6.597542934,304.2042725,-115.9892597,41.8604583,419.0921,2000.842846,2.354804796,22.93062523,21.04062462,42.24687576,34.54999924,1.092570311,11.33519878,3.566166735,0.500265002,190.3950134,4885.858105,4,1.1872175613141103
US_0008666,2014,198.4194156,379.527619,1058.673401,6.597542934,295.2080872,-115.9892597,41.8604583,419.0921,2000.842846,2.354804796,22.93062523,21.04062462,42.24687576,34.54999924,1.092570311,12.15928612,3.58591671,0.496429175,190.7211639,5003.976074,4,1.1078588266770588
US_0008666,2015,172.0606309,377.0804762,1085.861987,6.597542934,305.30047,-115.9892597,41.8604583,419.0921,2000.842846,2.354804796,22.93062523,21.04062462,42.24687576,34.54999924,1.092570311,12.37880974,3.513083363,0.508162512,191.3353302,4954.169434,4,1.187150905451753
US_0008666,2016,117.8654058,369.9733333,1120.540039,6.597542934,301.731427,-115.9892597,41.8604583,419.0921,2000.842846,2.354804796,22.93062523,21.04062462,42.24687576,34.54999924,1.092570311,11.52464294,3.502904797,0.51185625,191.9686615,4479.604736,4,1.177253496168297
US_0008733,1995,350.707077,386.24,675.751123,5.819871927,316.0488831,-114.1338889,45.20555556,48.31662,2303.682837,3.987539387,20.83577351,22.75,45.3125,30.125,1.721245805,14.45740719,2.625333405,0.8886625,161.8372223,867.4278687,4,1.6601466370852438
US_0008733,1996,462.4418872,388.7488889,684.0955688,5.819871927,309.0488861,-114.1338889,45.20555556,48.31662,2303.682837,3.987539387,20.83577351,22.75,45.3125,30.125,1.721245805,15.20740719,2.673111153,0.88468335,163.0812988,877.4949829,4,1.5311376490063173
US_0008733,1997,580.448463,407.7644444,659.4088867,5.819871927,313.377774,-114.1338889,45.20555556,48.31662,2303.682837,3.987539387,20.83577351,22.75,45.3125,30.125,1.721245805,15.32166653,2.714055538,0.877445862,162.9572296,851.3865601,4,1.5032167944672408
US_0008733,1998,601.713791,411.2511111,670.4822144,5.819871927,300.5822174,-114.1338889,45.20555556,48.31662,2303.682837,3.987539387,20.83577351,22.75,45.3125,30.125,1.721245805,15.61870365,2.715166664,0.880587537,163.9829712,829.8497681,4,1.336426462879507
US_0008733,1999,621.0442827,409.2466667,651.8711182,5.819871927,301.9911102,-114.1338889,45.20555556,48.31662,2303.682837,3.987539387,20.83577351,22.75,45.3125,30.125,1.721245805,16.46648159,2.752888823,0.866837512,164.4438934,808.5990967,4,1.3869968293962547
US_0008733,2000,586.5238829,366.8888889,674.0177856,5.819871927,287.8333344,-114.1338889,45.20555556,48.31662,2303.682837,3.987539387,20.83577351,22.75,45.3125,30.125,1.721245805,15.76537056,2.751222181,0.852987512,167.027597,784.6247437,4,1.4370412382635156
US_0008733,2001,514.0790065,352.0088889,686.1977661,5.819871927,297.5377747,-114.1338889,45.20555556,48.31662,2303.682837,3.987539387,20.83577351,22.75,45.3125,30.125,1.721245805,13.93333359,2.713611078,0.861454163,168.1372253,714.2454956,4,1.678784314800655
US_0008733,2002,435.5696734,335.9644444,693.7266724,5.819871927,289.193335,-114.1338889,45.20555556,48.31662,2303.682837,3.987539387,20.83577351,22.75,45.3125,30.125,1.721245805,13.73537045,2.711981487,0.867870825,170.2029633,684.4884399,4,1.7031209723966483
US_0008733,2003,450.9410798,313.16,719.1978027,5.819871927,272.4266663,-114.1338889,45.20555556,48.31662,2303.682837,3.987539387,20.83577351,22.75,45.3125,30.125,1.721245805,13.01259251,2.743574047,0.858237476,172.5755554,627.4068726,4,1.6374488353718435
US_0008733,2004,442.2623858,328.98,722.051123,5.819871927,286.3533325,-114.1338889,45.20555556,48.31662,2303.682837,3.987539387,20.83577351,22.75,45.3125,30.125,1.721245805,12.78166637,2.707018518,0.829412476,171.4616699,580.196582,4,1.6914806345555058
US_0008733,2005,462.9177997,339.6822222,709.5666748,5.819871927,286.6177795,-114.1338889,45.20555556,48.31662,2303.682837,3.987539387,20.83577351,22.75,45.3125,30.125,1.721245805,12.81074028,2.688907385,0.80554165,170.5890778,581.8321777,4,1.5897937931408763
US_0008733,2006,506.1530095,351.5955556,704.4889038,5.819871927,291.1044495,-114.1338889,45.20555556,48.31662,2303.682837,3.987539387,20.83577351,22.75,45.3125,30.125,1.721245805,14.33166656,2.714074039,0.774637476,170.0672241,564.1414429,4,1.5511772649450584
US_0008733,2007,507.4262112,351.1933333,723.0489014,5.819871927,287.764447,-114.1338889,45.20555556,48.31662,2303.682837,3.987539387,20.83577351,22.75,45.3125,30.125,1.721245805,14.73944435,2.735203648,0.74442915,170.2218536,555.560144,4,1.4810924586916463
US_0008733,2008,518.8654828,348.6844444,714.1600098,5.819871927,294.0777832,-114.1338889,45.20555556,48.31662,2303.682837,3.987539387,20.83577351,22.75,45.3125,30.125,1.721245805,14.55796299,2.76820364,0.715345825,170.1863007,525.0496704,4,1.6095165546986012
US_0008733,2009,579.2893739,349.6466667,706.9711426,5.819871927,292.457782,-114.1338889,45.20555556,48.31662,2303.682837,3.987539387,20.83577351,22.75,45.3125,30.125,1.721245805,14.78666687,2.782074022,0.719895837,170.4205566,435.0131027,4,1.5858269926814164
US_0008733,2010,611.3053884,371.3666667,689.2955933,5.819871927,300.1244446,-114.1338889,45.20555556,48.31662,2303.682837,3.987539387,20.83577351,22.75,45.3125,30.125,1.721245805,15.43537102,2.78977766,0.711933337,169.5835175,307.6577744,4,1.5354905559233674
US_0008733,2011,725.1353376,374.4511111,670.6600342,5.819871927,291.3200012,-114.1338889,45.20555556,48.31662,2303.682837,3.987539387,20.83577351,22.75,45.3125,30.125,1.721245805,15.16148167,2.81514802,0.701320837,168.4761108,236.2399765,4,1.434392017558217
US_0008733,2012,733.4511268,380.1955556,671.0222412,5.819871927,292.335553,-114.1338889,45.20555556,48.31662,2303.682837,3.987539387,20.83577351,22.75,45.3125,30.125,1.721245805,15.38129673,2.840536976,0.699133325,167.9585205,155.4195831,4,1.4105751557534767
US_0008733,2013,654.1997937,376.9022222,665.6489014,5.819871927,301.1755493,-114.1338889,45.20555556,48.31662,2303.682837,3.987539387,20.83577351,22.75,45.3125,30.125,1.721245805,15.36629677,2.814388847,0.71194165,168.1659241,119.6405212,4,1.5470657980504918
US_0008733,2014,645.8739135,386.6822222,677.593335,5.819871927,299.7333313,-114.1338889,45.20555556,48.31662,2303.682837,3.987539387,20.83577351,22.75,45.3125,30.125,1.721245805,14.85259304,2.829481459,0.712537476,168.422406,129.3745407,4,1.4444885124891758
US_0008733,2015,625.9926553,359.7933333,704.1333374,5.819871927,292.0222229,-114.1338889,45.20555556,48.31662,2303.682837,3.987539387,20.83577351,22.75,45.3125,30.125,1.721245805,14.25518532,2.811425924,0.742270801,169.4914795,135.6582626,4,1.4956041685529096
US_0008733,2016,534.4336615,355.18,727.9644409,5.819871927,303.2844482,-114.1338889,45.20555556,48.31662,2303.682837,3.987539387,20.83577351,22.75,45.3125,30.125,1.721245805,14.28796329,2.785351896,0.781095801,170.4279633,145.2012863,4,1.6695738716653081
US_0008738,1997,355.9099641,507.9797867,682.5182129,4.496648712,349.6804016,-114.5963889,45.2936111,7326.287,2160.303793,4.714331358,20.96439973,16.06169891,45.88012695,36.21686172,1.372770702,33.89980659,2.578840685,0.719781348,166.1614502,4303.357031,4,1.3691316063036745
US_0008738,1998,405.179476,520.6155467,690.9472168,4.496648712,343.1484314,-114.5963889,45.2936111,7326.287,2160.303793,4.714331358,20.96439973,16.06169891,45.88012695,36.21686172,1.372770702,34.33867531,2.579367542,0.724092139,166.5839447,4162.316797,4,1.2701464856772364
US_0008738,1999,451.1656609,529.9572267,673.9733887,4.496648712,348.1934204,-114.5963889,45.2936111,7326.287,2160.303793,4.714331358,20.96439973,16.06169891,45.88012695,36.21686172,1.372770702,35.98447952,2.613927317,0.719364551,167.1953918,3641.874316,4,1.3057517498583908
US_0008738,2000,423.184169,487.4341333,700.5911011,4.496648712,339.5517944,-114.5963889,45.2936111,7326.287,2160.303793,4.714331358,20.96439973,16.06169891,45.88012695,36.21686172,1.372770702,35.99878235,2.609995794,0.718724841,169.9993164,3385.975977,4,1.3297865959711848
US_0008738,2001,353.6152649,454.1408533,714.6763428,4.496648712,343.6571777,-114.5963889,45.2936111,7326.287,2160.303793,4.714331358,20.96439973,16.06169891,45.88012695,36.21686172,1.372770702,34.62744217,2.572342873,0.722766479,171.1300079,3213.574219,4,1.4807200369731128
US_0008738,2002,294.1555245,431.0495467,726.3509644,4.496648712,327.3925415,-114.5963889,45.2936111,7326.287,2160.303793,4.714331358,20.96439973,16.06169891,45.88012695,36.21686172,1.372770702,33.87505493,2.566504622,0.724625903,173.107547,3023.921338,4,1.418167166892784
US_0008738,2003,284.8737731,403.6573867,753.4045898,4.496648712,313.890271,-114.5963889,45.2936111,7326.287,2160.303793,4.714331358,20.96439973,16.06169891,45.88012695,36.21686172,1.372770702,32.29074936,2.593455076,0.717634485,175.8776733,2830.574561,4,1.3924465423817254
US_0008738,2004,255.3105033,415.4688,756.8337036,4.496648712,330.9292053,-114.5963889,45.2936111,7326.287,2160.303793,4.714331358,20.96439973,16.06169891,45.88012695,36.21686172,1.372770702,31.59604263,2.550899744,0.730787878,174.8226807,2983.654248,4,1.5000343395882045
US_0008738,2005,249.4709518,426.18872,743.0352173,4.496648712,327.5003479,-114.5963889,45.2936111,7326.287,2160.303793,4.714331358,20.96439973,16.06169891,45.88012695,36.21686172,1.372770702,30.36038017,2.526494598,0.738923584,173.9471436,3147.504004,4,1.4209263880083767
US_0008738,2006,294.2572071,448.84608,737.2664063,4.496648712,329.3990417,-114.5963889,45.2936111,7326.287,2160.303793,4.714331358,20.96439973,16.06169891,45.88012695,36.21686172,1.372770702,31.38526726,2.54521656,0.736159595,173.3604462,3128.002344,4,1.3406820382063152
US_0008738,2007,295.3879343,447.7701333,753.2678101,4.496648712,330.5007446,-114.5963889,45.2936111,7326.287,2160.303793,4.714331358,20.96439973,16.06169891,45.88012695,36.21686172,1.372770702,31.13110542,2.560475016,0.731222424,173.5792664,3108.884619,4,1.3342677468652862
US_0008738,2008,311.9600073,438.2719467,744.3120117,4.496648712,334.8556274,-114.5963889,45.2936111,7326.287,2160.303793,4.714331358,20.96439973,16.06169891,45.88012695,36.21686172,1.372770702,31.10034523,2.584434128,0.718289172,173.7580811,3119.140527,4,1.4291922916398663
US_0008738,2009,335.7408531,437.8797333,737.449939,4.496648712,333.0759155,-114.5963889,45.2936111,7326.287,2160.303793,4.714331358,20.96439973,16.06169891,45.88012695,36.21686172,1.372770702,32.18035698,2.598190594,0.692702759,173.7974579,3072.769922,4,1.4235239528355248
US_0008738,2010,353.0113785,455.96432,720.3737305,4.496648712,339.871991,-114.5963889,45.2936111,7326.287,2160.303793,4.714331358,20.96439973,16.06169891,45.88012695,36.21686172,1.372770702,33.64042816,2.617057467,0.66209165,172.7281738,3042.315967,4,1.4266245643330824
US_0008738,2011,369.3991394,449.6393067,700.5842896,4.496648712,332.4426941,-114.5963889,45.2936111,7326.287,2160.303793,4.714331358,20.96439973,16.06169891,45.88012695,36.21686172,1.372770702,33.49607391,2.638417435,0.63983197,171.7508148,3033.362939,4,1.4161562217427845
US_0008738,2012,396.5883072,472.4012533,699.6325195,4.496648712,335.0479187,-114.5963889,45.2936111,7326.287,2160.303793,4.714331358,20.96439973,16.06169891,45.88012695,36.21686172,1.372770702,35.25790939,2.66728611,0.623572607,170.8986572,3094.666406,4,1.3479345155652205
US_0008738,2013,375.9514337,468.86016,696.1121948,4.496648712,345.9908813,-114.5963889,45.2936111,7326.287,2160.303793,4.714331358,20.96439973,16.06169891,45.88012695,36.21686172,1.372770702,35.58146248,2.645112801,0.62839292,170.991806,3149.160547,4,1.4645198337602512
US_0008738,2014,377.5251352,487.2921333,708.5415039,4.496648712,338.5321899,-114.5963889,45.2936111,7326.287,2160.303793,4.714331358,20.96439973,16.06169891,45.88012695,36.21686172,1.372770702,33.96585312,2.660942125,0.624753882,171.37836,3230.148047,4,1.3110957626087811
US_0008738,2015,364.2737624,460.8454133,736.4266846,4.496648712,333.6226807,-114.5963889,45.2936111,7326.287,2160.303793,4.714331358,20.96439973,16.06169891,45.88012695,36.21686172,1.372770702,32.50880852,2.64128232,0.641040234,172.7469574,3281.211963,4,1.3291532819510885
US_0008738,2016,308.4278867,458.47024,763.3973755,4.496648712,346.9022217,-114.5963889,45.2936111,7326.287,2160.303793,4.714331358,20.96439973,16.06169891,45.88012695,36.21686172,1.372770702,32.98569374,2.624287748,0.653399573,173.6720367,3319.045801,4,1.4184386022891822
US_0009327,1996,4.144565413,451.3266075,885.9585938,4.850331979,385.1021912,-104.9515833,39.8109722,10424.46,2560.658124,2.280316712,23.2277282,17.72719383,51.56964874,28.8065834,1.714859415,9.835277939,4.092217255,0.704954285,187.8316681,146055.7906,4,1.7191431529656924
US_0009327,1997,5.19537477,481.299428,854.3386108,4.850331979,404.8049438,-104.9515833,39.8109722,10424.46,2560.658124,2.280316712,23.2277282,17.72719383,51.56964874,28.8065834,1.714859415,10.17571163,4.102897739,0.709819873,188.0052551,148002.2,4,1.7783167640644728
US_0009327,1998,5.462321087,482.7205917,847.682019,4.850331979,408.6993469,-104.9515833,39.8109722,10424.46,2560.658124,2.280316712,23.2277282,17.72719383,51.56964874,28.8065834,1.714859415,10.69251804,4.073514748,0.715956885,189.0040863,148907.45,4,1.8317621104112567
US_0009327,1999,5.895943086,497.8790533,840.6797607,4.850331979,421.3941223,-104.9515833,39.8109722,10424.46,2560.658124,2.280316712,23.2277282,17.72719383,51.56964874,28.8065834,1.714859415,10.9828186,4.083010006,0.715139514,188.9833771,152508.1938,4,1.8922935091454636
US_0009327,2000,5.462761018,477.8196844,868.2939453,4.850331979,411.0918335,-104.9515833,39.8109722,10424.46,2560.658124,2.280316712,23.2277282,17.72719383,51.56964874,28.8065834,1.714859415,10.08478613,4.09690361,0.709438416,190.5384613,157398.5281,4,1.8762215181835507
US_0009327,2001,5.737474803,470.2604339,869.7531738,4.850331979,411.3677551,-104.9515833,39.8109722,10424.46,2560.658124,2.280316712,23.2277282,17.72719383,51.56964874,28.8065834,1.714859415,10.32554045,4.046533823,0.710030298,190.004184,162622.7781,4,1.9593606832521595
US_0009327,2002,4.403522311,405.8376923,894.1917236,4.850331979,362.6618378,-104.9515833,39.8109722,10424.46,2560.658124,2.280316712,23.2277282,17.72719383,51.56964874,28.8065834,1.714859415,9.125133133,4.060505629,0.704970203,192.340274,164929.6563,4,1.8517886647769635
US_0009327,2003,4.407832176,400.2413018,923.3742432,4.850331979,353.3114655,-104.9515833,39.8109722,10424.46,2560.658124,2.280316712,23.2277282,17.72719383,51.56964874,28.8065834,1.714859415,8.408864212,4.07057147,0.700151501,192.4308258,166139.1344,4,1.7148354520930043
US_0009327,2004,4.335255441,398.0844379,928.0302124,4.850331979,351.1162506,-104.9515833,39.8109722,10424.46,2560.658124,2.280316712,23.2277282,17.72719383,51.56964874,28.8065834,1.714859415,7.945119858,4.066994619,0.697948779,191.7750275,166872.775,4,1.6979708935756448
US_0009327,2005,4.435000666,401.2220907,921.690564,4.850331979,353.7760406,-104.9515833,39.8109722,10424.46,2560.658124,2.280316712,23.2277282,17.72719383,51.56964874,28.8065834,1.714859415,8.41892004,4.065368032,0.694578772,191.3737152,167336.5219,4,1.7129933743181565
US_0009327,2006,4.401168236,413.8242998,928.5670532,4.850331979,360.0480133,-104.9515833,39.8109722,10424.46,2560.658124,2.280316712,23.2277282,17.72719383,51.56964874,28.8065834,1.714859415,8.282446003,4.10702076,0.69229436,191.8189575,166933.0344,4,1.6637912217302389
US_0009327,2007,5.335099087,451.9116963,932.0477661,4.850331979,386.112439,-104.9515833,39.8109722,10424.46,2560.658124,2.280316712,23.2277282,17.72719383,51.56964874,28.8065834,1.714859415,9.273555374,4.111029243,0.701007813,190.5450836,168208.3375,4,1.6651829700381389
US_0009327,2008,5.639622014,449.4881657,924.2355957,4.850331979,386.9799255,-104.9515833,39.8109722,10424.46,2560.658124,2.280316712,23.2277282,17.72719383,51.56964874,28.8065834,1.714859415,9.213479805,4.153617764,0.695122534,191.4108032,171977.4563,4,1.7092499308014382
US_0009327,2009,5.994892725,451.0355227,918.4424683,4.850331979,386.5485657,-104.9515833,39.8109722,10424.46,2560.658124,2.280316712,23.2277282,17.72719383,51.56964874,28.8065834,1.714859415,9.380194283,4.179178047,0.700874512,191.8016174,173315.4531,4,1.696642926169731
US_0009327,2010,5.518967756,446.8706903,918.5322266,4.850331979,385.5010071,-104.9515833,39.8109722,10424.46,2560.658124,2.280316712,23.2277282,17.72719383,51.56964874,28.8065834,1.714859415,9.434097862,4.197918606,0.705883264,192.241922,176572.6594,4,1.7207758075959043
US_0009327,2011,5.149927403,445.6854043,909.8799194,4.850331979,382.9651428,-104.9515833,39.8109722,10424.46,2560.658124,2.280316712,23.2277282,17.72719383,51.56964874,28.8065834,1.714859415,9.534677887,4.224870014,0.705939478,192.4433258,177335.7406,4,1.7075724515251458
US_0009327,2012,4.254466662,404.5268047,942.1388916,4.850331979,356.8244873,-104.9515833,39.8109722,10424.46,2560.658124,2.280316712,23.2277282,17.72719383,51.56964874,28.8065834,1.714859415,8.794585896,4.245531082,0.699187256,193.7318024,173657.8094,4,1.6994940501858415
US_0009327,2013,4.246765942,413.3789349,927.3138306,4.850331979,363.9735657,-104.9515833,39.8109722,10424.46,2560.658124,2.280316712,23.2277282,17.72719383,51.56964874,28.8065834,1.714859415,8.659495449,4.218578529,0.70465127,192.1242004,168855.5813,4,1.7323308606774845
US_0009327,2014,3.32310471,421.7380079,930.3778687,4.850331979,367.3187805,-104.9515833,39.8109722,10424.46,2560.658124,2.280316712,23.2277282,17.72719383,51.56964874,28.8065834,1.714859415,8.990808773,4.21825285,0.704605701,191.9694366,166294.7156,4,1.6889735000238792
US_0009327,2015,3.79883076,457.1802367,926.1130615,4.850331979,386.6980896,-104.9515833,39.8109722,10424.46,2560.658124,2.280316712,23.2277282,17.72719383,51.56964874,28.8065834,1.714859415,9.435258389,4.166922092,0.716107043,190.2228943,160281.5906,4,1.6359624640850972
US_0009327,2016,3.539312429,455.6176529,940.8211426,4.850331979,382.0776855,-104.9515833,39.8109722,10424.46,2560.658124,2.280316712,23.2277282,17.72719383,51.56964874,28.8065834,1.714859415,10.11565123,4.120406818,0.727374084,190.0106384,158642.6156,4,1.5743045533052085
