no,date,R,PPT,PET,tas,AET,LON,LAT,AREA,ELE,SLP,RIVER,CLAY,SAND,SILT,CTI,SW,SPEED,LAI,SRAD,CO2,Cluster,n
AT_0000015,1990,1151.6,1350.57,534.89,4.833333492,532.6166931,13.0187,47.3354,55.8854,1455.141044,4.923339221,23.15272072,18.73611069,41.04166794,34.68333435,-0.041318551,22.59888992,2.5959723,1.932900928,133.3624969,3087.575488,9,4.30703085247805
AT_0000015,1991,1133.88,1371.71,531.18,4.833333492,528.4833496,13.0187,47.3354,55.8854,1455.141044,4.923339221,23.15272072,18.73611069,41.04166794,34.68333435,-0.041318551,22.53666763,2.576249838,1.952026855,133.1149994,3077.508301,9,4.0744022276710465
AT_0000015,1992,1101.45,1337.8,548.6,4.833333492,539.3833679,13.0187,47.3354,55.8854,1455.141044,4.923339221,23.15272072,18.73611069,41.04166794,34.68333435,-0.041318551,22.34194565,2.641666651,1.945207422,134.4177765,3037.018945,9,3.2288997743281422
AT_0000015,1993,1068.92,1302.22,549.71,4.833333492,537.6633728,13.0187,47.3354,55.8854,1455.141044,4.923339221,23.15272072,18.73611069,41.04166794,34.68333435,-0.041318551,22.14027901,2.757222176,1.946679614,134.4325043,3001.589795,9,3.074994639038421
AT_0000015,1994,1039.39,1304.2,569.46,4.833333492,553.4566956,13.0187,47.3354,55.8854,1455.141044,4.923339221,23.15272072,18.73611069,41.04166794,34.68333435,-0.041318551,21.94305725,2.707360983,1.937406494,135.8502838,2982.239893,9,2.940692839094369
AT_0000017,1990,1019.36,1472.9,548.49,7.275333595,546.5183472,13.3896,47.5729,166.1801,1161.65512,4.035037674,28.58870739,20.36666679,41.32916641,33.12380981,0.921276177,23.80763969,2.399201155,1.675658862,129.4386078,7896.651758,9,4.228525621405938
AT_0000017,1991,1056.1,1494.27,544.22,7.275333595,541.322522,13.3896,47.5729,166.1801,1161.65512,4.035037674,28.58870739,20.36666679,41.32916641,33.12380981,0.921276177,23.64416771,2.383472204,1.691322192,129.1259705,8119.425488,9,3.838864095154876
AT_0000017,1992,1055.31,1452.19,563.56,7.275333595,551.8283447,13.3896,47.5729,166.1801,1161.65512,4.035037674,28.58870739,20.36666679,41.32916641,33.12380981,0.921276177,23.4422924,2.464444399,1.669711011,130.6227097,8269.600586,9,2.9162228392673937
AT_0000017,1993,1021.2,1409.04,565.07,7.275333595,550.8925049,13.3896,47.5729,166.1801,1161.65512,4.035037674,28.58870739,20.36666679,41.32916641,33.12380981,0.921276177,23.24118118,2.560659647,1.670399341,130.5597946,8395.294141,9,2.838095115814969
AT_0000017,1994,964.26,1403.75,584.32,7.275333595,564.7391724,13.3896,47.5729,166.1801,1161.65512,4.035037674,28.58870739,20.36666679,41.32916641,33.12380981,0.921276177,22.99812546,2.510833263,1.669460449,132.142572,8508.015039,9,2.678555487188121
AT_0000035,1989,621.88,1189.63,565.91,8.113239098,556.6893799,15.4729,47.5271,720.551,1081.148847,3.827832293,26.53548071,21.484375,42.921875,32.978405,1.552787806,43.29878311,2.99899292,2.131575439,131.0100403,9415.125586,9,3.7205242827250258
AT_0000035,1990,601.08,1175.78,581.81,8.113239098,571.824585,15.4729,47.5271,720.551,1081.148847,3.827832293,26.53548071,21.484375,42.921875,32.978405,1.552787806,43.39578018,3.038315773,2.155378174,131.4650391,9626.906445,9,3.81521935164802
AT_0000035,1991,609.75,1221.99,577.33,8.113239098,570.8658325,15.4729,47.5271,720.551,1081.148847,3.827832293,26.53548071,21.484375,42.921875,32.978405,1.552787806,43.84636993,3.01530385,2.166038525,130.350647,9976.359961,9,4.07808799491343
AT_0000035,1992,599.68,1200.61,598.99,8.113239098,575.5877075,15.4729,47.5271,720.551,1081.148847,3.827832293,26.53548071,21.484375,42.921875,32.978405,1.552787806,42.58951187,3.176215172,2.179774609,132.723703,10256.6209,9,2.9786155619473424
AT_0000035,1993,617.98,1200.94,602.44,8.113239098,578.3791626,15.4729,47.5271,720.551,1081.148847,3.827832293,26.53548071,21.484375,42.921875,32.978405,1.552787806,42.46939087,3.228497744,2.171549512,132.7433899,10496.86367,9,2.9714080584326115
AT_0000035,1994,558.17,1170.35,623.22,8.113239098,593.2974854,15.4729,47.5271,720.551,1081.148847,3.827832293,26.53548071,21.484375,42.921875,32.978405,1.552787806,41.60656128,3.057873487,2.179900342,134.4383881,10718.20488,9,2.947547937003669
AT_0000035,1995,563.81,1179.01,610.66,8.113239098,578.0818726,15.4729,47.5271,720.551,1081.148847,3.827832293,26.53548071,21.484375,42.921875,32.978405,1.552787806,41.0262146,3.220746279,2.153755127,133.477832,10883.05938,9,2.7561783139264557
AT_0000035,1996,609.68,1184.12,602.66,8.113239098,570.1145813,15.4729,47.5271,720.551,1081.148847,3.827832293,26.53548071,21.484375,42.921875,32.978405,1.552787806,40.72862778,3.057378531,2.146788867,132.0376251,11031.31992,9,2.6984805623197454
AT_0000035,1997,623.61,1192.41,585.96,8.113239098,568.5193787,15.4729,47.5271,720.551,1081.148847,3.827832293,26.53548071,21.484375,42.921875,32.978405,1.552787806,41.48414917,3.143367767,2.174035498,130.5447937,11155.43203,9,3.213449866097545
AT_0000035,1998,640.08,1199.75,581.1,8.113239098,565.2735535,15.4729,47.5271,720.551,1081.148847,3.827832293,26.53548071,21.484375,42.921875,32.978405,1.552787806,41.72453156,3.225650787,2.19687041,129.3485443,11502.63809,9,3.2591095961607053
AT_0000035,1999,673.88,1232.4,561.42,8.113239098,551.4260559,15.4729,47.5271,720.551,1081.148847,3.827832293,26.53548071,21.484375,42.921875,32.978405,1.552787806,42.58376846,3.132829666,2.19927959,126.8700363,11786.23574,9,3.4845508893792063
AT_0000035,2000,715.71,1218.37,582.67,8.113239098,570.9481384,15.4729,47.5271,720.551,1081.148847,3.827832293,26.53548071,21.484375,42.921875,32.978405,1.552787806,42.63887253,3.199826479,2.216375244,128.1960434,12116.71484,9,3.5249016659833496
AT_0000035,2001,639.65,1151.06,599.56,8.113239098,579.51521,15.4729,47.5271,720.551,1081.148847,3.827832293,26.53548071,21.484375,42.921875,32.978405,1.552787806,41.41988068,3.206640959,2.234128223,130.0225357,12405.58516,9,3.2777313060313564
AT_0000035,2002,618.41,1173.72,614.39,8.113239098,592.9579102,15.4729,47.5271,720.551,1081.148847,3.827832293,26.53548071,21.484375,42.921875,32.978405,1.552787806,41.20923843,3.11962676,2.224910498,130.2842545,12943.85234,9,3.247323784531439
AT_0000035,2003,560.34,1119.02,640.4,8.113239098,608.2795776,15.4729,47.5271,720.551,1081.148847,3.827832293,26.53548071,21.484375,42.921875,32.978405,1.552787806,39.73050537,3.02587676,2.208726465,134.1975876,13375.48047,9,3.1271622777207235
AT_0000035,2004,547.97,1104.78,639.46,8.113239098,606.8072998,15.4729,47.5271,720.551,1081.148847,3.827832293,26.53548071,21.484375,42.921875,32.978405,1.552787806,39.53855972,3.079713821,2.179597461,135.4638214,13951.08359,9,3.144579072997982
AT_0000035,2005,546.47,1125.9,616.85,8.113239098,587.2787598,15.4729,47.5271,720.551,1081.148847,3.827832293,26.53548071,21.484375,42.921875,32.978405,1.552787806,39.82571259,3.113862991,2.153961084,135.7723969,14530.68066,9,3.036545664682326
AT_0000035,2006,601.51,1157.69,618.41,8.113239098,589.957312,15.4729,47.5271,720.551,1081.148847,3.827832293,26.53548071,21.484375,42.921875,32.978405,1.552787806,40.57147598,3.020590544,2.148478857,136.3445343,14919.03984,9,3.0043319552615495
AT_0000035,2007,594.58,1163.07,621.27,8.113239098,587.2279419,15.4729,47.5271,720.551,1081.148847,3.827832293,26.53548071,21.484375,42.921875,32.978405,1.552787806,40.56112823,3.239722013,2.146296582,137.0863037,15137.45996,9,2.810694435212944
AT_0000035,2008,658.78,1223.22,600.69,8.113239098,577.1885498,15.4729,47.5271,720.551,1081.148847,3.827832293,26.53548071,21.484375,42.921875,32.978405,1.552787806,42.03913193,3.157560349,2.119027368,133.591806,15194.63086,9,2.9331514751913854
AT_0000035,2009,708.55,1271.67,614.09,8.113239098,591.2029175,15.4729,47.5271,720.551,1081.148847,3.827832293,26.53548071,21.484375,42.921875,32.978405,1.552787806,42.2275177,3.147092104,2.115047583,133.6167542,15019.51348,9,2.936062413057243
AT_0000035,2010,670.42,1278.75,610.33,8.113239098,591.6795776,15.4729,47.5271,720.551,1081.148847,3.827832293,26.53548071,21.484375,42.921875,32.978405,1.552787806,42.8646698,3.167543173,2.100683252,131.4436462,14862.37949,9,3.0998915769306166
AT_0000035,2011,618.85,1236.15,621.14,8.113239098,606.4210327,15.4729,47.5271,720.551,1081.148847,3.827832293,26.53548071,21.484375,42.921875,32.978405,1.552787806,43.07053757,2.998662949,2.135722314,132.7503784,14666.2791,9,3.5271335784935247
AT_0000035,2012,634.88,1199.15,621.97,8.113239098,614.4789429,15.4729,47.5271,720.551,1081.148847,3.827832293,26.53548071,21.484375,42.921875,32.978405,1.552787806,43.4818222,3.201831818,2.166029199,132.636145,14456.9248,9,4.418273760685431
AT_0000054,1989,995.29,1279.05,540.63,7.779999924,536.5800293,15.5937,47.6562,239.5919,1180.343548,4.091381255,26.13699095,24.40833282,38.95833206,33.39805984,0.537782202,42.74708405,3.215173483,2.026748047,129.9079224,5052.327637,9,4.039819503678978
AT_0000054,1990,984.3,1262.33,555.07,7.779999924,550.0591919,15.5937,47.6562,239.5919,1180.343548,4.091381255,26.13699095,24.40833282,38.95833206,33.39805984,0.537782202,42.71590271,3.257430315,2.044927856,130.3536163,5180.266113,9,4.011153545957167
AT_0000054,1991,1053.03,1308.63,549.37,7.779999924,546.5650146,15.5937,47.6562,239.5919,1180.343548,4.091381255,26.13699095,24.40833282,38.95833206,33.39805984,0.537782202,43.03138885,3.224514008,2.052203687,129.3218781,5367.181543,9,4.366220499502243
AT_0000054,1992,1031.11,1285.26,569.13,7.779999924,555.0066772,15.5937,47.6562,239.5919,1180.343548,4.091381255,26.13699095,24.40833282,38.95833206,33.39805984,0.537782202,42.10458374,3.399201155,2.066948389,131.6966721,5520.865332,9,3.089444075143303
AT_0000054,1993,1014.54,1284.5,572.43,7.779999924,557.3858398,15.5937,47.6562,239.5919,1180.343548,4.091381255,26.13699095,24.40833282,38.95833206,33.39805984,0.537782202,41.96972275,3.45204854,2.053950073,131.7290329,5644.863672,9,3.053886848877068
AT_0000054,1994,890.82,1247.39,593.52,7.779999924,574.2658447,15.5937,47.6562,239.5919,1180.343548,4.091381255,26.13699095,24.40833282,38.95833206,33.39805984,0.537782202,41.31368027,3.288992882,2.066597339,133.4367401,5753.244922,9,3.0322615254152714
AT_0000054,1995,866.07,1258.1,581.45,7.779999924,560.0616821,15.5937,47.6562,239.5919,1180.343548,4.091381255,26.13699095,24.40833282,38.95833206,33.39805984,0.537782202,40.75020905,3.444027662,2.043313086,132.4829895,5860.860938,9,2.835188685953801
AT_0000054,1996,858.79,1266.26,574.48,7.779999924,553.1616882,15.5937,47.6562,239.5919,1180.343548,4.091381255,26.13699095,24.40833282,38.95833206,33.39805984,0.537782202,40.37138901,3.257569551,2.037940845,131.0138931,5967.467773,9,2.782037787743753
AT_0000054,1997,900.44,1278.77,555.5,7.779999924,544.8708557,15.5937,47.6562,239.5919,1180.343548,4.091381255,26.13699095,24.40833282,38.95833206,33.39805984,0.537782202,41.1461113,3.356562376,2.060921167,129.5304886,6077.952148,9,3.2731346035890683
AT_0000054,1998,932.06,1285.29,548.69,7.779999924,539.3266907,15.5937,47.6562,239.5919,1180.343548,4.091381255,26.13699095,24.40833282,38.95833206,33.39805984,0.537782202,41.32979202,3.456145525,2.088031152,128.3118774,6306.184961,9,3.3264301019645512
AT_0000054,1999,1036.54,1322.3,528.36,7.779999924,523.0658508,15.5937,47.6562,239.5919,1180.343548,4.091381255,26.13699095,24.40833282,38.95833206,33.39805984,0.537782202,41.96687546,3.349999666,2.088773047,125.7747238,6472.811133,9,3.5971414296862045
AT_0000054,2000,1134.49,1311.07,548.76,7.779999924,544.9141785,15.5937,47.6562,239.5919,1180.343548,4.091381255,26.13699095,24.40833282,38.95833206,33.39805984,0.537782202,42.4195137,3.411874771,2.109288892,127.026738,6652.802246,9,4.065049757562648
AT_0000054,2001,1072.28,1246.32,563.6,7.779999924,556.3733398,15.5937,47.6562,239.5919,1180.343548,4.091381255,26.13699095,24.40833282,38.95833206,33.39805984,0.537782202,41.96666718,3.40871501,2.130957764,128.7796539,6796.941406,9,3.776317089238476
AT_0000054,2002,1051.66,1270.61,580.05,7.779999924,571.9666748,15.5937,47.6562,239.5919,1180.343548,4.091381255,26.13699095,24.40833282,38.95833206,33.39805984,0.537782202,41.73993073,3.341597319,2.124580225,128.9940277,7078.766699,9,3.7288411521956144
AT_0000054,2003,973.3,1213.35,606.84,7.779999924,593.6491699,15.5937,47.6562,239.5919,1180.343548,4.091381255,26.13699095,24.40833282,38.95833206,33.39805984,0.537782202,40.92777786,3.237742662,2.105528564,132.952916,7309.792188,9,3.602721451280961
AT_0000054,2004,949.77,1201.21,606.47,7.779999924,593.4175049,15.5937,47.6562,239.5919,1180.343548,4.091381255,26.13699095,24.40833282,38.95833206,33.39805984,0.537782202,40.94625015,3.301180601,2.091791895,134.3090271,7650.112305,9,3.648557834796605
AT_0000054,2005,933.43,1223.05,585.63,7.779999924,571.9225098,15.5937,47.6562,239.5919,1180.343548,4.091381255,26.13699095,24.40833282,38.95833206,33.39805984,0.537782202,40.71479187,3.326840162,2.071619116,134.7108307,8030.754785,9,3.3758589485003214
AT_0000054,2006,1037.91,1255.71,589.5,7.779999924,574.3683472,15.5937,47.6562,239.5919,1180.343548,4.091381255,26.13699095,24.40833282,38.95833206,33.39805984,0.537782202,40.79145813,3.23677063,2.067164185,135.3900665,8386.512305,9,3.222840857356533
AT_0000054,2007,1013.17,1262.54,592.31,7.779999924,574.0508423,15.5937,47.6562,239.5919,1180.343548,4.091381255,26.13699095,24.40833282,38.95833206,33.39805984,0.537782202,40.82208405,3.469027758,2.067733423,136.1790955,8667.246191,9,3.0428074102926668
AT_0000054,2008,1113.81,1325.9,570.66,7.779999924,557.1216797,15.5937,47.6562,239.5919,1180.343548,4.091381255,26.13699095,24.40833282,38.95833206,33.39805984,0.537782202,41.57882004,3.37059021,2.041557251,132.6688843,8898.011914,9,3.0550694379013468
AT_0000054,2009,1205.63,1375.64,583.96,7.779999924,570.4333496,15.5937,47.6562,239.5919,1180.343548,4.091381255,26.13699095,24.40833282,38.95833206,33.39805984,0.537782202,41.58062515,3.361319304,2.031495581,132.6306213,8967.162305,9,3.040821820035939
AT_0000054,2010,1164.39,1377.59,579.12,7.779999924,568.8441772,15.5937,47.6562,239.5919,1180.343548,4.091381255,26.13699095,24.40833282,38.95833206,33.39805984,0.537782202,42.1988884,3.373055458,2.010819751,130.4600677,8992.200195,9,3.248732569727273
AT_0000054,2011,1068.15,1328.32,587.65,7.779999924,581.4275024,15.5937,47.6562,239.5919,1180.343548,4.091381255,26.13699095,24.40833282,38.95833206,33.39805984,0.537782202,42.84388885,3.218367815,2.0462177,131.7140961,8951.635156,9,3.881663285941976
AT_0000057,1994,1118.12,1613.46,484.54,5.242000294,482.647998,13.6812,47.1354,104.4911,1828.43491,4.656657554,22.63180907,15.51875019,54.70624924,24.12101936,0.635638711,16.7126667,3.824500084,1.10391499,136.3821106,10598.11035,9,3.549519146283142
AT_0000057,1995,1161.36,1602.67,477.54,5.242000294,472.2679993,13.6812,47.1354,104.4911,1828.43491,4.656657554,22.63180907,15.51875019,54.70624924,24.12101936,0.635638711,16.18866673,3.890999794,1.10557749,135.2888885,10734.33965,9,2.841576579386748
AT_0000057,1996,1121.19,1624.05,477.91,5.242000294,472.6373352,13.6812,47.1354,104.4911,1828.43491,4.656657554,22.63180907,15.51875019,54.70624924,24.12101936,0.635638711,15.67000008,3.771833181,1.105403296,133.4485565,10835.98828,9,2.8195849326195526
AT_0000057,1997,1062.53,1622.8,463.39,5.242000294,457.9786621,13.6812,47.1354,104.4911,1828.43491,4.656657554,22.63180907,15.51875019,54.70624924,24.12101936,0.635638711,15.64933319,3.842777729,1.120849121,132.7560028,10860.87285,9,2.73135996962324
AT_0000057,1998,1065.61,1658.54,454.58,5.242000294,449.2639832,13.6812,47.1354,104.4911,1828.43491,4.656657554,22.63180907,15.51875019,54.70624924,24.12101936,0.635638711,15.66044426,3.919833183,1.120377466,132.0290039,11112.10664,9,2.663504328055678
AT_0000057,1999,1130.48,1679.97,439.55,5.242000294,436.0199829,13.6812,47.1354,104.4911,1828.43491,4.656657554,22.63180907,15.51875019,54.70624924,24.12101936,0.635638711,15.82999992,3.821444511,1.118376611,129.8097824,11346.74863,9,2.8148775570260343
AT_0000057,2000,1161.45,1739.87,455.42,5.242000294,455.2733154,13.6812,47.1354,104.4911,1828.43491,4.656657554,22.63180907,15.51875019,54.70624924,24.12101936,0.635638711,16.3539999,3.867110729,1.124184937,130.755452,11673.84941,9,4.824207918795083
AT_0000057,2001,1167.54,1720.82,467.5,5.242000294,467.3559814,13.6812,47.1354,104.4911,1828.43491,4.656657554,22.63180907,15.51875019,54.70624924,24.12101936,0.635638711,16.87266655,3.874777794,1.131511621,132.5308945,11988.48301,9,4.972780382041687
AT_0000057,2011,1182.99,1686.67,504.85,5.242000294,504.3506531,13.6812,47.1354,104.4911,1828.43491,4.656657554,22.63180907,15.51875019,54.70624924,24.12101936,0.635638711,16.75266685,3.791055202,1.25330249,135.2415573,14389.86504,9,4.488658799976313
AT_0000057,2012,1220.3,1690.77,506.55,5.242000294,506.0453308,13.6812,47.1354,104.4911,1828.43491,4.656657554,22.63180907,15.51875019,54.70624924,24.12101936,0.635638711,16.61199989,3.891111135,1.246258325,134.3456711,14195.48379,9,4.486510854590218
AT_0000173,1991,535.95,1311.73,551.47,7.538255215,543.7969727,15.3187,47.1646,6790.2229,1256.911848,4.688885883,26.12756213,19.70081902,45.4522171,31.51614571,1.357493862,28.64962425,2.651084423,2.020345972,131.0247833,39875.84609,9,3.463554030447641
AT_0000173,1992,541.37,1291.05,571.18,7.538255215,550.4952515,15.3187,47.1646,6790.2229,1256.911848,4.688885883,26.12756213,19.70081902,45.4522171,31.51614571,1.357493862,28.0216774,2.766386986,2.025040039,132.9391632,39215.86406,9,2.745434803294455
AT_0000173,1993,551.87,1278.1,574.41,7.538255215,550.5047119,15.3187,47.1646,6790.2229,1256.911848,4.688885883,26.12756213,19.70081902,45.4522171,31.51614571,1.357493862,27.75187721,2.855178356,2.020680664,132.8943817,38756.64688,9,2.656024588908757
AT_0000173,1994,516.77,1260.75,594.29,7.538255215,565.2786255,15.3187,47.1646,6790.2229,1256.911848,4.688885883,26.12756213,19.70081902,45.4522171,31.51614571,1.357493862,27.28407974,2.725437164,2.026604297,134.533374,38572.55234,9,2.615530717548275
AT_0000173,1995,518.49,1260.94,583.78,7.538255215,552.4135986,15.3187,47.1646,6790.2229,1256.911848,4.688885883,26.12756213,19.70081902,45.4522171,31.51614571,1.357493862,26.79503326,2.83607769,2.008481445,133.4907379,38549.2125,9,2.4874599413531806
AT_0000173,1996,536.34,1267.58,576.85,7.538255215,545.8153198,15.3187,47.1646,6790.2229,1256.911848,4.688885883,26.12756213,19.70081902,45.4522171,31.51614571,1.357493862,26.50845718,2.676255465,2.008052563,131.8368301,38056.64219,9,2.451237340798895
AT_0000173,1997,532.74,1265.87,564.82,7.538255215,544.2855347,15.3187,47.1646,6790.2229,1256.911848,4.688885883,26.12756213,19.70081902,45.4522171,31.51614571,1.357493862,26.86859398,2.772710085,2.037526367,130.6927322,38908.99922,9,2.7615401426154937
AT_0000173,1998,535.76,1283.05,560.78,7.538255215,542.9315918,15.3187,47.1646,6790.2229,1256.911848,4.688885883,26.12756213,19.70081902,45.4522171,31.51614571,1.357493862,27.15085754,2.848399639,2.055460596,129.7743027,39625.56875,9,2.832166639221486
AT_0000173,1999,569.66,1305.31,543.25,7.538255215,530.8353882,15.3187,47.1646,6790.2229,1256.911848,4.688885883,26.12756213,19.70081902,45.4522171,31.51614571,1.357493862,27.66669006,2.753654003,2.048707373,127.3819351,40753.03438,9,3.0031036839536545
AT_0000173,2000,602.51,1320.45,560.91,7.538255215,547.9646973,15.3187,47.1646,6790.2229,1256.911848,4.688885883,26.12756213,19.70081902,45.4522171,31.51614571,1.357493862,27.8153141,2.809013605,2.067717871,128.6011734,41176.54922,9,3.0457392127238156
AT_0000173,2001,562.37,1276.26,578.37,7.538255215,555.4780518,15.3187,47.1646,6790.2229,1256.911848,4.688885883,26.12756213,19.70081902,45.4522171,31.51614571,1.357493862,27.31629143,2.81205821,2.083902051,130.5142578,41878.79141,9,2.7203672920032735
AT_0000173,2002,551.92,1300.78,587.19,7.538255215,562.1232666,15.3187,47.1646,6790.2229,1256.911848,4.688885883,26.12756213,19.70081902,45.4522171,31.51614571,1.357493862,27.17207489,2.751425982,2.073187598,130.3980713,42900.79922,9,2.6428203583975147
AT_0000173,2003,513.24,1249.33,608.49,7.538255215,575.1628174,15.3187,47.1646,6790.2229,1256.911848,4.688885883,26.12756213,19.70081902,45.4522171,31.51614571,1.357493862,26.42037697,2.686570406,2.059793018,134.2560638,44666.3,9,2.579329248173369
AT_0000173,2004,499.05,1245.53,608.44,7.538255215,574.220752,15.3187,47.1646,6790.2229,1256.911848,4.688885883,26.12756213,19.70081902,45.4522171,31.51614571,1.357493862,26.24490242,2.707404375,2.047761475,135.6453979,45772.26328,9,2.5602313594814863
AT_0000173,2005,495.27,1244.05,591.24,7.538255215,559.0138306,15.3187,47.1646,6790.2229,1256.911848,4.688885883,26.12756213,19.70081902,45.4522171,31.51614571,1.357493862,26.58162842,2.734831572,2.033245581,136.0586304,46750.74688,9,2.529582107980398
AT_0000173,2006,513.1,1257.3,591.99,7.538255215,564.652356,15.3187,47.1646,6790.2229,1256.911848,4.688885883,26.12756213,19.70081902,45.4522171,31.51614571,1.357493862,27.08926811,2.708076239,2.031740015,136.5781342,46800.40781,9,2.6653900187217903
AT_0000173,2007,511.52,1253.42,596.78,7.538255215,565.6450195,15.3187,47.1646,6790.2229,1256.911848,4.688885883,26.12756213,19.70081902,45.4522171,31.51614571,1.357493862,27.07043648,2.862371683,2.049212231,137.7365387,45854.15234,9,2.575046198911853
AT_0000173,2008,544.17,1295.11,578.54,7.538255215,555.5476318,15.3187,47.1646,6790.2229,1256.911848,4.688885883,26.12756213,19.70081902,45.4522171,31.51614571,1.357493862,27.87936554,2.784096479,2.046026611,134.1850037,44939.35156,9,2.6840246865598645
AT_0000173,2009,580.76,1335.91,591.44,7.538255215,568.5891846,15.3187,47.1646,6790.2229,1256.911848,4.688885883,26.12756213,19.70081902,45.4522171,31.51614571,1.357493862,27.9497036,2.810380459,2.05038374,134.1423462,43321.62031,9,2.6892535099771693
AT_0000173,2010,555.82,1328.08,587.06,7.538255215,567.2239624,15.3187,47.1646,6790.2229,1256.911848,4.688885883,26.12756213,19.70081902,45.4522171,31.51614571,1.357493862,28.20507736,2.795018673,2.034604517,131.9578995,42161.39531,9,2.8054989159208654
AT_0000173,2011,533.39,1299.5,598.09,7.538255215,578.4672607,15.3187,47.1646,6790.2229,1256.911848,4.688885883,26.12756213,19.70081902,45.4522171,31.51614571,1.357493862,27.79613419,2.678388596,2.055221362,133.093895,41304.81719,9,2.9321918456545952
AT_0000173,2012,569.12,1289.28,597.97,7.538255215,585.3137817,15.3187,47.1646,6790.2229,1256.911848,4.688885883,26.12756213,19.70081902,45.4522171,31.51614571,1.357493862,28.00473518,2.821876764,2.053394995,132.5832443,41134.05313,9,3.3740650967264103
CA_0002049,1989,219.48,653.71,712.48,2.892785525,481.1861145,-113.8229,49.5562,4383.296,1640.231877,2.702151604,21.41531153,23.80353928,38.657341,34.05491638,1.698543965,53.50962143,4.184013844,1.295100317,152.9268738,3796.62583,9,1.9940443880830074
CA_0002049,1990,246.42,657.84,702.28,2.892785525,480.6544678,-113.8229,49.5562,4383.296,1640.231877,2.702151604,21.41531153,23.80353928,38.657341,34.05491638,1.698543965,50.00333252,4.347149372,1.308156689,150.9811462,3887.533154,9,2.0066374557753552
CA_0002049,1991,258.1,628.54,698.75,2.892785525,469.4976868,-113.8229,49.5562,4383.296,1640.231877,2.702151604,21.41531153,23.80353928,38.657341,34.05491638,1.698543965,43.7181366,4.221445084,1.303077417,150.9188202,3934.101123,9,2.0276573971037175
CA_0002049,1992,239.41,655.62,684.46,2.892785525,474.0995422,-113.8229,49.5562,4383.296,1640.231877,2.702151604,21.41531153,23.80353928,38.657341,34.05491638,1.698543965,41.64878387,4.019051552,1.294375977,149.7451355,3976.933984,9,2.007821501837092
CA_0002049,1993,284.83,713.36,643.63,2.892785525,500.5339417,-113.8229,49.5562,4383.296,1640.231877,2.702151604,21.41531153,23.80353928,38.657341,34.05491638,1.698543965,49.82876205,4.003508091,1.291747192,147.0806549,3960.836182,9,2.311805749818107
CA_0002049,1994,282.03,662.55,662.26,2.892785525,477.3882507,-113.8229,49.5562,4383.296,1640.231877,2.702151604,21.41531153,23.80353928,38.657341,34.05491638,1.698543965,52.11738205,4.246778488,1.293128491,148.6124969,3990.494141,9,2.116176412391622
CA_0002049,1995,247.5,680.42,653.58,2.892785525,492.5291443,-113.8229,49.5562,4383.296,1640.231877,2.702151604,21.41531153,23.80353928,38.657341,34.05491638,1.698543965,54.06832199,4.096577644,1.297289966,148.7098145,4058.065674,9,2.2908631097375807
CA_0002049,1996,257.01,720.86,653.11,2.892785525,491.7670837,-113.8229,49.5562,4383.296,1640.231877,2.702151604,21.41531153,23.80353928,38.657341,34.05491638,1.698543965,55.19794922,4.208118916,1.295339282,149.3163208,4185.19624,9,2.0970076328472866
CA_0002049,1997,289.77,715.15,638.73,2.892785525,474.503302,-113.8229,49.5562,4383.296,1640.231877,2.702151604,21.41531153,23.80353928,38.657341,34.05491638,1.698543965,55.60441437,4.310043812,1.300911841,150.6033356,4328.16792,9,1.9772085081664719
CA_0002049,1998,271.72,709.53,662.15,2.892785525,463.8368286,-113.8229,49.5562,4383.296,1640.231877,2.702151604,21.41531153,23.80353928,38.657341,34.05491638,1.698543965,50.9898941,3.973091602,1.303902612,151.8279755,4478.054199,9,1.7797981752267826
CA_0002049,1999,271.36,715.99,650.43,2.892785525,477.7552979,-113.8229,49.5562,4383.296,1640.231877,2.702151604,21.41531153,23.80353928,38.657341,34.05491638,1.698543965,48.51223907,4.416640282,1.297440967,151.7447113,4620.646875,9,1.9563888428928309
CA_0002049,2000,273.61,653.45,669.7,2.892785525,454.0791626,-113.8229,49.5562,4383.296,1640.231877,2.702151604,21.41531153,23.80353928,38.657341,34.05491638,1.698543965,44.1866127,4.209547043,1.285979248,154.0722198,4745.449609,9,1.8428030984963713
CA_0002049,2001,227.86,589.02,692.28,2.892785525,451.2012573,-113.8229,49.5562,4383.296,1640.231877,2.702151604,21.41531153,23.80353928,38.657341,34.05491638,1.698543965,40.05662308,4.38932991,1.29084248,156.0049347,4815.905664,9,2.034442964844557
CA_0002049,2002,237.25,574.47,687.16,2.892785525,443.7146484,-113.8229,49.5562,4383.296,1640.231877,2.702151604,21.41531153,23.80353928,38.657341,34.05491638,1.698543965,37.96880798,4.260546207,1.291727515,155.8478912,4906.447266,9,2.040543869880989
CA_0002049,2003,226.14,538.19,694.06,2.892785525,426.7782166,-113.8229,49.5562,4383.296,1640.231877,2.702151604,21.41531153,23.80353928,38.657341,34.05491638,1.698543965,36.01902084,4.231185913,1.292346289,157.1607941,5034.613184,9,2.021110506574039
CA_0002049,2004,216.34,554.46,684.3,2.892785525,436.1574768,-113.8229,49.5562,4383.296,1640.231877,2.702151604,21.41531153,23.80353928,38.657341,34.05491638,1.698543965,36.74288788,4.129556656,1.294031763,155.5009705,5088.634375,9,2.0765878895387764
CA_0002049,2005,264.33,604.19,675.64,2.892785525,457.0385254,-113.8229,49.5562,4383.296,1640.231877,2.702151604,21.41531153,23.80353928,38.657341,34.05491638,1.698543965,41.15317917,4.193971634,1.31205791,154.0805969,5289.562793,9,2.089356671337145
CA_0002049,2006,281.32,635.32,667.87,2.892785525,467.2664551,-113.8229,49.5562,4383.296,1640.231877,2.702151604,21.41531153,23.80353928,38.657341,34.05491638,1.698543965,44.82386703,4.186391354,1.317603491,152.8260193,5528.868652,9,2.0905669377020737
CA_0002049,2007,267.7,629.55,695.5,2.892785525,469.6597839,-113.8229,49.5562,4383.296,1640.231877,2.702151604,21.41531153,23.80353928,38.657341,34.05491638,1.698543965,44.86588364,4.302008629,1.318440063,153.1838593,5778.847852,9,2.0369503318324265
CA_0002049,2008,271.31,637.79,687.1,2.892785525,478.0629028,-113.8229,49.5562,4383.296,1640.231877,2.702151604,21.41531153,23.80353928,38.657341,34.05491638,1.698543965,44.49516296,4.231843948,1.315578955,153.1432922,5978.128223,9,2.139206293543895
CA_0002049,2009,273.0,615.98,694.69,2.892785525,457.0117493,-113.8229,49.5562,4383.296,1640.231877,2.702151604,21.41531153,23.80353928,38.657341,34.05491638,1.698543965,42.91543961,4.235462189,1.303488477,155.7212769,6197.163086,9,1.9519175479968616
CA_0002049,2010,245.35,616.02,681.91,2.892785525,453.8351746,-113.8229,49.5562,4383.296,1640.231877,2.702151604,21.41531153,23.80353928,38.657341,34.05491638,1.698543965,41.0055069,4.043841362,1.289922412,154.7245544,6293.695605,9,1.9589835433413392
CA_0002049,2011,277.59,622.17,663.13,2.892785525,438.4218628,-113.8229,49.5562,4383.296,1640.231877,2.702151604,21.41531153,23.80353928,38.657341,34.05491638,1.698543965,40.32792053,4.384170532,1.283236719,154.1701782,6428.147168,9,1.8193476554081138
CA_0002049,2012,287.26,652.68,654.02,2.892785525,435.9657104,-113.8229,49.5562,4383.296,1640.231877,2.702151604,21.41531153,23.80353928,38.657341,34.05491638,1.698543965,43.39910355,4.327188015,1.300475952,153.5238098,6579.985352,9,1.7133869460277529
CA_0002049,2013,291.92,655.77,641.51,2.892785525,434.8568237,-113.8229,49.5562,4383.296,1640.231877,2.702151604,21.41531153,23.80353928,38.657341,34.05491638,1.698543965,46.26204987,4.124082565,1.324872412,152.9922577,6793.981934,9,1.7341866405860629
CA_0002079,1989,97.33,607.69,690.44,2.475000024,487.8247925,-114.2146,50.1979,164.6532,1615.836499,2.0261161,19.88842808,26.42708397,31.609375,39.11458206,1.655998468,51.4237339,4.126746178,1.472117383,152.7697662,1234.242188,9,2.488937230497111
CA_0002079,1990,124.59,605.88,679.06,2.475000024,485.0971802,-114.2146,50.1979,164.6532,1615.836499,2.0261161,19.88842808,26.42708397,31.609375,39.11458206,1.655998468,46.89278069,4.259285927,1.489258008,150.9450806,1262.176367,9,2.518082539693375
CA_0002079,1991,124.59,584.44,675.49,2.475000024,470.7704956,-114.2146,50.1979,164.6532,1615.836499,2.0261161,19.88842808,26.42708397,31.609375,39.11458206,1.655998468,39.84635048,4.1734128,1.482748291,151.012381,1276.721533,9,2.4555761032025725
CA_0002079,1992,148.35,612.28,656.86,2.475000024,475.0266724,-114.2146,50.1979,164.6532,1615.836499,2.0261161,19.88842808,26.42708397,31.609375,39.11458206,1.655998468,38.04523888,3.967262268,1.471865308,149.5986511,1288.499683,9,2.4111782996729563
CA_0002079,1993,243.33,663.32,617.05,2.475000024,494.8238159,-114.2146,50.1979,164.6532,1615.836499,2.0261161,19.88842808,26.42708397,31.609375,39.11458206,1.655998468,46.76492081,3.982182026,1.463278125,147.1124573,1287.394507,9,2.716846806170796
CA_0002079,1994,253.07,626.99,632.41,2.475000024,483.200946,-114.2146,50.1979,164.6532,1615.836499,2.0261161,19.88842808,26.42708397,31.609375,39.11458206,1.655998468,49.04499969,4.194445133,1.463622925,148.3443604,1297.331421,9,2.617848655625815
CA_0002079,1995,272.53,643.05,623.36,2.475000024,497.3780762,-114.2146,50.1979,164.6532,1615.836499,2.0261161,19.88842808,26.42708397,31.609375,39.11458206,1.655998468,50.39912796,4.012460709,1.465723975,148.5981781,1321.521973,9,2.8764244369169636
CA_0002153,1989,151.36,717.88,759.75,4.24138031,515.3509583,-113.4854,49.4312,1611.138,1561.031028,2.703501508,24.66981554,26.23925781,34.58300781,35.87778473,1.95356809,66.36854172,4.364571095,1.13286189,154.0472473,4146.246729,9,1.9306501438092918
CA_0002153,1990,177.84,713.1,751.24,4.24138031,513.7419922,-113.4854,49.4312,1611.138,1561.031028,2.703501508,24.66981554,26.23925781,34.58300781,35.87778473,1.95356809,63.46249924,4.583878994,1.147053467,152.2431427,4273.365088,9,1.961996070359091
CA_0002153,1991,187.12,684.43,747.21,4.24138031,506.9729553,-113.4854,49.4312,1611.138,1561.031028,2.703501508,24.66981554,26.23925781,34.58300781,35.87778473,1.95356809,55.96834488,4.39169693,1.141489209,152.0336334,4364.260938,9,2.0263884207943006
CA_0002153,1992,170.19,704.39,735.81,4.24138031,508.0637024,-113.4854,49.4312,1611.138,1561.031028,2.703501508,24.66981554,26.23925781,34.58300781,35.87778473,1.95356809,53.45222855,4.184295177,1.128711084,151.0660187,4442.939063,9,1.9913941832902524
CA_0002153,1993,228.1,777.5,688.42,4.24138031,538.7444397,-113.4854,49.4312,1611.138,1561.031028,2.703501508,24.66981554,26.23925781,34.58300781,35.87778473,1.95356809,65.51598587,4.162680626,1.132352441,148.0000793,4432.580859,9,2.296996987041778
CA_0002153,1994,232.93,705.95,710.09,4.24138031,505.9306152,-113.4854,49.4312,1611.138,1561.031028,2.703501508,24.66981554,26.23925781,34.58300781,35.87778473,1.95356809,67.06689301,4.410646439,1.129341406,150.0018707,4469.681934,9,2.062571457594971
CA_0002153,1995,271.02,735.35,699.23,4.24138031,523.4184082,-113.4854,49.4312,1611.138,1561.031028,2.703501508,24.66981554,26.23925781,34.58300781,35.87778473,1.95356809,68.9960907,4.297561169,1.132758862,149.7795288,4566.932324,9,2.2068949697568603
CA_0002153,1996,274.67,776.39,699.06,4.24138031,522.4415649,-113.4854,49.4312,1611.138,1561.031028,2.703501508,24.66981554,26.23925781,34.58300781,35.87778473,1.95356809,71.04803925,4.397150993,1.131846216,150.4682037,4731.513574,9,2.0333451612734152
CA_0002153,1997,329.59,772.8,682.3,4.24138031,507.9509705,-113.4854,49.4312,1611.138,1561.031028,2.703501508,24.66981554,26.23925781,34.58300781,35.87778473,1.95356809,71.7069191,4.493605614,1.134965601,151.5570953,4893.925195,9,1.960436207896456
CA_0002153,1998,302.52,752.68,707.73,4.24138031,496.6034607,-113.4854,49.4312,1611.138,1561.031028,2.703501508,24.66981554,26.23925781,34.58300781,35.87778473,1.95356809,63.82215652,4.166182518,1.1352698,153.2599182,5070.137695,9,1.8041080481951701
CA_0002153,1999,305.42,758.88,699.61,4.24138031,515.3114746,-113.4854,49.4312,1611.138,1561.031028,2.703501508,24.66981554,26.23925781,34.58300781,35.87778473,1.95356809,59.88122482,4.652058601,1.129541357,153.3148132,5217.167871,9,2.010569426453471
CA_0002153,2000,221.75,680.1,724.07,4.24138031,483.3036072,-113.4854,49.4312,1611.138,1561.031028,2.703501508,24.66981554,26.23925781,34.58300781,35.87778473,1.95356809,53.59592514,4.422221661,1.114513208,155.9014923,5332.902051,9,1.86327225540998
CA_0002153,2001,169.72,607.43,753.01,4.24138031,479.5252197,-113.4854,49.4312,1611.138,1561.031028,2.703501508,24.66981554,26.23925781,34.58300781,35.87778473,1.95356809,47.70764084,4.550162315,1.1177729,158.0299103,5362.747949,9,2.0883461696225334
CA_0002153,2002,184.99,600.16,750.74,4.24138031,476.3475647,-113.4854,49.4312,1611.138,1561.031028,2.703501508,24.66981554,26.23925781,34.58300781,35.87778473,1.95356809,44.98049011,4.434723854,1.116985547,158.0580994,5475.859766,9,2.1008325886665817
CA_0002153,2003,177.07,555.75,760.53,4.24138031,456.3836792,-113.4854,49.4312,1611.138,1561.031028,2.703501508,24.66981554,26.23925781,34.58300781,35.87778473,1.95356809,42.70984039,4.421127319,1.110999341,159.190387,5607.296484,9,2.111158134207711
CA_0002153,2004,159.14,575.55,751.31,4.24138031,466.1781738,-113.4854,49.4312,1611.138,1561.031028,2.703501508,24.66981554,26.23925781,34.58300781,35.87778473,1.95356809,42.94322357,4.32860899,1.117544751,157.5604309,5649.655859,9,2.130533524031821
CA_0002153,2005,201.04,635.37,741.34,4.24138031,493.7947937,-113.4854,49.4312,1611.138,1561.031028,2.703501508,24.66981554,26.23925781,34.58300781,35.87778473,1.95356809,48.69661713,4.425964832,1.137449976,156.3001068,5928.742676,9,2.1469170174467456
CA_0002153,2006,244.73,668.54,728.62,4.24138031,503.6792175,-113.4854,49.4312,1611.138,1561.031028,2.703501508,24.66981554,26.23925781,34.58300781,35.87778473,1.95356809,53.56161728,4.417377472,1.140648315,155.1194397,6267.62207,9,2.1379683595782484
CA_0002153,2007,190.79,647.71,759.41,4.24138031,497.8097412,-113.4854,49.4312,1611.138,1561.031028,2.703501508,24.66981554,26.23925781,34.58300781,35.87778473,1.95356809,53.17434387,4.557141304,1.139882593,155.7009857,6610.424609,9,2.0612097861534306
CA_0002153,2008,210.89,664.96,752.69,4.24138031,511.5856262,-113.4854,49.4312,1611.138,1561.031028,2.703501508,24.66981554,26.23925781,34.58300781,35.87778473,1.95356809,53.09403229,4.485719681,1.138198877,155.6972717,6902.454785,9,2.165883776095176
CA_0002153,2009,215.34,643.56,758.84,4.24138031,489.3917908,-113.4854,49.4312,1611.138,1561.031028,2.703501508,24.66981554,26.23925781,34.58300781,35.87778473,1.95356809,51.73235321,4.433275223,1.127519116,158.1440063,7251.368359,9,1.983030785135323
CA_0002153,2010,223.66,650.95,745.42,4.24138031,489.7469421,-113.4854,49.4312,1611.138,1561.031028,2.703501508,24.66981554,26.23925781,34.58300781,35.87778473,1.95356809,49.21321869,4.238559723,1.110838354,157.0791229,7344.776953,9,1.9932933488828246
CA_0002153,2011,254.0,664.18,724.77,4.24138031,475.3208984,-113.4854,49.4312,1611.138,1561.031028,2.703501508,24.66981554,26.23925781,34.58300781,35.87778473,1.95356809,48.62031403,4.628250122,1.094731006,156.2541626,7533.909277,9,1.8412170831260386
CA_0002153,2012,265.75,712.23,713.78,4.24138031,479.1927429,-113.4854,49.4312,1611.138,1561.031028,2.703501508,24.66981554,26.23925781,34.58300781,35.87778473,1.95356809,53.8241127,4.579972267,1.113571729,155.6051239,7778.83418,9,1.7442759109326125
CA_0002153,2013,271.02,716.83,699.28,4.24138031,479.9648682,-113.4854,49.4312,1611.138,1561.031028,2.703501508,24.66981554,26.23925781,34.58300781,35.87778473,1.95356809,58.27455368,4.324151516,1.138624634,155.2599976,8151.471777,9,1.783726081776293
CA_0002165,1989,184.0,694.39,777.79,4.452976465,525.4043091,-113.4813,49.3521,683.012,1514.26883,2.746105592,19.09260463,26.61071396,34.72768021,35.39426422,2.21046788,69.42585869,4.400442123,1.172285815,154.7439606,3254.382373,9,2.086348325746636
CA_0002165,1990,203.8,684.52,769.75,4.452976465,522.9213928,-113.4813,49.3521,683.012,1514.26883,2.746105592,19.09260463,26.61071396,34.72768021,35.39426422,2.21046788,66.11715355,4.63421154,1.191057007,153.004187,3355.146143,9,2.1374228034068414
CA_0002165,1991,230.36,660.08,765.81,4.452976465,516.7267822,-113.4813,49.3521,683.012,1514.26883,2.746105592,19.09260463,26.61071396,34.72768021,35.39426422,2.21046788,57.89348717,4.42656374,1.186920532,152.7658417,3424.686963,9,2.2141653361918383
CA_0002165,1992,214.53,676.72,755.14,4.452976465,516.4994019,-113.4813,49.3521,683.012,1514.26883,2.746105592,19.09260463,26.61071396,34.72768021,35.39426422,2.21046788,54.31033363,4.213840008,1.173874072,151.8119049,3491.342969,9,2.154125545300627
CA_0002165,1993,262.24,751.63,706.21,4.452976465,550.4340149,-113.4813,49.3521,683.012,1514.26883,2.746105592,19.09260463,26.61071396,34.72768021,35.39426422,2.21046788,67.6894249,4.196249485,1.182082959,148.6488495,3496.123242,9,2.482915021455958
CA_0002165,1994,261.27,679.54,728.72,4.452976465,517.3733948,-113.4813,49.3521,683.012,1514.26883,2.746105592,19.09260463,26.61071396,34.72768021,35.39426422,2.21046788,68.98265457,4.444627762,1.177362915,150.7382599,3519.336865,9,2.2636485621267672
CA_0002165,1995,304.74,712.07,716.95,4.452976465,536.1404724,-113.4813,49.3521,683.012,1514.26883,2.746105592,19.09260463,26.61071396,34.72768021,35.39426422,2.21046788,70.48993759,4.332179546,1.179532617,150.4443909,3609.26875,9,2.4136257422817478
CA_0002165,1996,288.14,747.12,716.2,4.452976465,533.6707764,-113.4813,49.3521,683.012,1514.26883,2.746105592,19.09260463,26.61071396,34.72768021,35.39426422,2.21046788,71.93432236,4.43335247,1.179972705,151.1796692,3752.721582,9,2.2017111453284364
CA_0002165,1997,356.89,744.21,697.95,4.452976465,520.5446167,-113.4813,49.3521,683.012,1514.26883,2.746105592,19.09260463,26.61071396,34.72768021,35.39426422,2.21046788,73.24406662,4.534756184,1.182593457,152.3055389,3872.707373,9,2.1376268921435253
CA_0002165,1998,329.37,720.89,723.86,4.452976465,509.1367798,-113.4813,49.3521,683.012,1514.26883,2.746105592,19.09260463,26.61071396,34.72768021,35.39426422,2.21046788,64.79843826,4.200672626,1.180682837,154.1105133,4019.153418,9,1.9814316582777896
CA_0002165,1999,335.64,727.5,717.1,4.452976465,527.9661621,-113.4813,49.3521,683.012,1514.26883,2.746105592,19.09260463,26.61071396,34.72768021,35.39426422,2.21046788,60.76457901,4.699442387,1.172892358,154.1962708,4149.728076,9,2.2122297918003593
CA_0002165,2000,252.79,650.08,742.93,4.452976465,492.8426147,-113.4813,49.3521,683.012,1514.26883,2.746105592,19.09260463,26.61071396,34.72768021,35.39426422,2.21046788,54.27396317,4.46284008,1.154739722,156.8416016,4243.964551,9,2.0439652777318043
CA_0002165,2001,207.18,581.48,773.19,4.452976465,487.0049255,-113.4813,49.3521,683.012,1514.26883,2.746105592,19.09260463,26.61071396,34.72768021,35.39426422,2.21046788,48.54586105,4.587358475,1.1548875,159.0228058,4258.745117,9,2.337972651244754
CA_0002165,2002,209.6,577.85,771.88,4.452976465,486.780011,-113.4813,49.3521,683.012,1514.26883,2.746105592,19.09260463,26.61071396,34.72768021,35.39426422,2.21046788,46.3049118,4.472224236,1.153830347,159.0333191,4392.006543,9,2.3750040718120102
CA_0002165,2003,221.19,534.53,782.09,4.452976465,466.158783,-113.4813,49.3521,683.012,1514.26883,2.746105592,19.09260463,26.61071396,34.72768021,35.39426422,2.21046788,44.04924393,4.459602356,1.146614282,160.1190521,4511.083008,9,2.4360070155168163
CA_0002165,2004,199.52,553.74,772.54,4.452976465,475.463385,-113.4813,49.3521,683.012,1514.26883,2.746105592,19.09260463,26.61071396,34.72768021,35.39426422,2.21046788,43.38153915,4.371519089,1.155922144,158.5087921,4553.956152,9,2.4218617525928416
CA_0002165,2005,233.74,613.41,762.0,4.452976465,506.9820007,-113.4813,49.3521,683.012,1514.26883,2.746105592,19.09260463,26.61071396,34.72768021,35.39426422,2.21046788,48.90262833,4.47539711,1.177341284,157.2648438,4782.31748,9,2.4332324827979694
CA_0002165,2006,284.45,645.18,748.11,4.452976465,518.9658447,-113.4813,49.3521,683.012,1514.26883,2.746105592,19.09260463,26.61071396,34.72768021,35.39426422,2.21046788,53.97817917,4.4650383,1.18219187,156.0743988,5050.660742,9,2.4314287707629223
CA_0002165,2007,240.5,622.1,779.93,4.452976465,511.7775391,-113.4813,49.3521,683.012,1514.26883,2.746105592,19.09260463,26.61071396,34.72768021,35.39426422,2.21046788,53.2719101,4.612211704,1.178856934,156.7115417,5287.63418,9,2.362959205408125
CA_0002165,2008,236.32,641.12,773.49,4.452976465,526.9166077,-113.4813,49.3521,683.012,1514.26883,2.746105592,19.09260463,26.61071396,34.72768021,35.39426422,2.21046788,53.08446198,4.534505844,1.18029292,156.700528,5492.426172,9,2.4827378826930446
CA_0002165,2009,237.61,621.14,779.37,4.452976465,504.5789307,-113.4813,49.3521,683.012,1514.26883,2.746105592,19.09260463,26.61071396,34.72768021,35.39426422,2.21046788,52.51694946,4.476698875,1.167582129,159.1115051,5779.655273,9,2.258429958615825
CA_0002165,2010,282.04,627.57,766.14,4.452976465,505.2332397,-113.4813,49.3521,683.012,1514.26883,2.746105592,19.09260463,26.61071396,34.72768021,35.39426422,2.21046788,51.04332199,4.276564598,1.156007983,158.052002,5844.945117,9,2.2696953372087356
CA_0002165,2011,319.22,641.37,744.25,4.452976465,490.6824707,-113.4813,49.3521,683.012,1514.26883,2.746105592,19.09260463,26.61071396,34.72768021,35.39426422,2.21046788,50.310746,4.679974079,1.143069751,157.2036011,6006.511133,9,2.059761376538953
CA_0002165,2012,335.11,687.24,732.88,4.452976465,495.3515381,-113.4813,49.3521,683.012,1514.26883,2.746105592,19.09260463,26.61071396,34.72768021,35.39426422,2.21046788,55.22477112,4.630064011,1.166747095,156.5970123,6192.980957,9,1.933105116605835
CA_0002165,2013,344.82,691.09,718.03,4.452976465,497.0109192,-113.4813,49.3521,683.012,1514.26883,2.746105592,19.09260463,26.61071396,34.72768021,35.39426422,2.21046788,59.38455353,4.365659714,1.190448535,156.3180145,6484.471777,9,1.989429042753614
CA_0002334,1989,166.93,578.89,601.96,0.83333337,477.8330627,-114.8396,51.2854,316.1343,1723.309505,1.559184569,21.67286606,19.17447853,40.18489456,37.9563942,1.398454854,35.5167305,3.552580357,1.60760979,148.8230469,1158.822534,9,3.28875259869547
CA_0002334,1990,202.97,582.64,594.6,0.83333337,477.2299744,-114.8396,51.2854,316.1343,1723.309505,1.559184569,21.67286606,19.17447853,40.18489456,37.9563942,1.398454854,31.9525959,3.653653383,1.607788306,147.2956451,1183.014282,9,3.307630663406125
CA_0002334,1991,195.38,571.91,592.88,0.83333337,464.4176819,-114.8396,51.2854,316.1343,1723.309505,1.559184569,21.67286606,19.17447853,40.18489456,37.9563942,1.398454854,27.47016029,3.619663239,1.599356348,147.678241,1196.04187,9,3.07103208097373
CA_0002334,1992,204.48,590.61,578.68,0.83333337,465.2842163,-114.8396,51.2854,316.1343,1723.309505,1.559184569,21.67286606,19.17447853,40.18489456,37.9563942,1.398454854,25.67833443,3.447788477,1.588589673,145.9499084,1205.259204,9,3.0381707796935773
CA_0002334,1993,263.67,608.93,551.85,0.83333337,463.6376892,-114.8396,51.2854,316.1343,1723.309505,1.559184569,21.67286606,19.17447853,40.18489456,37.9563942,1.398454854,30.30650711,3.531650305,1.577537573,143.9724426,1205.249463,9,3.156710703201962
CA_0002334,1994,265.57,607.51,564.8,0.83333337,471.4819275,-114.8396,51.2854,316.1343,1723.309505,1.559184569,21.67286606,19.17447853,40.18489456,37.9563942,1.398454854,31.3108654,3.595977545,1.579419458,144.6044312,1214.7604,9,3.2254129644628633
CA_0002334,1995,267.46,607.43,558.02,0.83333337,477.5150085,-114.8396,51.2854,316.1343,1723.309505,1.559184569,21.67286606,19.17447853,40.18489456,37.9563942,1.398454854,31.31317291,3.420544624,1.580717383,145.2281128,1235.460596,9,3.5539711604504944
CA_0002334,1996,261.54,610.34,555.4,0.83333337,466.208844,-114.8396,51.2854,316.1343,1723.309505,1.559184569,21.67286606,19.17447853,40.18489456,37.9563942,1.398454854,30.66230698,3.61713171,1.581602783,145.8109314,1268.231812,9,3.1692987707905997
CA_0002334,1997,260.82,616.2,546.27,0.83333337,458.5161621,-114.8396,51.2854,316.1343,1723.309505,1.559184569,21.67286606,19.17447853,40.18489456,37.9563942,1.398454854,30.84336433,3.698093176,1.589899976,147.3785583,1303.280347,9,3.0148840340498078
CA_0002334,1998,231.42,620.9,565.1,0.83333337,458.1896118,-114.8396,51.2854,316.1343,1723.309505,1.559184569,21.67286606,19.17447853,40.18489456,37.9563942,1.398454854,28.81320381,3.311586142,1.588264575,148.105127,1339.014355,9,2.7312467101326754
CA_0002334,1999,251.34,623.64,551.97,0.83333337,455.7180664,-114.8396,51.2854,316.1343,1723.309505,1.559184569,21.67286606,19.17447853,40.18489456,37.9563942,1.398454854,29.4513134,3.641890526,1.585741699,148.0108643,1370.364307,9,2.800975439844474
CA_0002334,2000,214.94,603.87,559.29,0.83333337,446.9561462,-114.8396,51.2854,316.1343,1723.309505,1.559184569,21.67286606,19.17447853,40.18489456,37.9563942,1.398454854,28.32150574,3.501233816,1.585504199,149.444873,1394.531885,9,2.659802633940925
CA_0002334,2001,204.87,563.59,573.12,0.83333337,441.8719177,-114.8396,51.2854,316.1343,1723.309505,1.559184569,21.67286606,19.17447853,40.18489456,37.9563942,1.398454854,25.68586426,3.696121693,1.589716699,150.8624359,1424.098511,9,2.755020538527032
CA_0002334,2002,193.48,534.73,566.13,0.83333337,427.5234497,-114.8396,51.2854,316.1343,1723.309505,1.559184569,21.67286606,19.17447853,40.18489456,37.9563942,1.398454854,24.80057564,3.612627983,1.584849365,150.4914429,1471.376123,9,2.759765549164653
CA_0002334,2003,170.72,523.38,563.03,0.83333337,419.3480591,-114.8396,51.2854,316.1343,1723.309505,1.559184569,21.67286606,19.17447853,40.18489456,37.9563942,1.398454854,23.91083183,3.582756519,1.586435425,151.8342651,1520.560156,9,2.704232177674189
CA_0002334,2004,153.12,524.34,554.34,0.83333337,418.1946045,-114.8396,51.2854,316.1343,1723.309505,1.559184569,21.67286606,19.17447853,40.18489456,37.9563942,1.398454854,24.28717918,3.550144196,1.567538916,150.0387817,1564.899121,9,2.740220215921664
CA_0002334,2005,208.66,555.71,552.87,0.83333337,430.6507568,-114.8396,51.2854,316.1343,1723.309505,1.559184569,21.67286606,19.17447853,40.18489456,37.9563942,1.398454854,28.92314072,3.519599676,1.554336816,148.5873749,1621.816846,9,2.746461426844051
CA_0002334,2006,206.76,584.55,554.38,0.83333337,454.5576904,-114.8396,51.2854,316.1343,1723.309505,1.559184569,21.67286606,19.17447853,40.18489456,37.9563942,1.398454854,32.55016022,3.452067375,1.563918799,147.2626343,1677.94231,9,3.0952883556531656
CA_0002334,2007,228.58,607.05,569.96,0.83333337,466.6823059,-114.8396,51.2854,316.1343,1723.309505,1.559184569,21.67286606,19.17447853,40.18489456,37.9563942,1.398454854,33.22567329,3.510352612,1.56388894,147.1904236,1733.314014,9,3.014410518881079
CA_0002334,2008,264.39,596.1,562.59,0.83333337,461.1488647,-114.8396,51.2854,316.1343,1723.309505,1.559184569,21.67286606,19.17447853,40.18489456,37.9563942,1.398454854,32.31160355,3.492996693,1.553034766,146.6449738,1795.829688,9,3.060523840448451
CA_0002334,2009,252.29,577.92,571.33,0.83333337,449.4865601,-114.8396,51.2854,316.1343,1723.309505,1.559184569,21.67286606,19.17447853,40.18489456,37.9563942,1.398454854,29.84836578,3.550431967,1.558168774,149.4723145,1864.464111,9,2.822848386111573
CA_0002334,2010,205.81,551.51,565.15,0.83333337,442.0054077,-114.8396,51.2854,316.1343,1723.309505,1.559184569,21.67286606,19.17447853,40.18489456,37.9563942,1.398454854,26.3249691,3.387564182,1.546733374,149.0542969,1934.715161,9,2.9706494410250515
CA_0002334,2011,240.91,544.19,553.4,0.83333337,421.5584778,-114.8396,51.2854,316.1343,1723.309505,1.559184569,21.67286606,19.17447853,40.18489456,37.9563942,1.398454854,24.9249054,3.626346111,1.501794434,149.1705444,2003.253882,9,2.6291556955705433
CA_0002334,2012,238.71,540.21,549.83,0.83333337,408.6338684,-114.8396,51.2854,316.1343,1723.309505,1.559184569,21.67286606,19.17447853,40.18489456,37.9563942,1.398454854,24.95320663,3.52605772,1.508040991,148.9837799,2056.852051,9,2.407846158513797
CA_0002342,1989,328.14,649.24,585.07,0.541400188,448.0693787,-114.2271,51.0979,7794.847,1884.55891,4.128823874,20.05246792,19.24404335,41.04145813,34.06715775,1.731764274,32.26112518,3.448523045,1.25554707,147.7860535,6886.1625,9,2.1945156476959866
CA_0002342,1990,361.55,658.71,577.41,0.541400188,447.5098572,-114.2271,51.0979,7794.847,1884.55891,4.128823874,20.05246792,19.24404335,41.04145813,34.06715775,1.731764274,29.66600494,3.540834427,1.262789111,146.1668518,7184.279199,9,2.1936595193878743
CA_0002342,1991,368.08,642.53,574.63,0.541400188,434.703363,-114.2271,51.0979,7794.847,1884.55891,4.128823874,20.05246792,19.24404335,41.04145813,34.06715775,1.731764274,25.70940971,3.507469654,1.257820532,146.4560944,7362.407422,9,2.089966762132588
CA_0002342,1992,372.1,670.01,562.72,0.541400188,433.5670471,-114.2271,51.0979,7794.847,1884.55891,4.128823874,20.05246792,19.24404335,41.04145813,34.06715775,1.731764274,24.26162224,3.354998827,1.249390747,144.9649658,7564.837207,9,2.037008100255919
CA_0002342,1993,383.06,688.2,538.2,0.541400188,434.0295654,-114.2271,51.0979,7794.847,1884.55891,4.128823874,20.05246792,19.24404335,41.04145813,34.06715775,1.731764274,28.00158348,3.386075258,1.239920996,143.1322449,7611.866211,9,2.1528776522124837
CA_0002342,1994,382.45,680.04,550.82,0.541400188,435.2859558,-114.2271,51.0979,7794.847,1884.55891,4.128823874,20.05246792,19.24404335,41.04145813,34.06715775,1.731764274,29.06634979,3.502654791,1.238606299,143.6953827,7797.636328,9,2.1056687190133494
CA_0002342,1995,372.67,684.31,545.58,0.541400188,442.1197632,-114.2271,51.0979,7794.847,1884.55891,4.128823874,20.05246792,19.24404335,41.04145813,34.06715775,1.731764274,29.32106018,3.33896637,1.239561597,144.2709412,8023.441895,9,2.2408498270938466
CA_0002342,1996,363.8,709.43,543.51,0.541400188,432.8634827,-114.2271,51.0979,7794.847,1884.55891,4.128823874,20.05246792,19.24404335,41.04145813,34.06715775,1.731764274,29.92877998,3.520006895,1.238501221,144.8062317,8416.188281,9,2.020117354194088
CA_0002342,1997,372.47,714.25,534.1,0.541400188,428.0204895,-114.2271,51.0979,7794.847,1884.55891,4.128823874,20.05246792,19.24404335,41.04145813,34.06715775,1.731764274,31.45376015,3.570522308,1.241755859,145.9281128,8781.890527,9,2.00408540175335
CA_0002342,1998,368.24,726.53,552.2,0.541400188,424.2494019,-114.2271,51.0979,7794.847,1884.55891,4.128823874,20.05246792,19.24404335,41.04145813,34.06715775,1.731764274,30.1543087,3.245830774,1.246015552,146.6807892,9147.429688,9,1.8052724498378505
CA_0002342,1999,379.2,729.02,538.39,0.541400188,424.9134216,-114.2271,51.0979,7794.847,1884.55891,4.128823874,20.05246792,19.24404335,41.04145813,34.06715775,1.731764274,30.10667496,3.554629087,1.24411106,146.4900726,9492.739844,9,1.8894758684531385
CA_0002342,2000,359.32,699.67,545.02,0.541400188,415.0689758,-114.2271,51.0979,7794.847,1884.55891,4.128823874,20.05246792,19.24404335,41.04145813,34.06715775,1.731764274,28.60347404,3.43152523,1.24076709,147.8655426,9753.901172,9,1.808438240503982
CA_0002342,2001,329.32,643.33,560.1,0.541400188,411.2473328,-114.2271,51.0979,7794.847,1884.55891,4.128823874,20.05246792,19.24404335,41.04145813,34.06715775,1.731764274,26.05342522,3.604560137,1.245667822,149.1263367,9917.986328,9,1.8545525360596966
CA_0002342,2002,322.75,610.47,554.91,0.541400188,395.6678101,-114.2271,51.0979,7794.847,1884.55891,4.128823874,20.05246792,19.24404335,41.04145813,34.06715775,1.731764274,24.00916595,3.522022486,1.24661792,149.0191895,10197.64043,9,1.8055881572316006
CA_0002342,2003,312.84,594.09,553.59,0.541400188,385.8133606,-114.2271,51.0979,7794.847,1884.55891,4.128823874,20.05246792,19.24404335,41.04145813,34.06715775,1.731764274,23.09299889,3.496179104,1.245114209,150.2595428,10563.85078,9,1.7535519476968326
CA_0002342,2004,308.9,596.79,546.65,0.541400188,388.0419495,-114.2271,51.0979,7794.847,1884.55891,4.128823874,20.05246792,19.24404335,41.04145813,34.06715775,1.731764274,23.79872665,3.431358576,1.240995068,148.633548,10761.42773,9,1.8011237199443728
CA_0002342,2005,318.08,627.57,544.62,0.541400188,399.3375183,-114.2271,51.0979,7794.847,1884.55891,4.128823874,20.05246792,19.24404335,41.04145813,34.06715775,1.731764274,27.33148079,3.42482686,1.242368384,147.323288,11549.36758,9,1.8407671933594607
CA_0002342,2006,336.71,657.19,543.47,0.541400188,418.9202332,-114.2271,51.0979,7794.847,1884.55891,4.128823874,20.05246792,19.24404335,41.04145813,34.06715775,1.731764274,30.00979156,3.373831511,1.245601587,146.3098236,12372.22695,9,2.0014898176321174
CA_0002342,2007,352.17,677.04,560.0,0.541400188,430.7096863,-114.2271,51.0979,7794.847,1884.55891,4.128823874,20.05246792,19.24404335,41.04145813,34.06715775,1.731764274,30.82397652,3.441864252,1.250558398,146.2393555,13250.62598,9,1.9889659882846173
CA_0002342,2008,367.87,664.04,551.55,0.541400188,429.627002,-114.2271,51.0979,7794.847,1884.55891,4.128823874,20.05246792,19.24404335,41.04145813,34.06715775,1.731764274,30.20486031,3.428408384,1.255445288,145.7786346,14021.05684,9,2.0769656631569946
CA_0002342,2009,355.14,643.02,562.43,0.541400188,417.7095825,-114.2271,51.0979,7794.847,1884.55891,4.128823874,20.05246792,19.24404335,41.04145813,34.06715775,1.731764274,28.0902771,3.468547344,1.256393188,148.5049805,14870.14863,9,1.924699915955694
CA_0002342,2010,344.18,617.45,556.08,0.541400188,410.1259155,-114.2271,51.0979,7794.847,1884.55891,4.128823874,20.05246792,19.24404335,41.04145813,34.06715775,1.731764274,25.60346184,3.31599021,1.247769849,147.9838837,15327.91914,9,1.957411747306479
CA_0002342,2011,355.58,608.13,543.55,0.541400188,392.5038574,-114.2271,51.0979,7794.847,1884.55891,4.128823874,20.05246792,19.24404335,41.04145813,34.06715775,1.731764274,25.24888306,3.531404018,1.23549585,147.7731964,15950.48223,9,1.8296992328362818
CA_0002342,2012,368.07,605.77,537.65,0.541400188,378.505957,-114.2271,51.0979,7794.847,1884.55891,4.128823874,20.05246792,19.24404335,41.04145813,34.06715775,1.731764274,25.36447144,3.453959942,1.225462183,147.3405518,16649.05117,9,1.7005471666339296
CA_0002378,1989,274.39,669.87,595.26,0.303333193,475.4546753,-114.5938,50.2812,165.7309,2022.800498,2.728139732,19.04523145,18.45624924,43.92499924,31.65753365,1.487764301,62.11000137,4.455666542,1.348164941,151.1801117,1378.559033,9,2.480295088152433
CA_0002378,1990,320.12,673.65,584.96,0.303333193,471.5706665,-114.5938,50.2812,165.7309,2022.800498,2.728139732,19.04523145,18.45624924,43.92499924,31.65753365,1.487764301,58.80355682,4.577722073,1.337528735,149.222226,1407.9573,9,2.4762249084813583
CA_0002378,1991,337.27,648.98,579.26,0.303333193,452.3999878,-114.5938,50.2812,165.7309,2022.800498,2.728139732,19.04523145,18.45624924,43.92499924,31.65753365,1.487764301,49.72699966,4.496444225,1.32278667,149.2828918,1423.096191,9,2.308229905432846
CA_0002378,1992,349.66,683.93,557.51,0.303333193,444.1413269,-114.5938,50.2812,165.7309,2022.800498,2.728139732,19.04523145,18.45624924,43.92499924,31.65753365,1.487764301,47.10055542,4.303888798,1.296021631,147.8932281,1433.289893,9,2.1780227309369664
CA_0002378,1993,423.02,731.64,523.28,0.303333193,444.5106384,-114.5938,50.2812,165.7309,2022.800498,2.728139732,19.04523145,18.45624924,43.92499924,31.65753365,1.487764301,55.12133331,4.309333324,1.27001626,145.4922272,1432.90437,9,2.3185423682235786
CA_0002378,1994,415.4,693.03,537.06,0.303333193,430.0106445,-114.5938,50.2812,165.7309,2022.800498,2.728139732,19.04523145,18.45624924,43.92499924,31.65753365,1.487764301,58.56111221,4.524333,1.264406299,146.6778931,1442.108154,9,2.081112931750786
CA_0002378,1995,436.36,707.5,535.59,0.303333193,442.5999878,-114.5938,50.2812,165.7309,2022.800498,2.728139732,19.04523145,18.45624924,43.92499924,31.65753365,1.487764301,60.51411285,4.359499931,1.26547207,147.0064484,1466.35061,9,2.247068498020342
CA_0002378,1996,424.18,746.65,534.72,0.303333193,442.1013306,-114.5938,50.2812,165.7309,2022.800498,2.728139732,19.04523145,18.45624924,43.92499924,31.65753365,1.487764301,63.20077972,4.487944126,1.266470435,147.6444489,1504.238818,9,2.111288680002279
CA_0002378,1997,443.98,738.65,531.72,0.303333193,430.9306641,-114.5938,50.2812,165.7309,2022.800498,2.728139732,19.04523145,18.45624924,43.92499924,31.65753365,1.487764301,62.08111267,4.579833508,1.278892578,149.1597809,1549.159717,9,1.99125139086775
CA_0002378,1998,430.64,743.04,553.61,0.303333193,427.0253357,-114.5938,50.2812,165.7309,2022.800498,2.728139732,19.04523145,18.45624924,43.92499924,31.65753365,1.487764301,56.5237793,4.242610931,1.288100464,150.0750061,1592.497119,9,1.7882016714169906
CA_0002378,1999,445.89,750.7,540.38,0.303333193,433.3920044,-114.5938,50.2812,165.7309,2022.800498,2.728139732,19.04523145,18.45624924,43.92499924,31.65753365,1.487764301,52.92222366,4.636610985,1.292584619,149.9313354,1629.649194,9,1.9287993843958264
CA_0002378,2000,357.3,700.52,552.21,0.303333193,423.3573364,-114.5938,50.2812,165.7309,2022.800498,2.728139732,19.04523145,18.45624924,43.92499924,31.65753365,1.487764301,48.23911285,4.461889267,1.299682983,152.0457764,1664.419458,9,1.8654587455549823
CA_0002378,2001,316.31,637.75,575.69,0.303333193,428.9200012,-114.5938,50.2812,165.7309,2022.800498,2.728139732,19.04523145,18.45624924,43.92499924,31.65753365,1.487764301,43.75211258,4.65650034,1.309045483,153.7695557,1704.231372,9,2.0217605736544133
CA_0002378,2002,337.27,618.45,563.33,0.303333193,415.4626648,-114.5938,50.2812,165.7309,2022.800498,2.728139732,19.04523145,18.45624924,43.92499924,31.65753365,1.487764301,42.05433426,4.533388615,1.310348364,153.4570038,1761.89231,9,1.9861645428809842
CA_0002378,2003,280.11,588.74,568.55,0.303333193,409.4813416,-114.5938,50.2812,165.7309,2022.800498,2.728139732,19.04523145,18.45624924,43.92499924,31.65753365,1.487764301,40.37088928,4.503055096,1.320335034,154.9215576,1816.446704,9,2.0071431926562635
CA_0002378,2004,284.7,598.53,554.92,0.303333193,411.4973328,-114.5938,50.2812,165.7309,2022.800498,2.728139732,19.04523145,18.45624924,43.92499924,31.65753365,1.487764301,43.23233414,4.410611153,1.28967251,153.1977783,1881.452783,9,2.066809364341389
CA_0002378,2005,365.86,640.67,547.98,0.303333193,421.2079956,-114.5938,50.2812,165.7309,2022.800498,2.728139732,19.04523145,18.45624924,43.92499924,31.65753365,1.487764301,49.50677643,4.439611435,1.264565405,151.6597778,1962.979395,9,2.06934309779463
CA_0002378,2006,386.82,671.68,541.71,0.303333193,432.3453308,-114.5938,50.2812,165.7309,2022.800498,2.728139732,19.04523145,18.45624924,43.92499924,31.65753365,1.487764301,53.65622101,4.430389404,1.228700781,150.3488892,2038.759766,9,2.161720541291453
CA_0002378,2007,346.8,678.55,568.88,0.303333193,444.0920044,-114.5938,50.2812,165.7309,2022.800498,2.728139732,19.04523145,18.45624924,43.92499924,31.65753365,1.487764301,52.92399826,4.520944595,1.20839541,150.5424438,2112.845825,9,2.1157683910921263
CA_0002378,2008,382.14,679.78,563.16,0.303333193,448.6466675,-114.5938,50.2812,165.7309,2022.800498,2.728139732,19.04523145,18.45624924,43.92499924,31.65753365,1.487764301,52.41233215,4.465499401,1.186980811,150.3891113,2193.313159,9,2.2240891599959856
CA_0002378,2009,373.48,659.94,579.72,0.303333193,440.5626709,-114.5938,50.2812,165.7309,2022.800498,2.728139732,19.04523145,18.45624924,43.92499924,31.65753365,1.487764301,48.67699738,4.492888927,1.19201709,153.0687836,2266.935693,9,2.0693278004893183
CA_0002378,2010,322.03,651.08,565.75,0.303333193,428.634668,-114.5938,50.2812,165.7309,2022.800498,2.728139732,19.04523145,18.45624924,43.92499924,31.65753365,1.487764301,44.94766541,4.309555054,1.18831377,152.224118,2319.859717,9,2.021919739087658
CA_0002378,2011,348.71,651.75,556.88,0.303333193,412.8773254,-114.5938,50.2812,165.7309,2022.800498,2.728139732,19.04523145,18.45624924,43.92499924,31.65753365,1.487764301,43.71544266,4.607055664,1.187984619,151.9494537,2361.8875,9,1.862731501898173
CA_0002378,2012,376.41,668.08,543.85,0.303333193,396.5719849,-114.5938,50.2812,165.7309,2022.800498,2.728139732,19.04523145,18.45624924,43.92499924,31.65753365,1.487764301,46.45011063,4.538944721,1.179801294,151.4028961,2386.560742,9,1.6915171709714891
CA_0002380,1989,96.87,567.18,693.91,1.891473985,462.7878662,-113.8188,50.7854,3909.458,1539.589743,1.771381213,21.73472029,24.17520332,36.67900467,35.09804535,2.156057275,38.50515327,3.938985586,1.311515112,151.4075531,30664.99961,9,2.371365658511087
CA_0002380,1990,113.47,564.26,684.4,1.891473985,462.1411316,-113.8188,50.7854,3909.458,1539.589743,1.771381213,21.73472029,24.17520332,36.67900467,35.09804535,2.156057275,35.10889244,4.047679424,1.326053589,149.7163269,32268.99141,9,2.4326842712831955
CA_0002380,1991,114.26,547.85,679.86,1.891473985,449.6694031,-113.8188,50.7854,3909.458,1539.589743,1.771381213,21.73472029,24.17520332,36.67900467,35.09804535,2.156057275,29.9993412,3.986516237,1.318043359,149.8918579,33338.59844,9,2.3759149842808545
CA_0002380,1992,128.26,577.12,663.28,1.891473985,452.8601257,-113.8188,50.7854,3909.458,1539.589743,1.771381213,21.73472029,24.17520332,36.67900467,35.09804535,2.156057275,28.4276001,3.790963411,1.30976499,148.3466614,34491.04844,9,2.260819539658107
CA_0002380,1993,168.44,618.82,625.52,1.891473985,473.1571716,-113.8188,50.7854,3909.458,1539.589743,1.771381213,21.73472029,24.17520332,36.67900467,35.09804535,2.156057275,34.96015854,3.828309298,1.307490503,145.9636139,34930.18438,9,2.532187447159592
CA_0002380,1994,175.23,594.21,640.89,1.891473985,465.345929,-113.8188,50.7854,3909.458,1539.589743,1.771381213,21.73472029,24.17520332,36.67900467,35.09804535,2.156057275,36.57534142,3.995410919,1.313002173,147.0422943,35861.79297,9,2.471110870597905
CA_0002380,1995,175.79,608.09,632.65,1.891473985,477.4184326,-113.8188,50.7854,3909.458,1539.589743,1.771381213,21.73472029,24.17520332,36.67900467,35.09804535,2.156057275,37.33921852,3.812146664,1.316836377,147.3816406,37357.05938,9,2.653631532454904
CA_0002380,1996,177.39,625.73,630.96,1.891473985,470.4604614,-113.8188,50.7854,3909.458,1539.589743,1.771381213,21.73472029,24.17520332,36.67900467,35.09804535,2.156057275,37.48380928,3.957963228,1.316111719,147.9890564,39256.96094,9,2.39554810587929
CA_0002380,1997,173.07,619.36,620.61,1.891473985,459.2399292,-113.8188,50.7854,3909.458,1539.589743,1.771381213,21.73472029,24.17520332,36.67900467,35.09804535,2.156057275,37.78598022,4.07037878,1.323382764,149.7021912,41023.06016,9,2.30956056122133
CA_0002380,1998,163.66,618.86,642.49,1.891473985,450.3095825,-113.8188,50.7854,3909.458,1539.589743,1.771381213,21.73472029,24.17520332,36.67900467,35.09804535,2.156057275,34.34361725,3.703392506,1.324942407,150.6450073,42557.99844,9,2.0609862261279854
CA_0002380,1999,164.37,628.47,630.7,1.891473985,459.1872742,-113.8188,50.7854,3909.458,1539.589743,1.771381213,21.73472029,24.17520332,36.67900467,35.09804535,2.156057275,33.38331985,4.101135731,1.322703613,150.5365173,44084.96328,9,2.1962996533599917
CA_0002380,2000,142.34,592.35,646.28,1.891473985,441.9950989,-113.8188,50.7854,3909.458,1539.589743,1.771381213,21.73472029,24.17520332,36.67900467,35.09804535,2.156057275,31.04168053,3.902570724,1.313853296,152.5278503,45006.43516,9,2.072796699509168
CA_0002380,2001,125.04,547.74,667.44,1.891473985,435.40354,-113.8188,50.7854,3909.458,1539.589743,1.771381213,21.73472029,24.17520332,36.67900467,35.09804535,2.156057275,28.47088623,4.129781723,1.317768848,154.343689,45396.27656,9,2.181201939640533
CA_0002380,2002,134.77,530.11,659.22,1.891473985,427.2572083,-113.8188,50.7854,3909.458,1539.589743,1.771381213,21.73472029,24.17520332,36.67900467,35.09804535,2.156057275,27.22191048,4.012141705,1.321633423,153.9051331,46731.99531,9,2.2244704240226034
CA_0002380,2003,111.47,506.97,662.34,1.891473985,413.6060547,-113.8188,50.7854,3909.458,1539.589743,1.771381213,21.73472029,24.17520332,36.67900467,35.09804535,2.156057275,26.09487572,3.971441746,1.324009229,155.1971008,48245.72266,9,2.1797112938910486
CA_0002380,2004,113.78,512.25,652.64,1.891473985,416.0932739,-113.8188,50.7854,3909.458,1539.589743,1.771381213,21.73472029,24.17520332,36.67900467,35.09804535,2.156057275,26.1350441,3.90871191,1.325292725,153.5128723,49107.92188,9,2.2148195579569787
CA_0002380,2005,165.97,551.55,643.47,1.891473985,430.0227661,-113.8188,50.7854,3909.458,1539.589743,1.771381213,21.73472029,24.17520332,36.67900467,35.09804535,2.156057275,30.01738243,3.93030262,1.343153027,151.9144043,53021.34766,9,2.1691128113246334
CA_0002380,2006,176.9,579.37,636.1,1.891473985,448.2606567,-113.8188,50.7854,3909.458,1539.589743,1.771381213,21.73472029,24.17520332,36.67900467,35.09804535,2.156057275,33.28775787,3.894716024,1.362068091,150.4654419,57074.20391,9,2.3046164279131442
CA_0002380,2007,167.09,590.84,660.26,1.891473985,457.7865051,-113.8188,50.7854,3909.458,1539.589743,1.771381213,21.73472029,24.17520332,36.67900467,35.09804535,2.156057275,33.82671623,3.989391565,1.367983228,150.5997681,61435.99219,9,2.2562267923793033
CA_0002380,2008,187.79,592.55,652.05,1.891473985,464.0538086,-113.8188,50.7854,3909.458,1539.589743,1.771381213,21.73472029,24.17520332,36.67900467,35.09804535,2.156057275,33.48782158,3.916213751,1.371997778,150.376886,65199.24063,9,2.393927631253534
CA_0002380,2009,181.69,574.36,662.58,1.891473985,448.4749939,-113.8188,50.7854,3909.458,1539.589743,1.771381213,21.73472029,24.17520332,36.67900467,35.09804535,2.156057275,32.64273758,3.98269248,1.358216162,153.0807159,69385.20469,9,2.212959669873999
CA_0002380,2010,141.95,561.03,655.49,1.891473985,446.9950256,-113.8188,50.7854,3909.458,1539.589743,1.771381213,21.73472029,24.17520332,36.67900467,35.09804535,2.156057275,30.6552597,3.798197985,1.345627686,152.34422,71149.19219,9,2.325764607704697
CA_0002380,2011,161.42,561.68,639.72,1.891473985,431.2650085,-113.8188,50.7854,3909.458,1539.589743,1.771381213,21.73472029,24.17520332,36.67900467,35.09804535,2.156057275,29.95288315,4.083208084,1.330589868,152.2062408,74444.24219,9,2.134353389443728
CA_0002380,2012,171.15,566.52,633.06,1.891473985,419.250116,-113.8188,50.7854,3909.458,1539.589743,1.771381213,21.73472029,24.17520332,36.67900467,35.09804535,2.156057275,30.5368454,4.013155937,1.335432959,151.8592407,77862.925,9,1.9605086669752338
CA_0002413,1989,77.3,499.61,727.78,2.590838051,392.1449829,-111.5896,50.0479,23898.34,1382.391392,1.97359271,20.5334136,22.90385628,38.02532578,35.92296219,2.357462855,22.92813187,3.824322939,0.961633643,150.8329956,20894.80977,9,1.7321284924831677
CA_0002413,1990,90.27,500.35,722.61,2.590838051,390.7777039,-111.5896,50.0479,23898.34,1382.391392,1.97359271,20.5334136,22.90385628,38.02532578,35.92296219,2.357462855,21.41287918,3.910396338,0.969399377,149.6763519,21717.77344,9,1.7228383916666836
CA_0002413,1991,95.34,488.43,718.53,2.590838051,384.4266174,-111.5896,50.0479,23898.34,1382.391392,1.97359271,20.5334136,22.90385628,38.02532578,35.92296219,2.357462855,18.21733971,3.878511667,0.966662256,150.0669922,22281.22656,9,1.7293224430368666
CA_0002413,1992,99.89,511.44,705.69,2.590838051,387.2896484,-111.5896,50.0479,23898.34,1382.391392,1.97359271,20.5334136,22.90385628,38.02532578,35.92296219,2.357462855,16.558951,3.693876982,0.959258008,148.5850403,22843.46367,9,1.65909789709869
CA_0002413,1993,119.75,540.68,669.3,2.590838051,409.4749329,-111.5896,50.0479,23898.34,1382.391392,1.97359271,20.5334136,22.90385628,38.02532578,35.92296219,2.357462855,19.25359516,3.742976665,0.959462573,146.4189728,22907.86875,9,1.8524591056510529
CA_0002413,1994,121.48,526.76,683.04,2.590838051,405.4194092,-111.5896,50.0479,23898.34,1382.391392,1.97359271,20.5334136,22.90385628,38.02532578,35.92296219,2.357462855,19.74531422,3.870597839,0.965334778,147.1743286,23267.6957,9,1.8418478341019664
CA_0002413,1995,121.99,539.18,672.25,2.590838051,415.073877,-111.5896,50.0479,23898.34,1382.391392,1.97359271,20.5334136,22.90385628,38.02532578,35.92296219,2.357462855,19.46974773,3.660833359,0.969323755,147.4263733,24009.48594,9,1.923973601690592
CA_0002413,1996,118.81,551.25,668.46,2.590838051,404.870874,-111.5896,50.0479,23898.34,1382.391392,1.97359271,20.5334136,22.90385628,38.02532578,35.92296219,2.357462855,20.12416706,3.856046677,0.965475794,147.7905945,25074.09609,9,1.746228730086026
CA_0002413,1997,121.21,548.09,659.1,2.590838051,404.0714111,-111.5896,50.0479,23898.34,1382.391392,1.97359271,20.5334136,22.90385628,38.02532578,35.92296219,2.357462855,21.89133415,3.931155205,0.96877915,149.2599426,26072.69766,9,1.7794302125172021
CA_0002413,1998,112.63,547.1,679.67,2.590838051,391.4340942,-111.5896,50.0479,23898.34,1382.391392,1.97359271,20.5334136,22.90385628,38.02532578,35.92296219,2.357462855,20.65303726,3.56827569,0.969297009,150.2905914,26921.20156,9,1.5973003075766645
CA_0002413,1999,118.12,552.39,667.03,2.590838051,398.3135193,-111.5896,50.0479,23898.34,1382.391392,1.97359271,20.5334136,22.90385628,38.02532578,35.92296219,2.357462855,20.67003365,3.935451984,0.970157959,150.1397614,27793.45938,9,1.6747081262916756
CA_0002413,2000,102.93,522.69,679.9,2.590838051,381.2302979,-111.5896,50.0479,23898.34,1382.391392,1.97359271,20.5334136,22.90385628,38.02532578,35.92296219,2.357462855,19.81442204,3.740052462,0.964162036,151.677005,28341.42188,9,1.5995501909418923
CA_0002413,2001,87.55,480.84,705.07,2.590838051,368.9313416,-111.5896,50.0479,23898.34,1382.391392,1.97359271,20.5334136,22.90385628,38.02532578,35.92296219,2.357462855,17.54794922,3.977420807,0.966815125,153.5609955,28482.29883,9,1.6231185381250788
CA_0002413,2002,86.12,464.29,696.02,2.590838051,355.4333679,-111.5896,50.0479,23898.34,1382.391392,1.97359271,20.5334136,22.90385628,38.02532578,35.92296219,2.357462855,15.49610558,3.890208006,0.968035315,153.2564209,29080.23516,9,1.5836160690613956
CA_0002413,2003,80.28,446.73,696.64,2.590838051,343.3735168,-111.5896,50.0479,23898.34,1382.391392,1.97359271,20.5334136,22.90385628,38.02532578,35.92296219,2.357462855,15.47969017,3.860322475,0.967958093,154.0009094,29902.89688,9,1.5477990996622826
CA_0002413,2004,79.96,448.97,689.47,2.590838051,343.2420593,-111.5896,50.0479,23898.34,1382.391392,1.97359271,20.5334136,22.90385628,38.02532578,35.92296219,2.357462855,15.53470039,3.775104761,0.967182422,152.6259918,30290.73789,9,1.5470161177237534
CA_0002413,2005,108.61,480.04,682.47,2.590838051,362.9416626,-111.5896,50.0479,23898.34,1382.391392,1.97359271,20.5334136,22.90385628,38.02532578,35.92296219,2.357462855,18.12672253,3.798752785,0.980692725,151.1653076,32381.76914,9,1.6082693399820311
CA_0002413,2006,122.56,504.99,672.94,2.590838051,380.4927612,-111.5896,50.0479,23898.34,1382.391392,1.97359271,20.5334136,22.90385628,38.02532578,35.92296219,2.357462855,19.96549797,3.771360636,0.995208899,149.7433075,34574.47422,9,1.6932837046989067
CA_0002413,2007,126.84,514.81,695.42,2.590838051,388.2248718,-111.5896,50.0479,23898.34,1382.391392,1.97359271,20.5334136,22.90385628,38.02532578,35.92296219,2.357462855,20.67123947,3.854400158,1.003283228,149.7890198,36959.31836,9,1.6749332387693008
CA_0002413,2008,137.21,515.05,689.44,2.590838051,393.8316223,-111.5896,50.0479,23898.34,1382.391392,1.97359271,20.5334136,22.90385628,38.02532578,35.92296219,2.357462855,19.83253326,3.77624011,1.009534937,149.5904419,38954.19258,9,1.7515740989770348
CA_0002413,2009,131.57,499.95,701.34,2.590838051,382.8069885,-111.5896,50.0479,23898.34,1382.391392,1.97359271,20.5334136,22.90385628,38.02532578,35.92296219,2.357462855,19.30106468,3.873272419,0.996732556,152.2136505,41137.48359,9,1.6804781851799355
CA_0002413,2010,113.44,486.81,695.5,2.590838051,377.268158,-111.5896,50.0479,23898.34,1382.391392,1.97359271,20.5334136,22.90385628,38.02532578,35.92296219,2.357462855,17.26375809,3.692978621,0.992378516,151.4809723,42082.54609,9,1.7048171719160596
CA_0002413,2011,124.59,486.06,682.17,2.590838051,373.3489014,-111.5896,50.0479,23898.34,1382.391392,1.97359271,20.5334136,22.90385628,38.02532578,35.92296219,2.357462855,17.79250488,3.986871004,0.986598303,151.3197205,43858.37656,9,1.693497728292599
CA_0002413,2012,129.86,486.86,678.09,2.590838051,365.3015076,-111.5896,50.0479,23898.34,1382.391392,1.97359271,20.5334136,22.90385628,38.02532578,35.92296219,2.357462855,18.29587364,3.893636227,0.985954785,150.9829559,45721.61484,9,1.6078529257037795
CA_0002413,2013,137.13,483.62,670.69,2.590838051,362.639093,-111.5896,50.0479,23898.34,1382.391392,1.97359271,20.5334136,22.90385628,38.02532578,35.92296219,2.357462855,18.76129494,3.805929184,0.987233911,150.8962738,48349.6875,9,1.6116027516210913
CA_0002413,2014,150.06,506.13,663.97,2.590838051,372.425354,-111.5896,50.0479,23898.34,1382.391392,1.97359271,20.5334136,22.90385628,38.02532578,35.92296219,2.357462855,19.12514763,3.762424707,1.004673206,149.2573181,51131.42578,9,1.6207522154119545
CA_0002426,1989,270.18,669.78,537.71,-0.295199959,453.4966187,-115.0188,51.6479,2219.555,2046.892568,3.77045025,19.94933095,15.02999973,44.125,36.10027313,1.586651638,31.0923912,3.54494524,1.208493799,146.5335632,950.7522095,9,2.619978139226763
CA_0002426,1990,309.08,681.24,531.34,-0.295199959,452.6026123,-115.0188,51.6479,2219.555,2046.892568,3.77045025,19.94933095,15.02999973,44.125,36.10027313,1.586651638,28.20051308,3.65772438,1.208055566,145.0770813,970.3585693,9,2.617807833356377
CA_0002426,1991,309.5,670.55,528.82,-0.295199959,442.7254639,-115.0188,51.6479,2219.555,2046.892568,3.77045025,19.94933095,15.02999973,44.125,36.10027313,1.586651638,25.01261559,3.626124859,1.200553638,145.4828918,980.7090088,9,2.482865717255229
CA_0002426,1992,313.45,691.78,516.22,-0.295199959,438.1836121,-115.0188,51.6479,2219.555,2046.892568,3.77045025,19.94933095,15.02999973,44.125,36.10027313,1.586651638,23.97894859,3.468022585,1.189413721,144.0040009,987.6558105,9,2.4344984443413473
CA_0002426,1993,336.19,705.68,496.45,-0.295199959,429.3926208,-115.0188,51.6479,2219.555,2046.892568,3.77045025,19.94933095,15.02999973,44.125,36.10027313,1.586651638,26.166436,3.520211458,1.17295835,142.3572754,987.330127,9,2.437504145406429
CA_0002426,1994,330.99,708.13,507.73,-0.295199959,436.3510864,-115.0188,51.6479,2219.555,2046.892568,3.77045025,19.94933095,15.02999973,44.125,36.10027313,1.586651638,26.48174362,3.598083496,1.171395337,142.7742706,994.1357788,9,2.4313790716843307
CA_0002426,1995,330.01,706.22,502.86,-0.295199959,442.544397,-115.0188,51.6479,2219.555,2046.892568,3.77045025,19.94933095,15.02999973,44.125,36.10027313,1.586651638,26.72449341,3.4208076,1.170929956,143.3733246,1010.412988,9,2.661366291814474
CA_0002426,1996,305.14,719.37,499.34,-0.295199959,430.8023132,-115.0188,51.6479,2219.555,2046.892568,3.77045025,19.94933095,15.02999973,44.125,36.10027313,1.586651638,26.95314713,3.629374743,1.172434448,143.7648254,1036.367542,9,2.375546210035966
CA_0002426,1997,297.29,729.35,492.45,-0.295199959,426.357782,-115.0188,51.6479,2219.555,2046.892568,3.77045025,19.94933095,15.02999973,44.125,36.10027313,1.586651638,27.72872429,3.691387892,1.175623291,144.7473816,1064.082788,9,2.3339688415043263
CA_0002426,1998,291.67,739.84,508.71,-0.295199959,425.2840881,-115.0188,51.6479,2219.555,2046.892568,3.77045025,19.94933095,15.02999973,44.125,36.10027313,1.586651638,27.00477524,3.314730883,1.181693237,145.4650116,1092.218799,9,2.0970677300324847
CA_0002426,1999,308.24,735.87,494.8,-0.295199959,417.6523071,-115.0188,51.6479,2219.555,2046.892568,3.77045025,19.94933095,15.02999973,44.125,36.10027313,1.586651638,27.26208267,3.630788565,1.177791284,145.3584595,1116.109424,9,2.116853849624933
CA_0002426,2000,267.4,713.05,497.78,-0.295199959,409.7076172,-115.0188,51.6479,2219.555,2046.892568,3.77045025,19.94933095,15.02999973,44.125,36.10027313,1.586651638,25.87081375,3.517346144,1.174967749,146.3703461,1133.973999,9,2.024229007966032
CA_0002426,2001,257.41,658.55,511.1,-0.295199959,409.7021606,-115.0188,51.6479,2219.555,2046.892568,3.77045025,19.94933095,15.02999973,44.125,36.10027313,1.586651638,23.58758335,3.689807653,1.17704939,147.6118866,1155.063647,9,2.0924513014056374
CA_0002426,2002,261.9,621.77,506.35,-0.295199959,394.6150024,-115.0188,51.6479,2219.555,2046.892568,3.77045025,19.94933095,15.02999973,44.125,36.10027313,1.586651638,21.425564,3.621637821,1.174995752,147.5214264,1192.491895,9,2.030528366561948
CA_0002426,2003,257.41,609.21,501.35,-0.295199959,386.6503845,-115.0188,51.6479,2219.555,2046.892568,3.77045025,19.94933095,15.02999973,44.125,36.10027313,1.586651638,20.28908978,3.595769405,1.171754956,148.5904327,1231.897705,9,1.9928727566659914
CA_0002426,2004,257.27,612.49,494.82,-0.295199959,388.7787781,-115.0188,51.6479,2219.555,2046.892568,3.77045025,19.94933095,15.02999973,44.125,36.10027313,1.586651638,21.85682049,3.547608852,1.163014795,146.9451599,1269.62981,9,2.0616043068824634
CA_0002426,2005,299.96,643.83,496.31,-0.295199959,399.772467,-115.0188,51.6479,2219.555,2046.892568,3.77045025,19.94933095,15.02999973,44.125,36.10027313,1.586651638,25.76988468,3.513019323,1.154444556,145.8502899,1315.060815,9,2.108139286434243
CA_0002426,2006,307.54,674.85,498.57,-0.295199959,419.9938538,-115.0188,51.6479,2219.555,2046.892568,3.77045025,19.94933095,15.02999973,44.125,36.10027313,1.586651638,28.53938484,3.439548016,1.15581001,144.9517181,1359.493628,9,2.3366055805027406
CA_0002426,2007,325.23,699.46,511.73,-0.295199959,431.3641602,-115.0188,51.6479,2219.555,2046.892568,3.77045025,19.94933095,15.02999973,44.125,36.10027313,1.586651638,29.50491714,3.514862061,1.153237109,144.8402161,1401.421851,9,2.314839771880842
CA_0002426,2008,340.06,683.25,506.08,-0.295199959,427.2966919,-115.0188,51.6479,2219.555,2046.892568,3.77045025,19.94933095,15.02999973,44.125,36.10027313,1.586651638,28.74989128,3.500650644,1.145395093,144.3854706,1445.115942,9,2.3639489311396704
CA_0002426,2009,321.3,661.48,517.37,-0.295199959,418.8393066,-115.0188,51.6479,2219.555,2046.892568,3.77045025,19.94933095,15.02999973,44.125,36.10027313,1.586651638,25.65729561,3.546275616,1.148341016,147.1501617,1490.773511,9,2.180620745747765
CA_0002426,2010,288.72,630.33,511.26,-0.295199959,410.7146912,-115.0188,51.6479,2219.555,2046.892568,3.77045025,19.94933095,15.02999973,44.125,36.10027313,1.586651638,22.95415421,3.381288528,1.146584033,146.7802765,1540.181055,9,2.2246091143418143
CA_0002426,2011,311.89,620.37,501.53,-0.295199959,391.8797668,-115.0188,51.6479,2219.555,2046.892568,3.77045025,19.94933095,15.02999973,44.125,36.10027313,1.586651638,22.15379486,3.621240377,1.126028174,146.5916504,1588.420654,9,2.028795899978912
CA_0002426,2012,310.49,614.32,496.06,-0.295199959,376.7011536,-115.0188,51.6479,2219.555,2046.892568,3.77045025,19.94933095,15.02999973,44.125,36.10027313,1.586651638,21.79289055,3.514326811,1.12757251,146.2038879,1625.493848,9,1.8654891201747754
CA_0002433,1989,144.72,592.16,617.01,1.260957438,478.1137817,-114.2146,52.0521,5439.5,1587.605043,2.048841261,21.26810945,19.64541626,38.05764008,38.78873444,2.139036442,31.74444618,3.221083641,1.452971899,147.3422272,3164.999805,9,2.9639839293165955
CA_0002433,1990,155.04,599.35,610.34,1.260957438,481.2397461,-114.2146,52.0521,5439.5,1587.605043,2.048841261,21.26810945,19.64541626,38.05764008,38.78873444,2.139036442,28.22667389,3.329862595,1.459859766,146.0582336,3241.466699,9,3.0342613823674145
CA_0002433,1991,151.88,590.29,607.18,1.260957438,473.921344,-114.2146,52.0521,5439.5,1587.605043,2.048841261,21.26810945,19.64541626,38.05764008,38.78873444,2.139036442,24.70987167,3.301944494,1.45182605,146.6117371,3274.630469,9,2.970000326648028
CA_0002433,1992,145.8,605.72,596.73,1.260957438,473.1013367,-114.2146,52.0521,5439.5,1587.605043,2.048841261,21.26810945,19.64541626,38.05764008,38.78873444,2.139036442,22.88559113,3.137734652,1.44230481,145.1196503,3333.448486,9,2.893528762775892
CA_0002433,1993,153.07,617.2,573.45,1.260957438,472.504187,-114.2146,52.0521,5439.5,1587.605043,2.048841261,21.26810945,19.64541626,38.05764008,38.78873444,2.139036442,25.92094231,3.216222048,1.428703906,143.4523956,3323.149463,9,3.0356133432284955
CA_0002433,1994,150.64,623.27,584.69,1.260957438,485.0580627,-114.2146,52.0521,5439.5,1587.605043,2.048841261,21.26810945,19.64541626,38.05764008,38.78873444,2.139036442,26.69967651,3.261163712,1.429631177,143.8684021,3404.23877,9,3.192228901856933
CA_0002433,1995,154.53,620.81,577.76,1.260957438,485.5705566,-114.2146,52.0521,5439.5,1587.605043,2.048841261,21.26810945,19.64541626,38.05764008,38.78873444,2.139036442,26.00859451,3.07097435,1.432657837,144.405835,3522.581885,9,3.338586298452863
CA_0002433,1996,165.53,621.41,575.02,1.260957438,472.5927551,-114.2146,52.0521,5439.5,1587.605043,2.048841261,21.26810945,19.64541626,38.05764008,38.78873444,2.139036442,25.91879311,3.292814016,1.432974341,144.603656,3659.443262,9,2.9783598860374134
CA_0002433,1997,173.65,631.94,563.67,1.260957438,470.5590454,-114.2146,52.0521,5439.5,1587.605043,2.048841261,21.26810945,19.64541626,38.05764008,38.78873444,2.139036442,27.70683403,3.368120909,1.438951025,145.6665649,3755.763135,9,2.976534675284187
CA_0002433,1998,165.53,638.69,579.75,1.260957438,469.886438,-114.2146,52.0521,5439.5,1587.605043,2.048841261,21.26810945,19.64541626,38.05764008,38.78873444,2.139036442,26.58712234,2.956622601,1.44410957,146.4263489,3881.089307,9,2.714549465749244
CA_0002433,1999,161.92,635.3,568.59,1.260957438,463.6225769,-114.2146,52.0521,5439.5,1587.605043,2.048841261,21.26810945,19.64541626,38.05764008,38.78873444,2.139036442,27.23684921,3.287305832,1.440569995,146.4303314,3991.386377,9,2.7139867247153826
CA_0002433,2000,152.13,619.42,573.78,1.260957438,458.1328247,-114.2146,52.0521,5439.5,1587.605043,2.048841261,21.26810945,19.64541626,38.05764008,38.78873444,2.139036442,26.6642746,3.144020319,1.435373779,147.3389374,4058.807813,9,2.651495782932162
CA_0002433,2001,143.15,578.5,587.63,1.260957438,449.7238647,-114.2146,52.0521,5439.5,1587.605043,2.048841261,21.26810945,19.64541626,38.05764008,38.78873444,2.139036442,23.32278748,3.342656851,1.442473633,148.8039307,4138.15791,9,2.670547994390959
CA_0002433,2002,134.46,543.43,581.68,1.260957438,429.929364,-114.2146,52.0521,5439.5,1587.605043,2.048841261,21.26810945,19.64541626,38.05764008,38.78873444,2.139036442,20.48887939,3.286731005,1.441341919,148.6821381,4251.593604,9,2.5981086750832647
CA_0002433,2003,134.69,531.07,578.04,1.260957438,420.1107178,-114.2146,52.0521,5439.5,1587.605043,2.048841261,21.26810945,19.64541626,38.05764008,38.78873444,2.139036442,19.57988739,3.263809681,1.439863013,149.5266357,4376.404492,9,2.5252431316621697
CA_0002433,2004,137.04,534.6,571.65,1.260957438,420.9461121,-114.2146,52.0521,5439.5,1587.605043,2.048841261,21.26810945,19.64541626,38.05764008,38.78873444,2.139036442,19.46919403,3.238094568,1.446787598,147.8467621,4445.020508,9,2.556939740431041
CA_0002433,2005,144.56,565.73,571.74,1.260957438,432.1518433,-114.2146,52.0521,5439.5,1587.605043,2.048841261,21.26810945,19.64541626,38.05764008,38.78873444,2.139036442,23.52684441,3.174370289,1.450715283,146.7610565,4719.185254,9,2.5243135328974082
CA_0002433,2006,152.11,593.59,572.87,1.260957438,455.5233032,-114.2146,52.0521,5439.5,1587.605043,2.048841261,21.26810945,19.64541626,38.05764008,38.78873444,2.139036442,27.11345444,3.105263948,1.465892285,145.7286346,5024.363672,9,2.8115742468586897
CA_0002433,2007,166.6,619.21,587.21,1.260957438,472.5541382,-114.2146,52.0521,5439.5,1587.605043,2.048841261,21.26810945,19.64541626,38.05764008,38.78873444,2.139036442,28.89821243,3.185802221,1.475427246,145.587674,5314.53584,9,2.855310326988563
CA_0002433,2008,169.15,608.31,578.98,1.260957438,468.4465149,-114.2146,52.0521,5439.5,1587.605043,2.048841261,21.26810945,19.64541626,38.05764008,38.78873444,2.139036442,28.47463684,3.150218487,1.475645532,145.3014008,5614.735449,9,2.9413356407045748
CA_0002433,2009,165.98,587.48,587.52,1.260957438,455.6421143,-114.2146,52.0521,5439.5,1587.605043,2.048841261,21.26810945,19.64541626,38.05764008,38.78873444,2.139036442,26.98404846,3.219313622,1.45489541,148.1143982,5955.676758,9,2.7271159235458176
CA_0002433,2010,160.51,560.6,583.92,1.260957438,448.6565002,-114.2146,52.0521,5439.5,1587.605043,2.048841261,21.26810945,19.64541626,38.05764008,38.78873444,2.139036442,23.74510384,3.041425705,1.438662207,147.7568939,6145.459863,9,2.85792427173265
CA_0002433,2011,161.41,553.56,570.69,1.260957438,432.6184387,-114.2146,52.0521,5439.5,1587.605043,2.048841261,21.26810945,19.64541626,38.05764008,38.78873444,2.139036442,23.20063629,3.307658911,1.414510669,147.6790802,6280.547461,9,2.6512231844629013
CA_0002433,2012,152.81,545.54,569.52,1.260957438,420.0976318,-114.2146,52.0521,5439.5,1587.605043,2.048841261,21.26810945,19.64541626,38.05764008,38.78873444,2.139036442,22.72994232,3.195756197,1.406659888,147.3507263,6492.278223,9,2.455965335927475
CA_0002433,2013,151.26,540.99,566.92,1.260957438,415.1587524,-114.2146,52.0521,5439.5,1587.605043,2.048841261,21.26810945,19.64541626,38.05764008,38.78873444,2.139036442,22.67509079,3.176553726,1.394160742,147.1045441,6782.857324,9,2.411045020536589
CA_0002433,2014,164.23,559.14,566.0,1.260957438,420.7465454,-114.2146,52.0521,5439.5,1587.605043,2.048841261,21.26810945,19.64541626,38.05764008,38.78873444,2.139036442,23.47797775,3.133332253,1.410875146,145.7168701,6972.306738,9,2.386689641330033
CA_0002520,1989,222.72,643.83,579.13,0.466912307,480.2636108,-114.8563,52.2521,2234.709,1738.95998,2.917366822,21.01284585,16.99100876,41.66951752,36.14196396,1.725242406,31.58850555,3.142495155,1.509500952,146.2787262,2812.995557,9,2.9365038113855455
CA_0002520,1990,255.05,656.25,573.28,0.466912307,484.1215027,-114.8563,52.2521,2234.709,1738.95998,2.917366822,21.01284585,16.99100876,41.66951752,36.14196396,1.725242406,28.69070511,3.266119957,1.511483081,144.9733185,2883.274561,9,3.016567048946393
CA_0002520,1991,248.47,648.3,570.97,0.466912307,478.4254456,-114.8563,52.2521,2234.709,1738.95998,2.917366822,21.01284585,16.99100876,41.66951752,36.14196396,1.725242406,26.17164497,3.237326145,1.502964111,145.4944611,2914.529199,9,2.956906113133089
CA_0002520,1992,253.09,664.16,560.61,0.466912307,477.2325562,-114.8563,52.2521,2234.709,1738.95998,2.917366822,21.01284585,16.99100876,41.66951752,36.14196396,1.725242406,25.19928894,3.072473288,1.493083813,144.1121063,2952.139844,9,2.9458075850563974
CA_0002520,1993,274.23,674.22,540.6,0.466912307,470.2593689,-114.8563,52.2521,2234.709,1738.95998,2.917366822,21.01284585,16.99100876,41.66951752,36.14196396,1.725242406,27.47418251,3.139565945,1.476879956,142.6136383,2941.124072,9,2.9886081090603573
CA_0002520,1994,265.97,682.0,551.86,0.466912307,482.2810181,-114.8563,52.2521,2234.709,1738.95998,2.917366822,21.01284585,16.99100876,41.66951752,36.14196396,1.725242406,28.19149742,3.189105511,1.475424805,142.9396545,2975.044727,9,3.1004484568707085
CA_0002520,1995,263.31,678.05,545.92,0.466912307,484.8979431,-114.8563,52.2521,2234.709,1738.95998,2.917366822,21.01284585,16.99100876,41.66951752,36.14196396,1.725242406,28.06339874,2.998792171,1.475375,143.4918274,3049.718164,9,3.3368422808003366
CA_0002520,1996,247.19,682.52,542.76,0.466912307,472.2686523,-114.8563,52.2521,2234.709,1738.95998,2.917366822,21.01284585,16.99100876,41.66951752,36.14196396,1.725242406,28.06697998,3.226718426,1.476083276,143.6434479,3160.216406,9,2.953880867571697
CA_0002520,1997,243.16,696.41,532.36,0.466912307,467.7893982,-114.8563,52.2521,2234.709,1738.95998,2.917366822,21.01284585,16.99100876,41.66951752,36.14196396,1.725242406,29.52201805,3.301561594,1.480705884,144.4158997,3242.657227,9,2.9125659679656475
CA_0002520,1998,235.46,704.67,547.48,0.466912307,468.9175964,-114.8563,52.2521,2234.709,1738.95998,2.917366822,21.01284585,16.99100876,41.66951752,36.14196396,1.725242406,28.83522644,2.877374649,1.485982227,145.1333466,3340.838672,9,2.6630716819389435
CA_0002520,1999,251.27,698.15,535.32,0.466912307,458.4779358,-114.8563,52.2521,2234.709,1738.95998,2.917366822,21.01284585,16.99100876,41.66951752,36.14196396,1.725242406,28.9709938,3.209578753,1.480892529,145.1318359,3432.106348,9,2.6142835063789898
CA_0002520,2000,224.03,679.72,538.34,0.466912307,452.1738647,-114.8563,52.2521,2234.709,1738.95998,2.917366822,21.01284585,16.99100876,41.66951752,36.14196396,1.725242406,27.83238487,3.089526892,1.478111475,145.8159058,3494.956396,9,2.529072579458353
CA_0002520,2001,216.56,632.39,549.91,0.466912307,449.05578,-114.8563,52.2521,2234.709,1738.95998,2.917366822,21.01284585,16.99100876,41.66951752,36.14196396,1.725242406,24.82353458,3.269484758,1.482338062,147.1488403,3544.729297,9,2.604246652765823
CA_0002520,2002,216.28,592.26,544.83,0.466912307,430.7384888,-114.8563,52.2521,2234.709,1738.95998,2.917366822,21.01284585,16.99100876,41.66951752,36.14196396,1.725242406,21.77593365,3.221716642,1.479333887,147.1420563,3642.730029,9,2.525001764271491
CA_0002520,2003,213.48,579.8,539.99,0.466912307,421.0825867,-114.8563,52.2521,2234.709,1738.95998,2.917366822,21.01284585,16.99100876,41.66951752,36.14196396,1.725242406,20.30216465,3.196329832,1.476900732,147.9487396,3744.908252,9,2.4515413033325855
CA_0002520,2004,197.08,585.18,534.59,0.466912307,423.7105957,-114.8563,52.2521,2234.709,1738.95998,2.917366822,21.01284585,16.99100876,41.66951752,36.14196396,1.725242406,21.31448307,3.163724899,1.476744165,146.3184662,3780.641162,9,2.519713888689823
CA_0002520,2005,228.74,616.64,536.89,0.466912307,434.2525208,-114.8563,52.2521,2234.709,1738.95998,2.917366822,21.01284585,16.99100876,41.66951752,36.14196396,1.725242406,25.28117237,3.100209951,1.469424854,145.4420044,3963.701416,9,2.5167886330272804
CA_0002520,2006,241.06,645.85,540.6,0.466912307,454.5147461,-114.8563,52.2521,2234.709,1738.95998,2.917366822,21.01284585,16.99100876,41.66951752,36.14196396,1.725242406,28.3103611,3.017785072,1.484174829,144.6648438,4164.497021,9,2.754920460123658
CA_0002520,2007,259.95,672.65,553.54,0.466912307,469.6188477,-114.8563,52.2521,2234.709,1738.95998,2.917366822,21.01284585,16.99100876,41.66951752,36.14196396,1.725242406,29.8149292,3.10929203,1.488628149,144.5226898,4366.539355,9,2.7860759754933264
CA_0002520,2008,274.42,658.11,546.66,0.466912307,464.1406921,-114.8563,52.2521,2234.709,1738.95998,2.917366822,21.01284585,16.99100876,41.66951752,36.14196396,1.725242406,29.28017921,3.079924822,1.481529443,144.2407532,4548.889111,9,2.8367854774420125
CA_0002520,2009,268.63,634.38,554.8,0.466912307,452.3420105,-114.8563,52.2521,2234.709,1738.95998,2.917366822,21.01284585,16.99100876,41.66951752,36.14196396,1.725242406,26.77253227,3.136447191,1.475187231,147.0195007,4779.884375,9,2.61217485884442
CA_0002520,2010,242.32,605.4,550.37,0.466912307,445.6565613,-114.8563,52.2521,2234.709,1738.95998,2.917366822,21.01284585,16.99100876,41.66951752,36.14196396,1.725242406,24.03662949,2.951276779,1.468691846,146.7193756,4888.331836,9,2.7116132020535773
CA_0002520,2011,255.05,596.84,538.21,0.466912307,428.2757263,-114.8563,52.2521,2234.709,1738.95998,2.917366822,21.01284585,16.99100876,41.66951752,36.14196396,1.725242406,23.38533211,3.23028183,1.439017651,146.4758148,5039.542578,9,2.503738174661956
CA_0002520,2012,255.47,587.8,535.69,0.466912307,415.3821167,-114.8563,52.2521,2234.709,1738.95998,2.917366822,21.01284585,16.99100876,41.66951752,36.14196396,1.725242406,22.74312325,3.099483252,1.438741162,146.0500214,5182.691895,9,2.323861279304977
CA_0002520,2013,263.17,583.72,533.44,0.466912307,410.3756042,-114.8563,52.2521,2234.709,1738.95998,2.917366822,21.01284585,16.99100876,41.66951752,36.14196396,1.725242406,22.692519,3.105629683,1.429554443,145.7589081,5393.555371,9,2.2725362004587373
CA_0002520,2014,284.45,602.64,534.18,0.466912307,414.1334961,-114.8563,52.2521,2234.709,1738.95998,2.917366822,21.01284585,16.99100876,41.66951752,36.14196396,1.725242406,23.13524437,3.058104515,1.431142822,144.4132996,5530.421094,9,2.230228959307045
CA_0002527,1989,230.19,650.47,564.39,-0.002638906,480.9638245,-115.4229,52.3687,1861.772,1794.725692,2.239176819,19.48541409,15.71831608,41.67578125,36.65356827,1.589989087,31.08241386,3.025387287,1.644815479,145.7735809,1411.827563,9,3.1059455742116118
CA_0002527,1990,262.52,666.54,558.82,-0.002638906,483.701947,-115.4229,52.3687,1861.772,1794.725692,2.239176819,19.48541409,15.71831608,41.67578125,36.65356827,1.589989087,28.37386932,3.157692194,1.640220996,144.4865967,1439.304053,9,3.144451381103765
CA_0002527,1991,260.47,661.35,556.93,-0.002638906,479.9087708,-115.4229,52.3687,1861.772,1794.725692,2.239176819,19.48541409,15.71831608,41.67578125,36.65356827,1.589989087,26.48323975,3.135501623,1.628974976,144.9831451,1450.242603,9,3.1020532047548026
CA_0002527,1992,270.74,676.79,545.91,-0.002638906,478.6645508,-115.4229,52.3687,1861.772,1794.725692,2.239176819,19.48541409,15.71831608,41.67578125,36.65356827,1.589989087,26.35133896,2.969016075,1.616225806,143.7034149,1455.874316,9,3.1343621267484396
CA_0002527,1993,297.39,686.21,527.48,-0.002638906,468.0721741,-115.4229,52.3687,1861.772,1794.725692,2.239176819,19.48541409,15.71831608,41.67578125,36.65356827,1.589989087,27.85214233,3.023358345,1.600944824,142.3500977,1448.559082,9,3.079527986264316
CA_0002527,1994,276.81,694.9,539.4,-0.002638906,479.3618835,-115.4229,52.3687,1861.772,1794.725692,2.239176819,19.48541409,15.71831608,41.67578125,36.65356827,1.589989087,28.41525269,3.079060793,1.599888818,142.5949829,1453.933398,9,3.150195245538177
CA_0002527,1995,272.21,689.34,534.47,-0.002638906,484.3804199,-115.4229,52.3687,1861.772,1794.725692,2.239176819,19.48541409,15.71831608,41.67578125,36.65356827,1.589989087,28.87486725,2.886931419,1.602153711,143.1442871,1475.6323,9,3.49687243236931
CA_0002527,1996,252.66,694.97,530.97,-0.002638906,471.712793,-115.4229,52.3687,1861.772,1794.725692,2.239176819,19.48541409,15.71831608,41.67578125,36.65356827,1.589989087,29.04093781,3.119517803,1.60268894,143.2375305,1517.953027,9,3.068613093018292
CA_0002527,1997,243.46,711.33,521.22,-0.002638906,466.8756042,-115.4229,52.3687,1861.772,1794.725692,2.239176819,19.48541409,15.71831608,41.67578125,36.65356827,1.589989087,30.59036865,3.197257519,1.608771094,143.7575226,1572.761255,9,3.0072219896242744
CA_0002527,1998,236.32,718.74,535.76,-0.002638906,468.5954712,-115.4229,52.3687,1861.772,1794.725692,2.239176819,19.48541409,15.71831608,41.67578125,36.65356827,1.589989087,30.42027283,2.758528471,1.6154604,144.4439484,1635.48811,9,2.7512411489097657
CA_0002527,1999,265.58,710.12,522.71,-0.002638906,455.7285767,-115.4229,52.3687,1861.772,1794.725692,2.239176819,19.48541409,15.71831608,41.67578125,36.65356827,1.589989087,30.16802063,3.09700942,1.609380713,144.4368988,1683.76814,9,2.6673436137377387
CA_0002527,2000,236.45,691.37,524.39,-0.002638906,447.4612122,-115.4229,52.3687,1861.772,1794.725692,2.239176819,19.48541409,15.71831608,41.67578125,36.65356827,1.589989087,28.37504387,2.993723392,1.608128052,144.8969482,1720.183423,9,2.5380448472529427
CA_0002527,2001,225.26,643.03,534.74,-0.002638906,449.2155212,-115.4229,52.3687,1861.772,1794.725692,2.239176819,19.48541409,15.71831608,41.67578125,36.65356827,1.589989087,25.47287521,3.159481764,1.610218774,146.138092,1759.290698,9,2.7176971287773513
CA_0002527,2002,224.24,600.33,529.63,-0.002638906,429.9728455,-115.4229,52.3687,1861.772,1794.725692,2.239176819,19.48541409,15.71831608,41.67578125,36.65356827,1.589989087,21.91311531,3.121401787,1.604708569,146.2298706,1827.251489,9,2.6056610713288086
CA_0002527,2003,216.07,588.08,523.92,-0.002638906,419.9349792,-115.4229,52.3687,1861.772,1794.725692,2.239176819,19.48541409,15.71831608,41.67578125,36.65356827,1.589989087,20.10638771,3.090733051,1.60287666,146.9707458,1897.065063,9,2.52229476962848
CA_0002527,2004,192.1,595.0,518.97,-0.002638906,424.1697021,-115.4229,52.3687,1861.772,1794.725692,2.239176819,19.48541409,15.71831608,41.67578125,36.65356827,1.589989087,21.94210739,3.055172443,1.60196001,145.4108063,1935.378101,9,2.6258785033246195
CA_0002527,2005,211.31,625.16,523.12,-0.002638906,435.9843506,-115.4229,52.3687,1861.772,1794.725692,2.239176819,19.48541409,15.71831608,41.67578125,36.65356827,1.589989087,26.01137161,2.995922565,1.59167749,144.7248108,1981.707739,9,2.6572356896386284
CA_0002527,2006,221.85,653.16,529.09,-0.002638906,453.2745911,-115.4229,52.3687,1861.772,1794.725692,2.239176819,19.48541409,15.71831608,41.67578125,36.65356827,1.589989087,28.66579781,2.897471905,1.611619507,144.1830414,2025.739893,9,2.8350329439290394
CA_0002527,2007,240.23,679.46,541.46,-0.002638906,468.193988,-115.4229,52.3687,1861.772,1794.725692,2.239176819,19.48541409,15.71831608,41.67578125,36.65356827,1.589989087,29.8381443,3.004244804,1.61915188,144.031073,2054.17251,9,2.8801142338277894
CA_0002527,2008,256.07,663.79,535.92,-0.002638906,462.1324524,-115.4229,52.3687,1861.772,1794.725692,2.239176819,19.48541409,15.71831608,41.67578125,36.65356827,1.589989087,29.09286575,2.974010468,1.606441797,143.7773926,2080.802881,9,2.9030031775479643
CA_0002527,2009,248.06,638.16,543.49,-0.002638906,449.9973938,-115.4229,52.3687,1861.772,1794.725692,2.239176819,19.48541409,15.71831608,41.67578125,36.65356827,1.589989087,25.97590866,3.024671078,1.602882397,146.5178558,2134.508081,9,2.6603423471438075
CA_0002527,2010,237.51,609.97,538.07,-0.002638906,442.6701782,-115.4229,52.3687,1861.772,1794.725692,2.239176819,19.48541409,15.71831608,41.67578125,36.65356827,1.589989087,23.65409775,2.832288027,1.605384521,146.278656,2191.941138,9,2.745104977747451
CA_0002527,2011,239.38,601.09,526.79,-0.002638906,425.2802734,-115.4229,52.3687,1861.772,1794.725692,2.239176819,19.48541409,15.71831608,41.67578125,36.65356827,1.589989087,22.84259834,3.121635914,1.566235474,145.8791107,2244.846436,9,2.5246085289257256
CA_0002527,2012,245.49,590.78,522.69,-0.002638906,412.2618835,-115.4229,52.3687,1861.772,1794.725692,2.239176819,19.48541409,15.71831608,41.67578125,36.65356827,1.589989087,22.36151695,2.97184515,1.572420313,145.3665894,2284.301123,9,2.3563952870141693
CA_0002527,2013,231.55,587.9,520.42,-0.002638906,407.6919128,-115.4229,52.3687,1861.772,1794.725692,2.239176819,19.48541409,15.71831608,41.67578125,36.65356827,1.589989087,22.48037949,3.003302336,1.568388989,145.0422607,2330.861865,9,2.3042128677601608
CA_0002540,1989,158.09,591.92,645.91,2.02798245,524.2672485,-115.5188,52.8187,838.8103,1250.529865,1.1604234,21.21693082,17.99530029,35.7725563,43.85416794,1.665021757,30.33311348,2.520531416,2.012910596,144.759256,1799.073315,9,4.306969395185707
CA_0002540,1990,194.83,608.04,640.12,2.02798245,531.3721069,-115.5188,52.8187,838.8103,1250.529865,1.1604234,21.21693082,17.99530029,35.7725563,43.85416794,1.665021757,27.48561401,2.660970211,2.017080469,143.6729401,1836.343042,9,4.35808553420243
CA_0002540,1991,165.3,603.76,636.99,2.02798245,534.334082,-115.5188,52.8187,838.8103,1250.529865,1.1604234,21.21693082,17.99530029,35.7725563,43.85416794,1.665021757,26.21178741,2.647099733,2.010773608,144.2978516,1856.171069,9,4.706973720588423
CA_0002540,1992,166.11,611.22,630.36,2.02798245,535.7614502,-115.5188,52.8187,838.8103,1250.529865,1.1604234,21.21693082,17.99530029,35.7725563,43.85416794,1.665021757,26.0933445,2.468815804,2.003825098,143.1682556,1869.499121,9,4.727388543899678
CA_0002540,1993,181.86,619.88,609.66,2.02798245,534.4831543,-115.5188,52.8187,838.8103,1250.529865,1.1604234,21.21693082,17.99530029,35.7725563,43.85416794,1.665021757,28.86314697,2.545943022,1.989100244,142.0021271,1869.178174,9,4.960187066124054
CA_0002540,1997,150.53,640.96,599.22,2.02798245,534.4248596,-115.5188,52.8187,838.8103,1250.529865,1.1604234,21.21693082,17.99530029,35.7725563,43.85416794,1.665021757,32.78111877,2.707801342,1.977942676,142.5465729,2014.227759,9,4.766631673218201
CA_0002540,1998,167.46,642.02,610.39,2.02798245,537.3767151,-115.5188,52.8187,838.8103,1250.529865,1.1604234,21.21693082,17.99530029,35.7725563,43.85416794,1.665021757,32.4445179,2.19762063,1.982778296,143.2587189,2076.075439,9,4.584305525855004
CA_0002540,1999,200.23,631.97,601.46,2.02798245,524.5062073,-115.5188,52.8187,838.8103,1250.529865,1.1604234,21.21693082,17.99530029,35.7725563,43.85416794,1.665021757,31.49750099,2.572192907,1.974559595,143.4351685,2127.990503,9,4.323441621030211
CA_0002540,2000,183.8,626.8,602.47,2.02798245,523.9983093,-115.5188,52.8187,838.8103,1250.529865,1.1604234,21.21693082,17.99530029,35.7725563,43.85416794,1.665021757,31.03256645,2.458064795,1.970535254,143.3900848,2165.765137,9,4.373486779533635
CA_0002540,2001,175.74,591.61,610.1,2.02798245,514.953302,-115.5188,52.8187,838.8103,1250.529865,1.1604234,21.21693082,17.99530029,35.7725563,43.85416794,1.665021757,27.13602009,2.631354094,1.974051611,144.8323242,2205.903125,9,4.511933825772505
CA_0002540,2002,173.22,544.55,605.96,2.02798245,490.0423767,-115.5188,52.8187,838.8103,1250.529865,1.1604234,21.21693082,17.99530029,35.7725563,43.85416794,1.665021757,22.56774158,2.622664213,1.96536355,145.0335846,2275.306055,9,4.546138562766223
CA_0002540,2003,159.17,534.42,602.73,2.02798245,477.0890869,-115.5188,52.8187,838.8103,1250.529865,1.1604234,21.21693082,17.99530029,35.7725563,43.85416794,1.665021757,20.05799427,2.584259748,1.961896118,145.4172821,2347.305762,9,4.171683073632211
CA_0002540,2004,136.86,542.57,598.57,2.02798245,479.3046021,-115.5188,52.8187,838.8103,1250.529865,1.1604234,21.21693082,17.99530029,35.7725563,43.85416794,1.665021757,20.9273035,2.582620621,1.964534253,143.838269,2425.727441,9,4.122044141358589
CA_0002540,2005,161.7,572.18,601.92,2.02798245,488.1613098,-115.5188,52.8187,838.8103,1250.529865,1.1604234,21.21693082,17.99530029,35.7725563,43.85416794,1.665021757,25.36586704,2.479665518,1.957821655,143.5123718,2520.769043,9,3.789160819460404
CA_0002540,2006,165.3,593.14,606.57,2.02798245,503.4530273,-115.5188,52.8187,838.8103,1250.529865,1.1604234,21.21693082,17.99530029,35.7725563,43.85416794,1.665021757,28.52867393,2.368552685,1.965055396,143.141037,2621.17627,9,3.963409130074161
CA_0002540,2007,187.26,625.12,616.97,2.02798245,526.4323669,-115.5188,52.8187,838.8103,1250.529865,1.1604234,21.21693082,17.99530029,35.7725563,43.85416794,1.665021757,30.62912292,2.494594097,1.956405151,142.9520905,2721.698047,9,4.196598247294562
CA_0002540,2008,206.92,611.94,606.45,2.02798245,517.3177612,-115.5188,52.8187,838.8103,1250.529865,1.1604234,21.21693082,17.99530029,35.7725563,43.85416794,1.665021757,30.64559212,2.444002151,1.937868115,142.9751923,2828.947705,9,4.241302723043532
CA_0002540,2009,198.79,585.13,609.63,2.02798245,501.6059204,-115.5188,52.8187,838.8103,1250.529865,1.1604234,21.21693082,17.99530029,35.7725563,43.85416794,1.665021757,28.61493378,2.504517317,1.915896802,145.7190643,2919.967383,9,3.990714817064255
CA_0002540,2010,175.74,558.14,608.86,2.02798245,496.3136841,-115.5188,52.8187,838.8103,1250.529865,1.1604234,21.21693082,17.99530029,35.7725563,43.85416794,1.665021757,25.14674301,2.280471325,1.894881104,145.6453217,3012.45376,9,4.422432861809899
CA_0002540,2011,205.63,552.81,592.61,2.02798245,482.8947388,-115.5188,52.8187,838.8103,1250.529865,1.1604234,21.21693082,17.99530029,35.7725563,43.85416794,1.665021757,24.83668861,2.641699553,1.860965601,145.1585876,3106.285938,9,4.138564345932356
CA_0002540,2012,203.67,538.22,593.7,2.02798245,472.249353,-115.5188,52.8187,838.8103,1250.529865,1.1604234,21.21693082,17.99530029,35.7725563,43.85416794,1.665021757,23.86671104,2.448640108,1.87708479,144.6499786,3174.96748,9,3.9590288602249353
CA_0003573,1990,294.6565544,591.1941388,597.5816284,1.901905057,482.4621094,-116.9633789,54.01327133,5153.386,1363.511397,1.432413685,21.72579526,16.32466316,36.59011459,44.66687775,1.696758933,27.0611969,2.410444498,1.689981592,138.5739197,2275.163135,9,3.323373984919986
CA_0003573,1991,305.6744384,598.6168182,594.9055298,1.901905057,489.6867065,-116.9633789,54.01327133,5153.386,1363.511397,1.432413685,21.72579526,16.32466316,36.59011459,44.66687775,1.696758933,25.90854263,2.427467632,1.683279077,138.7797485,2307.171924,9,3.5055343121175997
CA_0003573,1992,294.8347991,603.9298565,587.839502,1.901905057,485.5061584,-116.9633789,54.01327133,5153.386,1363.511397,1.432413685,21.72579526,16.32466316,36.59011459,44.66687775,1.696758933,27.1949646,2.41327343,1.676079907,138.156369,2336.037988,9,3.3902168673653312
CA_0003573,1993,303.0067827,620.2177273,570.492334,1.901905057,489.7272034,-116.9633789,54.01327133,5153.386,1363.511397,1.432413685,21.72579526,16.32466316,36.59011459,44.66687775,1.696758933,31.44418983,2.375509882,1.66069248,137.3468689,2336.79126,9,3.623632120616306
CA_0003573,1994,264.5213457,634.6237799,580.4374512,1.901905057,500.4585022,-116.9633789,54.01327133,5153.386,1363.511397,1.432413685,21.72579526,16.32466316,36.59011459,44.66687775,1.696758933,33.50676956,2.373823881,1.65687334,137.5140533,2359.261328,9,3.6625656041770336
CA_0003573,1995,265.7091308,628.0529426,577.2509399,1.901905057,502.6443787,-116.9633789,54.01327133,5153.386,1363.511397,1.432413685,21.72579526,16.32466316,36.59011459,44.66687775,1.696758933,33.51597023,2.313852024,1.654540381,137.8440338,2398.680615,9,3.9138093018165825
CA_0003573,1996,237.7449692,632.2537081,571.7068604,1.901905057,498.5709045,-116.9633789,54.01327133,5153.386,1363.511397,1.432413685,21.72579526,16.32466316,36.59011459,44.66687775,1.696758933,33.63352547,2.296889257,1.652750024,137.1786987,2464.087549,9,3.79954377815471
CA_0003573,1998,303.6940976,642.18811,564.6684326,1.901905057,493.6553711,-116.9633789,54.01327133,5153.386,1363.511397,1.432413685,21.72579526,16.32466316,36.59011459,44.66687775,1.696758933,33.19012756,2.267992163,1.658949463,137.1573181,2614.466992,9,3.6234714589187216
CA_0003573,1999,320.7764643,637.7247608,557.0419312,1.901905057,484.899939,-116.9633789,54.01327133,5153.386,1363.511397,1.432413685,21.72579526,16.32466316,36.59011459,44.66687775,1.696758933,32.81638527,2.288388538,1.652309375,137.1764496,2682.740186,9,3.493431052626931
CA_0003573,2000,329.2857274,640.4837799,550.9392578,1.901905057,488.5007874,-116.9633789,54.01327133,5153.386,1363.511397,1.432413685,21.72579526,16.32466316,36.59011459,44.66687775,1.696758933,34.39992142,2.322093248,1.65103811,135.7888245,2737.654053,9,3.7446202558014283
CA_0003573,2001,328.623007,614.0253349,559.6219482,1.901905057,491.1967224,-116.9633789,54.01327133,5153.386,1363.511397,1.432413685,21.72579526,16.32466316,36.59011459,44.66687775,1.696758933,32.49857216,2.332472467,1.657219922,137.1073059,2781.535547,9,4.018107866378701
CA_0003573,2002,279.4019923,574.3884928,558.7996582,1.901905057,468.512146,-116.9633789,54.01327133,5153.386,1363.511397,1.432413685,21.72579526,16.32466316,36.59011459,44.66687775,1.696758933,28.15764351,2.335741663,1.651739893,137.3967041,2848.840186,9,3.655054458835058
CA_0003573,2003,275.3212553,571.0101435,553.9114868,1.901905057,460.9666626,-116.9633789,54.01327133,5153.386,1363.511397,1.432413685,21.72579526,16.32466316,36.59011459,44.66687775,1.696758933,26.85151253,2.409587908,1.645718896,137.4359802,2924.563525,9,3.4923315143112053
CA_0003573,2004,284.5989706,574.3382775,550.3692871,1.901905057,462.2950806,-116.9633789,54.01327133,5153.386,1363.511397,1.432413685,21.72579526,16.32466316,36.59011459,44.66687775,1.696758933,27.76776428,2.408981609,1.641514868,136.4303955,2997.58457,9,3.5565430281551107
CA_0003573,2005,300.9135228,571.596555,559.1454956,1.901905057,467.01073,-116.9633789,54.01327133,5153.386,1363.511397,1.432413685,21.72579526,16.32466316,36.59011459,44.66687775,1.696758933,29.46930618,2.411803579,1.628618311,137.2243622,3129.426416,9,3.631910539060071
CA_0003573,2006,278.9359053,569.9693541,569.3809814,1.901905057,462.0947266,-116.9633789,54.01327133,5153.386,1363.511397,1.432413685,21.72579526,16.32466316,36.59011459,44.66687775,1.696758933,29.20058632,2.369396257,1.613583862,138.0671051,3266.486182,9,3.311805876177855
CA_0003573,2007,295.8271517,598.5837081,576.6303345,1.901905057,482.2884827,-116.9633789,54.01327133,5153.386,1363.511397,1.432413685,21.72579526,16.32466316,36.59011459,44.66687775,1.696758933,30.13051033,2.342533588,1.615687695,138.0286407,3404.498047,9,3.5233965131067775
CA_0003573,2008,298.0167948,599.931866,567.0374146,1.901905057,483.1111328,-116.9633789,54.01327133,5153.386,1363.511397,1.432413685,21.72579526,16.32466316,36.59011459,44.66687775,1.696758933,30.52233238,2.334079456,1.614374048,138.1716309,3531.475049,9,3.708602661567533
CA_0003573,2009,265.5842085,573.0735167,569.1589844,1.901905057,467.5839478,-116.9633789,54.01327133,5153.386,1363.511397,1.432413685,21.72579526,16.32466316,36.59011459,44.66687775,1.696758933,28.05949211,2.32085557,1.621728271,140.3987488,3640.807813,9,3.4659498536791857
CA_0003573,2010,221.6890698,558.3083254,570.6720947,1.901905057,455.5393433,-116.9633789,54.01327133,5153.386,1363.511397,1.432413685,21.72579526,16.32466316,36.59011459,44.66687775,1.696758933,24.62326355,2.275324678,1.609738818,141.2718597,3728.159668,9,3.2361783623767306
CA_0003573,2011,266.0537131,560.1120574,554.7621948,1.901905057,445.9941772,-116.9633789,54.01327133,5153.386,1363.511397,1.432413685,21.72579526,16.32466316,36.59011459,44.66687775,1.696758933,24.6943058,2.337743521,1.590270483,139.6262146,3835.942676,9,3.1083317977998326
CA_0003573,2012,286.5158083,544.7015072,556.5215454,1.901905057,434.6090454,-116.9633789,54.01327133,5153.386,1363.511397,1.432413685,21.72579526,16.32466316,36.59011459,44.66687775,1.696758933,24.42965508,2.329881096,1.589266016,139.4242828,3924.670361,9,2.932639030639082
CA_0003573,2013,308.769751,540.0167943,554.7706787,1.901905057,431.2765137,-116.9633789,54.01327133,5153.386,1363.511397,1.432413685,21.72579526,16.32466316,36.59011459,44.66687775,1.696758933,23.95799294,2.324989176,1.582652417,138.6383514,4025.848975,9,2.911603459249262
CA_0003574,1990,465.6469631,648.1144444,519.4566711,1.591666735,443.872229,-118.2411575,53.67866135,91.3594,1788.661011,3.113622615,19.94240425,15.23333359,32.38333511,48.91304398,1.591004662,28.26546288,2.577648115,1.533575049,137.4102844,1143.67334,9,2.758696297478363
CA_0003574,1991,498.2093893,656.4111111,515.1466797,1.591666735,446.2266785,-118.2411575,53.67866135,91.3594,1788.661011,3.113622615,19.94240425,15.23333359,32.38333511,48.91304398,1.591004662,26.92916679,2.594629574,1.524201123,137.5096375,1159.944116,9,2.836492652846014
CA_0003574,1992,478.8156826,664.2811111,501.0378052,1.591666735,435.6811279,-118.2411575,53.67866135,91.3594,1788.661011,3.113622615,19.94240425,15.23333359,32.38333511,48.91304398,1.591004662,28.46796341,2.580351782,1.516543896,136.9132477,1177.816626,9,2.7254034928182405
CA_0003574,1993,515.8175722,679.0677778,487.725592,1.591666735,431.7544556,-118.2411575,53.67866135,91.3594,1788.661011,3.113622615,19.94240425,15.23333359,32.38333511,48.91304398,1.591004662,31.85935287,2.540175915,1.511257202,136.1624084,1179.217651,9,2.763904821349948
CA_0003574,1994,462.1412045,693.39,496.3178162,1.591666735,437.2633484,-118.2411575,53.67866135,91.3594,1788.661011,3.113622615,19.94240425,15.23333359,32.38333511,48.91304398,1.591004662,33.08324165,2.540805435,1.507802222,136.3,1180.957031,9,2.6923960030187772
CA_0003574,1995,444.1965124,690.0744444,496.2733582,1.591666735,449.5677917,-118.2411575,53.67866135,91.3594,1788.661011,3.113622615,19.94240425,15.23333359,32.38333511,48.91304398,1.591004662,34.41796341,2.483259201,1.508373901,136.6427765,1180.039868,9,3.105330429947497
CA_0003574,1996,389.0977272,698.2277778,485.2989197,1.591666735,439.2677917,-118.2411575,53.67866135,91.3594,1788.661011,3.113622615,19.94240425,15.23333359,32.38333511,48.91304398,1.591004662,35.02324142,2.46524992,1.517028931,136.0876831,1191.116382,9,2.950642392194655
CA_0003574,1997,493.207451,721.1411111,477.4300293,1.591666735,442.1455566,-118.2411575,53.67866135,91.3594,1788.661011,3.113622615,19.94240425,15.23333359,32.38333511,48.91304398,1.591004662,35.80046387,2.494935131,1.520009448,135.0617584,1202.141406,9,3.146041872776296
CA_0003574,1998,512.3347399,711.6555556,487.667804,1.591666735,439.4022339,-118.2411575,53.67866135,91.3594,1788.661011,3.113622615,19.94240425,15.23333359,32.38333511,48.91304398,1.591004662,35.21898117,2.439759207,1.526386133,135.8616699,1208.865796,9,2.830336475824776
CA_0003574,1999,561.1401782,709.5466667,477.2422485,1.591666735,431.0611145,-118.2411575,53.67866135,91.3594,1788.661011,3.113622615,19.94240425,15.23333359,32.38333511,48.91304398,1.591004662,35.87509232,2.460666609,1.517909985,135.7185242,1214.270044,9,2.798794074999935
CA_0003574,2000,565.3775211,706.4977778,467.6000366,1.591666735,424.986676,-118.2411575,53.67866135,91.3594,1788.661011,3.113622615,19.94240425,15.23333359,32.38333511,48.91304398,1.591004662,36.20018539,2.49492588,1.514349976,134.2656464,1228.364307,9,2.8319061461784827
CA_0003574,2001,562.8685049,675.5977778,479.1666931,1.591666735,434.9500122,-118.2411575,53.67866135,91.3594,1788.661011,3.113622615,19.94240425,15.23333359,32.38333511,48.91304398,1.591004662,35.48425903,2.505314732,1.515520532,135.3689789,1242.245166,9,3.078700404163991
CA_0003574,2002,463.8067357,636.6555556,476.8777954,1.591666735,418.3244629,-118.2411575,53.67866135,91.3594,1788.661011,3.113622615,19.94240425,15.23333359,32.38333511,48.91304398,1.591004662,32.12694359,2.511759186,1.511056689,135.7132385,1253.8698,9,2.806712303559957
CA_0003574,2003,448.8073154,633.8844444,470.8500244,1.591666735,410.5189087,-118.2411575,53.67866135,91.3594,1788.661011,3.113622615,19.94240425,15.23333359,32.38333511,48.91304398,1.591004662,30.29953728,2.583648062,1.505153345,135.8140717,1272.660474,9,2.700091971582834
CA_0003574,2004,458.6360361,637.1177778,467.8500183,1.591666735,412.7655701,-118.2411575,53.67866135,91.3594,1788.661011,3.113622615,19.94240425,15.23333359,32.38333511,48.91304398,1.591004662,31.68138847,2.578935099,1.510294458,135.0296265,1290.241675,9,2.8034504201888386
CA_0003574,2005,488.4917891,631.6711111,479.1033386,1.591666735,422.887793,-118.2411575,53.67866135,91.3594,1788.661011,3.113622615,19.94240425,15.23333359,32.38333511,48.91304398,1.591004662,33.75268517,2.58265729,1.505262256,135.8992584,1323.868774,9,2.9410448595262735
CA_0003574,2006,470.0460231,629.6133333,490.6622314,1.591666735,423.1477783,-118.2411575,53.67866135,91.3594,1788.661011,3.113622615,19.94240425,15.23333359,32.38333511,48.91304398,1.591004662,32.87416649,2.543444443,1.505478345,137.0764832,1367.198804,9,2.753691436907531
CA_0003574,2007,496.1714016,658.1122222,498.3888977,1.591666735,437.9855591,-118.2411575,53.67866135,91.3594,1788.661011,3.113622615,19.94240425,15.23333359,32.38333511,48.91304398,1.591004662,33.19444427,2.516675901,1.515358276,137.0900055,1425.177197,9,2.874549705025217
CA_0003574,2008,496.4769651,660.3322222,494.2499878,1.591666735,442.4122253,-118.2411575,53.67866135,91.3594,1788.661011,3.113622615,19.94240425,15.23333359,32.38333511,48.91304398,1.591004662,33.80611076,2.511805582,1.520717749,137.0419495,1493.750879,9,3.0909241839152566
CA_0003574,2009,426.0251145,631.2788889,501.8755432,1.591666735,432.6122314,-118.2411575,53.67866135,91.3594,1788.661011,3.113622615,19.94240425,15.23333359,32.38333511,48.91304398,1.591004662,30.63342628,2.505259323,1.533132178,139.2060211,1513.013867,9,2.8302157879790317
CA_0003574,2010,366.572412,616.74,499.6077698,1.591666735,419.9377869,-118.2411575,53.67866135,91.3594,1788.661011,3.113622615,19.94240425,15.23333359,32.38333511,48.91304398,1.591004662,27.11824112,2.461916685,1.531715527,140.1510223,1549.791577,9,2.618737306954384
CA_0003574,2011,420.1450444,618.6555556,489.8388733,1.591666735,409.245575,-118.2411575,53.67866135,91.3594,1788.661011,3.113622615,19.94240425,15.23333359,32.38333511,48.91304398,1.591004662,26.7874073,2.519287014,1.509407764,138.2047241,1594.753687,9,2.476845058767031
CA_0003574,2012,475.3542954,601.8255556,487.4366577,1.591666735,395.7166809,-118.2411575,53.67866135,91.3594,1788.661011,3.113622615,19.94240425,15.23333359,32.38333511,48.91304398,1.591004662,26.64870415,2.510259199,1.514983887,137.9590729,1625.655713,9,2.3012427902105457
CA_0003576,1989,516.66,764.27,494.36,-0.035701556,414.8608398,-117.5667,53.425,9829.264,1914.802711,5.45226767,20.96590248,12.71634007,50.51348114,28.79635811,1.370475536,28.17391434,2.370355368,1.047149878,139.5308868,1822.977881,9,1.9963431598207109
CA_0003576,1990,546.25,799.59,489.08,-0.035701556,417.396936,-117.5667,53.425,9829.264,1914.802711,5.45226767,20.96590248,12.71634007,50.51348114,28.79635811,1.370475536,26.53928223,2.475455046,1.049698022,138.352066,1873.788794,9,2.002893220318068
CA_0003576,1991,566.56,801.55,484.82,-0.035701556,418.0609192,-117.5667,53.425,9829.264,1914.802711,5.45226767,20.96590248,12.71634007,50.51348114,28.79635811,1.370475536,24.73627129,2.473155737,1.045853247,138.433017,1904.420044,9,2.0549767589104366
CA_0003576,1992,572.42,819.59,476.41,-0.035701556,410.8890564,-117.5667,53.425,9829.264,1914.802711,5.45226767,20.96590248,12.71634007,50.51348114,28.79635811,1.370475536,25.35737419,2.369427204,1.039050928,137.6961975,1935.548462,9,1.983108810326436
CA_0003576,1993,572.76,822.97,465.58,-0.035701556,409.2204712,-117.5667,53.425,9829.264,1914.802711,5.45226767,20.96590248,12.71634007,50.51348114,28.79635811,1.370475536,27.44826927,2.294365406,1.030348511,136.9296814,1932.445068,9,2.07401909780568
CA_0003576,1994,575.64,834.11,475.0,-0.035701556,414.3182312,-117.5667,53.425,9829.264,1914.802711,5.45226767,20.96590248,12.71634007,50.51348114,28.79635811,1.370475536,28.18796196,2.404310942,1.027725659,136.9066254,1954.009692,9,2.027467743677382
CA_0003576,1995,550.7,835.1,473.15,-0.035701556,421.7628601,-117.5667,53.425,9829.264,1914.802711,5.45226767,20.96590248,12.71634007,50.51348114,28.79635811,1.370475536,29.00820923,2.278935909,1.028021338,137.2969971,1985.776416,9,2.195934485852203
CA_0003576,1996,515.75,863.92,468.82,-0.035701556,413.3238281,-117.5667,53.425,9829.264,1914.802711,5.45226767,20.96590248,12.71634007,50.51348114,28.79635811,1.370475536,29.92107964,2.437085867,1.027834741,137.0618652,2041.963501,9,2.0232285409902806
CA_0003576,1997,541.53,895.08,460.08,-0.035701556,415.2870239,-117.5667,53.425,9829.264,1914.802711,5.45226767,20.96590248,12.71634007,50.51348114,28.79635811,1.370475536,31.29961472,2.47973609,1.030208008,136.1581238,2100.30354,9,2.124814096571019
CA_0003576,1998,553.42,903.96,472.55,-0.035701556,411.3237732,-117.5667,53.425,9829.264,1914.802711,5.45226767,20.96590248,12.71634007,50.51348114,28.79635811,1.370475536,30.48474197,2.182117462,1.037031738,136.913974,2156.475391,9,1.8728224431483025
CA_0003576,1999,574.64,896.9,459.68,-0.035701556,402.4588257,-117.5667,53.425,9829.264,1914.802711,5.45226767,20.96590248,12.71634007,50.51348114,28.79635811,1.370475536,29.96048126,2.458735466,1.032990137,136.6498322,2210.26084,9,1.8819077575517031
CA_0003576,2000,552.5,875.71,453.26,-0.035701556,398.4101318,-117.5667,53.425,9829.264,1914.802711,5.45226767,20.96590248,12.71634007,50.51348114,28.79635811,1.370475536,29.54851837,2.398446083,1.02935105,135.7868958,2254.091943,9,1.9239411289276704
CA_0003576,2001,540.76,816.83,460.85,-0.035701556,403.4629211,-117.5667,53.425,9829.264,1914.802711,5.45226767,20.96590248,12.71634007,50.51348114,28.79635811,1.370475536,28.54529343,2.495586395,1.030786084,136.5561523,2283.015625,9,2.038430273918168
CA_0003576,2002,507.4,763.89,460.93,-0.035701556,387.3963074,-117.5667,53.425,9829.264,1914.802711,5.45226767,20.96590248,12.71634007,50.51348114,28.79635811,1.370475536,25.74236107,2.500064373,1.027298279,137.149585,2326.421338,9,1.8809229515903705
CA_0003576,2003,497.8,752.6,454.29,-0.035701556,376.7653564,-117.5667,53.425,9829.264,1914.802711,5.45226767,20.96590248,12.71634007,50.51348114,28.79635811,1.370475536,24.83304901,2.453667402,1.023113367,137.4592072,2381.800342,9,1.8056069373271626
CA_0003576,2004,479.64,763.36,454.85,-0.035701556,381.4265808,-117.5667,53.425,9829.264,1914.802711,5.45226767,20.96590248,12.71634007,50.51348114,28.79635811,1.370475536,26.14254951,2.399315357,1.023224377,136.7214386,2414.88877,9,1.847120510688351
CA_0003576,2005,516.12,771.77,463.42,-0.035701556,387.3689697,-117.5667,53.425,9829.264,1914.802711,5.45226767,20.96590248,12.71634007,50.51348114,28.79635811,1.370475536,27.6725029,2.409119129,1.019840002,137.2204315,2537.011475,9,1.841073699634066
CA_0003576,2006,519.41,786.05,473.65,-0.035701556,392.3471985,-117.5667,53.425,9829.264,1914.802711,5.45226767,20.96590248,12.71634007,50.51348114,28.79635811,1.370475536,28.33186226,2.349487305,1.017175696,138.3227997,2660.772705,9,1.7963449604874786
CA_0003576,2007,537.92,817.53,479.52,-0.035701556,403.9382385,-117.5667,53.425,9829.264,1914.802711,5.45226767,20.96590248,12.71634007,50.51348114,28.79635811,1.370475536,29.62051964,2.414867401,1.017167163,138.1689484,2796.687451,9,1.8482987144175358
CA_0003576,2008,541.01,808.06,472.94,-0.035701556,407.3744873,-117.5667,53.425,9829.264,1914.802711,5.45226767,20.96590248,12.71634007,50.51348114,28.79635811,1.370475536,29.75790672,2.414949656,1.012504395,137.8890259,2909.162451,9,1.9863771658050684
CA_0003576,2009,522.32,769.93,480.37,-0.035701556,398.5172607,-117.5667,53.425,9829.264,1914.802711,5.45226767,20.96590248,12.71634007,50.51348114,28.79635811,1.370475536,27.16156349,2.422912359,1.019854272,140.1679535,3012.85625,9,1.860823480280457
CA_0003576,2010,513.18,745.71,477.39,-0.035701556,387.7141907,-117.5667,53.425,9829.264,1914.802711,5.45226767,20.96590248,12.71634007,50.51348114,28.79635811,1.370475536,25.09762764,2.284285545,1.018081531,140.5498657,3059.628906,9,1.7876251430660146
CA_0003576,2011,537.14,737.27,463.98,-0.035701556,372.7630188,-117.5667,53.425,9829.264,1914.802711,5.45226767,20.96590248,12.71634007,50.51348114,28.79635811,1.370475536,24.70729637,2.464026928,0.998394959,138.8057068,3141.983936,9,1.7080602525199111
CA_0003576,2012,567.66,715.49,461.13,-0.035701556,360.7427307,-117.5667,53.425,9829.264,1914.802711,5.45226767,20.96590248,12.71634007,50.51348114,28.79635811,1.370475536,23.45849915,2.392538309,0.992297559,138.250647,3213.616357,9,1.6241085686723873
CA_0003576,2013,587.23,709.11,461.73,-0.035701556,356.876947,-117.5667,53.425,9829.264,1914.802711,5.45226767,20.96590248,12.71634007,50.51348114,28.79635811,1.370475536,21.70202103,2.364304543,0.997871631,137.7509827,3311.608936,9,1.5889408619431293
CA_0003576,2014,605.06,733.56,463.28,-0.035701556,359.4815491,-117.5667,53.425,9829.264,1914.802711,5.45226767,20.96590248,12.71634007,50.51348114,28.79635811,1.370475536,22.03038826,2.301424265,1.005093164,136.5477264,3432.289795,9,1.5646327742121349
CA_0003600,1989,389.0853232,548.2775,560.5100159,1.696652431,451.8354431,-117.3565903,53.25188828,386.1136,1604.333826,2.446177077,20.93737116,15.18055534,35.79761887,43.15200043,1.870173723,28.81760406,2.376277733,1.71613623,141.2836823,13306.79375,9,3.3929598332606306
CA_0003600,1990,404.0078117,572.8508333,555.6583435,1.696652431,455.422113,-117.3565903,53.25188828,386.1136,1604.333826,2.446177077,20.93737116,15.18055534,35.79761887,43.15200043,1.870173723,26.15274429,2.342409658,1.71511875,140.1422943,13665.88848,9,3.242208036719117
CA_0003600,1991,390.2241363,579.4295833,552.3358398,1.696652431,456.8541931,-117.3565903,53.25188828,386.1136,1604.333826,2.446177077,20.93737116,15.18055534,35.79761887,43.15200043,1.870173723,24.76802216,2.3568367,1.704722607,140.3700378,13842.05801,9,3.2572222261055495
CA_0003600,1992,371.7918221,587.0229167,541.3916626,1.696652431,453.6166992,-117.3565903,53.25188828,386.1136,1604.333826,2.446177077,20.93737116,15.18055534,35.79761887,43.15200043,1.870173723,25.90375099,2.340652704,1.6933146,139.5838226,14016.21836,9,3.2282050760553394
CA_0003600,1993,404.3670103,605.30875,525.4649902,1.696652431,455.4937744,-117.3565903,53.25188828,386.1136,1604.333826,2.446177077,20.93737116,15.18055534,35.79761887,43.15200043,1.870173723,29.20482712,2.297805452,1.678377222,138.6807648,13880.98125,9,3.3768914534586645
CA_0003600,1994,363.5442886,617.3583333,537.1091614,1.696652431,466.5491821,-117.3565903,53.25188828,386.1136,1604.333826,2.446177077,20.93737116,15.18055534,35.79761887,43.15200043,1.870173723,30.97059097,2.302920103,1.676083228,138.7932312,13970.8748,9,3.427479627091298
CA_0003600,1995,341.1460383,611.4625,534.6591492,1.696652431,471.4350037,-117.3565903,53.25188828,386.1136,1604.333826,2.446177077,20.93737116,15.18055534,35.79761887,43.15200043,1.870173723,31.43013878,2.251565981,1.683213696,139.199408,14180.45859,9,3.755024183338648
CA_0003600,1996,330.060658,615.6333333,530.9429016,1.696652431,465.8387573,-117.3565903,53.25188828,386.1136,1604.333826,2.446177077,20.93737116,15.18055534,35.79761887,43.15200043,1.870173723,31.73388786,2.239916658,1.686400684,138.8274292,14566.86582,9,3.550936393333944
CA_0003600,1997,360.5750664,637.5708333,519.4520813,1.696652431,467.7495789,-117.3565903,53.25188828,386.1136,1604.333826,2.446177077,20.93737116,15.18055534,35.79761887,43.15200043,1.870173723,33.62010345,2.271243048,1.69390166,138.2340973,14936.23164,9,3.6786697006684927
CA_0003600,1998,384.3586608,627.3454167,531.6845886,1.696652431,463.3770752,-117.3565903,53.25188828,386.1136,1604.333826,2.446177077,20.93737116,15.18055534,35.79761887,43.15200043,1.870173723,32.59954758,2.227156258,1.703132349,138.9497925,15255.05156,9,3.3160813806001244
CA_0003600,1999,433.1064128,620.7620833,521.3891663,1.696652431,453.6083191,-117.3565903,53.25188828,386.1136,1604.333826,2.446177077,20.93737116,15.18055534,35.79761887,43.15200043,1.870173723,32.26183968,2.239954805,1.700861206,138.9280579,15547.33965,9,3.233774132266021
CA_0003600,2000,413.2443602,617.8054167,516.5866821,1.696652431,452.0295776,-117.3565903,53.25188828,386.1136,1604.333826,2.446177077,20.93737116,15.18055534,35.79761887,43.15200043,1.870173723,31.89326324,2.268631887,1.694707739,138.0254913,15750.29434,9,3.3017232736766924
CA_0003600,2001,390.3340303,586.8333333,523.6279358,1.696652431,457.4154114,-117.3565903,53.25188828,386.1136,1604.333826,2.446177077,20.93737116,15.18055534,35.79761887,43.15200043,1.870173723,29.50385475,2.278437424,1.696974976,139.1686157,15794.16484,9,3.72319660862522
CA_0003600,2002,362.6572815,547.2975,522.0916809,1.696652431,435.9270813,-117.3565903,53.25188828,386.1136,1604.333826,2.446177077,20.93737116,15.18055534,35.79761887,43.15200043,1.870173723,25.28368073,2.27933321,1.68990354,139.5235443,15939.84219,9,3.414601406274404
CA_0003600,2003,318.6932757,543.2858333,516.1504211,1.696652431,426.6591614,-117.3565903,53.25188828,386.1136,1604.333826,2.446177077,20.93737116,15.18055534,35.79761887,43.15200043,1.870173723,23.50211868,2.34516654,1.682603882,139.8782318,16198.80039,9,3.2243221458199196
CA_0003600,2004,288.4635554,548.84125,513.8745972,1.696652431,430.0629211,-117.3565903,53.25188828,386.1136,1604.333826,2.446177077,20.93737116,15.18055534,35.79761887,43.15200043,1.870173723,24.63583374,2.340503359,1.659884131,138.7883362,16234.92852,9,3.313779192682862
CA_0003600,2005,326.4071987,554.9641667,522.755426,1.696652431,437.6191711,-117.3565903,53.25188828,386.1136,1604.333826,2.446177077,20.93737116,15.18055534,35.79761887,43.15200043,1.870173723,27.81420135,2.342860985,1.639713232,139.217746,16983.04531,9,3.3621857419394794
CA_0003600,2006,315.9211982,560.1820833,534.2512512,1.696652431,438.7433472,-117.3565903,53.25188828,386.1136,1604.333826,2.446177077,20.93737116,15.18055534,35.79761887,43.15200043,1.870173723,28.74114571,2.306593657,1.624182959,139.8685455,17742.42598,9,3.154043323800836
CA_0003600,2007,332.9778366,586.7254167,541.2583435,1.696652431,456.7358459,-117.3565903,53.25188828,386.1136,1604.333826,2.446177077,20.93737116,15.18055534,35.79761887,43.15200043,1.870173723,29.53034706,2.284815931,1.636725293,139.7449341,18616.48574,9,3.3418859739571922
CA_0003600,2008,346.8494657,580.7108333,533.7316833,1.696652431,455.5000244,-117.3565903,53.25188828,386.1136,1604.333826,2.446177077,20.93737116,15.18055534,35.79761887,43.15200043,1.870173723,28.84559021,2.275555563,1.629391455,139.7270874,19255.66309,9,3.508403825448116
CA_0003600,2009,318.9489642,553.21125,536.4695923,1.696652431,438.8846008,-117.3565903,53.25188828,386.1136,1604.333826,2.446177077,20.93737116,15.18055534,35.79761887,43.15200043,1.870173723,25.54024315,2.267767382,1.646763281,142.0985107,19967.01367,9,3.2125942124162448
CA_0003600,2010,270.4464699,533.1966667,534.7520874,1.696652431,426.7687622,-117.3565903,53.25188828,386.1136,1604.333826,2.446177077,20.93737116,15.18055534,35.79761887,43.15200043,1.870173723,22.60187607,2.230812502,1.654015771,142.588269,20130.95859,9,3.0930098502445884
CA_0003600,2011,327.8183225,530.9158333,520.4050049,1.696652431,413.2920837,-117.3565903,53.25188828,386.1136,1604.333826,2.446177077,20.93737116,15.18055534,35.79761887,43.15200043,1.870173723,21.7516674,2.27179513,1.649067212,141.2479218,20590.54883,9,2.8844269523966153
CA_0003600,2012,397.6894091,517.9204167,518.3320801,1.696652431,401.6283325,-117.3565903,53.25188828,386.1136,1604.333826,2.446177077,20.93737116,15.18055534,35.79761887,43.15200043,1.870173723,21.56076469,2.263656235,1.654170361,140.7736176,21029.1082,9,2.7215164533604717
CA_0003713,1989,509.61,615.08,409.57,-1.314264739,353.0317505,-125.1625,57.0667,16165.95,1454.10681,4.13755357,19.78514742,17.78419113,43.5803299,35.59342957,1.351417004,28.6541008,1.958423972,0.797534106,115.2984634,63.0742981,9,2.259892470814713
CA_0003713,1990,532.41,616.95,409.57,-1.314264739,339.9994385,-125.1625,57.0667,16165.95,1454.10681,4.13755357,19.78514742,17.78419113,43.5803299,35.59342957,1.351417004,26.64550819,2.154125214,0.801095178,114.3205551,64.07748337,9,1.976949820880093
CA_0003713,1991,533.04,645.57,412.62,-1.314264739,353.111908,-125.1625,57.0667,16165.95,1454.10681,4.13755357,19.78514742,17.78419113,43.5803299,35.59342957,1.351417004,24.77541847,2.184067965,0.802204627,113.6432404,64.48201599,9,2.1096144732697444
CA_0003713,1992,523.84,628.41,415.28,-1.314264739,336.0235413,-125.1625,57.0667,16165.95,1454.10681,4.13755357,19.78514742,17.78419113,43.5803299,35.59342957,1.351417004,24.51994667,2.147202015,0.802872131,115.7755234,64.73800125,9,1.820556371105025
CA_0003713,1993,523.13,594.58,423.81,-1.314264739,335.1518372,-125.1625,57.0667,16165.95,1454.10681,4.13755357,19.78514742,17.78419113,43.5803299,35.59342957,1.351417004,23.56893463,2.032565117,0.802501697,116.9983551,64.69448166,9,1.8330830944674887
CA_0003713,1994,545.05,609.47,422.9,-1.314264739,336.2959839,-125.1625,57.0667,16165.95,1454.10681,4.13755357,19.78514742,17.78419113,43.5803299,35.59342957,1.351417004,23.17140579,2.02337575,0.79442312,115.8734131,65.12457962,9,1.8139172540773627
CA_0003713,1995,527.12,597.66,423.51,-1.314264739,350.7724915,-125.1625,57.0667,16165.95,1454.10681,4.13755357,19.78514742,17.78419113,43.5803299,35.59342957,1.351417004,23.13562775,1.950970411,0.793216394,116.1211823,66.24525681,9,2.099272822140176
CA_0003713,1996,542.38,577.86,410.36,-1.314264739,338.9843567,-125.1625,57.0667,16165.95,1454.10681,4.13755357,19.78514742,17.78419113,43.5803299,35.59342957,1.351417004,24.09467735,2.02765131,0.787005908,116.2109238,68.09828415,9,2.0858598818567464
CA_0003713,1997,540.34,617.37,402.5,-1.314264739,354.7293152,-125.1625,57.0667,16165.95,1454.10681,4.13755357,19.78514742,17.78419113,43.5803299,35.59342957,1.351417004,25.2679985,2.00031352,0.788113367,113.9533585,73.78071899,9,2.412329807991091
CA_0003713,1998,530.88,622.87,407.35,-1.314264739,356.7634644,-125.1625,57.0667,16165.95,1454.10681,4.13755357,19.78514742,17.78419113,43.5803299,35.59342957,1.351417004,25.30311089,1.972390175,0.793587427,114.3916443,80.60400696,9,2.3589153338959465
CA_0003713,1999,518.44,619.39,395.46,-1.314264739,348.8178955,-125.1625,57.0667,16165.95,1454.10681,4.13755357,19.78514742,17.78419113,43.5803299,35.59342957,1.351417004,24.8904995,2.113410234,0.789403552,113.6551926,87.44563293,9,2.3665598264289143
CA_0003713,2000,531.9,621.27,379.44,-1.314264739,344.87995,-125.1625,57.0667,16165.95,1454.10681,4.13755357,19.78514742,17.78419113,43.5803299,35.59342957,1.351417004,26.36137924,2.011714697,0.781856018,112.4615631,93.81850586,9,2.583221587642431
CA_0003713,2001,516.42,628.32,377.84,-1.314264739,343.7077271,-125.1625,57.0667,16165.95,1454.10681,4.13755357,19.78514742,17.78419113,43.5803299,35.59342957,1.351417004,26.84517212,2.087147236,0.784101794,111.1915253,98.52934265,9,2.5512092868615937
CA_0003713,2002,529.24,591.95,375.35,-1.314264739,334.1521484,-125.1625,57.0667,16165.95,1454.10681,4.13755357,19.78514742,17.78419113,43.5803299,35.59342957,1.351417004,25.18815346,2.093264103,0.785010791,111.662706,100.2996567,9,2.44339228355051
CA_0003713,2003,537.61,616.15,366.17,-1.314264739,335.6389709,-125.1625,57.0667,16165.95,1454.10681,4.13755357,19.78514742,17.78419113,43.5803299,35.59342957,1.351417004,25.89437828,2.04348278,0.784890613,111.7330872,100.7578171,9,2.61822479928716
CA_0003713,2004,529.17,605.53,377.59,-1.314264739,343.0759521,-125.1625,57.0667,16165.95,1454.10681,4.13755357,19.78514742,17.78419113,43.5803299,35.59342957,1.351417004,27.16933289,2.035828352,0.801983325,112.6880402,100.9805771,9,2.6378476880298773
CA_0003713,2005,534.62,619.74,389.59,-1.314264739,354.7382813,-125.1625,57.0667,16165.95,1454.10681,4.13755357,19.78514742,17.78419113,43.5803299,35.59342957,1.351417004,27.56010551,2.026453972,0.797639941,112.8786926,101.7385468,9,2.6906276986902915
CA_0003713,2006,521.82,602.67,403.11,-1.314264739,356.9583557,-125.1625,57.0667,16165.95,1454.10681,4.13755357,19.78514742,17.78419113,43.5803299,35.59342957,1.351417004,26.32736359,2.05562067,0.796153223,114.5796448,102.5270935,9,2.5342521304819154
CA_0003713,2007,518.63,646.76,405.4,-1.314264739,365.5349792,-125.1625,57.0667,16165.95,1454.10681,4.13755357,19.78514742,17.78419113,43.5803299,35.59342957,1.351417004,26.76553154,2.132812977,0.779195252,113.9413498,102.8799164,9,2.5565565414519797
CA_0003713,2008,530.38,650.19,405.27,-1.314264739,365.5141907,-125.1625,57.0667,16165.95,1454.10681,4.13755357,19.78514742,17.78419113,43.5803299,35.59342957,1.351417004,26.97323837,2.13240099,0.765524902,113.9980499,102.7431137,9,2.544106275779216
CA_0003713,2009,545.82,659.47,402.83,-1.314264739,359.6907715,-125.1625,57.0667,16165.95,1454.10681,4.13755357,19.78514742,17.78419113,43.5803299,35.59342957,1.351417004,27.15126915,2.066474199,0.748657922,115.1954422,102.4498276,9,2.379906863455988
CA_0003713,2010,511.91,648.59,407.49,-1.314264739,349.5140442,-125.1625,57.0667,16165.95,1454.10681,4.13755357,19.78514742,17.78419113,43.5803299,35.59342957,1.351417004,26.8463459,2.079619884,0.76981814,116.6139404,102.6708328,9,2.090983758753729
CA_0003713,2011,528.27,658.1,402.29,-1.314264739,356.8830078,-125.1625,57.0667,16165.95,1454.10681,4.13755357,19.78514742,17.78419113,43.5803299,35.59342957,1.351417004,27.94329643,2.147300005,0.752455005,115.5335907,104.0837158,9,2.316599424152549
CA_0003713,2012,507.74,644.24,409.08,-1.314264739,341.0410156,-125.1625,57.0667,16165.95,1454.10681,4.13755357,19.78514742,17.78419113,43.5803299,35.59342957,1.351417004,26.18183174,2.07730937,0.781257825,117.0639343,105.2422913,9,1.9202161677454133
CA_0003713,2013,489.66,659.87,411.64,-1.314264739,344.0044006,-125.1625,57.0667,16165.95,1454.10681,4.13755357,19.78514742,17.78419113,43.5803299,35.59342957,1.351417004,25.13086014,1.975519538,0.818274219,116.847261,106.1444107,9,1.903474452336636
CA_0003713,2014,473.18,659.1,417.06,-1.314264739,354.415564,-125.1625,57.0667,16165.95,1454.10681,4.13755357,19.78514742,17.78419113,43.5803299,35.59342957,1.351417004,25.62119064,1.935024142,0.840052197,117.1744034,106.2746521,9,2.0383832003461606
CA_0003714,1989,559.06,650.56,399.92,-1.389029634,362.0093628,-124.9083,57.1917,1602.141,1564.563372,4.765862879,18.98836445,17.35111046,46.37055588,33.33358383,1.358275104,25.69706841,2.141952038,0.807811792,116.8395767,0.0,9,2.5501456873972193
CA_0003714,1990,504.39,654.22,399.16,-1.389029634,341.9950989,-124.9083,57.1917,1602.141,1564.563372,4.765862879,18.98836445,17.35111046,46.37055588,33.33358383,1.358275104,24.06520081,2.354679585,0.812976758,115.9102402,0.0,9,2.0254428494740675
CA_0003714,1991,505.14,676.44,403.09,-1.389029634,357.3390808,-124.9083,57.1917,1602.141,1564.563372,4.765862879,18.98836445,17.35111046,46.37055588,33.33358383,1.358275104,22.40980721,2.369047165,0.820413672,115.2153931,0.0,9,2.2519539208218506
CA_0003714,1992,527.85,651.01,403.62,-1.389029634,342.9371338,-124.9083,57.1917,1602.141,1564.563372,4.765862879,18.98836445,17.35111046,46.37055588,33.33358383,1.358275104,22.28696022,2.296558619,0.825798206,117.2400528,0.0,9,1.9979875899610104
CA_0003714,1993,503.08,616.03,409.05,-1.389029634,346.6687134,-124.9083,57.1917,1602.141,1564.563372,4.765862879,18.98836445,17.35111046,46.37055588,33.33358383,1.358275104,22.49461441,2.244324923,0.831984595,117.7766205,0.0,9,2.1189608268001705
CA_0003714,1994,508.12,623.26,409.71,-1.389029634,341.4341736,-124.9083,57.1917,1602.141,1564.563372,4.765862879,18.98836445,17.35111046,46.37055588,33.33358383,1.358275104,21.17158928,2.220740795,0.824017957,117.2441132,0.0,9,1.9824504681777957
CA_0003714,1995,555.33,616.79,408.75,-1.389029634,363.2125122,-124.9083,57.1917,1602.141,1564.563372,4.765862879,18.98836445,17.35111046,46.37055588,33.33358383,1.358275104,20.63867321,2.079525471,0.82118523,117.1486816,0.0,9,2.5459463765395105
CA_0003714,1996,584.17,617.34,392.76,-1.389029634,349.3573303,-124.9083,57.1917,1602.141,1564.563372,4.765862879,18.98836445,17.35111046,46.37055588,33.33358383,1.358275104,21.68917446,2.212588549,0.811191431,117.0534134,0.0,9,2.4432649181572543
CA_0003714,1997,590.79,676.05,386.4,-1.389029634,361.0239014,-124.9083,57.1917,1602.141,1564.563372,4.765862879,18.98836445,17.35111046,46.37055588,33.33358383,1.358275104,22.7337038,2.187870264,0.806533838,114.9397354,0.760274935,9,2.796599382409511
CA_0003714,1998,601.05,681.03,394.65,-1.389029634,361.4992737,-124.9083,57.1917,1602.141,1564.563372,4.765862879,18.98836445,17.35111046,46.37055588,33.33358383,1.358275104,22.36085682,2.095211983,0.811876624,116.0549347,1.94060998,9,2.5419116780705746
CA_0003714,1999,599.93,675.81,382.42,-1.389029634,353.3923279,-124.9083,57.1917,1602.141,1564.563372,4.765862879,18.98836445,17.35111046,46.37055588,33.33358383,1.358275104,21.8944603,2.279544592,0.804314124,115.3237457,3.212284136,9,2.5987434698524305
CA_0003714,2000,602.32,663.29,366.22,-1.389029634,343.2947327,-124.9083,57.1917,1602.141,1564.563372,4.765862879,18.98836445,17.35111046,46.37055588,33.33358383,1.358275104,23.04398861,2.217469215,0.796335046,114.2693466,4.257226419,9,2.7536364808297624
CA_0003714,2001,576.05,658.86,367.85,-1.389029634,342.2387085,-124.9083,57.1917,1602.141,1564.563372,4.765862879,18.98836445,17.35111046,46.37055588,33.33358383,1.358275104,22.78171291,2.278148174,0.797674915,113.5421539,5.484379244,9,2.662600198782736
CA_0003714,2002,562.61,600.5,365.1,-1.389029634,331.9054688,-124.9083,57.1917,1602.141,1564.563372,4.765862879,18.98836445,17.35111046,46.37055588,33.33358383,1.358275104,20.89547863,2.305767536,0.801118555,114.1360565,5.699884987,9,2.572992915936432
CA_0003714,2003,554.03,625.53,355.75,-1.389029634,331.6673096,-124.9083,57.1917,1602.141,1564.563372,4.765862879,18.98836445,17.35111046,46.37055588,33.33358383,1.358275104,21.43851833,2.221516132,0.797848315,114.294574,5.299030399,9,2.7462058694850757
CA_0003714,2004,486.31,614.4,363.51,-1.389029634,339.172583,-124.9083,57.1917,1602.141,1564.563372,4.765862879,18.98836445,17.35111046,46.37055588,33.33358383,1.358275104,23.40531654,2.236820936,0.813067273,114.6360489,6.414974117,9,2.878422335657287
CA_0003714,2005,530.33,637.14,376.08,-1.389029634,352.3929443,-124.9083,57.1917,1602.141,1564.563372,4.765862879,18.98836445,17.35111046,46.37055588,33.33358383,1.358275104,24.73426819,2.219236135,0.793322205,114.9722153,7.747060299,9,2.9478033842182634
CA_0003714,2006,501.78,625.11,390.18,-1.389029634,357.3223022,-124.9083,57.1917,1602.141,1564.563372,4.765862879,18.98836445,17.35111046,46.37055588,33.33358383,1.358275104,24.27662926,2.226319313,0.792276563,116.8532959,9.07099123,9,2.7495845173826727
CA_0003714,2007,445.61,688.85,393.14,-1.389029634,367.8136902,-124.9083,57.1917,1602.141,1564.563372,4.765862879,18.98836445,17.35111046,46.37055588,33.33358383,1.358275104,24.90609665,2.280366421,0.763291345,116.3168915,11.65504522,9,2.8152602073794357
CA_0003714,2008,360.57,697.01,393.0,-1.389029634,367.4333313,-124.9083,57.1917,1602.141,1564.563372,4.765862879,18.98836445,17.35111046,46.37055588,33.33358383,1.358275104,24.81956863,2.287291527,0.74627229,116.180481,13.2341795,9,2.7683822400632634
CA_0003714,2009,356.41,723.59,393.02,-1.389029634,362.4471375,-124.9083,57.1917,1602.141,1564.563372,4.765862879,18.98836445,17.35111046,46.37055588,33.33358383,1.358275104,24.24748497,2.22996521,0.725222363,117.6307739,13.11332874,9,2.470030843711815
CA_0003714,2010,309.2,712.86,395.13,-1.389029634,355.541687,-124.9083,57.1917,1602.141,1564.563372,4.765862879,18.98836445,17.35111046,46.37055588,33.33358383,1.358275104,23.775,2.206485271,0.75550697,118.8194458,14.93206329,9,2.2395930344653965
CA_0003714,2011,331.03,724.02,389.7,-1.389029634,359.8230713,-124.9083,57.1917,1602.141,1564.563372,4.765862879,18.98836445,17.35111046,46.37055588,33.33358383,1.358275104,24.15435905,2.301238298,0.736947876,117.4807266,16.18812294,9,2.4646596947956794
CA_0003714,2012,387.51,702.18,398.51,-1.389029634,337.3860352,-124.9083,57.1917,1602.141,1564.563372,4.765862879,18.98836445,17.35111046,46.37055588,33.33358383,1.358275104,22.09831734,2.237299442,0.791611646,119.0238892,17.48207893,9,1.8263203468552813
CA_0003716,1989,544.9,642.76,428.88,-1.005888867,382.2096497,-123.9417,56.525,2086.146,1490.50812,4.622630917,18.67738027,16.52187538,49.65208435,31.10842133,1.21232581,29.1061554,2.211410761,0.887264551,119.2712845,0.0,9,2.6000643452801255
CA_0003716,1990,572.83,651.84,425.57,-1.005888867,361.9397034,-123.9417,56.525,2086.146,1490.50812,4.622630917,18.67738027,16.52187538,49.65208435,31.10842133,1.21232581,27.37371902,2.405041456,0.889722278,118.1198792,0.0,9,2.108386037107262
CA_0003716,1991,580.46,670.4,428.8,-1.005888867,377.699408,-123.9417,56.525,2086.146,1490.50812,4.622630917,18.67738027,16.52187538,49.65208435,31.10842133,1.21232581,24.97672577,2.430687189,0.892493018,117.6198654,0.006787371,9,2.3574881717001452
CA_0003716,1992,581.62,650.7,429.02,-1.005888867,362.0080688,-123.9417,56.525,2086.146,1490.50812,4.622630917,18.67738027,16.52187538,49.65208435,31.10842133,1.21232581,24.16964989,2.354756355,0.889916333,119.3865631,0.021208528,9,2.072216713076221
CA_0003716,1993,572.98,621.69,429.84,-1.005888867,361.7872437,-123.9417,56.525,2086.146,1490.50812,4.622630917,18.67738027,16.52187538,49.65208435,31.10842133,1.21232581,24.4007267,2.281420708,0.887855823,119.4761551,0.0419435,9,2.158988163458373
CA_0003716,1994,571.82,627.89,432.15,-1.005888867,356.4419861,-123.9417,56.525,2086.146,1490.50812,4.622630917,18.67738027,16.52187538,49.65208435,31.10842133,1.21232581,23.10667152,2.316432714,0.877144922,119.1960968,0.073012779,9,2.008230813614747
CA_0003716,1995,572.69,622.78,430.89,-1.005888867,381.2330444,-123.9417,56.525,2086.146,1490.50812,4.622630917,18.67738027,16.52187538,49.65208435,31.10842133,1.21232581,22.69681778,2.15372324,0.872664771,119.1166306,0.109708146,9,2.6288567689027507
CA_0003716,1996,602.85,629.45,412.95,-1.005888867,367.2773743,-123.9417,56.525,2086.146,1490.50812,4.622630917,18.67738027,16.52187538,49.65208435,31.10842133,1.21232581,24.70855293,2.307595015,0.86340293,118.7767548,0.152351101,9,2.5268123881279703
CA_0003716,1997,602.5,682.81,402.96,-1.005888867,377.4161438,-123.9417,56.525,2086.146,1490.50812,4.622630917,18.67738027,16.52187538,49.65208435,31.10842133,1.21232581,26.50495148,2.278688908,0.863431531,116.8990967,6.852884319,9,2.939064851423995
CA_0003716,1998,599.76,688.04,413.25,-1.005888867,379.3833435,-123.9417,56.525,2086.146,1490.50812,4.622630917,18.67738027,16.52187538,49.65208435,31.10842133,1.21232581,26.23250046,2.17462945,0.872899036,118.2305679,14.08016647,9,2.6695949441942926
CA_0003716,1999,612.58,686.68,399.72,-1.005888867,371.7183167,-123.9417,56.525,2086.146,1490.50812,4.622630917,18.67738027,16.52187538,49.65208435,31.10842133,1.21232581,26.09199905,2.362582684,0.869661572,117.5281418,21.66978277,9,2.772580486235465
CA_0003716,2000,638.37,673.44,384.54,-1.005888867,361.5810547,-123.9417,56.525,2086.146,1490.50812,4.622630917,18.67738027,16.52187538,49.65208435,31.10842133,1.21232581,27.27068863,2.280872345,0.864356787,116.4024338,29.0987269,9,2.9078987397525604
CA_0003716,2001,615.02,667.97,388.23,-1.005888867,362.9492432,-123.9417,56.525,2086.146,1490.50812,4.622630917,18.67738027,16.52187538,49.65208435,31.10842133,1.21232581,26.81553688,2.364427328,0.868655884,115.9280014,34.98753052,9,2.857255089958973
CA_0003716,2002,611.42,613.73,386.44,-1.005888867,351.2230469,-123.9417,56.525,2086.146,1490.50812,4.622630917,18.67738027,16.52187538,49.65208435,31.10842133,1.21232581,24.91317291,2.381062508,0.870780798,116.3734573,33.53583183,9,2.670690136381528
CA_0003716,2003,619.2,637.25,378.18,-1.005888867,352.585144,-123.9417,56.525,2086.146,1490.50812,4.622630917,18.67738027,16.52187538,49.65208435,31.10842133,1.21232581,25.49644775,2.308742523,0.866123682,116.4654678,31.03349838,9,2.874461649112817
CA_0003716,2004,601.4,628.17,386.16,-1.005888867,359.4197571,-123.9417,56.525,2086.146,1490.50812,4.622630917,18.67738027,16.52187538,49.65208435,31.10842133,1.21232581,27.28166199,2.295733452,0.881342944,116.39198,27.3440979,9,2.9610759868141683
CA_0003716,2005,614.74,647.94,399.37,-1.005888867,372.3723938,-123.9417,56.525,2086.146,1490.50812,4.622630917,18.67738027,16.52187538,49.65208435,31.10842133,1.21232581,28.72359581,2.293608665,0.86189364,116.8040665,23.93815346,9,3.002552683923919
CA_0003716,2006,581.62,632.97,415.01,-1.005888867,376.4546143,-123.9417,56.525,2086.146,1490.50812,4.622630917,18.67738027,16.52187538,49.65208435,31.10842133,1.21232581,28.22107162,2.317448854,0.861177417,118.8119537,19.6627409,9,2.77197523836818
CA_0003716,2007,600.62,690.89,418.36,-1.005888867,389.4650208,-123.9417,56.525,2086.146,1490.50812,4.622630917,18.67738027,16.52187538,49.65208435,31.10842133,1.21232581,28.82793846,2.343974113,0.839508411,118.2672974,15.50620956,9,2.9136785018280085
CA_0003716,2008,609.78,698.97,416.8,-1.005888867,387.8519897,-123.9417,56.525,2086.146,1490.50812,4.622630917,18.67738027,16.52187538,49.65208435,31.10842133,1.21232581,28.76233406,2.365168095,0.827200684,118.129744,11.62174921,9,2.856884688291652
CA_0003716,2009,599.33,717.88,417.25,-1.005888867,380.5740906,-123.9417,56.525,2086.146,1490.50812,4.622630917,18.67738027,16.52187538,49.65208435,31.10842133,1.21232581,28.3762516,2.322392702,0.811105212,119.833815,8.836880779,9,2.495834935502254
CA_0003716,2010,543.17,705.17,420.63,-1.005888867,372.6434509,-123.9417,56.525,2086.146,1490.50812,4.622630917,18.67738027,16.52187538,49.65208435,31.10842133,1.21232581,27.36852264,2.288981438,0.837792786,121.0160141,6.87599287,9,2.248087201689638
CA_0003716,2011,571.68,720.89,411.81,-1.005888867,374.864209,-123.9417,56.525,2086.146,1490.50812,4.622630917,18.67738027,16.52187538,49.65208435,31.10842133,1.21232581,27.41469765,2.378450394,0.80398501,119.0089584,7.207570362,9,2.4295989338476125
CA_0003716,2012,547.83,706.38,420.84,-1.005888867,351.5516357,-123.9417,56.525,2086.146,1490.50812,4.622630917,18.67738027,16.52187538,49.65208435,31.10842133,1.21232581,25.05574989,2.32258749,0.839015808,120.522171,8.417414188,9,1.824986899542445
CA_0003718,1989,445.98,572.81,471.51,-0.239275864,380.4628662,-124.5667,55.9167,5355.191,1296.764368,4.042741109,19.47195042,17.9794178,42.20721817,36.57907867,1.333560491,42.0871212,2.015799522,1.130192383,119.9808273,297.4341553,9,2.302446654101045
CA_0003718,1990,461.81,584.21,468.35,-0.239275864,370.7552673,-124.5667,55.9167,5355.191,1296.764368,4.042741109,19.47195042,17.9794178,42.20721817,36.57907867,1.333560491,38.83637886,2.168689489,1.131044019,118.539949,301.9434204,9,2.0906962261850053
CA_0003718,1991,490.68,605.85,469.2,-0.239275864,382.9919006,-124.5667,55.9167,5355.191,1296.764368,4.042741109,19.47195042,17.9794178,42.20721817,36.57907867,1.333560491,35.86917305,2.170517921,1.136272949,118.3887909,303.8458496,9,2.2147667030531464
CA_0003718,1992,524.1,611.61,473.88,-0.239275864,367.1686218,-124.5667,55.9167,5355.191,1296.764368,4.042741109,19.47195042,17.9794178,42.20721817,36.57907867,1.333560491,36.29355202,2.117948294,1.133318091,120.1222153,305.0310242,9,1.8861061366075158
CA_0003718,1993,499.13,586.68,475.5,-0.239275864,359.1058899,-124.5667,55.9167,5355.191,1296.764368,4.042741109,19.47195042,17.9794178,42.20721817,36.57907867,1.333560491,36.65524254,2.00356245,1.128393945,120.8363098,304.9241272,9,1.845010004898486
CA_0003718,1994,507.01,604.47,474.47,-0.239275864,359.8243225,-124.5667,55.9167,5355.191,1296.764368,4.042741109,19.47195042,17.9794178,42.20721817,36.57907867,1.333560491,38.11319733,2.048662186,1.11873418,119.6776855,307.013446,9,1.8024843454038617
CA_0003718,1995,491.42,591.86,475.72,-0.239275864,375.7365906,-124.5667,55.9167,5355.191,1296.764368,4.042741109,19.47195042,17.9794178,42.20721817,36.57907867,1.333560491,39.09371948,2.001173019,1.114090601,119.8996887,312.1742859,9,2.0824860652547756
CA_0003718,1996,530.41,577.24,463.92,-0.239275864,367.9771301,-124.5667,55.9167,5355.191,1296.764368,4.042741109,19.47195042,17.9794178,42.20721817,36.57907867,1.333560491,41.10974579,2.099404335,1.098846582,119.4179779,320.4540527,9,2.1101915308865746
CA_0003718,1997,533.39,592.25,450.26,-0.239275864,382.5050171,-124.5667,55.9167,5355.191,1296.764368,4.042741109,19.47195042,17.9794178,42.20721817,36.57907867,1.333560491,42.67094421,2.067556143,1.098856177,117.5638702,330.0535339,9,2.5015409580076846
CA_0003718,1998,527.43,599.91,456.75,-0.239275864,388.1389099,-124.5667,55.9167,5355.191,1296.764368,4.042741109,19.47195042,17.9794178,42.20721817,36.57907867,1.333560491,42.77461624,2.026687622,1.107781055,118.0252335,339.2329956,9,2.509414340780014
CA_0003718,1999,540.08,606.88,443.07,-0.239275864,388.2418701,-124.5667,55.9167,5355.191,1296.764368,4.042741109,19.47195042,17.9794178,42.20721817,36.57907867,1.333560491,44.21975021,2.150137186,1.10102561,117.364534,347.0992981,9,2.697208655383242
CA_0003718,2000,552.94,612.62,429.13,-0.239275864,388.0864075,-124.5667,55.9167,5355.191,1296.764368,4.042741109,19.47195042,17.9794178,42.20721817,36.57907867,1.333560491,46.62266083,2.017559528,1.095628052,116.0189072,353.7146484,9,2.96790951657881
CA_0003718,2001,538.83,621.58,427.69,-0.239275864,389.6649414,-124.5667,55.9167,5355.191,1296.764368,4.042741109,19.47195042,17.9794178,42.20721817,36.57907867,1.333560491,48.28585434,2.129703283,1.093997925,114.8789261,358.6069885,9,3.014345066176958
CA_0003718,2002,535.15,601.31,425.59,-0.239275864,372.749176,-124.5667,55.9167,5355.191,1296.764368,4.042741109,19.47195042,17.9794178,42.20721817,36.57907867,1.333560491,47.37751007,2.134273529,1.091592334,114.9895569,366.573999,9,2.5865118891128667
CA_0003718,2003,565.83,618.97,419.6,-0.239275864,377.0209167,-124.5667,55.9167,5355.191,1296.764368,4.042741109,19.47195042,17.9794178,42.20721817,36.57907867,1.333560491,48.74082947,2.100071192,1.083914697,114.8391846,375.5763977,9,2.754338393833848
CA_0003718,2004,550.78,612.23,432.38,-0.239275864,381.4407532,-124.5667,55.9167,5355.191,1296.764368,4.042741109,19.47195042,17.9794178,42.20721817,36.57907867,1.333560491,49.42587814,2.040882826,1.113251074,115.3355789,385.4848145,9,2.6623120583921933
CA_0003718,2005,561.81,618.34,444.22,-0.239275864,389.5865112,-124.5667,55.9167,5355.191,1296.764368,4.042741109,19.47195042,17.9794178,42.20721817,36.57907867,1.333560491,49.46356583,2.089403629,1.115556543,115.5336014,396.4809021,9,2.651145274112449
CA_0003718,2006,517.56,592.84,460.44,-0.239275864,385.2361816,-124.5667,55.9167,5355.191,1296.764368,4.042741109,19.47195042,17.9794178,42.20721817,36.57907867,1.333560491,46.50129166,2.109364033,1.116628345,117.9117752,407.7355591,9,2.4268558156922047
CA_0003718,2007,519.15,621.16,461.92,-0.239275864,403.0529907,-124.5667,55.9167,5355.191,1296.764368,4.042741109,19.47195042,17.9794178,42.20721817,36.57907867,1.333560491,46.88831711,2.160115004,1.102950586,116.9500793,417.0184937,9,2.7136374035161155
CA_0003718,2008,514.6,621.76,456.75,-0.239275864,397.9034546,-124.5667,55.9167,5355.191,1296.764368,4.042741109,19.47195042,17.9794178,42.20721817,36.57907867,1.333560491,46.61025238,2.182706118,1.098406543,117.2088455,424.3155945,9,2.6511223168129003
CA_0003718,2009,511.33,605.68,454.46,-0.239275864,383.9229126,-124.5667,55.9167,5355.191,1296.764368,4.042741109,19.47195042,17.9794178,42.20721817,36.57907867,1.333560491,45.75658951,2.128180981,1.07540481,118.7444092,428.856958,9,2.4072518024588656
CA_0003718,2010,477.97,590.78,460.04,-0.239275864,367.9111755,-124.5667,55.9167,5355.191,1296.764368,4.042741109,19.47195042,17.9794178,42.20721817,36.57907867,1.333560491,44.44029541,2.136994362,1.075676782,120.0381287,435.0872803,9,2.085211971393978
CA_0003718,2011,475.99,606.93,446.09,-0.239275864,374.9126953,-124.5667,55.9167,5355.191,1296.764368,4.042741109,19.47195042,17.9794178,42.20721817,36.57907867,1.333560491,46.44381943,2.208841324,1.038642542,117.1053452,441.2291321,9,2.302486156564609
CA_0003718,2012,473.03,601.06,452.78,-0.239275864,366.0825195,-124.5667,55.9167,5355.191,1296.764368,4.042741109,19.47195042,17.9794178,42.20721817,36.57907867,1.333560491,44.06904297,2.143951893,1.035366736,118.744519,444.1801147,9,2.0774972461319323
CA_0003718,2013,445.02,610.53,453.94,-0.239275864,368.598761,-124.5667,55.9167,5355.191,1296.764368,4.042741109,19.47195042,17.9794178,42.20721817,36.57907867,1.333560491,42.53123703,1.97337985,1.056648694,118.2311569,447.8525635,9,2.07526717194416
CA_0003719,1989,466.03,571.06,445.9,-0.835895726,369.9251282,-124.5833,56.2167,3085.143,1392.320819,4.544994471,18.32399139,18.40182304,43.13541794,37.00934601,1.319357812,35.92178802,2.042744637,0.96360791,119.0238403,348.42276,9,2.368723891282412
CA_0003719,1990,458.61,579.59,442.3,-0.835895726,357.4612976,-124.5833,56.2167,3085.143,1392.320819,4.544994471,18.32399139,18.40182304,43.13541794,37.00934601,1.319357812,32.5472805,2.204322815,0.96375769,117.6959518,353.7586182,9,2.10590533532926
CA_0003719,1991,460.98,604.19,443.74,-0.835895726,372.5386292,-124.5833,56.2167,3085.143,1392.320819,4.544994471,18.32399139,18.40182304,43.13541794,37.00934601,1.319357812,29.47324028,2.222526073,0.966450195,117.4089752,355.9437378,9,2.291501008427505
CA_0003719,1992,447.26,603.35,446.74,-0.835895726,354.7302124,-124.5833,56.2167,3085.143,1392.320819,4.544994471,18.32399139,18.40182304,43.13541794,37.00934601,1.319357812,29.07609138,2.169789791,0.964006848,119.3262421,357.2450012,9,1.928593138698486
CA_0003719,1993,425.74,577.85,449.82,-0.835895726,349.6097595,-124.5833,56.2167,3085.143,1392.320819,4.544994471,18.32399139,18.40182304,43.13541794,37.00934601,1.319357812,29.02681007,2.065361023,0.960103528,120.0600372,357.1194824,9,1.9126241274000786
CA_0003719,1994,430.58,592.94,449.86,-0.835895726,349.1201782,-124.5833,56.2167,3085.143,1392.320819,4.544994471,18.32399139,18.40182304,43.13541794,37.00934601,1.319357812,29.71648712,2.093782902,0.951829981,119.0615234,359.652356,9,1.8527085139610764
CA_0003719,1995,442.43,581.43,449.97,-0.835895726,366.9042664,-124.5833,56.2167,3085.143,1392.320819,4.544994471,18.32399139,18.40182304,43.13541794,37.00934601,1.319357812,30.38594933,2.032411337,0.948296875,119.1749741,365.910791,9,2.204916746089496
CA_0003719,1996,472.48,568.32,435.77,-0.835895726,356.4258911,-124.5833,56.2167,3085.143,1392.320819,4.544994471,18.32399139,18.40182304,43.13541794,37.00934601,1.319357812,32.36301765,2.121777534,0.93749165,118.8101471,375.8107605,9,2.203113495136099
CA_0003719,1997,476.23,592.28,423.94,-0.835895726,370.671814,-124.5833,56.2167,3085.143,1392.320819,4.544994471,18.32399139,18.40182304,43.13541794,37.00934601,1.319357812,34.18261528,2.08636117,0.940108521,116.8021713,387.4473999,9,2.6041997945396607
CA_0003719,1998,478.3,598.4,430.73,-0.835895726,375.5291382,-124.5833,56.2167,3085.143,1392.320819,4.544994471,18.32399139,18.40182304,43.13541794,37.00934601,1.319357812,34.0591671,2.067637205,0.948211218,117.3888046,398.7252197,9,2.590845801187724
CA_0003719,1999,486.54,602.57,416.89,-0.835895726,371.3537964,-124.5833,56.2167,3085.143,1392.320819,4.544994471,18.32399139,18.40182304,43.13541794,37.00934601,1.319357812,34.45321198,2.179507017,0.943842664,116.6755798,408.6443909,9,2.7111984122598844
CA_0003719,2000,495.42,606.52,402.31,-0.835895726,368.3781616,-124.5833,56.2167,3085.143,1392.320819,4.544994471,18.32399139,18.40182304,43.13541794,37.00934601,1.319357812,36.50563812,2.059751749,0.938474219,115.4585739,416.9297974,9,2.954441960034512
CA_0003719,2001,480.15,613.32,401.49,-0.835895726,368.4180725,-124.5833,56.2167,3085.143,1392.320819,4.544994471,18.32399139,18.40182304,43.13541794,37.00934601,1.319357812,37.46166,2.160583258,0.939805627,114.3248581,423.07323,9,2.940860943960042
CA_0003719,2002,484.17,586.2,399.99,-0.835895726,353.137561,-124.5833,56.2167,3085.143,1392.320819,4.544994471,18.32399139,18.40182304,43.13541794,37.00934601,1.319357812,35.77479782,2.177138805,0.938866931,114.6280197,432.7643799,9,2.5607138906824387
CA_0003719,2003,492.62,605.99,392.2,-0.835895726,355.7376038,-124.5833,56.2167,3085.143,1392.320819,4.544994471,18.32399139,18.40182304,43.13541794,37.00934601,1.319357812,37.00551758,2.128737688,0.933313904,114.6153625,443.5072205,9,2.728646849449266
CA_0003719,2004,483.74,597.71,404.34,-0.835895726,362.2981079,-124.5833,56.2167,3085.143,1392.320819,4.544994471,18.32399139,18.40182304,43.13541794,37.00934601,1.319357812,38.53874664,2.07527256,0.95120116,115.0608963,455.1963013,9,2.710730254361742
CA_0003719,2005,480.36,606.6,416.62,-0.835895726,372.4913635,-124.5833,56.2167,3085.143,1392.320819,4.544994471,18.32399139,18.40182304,43.13541794,37.00934601,1.319357812,39.34030914,2.11291337,0.943744751,115.1548843,468.1916504,9,2.7336753873070285
CA_0003719,2006,448.62,583.41,433.27,-0.835895726,371.829657,-124.5833,56.2167,3085.143,1392.320819,4.544994471,18.32399139,18.40182304,43.13541794,37.00934601,1.319357812,37.27402725,2.140301943,0.937767114,117.4671326,481.3953491,9,2.526330582338572
CA_0003719,2007,440.99,617.39,435.15,-0.835895726,387.5439575,-124.5833,56.2167,3085.143,1392.320819,4.544994471,18.32399139,18.40182304,43.13541794,37.00934601,1.319357812,37.73749619,2.199637175,0.925527222,116.5781387,492.2894043,9,2.773605528323842
CA_0003719,2008,435.79,619.7,432.83,-0.835895726,384.9257507,-124.5833,56.2167,3085.143,1392.320819,4.544994471,18.32399139,18.40182304,43.13541794,37.00934601,1.319357812,37.65735703,2.209492922,0.916356848,116.8074173,500.6504028,9,2.723165448354866
CA_0003719,2009,427.28,612.52,431.08,-0.835895726,372.9282898,-124.5833,56.2167,3085.143,1392.320819,4.544994471,18.32399139,18.40182304,43.13541794,37.00934601,1.319357812,37.41516342,2.15302062,0.900724756,118.4057892,506.1955505,9,2.4406303927244495
CA_0003719,2010,409.25,599.21,436.66,-0.835895726,359.0981628,-124.5833,56.2167,3085.143,1392.320819,4.544994471,18.32399139,18.40182304,43.13541794,37.00934601,1.319357812,36.07891769,2.155544996,0.917786414,119.8302887,513.5686951,9,2.114562887641883
CA_0003719,2011,443.98,615.44,425.52,-0.835895726,366.2986206,-124.5833,56.2167,3085.143,1392.320819,4.544994471,18.32399139,18.40182304,43.13541794,37.00934601,1.319357812,37.54814682,2.213692665,0.901717969,117.3179382,520.7634155,9,2.344460627269822
CA_0003719,2012,459.35,610.1,432.29,-0.835895726,353.2125366,-124.5833,56.2167,3085.143,1392.320819,4.544994471,18.32399139,18.40182304,43.13541794,37.00934601,1.319357812,35.5140255,2.168540001,0.906077893,118.9527191,524.0949097,9,2.0087631141532634
CA_0003719,2013,447.89,626.47,433.58,-0.835895726,356.3987061,-124.5833,56.2167,3085.143,1392.320819,4.544994471,18.32399139,18.40182304,43.13541794,37.00934601,1.319357812,34.38615685,2.025329828,0.931026355,118.4186066,528.4502319,9,1.9978285972027097
CA_0003720,1989,548.56,572.54,453.4,-0.615571387,374.5806396,-124.8042,56.1292,1907.387,1395.723407,4.159791401,19.00304627,18.62633896,42.90357208,37.4066925,1.330835628,39.61642113,2.06671977,0.974910571,119.5800949,0.292415625,9,2.376608167712125
CA_0003720,1990,586.25,583.02,449.16,-0.615571387,362.6531799,-124.8042,56.1292,1907.387,1395.723407,4.159791401,19.00304627,18.62633896,42.90357208,37.4066925,1.330835628,36.08709602,2.22256279,0.975009924,118.1816025,0.294008952,9,2.122797358552712
CA_0003720,1991,580.1,605.15,449.55,-0.615571387,376.3523071,-124.8042,56.1292,1907.387,1395.723407,4.159791401,19.00304627,18.62633896,42.90357208,37.4066925,1.330835628,32.72952347,2.23119688,0.975960254,117.9980316,0.289168495,9,2.299600872606471
CA_0003720,1992,565.96,609.01,452.84,-0.615571387,359.4054138,-124.8042,56.1292,1907.387,1395.723407,4.159791401,19.00304627,18.62633896,42.90357208,37.4066925,1.330835628,32.38364944,2.178416014,0.970868555,119.8151474,0.282378405,9,1.9345976815245607
CA_0003720,1993,516.71,584.33,454.56,-0.615571387,353.317395,-124.8042,56.1292,1907.387,1395.723407,4.159791401,19.00304627,18.62633896,42.90357208,37.4066925,1.330835628,32.79706345,2.068525076,0.965269482,120.4545639,0.2717462,9,1.9115851011458653
CA_0003720,1994,524.14,600.54,454.08,-0.615571387,353.0439026,-124.8042,56.1292,1907.387,1395.723407,4.159791401,19.00304627,18.62633896,42.90357208,37.4066925,1.330835628,34.05024529,2.110141993,0.954626929,119.433075,0.265219074,9,1.8556629816054286
CA_0003720,1995,518.16,588.34,454.42,-0.615571387,371.5723083,-124.8042,56.1292,1907.387,1395.723407,4.159791401,19.00304627,18.62633896,42.90357208,37.4066925,1.330835628,35.15847931,2.053826094,0.948385547,119.5594177,0.26599313,9,2.2205459911002774
CA_0003720,1996,562.07,576.13,440.72,-0.615571387,361.5804871,-124.8042,56.1292,1907.387,1395.723407,4.159791401,19.00304627,18.62633896,42.90357208,37.4066925,1.330835628,37.53299065,2.149007797,0.935345984,119.096579,0.278361624,9,2.2198068439451872
CA_0003720,1997,566.35,595.15,428.16,-0.615571387,374.9333374,-124.8042,56.1292,1907.387,1395.723407,4.159791401,19.00304627,18.62633896,42.90357208,37.4066925,1.330835628,39.37182045,2.113878727,0.936785364,117.1781662,0.226219161,9,2.638435644577116
CA_0003720,1998,595.79,601.92,434.94,-0.615571387,380.7539673,-124.8042,56.1292,1907.387,1395.723407,4.159791401,19.00304627,18.62633896,42.90357208,37.4066925,1.330835628,39.06172066,2.087129593,0.945071887,117.7471558,0.175755924,9,2.6499154162480556
CA_0003720,1999,609.05,608.21,420.86,-0.615571387,377.9738098,-124.8042,56.1292,1907.387,1395.723407,4.159791401,19.00304627,18.62633896,42.90357208,37.4066925,1.330835628,39.83275871,2.204828024,0.942645581,117.0682877,0.121903282,9,2.8200154280592726
CA_0003720,2000,612.18,612.92,406.99,-0.615571387,375.0989746,-124.8042,56.1292,1907.387,1395.723407,4.159791401,19.00304627,18.62633896,42.90357208,37.4066925,1.330835628,42.18588638,2.071950912,0.938157605,115.8086517,0.063585421,9,3.0692265553353177
CA_0003720,2001,592.88,620.23,405.99,-0.615571387,374.9257202,-124.8042,56.1292,1907.387,1395.723407,4.159791401,19.00304627,18.62633896,42.90357208,37.4066925,1.330835628,43.43601761,2.180916071,0.937958191,114.706572,0.001124883,9,3.04908298484251
CA_0003720,2002,604.68,596.66,404.78,-0.615571387,359.0952393,-124.8042,56.1292,1907.387,1395.723407,4.159791401,19.00304627,18.62633896,42.90357208,37.4066925,1.330835628,42.24233398,2.197930098,0.937903589,114.9108185,0.001494792,9,2.5979157708015013
CA_0003720,2003,621.34,615.44,397.99,-0.615571387,361.9919067,-124.8042,56.1292,1907.387,1395.723407,4.159791401,19.00304627,18.62633896,42.90357208,37.4066925,1.330835628,43.92587814,2.15255928,0.930349707,114.8462555,0.001499314,9,2.7646104616542675
CA_0003720,2004,603.42,608.03,410.57,-0.615571387,369.0428589,-124.8042,56.1292,1907.387,1395.723407,4.159791401,19.00304627,18.62633896,42.90357208,37.4066925,1.330835628,45.46124191,2.094937325,0.948390198,115.2234497,0.001503525,9,2.745925712763411
CA_0003720,2005,614.06,615.63,422.54,-0.615571387,379.0749207,-124.8042,56.1292,1907.387,1395.723407,4.159791401,19.00304627,18.62633896,42.90357208,37.4066925,1.330835628,46.36512451,2.137473583,0.939064526,115.3478867,0.00150757,9,2.77638020024591
CA_0003720,2006,571.21,590.77,439.59,-0.615571387,377.7758728,-124.8042,56.1292,1907.387,1395.723407,4.159791401,19.00304627,18.62633896,42.90357208,37.4066925,1.330835628,43.91103058,2.165013075,0.937614661,117.7311569,0.006610489,9,2.546921280782266
CA_0003720,2007,566.52,621.67,441.06,-0.615571387,394.326355,-124.8042,56.1292,1907.387,1395.723407,4.159791401,19.00304627,18.62633896,42.90357208,37.4066925,1.330835628,44.07726059,2.21666646,0.918578174,116.7991135,0.022625602,9,2.849831593396873
CA_0003720,2008,565.47,622.99,437.79,-0.615571387,390.0419128,-124.8042,56.1292,1907.387,1395.723407,4.159791401,19.00304627,18.62633896,42.90357208,37.4066925,1.330835628,43.68958817,2.235505819,0.910757166,117.0518967,0.029476105,9,2.7678413164937643
CA_0003720,2009,564.58,610.79,436.38,-0.615571387,376.1111206,-124.8042,56.1292,1907.387,1395.723407,4.159791401,19.00304627,18.62633896,42.90357208,37.4066925,1.330835628,42.79656525,2.178319931,0.89097583,118.6784515,0.061169008,9,2.448589680725762
CA_0003720,2010,538.86,596.32,442.15,-0.615571387,361.1193726,-124.8042,56.1292,1907.387,1395.723407,4.159791401,19.00304627,18.62633896,42.90357208,37.4066925,1.330835628,40.80768967,2.183710337,0.906739783,120.0579361,0.061169037,9,2.108065576618842
CA_0003720,2011,576.54,614.03,429.79,-0.615571387,368.3939758,-124.8042,56.1292,1907.387,1395.723407,4.159791401,19.00304627,18.62633896,42.90357208,37.4066925,1.330835628,42.76171188,2.243769884,0.878324182,117.2371429,0.054951454,9,2.3390382558851814
CA_0003720,2012,580.55,610.62,436.36,-0.615571387,357.8841309,-124.8042,56.1292,1907.387,1395.723407,4.159791401,19.00304627,18.62633896,42.90357208,37.4066925,1.330835628,40.77696381,2.197751284,0.88573794,118.8723206,0.038569284,9,2.051551245100181
CA_0003720,2013,547.27,625.96,437.76,-0.615571387,361.3083313,-124.8042,56.1292,1907.387,1395.723407,4.159791401,19.00304627,18.62633896,42.90357208,37.4066925,1.330835628,39.44781189,2.039037466,0.915535425,118.3028488,0.031716644,9,2.0462503476815392
CA_0003722,1989,270.08,547.8,514.87,0.900734353,396.5557373,-123.6333,55.4292,6603.515,1141.275849,2.182406566,25.19651757,17.97126389,38.62787247,37.16162872,1.398666848,45.21967125,2.022155762,1.308961084,124.1041779,1096.634937,9,2.382340206818271
CA_0003722,1990,314.25,570.95,510.95,0.900734353,388.4489746,-123.6333,55.4292,6603.515,1141.275849,2.182406566,25.19651757,17.97126389,38.62787247,37.16162872,1.398666848,41.90417442,2.184146166,1.309445581,122.6784531,1113.22478,9,2.123875395833017
CA_0003722,1991,342.07,579.08,513.75,0.900734353,394.3482178,-123.6333,55.4292,6603.515,1141.275849,2.182406566,25.19651757,17.97126389,38.62787247,37.16162872,1.398666848,38.48415489,2.143126965,1.317727173,122.8373795,1120.418408,9,2.1627639741051814
CA_0003722,1992,363.35,591.79,517.93,0.900734353,379.87005,-123.6333,55.4292,6603.515,1141.275849,2.182406566,25.19651757,17.97126389,38.62787247,37.16162872,1.398666848,40.459161,2.087398767,1.314212402,124.1137436,1125.0802,9,1.8605779127280413
CA_0003722,1993,347.69,567.04,514.22,0.900734353,372.3310669,-123.6333,55.4292,6603.515,1141.275849,2.182406566,25.19651757,17.97126389,38.62787247,37.16162872,1.398666848,42.76973305,1.960489631,1.305660425,124.2195145,1124.776367,9,1.8758119540769396
CA_0003722,1994,366.82,586.99,514.66,0.900734353,372.0314209,-123.6333,55.4292,6603.515,1141.275849,2.182406566,25.19651757,17.97126389,38.62787247,37.16162872,1.398666848,44.40825119,2.070911646,1.295696899,123.3614517,1132.364551,9,1.7938112452901402
CA_0003722,1995,357.44,576.28,516.17,0.900734353,388.3940796,-123.6333,55.4292,6603.515,1141.275849,2.182406566,25.19651757,17.97126389,38.62787247,37.16162872,1.398666848,44.92709808,1.969358802,1.289265601,123.4824036,1150.954395,9,2.060635376701816
CA_0003722,1996,402.62,577.38,504.1,0.900734353,388.643573,-123.6333,55.4292,6603.515,1141.275849,2.182406566,25.19651757,17.97126389,38.62787247,37.16162872,1.398666848,47.61431961,2.14086318,1.271339404,122.6899475,1180.993384,9,2.1456234960773783
CA_0003722,1997,420.98,586.33,488.25,0.900734353,403.2620178,-123.6333,55.4292,6603.515,1141.275849,2.182406566,25.19651757,17.97126389,38.62787247,37.16162872,1.398666848,48.81936264,2.102994442,1.272092212,121.1754501,1215.91897,9,2.5464861577488787
CA_0003722,1998,413.22,598.8,497.75,0.900734353,404.7127686,-123.6333,55.4292,6603.515,1141.275849,2.182406566,25.19651757,17.97126389,38.62787247,37.16162872,1.398666848,48.72264175,1.969928384,1.28254397,121.8306183,1249.239429,9,2.3969206552284104
CA_0003722,1999,428.17,607.85,484.56,0.900734353,409.8955322,-123.6333,55.4292,6603.515,1141.275849,2.182406566,25.19651757,17.97126389,38.62787247,37.16162872,1.398666848,51.71411591,2.17340374,1.272453857,121.3091064,1277.889063,9,2.6249151567504763
CA_0003722,2000,443.6,606.53,471.49,0.900734353,411.6580811,-123.6333,55.4292,6603.515,1141.275849,2.182406566,25.19651757,17.97126389,38.62787247,37.16162872,1.398666848,54.68983765,2.007772207,1.268053491,119.8347504,1302.257178,9,2.8984494654416713
CA_0003722,2001,410.25,608.5,472.26,0.900734353,416.674469,-123.6333,55.4292,6603.515,1141.275849,2.182406566,25.19651757,17.97126389,38.62787247,37.16162872,1.398666848,57.09195938,2.138464212,1.269904883,119.1135376,1320.314648,9,3.0382711203535155
CA_0003722,2002,398.22,590.79,469.27,0.900734353,398.8836609,-123.6333,55.4292,6603.515,1141.275849,2.182406566,25.19651757,17.97126389,38.62787247,37.16162872,1.398666848,56.71358032,2.142416716,1.264594702,118.9211334,1349.3677,9,2.6632287894063347
CA_0003722,2003,413.03,602.71,464.65,0.900734353,405.9246826,-123.6333,55.4292,6603.515,1141.275849,2.182406566,25.19651757,17.97126389,38.62787247,37.16162872,1.398666848,57.90968323,2.106808662,1.254502832,118.6716141,1382.318604,9,2.870760828626299
CA_0003722,2004,365.82,600.88,475.79,0.900734353,407.5038574,-123.6333,55.4292,6603.515,1141.275849,2.182406566,25.19651757,17.97126389,38.62787247,37.16162872,1.398666848,58.77020798,2.076148033,1.28542749,118.7448807,1418.40896,9,2.736384054952067
CA_0003722,2005,377.41,601.89,488.47,0.900734353,412.324884,-123.6333,55.4292,6603.515,1141.275849,2.182406566,25.19651757,17.97126389,38.62787247,37.16162872,1.398666848,57.94410095,2.103563309,1.299194824,119.2845901,1458.72002,9,2.671157986158214
CA_0003722,2006,357.58,579.48,504.39,0.900734353,401.2601013,-123.6333,55.4292,6603.515,1141.275849,2.182406566,25.19651757,17.97126389,38.62787247,37.16162872,1.398666848,53.39837265,2.121996403,1.296887695,121.6254074,1500.26604,9,2.3701393830830026
CA_0003722,2007,351.22,606.14,506.27,0.900734353,421.1062073,-123.6333,55.4292,6603.515,1141.275849,2.182406566,25.19651757,17.97126389,38.62787247,37.16162872,1.398666848,53.58854065,2.160998821,1.279788184,120.8092957,1534.78623,9,2.6290325768315443
CA_0003722,2008,370.99,610.47,497.2,0.900734353,415.3992065,-123.6333,55.4292,6603.515,1141.275849,2.182406566,25.19651757,17.97126389,38.62787247,37.16162872,1.398666848,53.53206711,2.195211172,1.258865479,120.9650696,1562.680396,9,2.5771716249360965
CA_0003722,2009,403.42,588.86,494.05,0.900734353,400.8502625,-123.6333,55.4292,6603.515,1141.275849,2.182406566,25.19651757,17.97126389,38.62787247,37.16162872,1.398666848,51.37690887,2.134387732,1.227446313,122.6241165,1578.986792,9,2.410033829139362
CA_0003722,2010,379.27,575.3,498.81,0.900734353,384.358429,-123.6333,55.4292,6603.515,1141.275849,2.182406566,25.19651757,17.97126389,38.62787247,37.16162872,1.398666848,49.30484238,2.123669863,1.193294214,123.686264,1601.938989,9,2.122287046964101
CA_0003722,2011,425.71,588.79,480.43,0.900734353,390.98125,-123.6333,55.4292,6603.515,1141.275849,2.182406566,25.19651757,17.97126389,38.62787247,37.16162872,1.398666848,50.50964203,2.260062695,1.127210754,120.1585693,1624.845508,9,2.3440220411950463
CA_0003722,2012,437.4,586.13,487.45,0.900734353,381.3445251,-123.6333,55.4292,6603.515,1141.275849,2.182406566,25.19651757,17.97126389,38.62787247,37.16162872,1.398666848,47.81410675,2.166805506,1.115770789,121.6212067,1636.128296,9,2.1083664807474127
CA_0003722,2013,401.93,600.79,488.44,0.900734353,385.2707703,-123.6333,55.4292,6603.515,1141.275849,2.182406566,25.19651757,17.97126389,38.62787247,37.16162872,1.398666848,46.35902252,1.973841786,1.147079675,121.0638702,1649.357739,9,2.102958780148829
CA_0003722,2014,399.98,615.5,492.44,0.900734353,402.4592407,-123.6333,55.4292,6603.515,1141.275849,2.182406566,25.19651757,17.97126389,38.62787247,37.16162872,1.398666848,48.22051239,2.008975267,1.188962732,120.897905,1662.186719,9,2.3178162409194636
CA_0003727,1989,877.57,742.01,560.79,2.322720814,443.5065613,-122.9125,55.0833,4793.53,1144.347284,3.685049158,25.83743984,12.86942577,57.90726471,24.99859619,1.459458477,44.60065689,2.474697828,1.499118994,129.3616302,422.7982178,9,1.9482513323638775
CA_0003727,1990,893.31,787.42,552.71,2.322720814,435.6616455,-122.9125,55.0833,4793.53,1144.347284,3.685049158,25.83743984,12.86942577,57.90726471,24.99859619,1.459458477,42.90452576,2.659337759,1.505639941,128.0860168,427.903833,9,1.789369205847885
CA_0003727,1991,907.0,786.33,554.41,2.322720814,442.3241089,-122.9125,55.0833,4793.53,1144.347284,3.685049158,25.83743984,12.86942577,57.90726471,24.99859619,1.459458477,40.67664185,2.60873723,1.511091357,128.284549,432.1713501,9,1.8598454924998329
CA_0003727,1992,948.8,806.9,556.32,2.322720814,420.2227722,-122.9125,55.0833,4793.53,1144.347284,3.685049158,25.83743984,12.86942577,57.90726471,24.99859619,1.459458477,40.4097435,2.543202639,1.510013184,128.789975,437.0866333,9,1.5767123762809414
CA_0003727,1993,894.27,780.86,545.7,2.322720814,413.4264832,-122.9125,55.0833,4793.53,1144.347284,3.685049158,25.83743984,12.86942577,57.90726471,24.99859619,1.459458477,41.83576736,2.417510271,1.504722729,128.1830826,436.5548157,9,1.6070801304189288
CA_0003727,1994,939.36,813.59,550.63,2.322720814,411.6477844,-122.9125,55.0833,4793.53,1144.347284,3.685049158,25.83743984,12.86942577,57.90726471,24.99859619,1.459458477,43.12735443,2.563836575,1.491134497,128.1141495,436.615564,9,1.5145847414682785
CA_0003727,1995,940.13,800.45,550.49,2.322720814,433.8855896,-122.9125,55.0833,4793.53,1144.347284,3.685049158,25.83743984,12.86942577,57.90726471,24.99859619,1.459458477,44.46063614,2.378186464,1.488113037,128.2450546,449.0232483,9,1.754773583122282
CA_0003727,1996,959.19,822.08,534.92,2.322720814,433.8303833,-122.9125,55.0833,4793.53,1144.347284,3.685049158,25.83743984,12.86942577,57.90726471,24.99859619,1.459458477,47.49651108,2.610763788,1.480453687,127.1946609,454.5586975,9,1.8068355183571674
CA_0003727,1997,989.71,833.76,513.76,2.322720814,448.0869141,-122.9125,55.0833,4793.53,1144.347284,3.685049158,25.83743984,12.86942577,57.90726471,24.99859619,1.459458477,49.34840927,2.573465347,1.479408496,125.8574722,457.5558899,9,2.1817985307808834
CA_0003727,1998,986.25,858.57,526.8,2.322720814,444.404834,-122.9125,55.0833,4793.53,1144.347284,3.685049158,25.83743984,12.86942577,57.90726471,24.99859619,1.459458477,48.60463333,2.335762739,1.498420581,126.8376617,457.6628052,9,1.9323866529529832
CA_0003727,1999,995.53,870.87,514.85,2.322720814,453.2505371,-122.9125,55.0833,4793.53,1144.347284,3.685049158,25.83743984,12.86942577,57.90726471,24.99859619,1.459458477,50.15521545,2.608901739,1.494054004,126.2107391,456.7297729,9,2.1732497369798893
CA_0003727,2000,1020.32,863.8,502.0,2.322720814,452.5955933,-122.9125,55.0833,4793.53,1144.347284,3.685049158,25.83743984,12.86942577,57.90726471,24.99859619,1.459458477,51.48694077,2.478532314,1.483187305,124.3141846,446.5084412,9,2.3628795536925566
CA_0003727,2001,976.91,844.31,508.91,2.322720814,463.0763916,-122.9125,55.0833,4793.53,1144.347284,3.685049158,25.83743984,12.86942577,57.90726471,24.99859619,1.459458477,52.09881821,2.600104094,1.48512041,124.5686554,446.516626,9,2.5612635159003574
CA_0003727,2002,939.75,813.88,507.17,2.322720814,445.0737549,-122.9125,55.0833,4793.53,1144.347284,3.685049158,25.83743984,12.86942577,57.90726471,24.99859619,1.459458477,51.74410934,2.604549646,1.48170144,124.3179718,447.5731201,9,2.2600875010017365
CA_0003727,2003,994.95,819.04,502.85,2.322720814,444.9741516,-122.9125,55.0833,4793.53,1144.347284,3.685049158,25.83743984,12.86942577,57.90726471,24.99859619,1.459458477,52.49689484,2.558850527,1.466667847,123.9596649,451.3597717,9,2.302659134623582
CA_0003727,2004,979.59,822.49,508.91,2.322720814,440.9709351,-122.9125,55.0833,4793.53,1144.347284,3.685049158,25.83743984,12.86942577,57.90726471,24.99859619,1.459458477,52.49179916,2.53018856,1.470420947,123.6935883,454.2129578,9,2.137542773890237
CA_0003727,2005,930.73,806.38,523.45,2.322720814,447.1645447,-122.9125,55.0833,4793.53,1144.347284,3.685049158,25.83743984,12.86942577,57.90726471,24.99859619,1.459458477,51.41574783,2.582978964,1.469645386,124.82901,462.1434631,9,2.1292610888054746
CA_0003727,2006,871.81,792.52,540.75,2.322720814,428.2667419,-122.9125,55.0833,4793.53,1144.347284,3.685049158,25.83743984,12.86942577,57.90726471,24.99859619,1.459458477,48.26888199,2.542680502,1.474979712,126.9122803,472.8288757,9,1.7651056746283722
CA_0003727,2007,891.96,830.84,546.06,2.322720814,447.054657,-122.9125,55.0833,4793.53,1144.347284,3.685049158,25.83743984,12.86942577,57.90726471,24.99859619,1.459458477,47.83106766,2.581678152,1.442977881,126.6878357,487.6914307,9,1.8752225668601694
CA_0003727,2008,914.55,848.16,535.2,2.322720814,449.7284241,-122.9125,55.0833,4793.53,1144.347284,3.685049158,25.83743984,12.86942577,57.90726471,24.99859619,1.459458477,48.83925018,2.634413242,1.412383545,126.5445221,504.5204529,9,1.958096166990121
CA_0003727,2009,903.29,817.86,535.76,2.322720814,439.4983337,-122.9125,55.0833,4793.53,1144.347284,3.685049158,25.83743984,12.86942577,57.90726471,24.99859619,1.459458477,48.14035721,2.615018368,1.417547925,128.3934662,503.2800415,9,1.8807205452489728
CA_0003727,2010,894.91,802.12,541.04,2.322720814,421.2124451,-122.9125,55.0833,4793.53,1144.347284,3.685049158,25.83743984,12.86942577,57.90726471,24.99859619,1.459458477,47.27094498,2.482731342,1.426220044,129.7770416,506.8756897,9,1.6683497415348796
CA_0003727,2011,1017.47,829.46,520.68,2.322720814,432.6481628,-122.9125,55.0833,4793.53,1144.347284,3.685049158,25.83743984,12.86942577,57.90726471,24.99859619,1.459458477,48.87363129,2.756884098,1.370491406,126.2400131,514.4132935,9,1.8804037469317747
CA_0003727,2012,995.3,819.91,526.67,2.322720814,429.2679688,-122.9125,55.0833,4793.53,1144.347284,3.685049158,25.83743984,12.86942577,57.90726471,24.99859619,1.459458477,47.12939758,2.575932741,1.400182397,127.2316757,518.405481,9,1.8117989942791615
CA_0003727,2013,963.74,834.13,526.6,2.322720814,433.7463318,-122.9125,55.0833,4793.53,1144.347284,3.685049158,25.83743984,12.86942577,57.90726471,24.99859619,1.459458477,45.77954941,2.4260602,1.427152222,126.6001831,519.2677368,9,1.840142666408708
CA_0003735,1989,477.98,595.25,500.67,0.625239009,404.0880127,-120.8167,56.1958,86085.58,1232.109047,3.489101218,21.29998075,17.87692833,43.45347214,34.97358704,1.573370979,44.38355713,2.199086428,1.350387524,122.551297,1538.598877,9,2.3737144285284075
CA_0003735,1990,467.61,611.63,497.44,0.625239009,394.8352783,-120.8167,56.1958,86085.58,1232.109047,3.489101218,21.29998075,17.87692833,43.45347214,34.97358704,1.573370979,41.7093132,2.370898724,1.352781982,121.3120697,1635.11394,9,2.146174927274612
CA_0003735,1991,470.92,628.33,499.65,0.625239009,404.206897,-120.8167,56.1958,86085.58,1232.109047,3.489101218,21.29998075,17.87692833,43.45347214,34.97358704,1.573370979,39.37999954,2.363589287,1.355697217,121.0216614,1689.027808,9,2.2206449817815836
CA_0003735,1992,453.55,624.56,501.84,0.625239009,388.5714417,-120.8167,56.1958,86085.58,1232.109047,3.489101218,21.29998075,17.87692833,43.45347214,34.97358704,1.573370979,39.7028595,2.300444841,1.350827979,122.4173706,1737.86875,9,1.9605489422601123
CA_0003735,1993,443.94,597.63,500.78,0.625239009,382.4659363,-120.8167,56.1958,86085.58,1232.109047,3.489101218,21.29998075,17.87692833,43.45347214,34.97358704,1.573370979,39.6912796,2.207755804,1.345552051,122.7301514,1765.743872,9,1.9790882360565336
CA_0003735,1994,443.9,613.35,502.79,0.625239009,382.2423462,-120.8167,56.1958,86085.58,1232.109047,3.489101218,21.29998075,17.87692833,43.45347214,34.97358704,1.573370979,40.14094391,2.261942148,1.338061816,122.0936646,1724.142944,9,1.9034398491561704
CA_0003735,1995,415.47,603.49,502.74,0.625239009,396.8771973,-120.8167,56.1958,86085.58,1232.109047,3.489101218,21.29998075,17.87692833,43.45347214,34.97358704,1.573370979,39.95932388,2.132824659,1.334557349,122.2613647,1742.772144,9,2.1744776922909996
CA_0003735,1996,508.74,599.88,489.03,0.625239009,391.4177979,-120.8167,56.1958,86085.58,1232.109047,3.489101218,21.29998075,17.87692833,43.45347214,34.97358704,1.573370979,41.99188843,2.295949221,1.324911401,121.7999359,1780.393848,9,2.212006708866752
CA_0003735,1997,468.53,627.09,474.15,0.625239009,403.1221558,-120.8167,56.1958,86085.58,1232.109047,3.489101218,21.29998075,17.87692833,43.45347214,34.97358704,1.573370979,44.42227478,2.268964767,1.327638696,120.1395782,1811.24353,9,2.491518705962102
CA_0003735,1998,449.71,635.48,484.38,0.625239009,405.9464966,-120.8167,56.1958,86085.58,1232.109047,3.489101218,21.29998075,17.87692833,43.45347214,34.97358704,1.573370979,44.65054016,2.150520325,1.337830884,121.0564713,1858.788208,9,2.383476733895233
CA_0003735,1999,426.55,639.6,472.24,0.625239009,405.2649414,-120.8167,56.1958,86085.58,1232.109047,3.489101218,21.29998075,17.87692833,43.45347214,34.97358704,1.573370979,46.129496,2.340480328,1.331046045,120.3265488,1868.499487,9,2.507296438520561
CA_0003735,2000,448.29,637.25,458.69,0.625239009,404.2868835,-120.8167,56.1958,86085.58,1232.109047,3.489101218,21.29998075,17.87692833,43.45347214,34.97358704,1.573370979,48.35402222,2.237238884,1.32514917,118.8677414,1855.59668,9,2.717314542099889
CA_0003735,2001,367.2,638.33,461.88,0.625239009,408.0545532,-120.8167,56.1958,86085.58,1232.109047,3.489101218,21.29998075,17.87692833,43.45347214,34.97358704,1.573370979,48.74816589,2.340477705,1.326020093,118.2871506,1854.392627,9,2.765540569609752
CA_0003735,2002,410.11,605.55,460.46,0.625239009,394.936731,-120.8167,56.1958,86085.58,1232.109047,3.489101218,21.29998075,17.87692833,43.45347214,34.97358704,1.573370979,46.24726028,2.325523853,1.322022998,118.4429062,1877.117383,9,2.6002608429584813
CA_0003735,2003,412.93,621.8,453.14,0.625239009,397.1278931,-120.8167,56.1958,86085.58,1232.109047,3.489101218,21.29998075,17.87692833,43.45347214,34.97358704,1.573370979,46.52099762,2.284579754,1.313136475,118.1696106,1873.12959,9,2.6926085385556635
CA_0003735,2004,426.07,613.02,461.89,0.625239009,397.5972534,-120.8167,56.1958,86085.58,1232.109047,3.489101218,21.29998075,17.87692833,43.45347214,34.97358704,1.573370979,46.34641113,2.264080286,1.32887373,118.5032578,1890.575513,9,2.6069659535438707
CA_0003735,2005,429.17,620.12,474.83,0.625239009,406.0692932,-120.8167,56.1958,86085.58,1232.109047,3.489101218,21.29998075,17.87692833,43.45347214,34.97358704,1.573370979,45.83403702,2.285124063,1.332078467,119.1518692,1938.091235,9,2.593587914939154
CA_0003735,2006,431.76,602.18,489.51,0.625239009,400.6822815,-120.8167,56.1958,86085.58,1232.109047,3.489101218,21.29998075,17.87692833,43.45347214,34.97358704,1.573370979,43.26904221,2.281511784,1.325382935,121.13909,2000.674536,9,2.3805589207818048
CA_0003735,2007,423.69,639.38,493.0,0.625239009,416.0438599,-120.8167,56.1958,86085.58,1232.109047,3.489101218,21.29998075,17.87692833,43.45347214,34.97358704,1.573370979,44.4670105,2.321034193,1.303108496,120.4537292,2045.977661,9,2.483660918346389
CA_0003735,2008,436.51,646.69,486.74,0.625239009,415.2655762,-120.8167,56.1958,86085.58,1232.109047,3.489101218,21.29998075,17.87692833,43.45347214,34.97358704,1.573370979,45.82681046,2.346199036,1.287336572,120.5104431,2063.815942,9,2.5108445494699083
CA_0003735,2009,445.22,643.75,485.17,0.625239009,410.0327148,-120.8167,56.1958,86085.58,1232.109047,3.489101218,21.29998075,17.87692833,43.45347214,34.97358704,1.573370979,46.42679138,2.315458059,1.269011426,121.9731506,2068.408862,9,2.4245368318556277
CA_0003735,2010,428.27,632.37,489.91,0.625239009,397.4591431,-120.8167,56.1958,86085.58,1232.109047,3.489101218,21.29998075,17.87692833,43.45347214,34.97358704,1.573370979,46.06077957,2.276998043,1.263634741,123.0882813,2057.974731,9,2.1708489641278446
CA_0003735,2011,440.17,647.31,476.36,0.625239009,403.9447754,-120.8167,56.1958,86085.58,1232.109047,3.489101218,21.29998075,17.87692833,43.45347214,34.97358704,1.573370979,47.84833755,2.419238567,1.230502075,120.6634171,2027.678394,9,2.3835318555627647
CA_0003736,1989,355.3,621.39,489.62,0.353873041,431.1127625,-122.3583,56.4583,2143.88,1351.812626,3.453926612,20.84033354,16.53857231,51.55142975,30.30796242,1.445569003,43.78554382,2.361950874,1.428337769,123.9518188,9.445742798,9,3.080263996218704
CA_0003736,1990,371.65,638.59,484.77,0.353873041,415.4429382,-122.3583,56.4583,2143.88,1351.812626,3.453926612,20.84033354,16.53857231,51.55142975,30.30796242,1.445569003,40.86591797,2.549690247,1.428511694,122.640683,9.533678818,9,2.5856081497625643
CA_0003736,1991,371.8,652.91,487.94,0.353873041,429.3206177,-122.3583,56.4583,2143.88,1351.812626,3.453926612,20.84033354,16.53857231,51.55142975,30.30796242,1.445569003,37.20187035,2.573339939,1.425767896,122.2762039,9.50916996,9,2.836665166579084
CA_0003736,1992,341.34,634.17,485.94,0.353873041,410.7446228,-122.3583,56.4583,2143.88,1351.812626,3.453926612,20.84033354,16.53857231,51.55142975,30.30796242,1.445569003,35.58019447,2.479603052,1.419360229,123.6436661,9.507450485,9,2.478563949354454
CA_0003736,1993,370.33,611.36,481.04,0.353873041,405.3415833,-122.3583,56.4583,2143.88,1351.812626,3.453926612,20.84033354,16.53857231,51.55142975,30.30796242,1.445569003,36.27358894,2.411603212,1.415275439,123.1573105,9.440638351,9,2.5377856721615384
CA_0003736,1994,366.94,617.92,485.66,0.353873041,401.4235596,-122.3583,56.4583,2143.88,1351.812626,3.453926612,20.84033354,16.53857231,51.55142975,30.30796242,1.445569003,35.30261116,2.507395267,1.41028269,123.319632,9.580544281,9,2.3572518796417414
CA_0003736,1995,374.75,614.98,484.72,0.353873041,425.4536865,-122.3583,56.4583,2143.88,1351.812626,3.453926612,20.84033354,16.53857231,51.55142975,30.30796242,1.445569003,35.53541451,2.273885489,1.406276758,123.2838043,9.943214226,9,3.035015196344041
CA_0003736,1996,398.09,628.84,465.53,0.353873041,414.8254883,-122.3583,56.4583,2143.88,1351.812626,3.453926612,20.84033354,16.53857231,51.55142975,30.30796242,1.445569003,39.79999619,2.495776176,1.399926611,122.7263855,10.65237617,9,2.9732706796343584
CA_0003736,1997,379.76,676.83,450.43,0.353873041,421.2684998,-122.3583,56.4583,2143.88,1351.812626,3.453926612,20.84033354,16.53857231,51.55142975,30.30796242,1.445569003,43.77404022,2.469593525,1.402050806,121.1961731,18.26211147,9,3.3726245119805127
CA_0003736,1998,348.96,681.41,464.48,0.353873041,425.4617493,-122.3583,56.4583,2143.88,1351.812626,3.453926612,20.84033354,16.53857231,51.55142975,30.30796242,1.445569003,43.58425598,2.316330194,1.407996411,122.8802002,25.62047386,9,3.0665410192127567
CA_0003736,1999,310.64,684.49,452.61,0.353873041,419.4972229,-122.3583,56.4583,2143.88,1351.812626,3.453926612,20.84033354,16.53857231,51.55142975,30.30796242,1.445569003,44.80505905,2.544445992,1.404501099,122.1316483,33.24521751,9,3.1564163583064864
CA_0003736,2000,298.94,670.1,439.48,0.353873041,411.5011475,-122.3583,56.4583,2143.88,1351.812626,3.453926612,20.84033354,16.53857231,51.55142975,30.30796242,1.445569003,46.73286438,2.460098267,1.402048633,120.8497086,40.60322189,9,3.332947391102753
CA_0003736,2001,310.64,663.38,447.31,0.353873041,416.9581055,-122.3583,56.4583,2143.88,1351.812626,3.453926612,20.84033354,16.53857231,51.55142975,30.30796242,1.445569003,46.38262253,2.558839798,1.400912744,120.8614716,45.79004288,9,3.3586175280222457
CA_0003736,2002,337.61,611.85,448.42,0.353873041,407.7691528,-122.3583,56.4583,2143.88,1351.812626,3.453926612,20.84033354,16.53857231,51.55142975,30.30796242,1.445569003,42.51117401,2.528285742,1.39744541,121.1481155,43.29371262,9,3.2598272305575464
CA_0003736,2003,341.3,632.47,440.42,0.353873041,409.5440125,-122.3583,56.4583,2143.88,1351.812626,3.453926612,20.84033354,16.53857231,51.55142975,30.30796242,1.445569003,41.65394516,2.482588768,1.389677441,121.0554855,40.41026306,9,3.459700414888313
CA_0003736,2004,381.69,621.1,445.32,0.353873041,412.0483154,-122.3583,56.4583,2143.88,1351.812626,3.453926612,20.84033354,16.53857231,51.55142975,30.30796242,1.445569003,41.8124054,2.457452297,1.399041235,120.5979416,36.11721344,9,3.4989897807956956
CA_0003736,2005,381.82,636.54,460.6,0.353873041,425.5197449,-122.3583,56.4583,2143.88,1351.812626,3.453926612,20.84033354,16.53857231,51.55142975,30.30796242,1.445569003,42.37832336,2.472711086,1.379723633,121.3263565,32.37670059,9,3.513284306227725
CA_0003736,2006,328.18,620.68,475.96,0.353873041,427.1734619,-122.3583,56.4583,2143.88,1351.812626,3.453926612,20.84033354,16.53857231,51.55142975,30.30796242,1.445569003,40.05937424,2.476290464,1.367849902,123.2418808,27.66102123,9,3.25309185104753
CA_0003736,2007,334.96,672.33,480.28,0.353873041,440.6853027,-122.3583,56.4583,2143.88,1351.812626,3.453926612,20.84033354,16.53857231,51.55142975,30.30796242,1.445569003,41.6120575,2.497468233,1.344746387,122.7923615,22.71920929,9,3.305359462785605
CA_0003736,2008,328.78,684.59,474.81,0.353873041,436.9297974,-122.3583,56.4583,2143.88,1351.812626,3.453926612,20.84033354,16.53857231,51.55142975,30.30796242,1.445569003,43.89039078,2.509930134,1.329510034,122.6901016,18.31220493,9,3.2238387721392017
CA_0003736,2009,310.35,699.69,474.59,0.353873041,431.9987854,-122.3583,56.4583,2143.88,1351.812626,3.453926612,20.84033354,16.53857231,51.55142975,30.30796242,1.445569003,45.29393997,2.492034912,1.306866821,124.6020126,15.15548706,9,2.9439581636838805
CA_0003736,2010,280.88,689.62,478.76,0.353873041,422.4998474,-122.3583,56.4583,2143.88,1351.812626,3.453926612,20.84033354,16.53857231,51.55142975,30.30796242,1.445569003,43.4353714,2.42413187,1.324155054,125.7090668,11.87957668,9,2.6099281880328946
CA_0003736,2011,305.04,711.18,466.43,0.353873041,421.6261292,-122.3583,56.4583,2143.88,1351.812626,3.453926612,20.84033354,16.53857231,51.55142975,30.30796242,1.445569003,43.00171127,2.596037865,1.285653027,123.3245529,11.95798759,9,2.7250848618042243
CA_0003736,2012,308.1,705.21,474.87,0.353873041,399.5127197,-122.3583,56.4583,2143.88,1351.812626,3.453926612,20.84033354,16.53857231,51.55142975,30.30796242,1.445569003,39.41820984,2.486944199,1.303045532,124.7872025,12.63753204,9,2.0962010213884037
CA_0003737,1989,232.7,583.57,513.57,0.784045476,440.8295044,-121.6292,56.25,9327.145,1137.441443,2.241214965,19.25016342,21.72004128,41.42365646,36.19052505,1.53791284,44.9678421,2.403370857,1.597475195,124.8400757,336.9600464,9,3.3018352857727407
CA_0003737,1990,238.92,598.71,508.82,0.784045476,428.0477234,-121.6292,56.25,9327.145,1137.441443,2.241214965,19.25016342,21.72004128,41.42365646,36.19052505,1.53791284,41.97444611,2.590825319,1.596998682,123.6201111,342.190033,9,2.8300951053841406
CA_0003737,1991,230.92,613.4,511.9,0.784045476,440.8967163,-121.6292,56.25,9327.145,1137.441443,2.241214965,19.25016342,21.72004128,41.42365646,36.19052505,1.53791284,38.33113365,2.605386496,1.593348145,123.1622635,344.3820984,9,3.0474282287775347
CA_0003737,1992,201.96,591.55,510.16,0.784045476,421.6155273,-121.6292,56.25,9327.145,1137.441443,2.241214965,19.25016342,21.72004128,41.42365646,36.19052505,1.53791284,36.54756508,2.511017799,1.583072534,124.4809814,345.9414429,9,2.693799959614177
CA_0003737,1993,222.41,568.79,504.82,0.784045476,415.5081177,-121.6292,56.25,9327.145,1137.441443,2.241214965,19.25016342,21.72004128,41.42365646,36.19052505,1.53791284,36.82094688,2.463164806,1.575360425,124.0107559,345.9306396,9,2.778898624405122
CA_0003737,1994,213.43,572.5,510.28,0.784045476,410.6707764,-121.6292,56.25,9327.145,1137.441443,2.241214965,19.25016342,21.72004128,41.42365646,36.19052505,1.53791284,35.91319923,2.532085896,1.570388354,124.2504089,348.8383118,9,2.5627592516827824
CA_0003737,1995,224.57,570.25,508.72,0.784045476,430.6300659,-121.6292,56.25,9327.145,1137.441443,2.241214965,19.25016342,21.72004128,41.42365646,36.19052505,1.53791284,35.20509529,2.284232855,1.566167993,124.1856857,355.3827759,9,3.1708794113004752
CA_0003737,1996,242.35,582.41,490.55,0.784045476,422.491626,-121.6292,56.25,9327.145,1137.441443,2.241214965,19.25016342,21.72004128,41.42365646,36.19052505,1.53791284,39.16814804,2.529345512,1.561762061,123.6871384,365.8191833,9,3.095619915136511
CA_0003737,1997,271.91,632.51,473.33,0.784045476,429.5760132,-121.6292,56.25,9327.145,1137.441443,2.241214965,19.25016342,21.72004128,41.42365646,36.19052505,1.53791284,44.33891525,2.504846334,1.567722852,122.2148071,380.717157,9,3.3283111239533123
CA_0003737,1998,245.74,636.42,488.68,0.784045476,432.9542664,-121.6292,56.25,9327.145,1137.441443,2.241214965,19.25016342,21.72004128,41.42365646,36.19052505,1.53791284,44.40582047,2.340568304,1.575590552,124.0278961,395.5442688,9,3.0503365659334336
CA_0003737,1999,242.67,638.51,477.65,0.784045476,428.5653442,-121.6292,56.25,9327.145,1137.441443,2.241214965,19.25016342,21.72004128,41.42365646,36.19052505,1.53791284,45.67874832,2.578757286,1.570924805,123.1995621,409.1214783,9,3.1263493299827143
CA_0003737,2000,241.5,624.98,464.94,0.784045476,423.0371643,-121.6292,56.25,9327.145,1137.441443,2.241214965,19.25016342,21.72004128,41.42365646,36.19052505,1.53791284,47.75649948,2.506736755,1.567422437,121.8920181,420.9156006,9,3.3459725245518666
CA_0003737,2001,252.42,619.28,474.32,0.784045476,429.3290344,-121.6292,56.25,9327.145,1137.441443,2.241214965,19.25016342,21.72004128,41.42365646,36.19052505,1.53791284,46.66797028,2.606353998,1.564700293,121.9949219,429.5140442,9,3.402175988221525
CA_0003737,2002,238.44,565.47,476.16,0.784045476,419.7736328,-121.6292,56.25,9327.145,1137.441443,2.241214965,19.25016342,21.72004128,41.42365646,36.19052505,1.53791284,41.03242188,2.55924511,1.556951392,122.3337662,438.5328918,9,3.4773500842457223
CA_0003737,2003,238.01,583.66,467.46,0.784045476,421.3616821,-121.6292,56.25,9327.145,1137.441443,2.241214965,19.25016342,21.72004128,41.42365646,36.19052505,1.53791284,39.51541214,2.517395973,1.545711865,122.1047562,448.0321289,9,3.5860116824169714
CA_0003737,2004,252.51,570.29,471.06,0.784045476,420.1599365,-121.6292,56.25,9327.145,1137.441443,2.241214965,19.25016342,21.72004128,41.42365646,36.19052505,1.53791284,38.69695435,2.509181976,1.548940063,121.74198,457.922937,9,3.57457943278067
CA_0003737,2005,247.16,586.34,486.19,0.784045476,432.9717285,-121.6292,56.25,9327.145,1137.441443,2.241214965,19.25016342,21.72004128,41.42365646,36.19052505,1.53791284,38.52499161,2.512557745,1.538178442,122.6110077,469.6348694,9,3.569074409729284
CA_0003737,2006,205.15,573.0,500.36,0.784045476,432.349707,-121.6292,56.25,9327.145,1137.441443,2.241214965,19.25016342,21.72004128,41.42365646,36.19052505,1.53791284,36.35242386,2.499671221,1.524406104,124.3857162,481.1813049,9,3.361249370726278
CA_0003737,2007,205.19,624.2,505.78,0.784045476,447.4172668,-121.6292,56.25,9327.145,1137.441443,2.241214965,19.25016342,21.72004128,41.42365646,36.19052505,1.53791284,39.22980423,2.522396564,1.500308618,123.9076767,490.5069824,9,3.3025684192410445
CA_0003737,2008,211.78,637.76,499.11,0.784045476,445.3917969,-121.6292,56.25,9327.145,1137.441443,2.241214965,19.25016342,21.72004128,41.42365646,36.19052505,1.53791284,42.72657471,2.532688618,1.48758606,123.8326889,497.2314697,9,3.2607556959887356
CA_0003737,2009,194.25,657.3,498.34,0.784045476,445.2446228,-121.6292,56.25,9327.145,1137.441443,2.241214965,19.25016342,21.72004128,41.42365646,36.19052505,1.53791284,45.62993317,2.525560379,1.470860571,125.6044708,501.4903625,9,3.121327522278135
CA_0003737,2010,172.23,648.51,502.85,0.784045476,436.0735291,-121.6292,56.25,9327.145,1137.441443,2.241214965,19.25016342,21.72004128,41.42365646,36.19052505,1.53791284,45.39048691,2.452796459,1.47814834,126.6038666,507.571405,9,2.8008018082065838
CA_0003737,2011,188.57,667.72,490.36,0.784045476,437.1836365,-121.6292,56.25,9327.145,1137.441443,2.241214965,19.25016342,21.72004128,41.42365646,36.19052505,1.53791284,46.06028137,2.641067982,1.450092773,124.4932327,514.8301819,9,2.9472368252578436
CA_0003739,1989,459.38,661.58,572.13,1.855434394,449.063208,-121.2083,55.7208,11808.01,1145.326791,3.228322792,21.31357248,14.55246258,50.52828217,32.04921341,1.302467622,46.27312012,2.590444565,1.615888672,129.9213791,1131.227637,9,2.243609354993375
CA_0003739,1990,464.88,699.09,563.98,1.855434394,442.8576904,-121.2083,55.7208,11808.01,1145.326791,3.228322792,21.31357248,14.55246258,50.52828217,32.04921341,1.302467622,43.26662827,2.773569584,1.619739941,128.6408188,1145.5625,9,2.0543689683491464
CA_0003739,1991,472.21,701.38,565.6,1.855434394,450.0843811,-121.2083,55.7208,11808.01,1145.326791,3.228322792,21.31357248,14.55246258,50.52828217,32.04921341,1.302467622,40.2582962,2.74268198,1.621062915,128.7286728,1163.61394,9,2.140983157876107
CA_0003739,1992,461.06,709.77,567.19,1.855434394,428.2485657,-121.2083,55.7208,11808.01,1145.326791,3.228322792,21.31357248,14.55246258,50.52828217,32.04921341,1.302467622,40.37959442,2.660244942,1.612778442,129.2622726,1178.532031,9,1.8155694490362717
CA_0003739,1993,447.97,693.44,555.27,1.855434394,424.9042786,-121.2083,55.7208,11808.01,1145.326791,3.228322792,21.31357248,14.55246258,50.52828217,32.04921341,1.302467622,43.19969025,2.556813478,1.60356416,128.5455063,1175.443286,9,1.8880315843281892
CA_0003739,1994,450.99,716.52,561.41,1.855434394,423.8492004,-121.2083,55.7208,11808.01,1145.326791,3.228322792,21.31357248,14.55246258,50.52828217,32.04921341,1.302467622,44.59328918,2.687972546,1.594004883,128.7143082,1182.487866,9,1.7776228431820427
CA_0003739,1995,444.42,709.96,560.61,1.855434394,444.4870911,-121.2083,55.7208,11808.01,1145.326791,3.228322792,21.31357248,14.55246258,50.52828217,32.04921341,1.302467622,45.55970078,2.469303846,1.590082642,128.8927444,1198.919702,9,2.06324790749239
CA_0003739,1996,403.83,728.54,544.67,1.855434394,444.2581665,-121.2083,55.7208,11808.01,1145.326791,3.228322792,21.31357248,14.55246258,50.52828217,32.04921341,1.302467622,48.98724823,2.724908352,1.58343125,127.9052475,1218.083521,9,2.118776624367149
CA_0003739,1997,460.4,746.56,522.03,1.855434394,456.5974426,-121.2083,55.7208,11808.01,1145.326791,3.228322792,21.31357248,14.55246258,50.52828217,32.04921341,1.302467622,51.88583679,2.704333782,1.588243506,126.6040115,1240.020654,9,2.533607092055301
CA_0003739,1998,466.99,760.33,536.24,1.855434394,451.5609436,-121.2083,55.7208,11808.01,1145.326791,3.228322792,21.31357248,14.55246258,50.52828217,32.04921341,1.302467622,50.93715363,2.447685957,1.6020896,127.819574,1268.962939,9,2.210477318943411
CA_0003739,1999,458.63,772.07,525.02,1.855434394,456.7077393,-121.2083,55.7208,11808.01,1145.326791,3.228322792,21.31357248,14.55246258,50.52828217,32.04921341,1.302467622,53.1628952,2.744009972,1.595481543,127.1173355,1289.57627,9,2.397178528567663
CA_0003739,2000,475.17,764.76,512.51,1.855434394,456.2095337,-121.2083,55.7208,11808.01,1145.326791,3.228322792,21.31357248,14.55246258,50.52828217,32.04921341,1.302467622,55.52958527,2.631555796,1.590844458,125.1918518,1305.683472,9,2.599725336513222
CA_0003739,2001,506.14,750.2,521.15,1.855434394,465.6570923,-121.2083,55.7208,11808.01,1145.326791,3.228322792,21.31357248,14.55246258,50.52828217,32.04921341,1.302467622,55.94360809,2.73991394,1.593838428,125.6556061,1317.57771,9,2.7649909931858976
CA_0003739,2002,460.92,719.79,520.42,1.855434394,448.8130554,-121.2083,55.7208,11808.01,1145.326791,3.228322792,21.31357248,14.55246258,50.52828217,32.04921341,1.302467622,54.06510849,2.732853889,1.587838135,125.469606,1339.21189,9,2.490674770945843
CA_0003739,2003,474.45,726.99,514.7,1.855434394,449.8197815,-121.2083,55.7208,11808.01,1145.326791,3.228322792,21.31357248,14.55246258,50.52828217,32.04921341,1.302467622,54.14558487,2.68270278,1.575955469,125.0507492,1362.335938,9,2.5636743912749105
CA_0003739,2004,494.04,724.94,518.67,1.855434394,445.7823364,-121.2083,55.7208,11808.01,1145.326791,3.228322792,21.31357248,14.55246258,50.52828217,32.04921341,1.302467622,53.93562241,2.670563459,1.586902612,124.6919296,1387.263086,9,2.4257037958714274
CA_0003739,2005,503.66,713.43,533.34,1.855434394,451.9555664,-121.2083,55.7208,11808.01,1145.326791,3.228322792,21.31357248,14.55246258,50.52828217,32.04921341,1.302467622,52.53130493,2.709212303,1.591310791,125.8857254,1422.006299,9,2.4244138243614857
CA_0003739,2006,468.11,697.53,550.14,1.855434394,434.8129456,-121.2083,55.7208,11808.01,1145.326791,3.228322792,21.31357248,14.55246258,50.52828217,32.04921341,1.302467622,48.45216751,2.653027296,1.592371729,127.7947159,1465.636255,9,2.0404055364548848
CA_0003739,2007,487.04,732.76,556.02,1.855434394,452.9654968,-121.2083,55.7208,11808.01,1145.326791,3.228322792,21.31357248,14.55246258,50.52828217,32.04921341,1.302467622,47.96016693,2.696821928,1.567167798,127.6404099,1503.100244,9,2.147018996981
CA_0003739,2008,494.09,749.28,546.25,1.855434394,456.7823669,-121.2083,55.7208,11808.01,1145.326791,3.228322792,21.31357248,14.55246258,50.52828217,32.04921341,1.302467622,49.54421921,2.740572929,1.538910156,127.5851852,1535.715601,9,2.239635314876035
CA_0003739,2009,479.37,730.75,546.88,1.855434394,449.9144653,-121.2083,55.7208,11808.01,1145.326791,3.228322792,21.31357248,14.55246258,50.52828217,32.04921341,1.302467622,49.01600876,2.726124525,1.526488892,129.4614227,1549.964331,9,2.182843931067804
CA_0003739,2010,447.5,718.21,552.01,1.855434394,432.0721252,-121.2083,55.7208,11808.01,1145.326791,3.228322792,21.31357248,14.55246258,50.52828217,32.04921341,1.302467622,46.86915131,2.572822809,1.510760889,130.8535263,1588.666895,9,1.9249899414867064
CA_0003739,2011,523.97,744.35,532.29,1.855434394,443.2628357,-121.2083,55.7208,11808.01,1145.326791,3.228322792,21.31357248,14.55246258,50.52828217,32.04921341,1.302467622,48.44155731,2.901995659,1.452273511,127.6393555,1606.064331,9,2.1595006079887837
CA_0003739,2012,499.19,747.08,539.25,1.855434394,432.7235413,-121.2083,55.7208,11808.01,1145.326791,3.228322792,21.31357248,14.55246258,50.52828217,32.04921341,1.302467622,46.6351944,2.692852259,1.465028296,128.6794754,1616.060254,9,1.9374854363453546
CA_0003740,1989,432.47,646.15,583.39,1.613866043,461.465155,-121.2042,55.55,5339.872,1210.017962,3.138384071,21.34647489,15.17146778,47.71622086,36.23196793,1.370062005,46.05461121,2.760241985,1.618673047,131.6503387,1262.999731,9,2.4549924165681087
CA_0003740,1990,450.42,682.02,574.82,1.613866043,455.7790649,-121.2042,55.55,5339.872,1210.017962,3.138384071,21.34647489,15.17146778,47.71622086,36.23196793,1.370062005,42.47971344,2.943862677,1.620623413,130.4063019,1282.678418,9,2.2402157660775095
CA_0003740,1991,433.89,683.42,575.99,1.613866043,462.4288879,-121.2042,55.55,5339.872,1210.017962,3.138384071,21.34647489,15.17146778,47.71622086,36.23196793,1.370062005,39.19298019,2.924572706,1.616533252,130.4654266,1291.378223,9,2.336817750552615
CA_0003740,1992,414.51,689.91,576.27,1.613866043,440.6892029,-121.2042,55.55,5339.872,1210.017962,3.138384071,21.34647489,15.17146778,47.71622086,36.23196793,1.370062005,39.93951111,2.831055164,1.606941772,130.7892792,1298.580273,9,1.978965121471694
CA_0003740,1993,406.9,681.48,562.87,1.613866043,438.776355,-121.2042,55.55,5339.872,1210.017962,3.138384071,21.34647489,15.17146778,47.71622086,36.23196793,1.370062005,43.98460693,2.739385128,1.594922046,129.9893188,1296.485059,9,2.0673691129184237
CA_0003740,1994,419.85,701.7,570.23,1.613866043,438.8119629,-121.2042,55.55,5339.872,1210.017962,3.138384071,21.34647489,15.17146778,47.71622086,36.23196793,1.370062005,45.5187027,2.845979214,1.586101563,130.3044281,1304.659619,9,1.9510115933318946
CA_0003740,1995,388.89,699.74,568.97,1.613866043,460.0225037,-121.2042,55.55,5339.872,1210.017962,3.138384071,21.34647489,15.17146778,47.71622086,36.23196793,1.370062005,46.65169907,2.619859934,1.580830103,130.5618225,1336.773755,9,2.2808242158249836
CA_0003740,1996,427.22,718.21,552.64,1.613866043,458.617041,-121.2042,55.55,5339.872,1210.017962,3.138384071,21.34647489,15.17146778,47.71622086,36.23196793,1.370062005,50.26160812,2.876436234,1.576336206,129.5565598,1373.142993,9,2.3272163491900395
CA_0003740,1997,485.54,737.46,528.31,1.613866043,468.5966675,-121.2042,55.55,5339.872,1210.017962,3.138384071,21.34647489,15.17146778,47.71622086,36.23196793,1.370062005,53.3369957,2.888992071,1.579658325,128.2459686,1407.608594,9,2.7796701339788092
CA_0003740,1998,501.96,746.12,542.67,1.613866043,461.3138184,-121.2042,55.55,5339.872,1210.017962,3.138384071,21.34647489,15.17146778,47.71622086,36.23196793,1.370062005,51.89581985,2.584839582,1.589647461,129.4759064,1440.904761,9,2.3717565795758553
CA_0003740,1999,497.64,759.67,531.84,1.613866043,464.7733643,-121.2042,55.55,5339.872,1210.017962,3.138384071,21.34647489,15.17146778,47.71622086,36.23196793,1.370062005,54.47234421,2.918948174,1.582505566,128.7554901,1467.179272,9,2.528048312598721
CA_0003740,2000,516.04,755.06,519.08,1.613866043,463.0433044,-121.2042,55.55,5339.872,1210.017962,3.138384071,21.34647489,15.17146778,47.71622086,36.23196793,1.370062005,57.58224411,2.817453384,1.579954956,126.6639084,1478.956665,9,2.7077640742828266
CA_0003740,2001,490.65,740.59,529.27,1.613866043,473.6235535,-121.2042,55.55,5339.872,1210.017962,3.138384071,21.34647489,15.17146778,47.71622086,36.23196793,1.370062005,58.2517395,2.914110899,1.5819302,127.4066742,1491.290991,9,2.890667528099335
CA_0003740,2002,456.79,711.44,529.16,1.613866043,457.3984497,-121.2042,55.55,5339.872,1210.017962,3.138384071,21.34647489,15.17146778,47.71622086,36.23196793,1.370062005,56.03287659,2.913613558,1.576338062,127.2291565,1520.68667,9,2.607147842475039
CA_0003740,2003,466.9,716.07,522.58,1.613866043,457.5095398,-121.2042,55.55,5339.872,1210.017962,3.138384071,21.34647489,15.17146778,47.71622086,36.23196793,1.370062005,56.07171249,2.84700489,1.566414355,126.7450989,1553.842847,9,2.6853512748546
CA_0003740,2004,481.74,713.19,524.72,1.613866043,453.2367859,-121.2042,55.55,5339.872,1210.017962,3.138384071,21.34647489,15.17146778,47.71622086,36.23196793,1.370062005,55.90412674,2.850909233,1.582941748,126.3791321,1585.324854,9,2.562756757372936
CA_0003740,2005,501.11,697.12,539.78,1.613866043,459.6147949,-121.2042,55.55,5339.872,1210.017962,3.138384071,21.34647489,15.17146778,47.71622086,36.23196793,1.370062005,53.96806793,2.886388779,1.58530498,127.6981812,1624.738354,9,2.5874973295187873
CA_0003740,2006,468.15,679.92,556.67,1.613866043,441.5216431,-121.2042,55.55,5339.872,1210.017962,3.138384071,21.34647489,15.17146778,47.71622086,36.23196793,1.370062005,49.0318573,2.803893566,1.58696792,129.4967987,1667.642847,9,2.1591092176400384
CA_0003740,2007,478.49,710.78,563.24,1.613866043,459.1537109,-121.2042,55.55,5339.872,1210.017962,3.138384071,21.34647489,15.17146778,47.71622086,36.23196793,1.370062005,48.02465363,2.853017569,1.565852441,129.5143005,1705.544165,9,2.2691078353666425
CA_0003740,2008,475.19,728.24,553.62,1.613866043,464.7020813,-121.2042,55.55,5339.872,1210.017962,3.138384071,21.34647489,15.17146778,47.71622086,36.23196793,1.370062005,49.58726044,2.901984453,1.54028269,129.4496185,1736.47124,9,2.3893331410229566
CA_0003740,2009,460.94,708.43,554.9,1.613866043,459.0362305,-121.2042,55.55,5339.872,1210.017962,3.138384071,21.34647489,15.17146778,47.71622086,36.23196793,1.370062005,48.43703308,2.893769026,1.51390647,131.3155365,1758.280322,9,2.3538664617453677
CA_0003740,2010,430.76,694.36,560.03,1.613866043,440.9073425,-121.2042,55.55,5339.872,1210.017962,3.138384071,21.34647489,15.17146778,47.71622086,36.23196793,1.370062005,45.72443542,2.69879508,1.485558447,132.8480423,1785.852832,9,2.070392801943629
CA_0003740,2011,497.42,719.98,539.47,1.613866043,452.2441223,-121.2042,55.55,5339.872,1210.017962,3.138384071,21.34647489,15.17146778,47.71622086,36.23196793,1.370062005,47.85180588,3.094350338,1.425985962,129.7297989,1814.373291,9,2.335319666450415
CA_0003740,2012,469.78,720.33,546.28,1.613866043,445.0245117,-121.2042,55.55,5339.872,1210.017962,3.138384071,21.34647489,15.17146778,47.71622086,36.23196793,1.370062005,46.65904236,2.843364,1.428391406,130.6217133,1826.526611,9,2.1455000479829223
CA_0003740,2013,490.77,740.95,544.26,1.613866043,448.3400146,-121.2042,55.55,5339.872,1210.017962,3.138384071,21.34647489,15.17146778,47.71622086,36.23196793,1.370062005,46.72514267,2.767504454,1.439791431,129.9144867,1841.014697,9,2.1456023811811913
CA_0003741,1989,637.66,728.25,544.74,1.727626276,453.5867432,-121.6292,55.5417,2533.427,1202.265221,3.654247737,22.72945145,14.67803001,51.20580673,30.77902222,1.373176523,51.65678406,2.63075757,1.494850854,128.5669846,415.1238953,9,2.2744995593823973
CA_0003741,1990,644.24,769.84,537.12,1.727626276,444.0683411,-121.6292,55.5417,2533.427,1202.265221,3.654247737,22.72945145,14.67803001,51.20580673,30.77902222,1.373176523,48.71876755,2.822693825,1.49823501,127.2782623,422.0543579,9,2.052491666176122
CA_0003741,1991,680.76,772.47,539.76,1.727626276,454.6826233,-121.6292,55.5417,2533.427,1202.265221,3.654247737,22.72945145,14.67803001,51.20580673,30.77902222,1.373176523,45.47731018,2.783876896,1.500234375,127.4072952,426.2028564,9,2.1904265208324745
CA_0003741,1992,666.63,782.69,539.48,1.727626276,430.0217163,-121.6292,55.5417,2533.427,1202.265221,3.654247737,22.72945145,14.67803001,51.20580673,30.77902222,1.373176523,44.34196701,2.703233004,1.490657446,128.0000992,430.9101807,9,1.8144957551034682
CA_0003741,1993,610.14,762.65,528.39,1.727626276,423.1264282,-121.6292,55.5417,2533.427,1202.265221,3.654247737,22.72945145,14.67803001,51.20580673,30.77902222,1.373176523,46.39820251,2.595501184,1.482878516,127.2735886,430.7650269,9,1.8477993792824334
CA_0003741,1994,571.91,788.76,533.5,1.727626276,421.1231567,-121.6292,55.5417,2533.427,1202.265221,3.654247737,22.72945145,14.67803001,51.20580673,30.77902222,1.373176523,47.42385406,2.740247488,1.470642847,127.4499283,433.9326782,9,1.7350605021592742
CA_0003741,1995,545.85,779.76,533.68,1.727626276,446.5561523,-121.6292,55.5417,2533.427,1202.265221,3.654247737,22.72945145,14.67803001,51.20580673,30.77902222,1.373176523,49.88911667,2.518770218,1.466807983,127.6420807,438.7668457,9,2.0931263433433758
CA_0003741,1996,474.7,799.93,515.77,1.727626276,441.1189453,-121.6292,55.5417,2533.427,1202.265221,3.654247737,22.72945145,14.67803001,51.20580673,30.77902222,1.373176523,54.34154053,2.782747507,1.459715747,126.6348312,449.5267456,9,2.12360103718354
CA_0003741,1997,552.55,818.8,494.7,1.727626276,451.0327881,-121.6292,55.5417,2533.427,1202.265221,3.654247737,22.72945145,14.67803001,51.20580673,30.77902222,1.373176523,57.31166077,2.74306345,1.464554321,125.3266739,459.2692444,9,2.5928968574988867
CA_0003741,1998,581.89,836.51,508.28,1.727626276,449.4604309,-121.6292,55.5417,2533.427,1202.265221,3.654247737,22.72945145,14.67803001,51.20580673,30.77902222,1.373176523,56.37190857,2.496015787,1.478284302,126.5161728,468.2275024,9,2.272149121937416
CA_0003741,1999,630.23,848.63,497.08,1.727626276,452.2744934,-121.6292,55.5417,2533.427,1202.265221,3.654247737,22.72945145,14.67803001,51.20580673,30.77902222,1.373176523,58.53283005,2.780859947,1.472451636,125.7996246,473.628363,9,2.485473477802956
CA_0003741,2000,649.66,838.83,483.96,1.727626276,446.4466858,-121.6292,55.5417,2533.427,1202.265221,3.654247737,22.72945145,14.67803001,51.20580673,30.77902222,1.373176523,59.86297302,2.669536352,1.468221118,123.8643219,479.9279236,9,2.625644137359284
CA_0003741,2001,692.45,822.03,492.49,1.727626276,456.1206299,-121.6292,55.5417,2533.427,1202.265221,3.654247737,22.72945145,14.67803001,51.20580673,30.77902222,1.373176523,60.33693085,2.780051231,1.473998242,124.2764694,482.5845398,9,2.793669058321624
CA_0003741,2002,629.38,789.07,492.77,1.727626276,441.8965271,-121.6292,55.5417,2533.427,1202.265221,3.654247737,22.72945145,14.67803001,51.20580673,30.77902222,1.373176523,59.18570023,2.77606082,1.468139331,124.0437469,489.8585632,9,2.482878174641485
CA_0003741,2003,664.69,798.22,487.71,1.727626276,443.0483459,-121.6292,55.5417,2533.427,1202.265221,3.654247737,22.72945145,14.67803001,51.20580673,30.77902222,1.373176523,59.64298248,2.731247425,1.457416479,123.6557816,499.2345337,9,2.5774818966730884
CA_0003741,2004,682.14,796.69,492.64,1.727626276,441.8341736,-121.6292,55.5417,2533.427,1202.265221,3.654247737,22.72945145,14.67803001,51.20580673,30.77902222,1.373176523,59.51535416,2.711535215,1.46830791,123.2800323,508.9480225,9,2.4582252462299397
CA_0003741,2005,700.73,785.35,509.14,1.727626276,453.1531006,-121.6292,55.5417,2533.427,1202.265221,3.654247737,22.72945145,14.67803001,51.20580673,30.77902222,1.373176523,58.84534912,2.75423336,1.469304907,124.4192261,523.5476501,9,2.501084060733812
CA_0003741,2006,664.33,769.39,526.96,1.727626276,440.9940125,-121.6292,55.5417,2533.427,1202.265221,3.654247737,22.72945145,14.67803001,51.20580673,30.77902222,1.373176523,54.46744308,2.702083588,1.4709771,126.363736,539.5333618,9,2.0956796222265286
CA_0003741,2007,686.85,809.3,531.84,1.727626276,458.0721375,-121.6292,55.5417,2533.427,1202.265221,3.654247737,22.72945145,14.67803001,51.20580673,30.77902222,1.373176523,53.83065643,2.744848251,1.441496289,126.2173477,555.3730957,9,2.2219521242819713
CA_0003741,2008,684.58,826.07,522.47,1.727626276,458.0738403,-121.6292,55.5417,2533.427,1202.265221,3.654247737,22.72945145,14.67803001,51.20580673,30.77902222,1.373176523,55.13625336,2.792850018,1.401440991,126.1519104,569.1365356,9,2.2863180537009478
CA_0003741,2009,679.3,807.04,522.13,1.727626276,448.3822815,-121.6292,55.5417,2533.427,1202.265221,3.654247737,22.72945145,14.67803001,51.20580673,30.77902222,1.373176523,54.43579788,2.776156425,1.386665454,128.0520691,575.2936157,9,2.1625011569480463
CA_0003741,2010,642.41,795.15,526.33,1.727626276,431.5146362,-121.6292,55.5417,2533.427,1202.265221,3.654247737,22.72945145,14.67803001,51.20580673,30.77902222,1.373176523,51.67715759,2.624253511,1.377035425,129.4776733,581.8674683,9,1.896081752083353
CA_0003741,2011,734.34,824.13,506.92,1.727626276,438.6615967,-121.6292,55.5417,2533.427,1202.265221,3.654247737,22.72945145,14.67803001,51.20580673,30.77902222,1.373176523,52.79301682,2.951087713,1.309985449,126.1855576,590.1261963,9,2.1148870411173974
CA_0003741,2012,713.4,836.45,513.45,1.727626276,425.4065063,-121.6292,55.5417,2533.427,1202.265221,3.654247737,22.72945145,14.67803001,51.20580673,30.77902222,1.373176523,50.13033371,2.741410255,1.325782178,127.246257,595.3934448,9,1.8267464587352964
CA_0003742,1989,168.4,585.75,598.94,1.929166698,473.6580078,-121.5958,55.5375,83.8965,1085.369389,3.061646477,18.68713318,15.8125,39.82638931,42.39583206,1.669031717,54.71633301,2.718916655,2.038742627,131.03284,3214.974609,9,3.1034213039740637
CA_0003742,1990,195.19,616.11,590.83,1.929166698,469.3580017,-121.5958,55.5375,83.8965,1085.369389,3.061646477,18.68713318,15.8125,39.82638931,42.39583206,1.669031717,49.94333344,2.89658308,2.041297266,129.7368408,3274.160205,9,2.767006956942228
CA_0003742,1991,176.05,622.06,594.0,1.929166698,475.5559998,-121.5958,55.5375,83.8965,1085.369389,3.061646477,18.68713318,15.8125,39.82638931,42.39583206,1.669031717,45.92350006,2.882166386,2.032850049,129.7176697,3302.514307,9,2.832414731340391
CA_0003742,1992,141.99,620.02,597.16,1.929166698,453.2700195,-121.5958,55.5375,83.8965,1085.369389,3.061646477,18.68713318,15.8125,39.82638931,42.39583206,1.669031717,47.10999908,2.788666725,2.015594482,130.2889984,3331.794189,9,2.3571246173674885
CA_0003742,1993,149.26,611.07,583.58,1.929166698,451.4880066,-121.5958,55.5375,83.8965,1085.369389,3.061646477,18.68713318,15.8125,39.82638931,42.39583206,1.669031717,52.71450043,2.699999571,1.988828784,129.4346619,3331.001025,9,2.484486849642753
CA_0003742,1994,172.22,625.47,590.94,1.929166698,450.3360046,-121.5958,55.5375,83.8965,1085.369389,3.061646477,18.68713318,15.8125,39.82638931,42.39583206,1.669031717,54.46033478,2.831749678,1.969844507,129.8418335,3365.867627,9,2.3168103765140797
CA_0003742,1995,149.26,624.11,589.7,1.929166698,467.9260193,-121.5958,55.5375,83.8965,1085.369389,3.061646477,18.68713318,15.8125,39.82638931,42.39583206,1.669031717,54.50150146,2.5746665,1.946312988,130.0460022,3426.074609,9,2.6805553800284976
CA_0003742,1996,168.86,640.26,574.15,1.929166698,471.3660156,-121.5958,55.5375,83.8965,1085.369389,3.061646477,18.68713318,15.8125,39.82638931,42.39583206,1.669031717,59.44383392,2.856916904,1.941924048,129.1045059,3532.348682,9,2.799379258522737
CA_0003742,1997,210.5,663.53,547.44,1.929166698,481.6460022,-121.5958,55.5375,83.8965,1085.369389,3.061646477,18.68713318,15.8125,39.82638931,42.39583206,1.669031717,64.50750122,2.84708333,1.943510156,127.8833405,3632.02876,9,3.31438723207603
CA_0003742,1998,195.19,668.83,564.11,1.929166698,474.5620178,-121.5958,55.5375,83.8965,1085.369389,3.061646477,18.68713318,15.8125,39.82638931,42.39583206,1.669031717,62.99916687,2.581166506,1.963082349,129.3548431,3733.821777,9,2.795401959025205
CA_0003742,1999,176.05,679.16,553.76,1.929166698,477.8400269,-121.5958,55.5375,83.8965,1085.369389,3.061646477,18.68713318,15.8125,39.82638931,42.39583206,1.669031717,67.18533173,2.888500214,1.96820271,128.548172,3806.554736,9,2.9578592969860686
CA_0003742,2000,195.72,669.62,541.34,1.929166698,477.406012,-121.5958,55.5375,83.8965,1085.369389,3.061646477,18.68713318,15.8125,39.82638931,42.39583206,1.669031717,71.90666656,2.796166658,1.988578662,126.6071686,3873.55459,9,3.2381512066058478
CA_0003742,2001,191.36,657.83,551.69,1.929166698,488.2400146,-121.5958,55.5375,83.8965,1085.369389,3.061646477,18.68713318,15.8125,39.82638931,42.39583206,1.669031717,72.91033478,2.893916607,1.980718506,127.2576675,3907.418652,9,3.5232270027072428
CA_0003742,2002,168.4,626.77,552.22,1.929166698,473.1780151,-121.5958,55.5375,83.8965,1085.369389,3.061646477,18.68713318,15.8125,39.82638931,42.39583206,1.669031717,68.08816833,2.868166447,1.971103662,127.1105042,3990.03877,9,3.280992244789295
CA_0003742,2003,187.53,636.54,544.39,1.929166698,477.6440247,-121.5958,55.5375,83.8965,1085.369389,3.061646477,18.68713318,15.8125,39.82638931,42.39583206,1.669031717,66.73800125,2.822166681,1.943946265,126.6138367,4088.993018,9,3.492919031261573
CA_0003742,2004,214.91,629.62,546.92,1.929166698,472.6720215,-121.5958,55.5375,83.8965,1085.369389,3.061646477,18.68713318,15.8125,39.82638931,42.39583206,1.669031717,65.91500244,2.823999882,1.924592554,126.1830048,4189.755518,9,3.330393841371476
CA_0003742,2005,221.98,623.51,562.39,1.929166698,477.4260254,-121.5958,55.5375,83.8965,1085.369389,3.061646477,18.68713318,15.8125,39.82638931,42.39583206,1.669031717,62.80916748,2.854249954,1.923418481,127.4743408,4318.000146,9,3.284724181730103
CA_0003742,2006,191.36,608.3,578.98,1.929166698,458.6520264,-121.5958,55.5375,83.8965,1085.369389,3.061646477,18.68713318,15.8125,39.82638931,42.39583206,1.669031717,55.66549988,2.785999775,1.931883228,129.2255066,4450.725293,9,2.6986074588181697
CA_0003742,2007,191.36,641.67,585.38,1.929166698,476.5560181,-121.5958,55.5375,83.8965,1085.369389,3.061646477,18.68713318,15.8125,39.82638931,42.39583206,1.669031717,55.96883316,2.829666615,1.923746265,129.1051697,4567.678711,9,2.787607487841725
CA_0003742,2008,191.88,657.2,575.3,1.929166698,478.7080017,-121.5958,55.5375,83.8965,1085.369389,3.061646477,18.68713318,15.8125,39.82638931,42.39583206,1.669031717,59.58016663,2.86349988,1.909758325,129.1279999,4650.809082,9,2.8396222359809915
CA_0003742,2009,172.22,651.44,573.87,1.929166698,474.5440063,-121.5958,55.5375,83.8965,1085.369389,3.061646477,18.68713318,15.8125,39.82638931,42.39583206,1.669031717,59.42633362,2.852166653,1.918080591,131.0219971,4721.808691,9,2.796641494199058
CA_0003742,2010,149.26,643.49,578.9,1.929166698,460.4760071,-121.5958,55.5375,83.8965,1085.369389,3.061646477,18.68713318,15.8125,39.82638931,42.39583206,1.669031717,56.44050064,2.687500238,1.912943555,132.3769958,4782.228711,9,2.4907924319689876
CA_0003742,2011,252.59,668.53,557.53,1.929166698,469.0460022,-121.5958,55.5375,83.8965,1085.369389,3.061646477,18.68713318,15.8125,39.82638931,42.39583206,1.669031717,57.9308342,3.06099987,1.847726929,129.4491638,4846.895898,9,2.7462611829467094
CA_0003742,2012,237.94,683.86,565.8,1.929166698,451.6420105,-121.5958,55.5375,83.8965,1085.369389,3.061646477,18.68713318,15.8125,39.82638931,42.39583206,1.669031717,55.25366669,2.832250118,1.85449729,130.5894958,4867.785254,9,2.234892237870189
CA_0003742,2013,252.59,720.82,563.65,1.929166698,455.3580139,-121.5958,55.5375,83.8965,1085.369389,3.061646477,18.68713318,15.8125,39.82638931,42.39583206,1.669031717,55.67249908,2.749666691,1.875327856,129.9198303,4898.369434,9,2.1651015869238965
CA_0003742,2014,225.8,726.77,566.67,1.929166698,462.2019958,-121.5958,55.5375,83.8965,1085.369389,3.061646477,18.68713318,15.8125,39.82638931,42.39583206,1.669031717,58.36849899,2.704666615,1.90672229,129.9450043,4913.578125,9,2.2275724629343396
CA_0003744,1989,729.19,712.24,560.99,1.584014511,461.022876,-121.0125,55.0625,2370.423,1303.299576,4.055966521,21.9919963,14.62950706,53.92157364,28.11339188,1.483420304,46.03370132,2.758739233,1.394369336,131.3302704,1265.336816,9,2.3157203514428155
CA_0003744,1990,689.93,752.7,552.73,1.584014511,452.3806824,-121.0125,55.0625,2370.423,1303.299576,4.055966521,21.9919963,14.62950706,53.92157364,28.11339188,1.483420304,42.92157288,2.946267128,1.397862305,130.1004761,1285.102295,9,2.0995211071220976
CA_0003744,1991,698.18,751.64,553.75,1.584014511,460.3912964,-121.0125,55.0625,2370.423,1303.299576,4.055966521,21.9919963,14.62950706,53.92157364,28.11339188,1.483420304,39.72793198,2.921709061,1.394569751,130.1953857,1294.725391,9,2.221888353413842
CA_0003744,1992,690.76,764.54,551.55,1.584014511,437.3780579,-121.0125,55.0625,2370.423,1303.299576,4.055966521,21.9919963,14.62950706,53.92157364,28.11339188,1.483420304,39.85755692,2.832485199,1.389007251,130.4423248,1303.537036,9,1.870044476014635
CA_0003744,1993,656.67,753.47,538.96,1.584014511,432.5793884,-121.0125,55.0625,2370.423,1303.299576,4.055966521,21.9919963,14.62950706,53.92157364,28.11339188,1.483420304,43.14385147,2.733965874,1.380943872,129.6862274,1301.58501,9,1.9205973539500394
CA_0003744,1994,664.25,778.77,545.46,1.584014511,432.6808777,-121.0125,55.0625,2370.423,1303.299576,4.055966521,21.9919963,14.62950706,53.92157364,28.11339188,1.483420304,44.57217712,2.838837385,1.373645264,129.9191437,1309.272192,9,1.8175999345475347
CA_0003744,1995,688.87,774.95,544.8,1.584014511,457.5467712,-121.0125,55.0625,2370.423,1303.299576,4.055966521,21.9919963,14.62950706,53.92157364,28.11339188,1.483420304,47.05407486,2.62999773,1.370735522,130.1763794,1348.830811,9,2.182010993449603
CA_0003744,1996,693.56,795.72,527.56,1.584014511,451.7453857,-121.0125,55.0625,2370.423,1303.299576,4.055966521,21.9919963,14.62950706,53.92157364,28.11339188,1.483420304,51.04097672,2.870794773,1.367407227,129.1515701,1383.529395,9,2.1950115192127977
CA_0003744,1997,752.34,812.67,505.74,1.584014511,460.5848755,-121.0125,55.0625,2370.423,1303.299576,4.055966521,21.9919963,14.62950706,53.92157364,28.11339188,1.483420304,53.47761688,2.886115551,1.368231567,127.7711945,1414.812598,9,2.662874691932086
CA_0003744,1998,784.41,826.21,518.96,1.584014511,455.1025696,-121.0125,55.0625,2370.423,1303.299576,4.055966521,21.9919963,14.62950706,53.92157364,28.11339188,1.483420304,52.16825409,2.575463533,1.376753687,128.8729004,1443.997803,9,2.2721873503838954
CA_0003744,1999,788.8,841.55,507.7,1.584014511,457.8802002,-121.0125,55.0625,2370.423,1303.299576,4.055966521,21.9919963,14.62950706,53.92157364,28.11339188,1.483420304,54.35395126,2.910359144,1.370613306,128.1942505,1466.672876,9,2.457122494671251
CA_0003744,2000,819.11,838.43,494.41,1.584014511,452.592511,-121.0125,55.0625,2370.423,1303.299576,4.055966521,21.9919963,14.62950706,53.92157364,28.11339188,1.483420304,56.09911728,2.804390669,1.364888257,126.0821579,1467.35769,9,2.5795482905130456
CA_0003744,2001,789.33,820.88,503.96,1.584014511,463.3854858,-121.0125,55.0625,2370.423,1303.299576,4.055966521,21.9919963,14.62950706,53.92157364,28.11339188,1.483420304,56.55610352,2.901230812,1.36604668,126.7888672,1479.002734,9,2.7575756591487073
CA_0003744,2002,759.13,791.86,503.92,1.584014511,447.5248779,-121.0125,55.0625,2370.423,1303.299576,4.055966521,21.9919963,14.62950706,53.92157364,28.11339188,1.483420304,55.62246704,2.912502289,1.361197583,126.6191452,1506.628394,9,2.427236946283987
CA_0003744,2003,786.27,794.61,497.87,1.584014511,446.0265259,-121.0125,55.0625,2370.423,1303.299576,4.055966521,21.9919963,14.62950706,53.92157364,28.11339188,1.483420304,56.35062943,2.840422869,1.351503906,126.1854111,1539.75791,9,2.4805346195941813
CA_0003744,2004,793.63,795.12,500.57,1.584014511,442.9737183,-121.0125,55.0625,2370.423,1303.299576,4.055966521,21.9919963,14.62950706,53.92157364,28.11339188,1.483420304,56.44361572,2.838459015,1.364139063,125.8589096,1569.704126,9,2.3635228124204555
CA_0003744,2005,796.25,774.0,516.3,1.584014511,452.3607422,-121.0125,55.0625,2370.423,1303.299576,4.055966521,21.9919963,14.62950706,53.92157364,28.11339188,1.483420304,55.53494492,2.881724119,1.358073853,127.1568008,1608.412793,9,2.4149995738729317
CA_0003744,2006,696.05,756.33,534.24,1.584014511,436.8671021,-121.0125,55.0625,2370.423,1303.299576,4.055966521,21.9919963,14.62950706,53.92157364,28.11339188,1.483420304,51.19928665,2.80039978,1.36127876,129.0499649,1650.628467,9,2.007345569673504
CA_0003744,2007,718.67,788.1,540.18,1.584014511,454.0136047,-121.0125,55.0625,2370.423,1303.299576,4.055966521,21.9919963,14.62950706,53.92157364,28.11339188,1.483420304,49.81568069,2.848106861,1.337711621,129.1064392,1690.580103,9,2.1284554723783495
CA_0003744,2008,725.85,806.3,531.25,1.584014511,458.4570374,-121.0125,55.0625,2370.423,1303.299576,4.055966521,21.9919963,14.62950706,53.92157364,28.11339188,1.483420304,50.71450119,2.903816223,1.308758521,128.9542999,1723.710034,9,2.244456294489932
CA_0003744,2009,716.01,777.48,533.42,1.584014511,450.270575,-121.0125,55.0625,2370.423,1303.299576,4.055966521,21.9919963,14.62950706,53.92157364,28.11339188,1.483420304,48.94762573,2.895980358,1.28186814,130.8239136,1744.639307,9,2.1628587182759373
CA_0003744,2010,689.8,759.47,538.05,1.584014511,431.1333862,-121.0125,55.0625,2370.423,1303.299576,4.055966521,21.9919963,14.62950706,53.92157364,28.11339188,1.483420304,46.29253159,2.698955297,1.262406128,132.4148117,1771.037817,9,1.8925546898166188
CA_0003744,2011,832.18,785.3,517.81,1.584014511,441.6865723,-121.0125,55.0625,2370.423,1303.299576,4.055966521,21.9919963,14.62950706,53.92157364,28.11339188,1.483420304,48.64664764,3.079782009,1.210499756,129.1434341,1799.633057,9,2.1522291075301374
CA_0003744,2012,799.9,774.42,523.53,1.584014511,442.400116,-121.0125,55.0625,2370.423,1303.299576,4.055966521,21.9919963,14.62950706,53.92157364,28.11339188,1.483420304,47.55994568,2.833359003,1.214526123,129.917691,1811.357935,9,2.137158408418536
CA_0003744,2013,696.99,784.04,521.88,1.584014511,444.9531921,-121.0125,55.0625,2370.423,1303.299576,4.055966521,21.9919963,14.62950706,53.92157364,28.11339188,1.483420304,46.1855011,2.751743317,1.231628223,129.2233505,1824.640479,9,2.169931389291335
CA_0003744,2014,675.3,800.77,525.03,1.584014511,458.6408752,-121.0125,55.0625,2370.423,1303.299576,4.055966521,21.9919963,14.62950706,53.92157364,28.11339188,1.483420304,47.58488464,2.724433899,1.275513281,128.7698776,1844.225781,9,2.3409186746682376
CA_0003746,1989,230.5,549.46,584.58,2.010642481,453.0787231,-121.3667,56.0917,1449.812,988.5619834,2.819516254,20.08154048,14.29036427,42.63085938,40.83582687,1.430127189,49.71309509,2.500899792,1.925698804,129.1080948,1586.018726,9,3.11729381550592
CA_0003746,1990,251.87,573.97,576.82,2.010642481,449.4231262,-121.3667,56.0917,1449.812,988.5619834,2.819516254,20.08154048,14.29036427,42.63085938,40.83582687,1.430127189,45.36858292,2.679501772,1.925199854,127.7536438,1611.430371,9,2.805352170719144
CA_0003746,1991,251.04,582.6,578.82,2.010642481,457.8937073,-121.3667,56.0917,1449.812,988.5619834,2.819516254,20.08154048,14.29036427,42.63085938,40.83582687,1.430127189,41.28843079,2.671072006,1.921646875,127.6374023,1623.879272,9,2.9173638579970156
CA_0003746,1992,218.24,573.71,582.16,2.010642481,436.3895325,-121.3667,56.0917,1449.812,988.5619834,2.819516254,20.08154048,14.29036427,42.63085938,40.83582687,1.430127189,41.19236526,2.576326847,1.903109058,128.4721451,1635.092554,9,2.4681787358103495
CA_0003746,1993,217.22,562.32,570.15,2.010642481,434.5601074,-121.3667,56.0917,1449.812,988.5619834,2.819516254,20.08154048,14.29036427,42.63085938,40.83582687,1.430127189,44.61415634,2.493902445,1.888517188,127.6503006,1634.830054,9,2.6197187496544405
CA_0003746,1994,229.05,572.54,577.48,2.010642481,432.8180237,-121.3667,56.0917,1449.812,988.5619834,2.819516254,20.08154048,14.29036427,42.63085938,40.83582687,1.430127189,46.03513947,2.633617878,1.884659033,128.0239639,1647.792798,9,2.4403298097813506
CA_0003746,1995,224.69,571.06,575.95,2.010642481,447.7736694,-121.3667,56.0917,1449.812,988.5619834,2.819516254,20.08154048,14.29036427,42.63085938,40.83582687,1.430127189,45.18036041,2.365117073,1.883484863,128.1368256,1673.743848,9,2.801226124530203
CA_0003746,1996,233.22,585.87,560.61,2.010642481,449.1547729,-121.3667,56.0917,1449.812,988.5619834,2.819516254,20.08154048,14.29036427,42.63085938,40.83582687,1.430127189,48.84961624,2.651189327,1.882677417,127.2992905,1718.947559,9,2.852433388834165
CA_0003746,1997,269.92,613.52,537.52,2.010642481,462.2651245,-121.3667,56.0917,1449.812,988.5619834,2.819516254,20.08154048,14.29036427,42.63085938,40.83582687,1.430127189,53.99583664,2.623342514,1.895857104,126.0594604,1770.845581,9,3.3040945264743375
CA_0003746,1998,264.94,616.51,554.03,2.010642481,459.1103027,-121.3667,56.0917,1449.812,988.5619834,2.819516254,20.08154048,14.29036427,42.63085938,40.83582687,1.430127189,53.11632309,2.399852991,1.911083887,127.692746,1822.050269,9,2.9221772804857116
CA_0003746,1999,242.33,625.62,543.13,2.010642481,461.6962585,-121.3667,56.0917,1449.812,988.5619834,2.819516254,20.08154048,14.29036427,42.63085938,40.83582687,1.430127189,55.82070694,2.68316102,1.906735132,126.8956741,1864.996313,9,3.0735868629131287
CA_0003746,2000,232.17,616.88,531.67,2.010642481,463.8694885,-121.3667,56.0917,1449.812,988.5619834,2.819516254,20.08154048,14.29036427,42.63085938,40.83582687,1.430127189,59.62611084,2.588861227,1.904788892,125.2053284,1904.814575,9,3.44270036235987
CA_0003746,2001,238.39,609.56,541.24,2.010642481,470.9268433,-121.3667,56.0917,1449.812,988.5619834,2.819516254,20.08154048,14.29036427,42.63085938,40.83582687,1.430127189,59.41019745,2.688337564,1.90549856,125.6637115,1931.242334,9,3.6049267586511564
CA_0003746,2002,214.11,576.35,540.97,2.010642481,454.1255676,-121.3667,56.0917,1449.812,988.5619834,2.819516254,20.08154048,14.29036427,42.63085938,40.83582687,1.430127189,54.12527618,2.647747755,1.895440625,125.6390015,1968.970703,9,3.38165980216298
CA_0003746,2003,216.4,589.07,533.75,2.010642481,457.1037048,-121.3667,56.0917,1449.812,988.5619834,2.819516254,20.08154048,14.29036427,42.63085938,40.83582687,1.430127189,52.56982117,2.614800215,1.879907373,125.2472992,2012.711084,9,3.4633814462121126
CA_0003746,2004,236.34,580.41,536.51,2.010642481,451.7921875,-121.3667,56.0917,1449.812,988.5619834,2.819516254,20.08154048,14.29036427,42.63085938,40.83582687,1.430127189,51.02445908,2.604375601,1.885768579,124.7362885,2057.183667,9,3.322439638982468
CA_0003746,2005,252.08,580.59,550.07,2.010642481,457.5224915,-121.3667,56.0917,1449.812,988.5619834,2.819516254,20.08154048,14.29036427,42.63085938,40.83582687,1.430127189,49.11924744,2.631657362,1.893952979,125.8887039,2112.086182,9,3.30042178678907
CA_0003746,2006,213.49,563.63,565.39,2.010642481,443.1338379,-121.3667,56.0917,1449.812,988.5619834,2.819516254,20.08154048,14.29036427,42.63085938,40.83582687,1.430127189,44.36130447,2.585181475,1.889298828,127.6866943,2169.224805,9,2.8632795208037165
CA_0003746,2007,225.11,599.66,571.8,2.010642481,462.1412842,-121.3667,56.0917,1449.812,988.5619834,2.819516254,20.08154048,14.29036427,42.63085938,40.83582687,1.430127189,45.61636429,2.624237537,1.870925146,127.4139526,2220.354199,9,2.938624243921837
CA_0003746,2008,228.01,614.34,563.15,2.010642481,465.3368225,-121.3667,56.0917,1449.812,988.5619834,2.819516254,20.08154048,14.29036427,42.63085938,40.83582687,1.430127189,49.35705338,2.643429995,1.862904199,127.44104,2260.244141,9,2.9946703363699494
CA_0003746,2009,214.11,614.85,563.92,2.010642481,464.5054077,-121.3667,56.0917,1449.812,988.5619834,2.819516254,20.08154048,14.29036427,42.63085938,40.83582687,1.430127189,51.15293961,2.632724762,1.848517114,129.3935776,2283.18125,9,2.9569069468560323
CA_0003746,2010,187.56,608.17,569.34,2.010642481,448.5223145,-121.3667,56.0917,1449.812,988.5619834,2.819516254,20.08154048,14.29036427,42.63085938,40.83582687,1.430127189,49.42059784,2.507775545,1.815120166,130.5779526,2310.746973,9,2.5661370532449554
CA_0003746,2011,263.91,631.97,551.85,2.010642481,459.3086487,-121.3667,56.0917,1449.812,988.5619834,2.819516254,20.08154048,14.29036427,42.63085938,40.83582687,1.430127189,52.1402298,2.821069717,1.751002222,127.7836655,2342.255273,9,2.8306337354037168
CA_0003746,2012,247.15,637.76,560.68,2.010642481,439.9890991,-121.3667,56.0917,1449.812,988.5619834,2.819516254,20.08154048,14.29036427,42.63085938,40.83582687,1.430127189,49.48177719,2.629910469,1.755238184,129.0843414,2357.512207,9,2.2947021636050544
CA_0003746,2013,246.48,671.36,558.9,2.010642481,444.0849182,-121.3667,56.0917,1449.812,988.5619834,2.819516254,20.08154048,14.29036427,42.63085938,40.83582687,1.430127189,50.6135849,2.53501606,1.766025806,128.4691788,2375.470215,9,2.2190467359540933
CA_0003782,1998,469.1541473,690.1586054,541.5335266,1.928572202,474.9146301,-118.554039,54.42152023,3380.687,1421.424122,2.64158042,20.04233331,17.7620163,38.24592972,41.53704071,1.438231751,48.97424088,2.518550777,1.600864697,133.8541107,299.9343567,9,3.00151699165999
CA_0003782,1999,462.2523006,695.5777551,532.2094543,1.928572202,469.5664001,-118.554039,54.42152023,3380.687,1421.424122,2.64158042,20.04233331,17.7620163,38.24592972,41.53704071,1.438231751,50.16493835,2.545110321,1.594317627,133.4324402,303.2355469,9,2.9733641673188385
CA_0003782,2000,487.1956105,699.5672449,522.3302368,1.928572202,468.7986084,-118.554039,54.42152023,3380.687,1421.424122,2.64158042,20.04233331,17.7620163,38.24592972,41.53704071,1.438231751,53.67818604,2.58473444,1.592933716,131.4769485,307.2630005,9,3.1224754531882306
CA_0003782,2001,469.1431321,678.867517,531.6451111,1.928572202,476.8214417,-118.554039,54.42152023,3380.687,1421.424122,2.64158042,20.04233331,17.7620163,38.24592972,41.53704071,1.438231751,53.67844238,2.596081924,1.595253687,132.446019,312.0165771,9,3.3537196482917926
CA_0003782,2002,436.0209798,645.687551,531.1070374,1.928572202,457.7389587,-118.554039,54.42152023,3380.687,1421.424122,2.64158042,20.04233331,17.7620163,38.24592972,41.53704071,1.438231751,50.30903778,2.602580738,1.587344629,132.6742722,318.1011292,9,2.9837932189736516
CA_0003782,2003,452.4608104,644.1140816,524.3039246,1.928572202,453.5188599,-118.554039,54.42152023,3380.687,1421.424122,2.64158042,20.04233331,17.7620163,38.24592972,41.53704071,1.438231751,49.85177078,2.666161203,1.579477441,132.3381577,325.7909485,9,2.982729413248962
CA_0003782,2004,466.3609948,646.2463265,523.6243225,1.928572202,452.0251221,-118.554039,54.42152023,3380.687,1421.424122,2.64158042,20.04233331,17.7620163,38.24592972,41.53704071,1.438231751,50.18741913,2.654349089,1.585597729,131.9162949,333.4194275,9,2.933886884748259
CA_0003782,2005,479.4475384,629.1835714,536.4611328,1.928572202,459.1518982,-118.554039,54.42152023,3380.687,1421.424122,2.64158042,20.04233331,17.7620163,38.24592972,41.53704071,1.438231751,49.19167938,2.660012054,1.57660249,133.1982513,344.7240051,9,3.0715834325263387
CA_0003782,2006,439.2992567,615.1808503,551.5050049,1.928572202,445.2010681,-118.554039,54.42152023,3380.687,1421.424122,2.64158042,20.04233331,17.7620163,38.24592972,41.53704071,1.438231751,44.89088516,2.625349379,1.570717505,134.8508362,356.3795105,9,2.616979686509803
CA_0003782,2007,466.9192844,639.1217347,558.6755127,1.928572202,460.4668701,-118.554039,54.42152023,3380.687,1421.424122,2.64158042,20.04233331,17.7620163,38.24592972,41.53704071,1.438231751,43.5872963,2.601859045,1.573011987,134.9790131,370.1831116,9,2.7239593332564973
CA_0003782,2008,469.0420116,651.7466327,549.9916138,1.928572202,464.5708435,-118.554039,54.42152023,3380.687,1421.424122,2.64158042,20.04233331,17.7620163,38.24592972,41.53704071,1.438231751,44.73106079,2.607710791,1.559514063,134.8832001,384.9149658,9,2.8464764694036826
CA_0003782,2009,459.6723673,620.3031973,552.0364746,1.928572202,453.1689697,-118.554039,54.42152023,3380.687,1421.424122,2.64158042,20.04233331,17.7620163,38.24592972,41.53704071,1.438231751,42.65215302,2.60897727,1.557232666,136.7993713,391.0120483,9,2.761837384817845
CA_0003782,2010,410.839781,613.2663265,554.6087402,1.928572202,438.9281128,-118.554039,54.42152023,3380.687,1421.424122,2.64158042,20.04233331,17.7620163,38.24592972,41.53704071,1.438231751,39.60245056,2.565305805,1.544551489,138.1762817,399.938623,9,2.4659453730225467
CA_0003782,2011,486.4936068,619.6355442,536.9472778,1.928572202,434.8381836,-118.554039,54.42152023,3380.687,1421.424122,2.64158042,20.04233331,17.7620163,38.24592972,41.53704071,1.438231751,40.81130753,2.627700853,1.512251367,135.5098236,410.6329651,9,2.5101380085899923
CA_0003782,2012,473.5533484,601.9510884,540.2694946,1.928572202,430.1534668,-118.554039,54.42152023,3380.687,1421.424122,2.64158042,20.04233331,17.7620163,38.24592972,41.53704071,1.438231751,40.53842773,2.62163763,1.514918286,135.6848724,418.3502441,9,2.490172480538056
CA_0003782,2013,510.3154062,592.5176871,538.8765747,1.928572202,428.735376,-118.554039,54.42152023,3380.687,1421.424122,2.64158042,20.04233331,17.7620163,38.24592972,41.53704071,1.438231751,37.73752899,2.603792477,1.520601318,134.9902435,424.42995,9,2.5367217834705373
CA_0003926,1989,144.46,333.53,390.92,-3.932908154,280.6660706,-137.525,61.5667,1217.877,1408.1022,3.542027238,14.24148708,16.57536697,56.50980377,20.79411697,1.310483075,13.07701111,2.962900639,0.522278607,99.16851196,23.51540947,9,2.8519708039053495
CA_0003926,1990,146.74,329.73,403.92,-3.932908154,284.15578,-137.525,61.5667,1217.877,1408.1022,3.542027238,14.24148708,16.57536697,56.50980377,20.79411697,1.310483075,12.7982132,3.025352478,0.528386853,98.96029816,24.14387016,9,2.946097402662921
CA_0003926,1991,162.26,334.44,411.24,-3.932908154,289.614624,-137.525,61.5667,1217.877,1408.1022,3.542027238,14.24148708,16.57536697,56.50980377,20.79411697,1.310483075,12.29213142,3.172720432,0.530229993,98.16205292,24.24485703,9,2.993859968313583
CA_0003926,1992,186.42,339.28,399.73,-3.932908154,289.7874146,-137.525,61.5667,1217.877,1408.1022,3.542027238,14.24148708,16.57536697,56.50980377,20.79411697,1.310483075,12.63948708,3.220007896,0.52602428,97.95464783,24.24253006,9,3.018704529358468
CA_0003926,1993,157.93,320.54,413.55,-3.932908154,284.3328918,-137.525,61.5667,1217.877,1408.1022,3.542027238,14.24148708,16.57536697,56.50980377,20.79411697,1.310483075,11.88524857,3.052571774,0.52827926,99.8446228,24.06496124,9,3.113579753010537
CA_0003926,1994,152.59,321.81,412.02,-3.932908154,285.1636597,-137.525,61.5667,1217.877,1408.1022,3.542027238,14.24148708,16.57536697,56.50980377,20.79411697,1.310483075,11.48927116,3.169547081,0.529921094,99.08815765,23.88583069,9,3.1350011666010564
CA_0003926,1995,140.89,318.42,412.44,-3.932908154,284.8816406,-137.525,61.5667,1217.877,1408.1022,3.542027238,14.24148708,16.57536697,56.50980377,20.79411697,1.310483075,11.12177124,3.08034873,0.53058042,98.76035309,24.44689217,9,3.2336330631976873
CA_0003926,1996,112.72,304.68,409.6,-3.932908154,275.3321289,-137.525,61.5667,1217.877,1408.1022,3.542027238,14.24148708,16.57536697,56.50980377,20.79411697,1.310483075,10.67534485,2.977684259,0.529002649,100.804686,25.37564163,9,3.220139132302989
CA_0003926,1997,91.56,305.87,419.11,-3.932908154,281.4517395,-137.525,61.5667,1217.877,1408.1022,3.542027238,14.24148708,16.57536697,56.50980377,20.79411697,1.310483075,10.11081772,3.026650667,0.535973645,101.2316116,36.70249786,9,3.4724510679121985
CA_0003926,1998,75.03,289.38,418.75,-3.932908154,265.8834717,-137.525,61.5667,1217.877,1408.1022,3.542027238,14.24148708,16.57536697,56.50980377,20.79411697,1.310483075,9.348517895,3.023782253,0.53680885,101.5500168,45.43277893,9,3.1788784194384765
CA_0003926,1999,88.25,290.73,410.12,-3.932908154,262.2616455,-137.525,61.5667,1217.877,1408.1022,3.542027238,14.24148708,16.57536697,56.50980377,20.79411697,1.310483075,9.497892666,3.134611368,0.531972888,100.6647583,54.78817329,9,2.9770531515497
CA_0003926,2000,132.36,304.03,392.26,-3.932908154,267.3326965,-137.525,61.5667,1217.877,1408.1022,3.542027238,14.24148708,16.57536697,56.50980377,20.79411697,1.310483075,11.34623404,3.025300264,0.527082764,99.64664917,65.92151794,9,2.9827270142932867
CA_0003926,2001,148.52,303.88,386.93,-3.932908154,267.6345215,-137.525,61.5667,1217.877,1408.1022,3.542027238,14.24148708,16.57536697,56.50980377,20.79411697,1.310483075,13.28033686,3.096037626,0.526303015,98.19411316,77.48706207,9,3.06806914903476
CA_0003926,2002,143.44,286.3,390.74,-3.932908154,258.582312,-137.525,61.5667,1217.877,1408.1022,3.542027238,14.24148708,16.57536697,56.50980377,20.79411697,1.310483075,12.43786068,3.072327852,0.521091083,98.9002182,73.68566895,9,3.139408239912504
CA_0003926,2003,150.3,298.92,380.96,-3.932908154,262.7716339,-137.525,61.5667,1217.877,1408.1022,3.542027238,14.24148708,16.57536697,56.50980377,20.79411697,1.310483075,11.95036058,2.973409176,0.516486505,98.43768768,73.33496246,9,3.0359004080169507
CA_0003926,2004,150.21,291.02,387.51,-3.932908154,258.1297089,-137.525,61.5667,1217.877,1408.1022,3.542027238,14.24148708,16.57536697,56.50980377,20.79411697,1.310483075,11.64000025,2.960788965,0.514823773,98.81197662,71.60819321,9,2.9677455206184407
CA_0003926,2005,111.65,294.81,400.89,-3.932908154,265.5192291,-137.525,61.5667,1217.877,1408.1022,3.542027238,14.24148708,16.57536697,56.50980377,20.79411697,1.310483075,10.49119406,3.003898144,0.507702618,99.45848389,69.21798782,9,3.1093608572411395
CA_0003926,2006,98.17,297.37,408.9,-3.932908154,268.2560516,-137.525,61.5667,1217.877,1408.1022,3.542027238,14.24148708,16.57536697,56.50980377,20.79411697,1.310483075,9.14986372,3.120492697,0.49929707,99.09480438,64.6196228,9,3.085634683975367
CA_0003926,2007,108.09,307.57,408.02,-3.932908154,274.4310516,-137.525,61.5667,1217.877,1408.1022,3.542027238,14.24148708,16.57536697,56.50980377,20.79411697,1.310483075,9.776987457,2.922059059,0.487181464,98.32498016,65.81998291,9,3.073201054934443
CA_0003926,2008,117.56,329.66,404.51,-3.932908154,293.430188,-137.525,61.5667,1217.877,1408.1022,3.542027238,14.24148708,16.57536697,56.50980377,20.79411697,1.310483075,11.4078207,3.032095194,0.480353534,96.43235168,64.92409668,9,3.4476599657533415
CA_0003926,2009,116.99,335.99,403.01,-3.932908154,303.8657654,-137.525,61.5667,1217.877,1408.1022,3.542027238,14.24148708,16.57536697,56.50980377,20.79411697,1.310483075,12.12322941,2.976834774,0.47382207,96.90678253,65.28685226,9,3.950955727309599
CA_0003926,2010,120.8,316.14,404.95,-3.932908154,286.7151917,-137.525,61.5667,1217.877,1408.1022,3.542027238,14.24148708,16.57536697,56.50980377,20.79411697,1.310483075,11.14992809,3.049683094,0.469310632,97.31251831,58.81310501,9,3.55280431548058
CA_0003926,2011,154.63,325.26,403.5,-3.932908154,293.4112488,-137.525,61.5667,1217.877,1408.1022,3.542027238,14.24148708,16.57536697,56.50980377,20.79411697,1.310483075,10.80913486,3.082315207,0.465714557,96.78955383,53.335009,9,3.644674113037379
CA_0003926,2012,175.71,328.53,397.91,-3.932908154,290.5456726,-137.525,61.5667,1217.877,1408.1022,3.542027238,14.24148708,16.57536697,56.50980377,20.79411697,1.310483075,11.27467175,3.078942537,0.468941669,96.09460144,44.74054565,9,3.409631091504854
CA_0003926,2013,192.27,308.1,406.55,-3.932908154,277.3458679,-137.525,61.5667,1217.877,1408.1022,3.542027238,14.24148708,16.57536697,56.50980377,20.79411697,1.310483075,10.72595387,3.051790714,0.492853339,96.97956085,36.95397148,9,3.24486951007582
CA_0003926,2014,198.37,313.65,401.82,-3.932908154,284.0528931,-137.525,61.5667,1217.877,1408.1022,3.542027238,14.24148708,16.57536697,56.50980377,20.79411697,1.310483075,9.877171707,2.965901375,0.500131445,95.63827057,29.00089035,9,3.522534140370369
CA_0003931,1997,1545.381197,833.1948885,379.3266357,-2.37851101,319.8368469,-138.0819397,59.39500046,24688.42,1222.16892,5.05620957,24.68541205,16.67892075,35.71908951,28.15979195,1.505610763,38.01275558,3.073391438,0.684380322,102.7036392,114.8794907,9,1.5339235483168732
CA_0003931,1998,1608.18498,800.954308,373.5521362,-2.37851101,309.1130371,-138.0819397,59.39500046,24688.42,1222.16892,5.05620957,24.68541205,16.67892075,35.71908951,28.15979195,1.505610763,36.96524658,3.088195562,0.686726538,101.6871704,130.2017654,9,1.4799083125833203
CA_0003931,1999,1524.36545,795.1647675,365.9949219,-2.37851101,303.8870667,-138.0819397,59.39500046,24688.42,1222.16892,5.05620957,24.68541205,16.67892075,35.71908951,28.15979195,1.505610763,36.07907333,3.089172268,0.678070264,100.48983,145.0417114,9,1.4806589005613047
CA_0003931,2000,1408.809564,822.90086,353.7793335,-2.37851101,300.539801,-138.0819397,59.39500046,24688.42,1222.16892,5.05620957,24.68541205,16.67892075,35.71908951,28.15979195,1.505610763,37.17344742,3.071731091,0.668494971,99.61584778,160.8088593,9,1.5106144454546597
CA_0003931,2001,1350.225398,817.9733566,349.1998047,-2.37851101,298.2708069,-138.0819397,59.39500046,24688.42,1222.16892,5.05620957,24.68541205,16.67892075,35.71908951,28.15979195,1.505610763,38.28269806,3.086321545,0.6643255,97.53822937,174.0958832,9,1.5279996548265216
CA_0003931,2002,1280.093144,753.2825155,352.3423889,-2.37851101,295.8126282,-138.0819397,59.39500046,24688.42,1222.16892,5.05620957,24.68541205,16.67892075,35.71908951,28.15979195,1.505610763,37.44878082,3.093894815,0.661019568,98.06809082,180.3490692,9,1.5427097686684104
CA_0003931,2003,1180.732075,770.7415157,346.5280518,-2.37851101,295.4596985,-138.0819397,59.39500046,24688.42,1222.16892,5.05620957,24.68541205,16.67892075,35.71908951,28.15979195,1.505610763,37.42878723,3.072045994,0.658059277,98.21207886,180.7766296,9,1.571489323065673
CA_0003931,2004,1164.341849,761.4693469,355.2199646,-2.37851101,297.2420227,-138.0819397,59.39500046,24688.42,1222.16892,5.05620957,24.68541205,16.67892075,35.71908951,28.15979195,1.505610763,37.47334061,3.040777016,0.67258938,99.56529083,181.1993073,9,1.5257480915078672
CA_0003931,2005,1288.415264,775.0193496,366.2768433,-2.37851101,306.3570862,-138.0819397,59.39500046,24688.42,1222.16892,5.05620957,24.68541205,16.67892075,35.71908951,28.15979195,1.505610763,37.07369843,3.047680378,0.671968176,100.1869385,181.8214996,9,1.5371065791216865
CA_0003931,2006,1360.986338,792.6255523,370.6861206,-2.37851101,309.9505188,-138.0819397,59.39500046,24688.42,1222.16892,5.05620957,24.68541205,16.67892075,35.71908951,28.15979195,1.505610763,36.75081863,3.057770681,0.67055387,99.48039551,180.9849884,9,1.5251032610537443
CA_0003931,2007,1459.320151,818.5361731,368.2954163,-2.37851101,308.9125732,-138.0819397,59.39500046,24688.42,1222.16892,5.05620957,24.68541205,16.67892075,35.71908951,28.15979195,1.505610763,37.56202393,3.048906326,0.667352734,98.34479065,178.0525208,9,1.5000474872291512
CA_0003931,2008,1410.923791,861.1366837,361.4731506,-2.37851101,311.7623291,-138.0819397,59.39500046,24688.42,1222.16892,5.05620957,24.68541205,16.67892075,35.71908951,28.15979195,1.505610763,39.70370483,3.079508829,0.650552637,96.25880585,178.9299377,9,1.5564823690644478
CA_0003931,2009,1423.375414,862.9980382,355.7340759,-2.37851101,315.6293091,-138.0819397,59.39500046,24688.42,1222.16892,5.05620957,24.68541205,16.67892075,35.71908951,28.15979195,1.505610763,41.27851181,3.084122181,0.626781738,96.27145996,178.0285248,9,1.6888601094549258
CA_0003931,2010,1302.537791,809.3586939,356.9581665,-2.37851101,308.0568604,-138.0819397,59.39500046,24688.42,1222.16892,5.05620957,24.68541205,16.67892075,35.71908951,28.15979195,1.505610763,40.34371719,3.099401665,0.62744386,96.61069183,173.6377594,9,1.609924869107432
CA_0003931,2011,1221.77357,809.0382424,358.1225891,-2.37851101,310.501825,-138.0819397,59.39500046,24688.42,1222.16892,5.05620957,24.68541205,16.67892075,35.71908951,28.15979195,1.505610763,39.74114227,3.095925713,0.617472559,96.97022858,173.7608002,9,1.6377193681812061
CA_0003931,2012,1173.753901,807.921075,352.2060974,-2.37851101,307.6607056,-138.0819397,59.39500046,24688.42,1222.16892,5.05620957,24.68541205,16.67892075,35.71908951,28.15979195,1.505610763,39.88105392,3.133201981,0.610233606,96.15402374,172.8965912,9,1.6609988126772965
CA_0003933,1993,589.787917,690.5246316,388.5954468,-2.320990808,341.390033,-137.0846405,60.11896896,1544.443,1297.208012,4.314326993,27.57927276,15.58799362,43.78783035,36.97556305,1.344382711,68.26567383,3.148926783,0.479682764,102.7188034,223.1315277,9,2.060517171424875
CA_0003933,1994,600.1716917,685.5058246,387.7089172,-2.320990808,340.2383057,-137.0846405,60.11896896,1544.443,1297.208012,4.314326993,27.57927276,15.58799362,43.78783035,36.97556305,1.344382711,67.66599579,3.18800683,0.478439966,101.5320419,224.5041229,9,2.0611613922788847
CA_0003933,1995,571.4366572,663.2367018,389.0211975,-2.320990808,340.8585144,-137.0846405,60.11896896,1544.443,1297.208012,4.314326993,27.57927276,15.58799362,43.78783035,36.97556305,1.344382711,67.59668655,3.176497459,0.478426013,101.487149,227.9008759,9,2.118042418312108
CA_0003933,1996,510.0189154,614.1654737,390.068219,-2.320990808,337.6766174,-137.0846405,60.11896896,1544.443,1297.208012,4.314326993,27.57927276,15.58799362,43.78783035,36.97556305,1.344382711,65.71914291,3.150847197,0.477172791,104.5397675,233.778775,9,2.186149900259507
CA_0003933,1997,464.9293216,609.657614,395.9181091,-2.320990808,345.1566223,-137.0846405,60.11896896,1544.443,1297.208012,4.314326993,27.57927276,15.58799362,43.78783035,36.97556305,1.344382711,63.79270401,3.104946661,0.485049878,104.9236145,242.8324463,9,2.2984194743943007
CA_0003933,1998,490.839198,580.3673684,390.3382507,-2.320990808,333.5451172,-137.0846405,60.11896896,1544.443,1297.208012,4.314326993,27.57927276,15.58799362,43.78783035,36.97556305,1.344382711,60.21846313,3.111060715,0.488599371,104.0242111,255.9349518,9,2.211775717980963
CA_0003933,1999,469.4444728,574.1819649,382.0274475,-2.320990808,328.017749,-137.0846405,60.11896896,1544.443,1297.208012,4.314326993,27.57927276,15.58799362,43.78783035,36.97556305,1.344382711,56.01289597,3.113125706,0.47720448,102.5606796,270.9750641,9,2.225407601602803
CA_0003933,2000,586.3162416,589.4069474,368.9779053,-2.320990808,322.335083,-137.0846405,60.11896896,1544.443,1297.208012,4.314326993,27.57927276,15.58799362,43.78783035,36.97556305,1.344382711,57.63173828,3.111139822,0.464089386,101.3630463,285.1360107,9,2.2304540415173384
CA_0003933,2001,641.0368626,585.5865965,362.1459717,-2.320990808,315.9306641,-137.0846405,60.11896896,1544.443,1297.208012,4.314326993,27.57927276,15.58799362,43.78783035,36.97556305,1.344382711,59.15257416,3.126316404,0.460877075,98.99234467,297.0428162,9,2.191676895808337
CA_0003933,2002,635.4165334,533.3938246,365.7784668,-2.320990808,316.17677,-137.0846405,60.11896896,1544.443,1297.208012,4.314326993,27.57927276,15.58799362,43.78783035,36.97556305,1.344382711,56.98822403,3.139198828,0.455394055,99.59253235,312.4015808,9,2.360244021285388
CA_0003933,2003,611.6297486,557.5851228,358.9736206,-2.320990808,317.6156433,-137.0846405,60.11896896,1544.443,1297.208012,4.314326993,27.57927276,15.58799362,43.78783035,36.97556305,1.344382711,58.16049271,3.133236837,0.455823724,99.65366669,322.6659729,9,2.4191115592360655
CA_0003933,2004,619.5753177,558.2722105,370.3039368,-2.320990808,321.8687683,-137.0846405,60.11896896,1544.443,1297.208012,4.314326993,27.57927276,15.58799362,43.78783035,36.97556305,1.344382711,59.86490097,3.113871288,0.473933008,101.3098587,332.3122498,9,2.3241908429667175
CA_0003933,2005,560.722963,577.9715088,383.0917969,-2.320990808,333.2833679,-137.0846405,60.11896896,1544.443,1297.208012,4.314326993,27.57927276,15.58799362,43.78783035,36.97556305,1.344382711,59.50779495,3.122184086,0.482233008,101.8837662,343.257019,9,2.3305797985615753
CA_0003933,2006,563.1714875,591.6965614,388.8242859,-2.320990808,339.2004944,-137.0846405,60.11896896,1544.443,1297.208012,4.314326993,27.57927276,15.58799362,43.78783035,36.97556305,1.344382711,59.40695877,3.131812716,0.488309656,101.1056442,355.0521179,9,2.3340526185473043
CA_0003933,2007,612.3126103,623.3625965,384.5755859,-2.320990808,334.7379028,-137.0846405,60.11896896,1544.443,1297.208012,4.314326993,27.57927276,15.58799362,43.78783035,36.97556305,1.344382711,62.55745392,3.130420923,0.49497475,99.68944092,364.5432434,9,2.167637520110227
CA_0003933,2008,629.2422227,654.6870877,377.8162842,-2.320990808,336.1049255,-137.0846405,60.11896896,1544.443,1297.208012,4.314326993,27.57927276,15.58799362,43.78783035,36.97556305,1.344382711,67.7657402,3.16493206,0.479683087,97.55862885,374.0624084,9,2.2153846836573856
CA_0003933,2009,652.6060281,662.5309474,370.5971924,-2.320990808,340.4067566,-137.0846405,60.11896896,1544.443,1297.208012,4.314326993,27.57927276,15.58799362,43.78783035,36.97556305,1.344382711,71.08571625,3.158580637,0.464745135,97.40730743,380.5775696,9,2.4889228970757626
CA_0003933,2010,631.3327743,630.1707368,372.6703857,-2.320990808,333.2720215,-137.0846405,60.11896896,1544.443,1297.208012,4.314326993,27.57927276,15.58799362,43.78783035,36.97556305,1.344382711,69.73746948,3.166229773,0.470495142,98.12127075,383.4948364,9,2.3189714072471728
CA_0003933,2011,599.2849618,636.4987368,375.6119324,-2.320990808,336.0737793,-137.0846405,60.11896896,1544.443,1297.208012,4.314326993,27.57927276,15.58799362,43.78783035,36.97556305,1.344382711,68.90837097,3.17560811,0.454152338,98.73762054,387.7752136,9,2.319215743559841
CA_0003933,2012,601.9591027,636.2962105,369.0428772,-2.320990808,332.1237366,-137.0846405,60.11896896,1544.443,1297.208012,4.314326993,27.57927276,15.58799362,43.78783035,36.97556305,1.344382711,67.90019073,3.202040815,0.442121454,98.17610474,389.4703918,9,2.3392368468619007
CA_0003933,2013,627.4448977,598.4573333,379.8923523,-2.320990808,332.0371338,-137.0846405,60.11896896,1544.443,1297.208012,4.314326993,27.57927276,15.58799362,43.78783035,36.97556305,1.344382711,64.02964249,3.181136703,0.466025623,99.56524506,388.8714844,9,2.266910025362097
CA_0003933,2014,620.953107,587.4287719,375.8174072,-2.320990808,333.5563599,-137.0846405,60.11896896,1544.443,1297.208012,4.314326993,27.57927276,15.58799362,43.78783035,36.97556305,1.344382711,65.79674759,3.171600389,0.46959198,98.11953888,385.5187683,9,2.4348811276165727
CA_0003936,1992,809.08,1040.94,391.78,-0.205948752,345.2295532,-133.7021,58.5396,16739.34,1126.783189,4.346174131,24.73095749,13.63012886,48.22635651,28.29491043,1.318063165,60.9705246,2.576642513,0.812196167,105.6146484,83.1221344,9,1.5589399856503494
CA_0003936,1993,848.51,983.72,411.63,-0.205948752,355.1442444,-133.7021,58.5396,16739.34,1126.783189,4.346174131,24.73095749,13.63012886,48.22635651,28.29491043,1.318063165,58.38424911,2.348203182,0.816102124,108.6058792,82.50916901,9,1.5550457662800883
CA_0003936,1994,928.16,996.26,411.1,-0.205948752,356.2971313,-133.7021,58.5396,16739.34,1126.783189,4.346174131,24.73095749,13.63012886,48.22635651,28.29491043,1.318063165,58.66357803,2.432971954,0.81530542,106.9665863,82.59109802,9,1.5632422272431628
CA_0003936,1995,960.04,962.88,415.29,-0.205948752,362.1521667,-133.7021,58.5396,16739.34,1126.783189,4.346174131,24.73095749,13.63012886,48.22635651,28.29491043,1.318063165,59.0292038,2.298087358,0.820706531,108.026445,83.9857132,9,1.6401230976394798
CA_0003936,1996,919.83,897.56,412.11,-0.205948752,354.4748291,-133.7021,58.5396,16739.34,1126.783189,4.346174131,24.73095749,13.63012886,48.22635651,28.29491043,1.318063165,58.3009758,2.410840273,0.821526465,109.634082,87.11444702,9,1.6368942437933396
CA_0003936,1997,891.3,927.11,411.05,-0.205948752,364.19953,-133.7021,58.5396,16739.34,1126.783189,4.346174131,24.73095749,13.63012886,48.22635651,28.29491043,1.318063165,58.69547272,2.329757452,0.828939502,108.66259,94.06615753,9,1.7646097012840618
CA_0003936,1998,850.43,916.39,406.46,-0.205948752,355.9617981,-133.7021,58.5396,16739.34,1126.783189,4.346174131,24.73095749,13.63012886,48.22635651,28.29491043,1.318063165,58.34812012,2.360914946,0.834076233,108.591243,101.1444183,9,1.694842949696383
CA_0003936,1999,729.27,911.5,396.24,-0.205948752,350.0827942,-133.7021,58.5396,16739.34,1126.783189,4.346174131,24.73095749,13.63012886,48.22635651,28.29491043,1.318063165,57.50173492,2.492573023,0.824926856,107.4686203,107.8578522,9,1.7234317336161848
CA_0003936,2000,679.98,944.28,381.99,-0.205948752,343.6901062,-133.7021,58.5396,16739.34,1126.783189,4.346174131,24.73095749,13.63012886,48.22635651,28.29491043,1.318063165,59.38895798,2.341003656,0.811131958,105.936174,113.4772751,9,1.756732015442883
CA_0003936,2001,680.69,962.74,376.29,-0.205948752,344.7049316,-133.7021,58.5396,16739.34,1126.783189,4.346174131,24.73095749,13.63012886,48.22635651,28.29491043,1.318063165,61.93297806,2.39896369,0.808877966,104.0452026,116.1820908,9,1.8492457393027673
CA_0003936,2002,676.04,900.56,374.63,-0.205948752,342.0337708,-133.7021,58.5396,16739.34,1126.783189,4.346174131,24.73095749,13.63012886,48.22635651,28.29491043,1.318063165,61.73541489,2.445425034,0.808787073,103.7640457,117.0921768,9,1.9003770934563593
CA_0003936,2003,688.92,938.12,365.25,-0.205948752,342.7425476,-133.7021,58.5396,16739.34,1126.783189,4.346174131,24.73095749,13.63012886,48.22635651,28.29491043,1.318063165,63.29395905,2.363910675,0.805313672,103.1380478,116.8969971,9,2.0757475895889397
CA_0003936,2004,729.28,928.0,377.73,-0.205948752,350.2328735,-133.7021,58.5396,16739.34,1126.783189,4.346174131,24.73095749,13.63012886,48.22635651,28.29491043,1.318063165,63.40772858,2.490991592,0.820712683,104.9151474,115.7048645,9,2.0105556268950076
CA_0003936,2005,760.4,961.27,387.59,-0.205948752,359.3373962,-133.7021,58.5396,16739.34,1126.783189,4.346174131,24.73095749,13.63012886,48.22635651,28.29491043,1.318063165,63.04676514,2.390311003,0.81724187,104.5182968,115.6427032,9,1.9963769553285324
CA_0003936,2006,789.5,963.0,392.37,-0.205948752,360.1841858,-133.7021,58.5396,16739.34,1126.783189,4.346174131,24.73095749,13.63012886,48.22635651,28.29491043,1.318063165,61.49750748,2.458366394,0.811157214,103.4278275,117.0318787,9,1.9191147492840943
CA_0003936,2007,830.1,1021.21,391.38,-0.205948752,359.1060059,-133.7021,58.5396,16739.34,1126.783189,4.346174131,24.73095749,13.63012886,48.22635651,28.29491043,1.318063165,62.21552505,2.367780924,0.785965527,102.4748901,116.8742767,9,1.8387263482015512
CA_0003936,2008,819.72,1049.88,386.46,-0.205948752,357.5024048,-133.7021,58.5396,16739.34,1126.783189,4.346174131,24.73095749,13.63012886,48.22635651,28.29491043,1.318063165,63.49828415,2.509813547,0.761350256,100.5319366,117.2934937,9,1.8598295756908279
CA_0003936,2009,810.7,1068.68,379.18,-0.205948752,354.7777832,-133.7021,58.5396,16739.34,1126.783189,4.346174131,24.73095749,13.63012886,48.22635651,28.29491043,1.318063165,65.42598953,2.416481018,0.739585791,100.5024765,117.698378,9,1.9224863260410887
CA_0003936,2010,742.15,1033.5,383.97,-0.205948752,351.50849,-133.7021,58.5396,16739.34,1126.783189,4.346174131,24.73095749,13.63012886,48.22635651,28.29491043,1.318063165,65.40012665,2.412572145,0.756939282,102.0152939,116.7296173,9,1.7849853967470262
CA_0003936,2011,699.99,1039.72,385.23,-0.205948752,355.8383484,-133.7021,58.5396,16739.34,1126.783189,4.346174131,24.73095749,13.63012886,48.22635651,28.29491043,1.318063165,66.74436569,2.561697245,0.755048987,103.285788,116.2960617,9,1.8547112159477326
CA_0003936,2012,696.07,1025.0,383.96,-0.205948752,354.7410522,-133.7021,58.5396,16739.34,1126.783189,4.346174131,24.73095749,13.63012886,48.22635651,28.29491043,1.318063165,66.01174698,2.468348742,0.776961231,104.0267441,115.8679581,9,1.8696015398543366
CA_0003936,2013,758.24,974.46,391.7,-0.205948752,354.5170105,-133.7021,58.5396,16739.34,1126.783189,4.346174131,24.73095749,13.63012886,48.22635651,28.29491043,1.318063165,63.20019302,2.329390287,0.830699683,105.4039673,114.9290649,9,1.7906544612825956
CA_0003942,1989,663.41,763.72,371.69,-1.115427959,336.2724609,-129.7062,57.9021,3457.421,1510.942209,4.756036076,22.52950344,15.0716877,48.63483429,33.25080872,1.478479144,44.62254486,1.966129422,0.692908484,110.0199066,3.444681835,9,2.052124250020216
CA_0003942,1990,668.47,760.18,375.25,-1.115427959,334.8786072,-129.7062,57.9021,3457.421,1510.942209,4.756036076,22.52950344,15.0716877,48.63483429,33.25080872,1.478479144,42.64225464,2.124150038,0.698612647,108.6647629,3.463486052,9,1.962232530628428
CA_0003942,1991,680.02,792.76,377.07,-1.115427959,338.4301575,-129.7062,57.9021,3457.421,1510.942209,4.756036076,22.52950344,15.0716877,48.63483429,33.25080872,1.478479144,41.2311142,2.207798958,0.69768728,107.6603317,3.410073519,9,1.9503518791739667
CA_0003942,1992,685.89,768.7,379.89,-1.115427959,329.0986877,-129.7062,57.9021,3457.421,1510.942209,4.756036076,22.52950344,15.0716877,48.63483429,33.25080872,1.478479144,40.80960693,2.19883585,0.698365222,109.3588181,3.337604618,9,1.7648246053929673
CA_0003942,1993,684.02,724.11,396.47,-1.115427959,333.4732849,-129.7062,57.9021,3457.421,1510.942209,4.756036076,22.52950344,15.0716877,48.63483429,33.25080872,1.478479144,38.60588074,1.994588256,0.702193445,111.7614639,3.223065042,9,1.7383971931435578
CA_0003942,1994,680.29,750.34,392.76,-1.115427959,335.1583313,-129.7062,57.9021,3457.421,1510.942209,4.756036076,22.52950344,15.0716877,48.63483429,33.25080872,1.478479144,38.9269722,2.036269903,0.695912183,109.9275375,3.161840248,9,1.7553650785066237
CA_0003942,1995,642.18,729.09,397.02,-1.115427959,343.7885315,-129.7062,57.9021,3457.421,1510.942209,4.756036076,22.52950344,15.0716877,48.63483429,33.25080872,1.478479144,39.67047958,1.972685099,0.698833972,111.3939316,3.189852428,9,1.9013638483959399
CA_0003942,1996,526.71,677.91,388.92,-1.115427959,332.1800476,-129.7062,57.9021,3457.421,1510.942209,4.756036076,22.52950344,15.0716877,48.63483429,33.25080872,1.478479144,40.10509186,2.032056808,0.693247864,111.9801086,3.363364506,9,1.896534309155129
CA_0003945,1989,308.34,599.65,401.18,-1.285754073,343.3489258,-130.8271,58.0729,3624.225,1193.70979,1.496632103,23.55553137,14.82051754,53.31137848,29.24137878,1.599135919,51.01971512,1.968902349,0.807941943,108.2205154,171.3179932,9,2.21198295733572
CA_0003945,1990,339.08,594.82,407.02,-1.285754073,341.5267639,-130.8271,58.0729,3624.225,1193.70979,1.496632103,23.55553137,14.82051754,53.31137848,29.24137878,1.599135919,50.15305557,2.18240428,0.817067725,107.0572113,173.9778778,9,2.1126175471102178
CA_0003945,1991,358.71,607.71,410.09,-1.285754073,342.1849548,-130.8271,58.0729,3624.225,1193.70979,1.496632103,23.55553137,14.82051754,53.31137848,29.24137878,1.599135919,48.80029221,2.269846439,0.815288294,105.9411514,175.0226318,9,2.043546003824363
CA_0003945,1992,365.57,587.54,410.35,-1.285754073,329.4124268,-130.8271,58.0729,3624.225,1193.70979,1.496632103,23.55553137,14.82051754,53.31137848,29.24137878,1.599135919,48.59345627,2.296937466,0.816492773,107.4440979,175.6183868,9,1.8758457661797165
CA_0003945,1993,350.54,548.69,426.35,-1.285754073,330.3092346,-130.8271,58.0729,3624.225,1193.70979,1.496632103,23.55553137,14.82051754,53.31137848,29.24137878,1.599135919,44.8804718,2.060582161,0.822202918,109.6854477,175.5070862,9,1.8914598514397973
CA_0003945,1994,358.53,564.32,425.3,-1.285754073,332.8909424,-130.8271,58.0729,3624.225,1193.70979,1.496632103,23.55553137,14.82051754,53.31137848,29.24137878,1.599135919,45.60799866,2.109545469,0.824014783,108.2508087,176.6769287,9,1.8847461801781307
CA_0003945,1995,324.07,552.3,428.78,-1.285754073,339.8174805,-130.8271,58.0729,3624.225,1193.70979,1.496632103,23.55553137,14.82051754,53.31137848,29.24137878,1.599135919,46.91182022,1.955112338,0.829480591,109.4895432,179.7932281,9,2.0202527882713013
CA_0003945,1996,302.86,513.66,423.59,-1.285754073,329.992865,-130.8271,58.0729,3624.225,1193.70979,1.496632103,23.55553137,14.82051754,53.31137848,29.24137878,1.599135919,45.81059799,2.045524359,0.827813098,110.5799408,184.7328003,9,2.0593421870145177
CA_0003945,1997,288.8,547.18,420.83,-1.285754073,346.3205139,-130.8271,58.0729,3624.225,1193.70979,1.496632103,23.55553137,14.82051754,53.31137848,29.24137878,1.599135919,45.53149796,2.020034313,0.833162207,108.814949,194.6907928,9,2.2581008255393176
CA_0003945,1998,271.03,549.22,419.8,-1.285754073,340.2314697,-130.8271,58.0729,3624.225,1193.70979,1.496632103,23.55553137,14.82051754,53.31137848,29.24137878,1.599135919,45.33574219,1.991806626,0.836899475,109.3248047,207.0913086,9,2.129153192363406
CA_0003945,1999,252.47,540.42,410.55,-1.285754073,338.4088318,-130.8271,58.0729,3624.225,1193.70979,1.496632103,23.55553137,14.82051754,53.31137848,29.24137878,1.599135919,43.77157364,2.202890873,0.82823457,108.5498978,219.4078888,9,2.2369003216500154
CA_0003945,2000,279.79,556.3,395.32,-1.285754073,337.6242188,-130.8271,58.0729,3624.225,1193.70979,1.496632103,23.55553137,14.82051754,53.31137848,29.24137878,1.599135919,45.88703308,2.030548811,0.815388318,107.1035599,230.8534424,9,2.3480876711283503
CA_0003945,2001,290.75,572.34,389.73,-1.285754073,340.9757385,-130.8271,58.0729,3624.225,1193.70979,1.496632103,23.55553137,14.82051754,53.31137848,29.24137878,1.599135919,50.38439407,2.085991144,0.817754126,105.5336349,239.6678589,9,2.4579293527920667
CA_0003945,2002,291.55,545.88,387.37,-1.285754073,338.8558411,-130.8271,58.0729,3624.225,1193.70979,1.496632103,23.55553137,14.82051754,53.31137848,29.24137878,1.599135919,51.3017067,2.15323329,0.817638245,105.4988052,246.7404938,9,2.5812727266890607
CA_0003945,2003,311.27,572.38,377.48,-1.285754073,344.4548035,-130.8271,58.0729,3624.225,1193.70979,1.496632103,23.55553137,14.82051754,53.31137848,29.24137878,1.599135919,53.72692871,2.083314419,0.812254639,104.8627625,251.5264252,9,2.8792507234176314
CA_0003945,2004,312.13,569.34,388.83,-1.285754073,346.7191772,-130.8271,58.0729,3624.225,1193.70979,1.496632103,23.55553137,14.82051754,53.31137848,29.24137878,1.599135919,54.33573914,2.222470999,0.828229456,106.2632462,256.8637756,9,2.680915567456741
CA_0003945,2005,320.42,585.37,398.19,-1.285754073,352.2194641,-130.8271,58.0729,3624.225,1193.70979,1.496632103,23.55553137,14.82051754,53.31137848,29.24137878,1.599135919,52.81420364,2.097211123,0.821888965,105.7896484,262.9675293,9,2.57271565767917
CA_0003945,2006,346.54,578.97,403.8,-1.285754073,350.8886108,-130.8271,58.0729,3624.225,1193.70979,1.496632103,23.55553137,14.82051754,53.31137848,29.24137878,1.599135919,49.32564316,2.130674362,0.807701135,104.9478653,269.3267883,9,2.4583337314385254
CA_0003945,2007,389.8,613.05,403.49,-1.285754073,349.2099548,-130.8271,58.0729,3624.225,1193.70979,1.496632103,23.55553137,14.82051754,53.31137848,29.24137878,1.599135919,49.11924667,2.098903418,0.78447699,104.0247589,273.8315613,9,2.2666383505556738
CA_0003945,2008,400.13,621.07,401.29,-1.285754073,350.3475037,-130.8271,58.0729,3624.225,1193.70979,1.496632103,23.55553137,14.82051754,53.31137848,29.24137878,1.599135919,50.00619583,2.241948843,0.766691541,102.6824982,276.9134338,9,2.299191662562753
CA_0003945,2009,422.23,630.72,394.82,-1.285754073,352.0552673,-130.8271,58.0729,3624.225,1193.70979,1.496632103,23.55553137,14.82051754,53.31137848,29.24137878,1.599135919,53.04356995,2.136920929,0.750161572,102.6800522,278.1935303,9,2.4270648253959055
CA_0003945,2010,378.88,607.57,401.33,-1.285754073,345.4950073,-130.8271,58.0729,3624.225,1193.70979,1.496632103,23.55553137,14.82051754,53.31137848,29.24137878,1.599135919,55.02610474,2.143792152,0.770625732,104.4086868,279.3160583,9,2.229989935914562
CA_0003945,2011,355.07,614.21,402.18,-1.285754073,352.9467102,-130.8271,58.0729,3624.225,1193.70979,1.496632103,23.55553137,14.82051754,53.31137848,29.24137878,1.599135919,58.39046021,2.299679995,0.769096912,105.4665344,281.9675232,9,2.381593249110352
CA_0003945,2012,320.86,599.9,403.4,-1.285754073,353.7776306,-130.8271,58.0729,3624.225,1193.70979,1.496632103,23.55553137,14.82051754,53.31137848,29.24137878,1.599135919,57.51211929,2.168728828,0.796232483,106.6657028,283.1882813,9,2.4467332062661464
CA_0003945,2013,310.74,575.45,409.2,-1.285754073,350.9925842,-130.8271,58.0729,3624.225,1193.70979,1.496632103,23.55553137,14.82051754,53.31137848,29.24137878,1.599135919,53.37090302,2.063886642,0.849894165,107.2413513,284.0835144,9,2.389210350057068
CA_0003948,1989,594.8,776.94,387.44,-1.131209612,345.0711548,-131.7562,57.4812,35933.24,1341.258565,4.002511571,21.83432365,14.82849026,48.93442154,31.34849548,1.443689805,47.91169052,1.928417444,0.808172327,109.4667679,151.2130432,9,1.9627213857396697
CA_0003948,1990,569.33,772.09,392.13,-1.131209612,343.5142334,-131.7562,57.4812,35933.24,1341.258565,4.002511571,21.83432365,14.82849026,48.93442154,31.34849548,1.443689805,46.56306229,2.112489462,0.814907227,108.3959076,153.5846252,9,1.8723441611490528
CA_0003948,1991,574.07,794.95,394.52,-1.131209612,346.3523743,-131.7562,57.4812,35933.24,1341.258565,4.002511571,21.83432365,14.82849026,48.93442154,31.34849548,1.443689805,45.26736145,2.192379475,0.813621033,107.3538971,154.3404541,9,1.8533672095288551
CA_0003948,1992,570.27,769.95,395.62,-1.131209612,333.9273926,-131.7562,57.4812,35933.24,1341.258565,4.002511571,21.83432365,14.82849026,48.93442154,31.34849548,1.443689805,44.58278046,2.198435783,0.814426209,109.0015945,154.5508698,9,1.6736942658590894
CA_0003948,1993,572.29,723.26,411.41,-1.131209612,338.3043762,-131.7562,57.4812,35933.24,1341.258565,4.002511571,21.83432365,14.82849026,48.93442154,31.34849548,1.443689805,41.84452133,1.999950767,0.816766394,111.2615311,154.0585724,9,1.6768373142846926
CA_0003948,1994,574.46,743.24,409.5,-1.131209612,341.1044189,-131.7562,57.4812,35933.24,1341.258565,4.002511571,21.83432365,14.82849026,48.93442154,31.34849548,1.443689805,42.18141403,2.029399633,0.813204334,109.6606583,154.702594,9,1.6971298034875588
CA_0003948,1995,502.61,722.71,412.97,-1.131209612,348.2440918,-131.7562,57.4812,35933.24,1341.258565,4.002511571,21.83432365,14.82849026,48.93442154,31.34849548,1.443689805,42.83667831,1.927668095,0.818357459,110.7767883,157.1578491,9,1.8139007159386875
CA_0003949,1989,972.15,923.35,387.84,-0.573311906,347.2813354,-132.1312,56.7062,51630.83,1284.141033,4.472754833,24.21212906,14.28073215,48.18083191,31.16429329,1.410522868,45.1807045,1.94486022,0.808797876,109.6194901,155.6410736,9,1.7683021842338515
CA_0003949,1990,1017.94,917.86,392.07,-0.573311906,346.1872131,-132.1312,56.7062,51630.83,1284.141033,4.472754833,24.21212906,14.28073215,48.18083191,31.16429329,1.410522868,43.99094391,2.108023167,0.815253674,108.4661285,158.1063049,9,1.6996363439480804
CA_0003949,1991,1045.17,948.71,393.97,-0.573311906,349.3949646,-132.1312,56.7062,51630.83,1284.141033,4.472754833,24.21212906,14.28073215,48.18083191,31.16429329,1.410522868,42.92938995,2.192854881,0.814197241,107.4711304,158.9403564,9,1.6942701256283157
CA_0003949,1992,1074.19,923.23,395.8,-0.573311906,338.8293518,-132.1312,56.7062,51630.83,1284.141033,4.472754833,24.21212906,14.28073215,48.18083191,31.16429329,1.410522868,42.35404663,2.192967892,0.815285852,109.0613556,159.4461975,9,1.542222681671514
CA_0003949,1993,1076.91,872.42,411.62,-0.573311906,343.33974,-132.1312,56.7062,51630.83,1284.141033,4.472754833,24.21212906,14.28073215,48.18083191,31.16429329,1.410522868,39.97603149,2.004780769,0.818963342,111.5094208,159.0491364,9,1.5237635161941465
CA_0003949,1994,1161.58,896.76,409.31,-0.573311906,346.027417,-132.1312,56.7062,51630.83,1284.141033,4.472754833,24.21212906,14.28073215,48.18083191,31.16429329,1.410522868,40.33958511,2.037846327,0.814411841,109.7433105,159.4031036,9,1.5481082398771877
CA_0003949,1995,1223.94,869.88,412.9,-0.573311906,353.2378174,-132.1312,56.7062,51630.83,1284.141033,4.472754833,24.21212906,14.28073215,48.18083191,31.16429329,1.410522868,40.86326065,1.956950665,0.81963739,110.9618607,161.7977905,9,1.6470017890795452
CA_0003949,1996,1242.86,810.69,406.11,-0.573311906,342.8619812,-132.1312,56.7062,51630.83,1284.141033,4.472754833,24.21212906,14.28073215,48.18083191,31.16429329,1.410522868,40.71085358,2.030570984,0.816388391,111.6905334,166.3317108,9,1.6441100113983769
CA_0003949,1997,1295.26,841.73,401.97,-0.573311906,355.4032532,-132.1312,56.7062,51630.83,1284.141033,4.472754833,24.21212906,14.28073215,48.18083191,31.16429329,1.410522868,41.61329422,1.999686837,0.820308044,109.8642776,174.6560364,9,1.8470401777757932
CA_0003949,1998,1376.15,845.99,400.66,-0.573311906,353.9261108,-132.1312,56.7062,51630.83,1284.141033,4.472754833,24.21212906,14.28073215,48.18083191,31.16429329,1.410522868,41.8992012,1.988696218,0.826458301,109.8505585,183.2769623,9,1.8297025116630456
CA_0003949,1999,1306.4,847.95,390.09,-0.573311906,348.0233215,-132.1312,56.7062,51630.83,1284.141033,4.472754833,24.21212906,14.28073215,48.18083191,31.16429329,1.410522868,41.56859055,2.14255023,0.820890442,108.9469223,191.6589752,9,1.8584350095772633
CA_0003949,2000,1214.52,876.9,374.51,-0.573311906,342.7846558,-132.1312,56.7062,51630.83,1284.141033,4.472754833,24.21212906,14.28073215,48.18083191,31.16429329,1.410522868,43.41214294,1.995231032,0.806860303,107.2959839,199.5904205,9,1.9572343340386593
CA_0003949,2001,1157.47,910.18,369.21,-0.573311906,343.4378357,-132.1312,56.7062,51630.83,1284.141033,4.472754833,24.21212906,14.28073215,48.18083191,31.16429329,1.410522868,45.59214249,2.069764137,0.809498364,105.5769714,205.3578033,9,2.038461341917148
CA_0003949,2002,1080.5,878.59,365.55,-0.573311906,338.666272,-132.1312,56.7062,51630.83,1284.141033,4.472754833,24.21212906,14.28073215,48.18083191,31.16429329,1.410522868,45.53301926,2.078620911,0.811106433,105.594635,210.9879395,9,2.0337079873790613
CA_0003949,2003,1015.28,911.87,355.7,-0.573311906,338.1293579,-132.1312,56.7062,51630.83,1284.141033,4.472754833,24.21212906,14.28073215,48.18083191,31.16429329,1.410522868,46.9430542,2.041032553,0.80758219,105.1215439,215.8193298,9,2.247167457242339
CA_0003949,2004,1019.73,888.65,369.77,-0.573311906,345.5359253,-132.1312,56.7062,51630.83,1284.141033,4.472754833,24.21212906,14.28073215,48.18083191,31.16429329,1.410522868,47.00047226,2.087762356,0.828106946,106.9997238,220.8368744,9,2.1260970176624094
CA_0003949,2005,1054.99,903.55,380.42,-0.573311906,354.3530396,-132.1312,56.7062,51630.83,1284.141033,4.472754833,24.21212906,14.28073215,48.18083191,31.16429329,1.410522868,46.49297333,2.047362089,0.827824536,106.9349838,226.2785645,9,2.1082190992335175
CA_0003949,2006,1219.41,876.87,388.79,-0.573311906,356.3302856,-132.1312,56.7062,51630.83,1284.141033,4.472754833,24.21212906,14.28073215,48.18083191,31.16429329,1.410522868,44.60485458,2.075906277,0.818407532,107.0915314,232.3392578,9,2.0232656780499485
CA_0003949,2007,1372.97,911.54,390.36,-0.573311906,357.7624756,-132.1312,56.7062,51630.83,1284.141033,4.472754833,24.21212906,14.28073215,48.18083191,31.16429329,1.410522868,44.37905884,2.065610647,0.793091711,106.4641983,236.0105011,9,1.9726458553157145
CA_0003949,2008,1330.0,913.56,388.85,-0.573311906,357.3825562,-132.1312,56.7062,51630.83,1284.141033,4.472754833,24.21212906,14.28073215,48.18083191,31.16429329,1.410522868,44.7086319,2.162019014,0.772510803,105.6413101,238.5255768,9,1.989499966816693
CA_0003949,2009,1318.43,915.41,382.88,-0.573311906,354.077771,-132.1312,56.7062,51630.83,1284.141033,4.472754833,24.21212906,14.28073215,48.18083191,31.16429329,1.410522868,46.08465118,2.096564293,0.752949133,105.9206543,238.4612427,9,2.023244417895637
CA_0003949,2010,1269.1,896.52,388.38,-0.573311906,348.7294434,-132.1312,56.7062,51630.83,1284.141033,4.472754833,24.21212906,14.28073215,48.18083191,31.16429329,1.410522868,46.22444229,2.120141983,0.776238843,107.5483307,237.3342712,9,1.8252677989685273
CA_0003949,2011,1118.86,906.96,387.38,-0.573311906,353.7329407,-132.1312,56.7062,51630.83,1284.141033,4.472754833,24.21212906,14.28073215,48.18083191,31.16429329,1.410522868,47.83949051,2.200219631,0.767143189,107.9721542,236.6774597,9,1.93711968978983
CA_0003949,2012,954.56,887.09,388.89,-0.573311906,350.9727112,-132.1312,56.7062,51630.83,1284.141033,4.472754833,24.21212906,14.28073215,48.18083191,31.16429329,1.410522868,46.76815872,2.101506948,0.798271765,109.119603,235.0307007,9,1.8781826812911386
CA_0003949,2013,1001.23,867.69,394.04,-0.573311906,352.0068787,-132.1312,56.7062,51630.83,1284.141033,4.472754833,24.21212906,14.28073215,48.18083191,31.16429329,1.410522868,44.8141655,1.973504305,0.846883032,109.672316,233.9849335,9,1.850306749713693
CA_0003951,1989,465.22,695.15,391.56,-0.429393906,345.0719238,-130.1937,57.5437,1273.509,1413.029031,5.219013448,21.57001085,11.29870129,54.74837494,30.52690887,1.161196364,55.35991135,1.984474182,0.78845343,109.5740204,717.5713135,9,2.0869929490741606
CA_0003951,1990,462.44,689.59,395.9,-0.429393906,345.1882324,-130.1937,57.5437,1273.509,1413.029031,5.219013448,21.57001085,11.29870129,54.74837494,30.52690887,1.161196364,53.41763992,2.139404774,0.792796765,108.1929382,729.9400024,9,2.0392507251592034
CA_0003951,1991,481.11,717.13,396.93,-0.429393906,347.4834656,-130.1937,57.5437,1273.509,1413.029031,5.219013448,21.57001085,11.29870129,54.74837494,30.52690887,1.161196364,52.31047745,2.229310513,0.789184863,107.1315689,734.9038208,9,2.00426666810729
CA_0003951,1992,486.73,693.94,398.7,-0.429393906,336.9226257,-130.1937,57.5437,1273.509,1413.029031,5.219013448,21.57001085,11.29870129,54.74837494,30.52690887,1.161196364,51.77722321,2.219900846,0.792404541,108.6794952,737.1439819,9,1.8343911340565535
CA_0003951,1993,507.1,651.5,416.07,-0.429393906,339.7717896,-130.1937,57.5437,1273.509,1413.029031,5.219013448,21.57001085,11.29870129,54.74837494,30.52690887,1.161196364,48.36448517,2.0140872,0.795154334,111.2218369,736.6310303,9,1.8124545934318783
CA_0003951,1994,493.73,674.96,413.86,-0.429393906,342.6109497,-130.1937,57.5437,1273.509,1413.029031,5.219013448,21.57001085,11.29870129,54.74837494,30.52690887,1.161196364,48.73709335,2.066091299,0.795343555,109.358165,740.8012573,9,1.8204144214163518
CA_0003951,1995,459.16,656.59,419.23,-0.429393906,349.8629761,-130.1937,57.5437,1273.509,1413.029031,5.219013448,21.57001085,11.29870129,54.74837494,30.52690887,1.161196364,49.77928619,1.977142692,0.802408008,110.9357178,753.8638184,9,1.9365151455669578
CA_0003951,1996,382.25,608.34,412.63,-0.429393906,339.3402405,-130.1937,57.5437,1273.509,1413.029031,5.219013448,21.57001085,11.29870129,54.74837494,30.52690887,1.161196364,49.92150879,2.052718163,0.801272241,111.6264908,776.9169678,9,1.9604153792917067
CA_0003952,1989,1056.87,1103.28,378.81,0.318548398,343.3365845,-130.8729,56.6979,7405.51,1292.027185,5.276727558,25.98151398,12.05493641,49.73612213,30.4975071,1.389830525,52.47685089,1.96249342,0.801726575,109.1224533,382.4208984,9,1.634171229960188
CA_0003952,1990,1071.31,1095.11,383.59,0.318548398,345.0263977,-130.8729,56.6979,7405.51,1292.027185,5.276727558,25.98151398,12.05493641,49.73612213,30.4975071,1.389830525,51.53690643,2.073975563,0.809046704,107.6298416,388.2313721,9,1.6059835414665873
CA_0003952,1991,1091.46,1139.96,384.34,0.318548398,346.3522705,-130.8729,56.6979,7405.51,1292.027185,5.276727558,25.98151398,12.05493641,49.73612213,30.4975071,1.389830525,51.18219147,2.173491001,0.809387622,106.6209167,389.7999634,9,1.5823143319658335
CA_0003952,1992,1161.89,1112.95,386.57,0.318548398,340.9418579,-130.8729,56.6979,7405.51,1292.027185,5.276727558,25.98151398,12.05493641,49.73612213,30.4975071,1.389830525,50.76075745,2.153302908,0.811527161,107.9243423,389.9295654,9,1.49291578445753
CA_0003952,1993,1193.92,1056.33,404.81,0.318548398,346.5391296,-130.8729,56.6979,7405.51,1292.027185,5.276727558,25.98151398,12.05493641,49.73612213,30.4975071,1.389830525,48.52503891,1.982034087,0.816756653,111.00513,388.2920105,9,1.4410488744693568
CA_0003952,1994,1286.96,1088.96,401.78,0.318548398,348.725708,-130.8729,56.6979,7405.51,1292.027185,5.276727558,25.98151398,12.05493641,49.73612213,30.4975071,1.389830525,48.99841995,2.041451216,0.812767773,108.7782227,389.5696838,9,1.4687201314084477
CA_0003952,1995,1138.17,1052.21,406.89,0.318548398,355.2524963,-130.8729,56.6979,7405.51,1292.027185,5.276727558,25.98151398,12.05493641,49.73612213,30.4975071,1.389830525,49.4405899,1.983553171,0.81719292,110.5667953,395.8988159,9,1.5375699778014509
CA_0003954,1989,2886.91,1654.84,343.28,1.811249948,331.1137573,-130.7229,56.9146,314.4083,1315.989663,4.50102196,36.45328852,6.479650974,38.0494194,19.05755424,2.090735085,39.06500092,2.001302004,0.500942706,108.4293808,0.0,9,1.7398068241082372
CA_0003954,1990,3153.6,1641.26,348.7,1.811249948,333.8841797,-130.7229,56.9146,314.4083,1315.989663,4.50102196,36.45328852,6.479650974,38.0494194,19.05755424,2.090735085,38.83194504,2.076006889,0.509282294,106.9397293,0.0,9,1.6703442357744314
CA_0003954,1991,3170.84,1706.28,348.12,1.811249948,333.3633362,-130.7229,56.9146,314.4083,1315.989663,4.50102196,36.45328852,6.479650974,38.0494194,19.05755424,2.090735085,38.84326401,2.195729256,0.511346881,105.9886185,0.04552539,9,1.640914291919528
CA_0003954,1992,3174.44,1669.91,350.02,1.811249948,331.9458374,-130.7229,56.9146,314.4083,1315.989663,4.50102196,36.45328852,6.479650974,38.0494194,19.05755424,2.090735085,38.578125,2.171163321,0.508731262,107.0776077,0.140241081,9,1.565937205206892
CA_0003954,1993,3262.1,1591.99,370.73,1.811249948,344.574176,-130.7229,56.9146,314.4083,1315.989663,4.50102196,36.45328852,6.479650974,38.0494194,19.05755424,2.090735085,37.73166733,2.022517204,0.517326056,110.6831284,0.276225525,9,1.485355856265016
CA_0003954,1994,3195.17,1634.51,367.17,1.811249948,344.6870972,-130.7229,56.9146,314.4083,1315.989663,4.50102196,36.45328852,6.479650974,38.0494194,19.05755424,2.090735085,38.06118088,2.089739561,0.518180231,108.1233704,0.476172441,9,1.5313485335916923
CA_0003982,1989,762.9,859.26,472.83,2.606666613,387.7581909,-127.7187,55.4354,1909.174,849.3056188,3.78019957,27.83833604,13.63701916,51.42337799,32.80989838,1.47164813,56.40859528,1.960908771,1.620006421,114.9822998,307.5034058,9,1.6219919261331226
CA_0003982,1990,755.19,868.76,473.02,2.606666613,387.8174683,-127.7187,55.4354,1909.174,849.3056188,3.78019957,27.83833604,13.63701916,51.42337799,32.80989838,1.47164813,55.21861038,2.030983925,1.626500684,113.2411865,312.2064209,9,1.607988057639006
CA_0003982,1991,782.03,913.57,470.66,2.606666613,395.1709961,-127.7187,55.4354,1909.174,849.3056188,3.78019957,27.83833604,13.63701916,51.42337799,32.80989838,1.47164813,55.42381439,2.068619967,1.63356582,112.6869583,314.0931091,9,1.6509036726523996
CA_0003982,1992,816.97,917.54,477.63,2.606666613,388.2462036,-127.7187,55.4354,1909.174,849.3056188,3.78019957,27.83833604,13.63701916,51.42337799,32.80989838,1.47164813,55.08846054,2.041176319,1.635731885,114.2377243,315.2583191,9,1.521007816169183
CA_0003982,1993,799.3,880.56,486.78,2.606666613,376.0977844,-127.7187,55.4354,1909.174,849.3056188,3.78019957,27.83833604,13.63701916,51.42337799,32.80989838,1.47164813,52.3759758,1.911587596,1.636061597,116.7372681,315.0517517,9,1.4018150008117483
CA_0003982,1994,812.72,911.37,483.58,2.606666613,384.0885498,-127.7187,55.4354,1909.174,849.3056188,3.78019957,27.83833604,13.63701916,51.42337799,32.80989838,1.47164813,53.89167252,1.941415906,1.623795508,114.3874634,317.3056763,9,1.4542001002186664
CA_0003982,1995,754.85,883.14,487.29,2.606666613,389.0312622,-127.7187,55.4354,1909.174,849.3056188,3.78019957,27.83833604,13.63701916,51.42337799,32.80989838,1.47164813,53.65730515,1.99902153,1.632648755,115.8478073,323.0626526,9,1.5143173551803268
CA_0003982,1996,756.58,820.17,480.67,2.606666613,379.1699097,-127.7187,55.4354,1909.174,849.3056188,3.78019957,27.83833604,13.63701916,51.42337799,32.80989838,1.47164813,53.46662598,2.011595011,1.623450854,115.7682495,332.3812378,9,1.5369618722855567
CA_0003982,1997,738.08,819.12,468.89,2.606666613,387.3331665,-127.7187,55.4354,1909.174,849.3056188,3.78019957,27.83833604,13.63701916,51.42337799,32.80989838,1.47164813,54.04893265,1.984553099,1.620278442,113.9872299,343.4866455,9,1.7074183064131172
CA_0003982,1998,698.99,820.61,471.13,2.606666613,395.0421753,-127.7187,55.4354,1909.174,849.3056188,3.78019957,27.83833604,13.63701916,51.42337799,32.80989838,1.47164813,55.06043396,1.986010551,1.639700415,113.5916992,354.7558472,9,1.7893124982335942
CA_0003982,1999,709.56,831.94,456.08,2.606666613,394.1377869,-127.7187,55.4354,1909.174,849.3056188,3.78019957,27.83833604,13.63701916,51.42337799,32.80989838,1.47164813,56.51354065,2.009816885,1.62635752,112.5025818,365.8710999,9,1.898811514798106
CA_0003982,2000,778.95,860.43,443.07,2.606666613,396.6339417,-127.7187,55.4354,1909.174,849.3056188,3.78019957,27.83833604,13.63701916,51.42337799,32.80989838,1.47164813,58.76975555,1.957484961,1.601101318,110.3109985,378.8968445,9,2.055581338298852
CA_0003982,2001,764.41,899.06,437.41,2.606666613,400.1227173,-127.7187,55.4354,1909.174,849.3056188,3.78019957,27.83833604,13.63701916,51.42337799,32.80989838,1.47164813,60.49995575,2.027158737,1.595574927,108.2815826,388.8776123,9,2.1550296131037854
CA_0003982,2002,778.67,887.44,432.12,2.606666613,391.4579224,-127.7187,55.4354,1909.174,849.3056188,3.78019957,27.83833604,13.63701916,51.42337799,32.80989838,1.47164813,60.73827057,2.007365942,1.596494702,108.284491,406.5542969,9,2.064560220483392
CA_0003982,2003,816.58,915.56,424.03,2.606666613,394.3133057,-127.7187,55.4354,1909.174,849.3056188,3.78019957,27.83833604,13.63701916,51.42337799,32.80989838,1.47164813,61.48920593,2.004719019,1.583526074,107.4611877,425.7202515,9,2.247048518916447
CA_0003982,2004,801.83,888.19,443.95,2.606666613,397.3370667,-127.7187,55.4354,1909.174,849.3056188,3.78019957,27.83833604,13.63701916,51.42337799,32.80989838,1.47164813,59.43461304,1.943438888,1.629271484,109.74263,446.4803162,9,2.0046476373526025
CA_0003982,2005,787.73,891.75,454.62,2.606666613,402.7110901,-127.7187,55.4354,1909.174,849.3056188,3.78019957,27.83833604,13.63701916,51.42337799,32.80989838,1.47164813,58.57047272,2.02892518,1.636712646,110.360405,469.1214355,9,1.9562721678834767
CA_0003982,2006,744.95,848.53,467.37,2.606666613,399.1897278,-127.7187,55.4354,1909.174,849.3056188,3.78019957,27.83833604,13.63701916,51.42337799,32.80989838,1.47164813,56.48321762,1.994507909,1.618135254,112.6742783,492.7375366,9,1.833030293945252
CA_0003982,2007,738.75,864.2,469.62,2.606666613,409.3045227,-127.7187,55.4354,1909.174,849.3056188,3.78019957,27.83833604,13.63701916,51.42337799,32.80989838,1.47164813,56.86072388,2.007175684,1.569163672,111.6464035,512.0086304,9,1.9418650379255584
CA_0003982,2008,747.84,856.06,465.77,2.606666613,406.5292786,-127.7187,55.4354,1909.174,849.3056188,3.78019957,27.83833604,13.63701916,51.42337799,32.80989838,1.47164813,57.04734879,2.077935457,1.547609326,111.6275543,525.3639832,9,1.9538392683962615
CA_0003982,2009,745.12,827.14,460.71,2.606666613,396.3309082,-127.7187,55.4354,1909.174,849.3056188,3.78019957,27.83833604,13.63701916,51.42337799,32.80989838,1.47164813,57.46410217,2.111479998,1.524439258,112.331839,530.6915283,9,1.894560916874304
CA_0003982,2010,688.42,815.03,465.21,2.606666613,383.5069702,-127.7187,55.4354,1909.174,849.3056188,3.78019957,27.83833604,13.63701916,51.42337799,32.80989838,1.47164813,57.24778214,2.127622604,1.560294653,113.3198807,533.3225586,9,1.69349608479314
CA_0003982,2011,734.39,830.76,454.47,2.606666613,386.0786926,-127.7187,55.4354,1909.174,849.3056188,3.78019957,27.83833604,13.63701916,51.42337799,32.80989838,1.47164813,58.56624374,2.125844479,1.541191431,110.8865845,536.2461426,9,1.7915831441264056
CA_0003982,2012,721.76,804.95,458.03,2.606666613,387.1451172,-127.7187,55.4354,1909.174,849.3056188,3.78019957,27.83833604,13.63701916,51.42337799,32.80989838,1.47164813,58.65987167,2.016042471,1.590494507,112.622467,534.958374,9,1.8208745291616357
CA_0003982,2013,680.04,774.48,460.41,2.606666613,379.1386475,-127.7187,55.4354,1909.174,849.3056188,3.78019957,27.83833604,13.63701916,51.42337799,32.80989838,1.47164813,57.00279007,1.821053863,1.643521948,112.9889755,538.7637695,9,1.745224712987325
CA_0003982,2014,675.34,802.59,459.03,2.606666613,394.5921753,-127.7187,55.4354,1909.174,849.3056188,3.78019957,27.83833604,13.63701916,51.42337799,32.80989838,1.47164813,57.3565506,1.95698905,1.688904932,112.4926575,551.0421997,9,1.9329014398177746
CA_0003987,1989,160.41,491.3,533.41,2.6155334,407.7775208,-125.4312,54.4062,809.096,1090.498852,2.365113274,20.63994654,17.72714233,34.55142975,37.24285889,1.390852545,60.98649673,2.005733967,1.518222705,124.7743912,217.3880646,9,3.0826822584619618
CA_0003987,1990,171.34,514.43,531.0,2.6155334,402.5032349,-125.4312,54.4062,809.096,1090.498852,2.365113274,20.63994654,17.72714233,34.55142975,37.24285889,1.390852545,58.51636887,2.177782774,1.520562085,123.137088,220.4686493,9,2.65701987472434
CA_0003987,1991,182.66,520.07,534.2,2.6155334,404.8190674,-125.4312,54.4062,809.096,1090.498852,2.365113274,20.63994654,17.72714233,34.55142975,37.24285889,1.390852545,57.11892929,2.105362177,1.525745752,123.3495789,222.3724091,9,2.628638509414909
CA_0003987,1992,187.07,537.37,540.22,2.6155334,398.7138245,-125.4312,54.4062,809.096,1090.498852,2.365113274,20.63994654,17.72714233,34.55142975,37.24285889,1.390852545,61.5693161,2.019389629,1.517630469,124.2393295,224.3845428,9,2.3022050613236633
CA_0003987,1993,186.95,512.57,537.97,2.6155334,388.3821472,-125.4312,54.4062,809.096,1090.498852,2.365113274,20.63994654,17.72714233,34.55142975,37.24285889,1.390852545,62.80542755,1.890396833,1.514350537,124.3922836,223.7227661,9,2.3031422420340903
CA_0003987,1994,197.88,530.63,537.37,2.6155334,390.9717957,-125.4312,54.4062,809.096,1090.498852,2.365113274,20.63994654,17.72714233,34.55142975,37.24285889,1.390852545,64.29360199,1.990471244,1.509006348,123.0410538,224.2381165,9,2.223790793259477
CA_0003987,1995,186.56,520.19,539.14,2.6155334,398.436676,-125.4312,54.4062,809.096,1090.498852,2.365113274,20.63994654,17.72714233,34.55142975,37.24285889,1.390852545,63.42769928,1.937390804,1.502390674,123.3084244,225.9026398,9,2.439406279519621
CA_0003987,1996,205.08,513.72,529.54,2.6155334,397.2829834,-125.4312,54.4062,809.096,1090.498852,2.365113274,20.63994654,17.72714233,34.55142975,37.24285889,1.390852545,64.61161652,2.095228195,1.489529541,122.5149719,230.9608856,9,2.549257104987777
CA_0003987,1997,182.66,516.32,515.65,2.6155334,406.430249,-125.4312,54.4062,809.096,1090.498852,2.365113274,20.63994654,17.72714233,34.55142975,37.24285889,1.390852545,64.55361023,2.082549572,1.490024536,121.2702896,233.0576721,9,2.9042737527451012
CA_0003987,1998,165.1,525.48,523.63,2.6155334,409.2129944,-125.4312,54.4062,809.096,1090.498852,2.365113274,20.63994654,17.72714233,34.55142975,37.24285889,1.390852545,63.43420563,1.90590775,1.502177588,121.5449722,232.8412659,9,2.7914747238381343
CA_0003987,1999,169.39,535.5,509.71,2.6155334,414.205481,-125.4312,54.4062,809.096,1090.498852,2.365113274,20.63994654,17.72714233,34.55142975,37.24285889,1.390852545,68.05028839,2.156602144,1.493467871,121.2613007,231.8526825,9,2.997429104367409
CA_0003987,2000,170.64,537.15,497.12,2.6155334,419.0113159,-125.4312,54.4062,809.096,1090.498852,2.365113274,20.63994654,17.72714233,34.55142975,37.24285889,1.390852545,74.05425568,1.97955358,1.483744214,119.7775223,232.6529755,9,3.3460341972086844
CA_0003987,2001,138.17,545.95,495.92,2.6155334,424.8708374,-125.4312,54.4062,809.096,1090.498852,2.365113274,20.63994654,17.72714233,34.55142975,37.24285889,1.390852545,78.89742279,2.110595226,1.481927295,118.944696,231.5486786,9,3.4888328628461798
CA_0003987,2002,176.8,535.16,489.53,2.6155334,412.2302368,-125.4312,54.4062,809.096,1090.498852,2.365113274,20.63994654,17.72714233,34.55142975,37.24285889,1.390852545,79.6663208,2.117584229,1.478171069,118.6117096,233.7261902,9,3.2510475731053865
CA_0003987,2003,183.05,546.14,486.25,2.6155334,418.3090393,-125.4312,54.4062,809.096,1090.498852,2.365113274,20.63994654,17.72714233,34.55142975,37.24285889,1.390852545,81.51415863,2.071007013,1.466989087,118.3178802,240.9496246,9,3.4169826822576446
CA_0003987,2004,169.85,543.71,500.69,2.6155334,420.8231018,-125.4312,54.4062,809.096,1090.498852,2.365113274,20.63994654,17.72714233,34.55142975,37.24285889,1.390852545,80.00965271,2.057738066,1.498622168,118.7358475,250.1588135,9,3.2661205004151546
CA_0003987,2005,177.19,544.52,511.25,2.6155334,423.169165,-125.4312,54.4062,809.096,1090.498852,2.365113274,20.63994654,17.72714233,34.55142975,37.24285889,1.390852545,76.41909637,2.09701395,1.532906177,119.3206192,262.064621,9,3.1644775439276223
CA_0003987,2006,182.66,521.05,526.33,2.6155334,412.562854,-125.4312,54.4062,809.096,1090.498852,2.365113274,20.63994654,17.72714233,34.55142975,37.24285889,1.390852545,68.979422,2.106547594,1.524528418,121.6796158,272.4511414,9,2.906744298721553
CA_0003987,2007,209.59,540.29,526.96,2.6155334,426.3838074,-125.4312,54.4062,809.096,1090.498852,2.365113274,20.63994654,17.72714233,34.55142975,37.24285889,1.390852545,69.72201385,2.123888731,1.489837109,120.5590012,285.3468323,9,3.0939354034093447
CA_0003987,2008,225.43,542.15,516.25,2.6155334,421.3796448,-125.4312,54.4062,809.096,1090.498852,2.365113274,20.63994654,17.72714233,34.55142975,37.24285889,1.390852545,71.01125946,2.200500965,1.478593945,120.7936447,293.9849854,9,3.0586668153932894
CA_0003987,2009,238.86,516.95,513.04,2.6155334,410.0935669,-125.4312,54.4062,809.096,1090.498852,2.365113274,20.63994654,17.72714233,34.55142975,37.24285889,1.390852545,69.35459366,2.133883953,1.440106982,122.1595886,294.0842163,9,3.043553741791606
CA_0003987,2010,227.15,504.82,517.1,2.6155334,398.0989258,-125.4312,54.4062,809.096,1090.498852,2.365113274,20.63994654,17.72714233,34.55142975,37.24285889,1.390852545,69.94862289,2.126116037,1.390004956,122.9303436,293.7844116,9,2.780174545952397
CA_0003987,2011,263.06,518.43,497.0,2.6155334,402.8095276,-125.4312,54.4062,809.096,1090.498852,2.365113274,20.63994654,17.72714233,34.55142975,37.24285889,1.390852545,75.88037949,2.288744926,1.353871069,119.0487656,295.9280945,9,3.006305386705357
CA_0003987,2012,232.86,499.58,504.75,2.6155334,403.174646,-125.4312,54.4062,809.096,1090.498852,2.365113274,20.63994654,17.72714233,34.55142975,37.24285889,1.390852545,73.79714279,2.140436411,1.373830811,120.7428802,294.7022461,9,3.157790817704213
CA_0003987,2013,223.25,473.74,509.21,2.6155334,395.9507202,-125.4312,54.4062,809.096,1090.498852,2.365113274,20.63994654,17.72714233,34.55142975,37.24285889,1.390852545,67.32480087,1.963422537,1.378870508,120.39151,295.8549377,9,3.248757295589514
CA_0003991,1989,190.43,527.47,521.42,1.626717162,398.4308472,-126.6979,55.4271,6567.257,997.2580685,2.155643426,20.31266766,16.86533356,39.16059113,35.01694107,1.371484126,55.89700317,2.004025698,1.410970874,122.8934784,7974.254395,9,2.5228469727964944
CA_0003991,1990,198.41,545.73,519.39,1.626717162,391.2590698,-126.6979,55.4271,6567.257,997.2580685,2.155643426,20.31266766,16.86533356,39.16059113,35.01694107,1.371484126,52.85314331,2.158694983,1.41179646,121.3122772,8671.028027,9,2.2553825359691273
CA_0003991,1991,206.94,558.27,521.54,1.626717162,396.1596985,-126.6979,55.4271,6567.257,997.2580685,2.155643426,20.31266766,16.86533356,39.16059113,35.01694107,1.371484126,50.86829758,2.110175371,1.420391675,121.4105453,9058.54707,9,2.25271618665247
CA_0003991,1992,221.59,573.52,527.73,1.626717162,387.3696716,-126.6979,55.4271,6567.257,997.2580685,2.155643426,20.31266766,16.86533356,39.16059113,35.01694107,1.371484126,54.21121597,2.042425394,1.416503223,122.6348083,9407.361719,9,1.985566610612548
CA_0003991,1993,218.37,547.89,527.09,1.626717162,375.0525574,-126.6979,55.4271,6567.257,997.2580685,2.155643426,20.31266766,16.86533356,39.16059113,35.01694107,1.371484126,54.79290695,1.918473125,1.411231543,123.15327,9623.811523,9,1.929183528880761
CA_0003991,1994,235.31,567.45,525.72,1.626717162,378.8025146,-126.6979,55.4271,6567.257,997.2580685,2.155643426,20.31266766,16.86533356,39.16059113,35.01694107,1.371484126,56.68610992,1.99799931,1.404607104,121.710849,9261.091992,9,1.90132405550569
CA_0003991,1995,220.33,555.24,527.57,1.626717162,387.7948853,-126.6979,55.4271,6567.257,997.2580685,2.155643426,20.31266766,16.86533356,39.16059113,35.01694107,1.371484126,56.49423447,1.964485288,1.398372095,122.0656097,9338.642773,9,2.083498863539809
CA_0003991,1996,243.02,542.39,517.94,1.626717162,384.6864929,-126.6979,55.4271,6567.257,997.2580685,2.155643426,20.31266766,16.86533356,39.16059113,35.01694107,1.371484126,57.41379852,2.091065407,1.380961108,121.3637344,9513.069922,9,2.166642336019051
CA_0003991,1997,266.28,545.24,504.3,1.626717162,395.4619263,-126.6979,55.4271,6567.257,997.2580685,2.155643426,20.31266766,16.86533356,39.16059113,35.01694107,1.371484126,56.94134979,2.071995735,1.382030103,119.8981445,9623.892383,9,2.4731973796627083
CA_0003991,1998,253.97,554.19,511.73,1.626717162,400.4189453,-126.6979,55.4271,6567.257,997.2580685,2.155643426,20.31266766,16.86533356,39.16059113,35.01694107,1.371484126,56.28493347,1.948322773,1.394046411,120.1743439,9859.525,9,2.447552007025892
CA_0003991,1999,256.86,563.81,497.82,1.626717162,405.8493347,-126.6979,55.4271,6567.257,997.2580685,2.155643426,20.31266766,16.86533356,39.16059113,35.01694107,1.371484126,59.64219894,2.136259079,1.383629932,119.7132736,9826.351172,9,2.651846783064436
CA_0003991,2000,263.88,568.25,484.68,1.626717162,411.3743835,-126.6979,55.4271,6567.257,997.2580685,2.155643426,20.31266766,16.86533356,39.16059113,35.01694107,1.371484126,63.99956055,1.982300401,1.376953833,118.15392,9620.528711,9,2.959042385388748
CA_0003991,2001,246.64,579.03,482.89,1.626717162,417.2592163,-126.6979,55.4271,6567.257,997.2580685,2.155643426,20.31266766,16.86533356,39.16059113,35.01694107,1.371484126,67.9470871,2.107004881,1.378316309,117.1319458,9544.41875,9,3.090365504353499
CA_0003991,2002,235.49,568.03,477.19,1.626717162,403.2555786,-126.6979,55.4271,6567.257,997.2580685,2.155643426,20.31266766,16.86533356,39.16059113,35.01694107,1.371484126,68.9433609,2.102336168,1.372757178,116.8794601,9624.003516,9,2.831079100067316
CA_0003991,2003,242.72,581.39,472.7,1.626717162,409.2698792,-126.6979,55.4271,6567.257,997.2580685,2.155643426,20.31266766,16.86533356,39.16059113,35.01694107,1.371484126,71.10662689,2.074671268,1.364404785,116.5056152,9493.596094,9,2.9902056620273685
CA_0003991,2004,233.57,577.04,487.07,1.626717162,410.6040588,-126.6979,55.4271,6567.257,997.2580685,2.155643426,20.31266766,16.86533356,39.16059113,35.01694107,1.371484126,70.47513275,2.034651756,1.394491187,117.0958786,9514.002344,9,2.8235833779234953
CA_0003991,2005,243.19,579.46,497.46,1.626717162,413.5964966,-126.6979,55.4271,6567.257,997.2580685,2.155643426,20.31266766,16.86533356,39.16059113,35.01694107,1.371484126,68.05171814,2.085296392,1.412936353,117.6082993,9749.725391,9,2.7397179479876237
CA_0003991,2006,229.43,554.31,512.66,1.626717162,403.3513306,-126.6979,55.4271,6567.257,997.2580685,2.155643426,20.31266766,16.86533356,39.16059113,35.01694107,1.371484126,62.27648163,2.092113733,1.402997827,120.0642151,10091.07793,9,2.5027450678214644
CA_0003991,2007,235.12,574.87,513.57,1.626717162,419.8090088,-126.6979,55.4271,6567.257,997.2580685,2.155643426,20.31266766,16.86533356,39.16059113,35.01694107,1.371484126,62.84751282,2.115685225,1.377994409,118.9802811,10307.22578,9,2.7328085085939473
CA_0003991,2008,244.61,574.77,504.47,1.626717162,415.2442078,-126.6979,55.4271,6567.257,997.2580685,2.155643426,20.31266766,16.86533356,39.16059113,35.01694107,1.371484126,63.03234711,2.175904989,1.36849165,119.2166977,10339.36406,9,2.7278612275166334
CA_0003991,2009,250.61,549.69,501.53,1.626717162,402.890271,-126.6979,55.4271,6567.257,997.2580685,2.155643426,20.31266766,16.86533356,39.16059113,35.01694107,1.371484126,61.41102066,2.120361805,1.342075,120.558989,10326.8127,9,2.6448732839465894
CA_0003991,2010,240.81,535.19,506.22,1.626717162,388.6511292,-126.6979,55.4271,6567.257,997.2580685,2.155643426,20.31266766,16.86533356,39.16059113,35.01694107,1.371484126,61.83476028,2.12646246,1.311329053,121.4267456,10182.51367,9,2.3803648517777125
CA_0003991,2011,279.77,547.09,487.77,1.626717162,394.4367981,-126.6979,55.4271,6567.257,997.2580685,2.155643426,20.31266766,16.86533356,39.16059113,35.01694107,1.371484126,66.18477554,2.242103338,1.268357544,117.7451279,9871.213672,9,2.6108521604790926
CA_0003991,2012,272.39,530.43,495.05,1.626717162,393.3526672,-126.6979,55.4271,6567.257,997.2580685,2.155643426,20.31266766,16.86533356,39.16059113,35.01694107,1.371484126,63.6347374,2.127825499,1.272129297,119.4172546,9342.423438,9,2.636557609338516
CA_0003991,2013,259.75,513.29,498.22,1.626717162,388.3443665,-126.6979,55.4271,6567.257,997.2580685,2.155643426,20.31266766,16.86533356,39.16059113,35.01694107,1.371484126,58.64768295,1.93428421,1.289461719,119.0781265,8970.736328,9,2.6279739473552355
CA_0003991,2014,241.79,531.32,499.59,1.626717162,402.9009094,-126.6979,55.4271,6567.257,997.2580685,2.155643426,20.31266766,16.86533356,39.16059113,35.01694107,1.371484126,57.88571548,2.004625797,1.324786792,118.6705185,8602.60332,9,2.8344505929392403
CA_0003994,1989,1290.65,1436.55,441.67,1.496031761,384.5297485,-127.4271,54.1146,1878.624,1261.311181,4.81424134,30.73992636,8.970237732,65.59672546,17.4980278,1.209103403,57.88993835,2.455784559,1.022771802,119.6030502,76.67957306,9,1.3446143360782277
CA_0003994,1990,1320.03,1499.83,441.42,1.496031761,387.2738342,-127.4271,54.1146,1878.624,1261.311181,4.81424134,30.73992636,8.970237732,65.59672546,17.4980278,1.209103403,57.19620209,2.572242975,1.023048608,118.2470383,77.72403564,9,1.3463849180682053
CA_0003994,1991,1381.61,1554.57,441.94,1.496031761,397.6175903,-127.4271,54.1146,1878.624,1261.311181,4.81424134,30.73992636,8.970237732,65.59672546,17.4980278,1.209103403,57.7944664,2.528347254,1.02479231,118.3207245,76.61407166,9,1.437211849788692
CA_0003994,1992,1453.8,1591.16,444.71,1.496031761,389.9457642,-127.4271,54.1146,1878.624,1261.311181,4.81424134,30.73992636,8.970237732,65.59672546,17.4980278,1.209103403,57.40035477,2.443517208,1.017790198,119.2086899,74.10828094,9,1.3109859029550777
CA_0003994,1993,1414.97,1540.68,452.69,1.496031761,386.7067627,-127.4271,54.1146,1878.624,1261.311181,4.81424134,30.73992636,8.970237732,65.59672546,17.4980278,1.209103403,55.67243118,2.368632078,1.01923186,121.2182022,71.52246399,9,1.247097327900259
CA_0003994,1994,1420.12,1588.77,446.56,1.496031761,381.8058472,-127.4271,54.1146,1878.624,1261.311181,4.81424134,30.73992636,8.970237732,65.59672546,17.4980278,1.209103403,56.66121597,2.438055754,1.014247571,118.489328,69.05437775,9,1.2243256150414388
CA_0003994,1995,1409.49,1527.5,449.03,1.496031761,391.7502625,-127.4271,54.1146,1878.624,1261.311181,4.81424134,30.73992636,8.970237732,65.59672546,17.4980278,1.209103403,57.06455688,2.47505188,1.010205054,119.3966064,69.41153259,9,1.3231991802277288
CA_0003994,1996,1405.87,1441.41,440.36,1.496031761,380.9216797,-127.4271,54.1146,1878.624,1261.311181,4.81424134,30.73992636,8.970237732,65.59672546,17.4980278,1.209103403,56.67369537,2.595603943,1.003019238,118.7962738,73.3707489,9,1.3155124127833508
CA_0003994,1997,1293.47,1428.77,432.09,1.496031761,388.0360901,-127.4271,54.1146,1878.624,1261.311181,4.81424134,30.73992636,8.970237732,65.59672546,17.4980278,1.209103403,57.80794525,2.500649214,1.00532699,117.4297256,79.78543091,9,1.4734014648165272
CA_0003994,1998,1276.38,1424.42,434.57,1.496031761,394.168512,-127.4271,54.1146,1878.624,1261.311181,4.81424134,30.73992636,8.970237732,65.59672546,17.4980278,1.209103403,58.22406998,2.400194407,1.011940381,117.0893448,84.85813904,9,1.535236266487939
CA_0003994,1999,1278.7,1429.48,417.72,1.496031761,386.9314331,-127.4271,54.1146,1878.624,1261.311181,4.81424134,30.73992636,8.970237732,65.59672546,17.4980278,1.209103403,59.07227859,2.485500097,1.000012012,116.1806931,89.36426392,9,1.6367426395020106
CA_0003994,2000,1283.2,1440.97,402.08,1.496031761,378.598938,-127.4271,54.1146,1878.624,1261.311181,4.81424134,30.73992636,8.970237732,65.59672546,17.4980278,1.209103403,60.62959824,2.458590269,0.995972278,113.6562332,90.62988739,9,1.7308965789749302
CA_0003994,2001,1224.92,1482.9,397.43,1.496031761,376.9213562,-127.4271,54.1146,1878.624,1261.311181,4.81424134,30.73992636,8.970237732,65.59672546,17.4980278,1.209103403,61.40814056,2.529170275,0.995062573,111.7327484,88.45238037,9,1.7642080628520709
CA_0003994,2002,1293.81,1458.64,391.7,1.496031761,363.7276855,-127.4271,54.1146,1878.624,1261.311181,4.81424134,30.73992636,8.970237732,65.59672546,17.4980278,1.209103403,60.81372528,2.522572756,0.99322273,111.5712906,88.12371063,9,1.5843386854498673
CA_0003994,2003,1266.92,1504.93,384.98,1.496031761,362.1913513,-127.4271,54.1146,1878.624,1261.311181,4.81424134,30.73992636,8.970237732,65.59672546,17.4980278,1.209103403,61.65294724,2.524787903,0.99142146,110.4029037,85.93069916,9,1.6477881799275917
CA_0003994,2004,1265.4,1474.63,408.31,1.496031761,378.4963501,-127.4271,54.1146,1878.624,1261.311181,4.81424134,30.73992636,8.970237732,65.59672546,17.4980278,1.209103403,60.60486984,2.455628395,1.020959436,112.7294449,76.85178299,9,1.5966638646518387
CA_0003994,2005,1304.43,1488.83,421.95,1.496031761,389.3831787,-127.4271,54.1146,1878.624,1261.311181,4.81424134,30.73992636,8.970237732,65.59672546,17.4980278,1.209103403,59.94363327,2.566996574,1.034238245,113.7373825,70.63144608,9,1.58413241860382
CA_0003994,2006,1272.23,1431.03,439.25,1.496031761,394.539093,-127.4271,54.1146,1878.624,1261.311181,4.81424134,30.73992636,8.970237732,65.59672546,17.4980278,1.209103403,58.52638397,2.518447876,1.024010522,117.2324722,66.97411957,9,1.4858220604793182
CA_0003994,2007,1109.74,1460.07,439.77,1.496031761,404.6935059,-127.4271,54.1146,1878.624,1261.311181,4.81424134,30.73992636,8.970237732,65.59672546,17.4980278,1.209103403,59.38147278,2.523027658,0.973514819,115.6639069,61.33312531,9,1.61621447661555
CA_0003994,2008,1104.12,1446.33,433.88,1.496031761,400.1601624,-127.4271,54.1146,1878.624,1261.311181,4.81424134,30.73992636,8.970237732,65.59672546,17.4980278,1.209103403,59.64418793,2.601670265,0.957347778,115.8268005,58.04195023,9,1.6282332193714304
CA_0003994,2009,1094.47,1385.74,428.21,1.496031761,384.329657,-127.4271,54.1146,1878.624,1261.311181,4.81424134,30.73992636,8.970237732,65.59672546,17.4980278,1.209103403,59.48533401,2.6324687,0.93417179,116.4735016,59.20383835,9,1.487032307571046
CA_0003994,2010,1074.88,1378.76,427.33,1.496031761,366.7216614,-127.4271,54.1146,1878.624,1261.311181,4.81424134,30.73992636,8.970237732,65.59672546,17.4980278,1.209103403,58.92776489,2.59346509,0.900760779,116.7242233,59.56956482,9,1.2957409102189357
CA_0003994,2011,1156.38,1390.73,410.39,1.496031761,362.4385864,-127.4271,54.1146,1878.624,1261.311181,4.81424134,30.73992636,8.970237732,65.59672546,17.4980278,1.209103403,60.26170883,2.629590273,0.865235571,112.4404663,58.90141678,9,1.3760879275305724
CA_0003994,2012,1293.69,1322.94,413.54,1.496031761,359.2220093,-127.4271,54.1146,1878.624,1261.311181,4.81424134,30.73992636,8.970237732,65.59672546,17.4980278,1.209103403,59.36497345,2.507354259,0.877971985,114.5448837,57.3186058,9,1.3468646900424215
CA_0003994,2013,1282.85,1253.86,419.21,1.496031761,354.3736816,-127.4271,54.1146,1878.624,1261.311181,4.81424134,30.73992636,8.970237732,65.59672546,17.4980278,1.209103403,58.18900146,2.317878485,0.898644568,115.0638016,58.81723022,9,1.2927404970995005
CA_0004004,1989,418.8,719.75,494.05,2.164166641,404.9586731,-127.1354,54.6312,122.299,1243.516351,4.823245022,19.85462668,13.984375,52.2578125,32.45132828,1.192682597,76.52733383,2.320944548,1.415404761,120.5168945,7346.137793,9,1.9636009490189252
CA_0004004,1990,428.89,741.32,493.85,2.164166641,399.7466675,-127.1354,54.6312,122.299,1243.516351,4.823245022,19.85462668,13.984375,52.2578125,32.45132828,1.192682597,74.06811142,2.434111357,1.412214282,118.8924469,7495.02168,9,1.836273513693554
CA_0004004,1991,438.98,769.02,493.87,2.164166641,408.1999939,-127.1354,54.6312,122.299,1243.516351,4.823245022,19.85462668,13.984375,52.2578125,32.45132828,1.192682597,73.69000168,2.395777702,1.424072607,118.8512222,7620.739063,9,1.8891030240415956
CA_0004004,1992,465.48,789.39,499.47,2.164166641,400.2106628,-127.1354,54.6312,122.299,1243.516351,4.823245022,19.85462668,13.984375,52.2578125,32.45132828,1.192682597,74.38789139,2.324999809,1.41636189,120.0184433,7769.647168,9,1.7035342438591419
CA_0004004,1993,449.07,757.14,504.03,2.164166641,387.7520081,-127.1354,54.6312,122.299,1243.516351,4.823245022,19.85462668,13.984375,52.2578125,32.45132828,1.192682597,70.39011459,2.223277807,1.416183301,121.4804443,7793.732031,9,1.6001500006094156
CA_0004004,1994,471.78,782.65,500.14,2.164166641,392.0973328,-127.1354,54.6312,122.299,1243.516351,4.823245022,19.85462668,13.984375,52.2578125,32.45132828,1.192682597,72.29378204,2.283555746,1.397657129,119.2515533,7878.478125,9,1.6214036561520553
CA_0004004,1995,433.94,758.8,503.34,2.164166641,400.1853394,-127.1354,54.6312,122.299,1243.516351,4.823245022,19.85462668,13.984375,52.2578125,32.45132828,1.192682597,72.67744751,2.317499876,1.40483689,120.0857758,8003.497754,9,1.738465849655213
CA_0004004,1996,462.95,719.91,494.2,2.164166641,390.2066833,-127.1354,54.6312,122.299,1243.516351,4.823245022,19.85462668,13.984375,52.2578125,32.45132828,1.192682597,72.34611206,2.39383316,1.404304761,119.5054459,8254.105664,9,1.760279506325193
CA_0004004,1997,461.69,715.82,482.11,2.164166641,397.9706848,-127.1354,54.6312,122.299,1243.516351,4.823245022,19.85462668,13.984375,52.2578125,32.45132828,1.192682597,72.66411285,2.354055643,1.412674951,118.0357788,8428.563574,9,1.9697876620889747
CA_0004004,1998,454.12,719.21,486.41,2.164166641,407.2666809,-127.1354,54.6312,122.299,1243.516351,4.823245022,19.85462668,13.984375,52.2578125,32.45132828,1.192682597,73.27033539,2.265666723,1.430969019,117.9273346,8575.425977,9,2.0718193305564387
CA_0004004,1999,459.16,728.2,469.85,2.164166641,405.4893494,-127.1354,54.6312,122.299,1243.516351,4.823245022,19.85462668,13.984375,52.2578125,32.45132828,1.192682597,75.65522156,2.372277737,1.431888062,117.2232239,8684.216406,9,2.1962067220571546
CA_0004004,2000,473.07,737.87,455.43,2.164166641,407.7293457,-127.1354,54.6312,122.299,1243.516351,4.823245022,19.85462668,13.984375,52.2578125,32.45132828,1.192682597,79.18400116,2.298999786,1.42457854,115.15289,8800.590234,9,2.4338081387722683
CA_0004004,2001,431.41,760.77,451.11,2.164166641,409.5080139,-127.1354,54.6312,122.299,1243.516351,4.823245022,19.85462668,13.984375,52.2578125,32.45132828,1.192682597,82.07322388,2.383888721,1.414401123,113.5909988,8807.358984,9,2.4890692621133184
CA_0004004,2002,421.32,752.25,445.44,2.164166641,395.4093445,-127.1354,54.6312,122.299,1243.516351,4.823245022,19.85462668,13.984375,52.2578125,32.45132828,1.192682597,82.60544434,2.378944397,1.41569043,113.378891,8912.227344,9,2.2504632131501077
CA_0004004,2003,426.37,774.33,439.58,2.164166641,397.8933472,-127.1354,54.6312,122.299,1243.516351,4.823245022,19.85462668,13.984375,52.2578125,32.45132828,1.192682597,85.32055359,2.364222288,1.407373779,112.5705582,9099.903906,9,2.3518639048563044
CA_0004004,2004,422.48,762.8,460.01,2.164166641,405.6733459,-127.1354,54.6312,122.299,1243.516351,4.823245022,19.85462668,13.984375,52.2578125,32.45132828,1.192682597,83.85088806,2.308777571,1.446946387,114.1882233,9197.426953,9,2.2305994830810643
CA_0004004,2005,433.94,769.74,471.24,2.164166641,411.9453491,-127.1354,54.6312,122.299,1243.516351,4.823245022,19.85462668,13.984375,52.2578125,32.45132828,1.192682597,81.39855347,2.393944263,1.469871387,114.9273331,9471.492578,9,2.18705122158064
CA_0004004,2006,418.8,735.32,487.93,2.164166641,411.2746704,-127.1354,54.6312,122.299,1243.516351,4.823245022,19.85462668,13.984375,52.2578125,32.45132828,1.192682597,77.10022125,2.367888689,1.47153689,117.8472229,9753.743945,9,2.078126387052546
CA_0004004,2007,406.18,754.62,488.63,2.164166641,426.252002,-127.1354,54.6312,122.299,1243.516351,4.823245022,19.85462668,13.984375,52.2578125,32.45132828,1.192682597,78.03488922,2.371500254,1.457617847,116.5051117,10107.01074,9,2.2970306701751273
CA_0004004,2008,394.65,750.07,480.7,2.164166641,420.4893372,-127.1354,54.6312,122.299,1243.516351,4.823245022,19.85462668,13.984375,52.2578125,32.45132828,1.192682597,77.59966583,2.451833248,1.469261865,116.6923325,10371.44648,9,2.2970044855873244
CA_0004004,2009,383.48,716.32,476.1,2.164166641,406.1253418,-127.1354,54.6312,122.299,1243.516351,4.823245022,19.85462668,13.984375,52.2578125,32.45132828,1.192682597,77.29322357,2.463610888,1.447089258,117.5896667,10625.5959,9,2.1704855132454126
CA_0004004,2010,375.91,700.62,478.62,2.164166641,390.1266663,-127.1354,54.6312,122.299,1243.516351,4.823245022,19.85462668,13.984375,52.2578125,32.45132828,1.192682597,78.44111328,2.438944578,1.422896387,118.1460022,10686.27266,9,1.9208662939408976
CA_0004004,2011,431.41,709.93,461.09,2.164166641,388.8533386,-127.1354,54.6312,122.299,1243.516351,4.823245022,19.85462668,13.984375,52.2578125,32.45132828,1.192682597,82.23844757,2.491499901,1.388634473,114.2638916,10809.10078,9,2.0375028364831227
CA_0004004,2012,432.59,675.73,466.59,2.164166641,387.4,-127.1354,54.6312,122.299,1243.516351,4.823245022,19.85462668,13.984375,52.2578125,32.45132828,1.192682597,79.09022522,2.376944542,1.39497019,116.1990021,10750.86543,9,2.05869217487409
CA_0004008,1989,189.22,548.18,516.0,2.312619019,404.3155457,-126.6437,54.3937,584.463,1119.740518,2.632181862,18.91735546,17.86479568,38.46811295,39.64240265,1.68595749,67.14375153,2.122150183,1.578838599,122.8069977,3634.047803,9,2.539008211227029
CA_0004008,1990,212.66,569.22,515.89,2.312619019,399.3973328,-126.6437,54.3937,584.463,1119.740518,2.632181862,18.91735546,17.86479568,38.46811295,39.64240265,1.68595749,64.86315689,2.277648687,1.579919263,121.1683075,3692.811328,9,2.2924850065795
CA_0004008,1991,203.17,583.08,518.13,2.312619019,404.8373291,-126.6437,54.3937,584.463,1119.740518,2.632181862,18.91735546,17.86479568,38.46811295,39.64240265,1.68595749,64.843647,2.206041574,1.59111958,121.2955109,3729.673438,9,2.2967250722282717
CA_0004008,1992,216.04,602.16,524.4,2.312619019,399.0214294,-126.6437,54.3937,584.463,1119.740518,2.632181862,18.91735546,17.86479568,38.46811295,39.64240265,1.68595749,69.13871994,2.111108541,1.581217188,122.2193954,3766.224756,9,2.0538792424518593
CA_0004008,1993,225.5,575.93,525.83,2.312619019,386.0262512,-126.6437,54.3937,584.463,1119.740518,2.632181862,18.91735546,17.86479568,38.46811295,39.64240265,1.68595749,68.28093643,2.00102663,1.576587305,122.9767136,3769.300537,9,1.9661305412542587
CA_0004008,1994,238.33,595.38,523.96,2.312619019,389.9676758,-126.6437,54.3937,584.463,1119.740518,2.632181862,18.91735546,17.86479568,38.46811295,39.64240265,1.68595749,70.33243942,2.081956625,1.564885303,121.0994354,3796.722803,9,1.9510337982072443
CA_0004008,1995,217.12,581.29,526.16,2.312619019,397.5578552,-126.6437,54.3937,584.463,1119.740518,2.632181862,18.91735546,17.86479568,38.46811295,39.64240265,1.68595749,70.32538528,2.075431585,1.556431787,121.634079,3851.759668,9,2.116707166373217
CA_0004008,1996,239.55,562.05,516.96,2.312619019,391.5717834,-126.6437,54.3937,584.463,1119.740518,2.632181862,18.91735546,17.86479568,38.46811295,39.64240265,1.68595749,70.01181412,2.203437567,1.537568921,120.9325165,3951.713428,9,2.181733535520726
CA_0004008,1997,264.57,563.13,503.9,2.312619019,399.213031,-126.6437,54.3937,584.463,1119.740518,2.632181862,18.91735546,17.86479568,38.46811295,39.64240265,1.68595749,69.36227646,2.172380686,1.541469946,119.6369202,4048.130273,9,2.43464302616808
CA_0004008,1998,252.85,569.09,509.91,2.312619019,405.0044678,-126.6437,54.3937,584.463,1119.740518,2.632181862,18.91735546,17.86479568,38.46811295,39.64240265,1.68595749,68.75961227,2.021123409,1.557957959,119.6619949,4134.633594,9,2.4619931945188926
CA_0004008,1999,253.96,576.98,494.65,2.312619019,407.0232178,-126.6437,54.3937,584.463,1119.740518,2.632181862,18.91735546,17.86479568,38.46811295,39.64240265,1.68595749,71.94647293,2.219724655,1.54993064,119.2193924,4207.147168,9,2.6231832964987007
CA_0004008,2000,245.7,581.73,481.08,2.312619019,411.094281,-126.6437,54.3937,584.463,1119.740518,2.632181862,18.91735546,17.86479568,38.46811295,39.64240265,1.68595749,76.82940369,2.095676899,1.543823413,117.4217255,4276.873926,9,2.896663455043266
CA_0004008,2001,230.52,596.32,477.96,2.312619019,415.9576782,-126.6437,54.3937,584.463,1119.740518,2.632181862,18.91735546,17.86479568,38.46811295,39.64240265,1.68595749,81.44641266,2.201011896,1.543624609,116.2116669,4317.667188,9,2.9931345087767784
CA_0004008,2002,214.33,585.94,471.95,2.312619019,403.5391113,-126.6437,54.3937,584.463,1119.740518,2.632181862,18.91735546,17.86479568,38.46811295,39.64240265,1.68595749,82.49522247,2.206011772,1.536990991,115.934108,4394.450195,9,2.7869993568024425
CA_0004008,2003,205.96,602.63,467.79,2.312619019,409.3835693,-126.6437,54.3937,584.463,1119.740518,2.632181862,18.91735546,17.86479568,38.46811295,39.64240265,1.68595749,85.47833252,2.172983646,1.525875122,115.3822205,4494.488184,9,2.9236779857070667
CA_0004008,2004,203.17,596.02,485.52,2.312619019,413.2525024,-126.6437,54.3937,584.463,1119.740518,2.632181862,18.91735546,17.86479568,38.46811295,39.64240265,1.68595749,84.36959686,2.139962912,1.533143994,116.4648376,4586.47627,9,2.78074042304768
CA_0004008,2005,232.19,600.49,496.37,2.312619019,417.561084,-126.6437,54.3937,584.463,1119.740518,2.632181862,18.91735546,17.86479568,38.46811295,39.64240265,1.68595749,81.26830292,2.204955339,1.547935425,117.1242889,4715.818457,9,2.708007459937432
CA_0004008,2006,215.45,573.86,512.18,2.312619019,410.4594727,-126.6437,54.3937,584.463,1119.740518,2.632181862,18.91735546,17.86479568,38.46811295,39.64240265,1.68595749,74.69385376,2.199114561,1.527086035,119.8425171,4850.02373,9,2.5280580216452586
CA_0004008,2007,250.61,592.66,512.56,2.312619019,423.7378601,-126.6437,54.3937,584.463,1119.740518,2.632181862,18.91735546,17.86479568,38.46811295,39.64240265,1.68595749,75.35391388,2.203006029,1.488390576,118.5078156,4986.987793,9,2.7096310184241568
CA_0004008,2008,262.49,589.28,503.19,2.312619019,417.5723267,-126.6437,54.3937,584.463,1119.740518,2.632181862,18.91735546,17.86479568,38.46811295,39.64240265,1.68595749,75.46955414,2.301964283,1.485837354,118.7988846,5095.888086,9,2.6956561642897654
CA_0004008,2009,270.71,562.92,499.11,2.312619019,404.9741089,-126.6437,54.3937,584.463,1119.740518,2.632181862,18.91735546,17.86479568,38.46811295,39.64240265,1.68595749,73.84430084,2.264985085,1.483493652,119.8918747,5164.273145,9,2.621231481216713
CA_0004008,2010,253.4,549.9,501.98,2.312619019,391.0325012,-126.6437,54.3937,584.463,1119.740518,2.632181862,18.91735546,17.86479568,38.46811295,39.64240265,1.68595749,74.86436005,2.228988171,1.446519556,120.4899261,5221.078516,9,2.36647064768231
CA_0004008,2011,306.99,562.4,482.36,2.312619019,392.5160767,-126.6437,54.3937,584.463,1119.740518,2.632181862,18.91735546,17.86479568,38.46811295,39.64240265,1.68595749,80.84790192,2.361413717,1.419398779,116.4654449,5292.018945,9,2.515887890073792
CA_0004008,2012,279.84,537.28,489.5,2.312619019,390.386261,-126.6437,54.3937,584.463,1119.740518,2.632181862,18.91735546,17.86479568,38.46811295,39.64240265,1.68595749,77.95712891,2.209784031,1.441724609,118.3826767,5306.173242,9,2.5668436533137236
CA_0004008,2013,276.85,507.39,494.41,2.312619019,382.5062622,-126.6437,54.3937,584.463,1119.740518,2.632181862,18.91735546,17.86479568,38.46811295,39.64240265,1.68595749,70.91747208,2.040037155,1.444554883,118.2960693,5323.520996,9,2.5732968668448275
CA_0004008,2014,261.22,524.12,493.9,2.312619019,391.4618042,-126.6437,54.3937,584.463,1119.740518,2.632181862,18.91735546,17.86479568,38.46811295,39.64240265,1.68595749,69.01777115,2.148117542,1.466253955,117.4832886,5362.185547,9,2.656049939891166
CA_0004008,2015,233.87,526.28,492.64,2.312619019,396.4469788,-126.6437,54.3937,584.463,1119.740518,2.632181862,18.91735546,17.86479568,38.46811295,39.64240265,1.68595749,66.84857559,2.074955463,1.513607739,116.3433929,5363.069531,9,2.7865653794030587
CA_0004009,1989,247.61,600.06,517.89,1.88616662,402.4020081,-127.1104,54.7979,267.2396,1090.237395,3.414822105,21.46890586,18.51250076,40.72499847,38.15000153,1.030752605,69.61054306,2.179708242,1.646633301,120.2886719,1491.015942,9,2.165414681510701
CA_0004009,1990,253.77,613.77,516.45,1.88616662,394.5340088,-127.1104,54.7979,267.2396,1090.237395,3.414822105,21.46890586,18.51250076,40.72499847,38.15000153,1.030752605,66.43216705,2.29331255,1.651462524,118.6183365,1513.796411,9,1.9905779016191256
CA_0004009,1991,247.61,635.57,515.73,1.88616662,401.0840088,-127.1104,54.7979,267.2396,1090.237395,3.414822105,21.46890586,18.51250076,40.72499847,38.15000153,1.030752605,65.87854156,2.261083126,1.66631748,118.5545013,1524.08103,9,2.0091353362823328
CA_0004009,1992,259.4,652.22,522.76,1.88616662,394.3150024,-127.1104,54.7979,267.2396,1090.237395,3.414822105,21.46890586,18.51250076,40.72499847,38.15000153,1.030752605,68.16499939,2.196083546,1.669779956,119.8364594,1531.532861,9,1.8166166181689705
CA_0004009,1993,287.03,623.25,525.76,1.88616662,377.7350037,-127.1104,54.7979,267.2396,1090.237395,3.414822105,21.46890586,18.51250076,40.72499847,38.15000153,1.030752605,65.41695862,2.085416794,1.672781641,121.1366287,1531.091846,9,1.692238241192276
CA_0004009,1994,310.43,645.58,522.92,1.88616662,384.8929993,-127.1104,54.7979,267.2396,1090.237395,3.414822105,21.46890586,18.51250076,40.72499847,38.15000153,1.030752605,68.00212479,2.141978979,1.667183325,119.0722092,1542.569702,9,1.72290660560028
CA_0004009,1995,274.71,628.73,525.68,1.88616662,392.3179993,-127.1104,54.7979,267.2396,1090.237395,3.414822105,21.46890586,18.51250076,40.72499847,38.15000153,1.030752605,68.93158264,2.174416542,1.666611621,119.8518341,1569.68501,9,1.8496285715110028
CA_0004009,1996,229.76,598.84,516.69,1.88616662,383.2279968,-127.1104,54.7979,267.2396,1090.237395,3.414822105,21.46890586,18.51250076,40.72499847,38.15000153,1.030752605,68.44508362,2.24000001,1.652956665,119.279628,1613.600659,9,1.8862593629499378
CA_0004055,1989,316.97,647.82,495.95,1.914468718,343.1339661,-126.0062,52.3604,2547.192,1434.166489,4.932995668,20.33106611,12.56370735,58.1841774,26.42910576,1.250217789,38.15328827,2.239148378,1.161985522,127.7164001,908.4448242,9,1.4164282492372389
CA_0004055,1990,322.9,708.26,492.05,1.914468718,340.9757507,-126.0062,52.3604,2547.192,1434.166489,4.932995668,20.33106611,12.56370735,58.1841774,26.42910576,1.250217789,37.98313065,2.332715273,1.161745093,125.9937027,937.0225342,9,1.3145454240484806
CA_0004055,1991,338.12,700.33,491.3,1.914468718,345.5123291,-126.0062,52.3604,2547.192,1434.166489,4.932995668,20.33106611,12.56370735,58.1841774,26.42910576,1.250217789,38.81908417,2.287373304,1.15883938,126.5470215,946.5762939,9,1.3643311664335485
CA_0004055,1992,342.27,713.77,492.77,1.914468718,345.613678,-126.0062,52.3604,2547.192,1434.166489,4.932995668,20.33106611,12.56370735,58.1841774,26.42910576,1.250217789,41.04553757,2.210026026,1.15323667,126.2347076,963.0858643,9,1.3401533261705827
CA_0004055,1993,343.06,694.05,492.34,1.914468718,342.881604,-126.0062,52.3604,2547.192,1434.166489,4.932995668,20.33106611,12.56370735,58.1841774,26.42910576,1.250217789,42.07392731,2.102204084,1.142202539,126.5861862,977.9568115,9,1.3491584270485373
CA_0004055,1994,340.47,708.07,490.92,1.914468718,339.334552,-126.0062,52.3604,2547.192,1434.166489,4.932995668,20.33106611,12.56370735,58.1841774,26.42910576,1.250217789,42.10918198,2.18832922,1.139036499,125.0034836,975.3970459,9,1.3060229555874328
CA_0004055,1995,333.17,695.72,491.54,1.914468718,353.7486084,-126.0062,52.3604,2547.192,1434.166489,4.932995668,20.33106611,12.56370735,58.1841774,26.42910576,1.250217789,42.047509,2.208538532,1.138326733,125.1002304,1019.621313,9,1.4406094291222693
CA_0004055,1996,340.28,701.49,485.55,1.914468718,346.4786499,-126.0062,52.3604,2547.192,1434.166489,4.932995668,20.33106611,12.56370735,58.1841774,26.42910576,1.250217789,42.55128174,2.29789257,1.137966577,124.2392273,1071.68689,9,1.3914974239539664
CA_0004055,1997,345.29,723.61,474.24,1.914468718,356.0140137,-126.0062,52.3604,2547.192,1434.166489,4.932995668,20.33106611,12.56370735,58.1841774,26.42910576,1.250217789,43.75873795,2.286296368,1.138998364,123.1413239,1122.807581,9,1.489671258529543
CA_0004055,1998,339.1,734.22,482.37,1.914468718,353.6554565,-126.0062,52.3604,2547.192,1434.166489,4.932995668,20.33106611,12.56370735,58.1841774,26.42910576,1.250217789,44.37373886,2.092049122,1.148610791,123.5774475,1175.603052,9,1.4155721098176
CA_0004055,1999,337.25,740.44,469.36,1.914468718,353.2516479,-126.0062,52.3604,2547.192,1434.166489,4.932995668,20.33106611,12.56370735,58.1841774,26.42910576,1.250217789,45.60216827,2.308065653,1.141749731,123.5120834,1148.110181,9,1.4595977993333895
CA_0004055,2000,324.66,722.09,460.32,1.914468718,354.5073547,-126.0062,52.3604,2547.192,1434.166489,4.932995668,20.33106611,12.56370735,58.1841774,26.42910576,1.250217789,45.75281143,2.219148636,1.141139111,122.3687302,1093.37677,9,1.5476878092472228
CA_0004055,2001,275.04,719.74,460.77,1.914468718,362.4307373,-126.0062,52.3604,2547.192,1434.166489,4.932995668,20.33106611,12.56370735,58.1841774,26.42910576,1.250217789,45.68806763,2.325555563,1.14494895,121.4633392,1042.347961,9,1.6378188189557068
CA_0004055,2002,256.12,673.29,458.59,1.914468718,345.5650391,-126.0062,52.3604,2547.192,1434.166489,4.932995668,20.33106611,12.56370735,58.1841774,26.42910576,1.250217789,43.95794983,2.304790735,1.148125317,121.8347778,998.3252319,9,1.551354942486855
CA_0004055,2003,263.42,682.44,455.84,1.914468718,350.9927246,-126.0062,52.3604,2547.192,1434.166489,4.932995668,20.33106611,12.56370735,58.1841774,26.42910576,1.250217789,43.41568298,2.266447306,1.143500928,121.106337,944.0791016,9,1.6083655911599817
CA_0004055,2004,266.5,683.49,473.04,1.914468718,363.2790466,-126.0062,52.3604,2547.192,1434.166489,4.932995668,20.33106611,12.56370735,58.1841774,26.42910576,1.250217789,43.77781219,2.213262796,1.161327588,121.8222626,950.0067505,9,1.6482469830628084
CA_0004055,2005,317.46,701.8,482.89,1.914468718,368.0846497,-126.0062,52.3604,2547.192,1434.166489,4.932995668,20.33106611,12.56370735,58.1841774,26.42910576,1.250217789,44.17023544,2.331616163,1.180588818,122.2094711,963.6465698,9,1.609341030496341
CA_0004055,2006,326.12,682.84,498.09,1.914468718,354.0611633,-126.0062,52.3604,2547.192,1434.166489,4.932995668,20.33106611,12.56370735,58.1841774,26.42910576,1.250217789,42.87205658,2.310128689,1.162212012,124.8282516,979.9937744,9,1.440199285267976
CA_0004055,2007,412.69,719.82,496.44,1.914468718,364.7673523,-126.0062,52.3604,2547.192,1434.166489,4.932995668,20.33106611,12.56370735,58.1841774,26.42910576,1.250217789,43.33676758,2.320589781,1.127820959,122.8464752,985.7410645,9,1.4786428908812264
CA_0004055,2008,432.05,712.26,488.56,1.914468718,364.3768188,-126.0062,52.3604,2547.192,1434.166489,4.932995668,20.33106611,12.56370735,58.1841774,26.42910576,1.250217789,43.96264877,2.396978617,1.115534631,123.2402863,993.0208862,9,1.5231665593570523
CA_0004055,2009,433.59,682.15,485.6,1.914468718,347.4594238,-126.0062,52.3604,2547.192,1434.166489,4.932995668,20.33106611,12.56370735,58.1841774,26.42910576,1.250217789,43.1241951,2.370740891,1.08939303,124.5919739,1005.729578,9,1.4315273513300095
CA_0004055,2010,407.12,666.72,486.36,1.914468718,330.4366638,-126.0062,52.3604,2547.192,1434.166489,4.932995668,20.33106611,12.56370735,58.1841774,26.42910576,1.250217789,43.18005295,2.311676741,1.044223865,125.2036285,1018.879639,9,1.3126920269667206
CA_0004055,2011,401.06,688.48,466.05,1.914468718,340.7247864,-126.0062,52.3604,2547.192,1434.166489,4.932995668,20.33106611,12.56370735,58.1841774,26.42910576,1.250217789,44.74749985,2.376881838,1.027708313,121.4556946,1074.460168,9,1.4402841004490818
CA_0004055,2012,278.28,660.9,470.44,1.914468718,328.3215393,-126.0062,52.3604,2547.192,1434.166489,4.932995668,20.33106611,12.56370735,58.1841774,26.42910576,1.250217789,43.91955643,2.263222694,1.036146094,123.8219238,1133.382166,9,1.3586066091974571
CA_0004364,1989,134.55,470.44,529.9,2.250000072,389.938092,-125.4146,53.2604,150.7938,1278.688698,2.688367775,21.16478691,16.3214283,44.42856979,35.57143021,1.332030432,43.76278076,2.182658672,1.276964233,126.7831726,0.0,9,2.8625175830135743
CA_0004364,1990,149.27,501.43,526.68,2.250000072,385.1799988,-125.4146,53.2604,150.7938,1278.688698,2.688367775,21.16478691,16.3214283,44.42856979,35.57143021,1.332030432,42.70127335,2.338610888,1.283235669,125.0063507,0.0,9,2.4101831605455963
CA_0004364,1991,168.19,502.03,528.87,2.250000072,389.3733337,-125.4146,53.2604,150.7938,1278.688698,2.688367775,21.16478691,16.3214283,44.42856979,35.57143021,1.332030432,43.49476395,2.266627073,1.286396387,125.319603,0.0,9,2.4815361906062607
CA_0004364,1992,156.0,517.29,531.94,2.250000072,386.1399963,-125.4146,53.2604,150.7938,1278.688698,2.688367775,21.16478691,16.3214283,44.42856979,35.57143021,1.332030432,48.00619202,2.155237913,1.283477393,125.4184128,0.0,9,2.264102949913221
CA_0004364,1993,180.81,500.24,529.25,2.250000072,380.5981018,-125.4146,53.2604,150.7938,1278.688698,2.688367775,21.16478691,16.3214283,44.42856979,35.57143021,1.332030432,51.0909523,2.026071548,1.281658374,125.2485718,0.0,9,2.305762359500664
CA_0004364,1994,189.22,512.84,529.23,2.250000072,378.7742859,-125.4146,53.2604,150.7938,1278.688698,2.688367775,21.16478691,16.3214283,44.42856979,35.57143021,1.332030432,52.22396774,2.146031618,1.282684521,123.9165894,0.0,9,2.1763966601824865
CA_0004364,1995,172.4,506.39,531.33,2.250000072,392.9495178,-125.4146,53.2604,150.7938,1278.688698,2.688367775,21.16478691,16.3214283,44.42856979,35.57143021,1.332030432,51.82920456,2.090833187,1.267895239,124.0280945,0.0,9,2.5028660522256048
CA_0004364,1996,166.54,507.25,522.99,2.250000072,391.4523804,-125.4146,53.2604,150.7938,1278.688698,2.688367775,21.16478691,16.3214283,44.42856979,35.57143021,1.332030432,52.14452209,2.237857342,1.267185693,123.1892075,0.0,9,2.52858800642251
CA_0004364,1997,193.42,514.12,508.64,2.250000072,400.0142883,-125.4146,53.2604,150.7938,1278.688698,2.688367775,21.16478691,16.3214283,44.42856979,35.57143021,1.332030432,52.27380753,2.248968124,1.268735693,122.2504807,0.0,9,2.8227453612033546
CA_0004364,1998,168.19,520.38,516.03,2.250000072,397.2790527,-125.4146,53.2604,150.7938,1278.688698,2.688367775,21.16478691,16.3214283,44.42856979,35.57143021,1.332030432,51.73976135,2.010833263,1.278140479,122.5467484,0.0,9,2.608756780700298
CA_0004364,1999,176.6,528.59,501.58,2.250000072,400.217157,-125.4146,53.2604,150.7938,1278.688698,2.688367775,21.16478691,16.3214283,44.42856979,35.57143021,1.332030432,54.86634979,2.323928595,1.269765503,122.5841309,0.0,9,2.7611890665029684
CA_0004364,2000,198.17,524.76,491.17,2.250000072,403.5314514,-125.4146,53.2604,150.7938,1278.688698,2.688367775,21.16478691,16.3214283,44.42856979,35.57143021,1.332030432,57.40865097,2.15206337,1.278151221,121.3921478,0.0,9,3.040776046817107
CA_0004364,2001,170.29,527.07,491.74,2.250000072,408.9838318,-125.4146,53.2604,150.7938,1278.688698,2.688367775,21.16478691,16.3214283,44.42856979,35.57143021,1.332030432,59.38365326,2.280912638,1.279285767,120.7627014,0.053393453,9,3.1935154314228686
CA_0004364,2002,157.68,508.9,488.24,2.250000072,395.9124023,-125.4146,53.2604,150.7938,1278.688698,2.688367775,21.16478691,16.3214283,44.42856979,35.57143021,1.332030432,58.12912979,2.29630971,1.28395835,120.6307159,0.053393453,9,3.0177662737656146
CA_0004364,2003,161.88,517.16,487.12,2.250000072,401.8619202,-125.4146,53.2604,150.7938,1278.688698,2.688367775,21.16478691,16.3214283,44.42856979,35.57143021,1.332030432,57.84039841,2.222738266,1.272900024,120.3797653,0.053393453,9,3.1375418994973123
CA_0004364,2004,177.09,517.83,503.59,2.250000072,408.2047668,-125.4146,53.2604,150.7938,1278.688698,2.688367775,21.16478691,16.3214283,44.42856979,35.57143021,1.332030432,57.25063629,2.219325542,1.271679761,120.6799225,0.053393453,9,3.09946247350185
CA_0004364,2005,191.32,518.22,514.58,2.250000072,410.912384,-125.4146,53.2604,150.7938,1278.688698,2.688367775,21.16478691,16.3214283,44.42856979,35.57143021,1.332030432,56.39024048,2.28619051,1.258953589,121.2454773,0.053393453,9,3.033777654158645
CA_0004364,2006,199.73,498.84,529.91,2.250000072,396.7133362,-125.4146,53.2604,150.7938,1278.688698,2.688367775,21.16478691,16.3214283,44.42856979,35.57143021,1.332030432,52.34857254,2.286825418,1.235704761,123.4794434,0.0,9,2.686013869704928
CA_0004367,1989,124.07,848.06,510.17,2.265576339,393.8897705,-124.8396,53.6854,15311.96,1112.372232,2.38404248,22.19130519,14.30930996,50.11790466,30.5134697,1.373247893,55.34365082,2.192021608,1.236254346,124.7083252,552.6184082,9,1.4879448893471454
CA_0004367,1990,121.89,898.23,507.74,2.265576339,391.0721252,-124.8396,53.6854,15311.96,1112.372232,2.38404248,22.19130519,14.30930996,50.11790466,30.5134697,1.373247893,54.42695007,2.337890625,1.239152246,123.1315506,558.3863892,9,1.4137429500336391
CA_0004367,1991,124.48,914.09,510.1,2.265576339,396.6038269,-124.8396,53.6854,15311.96,1112.372232,2.38404248,22.19130519,14.30930996,50.11790466,30.5134697,1.373247893,54.73756256,2.268071413,1.241959912,123.4312897,561.320874,9,1.4317530401699523
CA_0004367,1992,125.04,940.52,514.03,2.265576339,391.9685669,-124.8396,53.6854,15311.96,1112.372232,2.38404248,22.19130519,14.30930996,50.11790466,30.5134697,1.373247893,57.16709824,2.1653018,1.234531592,123.816423,562.6177979,9,1.3506660754803421
CA_0004367,1993,125.39,907.08,514.49,2.265576339,386.2790466,-124.8396,53.6854,15311.96,1112.372232,2.38404248,22.19130519,14.30930996,50.11790466,30.5134697,1.373247893,57.37023315,2.062174082,1.22761958,124.4159409,560.90979,9,1.339261650695819
CA_0004367,1994,127.08,936.37,512.04,2.265576339,383.6893799,-124.8396,53.6854,15311.96,1112.372232,2.38404248,22.19130519,14.30930996,50.11790466,30.5134697,1.373247893,58.28470535,2.153143406,1.221515991,122.5954193,563.4285522,9,1.3015323986652154
CA_0004367,1995,119.33,909.91,513.25,2.265576339,393.4197693,-124.8396,53.6854,15311.96,1112.372232,2.38404248,22.19130519,14.30930996,50.11790466,30.5134697,1.373247893,57.52280731,2.139086008,1.215568066,122.9724777,572.2212646,9,1.396300254592294
CA_0004367,1996,135.45,883.48,504.2,2.265576339,388.285968,-124.8396,53.6854,15311.96,1112.372232,2.38404248,22.19130519,14.30930996,50.11790466,30.5134697,1.373247893,57.36698303,2.285663128,1.208465723,122.1872192,588.4662231,9,1.4228658339061702
CA_0004367,1997,162.24,884.38,491.65,2.265576339,396.4324646,-124.8396,53.6854,15311.96,1112.372232,2.38404248,22.19130519,14.30930996,50.11790466,30.5134697,1.373247893,57.49702988,2.249422789,1.208219385,121.0982574,607.4133667,9,1.5620214480207983
CA_0004367,1998,168.65,890.61,498.18,2.265576339,397.7629944,-124.8396,53.6854,15311.96,1112.372232,2.38404248,22.19130519,14.30930996,50.11790466,30.5134697,1.373247893,57.30554504,2.06498313,1.216741699,121.1625031,624.7475464,9,1.52994898837149
CA_0004367,1999,166.73,896.31,484.08,2.265576339,399.2558472,-124.8396,53.6854,15311.96,1112.372232,2.38404248,22.19130519,14.30930996,50.11790466,30.5134697,1.373247893,59.58353882,2.290058136,1.20882124,120.7987823,639.4523071,9,1.6247891230691123
CA_0004367,2000,168.44,894.11,471.96,2.265576339,400.8327271,-124.8396,53.6854,15311.96,1112.372232,2.38404248,22.19130519,14.30930996,50.11790466,30.5134697,1.373247893,62.17487106,2.172437906,1.209074878,119.0636948,650.1384277,9,1.7405775538347301
CA_0004367,2001,149.56,910.01,470.87,2.265576339,405.4495911,-124.8396,53.6854,15311.96,1112.372232,2.38404248,22.19130519,14.30930996,50.11790466,30.5134697,1.373247893,63.80310516,2.283416748,1.210982642,117.9293243,655.9296509,9,1.7910987522390764
CA_0004367,2002,124.09,885.73,466.15,2.265576339,393.6292358,-124.8396,53.6854,15311.96,1112.372232,2.38404248,22.19130519,14.30930996,50.11790466,30.5134697,1.373247893,63.57161331,2.287009716,1.208569165,117.7584946,669.4526733,9,1.706250667274554
CA_0004367,2003,117.66,909.25,462.6,2.265576339,396.5803711,-124.8396,53.6854,15311.96,1112.372232,2.38404248,22.19130519,14.30930996,50.11790466,30.5134697,1.373247893,64.29430237,2.243290186,1.201610938,117.1289429,683.7714844,9,1.7431931304749473
CA_0004367,2004,120.61,898.84,480.31,2.265576339,404.1333191,-124.8396,53.6854,15311.96,1112.372232,2.38404248,22.19130519,14.30930996,50.11790466,30.5134697,1.373247893,63.33412476,2.216752529,1.216124609,118.2236725,694.7762573,9,1.7076140642669775
CA_0004367,2005,137.21,908.19,491.44,2.265576339,408.3327637,-124.8396,53.6854,15311.96,1112.372232,2.38404248,22.19130519,14.30930996,50.11790466,30.5134697,1.373247893,62.19736252,2.299073696,1.216066162,118.9607956,710.2696167,9,1.6615692987738828
CA_0004367,2006,139.21,875.87,506.71,2.265576339,399.7967712,-124.8396,53.6854,15311.96,1112.372232,2.38404248,22.19130519,14.30930996,50.11790466,30.5134697,1.373247893,58.98409729,2.277016878,1.197041748,121.734938,729.4296753,9,1.522772234360841
CA_0004367,2007,186.59,904.88,506.54,2.265576339,410.1701904,-124.8396,53.6854,15311.96,1112.372232,2.38404248,22.19130519,14.30930996,50.11790466,30.5134697,1.373247893,59.20726471,2.286724806,1.163646851,120.2253372,741.0895508,9,1.5877612736287587
CA_0004367,2008,190.51,898.84,497.64,2.265576339,409.0501648,-124.8396,53.6854,15311.96,1112.372232,2.38404248,22.19130519,14.30930996,50.11790466,30.5134697,1.373247893,59.49702301,2.379123926,1.157111328,120.4876709,751.059021,9,1.6400578309358005
CA_0004367,2009,190.03,862.32,494.36,2.265576339,396.3049744,-124.8396,53.6854,15311.96,1112.372232,2.38404248,22.19130519,14.30930996,50.11790466,30.5134697,1.373247893,58.70376205,2.344203949,1.140499658,121.5984772,759.9878784,9,1.5746618539465407
CA_0004367,2010,175.81,853.58,496.08,2.265576339,380.3888123,-124.8396,53.6854,15311.96,1112.372232,2.38404248,22.19130519,14.30930996,50.11790466,30.5134697,1.373247893,58.91745224,2.30091238,1.112139526,122.0963852,770.0708984,9,1.4273802094749577
CA_0004367,2011,205.25,872.27,475.86,2.265576339,384.7656799,-124.8396,53.6854,15311.96,1112.372232,2.38404248,22.19130519,14.30930996,50.11790466,30.5134697,1.373247893,62.36274872,2.430713892,1.089476599,117.9697052,777.289502,9,1.551579527245044
CA_0004367,2012,184.92,833.12,481.82,2.265576339,379.2248352,-124.8396,53.6854,15311.96,1112.372232,2.38404248,22.19130519,14.30930996,50.11790466,30.5134697,1.373247893,60.76680527,2.274181604,1.096317102,120.0114761,781.0657837,9,1.513166988023043
CA_0004367,2013,183.89,790.81,488.74,2.265576339,371.3992004,-124.8396,53.6854,15311.96,1112.372232,2.38404248,22.19130519,14.30930996,50.11790466,30.5134697,1.373247893,57.61478119,2.122907162,1.109624988,120.0355133,787.3521606,9,1.4634095309286428
CA_0004380,1989,486.29,981.03,489.37,1.242592585,402.8025085,-126.9562,53.9021,371.934,1174.066352,2.78891891,26.44104093,12.75463009,58.85647964,26.55290985,1.398796348,72.75379333,2.25356245,1.302116016,122.0396255,600.8053833,9,1.5261848111005376
CA_0004380,1990,423.04,1028.05,489.92,1.242592585,404.530011,-126.9562,53.9021,371.934,1174.066352,2.78891891,26.44104093,12.75463009,58.85647964,26.55290985,1.398796348,72.37133484,2.394020796,1.305531104,120.5661697,607.9384155,9,1.4923695460831943
CA_0004380,1991,389.71,1060.07,491.54,1.242592585,418.1500122,-126.9562,53.9021,371.934,1174.066352,2.78891891,26.44104093,12.75463009,58.85647964,26.55290985,1.398796348,72.67670898,2.323937654,1.314647778,120.693042,606.9647217,9,1.5933509183024832
CA_0004380,1992,404.49,1094.52,495.92,1.242592585,409.6375122,-126.9562,53.9021,371.934,1174.066352,2.78891891,26.44104093,12.75463009,58.85647964,26.55290985,1.398796348,72.91762543,2.22989583,1.306398462,121.5034592,603.6196533,9,1.4458898917219136
CA_0004380,1993,384.59,1055.37,500.2,1.242592585,400.856012,-126.9562,53.9021,371.934,1174.066352,2.78891891,26.44104093,12.75463009,58.85647964,26.55290985,1.398796348,70.58333435,2.144145727,1.302552319,122.951915,595.9645508,9,1.379154069277921
CA_0004380,1994,386.29,1089.59,495.18,1.242592585,399.82901,-126.9562,53.9021,371.934,1174.066352,2.78891891,26.44104093,12.75463009,58.85647964,26.55290985,1.398796348,72.31145782,2.225854158,1.293652319,120.531044,594.2493164,9,1.3681564310996936
CA_0004380,1995,413.64,1050.31,497.08,1.242592585,407.39151,-126.9562,53.9021,371.934,1174.066352,2.78891891,26.44104093,12.75463009,58.85647964,26.55290985,1.398796348,71.53254242,2.239854097,1.287795239,121.2709167,601.9709351,9,1.4568502496310958
CA_0004380,1996,471.34,1000.46,488.85,1.242592585,396.7055115,-126.9562,53.9021,371.934,1174.066352,2.78891891,26.44104093,12.75463009,58.85647964,26.55290985,1.398796348,71.42821045,2.372541666,1.27620708,120.5875839,622.4407471,9,1.450558300253016
CA_0004380,1997,395.7,993.59,477.27,1.242592585,405.7299988,-126.9562,53.9021,371.934,1174.066352,2.78891891,26.44104093,12.75463009,58.85647964,26.55290985,1.398796348,72.5092514,2.29491663,1.277990063,119.2921677,649.0977173,9,1.6290869396608132
CA_0004380,1998,402.53,997.68,481.06,1.242592585,414.2370056,-126.9562,53.9021,371.934,1174.066352,2.78891891,26.44104093,12.75463009,58.85647964,26.55290985,1.398796348,72.54891663,2.160458326,1.287698389,119.0852097,662.347876,9,1.69972051160162
CA_0004380,1999,403.39,1002.35,464.72,1.242592585,412.0570068,-126.9562,53.9021,371.934,1174.066352,2.78891891,26.44104093,12.75463009,58.85647964,26.55290985,1.398796348,73.99691772,2.301437378,1.27938811,118.3868774,670.8060791,9,1.826330081310464
CA_0004380,2000,422.49,1007.16,449.97,1.242592585,411.392511,-126.9562,53.9021,371.934,1174.066352,2.78891891,26.44104093,12.75463009,58.85647964,26.55290985,1.398796348,76.75912628,2.241270781,1.276979468,116.103421,673.9203125,9,2.0122142424170737
CA_0004380,2001,390.57,1031.44,445.66,1.242592585,411.6400146,-126.9562,53.9021,371.934,1174.066352,2.78891891,26.44104093,12.75463009,58.85647964,26.55290985,1.398796348,78.06837769,2.314416409,1.274167944,114.4695465,663.0905396,9,2.05919324342553
CA_0004380,2002,402.53,1013.05,439.54,1.242592585,395.5455322,-126.9562,53.9021,371.934,1174.066352,2.78891891,26.44104093,12.75463009,58.85647964,26.55290985,1.398796348,77.67929535,2.325541496,1.268903198,114.2643387,660.6941528,9,1.8432472180617838
CA_0004380,2003,397.4,1041.61,435.3,1.242592585,396.6260315,-126.9562,53.9021,371.934,1174.066352,2.78891891,26.44104093,12.75463009,58.85647964,26.55290985,1.398796348,79.34129486,2.306708097,1.261920508,113.3312149,665.6461914,9,1.889943504449163
CA_0004380,2004,401.06,1024.73,456.88,1.242592585,405.2830261,-126.9562,53.9021,371.934,1174.066352,2.78891891,26.44104093,12.75463009,58.85647964,26.55290985,1.398796348,77.41229401,2.262270689,1.285232642,115.1958389,661.7238525,9,1.779062281231955
CA_0004380,2005,440.14,1035.02,469.34,1.242592585,412.744519,-126.9562,53.9021,371.934,1174.066352,2.78891891,26.44104093,12.75463009,58.85647964,26.55290985,1.398796348,75.6561264,2.351603985,1.299562134,116.1151306,658.7385742,9,1.745588903803584
CA_0004380,2006,428.17,996.2,485.66,1.242592585,411.4015137,-126.9562,53.9021,371.934,1174.066352,2.78891891,26.44104093,12.75463009,58.85647964,26.55290985,1.398796348,73.15137482,2.318437576,1.280412744,119.3840057,667.4528076,9,1.6287393997911348
CA_0004380,2007,543.55,1020.27,486.09,1.242592585,425.0040039,-126.9562,53.9021,371.934,1174.066352,2.78891891,26.44104093,12.75463009,58.85647964,26.55290985,1.398796348,73.97616577,2.319103956,1.240415625,117.8423386,663.6406616,9,1.772327303021397
CA_0004380,2008,539.04,1014.08,476.83,1.242592585,417.4265015,-126.9562,53.9021,371.934,1174.066352,2.78891891,26.44104093,12.75463009,58.85647964,26.55290985,1.398796348,73.91341705,2.413583279,1.233074268,118.1159225,666.2432739,9,1.7630761335265714
CA_0004380,2009,529.02,971.28,471.57,1.242592585,402.4325012,-126.9562,53.9021,371.934,1174.066352,2.78891891,26.44104093,12.75463009,58.85647964,26.55290985,1.398796348,74.20254211,2.42564559,1.202720483,118.9396286,672.6789795,9,1.660730818319321
CA_0004380,2010,533.29,962.67,472.01,1.242592585,385.3120056,-126.9562,53.9021,371.934,1174.066352,2.78891891,26.44104093,12.75463009,58.85647964,26.55290985,1.398796348,75.00220947,2.364749908,1.150558911,119.2912933,680.1424805,9,1.47600300852618
CA_0004380,2011,600.81,976.25,452.18,1.242592585,382.6225098,-126.9562,53.9021,371.934,1174.066352,2.78891891,26.44104093,12.75463009,58.85647964,26.55290985,1.398796348,77.1230423,2.453666449,1.12303075,114.9721252,683.7541382,9,1.5674448290801932
CA_0004380,2012,555.32,930.09,458.58,1.242592585,381.6505127,-126.9562,53.9021,371.934,1174.066352,2.78891891,26.44104093,12.75463009,58.85647964,26.55290985,1.398796348,75.14500122,2.311770678,1.113233008,117.0783722,688.7872192,9,1.5602444299234597
CA_0004380,2013,551.24,881.6,465.06,1.242592585,375.3970093,-126.9562,53.9021,371.934,1174.066352,2.78891891,26.44104093,12.75463009,58.85647964,26.55290985,1.398796348,72.39700012,2.144229174,1.116305786,117.3371628,692.3112671,9,1.5078818004918675
CA_0004380,2014,529.02,911.98,463.41,1.242592585,386.5510071,-126.9562,53.9021,371.934,1174.066352,2.78891891,26.44104093,12.75463009,58.85647964,26.55290985,1.398796348,71.58633423,2.318291426,1.13782439,116.0939133,694.4318604,9,1.6039663904035595
CA_0004380,2015,495.69,907.14,464.01,1.242592585,392.7660095,-126.9562,53.9021,371.934,1174.066352,2.78891891,26.44104093,12.75463009,58.85647964,26.55290985,1.398796348,70.31937561,2.217791796,1.164405493,115.1602905,691.5898315,9,1.6824179179455712
CA_0004408,1989,1037.07,853.14,512.29,1.86916666,430.5615112,-120.2187,53.4437,248.2511,1795.488785,4.817083163,22.56431928,21.65312576,39.20937347,32.97705078,1.448736788,27.46245918,2.497854233,1.013429187,134.7712921,33.41760941,9,1.872856933348768
CA_0004408,1990,1094.41,896.65,505.42,1.86916666,423.630011,-120.2187,53.4437,248.2511,1795.488785,4.817083163,22.56431928,21.65312576,39.20937347,32.97705078,1.448736788,26.25845871,2.63866663,1.0366,133.6744171,34.28739853,9,1.7605059799332594
CA_0004408,1991,1111.86,897.79,500.45,1.86916666,428.2425232,-120.2187,53.4437,248.2511,1795.488785,4.817083163,22.56431928,21.65312576,39.20937347,32.97705078,1.448736788,24.87245865,2.617229223,1.039645862,133.5195831,34.66492844,9,1.8625302918515874
CA_0004408,1992,1144.91,922.13,494.3,1.86916666,415.4445251,-120.2187,53.4437,248.2511,1795.488785,4.817083163,22.56431928,21.65312576,39.20937347,32.97705078,1.448736788,24.82333336,2.548958302,1.039326282,133.2350433,35.14623947,9,1.7060495656762302
CA_0004408,1993,1094.41,909.48,482.58,1.86916666,409.6695251,-120.2187,53.4437,248.2511,1795.488785,4.817083163,22.56431928,21.65312576,39.20937347,32.97705078,1.448736788,25.82895889,2.415916443,1.040850439,132.8463348,35.58212662,9,1.745165201561104
CA_0004408,1994,1125.57,936.16,489.1,1.86916666,410.7515137,-120.2187,53.4437,248.2511,1795.488785,4.817083163,22.56431928,21.65312576,39.20937347,32.97705078,1.448736788,25.91183357,2.527416706,1.03539917,132.7280457,36.26803055,9,1.6692896470974365
CA_0004408,1995,1025.85,932.83,487.28,1.86916666,431.6725159,-120.2187,53.4437,248.2511,1795.488785,4.817083163,22.56431928,21.65312576,39.20937347,32.97705078,1.448736788,27.48525047,2.430729151,1.027885425,132.8769623,38.19392853,9,1.9958893489576535
CA_0004408,1996,958.67,961.11,475.41,1.86916666,420.9900085,-120.2187,53.4437,248.2511,1795.488785,4.817083163,22.56431928,21.65312576,39.20937347,32.97705078,1.448736788,28.66112556,2.563874722,1.028440405,132.2479218,40.75647354,9,1.9079551596977466
CA_0004408,1997,979.74,988.34,461.59,1.86916666,423.7505066,-120.2187,53.4437,248.2511,1795.488785,4.817083163,22.56431928,21.65312576,39.20937347,32.97705078,1.448736788,29.65241737,2.616062641,1.02834624,130.3744614,42.14923706,9,2.1210580845597
CA_0004408,1998,993.45,1005.98,474.13,1.86916666,416.6645081,-120.2187,53.4437,248.2511,1795.488785,4.817083163,22.56431928,21.65312576,39.20937347,32.97705078,1.448736788,28.43658371,2.314145803,1.04481543,131.328212,43.13988647,9,1.7898640195995554
CA_0004408,1999,1033.33,1016.19,459.03,1.86916666,412.590509,-120.2187,53.4437,248.2511,1795.488785,4.817083163,22.56431928,21.65312576,39.20937347,32.97705078,1.448736788,28.36625061,2.6128335,1.04502627,130.6937943,41.01892319,9,1.8878706084829322
CA_0004408,2000,1078.66,1006.83,446.17,1.86916666,404.1960022,-120.2187,53.4437,248.2511,1795.488785,4.817083163,22.56431928,21.65312576,39.20937347,32.97705078,1.448736788,28.49595947,2.538854122,1.030725842,128.939418,37.03403816,9,1.922431955723232
CA_0004408,2001,1099.4,968.06,454.61,1.86916666,414.5255005,-120.2187,53.4437,248.2511,1795.488785,4.817083163,22.56431928,21.65312576,39.20937347,32.97705078,1.448736788,28.27412605,2.611979008,1.034695422,129.3647903,34.8804142,9,2.064894911881953
CA_0004408,2002,1076.96,920.62,452.91,1.86916666,398.1900024,-120.2187,53.4437,248.2511,1795.488785,4.817083163,22.56431928,21.65312576,39.20937347,32.97705078,1.448736788,27.48620911,2.632625103,1.03032998,130.0677094,35.07897072,9,1.850616938628141
CA_0004408,2003,1101.89,916.1,446.03,1.86916666,390.0719971,-120.2187,53.4437,248.2511,1795.488785,4.817083163,22.56431928,21.65312576,39.20937347,32.97705078,1.448736788,28.10866776,2.551749945,1.018663281,129.7886688,36.52394142,9,1.8023160363694235
CA_0004408,2004,1028.67,922.98,452.74,1.86916666,393.3705017,-120.2187,53.4437,248.2511,1795.488785,4.817083163,22.56431928,21.65312576,39.20937347,32.97705078,1.448736788,28.53050117,2.518041611,1.020037866,129.8312103,39.95250435,9,1.7724936123237223
CA_0004408,2005,1059.51,903.53,466.99,1.86916666,403.6415039,-120.2187,53.4437,248.2511,1795.488785,4.817083163,22.56431928,21.65312576,39.20937347,32.97705078,1.448736788,28.4980011,2.56893754,1.014334119,131.1675049,43.70938644,9,1.8122443707031537
CA_0004408,2006,1005.91,896.47,483.6,1.86916666,395.4775085,-120.2187,53.4437,248.2511,1795.488785,4.817083163,22.56431928,21.65312576,39.20937347,32.97705078,1.448736788,28.13129311,2.490541697,1.013066638,133.5557983,41.52315674,9,1.5858285554207838
CA_0004408,2007,990.95,932.87,491.51,1.86916666,408.5950073,-120.2187,53.4437,248.2511,1795.488785,4.817083163,22.56431928,21.65312576,39.20937347,32.97705078,1.448736788,28.51762619,2.546562672,0.997239978,133.5739624,37.29157486,9,1.630961015515076
CA_0004408,2008,1017.42,943.28,484.44,1.86916666,417.1090088,-120.2187,53.4437,248.2511,1795.488785,4.817083163,22.56431928,21.65312576,39.20937347,32.97705078,1.448736788,28.78179283,2.575312376,0.97564458,133.0112518,32.34315681,9,1.7804532932946944
CA_0004408,2009,1003.42,891.98,489.93,1.86916666,408.7140076,-120.2187,53.4437,248.2511,1795.488785,4.817083163,22.56431928,21.65312576,39.20937347,32.97705078,1.448736788,27.83587608,2.614145756,0.970439172,134.9043335,28.97092628,9,1.7005041278719526
CA_0004408,2010,914.92,879.9,489.47,1.86916666,392.0015076,-120.2187,53.4437,248.2511,1795.488785,4.817083163,22.56431928,21.65312576,39.20937347,32.97705078,1.448736788,26.70841751,2.461958408,0.974523779,136.0176239,28.53478889,9,1.5355671116022551
CA_0004408,2011,893.73,882.7,472.05,1.86916666,380.8870056,-120.2187,53.4437,248.2511,1795.488785,4.817083163,22.56431928,21.65312576,39.20937347,32.97705078,1.448736788,26.79441757,2.650729179,0.935149609,132.7551666,31.38083611,9,1.5210542017817648
CA_0004408,2012,917.42,843.02,471.43,1.86916666,373.0115051,-120.2187,53.4437,248.2511,1795.488785,4.817083163,22.56431928,21.65312576,39.20937347,32.97705078,1.448736788,25.67137642,2.545541286,0.943755017,132.6860382,35.87229042,9,1.49540610734161
CA_0004408,2013,913.67,819.05,473.7,1.86916666,365.1350037,-120.2187,53.4437,248.2511,1795.488785,4.817083163,22.56431928,21.65312576,39.20937347,32.97705078,1.448736788,23.45183449,2.449645758,0.952309607,132.3202484,42.23190536,9,1.439622894741437
CA_0004416,1989,2464.71,806.26,538.48,1.765000105,464.0166626,-120.9771,54.2979,104.3492,1376.704304,5.324893304,25.22756803,14.109375,56.09375,23.17241287,1.148902343,42.04236221,2.701735735,1.2144104,130.6115295,0.0,9,2.264800438765171
CA_0004416,1990,2391.22,851.01,531.12,1.765000105,454.3066589,-120.9771,54.2979,104.3492,1376.704304,5.324893304,25.22756803,14.109375,56.09375,23.17241287,1.148902343,40.36888962,2.875833273,1.218652051,129.4247238,0.0,9,2.0575384371485397
CA_0004416,1991,2250.38,848.2,530.5,1.765000105,463.9433289,-120.9771,54.2979,104.3492,1376.704304,5.324893304,25.22756803,14.109375,56.09375,23.17241287,1.148902343,37.57500076,2.847152948,1.219910376,129.4582016,0.001968789,9,2.237857899672964
CA_0004416,1992,2422.34,869.56,524.97,1.765000105,440.0433228,-120.9771,54.2979,104.3492,1376.704304,5.324893304,25.22756803,14.109375,56.09375,23.17241287,1.148902343,36.35444565,2.773611069,1.227133325,129.5652817,0.006065981,9,1.8659917630679583
CA_0004416,1993,1564.55,856.07,512.87,1.765000105,431.343335,-120.9771,54.2979,104.3492,1376.704304,5.324893304,25.22756803,14.109375,56.09375,23.17241287,1.148902343,38.09500122,2.658194304,1.239010425,128.9429199,0.01212168,9,1.8731271979954298
CA_0004416,1994,1206.33,886.57,518.22,1.765000105,429.2699951,-120.9771,54.2979,104.3492,1376.704304,5.324893304,25.22756803,14.109375,56.09375,23.17241287,1.148902343,38.86611252,2.764097214,1.236218774,129.0030579,0.020783481,9,1.750872742916289
CA_0004416,1995,1129.78,882.33,517.12,1.765000105,456.6100098,-120.9771,54.2979,104.3492,1376.704304,5.324893304,25.22756803,14.109375,56.09375,23.17241287,1.148902343,41.67319717,2.592985868,1.242097925,129.1723618,0.031350097,9,2.181039068475887
CA_0004416,1996,1200.42,909.41,500.61,1.765000105,445.4033447,-120.9771,54.2979,104.3492,1376.704304,5.324893304,25.22756803,14.109375,56.09375,23.17241287,1.148902343,44.96958618,2.789999962,1.24172085,128.2084717,0.043393975,9,2.1230872666645824
CA_0004416,1997,1230.82,927.0,482.02,1.765000105,452.8150146,-120.9771,54.2979,104.3492,1376.704304,5.324893304,25.22756803,14.109375,56.09375,23.17241287,1.148902343,47.25097504,2.820972443,1.240916675,126.6929169,0.054105934,9,2.6321786578810213
CA_0004416,1998,1249.19,946.39,494.48,1.765000105,450.1116943,-120.9771,54.2979,104.3492,1376.704304,5.324893304,25.22756803,14.109375,56.09375,23.17241287,1.148902343,45.63083572,2.518055439,1.251841675,127.7084732,0.970192836,9,2.237061905362547
CA_0004416,1999,1289.0,962.54,482.64,1.765000105,451.1483765,-120.9771,54.2979,104.3492,1376.704304,5.324893304,25.22756803,14.109375,56.09375,23.17241287,1.148902343,46.36764145,2.840694427,1.250689575,127.0654175,1.853032176,9,2.4719854117819544
CA_0004416,2000,1446.03,960.47,469.05,1.765000105,441.0700317,-120.9771,54.2979,104.3492,1376.704304,5.324893304,25.22756803,14.109375,56.09375,23.17241287,1.148902343,46.54180679,2.730972052,1.24449585,125.0483353,2.41639878,9,2.5023378814679265
CA_0004416,2001,1405.34,935.67,477.06,1.765000105,450.9500305,-120.9771,54.2979,104.3492,1376.704304,5.324893304,25.22756803,14.109375,56.09375,23.17241287,1.148902343,46.8976387,2.82611084,1.2227021,125.6459747,3.41452219,9,2.6891383183755324
CA_0004416,2002,1359.42,901.62,476.95,1.765000105,434.9500305,-120.9771,54.2979,104.3492,1376.704304,5.324893304,25.22756803,14.109375,56.09375,23.17241287,1.148902343,46.32736053,2.839722395,1.206914575,125.6777786,7.414788723,9,2.280929402208814
CA_0004416,2003,1423.71,901.14,470.98,1.765000105,429.1950073,-120.9771,54.2979,104.3492,1376.704304,5.324893304,25.22756803,14.109375,56.09375,23.17241287,1.148902343,47.1613884,2.763680696,1.185175,125.2804153,12.90424204,9,2.249138928782248
CA_0004416,2004,1390.77,906.78,474.77,1.765000105,429.5900024,-120.9771,54.2979,104.3492,1376.704304,5.324893304,25.22756803,14.109375,56.09375,23.17241287,1.148902343,46.83111038,2.748819351,1.208047925,125.0929153,13.57585535,9,2.1814501009344305
CA_0004416,2005,1353.29,882.37,490.25,1.765000105,442.3150024,-120.9771,54.2979,104.3492,1376.704304,5.324893304,25.22756803,14.109375,56.09375,23.17241287,1.148902343,46.60819321,2.804513931,1.2071375,126.4536102,13.99491014,9,2.2710711788548044
CA_0004416,2006,1337.98,865.4,508.8,1.765000105,430.8483337,-120.9771,54.2979,104.3492,1376.704304,5.324893304,25.22756803,14.109375,56.09375,23.17241287,1.148902343,43.81791611,2.736666679,1.256225,128.5465271,15.35392466,9,1.8832774696420767
CA_0004416,2007,1405.34,898.97,514.85,1.765000105,447.4966675,-120.9771,54.2979,104.3492,1376.704304,5.324893304,25.22756803,14.109375,56.09375,23.17241287,1.148902343,43.38069305,2.77125001,1.27055835,128.5631927,14.30459757,9,2.0117444060358194
CA_0004416,2008,1547.35,916.69,505.63,1.765000105,451.0116699,-120.9771,54.2979,104.3492,1376.704304,5.324893304,25.22756803,14.109375,56.09375,23.17241287,1.148902343,43.77555466,2.82611084,1.278102075,128.2545822,10.97621908,9,2.1489125030143192
CA_0004416,2009,1417.59,875.29,509.02,1.765000105,439.9466675,-120.9771,54.2979,104.3492,1376.704304,5.324893304,25.22756803,14.109375,56.09375,23.17241287,1.148902343,42.90722122,2.82465291,1.26909165,130.1006927,11.95102577,9,1.9987741867674786
CA_0004416,2010,1365.54,866.38,513.48,1.765000105,421.9049927,-120.9771,54.2979,104.3492,1376.704304,5.324893304,25.22756803,14.109375,56.09375,23.17241287,1.148902343,41.82999954,2.655069351,1.3020854,131.5840271,13.1600235,9,1.7296833797667641
CA_0004416,2011,1448.21,891.28,494.72,1.765000105,417.4966614,-120.9771,54.2979,104.3492,1376.704304,5.324893304,25.22756803,14.109375,56.09375,23.17241287,1.148902343,43.53847275,2.952291489,1.24597915,128.2008331,12.84557781,9,1.775441415464464
CA_0004416,2012,1421.47,852.19,499.33,1.765000105,415.3833252,-120.9771,54.2979,104.3492,1376.704304,5.324893304,25.22756803,14.109375,56.09375,23.17241287,1.148902343,42.32319489,2.758194685,1.268339551,128.7748611,12.11075573,9,1.7767152608147365
CA_0004416,2013,1285.93,864.99,499.68,1.765000105,419.9883301,-120.9771,54.2979,104.3492,1376.704304,5.324893304,25.22756803,14.109375,56.09375,23.17241287,1.148902343,40.83027878,2.660972118,1.268425,128.2068069,11.48117867,9,1.8119060012472537
CA_0004424,1989,291.1,736.29,613.63,3.393848801,478.1336426,-122.3729,54.0437,2791.77,1114.505927,2.335785776,26.53179414,11.74423122,57.95461655,28.49591637,1.410885534,48.91584091,2.351766825,1.881015112,133.8941406,1053.566614,9,2.0877730796077136
CA_0004424,1990,345.9,781.07,606.09,3.393848801,475.0121765,-122.3729,54.0437,2791.77,1114.505927,2.335785776,26.53179414,11.74423122,57.95461655,28.49591637,1.410885534,47.53165436,2.479460955,1.887680762,132.5868469,1069.117664,9,1.9527400707381408
CA_0004424,1991,343.59,778.96,603.37,3.393848801,476.1472473,-122.3729,54.0437,2791.77,1114.505927,2.335785776,26.53179414,11.74423122,57.95461655,28.49591637,1.410885534,47.211586,2.443004131,1.890800513,132.6045837,1076.916138,9,1.9891319068195412
CA_0004424,1992,375.27,808.5,606.71,3.393848801,462.7208191,-122.3729,54.0437,2791.77,1114.505927,2.335785776,26.53179414,11.74423122,57.95461655,28.49591637,1.410885534,49.51393356,2.41236949,1.887079272,132.5475128,1083.553271,9,1.7474160767908211
CA_0004424,1993,373.03,781.47,595.54,3.393848801,455.1054443,-122.3729,54.0437,2791.77,1114.505927,2.335785776,26.53179414,11.74423122,57.95461655,28.49591637,1.410885534,51.77760086,2.250684738,1.879994189,132.093161,1082.125659,9,1.7842215210007744
CA_0004424,1994,380.31,813.54,600.75,3.393848801,453.9819458,-122.3729,54.0437,2791.77,1114.505927,2.335785776,26.53179414,11.74423122,57.95461655,28.49591637,1.410885534,53.03335724,2.380587578,1.876668506,131.474765,1087.426929,9,1.6798305018608595
CA_0004424,1995,329.25,802.68,597.5,3.393848801,468.404541,-122.3729,54.0437,2791.77,1114.505927,2.335785776,26.53179414,11.74423122,57.95461655,28.49591637,1.410885534,52.97932129,2.277530432,1.87594917,131.3026093,1101.752002,9,1.8687250946118774
CA_0004424,1996,351.5,829.55,587.41,3.393848801,471.6516052,-122.3729,54.0437,2791.77,1114.505927,2.335785776,26.53179414,11.74423122,57.95461655,28.49591637,1.410885534,55.02469025,2.380153894,1.868938574,130.3377518,1129.651489,9,1.9031167962025222
CA_0004424,1997,361.01,838.21,565.26,3.393848801,487.1975647,-122.3729,54.0437,2791.77,1114.505927,2.335785776,26.53179414,11.74423122,57.95461655,28.49591637,1.410885534,56.30102615,2.435080528,1.872034277,128.984639,1159.376978,9,2.2906924610196557
CA_0004424,1998,351.31,862.49,578.34,3.393848801,482.0495667,-122.3729,54.0437,2791.77,1114.505927,2.335785776,26.53179414,11.74423122,57.95461655,28.49591637,1.410885534,55.76048126,2.212469339,1.893564063,129.7458542,1186.934839,9,2.0231630695587524
CA_0004424,1999,381.85,875.53,565.03,3.393848801,492.2142273,-122.3729,54.0437,2791.77,1114.505927,2.335785776,26.53179414,11.74423122,57.95461655,28.49591637,1.410885534,59.20047455,2.472088814,1.889605981,129.3996841,1210.530396,9,2.2764767332890536
CA_0004424,2000,417.39,869.46,555.48,3.393848801,495.2142334,-122.3729,54.0437,2791.77,1114.505927,2.335785776,26.53179414,11.74423122,57.95461655,28.49591637,1.410885534,62.67497787,2.300472021,1.882643945,127.9085297,1236.320654,9,2.4789225406808058
CA_0004424,2001,434.23,842.68,560.31,3.393848801,503.1881775,-122.3729,54.0437,2791.77,1114.505927,2.335785776,26.53179414,11.74423122,57.95461655,28.49591637,1.410885534,63.48635025,2.444755554,1.88269939,128.0358429,1252.816504,9,2.683538850261306
CA_0004424,2002,436.54,807.96,557.41,3.393848801,482.5671509,-122.3729,54.0437,2791.77,1114.505927,2.335785776,26.53179414,11.74423122,57.95461655,28.49591637,1.410885534,63.05402985,2.427211046,1.87524646,128.1488342,1281.456226,9,2.3911067165044453
CA_0004424,2003,426.18,806.76,553.44,3.393848801,478.0251221,-122.3729,54.0437,2791.77,1114.505927,2.335785776,26.53179414,11.74423122,57.95461655,28.49591637,1.410885534,63.6588913,2.395393133,1.860664185,127.9165619,1314.641553,9,2.3541755699299016
CA_0004424,2004,410.54,812.15,564.15,3.393848801,475.6033569,-122.3729,54.0437,2791.77,1114.505927,2.335785776,26.53179414,11.74423122,57.95461655,28.49591637,1.410885534,62.88795853,2.326452732,1.847033569,127.8925415,1344.958398,9,2.182330489791149
CA_0004424,2005,376.34,791.29,578.03,3.393848801,478.9383118,-122.3729,54.0437,2791.77,1114.505927,2.335785776,26.53179414,11.74423122,57.95461655,28.49591637,1.410885534,60.23660049,2.425775051,1.849813794,129.2169205,1382.660522,9,2.1744209162527355
CA_0004424,2006,334.99,782.62,594.02,3.393848801,456.0476318,-122.3729,54.0437,2791.77,1114.505927,2.335785776,26.53179414,11.74423122,57.95461655,28.49591637,1.410885534,56.24100571,2.414330482,1.851175488,131.5028198,1423.643115,9,1.799183455790442
CA_0004424,2007,335.21,818.55,598.88,3.393848801,470.3093323,-122.3729,54.0437,2791.77,1114.505927,2.335785776,26.53179414,11.74423122,57.95461655,28.49591637,1.410885534,55.18092804,2.425641775,1.820538452,131.0621948,1461.622241,9,1.84497554988799
CA_0004424,2008,396.39,839.45,585.34,3.393848801,477.7197571,-122.3729,54.0437,2791.77,1114.505927,2.335785776,26.53179414,11.74423122,57.95461655,28.49591637,1.410885534,56.63638229,2.459198475,1.799468091,130.5762726,1491.428564,9,1.968573958899126
CA_0004424,2009,332.89,799.83,584.67,3.393848801,465.5616943,-122.3729,54.0437,2791.77,1114.505927,2.335785776,26.53179414,11.74423122,57.95461655,28.49591637,1.410885534,55.07803726,2.460261345,1.815204102,132.3269836,1505.597241,9,1.9186041453147307
CA_0004424,2010,298.82,800.01,588.9,3.393848801,452.574823,-122.3729,54.0437,2791.77,1114.505927,2.335785776,26.53179414,11.74423122,57.95461655,28.49591637,1.410885534,55.65283432,2.40647912,1.806057251,133.3138641,1519.997803,9,1.7494780669709498
CA_0004425,1989,583.94,811.83,599.03,2.974008703,484.2906799,-122.1021,54.0187,3288.98,1193.808933,3.059471054,26.98549122,10.15053272,61.49719238,25.69989777,1.468781862,43.91911697,2.403133392,1.648105933,133.8620087,547.453894,9,2.0294932230203404
CA_0004425,1990,591.89,858.64,591.63,2.974008703,479.3542542,-122.1021,54.0187,3288.98,1193.808933,3.059471054,26.98549122,10.15053272,61.49719238,25.69989777,1.468781862,43.26596756,2.532681227,1.653127466,132.603064,555.1828735,9,1.902406111957568
CA_0004425,1991,545.87,857.16,588.34,2.974008703,482.5441406,-122.1021,54.0187,3288.98,1193.808933,3.059471054,26.98549122,10.15053272,61.49719238,25.69989777,1.468781862,42.54042282,2.494199514,1.656378979,132.5656219,559.0078857,9,1.9672980963665
CA_0004425,1992,555.53,888.19,589.6,2.974008703,467.7998413,-122.1021,54.0187,3288.98,1193.808933,3.059471054,26.98549122,10.15053272,61.49719238,25.69989777,1.468781862,43.74573517,2.464839458,1.652110205,132.4513489,562.1612305,9,1.7298055802914356
CA_0004425,1993,529.39,861.23,577.69,2.974008703,459.8606384,-122.1021,54.0187,3288.98,1193.808933,3.059471054,26.98549122,10.15053272,61.49719238,25.69989777,1.468781862,45.42579498,2.306833029,1.644701099,132.0010345,561.3316895,9,1.762147630741044
CA_0004425,1994,552.97,894.64,583.45,2.974008703,458.6426819,-122.1021,54.0187,3288.98,1193.808933,3.059471054,26.98549122,10.15053272,61.49719238,25.69989777,1.468781862,46.09719925,2.434505224,1.639101782,131.5054535,563.7507446,9,1.6612418011500831
CA_0004425,1995,520.68,884.99,580.31,2.974008703,475.9801819,-122.1021,54.0187,3288.98,1193.808933,3.059471054,26.98549122,10.15053272,61.49719238,25.69989777,1.468781862,46.73280334,2.335894346,1.637736743,131.3943817,570.5718384,9,1.881716431788442
CA_0004425,1996,563.03,914.54,570.46,2.974008703,475.7556519,-122.1021,54.0187,3288.98,1193.808933,3.059471054,26.98549122,10.15053272,61.49719238,25.69989777,1.468781862,48.5408905,2.436214447,1.631414185,130.4959427,584.2872681,9,1.8911092419400786
CA_0004425,1997,601.36,926.82,548.11,2.974008703,488.9447754,-122.1021,54.0187,3288.98,1193.808933,3.059471054,26.98549122,10.15053272,61.49719238,25.69989777,1.468781862,49.97772598,2.492042542,1.633787476,129.0138809,600.3961792,9,2.294390193103458
CA_0004425,1998,578.82,952.21,561.43,2.974008703,483.9081177,-122.1021,54.0187,3288.98,1193.808933,3.059471054,26.98549122,10.15053272,61.49719238,25.69989777,1.468781862,48.90671539,2.260874271,1.653265894,129.833934,615.5316895,9,2.004103223848589
CA_0004425,1999,616.04,965.66,547.88,2.974008703,491.1737549,-122.1021,54.0187,3288.98,1193.808933,3.059471054,26.98549122,10.15053272,61.49719238,25.69989777,1.468781862,51.06615372,2.5219028,1.6509604,129.4056808,628.1657349,9,2.2523201696896975
CA_0004425,2000,646.22,957.83,538.1,2.974008703,490.9929199,-122.1021,54.0187,3288.98,1193.808933,3.059471054,26.98549122,10.15053272,61.49719238,25.69989777,1.468781862,52.9209549,2.369951487,1.643785303,127.8461349,642.6422363,9,2.418130318331504
CA_0004425,2001,657.8,926.74,543.12,2.974008703,498.8555969,-122.1021,54.0187,3288.98,1193.808933,3.059471054,26.98549122,10.15053272,61.49719238,25.69989777,1.468781862,53.47385254,2.499133348,1.642164404,128.0513855,652.9207153,9,2.6078846580686204
CA_0004425,2002,636.59,887.1,541.34,2.974008703,477.7470947,-122.1021,54.0187,3288.98,1193.808933,3.059471054,26.98549122,10.15053272,61.49719238,25.69989777,1.468781862,52.92512894,2.484440088,1.637991943,128.3037598,669.0780396,9,2.263573321812714
CA_0004425,2003,662.35,884.86,537.07,2.974008703,471.3098083,-122.1021,54.0187,3288.98,1193.808933,3.059471054,26.98549122,10.15053272,61.49719238,25.69989777,1.468781862,53.65956268,2.447574377,1.62464585,128.0575684,686.9583374,9,2.2014542724130077
CA_0004425,2004,631.12,891.7,546.84,2.974008703,469.9717957,-122.1021,54.0187,3288.98,1193.808933,3.059471054,26.98549122,10.15053272,61.49719238,25.69989777,1.468781862,52.8282608,2.377763987,1.618343237,128.0579529,701.8304932,9,2.057348679295734
CA_0004425,2005,623.81,869.61,560.79,2.974008703,475.9642456,-122.1021,54.0187,3288.98,1193.808933,3.059471054,26.98549122,10.15053272,61.49719238,25.69989777,1.468781862,50.84228058,2.474378586,1.619893042,129.4104706,720.0553833,9,2.0676903410179603
CA_0004425,2006,590.76,861.17,577.73,2.974008703,455.6129578,-122.1021,54.0187,3288.98,1193.808933,3.059471054,26.98549122,10.15053272,61.49719238,25.69989777,1.468781862,47.81358337,2.457747221,1.623233716,131.7378479,740.5676514,9,1.717888712897655
CA_0004425,2007,596.53,899.48,583.35,2.974008703,471.0160095,-122.1021,54.0187,3288.98,1193.808933,3.059471054,26.98549122,10.15053272,61.49719238,25.69989777,1.468781862,47.40799103,2.463535309,1.597939771,131.4199005,758.5928711,9,1.7786142664270845
CA_0004425,2008,627.79,920.5,569.74,2.974008703,477.3823853,-122.1021,54.0187,3288.98,1193.808933,3.059471054,26.98549122,10.15053272,61.49719238,25.69989777,1.468781862,48.43514709,2.501426697,1.576801123,130.8873688,773.637085,9,1.9057434668609428
CA_0004425,2009,617.84,875.46,569.34,2.974008703,463.760083,-122.1021,54.0187,3288.98,1193.808933,3.059471054,26.98549122,10.15053272,61.49719238,25.69989777,1.468781862,47.63332977,2.508084059,1.589507056,132.6729004,781.6742676,9,1.8290367083220813
CA_0004425,2010,573.8,877.28,573.24,2.974008703,449.4344421,-122.1021,54.0187,3288.98,1193.808933,3.059471054,26.98549122,10.15053272,61.49719238,25.69989777,1.468781862,48.02591934,2.444635153,1.593567407,133.6978485,792.5720337,9,1.6526473018434515
CA_0004425,2011,629.3,891.0,549.74,2.974008703,441.352655,-122.1021,54.0187,3288.98,1193.808933,3.059471054,26.98549122,10.15053272,61.49719238,25.69989777,1.468781862,49.22765732,2.540913105,1.545830933,130.1089462,804.1537354,9,1.6764428386641035
CA_0004425,2012,629.79,843.51,551.93,2.974008703,433.5491089,-122.1021,54.0187,3288.98,1193.808933,3.059471054,26.98549122,10.15053272,61.49719238,25.69989777,1.468781862,47.11403732,2.4623456,1.570376489,130.6428543,808.8516113,9,1.6628293901347078
CA_0004425,2013,637.44,847.7,556.09,2.974008703,440.2035034,-122.1021,54.0187,3288.98,1193.808933,3.059471054,26.98549122,10.15053272,61.49719238,25.69989777,1.468781862,44.74957962,2.290435314,1.582034399,130.3098724,816.5279907,9,1.7010559257545061
CA_0004425,2014,676.18,874.85,553.82,2.974008703,449.0981873,-122.1021,54.0187,3288.98,1193.808933,3.059471054,26.98549122,10.15053272,61.49719238,25.69989777,1.468781862,45.0004631,2.354870558,1.577327344,129.1058105,839.7153442,9,1.7621515414297735
CA_0004443,1989,538.84,809.78,566.29,3.450000334,474.9671387,-121.7687,52.9146,128.307,1459.439021,2.42460975,24.49229349,5.625,69.25,23.25,3.156631505,39.63964157,2.5224998,1.367979346,134.1067902,1920.971997,9,2.1594341838451627
CA_0004443,1990,531.39,851.59,560.58,3.450000334,466.9328491,-121.7687,52.9146,128.307,1459.439021,2.42460975,24.49229349,5.625,69.25,23.25,3.156631505,38.40214233,2.617618799,1.377484521,132.7451233,1950.581909,9,1.9819860532408302
CA_0004443,1991,543.81,849.89,557.98,3.450000334,470.0028503,-121.7687,52.9146,128.307,1459.439021,2.42460975,24.49229349,5.625,69.25,23.25,3.156631505,38.03118896,2.588928461,1.380796436,132.586319,1963.165503,9,2.051210592063657
CA_0004443,1992,575.18,880.67,556.15,3.450000334,462.2985657,-121.7687,52.9146,128.307,1459.439021,2.42460975,24.49229349,5.625,69.25,23.25,3.156631505,40.35797501,2.572321415,1.368217871,132.180838,1971.072095,9,1.8930270782655036
CA_0004443,1993,625.75,856.21,545.1,3.450000334,452.8142761,-121.7687,52.9146,128.307,1459.439021,2.42460975,24.49229349,5.625,69.25,23.25,3.156631505,42.55559387,2.402261972,1.354642505,131.6923828,1970.831152,9,1.9033420199219946
CA_0004443,1994,692.8,883.04,549.35,3.450000334,450.268573,-121.7687,52.9146,128.307,1459.439021,2.42460975,24.49229349,5.625,69.25,23.25,3.156631505,43.24059372,2.538809299,1.34430918,131.0065521,1985.306909,9,1.7899125292392128
CA_0004443,1995,680.38,879.4,547.05,3.450000334,473.0528687,-121.7687,52.9146,128.307,1459.439021,2.42460975,24.49229349,5.625,69.25,23.25,3.156631505,45.29630737,2.466666698,1.332785767,130.7884552,2020.546265,9,2.132671492469699
CA_0004443,1996,692.21,910.14,540.35,3.450000334,469.5528687,-121.7687,52.9146,128.307,1459.439021,2.42460975,24.49229349,5.625,69.25,23.25,3.156631505,46.47559204,2.517738104,1.327074243,130.0308334,2076.086646,9,2.076798441185525
CA_0004443,1997,722.6,927.25,518.81,3.450000334,475.4457275,-121.7687,52.9146,128.307,1459.439021,2.42460975,24.49229349,5.625,69.25,23.25,3.156631505,47.61428223,2.610595226,1.332862378,128.6464279,2143.177734,9,2.4606279604228893
CA_0004443,1998,710.18,947.08,532.05,3.450000334,472.0142944,-121.7687,52.9146,128.307,1459.439021,2.42460975,24.49229349,5.625,69.25,23.25,3.156631505,46.58868713,2.403988123,1.341472705,129.4628586,2211.462842,9,2.1371622972700934
CA_0004443,1999,749.91,960.45,517.56,3.450000334,473.6728638,-121.7687,52.9146,128.307,1459.439021,2.42460975,24.49229349,5.625,69.25,23.25,3.156631505,47.40452042,2.649642944,1.341811157,129.1932144,2279.937549,9,2.359405750009095
CA_0004443,2000,764.42,945.69,509.07,3.450000334,468.955719,-121.7687,52.9146,128.307,1459.439021,2.42460975,24.49229349,5.625,69.25,23.25,3.156631505,47.43428268,2.472619295,1.33768772,127.9869049,2348.990771,9,2.4354559258712043
CA_0004443,2001,737.5,912.75,512.22,3.450000334,475.7828491,-121.7687,52.9146,128.307,1459.439021,2.42460975,24.49229349,5.625,69.25,23.25,3.156631505,48.07797546,2.623154879,1.335876587,128.1217865,2398.20918,9,2.651653956918368
CA_0004443,2002,744.94,865.55,512.8,3.450000334,454.7271362,-121.7687,52.9146,128.307,1459.439021,2.42460975,24.49229349,5.625,69.25,23.25,3.156631505,47.46392822,2.581071377,1.331524146,128.5938141,2481.981348,9,2.2419336629963755
CA_0004443,2003,727.56,860.27,510.45,3.450000334,448.0471497,-121.7687,52.9146,128.307,1459.439021,2.42460975,24.49229349,5.625,69.25,23.25,3.156631505,47.80976105,2.580416441,1.334691602,128.4878632,2574.553125,9,2.1557632588679856
CA_0004443,2004,684.74,866.83,523.41,3.450000334,451.8642822,-121.7687,52.9146,128.307,1459.439021,2.42460975,24.49229349,5.625,69.25,23.25,3.156631505,47.91749954,2.469940424,1.344371753,128.4714355,2659.386133,9,2.060278196874667
CA_0004443,2005,687.83,848.78,537.96,3.450000334,461.207135,-121.7687,52.9146,128.307,1459.439021,2.42460975,24.49229349,5.625,69.25,23.25,3.156631505,47.21273651,2.588690519,1.345526904,129.7485794,2754.368506,9,2.1055864843098995
CA_0004443,2006,640.65,840.54,555.92,3.450000334,446.8771362,-121.7687,52.9146,128.307,1459.439021,2.42460975,24.49229349,5.625,69.25,23.25,3.156631505,44.43345108,2.587976217,1.353572925,131.9958405,2859.7021,9,1.7878777251289124
CA_0004443,2007,613.34,877.97,560.75,3.450000334,462.7485657,-121.7687,52.9146,128.307,1459.439021,2.42460975,24.49229349,5.625,69.25,23.25,3.156631505,43.9747612,2.591190338,1.335563818,131.5704803,2941.096924,9,1.8704418545373984
CA_0004443,2008,657.35,896.41,545.91,3.450000334,466.9071289,-121.7687,52.9146,128.307,1459.439021,2.42460975,24.49229349,5.625,69.25,23.25,3.156631505,44.84059525,2.604761839,1.3186896,130.9663116,2995.444141,9,2.0096548254278463
CA_0004443,2009,600.92,852.39,543.01,3.450000334,447.7899963,-121.7687,52.9146,128.307,1459.439021,2.42460975,24.49229349,5.625,69.25,23.25,3.156631505,43.63428497,2.628630877,1.310370532,132.7889313,3030.568848,9,1.8619657024736778
CA_0004443,2010,538.84,858.87,543.05,3.450000334,427.6371338,-121.7687,52.9146,128.307,1459.439021,2.42460975,24.49229349,5.625,69.25,23.25,3.156631505,43.30726318,2.613809586,1.311567358,133.481073,3059.118604,9,1.6256370240713538
CA_0004443,2011,640.65,870.6,519.25,3.450000334,418.5728516,-121.7687,52.9146,128.307,1459.439021,2.42460975,24.49229349,5.625,69.25,23.25,3.156631505,44.55893021,2.646726131,1.270506641,130.0854767,3086.370947,9,1.6484348369808168
CA_0004443,2012,649.88,830.76,518.91,3.450000334,411.607135,-121.7687,52.9146,128.307,1459.439021,2.42460975,24.49229349,5.625,69.25,23.25,3.156631505,43.00642929,2.602618933,1.276574927,130.549646,3089.940576,9,1.6400108522968213
CA_0004443,2013,648.1,821.47,523.67,3.450000334,412.4514282,-121.7687,52.9146,128.307,1459.439021,2.42460975,24.49229349,5.625,69.25,23.25,3.156631505,40.74166794,2.411547422,1.284266211,130.2846451,3100.538818,9,1.6375900772587402
CA_0004459,1989,48.32,397.06,561.92,1.166060698,379.405072,-123.8062,52.9896,1031.622,1325.987735,1.259868323,20.22559282,14.66801929,50.14448166,31.60957718,1.663663226,34.57604065,2.183988094,1.571380957,129.9905518,6.429137516,9,4.365079911466764
CA_0004459,1990,53.09,423.0,555.8,1.166060698,374.6406555,-123.8062,52.9896,1031.622,1325.987735,1.259868323,20.22559282,14.66801929,50.14448166,31.60957718,1.663663226,33.67323761,2.32275939,1.573605737,128.19263,6.537002945,9,3.00488403344124
CA_0004459,1991,68.67,421.75,556.3,1.166060698,380.6722168,-123.8062,52.9896,1031.622,1325.987735,1.259868323,20.22559282,14.66801929,50.14448166,31.60957718,1.663663226,35.0970253,2.279290915,1.566863965,128.3608994,6.630741882,9,3.294682841355405
CA_0004459,1992,70.45,433.02,556.59,1.166060698,383.6302673,-123.8062,52.9896,1031.622,1325.987735,1.259868323,20.22559282,14.66801929,50.14448166,31.60957718,1.663663226,37.43240433,2.17292738,1.55134436,128.049324,6.777274323,9,3.112365024785794
CA_0004459,1993,76.61,427.02,549.99,1.166060698,386.5501465,-123.8062,52.9896,1031.622,1325.987735,1.259868323,20.22559282,14.66801929,50.14448166,31.60957718,1.663663226,40.77407074,2.019864559,1.531477905,127.5324753,6.748169899,9,3.481586059665626
CA_0004459,1994,76.3,432.24,550.51,1.166060698,384.7866394,-123.8062,52.9896,1031.622,1325.987735,1.259868323,20.22559282,14.66801929,50.14448166,31.60957718,1.663663226,42.01374588,2.184323549,1.522357544,126.3859192,6.781868744,9,3.236957394973486
CA_0004459,1995,71.53,432.5,551.29,1.166060698,395.1687134,-123.8062,52.9896,1031.622,1325.987735,1.259868323,20.22559282,14.66801929,50.14448166,31.60957718,1.663663226,40.05122414,2.068609476,1.512882666,126.1743027,6.866483402,9,3.7484366752544407
CA_0004570,1989,132.27,649.3,637.3,4.540208244,468.30401,-120.1187,51.1396,507.0705,1228.450038,5.168955496,18.28454575,11.67708302,52.86631775,33.54861069,1.546493068,60.18258438,2.274260283,1.996121338,144.5204193,1668.546924,9,2.1841381892659566
CA_0004570,1990,142.07,682.75,627.98,4.540208244,485.2077637,-120.1187,51.1396,507.0705,1228.450038,5.168955496,18.28454575,11.67708302,52.86631775,33.54861069,1.546493068,59.4734169,2.296906233,1.997056494,142.5511505,1694.168311,9,2.32826650909265
CA_0004570,1991,153.09,668.2,627.22,4.540208244,484.0000122,-120.1187,51.1396,507.0705,1228.450038,5.168955496,18.28454575,11.67708302,52.86631775,33.54861069,1.546493068,58.11041641,2.267250061,2.002570386,142.2451721,1705.977124,9,2.3929642456100333
CA_0004570,1992,151.05,713.18,621.23,4.540208244,507.6182617,-120.1187,51.1396,507.0705,1228.450038,5.168955496,18.28454575,11.67708302,52.86631775,33.54861069,1.546493068,59.46647797,2.19451046,2.004676807,141.0999237,1714.646338,9,2.617753506388215
CA_0004570,1993,158.6,693.79,606.46,4.540208244,502.7815186,-120.1187,51.1396,507.0705,1228.450038,5.168955496,18.28454575,11.67708302,52.86631775,33.54861069,1.546493068,61.75466614,2.080125093,1.995464307,139.9897949,1712.083252,9,2.789616006681517
CA_0004570,1994,150.64,695.71,614.98,4.540208244,489.1367554,-120.1187,51.1396,507.0705,1228.450038,5.168955496,18.28454575,11.67708302,52.86631775,33.54861069,1.546493068,61.71918793,2.283604145,1.998158057,139.5562744,1721.421338,9,2.4233560608776528
CA_0004570,1995,135.94,706.74,615.6,4.540208244,483.966748,-120.1187,51.1396,507.0705,1228.450038,5.168955496,18.28454575,11.67708302,52.86631775,33.54861069,1.546493068,60.87795868,2.274114609,2.005390015,140.2433136,1748.711377,9,2.2785382226823963
CA_0004570,1996,138.77,751.48,612.16,4.540208244,467.5787476,-120.1187,51.1396,507.0705,1228.450038,5.168955496,18.28454575,11.67708302,52.86631775,33.54861069,1.546493068,63.24416809,2.239624977,1.99201272,139.9872101,1796.494995,9,1.9150332661280811
CA_0004608,1989,107.85,762.24,647.35,4.796667004,478.20625,-118.8604,50.2979,767.0894,1195.275415,3.526129555,21.42318368,14.21717167,46.73863602,35.89015198,1.366262276,69.63282852,2.273526669,1.817598511,149.3553589,6658.171289,9,1.8315714544882802
CA_0004608,1990,120.98,802.77,639.06,4.796667004,498.9569702,-118.8604,50.2979,767.0894,1195.275415,3.526129555,21.42318368,14.21717167,46.73863602,35.89015198,1.366262276,69.70257645,2.317920923,1.81748562,147.0550201,6736.589453,9,1.9878158591179207
CA_0004608,1991,122.21,774.83,640.62,4.796667004,493.276355,-118.8604,50.2979,767.0894,1195.275415,3.526129555,21.42318368,14.21717167,46.73863602,35.89015198,1.366262276,65.92437744,2.29619503,1.814266821,146.8214661,6763.730176,9,1.9946476086246459
CA_0004608,1992,125.01,818.19,636.1,4.796667004,516.0699036,-118.8604,50.2979,767.0894,1195.275415,3.526129555,21.42318368,14.21717167,46.73863602,35.89015198,1.366262276,66.56112747,2.213232279,1.809334106,145.8294281,6782.297559,9,2.1802243162383625
CA_0004608,1993,139.02,794.46,618.85,4.796667004,507.1563599,-118.8604,50.2979,767.0894,1195.275415,3.526129555,21.42318368,14.21717167,46.73863602,35.89015198,1.366262276,67.88799515,2.086009979,1.798833008,144.5209961,6728.438672,9,2.261229999536483
CA_0004608,1994,152.96,799.69,629.73,4.796667004,492.8547363,-118.8604,50.2979,767.0894,1195.275415,3.526129555,21.42318368,14.21717167,46.73863602,35.89015198,1.366262276,66.45190353,2.279141426,1.795418945,144.3292114,6704.006152,9,1.9772420692040427
CA_0004608,1995,137.38,816.79,631.87,4.796667004,489.4735229,-118.8604,50.2979,767.0894,1195.275415,3.526129555,21.42318368,14.21717167,46.73863602,35.89015198,1.366262276,65.10362015,2.291506529,1.800983252,145.3097687,6767.136719,9,1.8817557395515703
CA_0004608,1996,135.7,882.45,628.93,4.796667004,479.2662598,-118.8604,50.2979,767.0894,1195.275415,3.526129555,21.42318368,14.21717167,46.73863602,35.89015198,1.366262276,68.55249176,2.259503365,1.795940356,145.1669617,6941.31875,9,1.6597821663854697
CA_0004608,1997,135.74,917.24,606.6,4.796667004,478.1856567,-118.8604,50.2979,767.0894,1195.275415,3.526129555,21.42318368,14.21717167,46.73863602,35.89015198,1.366262276,76.27919006,2.291565657,1.799954712,143.7381012,7122.060938,9,1.6942080138336233
CA_0004608,1998,130.41,948.34,632.11,4.796667004,474.3086975,-118.8604,50.2979,767.0894,1195.275415,3.526129555,21.42318368,14.21717167,46.73863602,35.89015198,1.366262276,77.30493164,2.17441082,1.814301416,144.6544281,7289.984277,9,1.508571408132405
CA_0004608,1999,131.64,943.98,618.43,4.796667004,475.730127,-118.8604,50.2979,767.0894,1195.275415,3.526129555,21.42318368,14.21717167,46.73863602,35.89015198,1.366262276,78.79809418,2.353745699,1.805872583,144.2368164,7436.683105,9,1.578418683003337
CA_0004608,2000,146.8,882.97,619.48,4.796667004,464.5333679,-118.8604,50.2979,767.0894,1195.275415,3.526129555,21.42318368,14.21717167,46.73863602,35.89015198,1.366262276,76.96472778,2.246893883,1.799828564,144.6798798,7530.46875,9,1.5729423015729431
CA_0004608,2001,136.97,810.43,631.83,4.796667004,471.220636,-118.8604,50.2979,767.0894,1195.275415,3.526129555,21.42318368,14.21717167,46.73863602,35.89015198,1.366262276,72.79001465,2.368366957,1.805415308,145.0811737,7529.245801,9,1.7131915863830216
CA_0004608,2002,149.68,736.54,643.98,4.796667004,438.7707336,-118.8604,50.2979,767.0894,1195.275415,3.526129555,21.42318368,14.21717167,46.73863602,35.89015198,1.366262276,64.9227272,2.298737288,1.803636841,146.9698975,7568.453516,9,1.5494455329192935
CA_0004608,2003,140.66,695.63,643.55,4.796667004,411.5767944,-118.8604,50.2979,767.0894,1195.275415,3.526129555,21.42318368,14.21717167,46.73863602,35.89015198,1.366262276,60.34875107,2.321254253,1.796345532,147.8004395,7633.23877,9,1.4296659864488233
CA_0004608,2004,130.77,719.83,650.85,4.796667004,429.1577942,-118.8604,50.2979,767.0894,1195.275415,3.526129555,21.42318368,14.21717167,46.73863602,35.89015198,1.366262276,60.51681747,2.196313143,1.795327222,147.2723755,7597.383594,9,1.4908534380744558
CA_0004608,2005,125.08,742.32,658.56,4.796667004,436.9446533,-118.8604,50.2979,767.0894,1195.275415,3.526129555,21.42318368,14.21717167,46.73863602,35.89015198,1.366262276,63.66138077,2.262340069,1.792810669,146.7697998,7624.696973,9,1.4828004760521292
CA_0004608,2006,137.79,777.79,660.58,4.796667004,435.155957,-118.8604,50.2979,767.0894,1195.275415,3.526129555,21.42318368,14.21717167,46.73863602,35.89015198,1.366262276,63.63757629,2.316607714,1.80052915,147.4900208,7670.529883,9,1.401946522877243
CA_0004608,2007,130.41,785.86,666.2,4.796667004,445.0523071,-118.8604,50.2979,767.0894,1195.275415,3.526129555,21.42318368,14.21717167,46.73863602,35.89015198,1.366262276,62.42218857,2.34176755,1.787116821,146.6754944,7730.936328,9,1.4407859499990627
CA_0004608,2008,137.76,774.98,654.98,4.796667004,456.8888794,-118.8604,50.2979,767.0894,1195.275415,3.526129555,21.42318368,14.21717167,46.73863602,35.89015198,1.366262276,63.79966583,2.337213755,1.765409839,146.4208801,7757.062695,9,1.579975550403064
CA_0004608,2009,130.0,726.31,656.51,4.796667004,429.8509094,-118.8604,50.2979,767.0894,1195.275415,3.526129555,21.42318368,14.21717167,46.73863602,35.89015198,1.366262276,63.12868652,2.360580683,1.753922754,148.6133026,7816.710449,9,1.468074046961444
CA_0004608,2010,116.06,731.31,644.88,4.796667004,428.2042297,-118.8604,50.2979,767.0894,1195.275415,3.526129555,21.42318368,14.21717167,46.73863602,35.89015198,1.366262276,63.89134521,2.285748959,1.735512305,147.4637207,7837.46875,9,1.4765559419148755
CA_0004608,2011,113.19,699.18,627.7,4.796667004,413.1072632,-118.8604,50.2979,767.0894,1195.275415,3.526129555,21.42318368,14.21717167,46.73863602,35.89015198,1.366262276,64.44474564,2.398055315,1.708392725,145.7706573,7902.899316,9,1.4743521490652183
CA_0004608,2012,128.71,704.23,619.48,4.796667004,414.2373718,-118.8604,50.2979,767.0894,1195.275415,3.526129555,21.42318368,14.21717167,46.73863602,35.89015198,1.366262276,65.35452805,2.343897104,1.708186255,144.8872559,7895.32334,9,1.4955126330713877
CA_0004608,2013,144.35,718.06,618.24,4.796667004,425.2367615,-118.8604,50.2979,767.0894,1195.275415,3.526129555,21.42318368,14.21717167,46.73863602,35.89015198,1.366262276,66.36203613,2.207777739,1.725987012,143.8859955,7935.969043,9,1.55863611197731
CA_0004610,1989,118.26,767.68,641.85,4.796666718,475.5610413,-118.9604,50.2521,630.4082,1253.492767,3.469708588,21.84687139,14.91720772,45.15746689,36.65422058,1.233252598,70.02514954,2.314469576,1.721337842,149.4946838,6410.459277,9,1.8138854485157285
CA_0004610,1990,98.8,809.42,633.58,4.796666718,495.7974121,-118.9604,50.2521,630.4082,1253.492767,3.469708588,21.84687139,14.91720772,45.15746689,36.65422058,1.233252598,70.04582214,2.359328985,1.719764111,147.1688385,6500.591992,9,1.9630123023132293
CA_0004610,1991,95.31,781.47,635.28,4.796666718,489.8433838,-118.9604,50.2521,630.4082,1253.492767,3.469708588,21.84687139,14.91720772,45.15746689,36.65422058,1.233252598,66.06815948,2.336417437,1.715086523,146.9321503,6531.40332,9,1.9631380581761957
CA_0004610,1992,101.07,824.39,630.57,4.796666718,512.5153259,-118.9604,50.2521,630.4082,1253.492767,3.469708588,21.84687139,14.91720772,45.15746689,36.65422058,1.233252598,66.719133,2.252922058,1.707855151,145.932428,6548.499609,9,2.150954850871736
CA_0004610,1993,118.76,801.03,613.16,4.796666718,503.2994873,-118.9604,50.2521,630.4082,1253.492767,3.469708588,21.84687139,14.91720772,45.15746689,36.65422058,1.233252598,68.19694901,2.12530303,1.696572949,144.6009735,6498.397754,9,2.2252416976722467
CA_0004610,1994,125.74,806.3,623.92,4.796666718,489.4226013,-118.9604,50.2521,630.4082,1253.492767,3.469708588,21.84687139,14.91720772,45.15746689,36.65422058,1.233252598,66.80294571,2.319632053,1.691442505,144.424176,6490.219824,9,1.9517899342000036
CA_0004610,1995,142.71,823.71,625.94,4.796666718,486.6488159,-118.9604,50.2521,630.4082,1253.492767,3.469708588,21.84687139,14.91720772,45.15746689,36.65422058,1.233252598,65.58335495,2.333029985,1.697758228,145.4213623,6566.79209,9,1.865275687786994
CA_0004610,1996,157.11,889.66,623.19,4.796666718,477.2103821,-118.9604,50.2521,630.4082,1253.492767,3.469708588,21.84687139,14.91720772,45.15746689,36.65422058,1.233252598,69.05283279,2.29849577,1.693802148,145.2753235,6757.033008,9,1.654068159788638
CA_0004610,1997,204.58,924.71,600.76,4.796666718,475.0189636,-118.9604,50.2521,630.4082,1253.492767,3.469708588,21.84687139,14.91720772,45.15746689,36.65422058,1.233252598,76.81811523,2.331829071,1.698102026,143.8473999,6962.707617,9,1.6815215823569725
CA_0004610,1998,194.61,956.69,626.08,4.796666718,471.5179321,-118.9604,50.2521,630.4082,1253.492767,3.469708588,21.84687139,14.91720772,45.15746689,36.65422058,1.233252598,77.91824646,2.21380949,1.71255083,144.7603638,7173.91748,9,1.4990637369221138
CA_0004610,1999,203.59,952.6,612.0,4.796666718,472.6600037,-118.9604,50.2521,630.4082,1253.492767,3.469708588,21.84687139,14.91720772,45.15746689,36.65422058,1.233252598,79.51422119,2.395562887,1.705240894,144.3470093,7355.014551,9,1.5683733780036502
CA_0004610,2000,214.65,890.79,613.2,4.796666718,461.2527466,-118.9604,50.2521,630.4082,1253.492767,3.469708588,21.84687139,14.91720772,45.15746689,36.65422058,1.233252598,77.57476349,2.286818027,1.699184082,144.8163574,7469.003027,9,1.558830827931971
CA_0004610,2001,194.61,817.79,625.3,4.796666718,467.9646912,-118.9604,50.2521,630.4082,1253.492767,3.469708588,21.84687139,14.91720772,45.15746689,36.65422058,1.233252598,73.44705887,2.407423973,1.702624365,145.2320282,7484.434961,9,1.695176850290149
CA_0004610,2002,160.67,743.68,637.46,4.796666718,436.2020813,-118.9604,50.2521,630.4082,1253.492767,3.469708588,21.84687139,14.91720772,45.15746689,36.65422058,1.233252598,65.44807663,2.339296341,1.700675122,147.1401917,7526.379297,9,1.5338440437283143
CA_0004610,2003,153.19,701.75,637.45,4.796666718,409.4776672,-118.9604,50.2521,630.4082,1253.492767,3.469708588,21.84687139,14.91720772,45.15746689,36.65422058,1.233252598,60.7203476,2.360962868,1.694696265,147.9981659,7568.786621,9,1.4174526010790531
CA_0004610,2004,140.6,725.57,644.92,4.796666718,426.6124817,-118.9604,50.2521,630.4082,1253.492767,3.469708588,21.84687139,14.91720772,45.15746689,36.65422058,1.233252598,60.85902863,2.236287832,1.690540063,147.458316,7494.449512,9,1.4760141396589068
CA_0004610,2005,138.22,747.96,652.51,4.796666718,433.9002686,-118.9604,50.2521,630.4082,1253.492767,3.469708588,21.84687139,14.91720772,45.15746689,36.65422058,1.233252598,63.98571472,2.301655769,1.685487524,146.9287048,7498.389453,9,1.4658495558324067
CA_0004610,2006,146.7,784.49,654.85,4.796666718,432.156366,-118.9604,50.2521,630.4082,1253.492767,3.469708588,21.84687139,14.91720772,45.15746689,36.65422058,1.233252598,64.00047989,2.357867956,1.689192163,147.6219757,7531.92793,9,1.3854717881520342
CA_0004610,2007,131.73,792.59,660.4,4.796666718,442.7592224,-118.9604,50.2521,630.4082,1253.492767,3.469708588,21.84687139,14.91720772,45.15746689,36.65422058,1.233252598,62.93649521,2.383095026,1.67246521,146.7994843,7575.061328,9,1.4288142351472564
CA_0004610,2008,138.1,781.9,648.83,4.796666718,454.2594788,-118.9604,50.2521,630.4082,1253.492767,3.469708588,21.84687139,14.91720772,45.15746689,36.65422058,1.233252598,64.28956833,2.378690243,1.647960327,146.5565155,7598.874023,9,1.5646758895050947
CA_0004610,2009,128.74,733.42,650.21,4.796666718,427.8384338,-118.9604,50.2521,630.4082,1253.492767,3.469708588,21.84687139,14.91720772,45.15746689,36.65422058,1.233252598,63.48359451,2.401038885,1.636525732,148.7523376,7669.620801,9,1.455807019286255
CA_0004610,2010,118.26,739.55,638.07,4.796666718,425.677124,-118.9604,50.2521,630.4082,1253.492767,3.469708588,21.84687139,14.91720772,45.15746689,36.65422058,1.233252598,64.24532852,2.325930357,1.619624951,147.5825531,7703.450488,9,1.460503903442229
CA_0004610,2011,115.77,706.82,620.83,4.796666718,410.3747925,-118.9604,50.2521,630.4082,1253.492767,3.469708588,21.84687139,14.91720772,45.15746689,36.65422058,1.233252598,64.75437317,2.440854788,1.595794312,145.9095459,7765.352148,9,1.4568463476094546
CA_0004762,1989,72.92,629.09,620.2,3.926794863,479.2297363,-120.8021,51.3354,645.1939,1312.217898,2.169543238,18.22416887,18.83516502,37.91208649,39.85027313,1.525419263,58.00962906,2.387118101,1.425760522,141.6294891,1567.641162,9,2.6165203617609882
CA_0004762,1990,104.65,658.19,611.18,3.926794863,489.4655762,-120.8021,51.3354,645.1939,1312.217898,2.169543238,18.22416887,18.83516502,37.91208649,39.85027313,1.525419263,55.90506973,2.402071953,1.435449927,139.7626373,1593.514087,9,2.694111476986609
CA_0004762,1991,116.48,648.0,610.03,3.926794863,488.8983521,-120.8021,51.3354,645.1939,1312.217898,2.169543238,18.22416887,18.83516502,37.91208649,39.85027313,1.525419263,53.75425949,2.387152672,1.436812573,139.4224274,1604.58147,9,2.769441597782124
CA_0004762,1992,129.15,688.24,604.53,3.926794863,510.8505737,-120.8021,51.3354,645.1939,1312.217898,2.169543238,18.22416887,18.83516502,37.91208649,39.85027313,1.525419263,55.3576622,2.337071657,1.427928687,138.2732849,1612.147681,9,3.0557356062851997
CA_0004762,1993,146.79,669.64,591.27,3.926794863,504.8394592,-120.8021,51.3354,645.1939,1312.217898,2.169543238,18.22416887,18.83516502,37.91208649,39.85027313,1.525419263,58.68421326,2.215254545,1.401530933,137.3266205,1610.976074,9,3.238449926258978
CA_0004762,1994,157.68,668.38,598.39,3.926794863,492.2005737,-120.8021,51.3354,645.1939,1312.217898,2.169543238,18.22416887,18.83516502,37.91208649,39.85027313,1.525419263,58.46479263,2.408680439,1.397998071,136.7531525,1620.296143,9,2.813349626186073
CA_0004762,1995,107.01,672.81,597.95,3.926794863,493.0608459,-120.8021,51.3354,645.1939,1312.217898,2.169543238,18.22416887,18.83516502,37.91208649,39.85027313,1.525419263,58.20261612,2.376932859,1.391670996,137.1322723,1648.948315,9,2.806334070945157
CA_0004777,1989,59.32,598.84,562.33,3.226666784,420.7933472,-121.6354,50.7271,33.1322,1684.665869,4.100313187,21.56174021,17.125,41.75,37.8125,1.120831698,55.63249893,2.627639055,1.374975,140.4905579,2577.967773,9,2.1638513928367997
CA_0004777,1990,69.2,631.65,555.5,3.226666784,432.7133423,-121.6354,50.7271,33.1322,1684.665869,4.100313187,21.56174021,17.125,41.75,37.8125,1.120831698,54.0922226,2.641110897,1.38234585,138.0488922,2621.158496,9,2.2401421678373654
CA_0004777,1991,88.97,619.67,554.0,3.226666784,431.6633423,-121.6354,50.7271,33.1322,1684.665869,4.100313187,21.56174021,17.125,41.75,37.8125,1.120831698,51.9636116,2.610833406,1.3831375,137.7594482,2637.797266,9,2.29565492188409
CA_0004777,1992,99.13,654.49,547.86,3.226666784,451.286676,-121.6354,50.7271,33.1322,1684.665869,4.100313187,21.56174021,17.125,41.75,37.8125,1.120831698,54.79194565,2.556666613,1.377258325,136.5463898,2648.198145,9,2.5401381500763804
CA_0004777,1993,108.74,631.77,536.13,3.226666784,445.4566711,-121.6354,50.7271,33.1322,1684.665869,4.100313187,21.56174021,17.125,41.75,37.8125,1.120831698,56.60972443,2.451250076,1.367145825,135.689444,2644.277588,9,2.6825836568725636
CA_0004777,1994,108.74,622.29,541.75,3.226666784,438.1433411,-121.6354,50.7271,33.1322,1684.665869,4.100313187,21.56174021,17.125,41.75,37.8125,1.120831698,56.53694534,2.633749723,1.3793,135.2925018,2657.069922,9,2.515511835978333
CA_0004777,1995,88.97,626.71,542.17,3.226666784,442.6400146,-121.6354,50.7271,33.1322,1684.665869,4.100313187,21.56174021,17.125,41.75,37.8125,1.120831698,57.83666763,2.63166666,1.37774585,135.8944458,2703.655078,9,2.5811754460672813
CA_0004777,1996,69.39,658.67,541.73,3.226666784,432.7666809,-121.6354,50.7271,33.1322,1684.665869,4.100313187,21.56174021,17.125,41.75,37.8125,1.120831698,60.74861145,2.596110821,1.37480835,135.6438904,2779.694727,9,2.223322619233345
CA_0004777,1997,79.09,687.1,526.25,3.226666784,431.5200195,-121.6354,50.7271,33.1322,1684.665869,4.100313187,21.56174021,17.125,41.75,37.8125,1.120831698,66.9672226,2.670416832,1.384604175,134.484726,2860.896729,9,2.2190262023737257
CA_0004777,1998,79.09,695.38,544.08,3.226666784,420.9833557,-121.6354,50.7271,33.1322,1684.665869,4.100313187,21.56174021,17.125,41.75,37.8125,1.120831698,68.42749939,2.517222166,1.387975,135.7027802,2932.383301,9,1.8989215440679716
CA_0004844,1989,31.96,466.53,656.27,4.115562677,398.6585693,-120.6646,50.1646,3034.934,1235.545624,2.262084171,20.78948133,15.08216095,43.25767136,39.03839874,1.40748536,46.31871338,2.444458485,1.397993994,146.5181885,2423.279297,9,2.353958898898041
CA_0004844,1990,38.57,498.71,646.16,4.115562677,414.8585693,-120.6646,50.1646,3034.934,1235.545624,2.262084171,20.78948133,15.08216095,43.25767136,39.03839874,1.40748536,46.19594498,2.493386745,1.407188721,144.0200653,2294.494385,9,2.3565680279392
CA_0004844,1991,48.69,484.39,647.54,4.115562677,412.5896973,-120.6646,50.1646,3034.934,1235.545624,2.262084171,20.78948133,15.08216095,43.25767136,39.03839874,1.40748536,44.87078934,2.423184156,1.403246753,143.6591583,2298.294727,9,2.4750581683007287
CA_0004844,1992,47.43,520.39,640.95,4.115562677,431.8267639,-120.6646,50.1646,3034.934,1235.545624,2.262084171,20.78948133,15.08216095,43.25767136,39.03839874,1.40748536,45.80359268,2.330976009,1.394498926,142.333429,2296.298877,9,2.4993963188042847
CA_0004844,1993,58.6,509.75,623.86,4.115562677,431.776123,-120.6646,50.1646,3034.934,1235.545624,2.262084171,20.78948133,15.08216095,43.25767136,39.03839874,1.40748536,48.19541931,2.218801022,1.37992063,140.8763733,2278.248047,9,2.7372430262978122
CA_0004844,1994,60.41,509.2,632.24,4.115562677,418.3734314,-120.6646,50.1646,3034.934,1235.545624,2.262084171,20.78948133,15.08216095,43.25767136,39.03839874,1.40748536,48.47045059,2.434561014,1.375034155,140.8327271,2286.593262,9,2.382930993118018
CA_0004844,1995,56.04,515.99,634.98,4.115562677,414.6681946,-120.6646,50.1646,3034.934,1235.545624,2.262084171,20.78948133,15.08216095,43.25767136,39.03839874,1.40748536,47.60735397,2.455817699,1.372432178,141.905368,2319.987939,9,2.2327140494972713
CA_0004844,1996,58.86,547.99,632.12,4.115562677,408.4147156,-120.6646,50.1646,3034.934,1235.545624,2.262084171,20.78948133,15.08216095,43.25767136,39.03839874,1.40748536,48.62218323,2.390414476,1.370559961,141.6357819,2394.487354,9,1.922750220805933
CA_0004844,1997,79.48,567.57,611.49,4.115562677,420.4254517,-120.6646,50.1646,3034.934,1235.545624,2.262084171,20.78948133,15.08216095,43.25767136,39.03839874,1.40748536,54.49330673,2.458963871,1.379332471,140.4589478,2563.9,9,2.063351101348283
CA_0004844,1998,76.5,578.5,635.25,4.115562677,411.6142822,-120.6646,50.1646,3034.934,1235.545624,2.262084171,20.78948133,15.08216095,43.25767136,39.03839874,1.40748536,56.18318634,2.314674616,1.386855347,141.589267,2659.622754,9,1.799567565948466
CA_0004844,1999,81.72,577.51,623.06,4.115562677,418.39328,-120.6646,50.1646,3034.934,1235.545624,2.262084171,20.78948133,15.08216095,43.25767136,39.03839874,1.40748536,58.44282608,2.536510706,1.376116187,141.3343842,2742.321387,9,1.9314596058247138
CA_0004844,2000,83.33,543.52,623.92,4.115562677,410.8612915,-120.6646,50.1646,3034.934,1235.545624,2.262084171,20.78948133,15.08216095,43.25767136,39.03839874,1.40748536,57.71930084,2.373535872,1.373202368,141.5437592,2807.800879,9,2.0149004886574287
CA_0004844,2001,70.74,509.27,635.13,4.115562677,413.850061,-120.6646,50.1646,3034.934,1235.545624,2.262084171,20.78948133,15.08216095,43.25767136,39.03839874,1.40748536,53.75253754,2.499184608,1.379839722,142.0371277,2833.020313,9,2.278966095247908
CA_0004844,2002,59.13,457.08,649.31,4.115562677,376.8178711,-120.6646,50.1646,3034.934,1235.545624,2.262084171,20.78948133,15.08216095,43.25767136,39.03839874,1.40748536,47.4302597,2.456809044,1.38291814,143.8311768,2818.3125,9,2.0527883433086633
CA_0004844,2003,51.35,433.07,652.37,4.115562677,360.6979187,-120.6646,50.1646,3034.934,1235.545624,2.262084171,20.78948133,15.08216095,43.25767136,39.03839874,1.40748536,43.24172134,2.478186369,1.381901343,144.516684,2867.939941,9,1.9980583670806378
CA_0004844,2004,42.09,452.21,662.55,4.115562677,374.375824,-120.6646,50.1646,3034.934,1235.545624,2.262084171,20.78948133,15.08216095,43.25767136,39.03839874,1.40748536,41.286026,2.359826088,1.407325952,144.1769196,2862.527246,9,2.015030702489296
CA_0004844,2005,40.27,462.44,672.7,4.115562677,377.884491,-120.6646,50.1646,3034.934,1235.545624,2.262084171,20.78948133,15.08216095,43.25767136,39.03839874,1.40748536,43.30137329,2.402854204,1.410651587,143.9643677,2867.651025,9,1.9478455154812142
CA_0004844,2006,44.0,473.77,675.91,4.115562677,370.2644409,-120.6646,50.1646,3034.934,1235.545624,2.262084171,20.78948133,15.08216095,43.25767136,39.03839874,1.40748536,45.40801315,2.476969719,1.40136543,145.0093689,2908.894873,9,1.7457382261743755
CA_0004844,2007,36.65,484.32,675.69,4.115562677,385.3755127,-120.6646,50.1646,3034.934,1235.545624,2.262084171,20.78948133,15.08216095,43.25767136,39.03839874,1.40748536,45.752108,2.480378866,1.36493479,143.8645172,3189.700781,9,1.8762673904485583
CA_0004844,2008,42.31,482.45,661.4,4.115562677,390.7469543,-120.6646,50.1646,3034.934,1235.545624,2.262084171,20.78948133,15.08216095,43.25767136,39.03839874,1.40748536,45.67939835,2.462466478,1.329732104,143.5806183,4331.62749,9,2.015588441033609
CA_0004844,2009,40.17,445.2,663.59,4.115562677,365.7978638,-120.6646,50.1646,3034.934,1235.545624,2.262084171,20.78948133,15.08216095,43.25767136,39.03839874,1.40748536,46.06107864,2.481784821,1.265151855,145.7848511,4512.023047,9,1.9338907547630375
CA_0004844,2010,41.12,447.13,651.37,4.115562677,363.091925,-120.6646,50.1646,3034.934,1235.545624,2.262084171,20.78948133,15.08216095,43.25767136,39.03839874,1.40748536,46.16212616,2.453467131,1.221228149,144.6644501,4537.568311,9,1.9082037673310468
CA_0004844,2011,45.6,432.18,633.75,4.115562677,357.2099487,-120.6646,50.1646,3034.934,1235.545624,2.262084171,20.78948133,15.08216095,43.25767136,39.03839874,1.40748536,45.54021912,2.559946537,1.203268359,142.7235657,4942.856006,9,2.0027175822927057
CA_0004844,2012,52.13,432.13,629.73,4.115562677,351.2965759,-120.6646,50.1646,3034.934,1235.545624,2.262084171,20.78948133,15.08216095,43.25767136,39.03839874,1.40748536,44.69986725,2.477051973,1.204131763,142.4491241,4735.540576,9,1.9139066823096333
CA_0004844,2013,57.85,441.15,631.33,4.115562677,362.4998474,-120.6646,50.1646,3034.934,1235.545624,2.262084171,20.78948133,15.08216095,43.25767136,39.03839874,1.40748536,45.60987091,2.336737871,1.232717358,141.3788086,4151.947998,9,2.0155936582098124
CA_0004844,2014,65.74,457.79,623.17,4.115562677,366.3357361,-120.6646,50.1646,3034.934,1235.545624,2.262084171,20.78948133,15.08216095,43.25767136,39.03839874,1.40748536,43.86296234,2.374278069,1.290332788,139.251651,4010.79585,9,1.9572761927841957
CA_0004846,1989,4.87,425.96,641.31,4.285974455,372.4486145,-120.8729,50.1437,1184.685,1338.346507,2.494019997,18.7729756,15.07243633,42.74807739,39.45897293,1.097329347,34.91625023,2.435828924,1.515748584,144.2771027,4569.86123,9,2.3835081797895534
CA_0004846,1990,8.46,452.17,632.59,4.285974455,386.3517883,-120.8729,50.1437,1184.685,1338.346507,2.494019997,18.7729756,15.07243633,42.74807739,39.45897293,1.097329347,34.39220772,2.464897394,1.525096802,141.7944916,4619.198926,9,2.368442013555756
CA_0004846,1991,12.05,440.21,634.32,4.285974455,385.5102478,-120.8729,50.1437,1184.685,1338.346507,2.494019997,18.7729756,15.07243633,42.74807739,39.45897293,1.097329347,33.64234352,2.40951705,1.523094092,141.4405151,4631.949609,9,2.5237614487333406
CA_0004846,1992,13.37,471.28,628.15,4.285974455,402.0561951,-120.8729,50.1437,1184.685,1338.346507,2.494019997,18.7729756,15.07243633,42.74807739,39.45897293,1.097329347,34.45125771,2.327294827,1.515065161,140.1707886,4639.185449,9,2.499977102098859
CA_0004846,1993,17.43,458.63,612.62,4.285974455,401.4264526,-120.8729,50.1437,1184.685,1338.346507,2.494019997,18.7729756,15.07243633,42.74807739,39.45897293,1.097329347,36.03156509,2.223017216,1.495470581,138.9806946,4606.108691,9,2.776681417521514
CA_0004846,1994,20.77,454.29,619.8,4.285974455,388.1907593,-120.8729,50.1437,1184.685,1338.346507,2.494019997,18.7729756,15.07243633,42.74807739,39.45897293,1.097329347,35.98718033,2.43241024,1.491930713,138.8083527,4593.636328,9,2.442513626575545
CA_0004846,1995,17.95,458.82,621.99,4.285974455,385.3958923,-120.8729,50.1437,1184.685,1338.346507,2.494019997,18.7729756,15.07243633,42.74807739,39.45897293,1.097329347,35.35231628,2.446529865,1.484832886,139.749295,4632.824609,9,2.3078416973819085
CA_0004846,1996,17.48,485.82,619.74,4.285974455,379.2895325,-120.8729,50.1437,1184.685,1338.346507,2.494019997,18.7729756,15.07243633,42.74807739,39.45897293,1.097329347,36.29529114,2.389461517,1.479191064,139.5055634,4746.27207,9,1.9528894593638126
CA_0004846,1997,31.79,505.48,600.71,4.285974455,394.18349,-120.8729,50.1437,1184.685,1338.346507,2.494019997,18.7729756,15.07243633,42.74807739,39.45897293,1.097329347,40.74002686,2.458585262,1.487165869,138.3220184,4870.711523,9,2.1187626551181435
CA_0004846,1998,31.02,512.23,623.06,4.285974455,384.6072876,-120.8729,50.1437,1184.685,1338.346507,2.494019997,18.7729756,15.07243633,42.74807739,39.45897293,1.097329347,42.14128418,2.312222481,1.497814868,139.5120117,4975.289941,9,1.8450208930361434
CA_0004846,1999,33.59,515.19,611.04,4.285974455,393.2466797,-120.8729,50.1437,1184.685,1338.346507,2.494019997,18.7729756,15.07243633,42.74807739,39.45897293,1.097329347,44.41682358,2.529286146,1.485303809,139.2361481,5051.666211,9,1.990645427102849
CA_0004846,2000,34.19,489.4,609.85,4.285974455,387.5706787,-120.8729,50.1437,1184.685,1338.346507,2.494019997,18.7729756,15.07243633,42.74807739,39.45897293,1.097329347,44.03986664,2.364051342,1.483872046,139.2285675,5127.161426,9,2.095837883797889
CA_0004846,2001,31.28,461.15,618.4,4.285974455,390.4772461,-120.8729,50.1437,1184.685,1338.346507,2.494019997,18.7729756,15.07243633,42.74807739,39.45897293,1.097329347,40.35902863,2.494282007,1.491451904,139.55513,5150.791699,9,2.4096799595673155
CA_0004846,2002,21.28,412.32,629.92,4.285974455,353.0994995,-120.8729,50.1437,1184.685,1338.346507,2.494019997,18.7729756,15.07243633,42.74807739,39.45897293,1.097329347,35.53596802,2.438299179,1.496951392,141.1940125,5239.901855,9,2.166596020518281
CA_0004846,2003,19.23,394.53,632.22,4.285974455,340.2838135,-120.8729,50.1437,1184.685,1338.346507,2.494019997,18.7729756,15.07243633,42.74807739,39.45897293,1.097329347,32.6563343,2.478324652,1.494248779,141.6406433,5373.512988,9,2.1191644530369125
CA_0004846,2004,13.88,410.57,643.85,4.285974455,352.4079163,-120.8729,50.1437,1184.685,1338.346507,2.494019997,18.7729756,15.07243633,42.74807739,39.45897293,1.097329347,30.82411156,2.351709366,1.535960547,141.439389,5445.883301,9,2.1273631474394903
CA_0004846,2005,13.08,417.94,655.14,4.285974455,354.241156,-120.8729,50.1437,1184.685,1338.346507,2.494019997,18.7729756,15.07243633,42.74807739,39.45897293,1.097329347,32.48450508,2.408465624,1.538481616,141.4811401,5506.051758,9,2.03637361960277
CA_0004846,2006,14.61,422.33,660.72,4.285974455,344.5354126,-120.8729,50.1437,1184.685,1338.346507,2.494019997,18.7729756,15.07243633,42.74807739,39.45897293,1.097329347,34.72291603,2.468256474,1.538641821,142.8132416,5575.008301,9,1.8085256083330816
CA_0004846,2007,12.31,434.57,659.84,4.285974455,360.5749939,-120.8729,50.1437,1184.685,1338.346507,2.494019997,18.7729756,15.07243633,42.74807739,39.45897293,1.097329347,35.18176155,2.453572512,1.49933374,141.6494263,5611.017578,9,1.9585083776457377
CA_0004846,2008,16.2,433.26,645.15,4.285974455,364.8328308,-120.8729,50.1437,1184.685,1338.346507,2.494019997,18.7729756,15.07243633,42.74807739,39.45897293,1.097329347,34.9703434,2.44156003,1.456043384,141.3418457,5643.060156,9,2.096780520139014
CA_0004846,2009,16.15,398.5,646.63,4.285974455,340.6307739,-120.8729,50.1437,1184.685,1338.346507,2.494019997,18.7729756,15.07243633,42.74807739,39.45897293,1.097329347,35.5910778,2.468025684,1.37644812,143.5063568,5685.582324,9,2.028033120954871
CA_0004846,2010,20.25,398.9,635.66,4.285974455,336.8542542,-120.8729,50.1437,1184.685,1338.346507,2.494019997,18.7729756,15.07243633,42.74807739,39.45897293,1.097329347,35.83828926,2.446568251,1.339438184,142.4865112,5761.078516,9,1.9797935171895589
CA_0004846,2011,18.2,389.21,615.94,4.285974455,331.8903625,-120.8729,50.1437,1184.685,1338.346507,2.494019997,18.7729756,15.07243633,42.74807739,39.45897293,1.097329347,35.15989571,2.518743515,1.323647974,140.2202667,5870.052148,9,2.059989788645011
CA_0004846,2012,23.4,386.51,613.23,4.285974455,324.5345764,-120.8729,50.1437,1184.685,1338.346507,2.494019997,18.7729756,15.07243633,42.74807739,39.45897293,1.097329347,34.25109253,2.455029964,1.331261938,140.1122345,5945.905664,9,1.9510907445476748
CA_0004846,2013,18.97,394.5,616.41,4.285974455,334.7719116,-120.8729,50.1437,1184.685,1338.346507,2.494019997,18.7729756,15.07243633,42.74807739,39.45897293,1.097329347,34.88154488,2.328935862,1.366331201,139.1718414,6005.556348,9,2.0511021881174023
CA_0004846,2014,25.38,408.01,607.86,4.285974455,336.9193054,-120.8729,50.1437,1184.685,1338.346507,2.494019997,18.7729756,15.07243633,42.74807739,39.45897293,1.097329347,33.3015274,2.369277716,1.419993799,137.0668335,6097.870313,9,1.9653020846208855
CA_0004846,2015,20.25,389.12,624.8,4.285974455,322.2894531,-120.8729,50.1437,1184.685,1338.346507,2.494019997,18.7729756,15.07243633,42.74807739,39.45897293,1.097329347,30.54964828,2.379700899,1.47271687,138.720755,6179.529883,9,1.8485480664643874
CA_0004851,1989,220.24,489.44,507.03,1.706666684,358.7600098,-124.1479,51.6729,95.2568,1733.865193,2.332781434,21.71074593,13.95625019,54.81874847,27.89999962,0.95339264,41.5511116,2.050555706,1.865583276,133.1016739,0.141906121,9,2.1136850369694513
CA_0004851,1990,229.82,538.09,500.76,1.706666684,361.4733398,-124.1479,51.6729,95.2568,1733.865193,2.332781434,21.71074593,13.95625019,54.81874847,27.89999962,0.95339264,40.73944626,2.132666826,1.860695776,131.0807785,0.144068512,9,1.921953830979692
CA_0004851,1991,274.5,531.19,499.04,1.706666684,368.7360107,-124.1479,51.6729,95.2568,1733.865193,2.332781434,21.71074593,13.95625019,54.81874847,27.89999962,0.95339264,43.11511307,2.085666656,1.865705737,131.4178879,0.214517334,9,2.0827241386753412
CA_0004851,1992,268.85,540.86,497.41,1.706666684,375.041333,-124.1479,51.6729,95.2568,1733.865193,2.332781434,21.71074593,13.95625019,54.81874847,27.89999962,0.95339264,46.3991127,2.01916647,1.862016602,130.5907761,0.357629704,9,2.1501679069216966
CA_0004851,1993,277.7,536.65,493.47,1.706666684,377.3853271,-124.1479,51.6729,95.2568,1733.865193,2.332781434,21.71074593,13.95625019,54.81874847,27.89999962,0.95339264,48.86000137,1.871166587,1.864540796,130.4221146,0.569704545,9,2.2492958198207247
CA_0004851,1994,290.46,533.21,494.27,1.706666684,368.371991,-124.1479,51.6729,95.2568,1733.865193,2.332781434,21.71074593,13.95625019,54.81874847,27.89999962,0.95339264,48.71288986,2.066944599,1.85909502,129.1492249,0.860740501,9,2.0979101281892296
CA_0004851,1995,296.85,530.35,494.57,1.706666684,380.8253296,-124.1479,51.6729,95.2568,1733.865193,2.332781434,21.71074593,13.95625019,54.81874847,27.89999962,0.95339264,48.91444473,1.995888829,1.862050024,128.9930054,1.227661049,9,2.350926478755718
CA_0004851,1996,275.26,543.45,491.8,1.706666684,373.2226685,-124.1479,51.6729,95.2568,1733.865193,2.332781434,21.71074593,13.95625019,54.81874847,27.89999962,0.95339264,49.3554451,2.058333397,1.853827563,128.2096756,1.634649587,9,2.14489812605999
CA_0004851,1997,271.31,568.84,481.12,1.706666684,379.2400024,-124.1479,51.6729,95.2568,1733.865193,2.332781434,21.71074593,13.95625019,54.81874847,27.89999962,0.95339264,52.29655609,2.105166674,1.851674243,126.9961197,2.010195684,9,2.2075304104521956
CA_0004851,1998,268.12,576.85,491.57,1.706666684,372.0426636,-124.1479,51.6729,95.2568,1733.865193,2.332781434,21.71074593,13.95625019,54.81874847,27.89999962,0.95339264,53.52833328,1.889944434,1.851317554,127.9071136,2.361529064,9,1.967398331089221
CA_0004851,1999,293.66,589.73,477.83,1.706666684,370.5653259,-124.1479,51.6729,95.2568,1733.865193,2.332781434,21.71074593,13.95625019,54.81874847,27.89999962,0.95339264,55.5316658,2.146610975,1.850695068,128.3265549,2.722087598,9,1.9889288222565213
CA_0004851,2000,284.86,574.22,472.09,1.706666684,369.0786499,-124.1479,51.6729,95.2568,1733.865193,2.332781434,21.71074593,13.95625019,54.81874847,27.89999962,0.95339264,55.82544327,1.993499994,1.848426758,127.8991119,3.085176849,9,2.0740148610763933
CA_0004851,2001,236.2,564.01,475.55,1.706666684,378.0773132,-124.1479,51.6729,95.2568,1733.865193,2.332781434,21.71074593,13.95625019,54.81874847,27.89999962,0.95339264,54.84333191,2.142277479,1.843508398,127.6539993,3.296525288,9,2.261518740153867
CA_0004851,2002,255.35,513.37,476.02,1.706666684,356.7573242,-124.1479,51.6729,95.2568,1733.865193,2.332781434,21.71074593,13.95625019,54.81874847,27.89999962,0.95339264,50.14922028,2.06988883,1.838177539,128.6551102,3.459807253,9,2.1350504311198892
CA_0004851,2003,268.12,509.73,476.99,1.706666684,359.6600037,-124.1479,51.6729,95.2568,1733.865193,2.332781434,21.71074593,13.95625019,54.81874847,27.89999962,0.95339264,47.8418869,2.076444387,1.823200049,128.3650009,3.585347271,9,2.205259689517651
CA_0004851,2004,220.84,512.75,494.19,1.706666684,374.1386658,-124.1479,51.6729,95.2568,1733.865193,2.332781434,21.71074593,13.95625019,54.81874847,27.89999962,0.95339264,48.74055405,2.008277655,1.86839668,128.2391129,3.61073103,9,2.3391023238241453
CA_0004851,2005,233.01,521.73,503.47,1.706666684,375.6946716,-124.1479,51.6729,95.2568,1733.865193,2.332781434,21.71074593,13.95625019,54.81874847,27.89999962,0.95339264,50.32455444,2.112722158,1.916475854,128.5298889,3.711387539,9,2.234473879007027
CA_0004851,2006,229.82,509.52,517.64,1.706666684,358.9120117,-124.1479,51.6729,95.2568,1733.865193,2.332781434,21.71074593,13.95625019,54.81874847,27.89999962,0.95339264,49.11499939,2.11761117,1.924620898,130.6286682,3.836503792,9,1.9348852679709965
CA_0004851,2007,284.08,540.29,516.31,1.706666684,371.9213501,-124.1479,51.6729,95.2568,1733.865193,2.332781434,21.71074593,13.95625019,54.81874847,27.89999962,0.95339264,48.8496666,2.157833338,1.939044189,128.8151108,4.041218328,9,1.979207220417607
CA_0004851,2008,278.46,541.61,509.1,1.706666684,376.5600159,-124.1479,51.6729,95.2568,1733.865193,2.332781434,21.71074593,13.95625019,54.81874847,27.89999962,0.95339264,49.2211113,2.161333561,1.988730884,129.045665,4.157294846,9,2.0908337500402423
CA_0004851,2009,258.54,515.15,507.1,1.706666684,356.7480225,-124.1479,51.6729,95.2568,1733.865193,2.332781434,21.71074593,13.95625019,54.81874847,27.89999962,0.95339264,47.11066666,2.144388914,1.951196655,130.891777,4.287556267,9,1.928120658277415
CA_0004851,2010,280.89,505.41,505.62,1.706666684,345.6600159,-124.1479,51.6729,95.2568,1733.865193,2.332781434,21.71074593,13.95625019,54.81874847,27.89999962,0.95339264,45.54300079,2.101611137,1.879790015,131.4166641,4.255290508,9,1.8234862283822768
CA_0004851,2011,338.34,520.63,483.96,1.706666684,354.6066772,-124.1479,51.6729,95.2568,1733.865193,2.332781434,21.71074593,13.95625019,54.81874847,27.89999962,0.95339264,45.78344498,2.197110891,1.853634155,128.3383301,4.269464207,9,2.002286842534709
CA_0004851,2012,262.45,508.49,487.03,1.706666684,347.2160034,-124.1479,51.6729,95.2568,1733.865193,2.332781434,21.71074593,13.95625019,54.81874847,27.89999962,0.95339264,46.29977722,2.074777842,1.874308374,130.2034439,4.115301514,9,1.9281373482033997
CA_0004851,2013,258.54,494.45,489.93,1.706666684,340.9799988,-124.1479,51.6729,95.2568,1733.865193,2.332781434,21.71074593,13.95625019,54.81874847,27.89999962,0.95339264,44.40522232,1.996166587,1.899877515,129.773555,4.052216434,9,1.8886301351917067
CA_0004851,2014,258.54,495.57,490.03,1.706666684,337.7679932,-124.1479,51.6729,95.2568,1733.865193,2.332781434,21.71074593,13.95625019,54.81874847,27.89999962,0.95339264,42.67789001,2.025888681,1.940790112,128.2713333,4.040683746,9,1.8351822331406913
CA_0004857,1989,148.09,479.26,554.15,1.729657698,353.2045654,-122.6562,51.8479,19236.33,1393.105753,2.24771391,21.57395505,16.03863716,46.37920761,33.6622963,1.725187808,35.31431847,2.184581757,1.426862769,132.6447983,238.8851624,9,1.858758304094711
CA_0004857,1990,157.6,519.53,547.24,1.729657698,352.1098572,-122.6562,51.8479,19236.33,1393.105753,2.24771391,21.57395505,16.03863716,46.37920761,33.6622963,1.725187808,34.44626427,2.273536205,1.430783105,130.665535,242.1201324,9,1.6726588649033325
CA_0004857,1991,181.38,514.39,544.87,1.729657698,358.9592407,-122.6562,51.8479,19236.33,1393.105753,2.24771391,21.57395505,16.03863716,46.37920761,33.6622963,1.725187808,35.73333397,2.234083176,1.423570996,130.836348,242.4926178,9,1.7873111596291074
CA_0004857,1992,189.13,527.06,543.57,1.729657698,365.3918823,-122.6562,51.8479,19236.33,1393.105753,2.24771391,21.57395505,16.03863716,46.37920761,33.6622963,1.725187808,37.56648941,2.164728403,1.413782715,130.0502609,242.0100555,9,1.816661427747847
CA_0004857,1993,191.53,521.29,537.58,1.729657698,368.5714355,-122.6562,51.8479,19236.33,1393.105753,2.24771391,21.57395505,16.03863716,46.37920761,33.6622963,1.725187808,39.46685715,2.012685537,1.398413281,129.6605774,239.7374908,9,1.915666609656197
CA_0004857,1994,198.12,519.16,538.95,1.729657698,362.4036316,-122.6562,51.8479,19236.33,1393.105753,2.24771391,21.57395505,16.03863716,46.37920761,33.6622963,1.725187808,39.51407471,2.19798255,1.394978491,128.529808,239.709552,9,1.834508959564444
CA_0004857,1995,195.05,517.65,539.13,1.729657698,372.2093506,-122.6562,51.8479,19236.33,1393.105753,2.24771391,21.57395505,16.03863716,46.37920761,33.6622963,1.725187808,39.1146553,2.115388155,1.387756812,128.3577606,242.726593,9,1.9817670439117692
CA_0004857,1996,177.22,532.35,536.21,1.729657698,368.3440735,-122.6562,51.8479,19236.33,1393.105753,2.24771391,21.57395505,16.03863716,46.37920761,33.6622963,1.725187808,40.06453705,2.173753262,1.388866724,127.6192017,251.0703552,9,1.8638806988669756
CA_0004857,1997,170.8,556.27,522.73,1.729657698,378.1889587,-122.6562,51.8479,19236.33,1393.105753,2.24771391,21.57395505,16.03863716,46.37920761,33.6622963,1.725187808,42.75565491,2.251147032,1.394156519,126.5343918,257.6293182,9,1.9590445580959175
CA_0004857,1998,178.75,561.64,534.03,1.729657698,370.5144531,-122.6562,51.8479,19236.33,1393.105753,2.24771391,21.57395505,16.03863716,46.37920761,33.6622963,1.725187808,43.13458328,2.025246382,1.401412549,127.3777084,263.5118622,9,1.7763893163257514
CA_0004857,1999,184.65,575.67,522.48,1.729657698,375.247522,-122.6562,51.8479,19236.33,1393.105753,2.24771391,21.57395505,16.03863716,46.37920761,33.6622963,1.725187808,45.54443207,2.309446096,1.394147412,127.7210449,271.5257935,9,1.8370304913276008
CA_0004857,2000,182.54,562.63,517.43,1.729657698,377.7894897,-122.6562,51.8479,19236.33,1393.105753,2.24771391,21.57395505,16.03863716,46.37920761,33.6622963,1.725187808,46.44089508,2.119727135,1.395098242,127.2389923,276.4279907,9,1.9541800731832397
CA_0004857,2001,173.4,552.31,520.85,1.729657698,381.2259583,-122.6562,51.8479,19236.33,1393.105753,2.24771391,21.57395505,16.03863716,46.37920761,33.6622963,1.725187808,44.41738739,2.285609484,1.398165356,127.1102737,273.5900024,9,2.035561715694832
CA_0004857,2002,167.78,505.79,522.45,1.729657698,357.2036072,-122.6562,51.8479,19236.33,1393.105753,2.24771391,21.57395505,16.03863716,46.37920761,33.6622963,1.725187808,40.58178635,2.220799923,1.397597729,127.8926453,278.0722351,9,1.905457827126243
CA_0004857,2003,163.89,502.75,523.31,1.729657698,357.0941711,-122.6562,51.8479,19236.33,1393.105753,2.24771391,21.57395505,16.03863716,46.37920761,33.6622963,1.725187808,38.93746796,2.22208643,1.393906689,127.7910065,281.6598755,9,1.9160981123762781
CA_0004857,2004,156.1,505.17,537.58,1.729657698,363.3728943,-122.6562,51.8479,19236.33,1393.105753,2.24771391,21.57395505,16.03863716,46.37920761,33.6622963,1.725187808,37.71634827,2.143529177,1.402079688,127.6066956,274.3819153,9,1.9274127831040508
CA_0004857,2005,162.51,509.71,547.9,1.729657698,363.5031067,-122.6562,51.8479,19236.33,1393.105753,2.24771391,21.57395505,16.03863716,46.37920761,33.6622963,1.725187808,37.95209732,2.260739326,1.410575562,128.090567,270.4027771,9,1.8584641782543614
CA_0004857,2006,164.84,496.31,560.78,1.729657698,347.2338257,-122.6562,51.8479,19236.33,1393.105753,2.24771391,21.57395505,16.03863716,46.37920761,33.6622963,1.725187808,37.54070587,2.268846512,1.38994873,130.0548111,271.2494812,9,1.6695949886918742
CA_0004857,2007,172.25,523.46,559.2,1.729657698,361.3834473,-122.6562,51.8479,19236.33,1393.105753,2.24771391,21.57395505,16.03863716,46.37920761,33.6622963,1.725187808,38.30655365,2.304015875,1.362192017,128.5856949,288.7288513,9,1.7216510842660309
CA_0004857,2008,166.54,525.97,547.88,1.729657698,368.4248413,-122.6562,51.8479,19236.33,1393.105753,2.24771391,21.57395505,16.03863716,46.37920761,33.6622963,1.725187808,38.96785507,2.303448915,1.347789307,128.6162369,321.1260864,9,1.8433304448355692
CA_0004857,2009,162.1,500.04,547.66,1.729657698,353.2308533,-122.6562,51.8479,19236.33,1393.105753,2.24771391,21.57395505,16.03863716,46.37920761,33.6622963,1.725187808,38.29468155,2.296569347,1.316832349,130.4663254,329.1568665,9,1.7717630730242813
CA_0004857,2010,162.66,493.51,547.2,1.729657698,340.3123474,-122.6562,51.8479,19236.33,1393.105753,2.24771391,21.57395505,16.03863716,46.37920761,33.6622963,1.725187808,37.93661804,2.266223431,1.26808667,130.9140747,344.5683899,9,1.645948414046995
CA_0004857,2011,171.18,507.65,525.08,1.729657698,351.6022217,-122.6562,51.8479,19236.33,1393.105753,2.24771391,21.57395505,16.03863716,46.37920761,33.6622963,1.725187808,39.96659241,2.365319729,1.260768726,127.8125031,358.5628174,9,1.8054761153671544
CA_0004857,2012,167.25,495.66,528.38,1.729657698,342.1825684,-122.6562,51.8479,19236.33,1393.105753,2.24771391,21.57395505,16.03863716,46.37920761,33.6622963,1.725187808,39.75073395,2.236482382,1.284812476,129.3567719,339.5724548,9,1.7258462874822722
CA_0004857,2013,173.1,483.07,534.21,1.729657698,336.5489441,-122.6562,51.8479,19236.33,1393.105753,2.24771391,21.57395505,16.03863716,46.37920761,33.6622963,1.725187808,38.4838356,2.139029026,1.304623022,128.940564,309.9909241,9,1.6922856571098177
CA_0004858,1989,152.06,564.39,510.11,0.583333303,374.2177734,-123.1146,51.5229,972.9993,1831.866823,2.157781239,23.50526383,12.595644,58.37878799,25.75541115,1.390548676,37.56935997,2.493053436,1.344175024,134.885791,210.6018463,9,1.9368337429636437
CA_0004858,1990,172.36,607.19,501.56,0.583333303,373.443927,-123.1146,51.5229,972.9993,1831.866823,2.157781239,23.50526383,12.595644,58.37878799,25.75541115,1.390548676,36.19482689,2.548245907,1.346702051,132.7030029,211.7496246,9,1.8132065227158152
CA_0004858,1991,225.44,604.38,496.02,0.583333303,377.7314758,-123.1146,51.5229,972.9993,1831.866823,2.157781239,23.50526383,12.595644,58.37878799,25.75541115,1.390548676,36.74621468,2.502529144,1.337515552,132.6527496,208.3046143,9,1.9151125701979428
CA_0004858,1992,227.31,623.7,491.03,0.583333303,388.715387,-123.1146,51.5229,972.9993,1831.866823,2.157781239,23.50526383,12.595644,58.37878799,25.75541115,1.390548676,39.08757858,2.456963778,1.330570898,131.4767395,203.4968079,9,2.046168972869946
CA_0004858,1993,230.74,616.54,484.59,0.583333303,388.9183228,-123.1146,51.5229,972.9993,1831.866823,2.157781239,23.50526383,12.595644,58.37878799,25.75541115,1.390548676,41.36873322,2.314434767,1.318281836,130.8713364,195.9615845,9,2.1324176744432553
CA_0004858,1994,245.11,609.84,487.65,0.583333303,380.6071411,-123.1146,51.5229,972.9993,1831.866823,2.157781239,23.50526383,12.595644,58.37878799,25.75541115,1.390548676,41.16693878,2.506881952,1.320226074,129.9803116,191.4260193,9,1.9960624521518708
CA_0004858,1995,233.55,610.27,489.53,0.583333303,396.6724548,-123.1146,51.5229,972.9993,1831.866823,2.157781239,23.50526383,12.595644,58.37878799,25.75541115,1.390548676,42.86712418,2.430122375,1.322156689,129.9046616,192.1883026,9,2.2579188685775495
CA_0004858,1996,194.12,626.74,488.49,0.583333303,388.0096619,-123.1146,51.5229,972.9993,1831.866823,2.157781239,23.50526383,12.595644,58.37878799,25.75541115,1.390548676,44.5067627,2.458525658,1.329591528,129.4211533,201.8823273,9,2.0434801568431022
CA_0004858,1997,195.77,655.21,475.57,0.583333303,390.0286865,-123.1146,51.5229,972.9993,1831.866823,2.157781239,23.50526383,12.595644,58.37878799,25.75541115,1.390548676,48.11491013,2.53535533,1.337492358,128.3631119,208.7636902,9,2.0864155444319428
CA_0004858,1998,195.15,660.88,487.88,0.583333303,380.6229492,-123.1146,51.5229,972.9993,1831.866823,2.157781239,23.50526383,12.595644,58.37878799,25.75541115,1.390548676,48.99666901,2.339457989,1.344426099,129.4115204,222.0556763,9,1.8277720496604732
CA_0004858,1999,188.28,678.13,473.62,0.583333303,378.1552551,-123.1146,51.5229,972.9993,1831.866823,2.157781239,23.50526383,12.595644,58.37878799,25.75541115,1.390548676,50.84882431,2.590332031,1.331846582,129.7556213,252.0063324,9,1.8466305378858223
CA_0004858,2000,183.16,658.16,468.53,0.583333303,372.0910583,-123.1146,51.5229,972.9993,1831.866823,2.157781239,23.50526383,12.595644,58.37878799,25.75541115,1.390548676,49.97704163,2.413601398,1.330303711,129.5752701,273.2155304,9,1.8530173791814932
CA_0004858,2001,166.73,641.28,473.59,0.583333303,383.9489685,-123.1146,51.5229,972.9993,1831.866823,2.157781239,23.50526383,12.595644,58.37878799,25.75541115,1.390548676,48.14652863,2.560920477,1.331394409,129.6422134,271.8083252,9,2.0493647255996272
CA_0004858,2002,159.24,583.05,478.48,0.583333303,359.7644958,-123.1146,51.5229,972.9993,1831.866823,2.157781239,23.50526383,12.595644,58.37878799,25.75541115,1.390548676,43.2338356,2.478199244,1.328272681,130.7681412,281.8548187,9,1.8483068062438102
CA_0004858,2003,166.11,575.31,480.0,0.583333303,358.2142822,-123.1146,51.5229,972.9993,1831.866823,2.157781239,23.50526383,12.595644,58.37878799,25.75541115,1.390548676,40.93758774,2.519667864,1.32223457,130.9103348,277.3289551,9,1.8450208084529511
CA_0004858,2004,150.91,579.62,495.57,0.583333303,372.3938599,-123.1146,51.5229,972.9993,1831.866823,2.157781239,23.50526383,12.595644,58.37878799,25.75541115,1.390548676,42.29498901,2.417995214,1.335405225,130.5340286,232.4388855,9,1.935224578861742
CA_0004858,2005,174.23,582.04,507.21,0.583333303,373.199176,-123.1146,51.5229,972.9993,1831.866823,2.157781239,23.50526383,12.595644,58.37878799,25.75541115,1.390548676,44.10349655,2.531707287,1.346349854,130.9196564,191.9688202,9,1.8672551445045171
CA_0004858,2006,185.47,572.49,519.99,0.583333303,356.7877014,-123.1146,51.5229,972.9993,1831.866823,2.157781239,23.50526383,12.595644,58.37878799,25.75541115,1.390548676,43.26213226,2.546893835,1.345381421,132.6261627,168.4757172,9,1.6391579799842424
CA_0004858,2007,192.03,601.91,518.76,0.583333303,372.0222473,-123.1146,51.5229,972.9993,1831.866823,2.157781239,23.50526383,12.595644,58.37878799,25.75541115,1.390548676,43.24652634,2.555151463,1.327355469,131.3823975,135.466893,9,1.7239414002571076
CA_0004858,2008,187.54,606.44,509.28,0.583333303,379.5001587,-123.1146,51.5229,972.9993,1831.866823,2.157781239,23.50526383,12.595644,58.37878799,25.75541115,1.390548676,43.51418381,2.556060553,1.31873689,131.2896912,112.6202332,9,1.8512443918964474
CA_0004858,2009,185.78,572.46,509.43,0.583333303,358.8719055,-123.1146,51.5229,972.9993,1831.866823,2.157781239,23.50526383,12.595644,58.37878799,25.75541115,1.390548676,40.09545441,2.548892975,1.287617725,133.3775238,106.0739517,9,1.7083056937065986
CA_0004858,2010,181.1,571.59,504.31,0.583333303,346.5284119,-123.1146,51.5229,972.9993,1831.866823,2.157781239,23.50526383,12.595644,58.37878799,25.75541115,1.390548676,39.36134033,2.514982462,1.251221704,133.4403961,106.0406311,9,1.594463627755954
CA_0004858,2011,195.46,580.42,484.5,0.583333303,349.4424011,-123.1146,51.5229,972.9993,1831.866823,2.157781239,23.50526383,12.595644,58.37878799,25.75541115,1.390548676,40.31572342,2.586882114,1.220271973,130.7603607,104.9200882,9,1.6896503795909994
CA_0004858,2012,194.74,569.61,484.95,0.583333303,340.1745605,-123.1146,51.5229,972.9993,1831.866823,2.157781239,23.50526383,12.595644,58.37878799,25.75541115,1.390548676,40.6462471,2.5,1.21307771,131.8352844,106.4105988,9,1.612586570571266
CA_0004858,2013,190.15,559.15,487.26,0.583333303,336.7242065,-123.1146,51.5229,972.9993,1831.866823,2.157781239,23.50526383,12.595644,58.37878799,25.75541115,1.390548676,39.67820587,2.42788434,1.209709692,131.2701782,110.8803818,9,1.5949995887694026
CA_0004949,1989,216.03,612.69,544.19,2.348055625,391.4074707,-122.2396,50.9146,584.0223,1785.640285,4.697676573,19.31463262,18.88150978,41.27734375,38.00294113,1.003966937,39.71545486,2.654419184,1.593315234,136.8324738,121.8353287,9,1.7972185539888852
CA_0004949,1990,241.54,653.05,535.57,2.348055625,395.830304,-122.2396,50.9146,584.0223,1785.640285,4.697676573,19.31463262,18.88150978,41.27734375,38.00294113,1.003966937,37.69870377,2.675757408,1.596397363,134.4947784,122.7259201,9,1.7642858748368637
CA_0004949,1991,274.65,646.1,530.88,2.348055625,397.768689,-122.2396,50.9146,584.0223,1785.640285,4.697676573,19.31463262,18.88150978,41.27734375,38.00294113,1.003966937,37.22016678,2.652819633,1.595246338,134.2571747,121.2709305,9,1.8333318763141802
CA_0004949,1992,276.49,673.02,526.65,2.348055625,413.7620239,-122.2396,50.9146,584.0223,1785.640285,4.697676573,19.31463262,18.88150978,41.27734375,38.00294113,1.003966937,39.54843292,2.614242315,1.588209521,132.9978455,119.130986,9,1.9856264909332668
CA_0004949,1993,275.19,659.04,519.06,2.348055625,411.8955566,-122.2396,50.9146,584.0223,1785.640285,4.697676573,19.31463262,18.88150978,41.27734375,38.00294113,1.003966937,41.12353363,2.493594408,1.568868872,132.2236053,115.5858231,9,2.0624403561624067
CA_0004949,1994,270.85,651.7,523.51,2.348055625,403.5921143,-122.2396,50.9146,584.0223,1785.640285,4.697676573,19.31463262,18.88150978,41.27734375,38.00294113,1.003966937,40.92143097,2.656372309,1.575290039,131.6247498,113.6121109,9,1.9353785805944894
CA_0004949,1995,252.4,652.4,525.72,2.348055625,415.0626221,-122.2396,50.9146,584.0223,1785.640285,4.697676573,19.31463262,18.88150978,41.27734375,38.00294113,1.003966937,42.75490036,2.622011662,1.580543262,131.8396332,114.3543564,9,2.0863460608106936
CA_0004949,1996,222.06,678.46,524.18,2.348055625,403.517981,-122.2396,50.9146,584.0223,1785.640285,4.697676573,19.31463262,18.88150978,41.27734375,38.00294113,1.003966937,44.99690475,2.619074106,1.581243262,131.5480988,119.5468262,9,1.8464723945295338
CA_0004949,1997,225.8,709.71,509.51,2.348055625,405.6721313,-122.2396,50.9146,584.0223,1785.640285,4.697676573,19.31463262,18.88150978,41.27734375,38.00294113,1.003966937,49.36611252,2.696245909,1.585830688,130.5091431,123.1882187,9,1.8826859305972359
CA_0004949,1998,231.77,716.86,523.83,2.348055625,394.2856628,-122.2396,50.9146,584.0223,1785.640285,4.697676573,19.31463262,18.88150978,41.27734375,38.00294113,1.003966937,50.95742569,2.528282881,1.594104883,131.6546326,126.3474304,9,1.6467789849077237
CA_0004949,1999,260.0,734.38,509.12,2.348055625,393.4303101,-122.2396,50.9146,584.0223,1785.640285,4.697676573,19.31463262,18.88150978,41.27734375,38.00294113,1.003966937,52.91734009,2.751641512,1.580704224,131.7416016,127.2505188,9,1.6773299158156372
CA_0004949,2000,259.62,710.7,504.89,2.348055625,388.0555603,-122.2396,50.9146,584.0223,1785.640285,4.697676573,19.31463262,18.88150978,41.27734375,38.00294113,1.003966937,51.69363632,2.582070589,1.580237622,131.5855408,130.5012527,9,1.6915706808237885
CA_0004949,2001,244.8,684.19,511.33,2.348055625,403.6953552,-122.2396,50.9146,584.0223,1785.640285,4.697676573,19.31463262,18.88150978,41.27734375,38.00294113,1.003966937,49.2943428,2.722533941,1.579246948,131.7210449,127.3250641,9,1.9151977076159274
CA_0004949,2002,231.23,618.84,517.45,2.348055625,374.6640381,-122.2396,50.9146,584.0223,1785.640285,4.697676573,19.31463262,18.88150978,41.27734375,38.00294113,1.003966937,43.85651474,2.644806147,1.579380273,132.9404053,131.5027985,9,1.7092122477222185
CA_0004949,2003,234.48,606.27,519.29,2.348055625,368.5098938,-122.2396,50.9146,584.0223,1785.640285,4.697676573,19.31463262,18.88150978,41.27734375,38.00294113,1.003966937,41.2020195,2.694410563,1.5755073,133.2035004,137.3137268,9,1.668471281212966
CA_0004949,2004,202.47,614.57,534.4,2.348055625,381.8157593,-122.2396,50.9146,584.0223,1785.640285,4.697676573,19.31463262,18.88150978,41.27734375,38.00294113,1.003966937,42.64183502,2.572213888,1.594253076,132.9066681,133.0301788,9,1.7247033898929731
CA_0004949,2005,217.12,616.31,545.91,2.348055625,380.4145508,-122.2396,50.9146,584.0223,1785.640285,4.697676573,19.31463262,18.88150978,41.27734375,38.00294113,1.003966937,44.81915665,2.689756155,1.601746143,133.3222076,128.8993774,9,1.6550721244777664
CA_0004949,2006,232.31,609.69,556.87,2.348055625,362.2777893,-122.2396,50.9146,584.0223,1785.640285,4.697676573,19.31463262,18.88150978,41.27734375,38.00294113,1.003966937,43.90131226,2.711708546,1.587255933,134.9077118,129.0344849,9,1.4631719644333232
CA_0004949,2007,227.97,636.06,556.09,2.348055625,379.3058716,-122.2396,50.9146,584.0223,1785.640285,4.697676573,19.31463262,18.88150978,41.27734375,38.00294113,1.003966937,43.59274368,2.68182683,1.566963672,133.8515015,124.2551575,9,1.5532018094780973
CA_0004949,2008,223.7,638.77,545.26,2.348055625,389.5899109,-122.2396,50.9146,584.0223,1785.640285,4.697676573,19.31463262,18.88150978,41.27734375,38.00294113,1.003966937,43.76530228,2.692171574,1.581387256,133.574411,120.732843,9,1.6904763749808271
CA_0004949,2009,217.66,597.96,546.29,2.348055625,366.6660706,-122.2396,50.9146,584.0223,1785.640285,4.697676573,19.31463262,18.88150978,41.27734375,38.00294113,1.003966937,40.82897263,2.712305784,1.54615979,135.7094116,122.7591888,9,1.5671896875268765
CA_0004949,2010,190.52,600.94,539.4,2.348055625,356.5943481,-122.2396,50.9146,584.0223,1785.640285,4.697676573,19.31463262,18.88150978,41.27734375,38.00294113,1.003966937,41.09867096,2.690841913,1.482868311,135.3149811,123.4985764,9,1.4883723825400033
CA_0004949,2011,200.83,604.54,519.65,2.348055625,357.2086853,-122.2396,50.9146,584.0223,1785.640285,4.697676573,19.31463262,18.88150978,41.27734375,38.00294113,1.003966937,42.12765884,2.712205172,1.462992114,132.7115494,122.7429337,9,1.553952055851125
CA_0004949,2012,217.71,595.87,518.46,2.348055625,347.8389893,-122.2396,50.9146,584.0223,1785.640285,4.697676573,19.31463262,18.88150978,41.27734375,38.00294113,1.003966937,42.19935913,2.669183254,1.446602686,133.2601883,118.1115417,9,1.4903125569901001
CA_0004949,2013,225.8,592.4,521.05,2.348055625,346.6830261,-122.2396,50.9146,584.0223,1785.640285,4.697676573,19.31463262,18.88150978,41.27734375,38.00294113,1.003966937,41.81171722,2.585572481,1.40825896,132.626152,112.3675644,9,1.4793067686201906
CA_0005013,1991,1596.27,1069.52,542.88,3.556666899,410.5720093,-122.8104,50.3229,31.2349,1378.473227,4.38048,40.15042645,6.25,66.34375,18.90625,1.18093,61.53766632,2.07066679,1.883727075,132.0309952,4489.820605,9,1.2653830308551473
CA_0005013,1992,1551.84,1116.5,541.63,3.556666899,428.3080139,-122.8104,50.3229,31.2349,1378.473227,4.38048,40.15042645,6.25,66.34375,18.90625,1.18093,64.44100037,2.049166679,1.88422085,131.2166641,4527.981738,9,1.3562980230733888
CA_0005013,1993,1557.33,1068.9,536.7,3.556666899,427.2880249,-122.8104,50.3229,31.2349,1378.473227,4.38048,40.15042645,6.25,66.34375,18.90625,1.18093,66.1543335,1.940499902,1.872197949,130.9833313,4525.880273,9,1.4089865638241352
CA_0005013,1994,1537.87,1058.09,540.59,3.556666899,423.0400269,-122.8104,50.3229,31.2349,1378.473227,4.38048,40.15042645,6.25,66.34375,18.90625,1.18093,64.86433411,2.09800005,1.863381274,130.4480011,4551.060254,9,1.36882547147727
CA_0005013,1995,1693.6,1052.29,544.66,3.556666899,429.4640198,-122.8104,50.3229,31.2349,1378.473227,4.38048,40.15042645,6.25,66.34375,18.90625,1.18093,64.85800018,2.159500122,1.865770874,131.1876724,4619.91543,9,1.4051194098516364
CA_0005013,1996,1776.32,1118.23,547.51,3.556666899,417.2280151,-122.8104,50.3229,31.2349,1378.473227,4.38048,40.15042645,6.25,66.34375,18.90625,1.18093,64.85800171,2.129166842,1.858997974,130.6760086,4750.542969,9,1.2575149596270094
CA_0005013,1997,1868.8,1178.63,535.31,3.556666899,418.8880066,-122.8104,50.3229,31.2349,1378.473227,4.38048,40.15042645,6.25,66.34375,18.90625,1.18093,66.95,2.160833359,1.865412524,128.9680069,4876.892578,9,1.2725578959080035
CA_0005013,1998,1917.47,1223.02,549.92,3.556666899,407.8640076,-122.8104,50.3229,31.2349,1378.473227,4.38048,40.15042645,6.25,66.34375,18.90625,1.18093,66.04966736,2.013166904,1.87075625,130.4690033,4976.607227,9,1.1347963398333738
CA_0005013,1999,2073.2,1264.38,539.41,3.556666899,406.3400085,-122.8104,50.3229,31.2349,1378.473227,4.38048,40.15042645,6.25,66.34375,18.90625,1.18093,67.53500061,2.172333241,1.860745825,130.2486694,5067.601172,9,1.1364540047802993
CA_0005013,2000,1903.2,1213.04,533.72,3.556666899,403.656012,-122.8104,50.3229,31.2349,1378.473227,4.38048,40.15042645,6.25,66.34375,18.90625,1.18093,67.80000153,2.058166742,1.844872876,129.8536652,5155.494043,9,1.164525026765922
CA_0005013,2001,1722.8,1157.64,536.42,3.556666899,418.9200134,-122.8104,50.3229,31.2349,1378.473227,4.38048,40.15042645,6.25,66.34375,18.90625,1.18093,67.67333527,2.176666737,1.839683276,129.757666,5190.682227,9,1.2821080418481516
CA_0005013,2002,1596.27,1046.22,542.99,3.556666899,391.5400146,-122.8104,50.3229,31.2349,1378.473227,4.38048,40.15042645,6.25,66.34375,18.90625,1.18093,63.40033646,2.084500074,1.829758325,131.5676666,5280.984375,9,1.1676567258661272
CA_0005013,2003,1615.73,1032.94,543.39,3.556666899,386.4000122,-122.8104,50.3229,31.2349,1378.473227,4.38048,40.15042645,6.25,66.34375,18.90625,1.18093,61.5896698,2.138333559,1.81989585,131.3000061,5417.371094,9,1.1471151045169792
CA_0005013,2004,1503.04,1031.59,557.12,3.556666899,399.3120117,-122.8104,50.3229,31.2349,1378.473227,4.38048,40.15042645,6.25,66.34375,18.90625,1.18093,61.9353363,2.046333313,1.843404175,131.576004,5520.531641,9,1.1824982276341824
CA_0005013,2005,1576.8,1055.06,566.29,3.556666899,397.1920166,-122.8104,50.3229,31.2349,1378.473227,4.38048,40.15042645,6.25,66.34375,18.90625,1.18093,61.17500153,2.132166386,1.888793774,131.8820068,5691.557715,9,1.1324079976560943
CA_0005013,2006,1674.13,1062.26,573.89,3.556666899,380.8320129,-122.8104,50.3229,31.2349,1378.473227,4.38048,40.15042645,6.25,66.34375,18.90625,1.18093,58.64233475,2.139833212,1.864377124,133.9313385,5864.245313,9,1.0350144400623673
CA_0005013,2007,1917.47,1114.44,568.04,3.556666899,394.4600098,-122.8104,50.3229,31.2349,1378.473227,4.38048,40.15042645,6.25,66.34375,18.90625,1.18093,59.94700165,2.088500261,1.842852075,131.8193405,6049.848828,9,1.0803247957349347
CA_0005013,2008,1903.2,1093.21,559.33,3.556666899,409.50401,-122.8104,50.3229,31.2349,1378.473227,4.38048,40.15042645,6.25,66.34375,18.90625,1.18093,62.23033524,2.110666752,1.83619165,131.7073349,6183.668848,9,1.1916455166143705
CA_0005013,2009,1829.87,1052.85,558.33,3.556666899,392.2840088,-122.8104,50.3229,31.2349,1378.473227,4.38048,40.15042645,6.25,66.34375,18.90625,1.18093,60.78233566,2.135833263,1.832816675,133.573671,6313.900488,9,1.1278699827243235
CA_0005013,2010,1800.67,1049.94,550.31,3.556666899,383.3400146,-122.8104,50.3229,31.2349,1378.473227,4.38048,40.15042645,6.25,66.34375,18.90625,1.18093,61.97433548,2.168500185,1.768047925,132.8540054,6383.416016,9,1.1034194450232226
CA_0005013,2011,1790.93,1042.49,530.62,3.556666899,384.2760193,-122.8104,50.3229,31.2349,1378.473227,4.38048,40.15042645,6.25,66.34375,18.90625,1.18093,64.48633423,2.132499933,1.781893774,129.6646744,6483.224316,9,1.1636882562486623
CA_0005013,2012,1610.4,1032.34,532.21,3.556666899,374.8040222,-122.8104,50.3229,31.2349,1378.473227,4.38048,40.15042645,6.25,66.34375,18.90625,1.18093,65.83533478,2.101499796,1.794906274,130.4503387,6482.858496,9,1.1141857987257229
CA_0005013,2013,1567.07,1018.52,535.14,3.556666899,374.0840271,-122.8104,50.3229,31.2349,1378.473227,4.38048,40.15042645,6.25,66.34375,18.90625,1.18093,66.28066711,1.979333162,1.83881875,129.7640076,6519.152637,9,1.1117686795218011
CA_0005013,2014,1625.47,1035.9,531.0,3.556666899,373.3000244,-122.8104,50.3229,31.2349,1378.473227,4.38048,40.15042645,6.25,66.34375,18.90625,1.18093,66.20466766,2.10316658,1.9083271,127.6893402,6558.444922,9,1.1071422794052954
CA_0005013,2015,1391.87,1005.42,544.49,3.556666899,369.4040161,-122.8104,50.3229,31.2349,1378.473227,4.38048,40.15042645,6.25,66.34375,18.90625,1.18093,63.99933472,2.051166773,2.0341521,129.417337,6810.123926,9,1.0746927045471095
CA_0005281,1989,298.43,987.72,601.75,3.778926086,477.1505249,-118.1896,49.8979,300.4084,1441.043376,4.572062673,23.34039827,5.419444561,68.43888855,23.96388817,2.060444147,66.83562775,2.457437515,1.631341113,149.3647552,1247.560864,9,1.6054206974417673
CA_0005281,1990,302.66,1045.21,592.95,3.778926086,492.0675232,-118.1896,49.8979,300.4084,1441.043376,4.572062673,23.34039827,5.419444561,68.43888855,23.96388817,2.060444147,67.93300171,2.487645626,1.628953687,147.0173401,1264.419312,9,1.7178813010945235
CA_0005281,1991,334.41,1012.97,594.81,3.778926086,485.1765137,-118.1896,49.8979,300.4084,1441.043376,4.572062673,23.34039827,5.419444561,68.43888855,23.96388817,2.060444147,63.53550186,2.480770826,1.634605908,146.847464,1267.387476,9,1.6813998557026157
CA_0005281,1992,352.3,1056.19,590.45,3.778926086,505.2445251,-118.1896,49.8979,300.4084,1441.043376,4.572062673,23.34039827,5.419444561,68.43888855,23.96388817,2.060444147,64.40025177,2.393791676,1.628441382,146.0053772,1266.44021,9,1.8668673158060012
CA_0005281,1993,364.04,1028.17,572.89,3.778926086,498.0190125,-118.1896,49.8979,300.4084,1441.043376,4.572062673,23.34039827,5.419444561,68.43888855,23.96388817,2.060444147,65.91408463,2.279708385,1.618563477,144.710376,1258.185034,9,1.9652154627106022
CA_0005281,1994,376.74,1028.79,584.73,3.778926086,485.3730164,-118.1896,49.8979,300.4084,1441.043376,4.572062673,23.34039827,5.419444561,68.43888855,23.96388817,2.060444147,63.98375015,2.467562437,1.612093652,144.5574188,1261.004077,9,1.7217871330469725
CA_0005281,1995,358.75,1056.93,586.6,3.778926086,489.5480164,-118.1896,49.8979,300.4084,1441.043376,4.572062673,23.34039827,5.419444561,68.43888855,23.96388817,2.060444147,62.82979355,2.47012496,1.617308472,145.5115814,1280.670605,9,1.716392073009992
CA_0005281,1996,367.16,1150.21,584.37,3.778926086,481.15802,-118.1896,49.8979,300.4084,1441.043376,4.572062673,23.34039827,5.419444561,68.43888855,23.96388817,2.060444147,66.09762726,2.457354069,1.608870142,145.4546204,1320.596997,9,1.5471238566055852
CA_0005281,1997,446.58,1195.17,561.1,3.778926086,469.0100098,-118.1896,49.8979,300.4084,1441.043376,4.572062673,23.34039827,5.419444561,68.43888855,23.96388817,2.060444147,71.14404297,2.472812653,1.608529102,144.0193329,1374.381885,9,1.5275976989492812
CA_0005281,1998,449.76,1251.42,585.27,3.778926086,470.2100098,-118.1896,49.8979,300.4084,1441.043376,4.572062673,23.34039827,5.419444561,68.43888855,23.96388817,2.060444147,70.83283386,2.358208179,1.613407178,144.8230835,1435.660913,9,1.3759408571319367
CA_0005281,1999,484.68,1254.46,570.19,3.778926086,470.7935059,-118.1896,49.8979,300.4084,1441.043376,4.572062673,23.34039827,5.419444561,68.43888855,23.96388817,2.060444147,71.63679199,2.537083149,1.611409253,144.3398346,1468.510938,9,1.447241791085736
CA_0005281,2000,512.54,1171.49,573.52,3.778926086,457.6325012,-118.1896,49.8979,300.4084,1441.043376,4.572062673,23.34039827,5.419444561,68.43888855,23.96388817,2.060444147,69.8550827,2.441874981,1.611421265,145.0405853,1496.296899,9,1.3934531652936586
CA_0005281,2001,465.63,1071.57,586.06,3.778926086,463.735498,-118.1896,49.8979,300.4084,1441.043376,4.572062673,23.34039827,5.419444561,68.43888855,23.96388817,2.060444147,68.16079025,2.557541609,1.615999805,145.4562531,1533.614819,9,1.4718683009033693
CA_0005281,2002,398.96,982.43,597.83,3.778926086,435.9654968,-118.1896,49.8979,300.4084,1441.043376,4.572062673,23.34039827,5.419444561,68.43888855,23.96388817,2.060444147,62.73158264,2.484333277,1.61620332,147.3542084,1590.292993,9,1.322743439576368
CA_0005281,2003,388.38,926.79,598.78,3.778926086,407.0100037,-118.1896,49.8979,300.4084,1441.043376,4.572062673,23.34039827,5.419444561,68.43888855,23.96388817,2.060444147,59.60929337,2.509291649,1.608764478,148.3542511,1678.13938,9,1.2031756976558663
CA_0005281,2004,350.18,945.52,604.22,3.778926086,422.0975037,-118.1896,49.8979,300.4084,1441.043376,4.572062673,23.34039827,5.419444561,68.43888855,23.96388817,2.060444147,60.74771194,2.377624989,1.607728711,147.6825012,1725.903613,9,1.2568287924136023
CA_0005281,2005,338.64,972.05,609.04,3.778926086,428.8350159,-118.1896,49.8979,300.4084,1441.043376,4.572062673,23.34039827,5.419444561,68.43888855,23.96388817,2.060444147,62.32833633,2.441124916,1.615212085,146.9306274,1775.522192,9,1.2587415945945504
CA_0005281,2006,378.86,1026.63,610.59,3.778926086,430.3915222,-118.1896,49.8979,300.4084,1441.043376,4.572062673,23.34039827,5.419444561,68.43888855,23.96388817,2.060444147,60.47292023,2.49183321,1.615199023,147.3726257,1808.675732,9,1.2179746416550983
CA_0005281,2007,374.62,1035.62,617.56,3.778926086,443.5765259,-118.1896,49.8979,300.4084,1441.043376,4.572062673,23.34039827,5.419444561,68.43888855,23.96388817,2.060444147,60.3704628,2.524395704,1.618339014,146.6952087,1814.950439,9,1.2651899717661161
CA_0005281,2008,386.26,1020.21,605.12,3.778926086,457.5280151,-118.1896,49.8979,300.4084,1441.043376,4.572062673,23.34039827,5.419444561,68.43888855,23.96388817,2.060444147,62.15312881,2.531749964,1.610161572,146.5335846,1786.227588,9,1.4033249505582648
CA_0005281,2009,377.8,966.29,606.46,3.778926086,431.4275146,-118.1896,49.8979,300.4084,1441.043376,4.572062673,23.34039827,5.419444561,68.43888855,23.96388817,2.060444147,59.87029495,2.544374943,1.622468799,148.7231689,1797.698218,9,1.285783967752221
CA_0005281,2010,352.4,978.01,593.62,3.778926086,424.4130127,-118.1896,49.8979,300.4084,1441.043376,4.572062673,23.34039827,5.419444561,68.43888855,23.96388817,2.060444147,60.88783798,2.457229137,1.596521533,147.494751,1811.138965,9,1.2688520144671167
CA_0005281,2011,359.81,932.22,576.87,3.778926086,405.15,-118.1896,49.8979,300.4084,1441.043376,4.572062673,23.34039827,5.419444561,68.43888855,23.96388817,2.060444147,62.66775436,2.572458267,1.600305664,145.9738373,1822.372778,9,1.2419980039147829
CA_0005281,2012,400.06,947.01,569.39,3.778926086,401.3399963,-118.1896,49.8979,300.4084,1441.043376,4.572062673,23.34039827,5.419444561,68.43888855,23.96388817,2.060444147,64.34454422,2.530833483,1.590853613,144.8118378,1841.934888,9,1.2266550535640883
CA_0005281,2013,376.74,950.56,567.02,3.778926086,403.5210022,-118.1896,49.8979,300.4084,1441.043376,4.572062673,23.34039827,5.419444561,68.43888855,23.96388817,2.060444147,65.45216827,2.407000065,1.612745728,143.7945038,1852.386206,9,1.2428256733503016
CA_0005285,1989,795.35,880.51,637.83,3.705000162,462.2920105,-117.2354,49.2354,55.5182,1538.63093,3.563774592,25.43455441,6.96875,65.84375,25.90625,2.61756289,79.24983368,2.821833372,1.750104175,153.0551636,1034.507166,9,1.4943154773962117
CA_0005285,1990,878.78,960.76,627.87,3.705000162,466.0640015,-117.2354,49.2354,55.5182,1538.63093,3.563774592,25.43455441,6.96875,65.84375,25.90625,2.61756289,82.40683289,2.868999958,1.7598896,150.5743347,1052.759985,9,1.4487616024972514
CA_0005285,1991,889.9,937.55,627.95,3.705000162,454.4099976,-117.2354,49.2354,55.5182,1538.63093,3.563774592,25.43455441,6.96875,65.84375,25.90625,2.61756289,78.73033295,2.798166752,1.763368726,150.502002,1059.924292,9,1.3969914143231916
CA_0005285,1992,886.77,958.13,624.68,3.705000162,475.0600098,-117.2354,49.2354,55.5182,1538.63093,3.563774592,25.43455441,6.96875,65.84375,25.90625,2.61756289,78.34383392,2.723916531,1.762689575,149.9791687,1064.376025,9,1.5290962456495891
CA_0005285,1993,873.22,947.77,602.92,3.705000162,480.0279907,-117.2354,49.2354,55.5182,1538.63093,3.563774592,25.43455441,6.96875,65.84375,25.90625,2.61756289,82.25050049,2.624083281,1.752820825,148.4840027,1062.40835,9,1.6820508923378563
CA_0005285,1994,806.48,931.89,620.39,3.705000162,469.8979858,-117.2354,49.2354,55.5182,1538.63093,3.563774592,25.43455441,6.96875,65.84375,25.90625,2.61756289,82.56666718,2.832083225,1.752399976,148.8466705,1066.534961,9,1.5406905851936465
CA_0005285,1995,784.23,948.13,620.52,3.705000162,477.8279968,-117.2354,49.2354,55.5182,1538.63093,3.563774592,25.43455441,6.96875,65.84375,25.90625,2.61756289,81.13966827,2.806583166,1.757783325,149.5530029,1086.145654,9,1.58108186693634
CA_0005285,1996,814.26,1049.32,619.78,3.705000162,480.4039978,-117.2354,49.2354,55.5182,1538.63093,3.563774592,25.43455441,6.96875,65.84375,25.90625,2.61756289,85.5936676,2.852416515,1.751339575,149.493335,1117.800195,9,1.4813393954826413
CA_0005285,1997,1001.14,1089.45,595.02,3.705000162,465.8599915,-117.2354,49.2354,55.5182,1538.63093,3.563774592,25.43455441,6.96875,65.84375,25.90625,2.61756289,94.00816803,2.805333138,1.750266626,148.1841675,1186.891968,9,1.4335116270360009
CA_0005285,1998,995.58,1146.96,619.23,3.705000162,465.6420105,-117.2354,49.2354,55.5182,1538.63093,3.563774592,25.43455441,6.96875,65.84375,25.90625,2.61756289,95.56366577,2.680916309,1.755489551,148.8783325,1246.334937,9,1.3002451866424711
CA_0005285,1999,1106.82,1161.8,604.62,3.705000162,471.5900085,-117.2354,49.2354,55.5182,1538.63093,3.563774592,25.43455441,6.96875,65.84375,25.90625,2.61756289,98.34449921,2.924166441,1.745939575,148.4496643,1295.561426,9,1.3751018559595918
CA_0005285,2000,1070.81,1086.8,612.82,3.705000162,454.8940002,-117.2354,49.2354,55.5182,1538.63093,3.563774592,25.43455441,6.96875,65.84375,25.90625,2.61756289,95.14416809,2.805916548,1.744777051,149.7283295,1328.830225,9,1.302350759153177
CA_0005285,2001,990.02,977.54,626.07,3.705000162,452.5359985,-117.2354,49.2354,55.5182,1538.63093,3.563774592,25.43455441,6.96875,65.84375,25.90625,2.61756289,89.89933624,2.906416655,1.75257085,150.4506592,1353.401025,9,1.3473949378162045
CA_0005285,2002,856.53,920.01,635.68,3.705000162,430.4699951,-117.2354,49.2354,55.5182,1538.63093,3.563774592,25.43455441,6.96875,65.84375,25.90625,2.61756289,83.76933441,2.844500065,1.7485396,152.1809967,1355.895728,9,1.2524002584440832
CA_0005285,2003,839.85,875.71,640.03,3.705000162,408.7559875,-117.2354,49.2354,55.5182,1538.63093,3.563774592,25.43455441,6.96875,65.84375,25.90625,2.61756289,77.87783661,2.865333319,1.7604396,153.5009949,1390.652539,9,1.1731904774160276
CA_0005285,2004,775.22,879.8,640.02,3.705000162,425.8979919,-117.2354,49.2354,55.5182,1538.63093,3.563774592,25.43455441,6.96875,65.84375,25.90625,2.61756289,77.27150421,2.682833195,1.751941675,152.4831635,1437.615454,9,1.258964957556277
CA_0005285,2005,761.98,902.67,638.86,3.705000162,440.0519958,-117.2354,49.2354,55.5182,1538.63093,3.563774592,25.43455441,6.96875,65.84375,25.90625,2.61756289,81.10750122,2.731166363,1.752825024,151.4839996,1495.118848,9,1.3174745483152266
CA_0005285,2006,845.41,967.56,637.73,3.705000162,444.1919983,-117.2354,49.2354,55.5182,1538.63093,3.563774592,25.43455441,6.96875,65.84375,25.90625,2.61756289,81.41916656,2.803916454,1.712977075,151.3585022,1575.418311,9,1.2773003701471066
CA_0005285,2007,856.53,959.3,650.28,3.705000162,446.4080017,-117.2354,49.2354,55.5182,1538.63093,3.563774592,25.43455441,6.96875,65.84375,25.90625,2.61756289,78.9936676,2.846250057,1.705404175,151.1063324,1634.489624,9,1.2675083366570326
CA_0005285,2008,914.65,942.85,638.34,3.705000162,459.4779968,-117.2354,49.2354,55.5182,1538.63093,3.563774592,25.43455441,6.96875,65.84375,25.90625,2.61756289,80.26033325,2.862833261,1.655397925,151.291507,1657.519263,9,1.3928961297402633
CA_0005285,2009,867.66,911.04,639.86,3.705000162,431.1839966,-117.2354,49.2354,55.5182,1538.63093,3.563774592,25.43455441,6.96875,65.84375,25.90625,2.61756289,77.93466339,2.843083382,1.62984375,153.4523407,1661.823657,9,1.2558298848985006
CA_0005285,2010,895.47,929.46,625.89,3.705000162,422.7019836,-117.2354,49.2354,55.5182,1538.63093,3.563774592,25.43455441,6.96875,65.84375,25.90625,2.61756289,78.7989975,2.749083281,1.584858325,152.0358398,1677.183032,9,1.2234789042828498
CA_0005285,2011,901.03,886.33,608.05,3.705000162,405.5479797,-117.2354,49.2354,55.5182,1538.63093,3.563774592,25.43455441,6.96875,65.84375,25.90625,2.61756289,81.10149841,2.908833265,1.595260425,150.836676,1658.101733,9,1.2115569699343616
CA_0005285,2012,976.0,930.34,598.13,3.705000162,410.765979,-117.2354,49.2354,55.5182,1538.63093,3.563774592,25.43455441,6.96875,65.84375,25.90625,2.61756289,85.7664978,2.897583246,1.564720825,149.2301758,1640.216577,9,1.2220456062150056
CA_0005285,2013,967.77,921.52,593.32,3.705000162,410.79599,-117.2354,49.2354,55.5182,1538.63093,3.563774592,25.43455441,6.96875,65.84375,25.90625,2.61756289,88.87366638,2.753583193,1.591456226,148.1163361,1630.88689,9,1.2420833073428676
CA_0005288,1989,1414.93,1311.44,533.8,2.299999976,448.0462524,-117.5188,50.3437,107.9789,1736.213296,4.541529832,31.74758947,5.729166508,68.8125,22.47916603,1.174827015,38.78000031,2.539895773,0.817701355,147.0242737,3208.255127,9,1.413104195167227
CA_0005288,1990,1490.29,1380.79,527.22,2.299999976,455.7637573,-117.5188,50.3437,107.9789,1736.213296,4.541529832,31.74758947,5.729166508,68.8125,22.47916603,1.174827015,39.30864563,2.56098938,0.815644421,144.9618744,3232.865527,9,1.4799459982365277
CA_0005288,1991,1543.31,1324.83,527.57,2.299999976,445.7312561,-117.5188,50.3437,107.9789,1736.213296,4.541529832,31.74758947,5.729166508,68.8125,22.47916603,1.174827015,37.30489502,2.571406364,0.806074963,144.9373962,3196.411133,9,1.420134985313187
CA_0005288,1992,1561.53,1385.21,523.7,2.299999976,455.4725159,-117.5188,50.3437,107.9789,1736.213296,4.541529832,31.74758947,5.729166508,68.8125,22.47916603,1.174827015,39.70552063,2.476145744,0.79586803,144.2695862,3141.656348,9,1.498878745889545
CA_0005288,1993,1479.12,1344.92,509.76,2.299999976,451.1675171,-117.5188,50.3437,107.9789,1736.213296,4.541529832,31.74758947,5.729166508,68.8125,22.47916603,1.174827015,41.61218643,2.385989428,0.78954303,143.2252136,3051.483252,9,1.5887917041661432
CA_0005288,1994,1459.59,1338.81,522.09,2.299999976,442.1650146,-117.5188,50.3437,107.9789,1736.213296,4.541529832,31.74758947,5.729166508,68.8125,22.47916603,1.174827015,40.8347908,2.558125019,0.791037476,143.0279236,3001.811475,9,1.4123118635228558
CA_0005288,1995,1412.14,1386.89,521.62,2.299999976,452.686261,-117.5188,50.3437,107.9789,1736.213296,4.541529832,31.74758947,5.729166508,68.8125,22.47916603,1.174827015,40.57437515,2.5234375,0.798043042,143.7727142,3022.064014,9,1.4844822731425786
CA_0005288,1996,1497.17,1534.51,519.15,2.299999976,445.5625183,-117.5188,50.3437,107.9789,1736.213296,4.541529832,31.74758947,5.729166508,68.8125,22.47916603,1.174827015,41.98177185,2.590260267,0.804198608,143.9435455,3154.910205,9,1.355317132910469
CA_0005369,1989,240.61,647.39,629.01,2.969166756,427.6459961,-115.8979,49.7146,141.3118,1625.812918,5.039853629,25.19672626,11.78125,51.53125,33.25850296,1.431439999,53.50191803,3.034124851,1.683404126,151.5979156,339.8139771,9,1.7325532795165912
CA_0005369,1990,284.99,687.64,619.65,2.969166756,431.4280029,-115.8979,49.7146,141.3118,1625.812918,5.039853629,25.19672626,11.78125,51.53125,33.25850296,1.431439999,53.19866714,3.088208199,1.682955347,149.2484955,341.6655701,9,1.6830822923009467
CA_0005369,1991,308.35,654.39,618.59,2.969166756,412.6800049,-115.8979,49.7146,141.3118,1625.812918,5.039853629,25.19672626,11.78125,51.53125,33.25850296,1.431439999,49.2260849,3.028541803,1.673477856,149.2380798,336.0954102,9,1.603518598996544
CA_0005369,1992,299.83,684.27,613.88,2.969166756,429.6390137,-115.8979,49.7146,141.3118,1625.812918,5.039853629,25.19672626,11.78125,51.53125,33.25850296,1.431439999,48.56841736,2.918333054,1.659797876,148.3592468,328.315332,9,1.6962473848436757
CA_0005369,1993,322.37,693.87,590.17,2.969166756,440.497998,-115.8979,49.7146,141.3118,1625.812918,5.039853629,25.19672626,11.78125,51.53125,33.25850296,1.431439999,51.7207489,2.862666607,1.651441187,146.5400787,316.1281372,9,1.887222937301375
CA_0005369,1994,324.7,660.46,607.98,2.969166756,424.6,-115.8979,49.7146,141.3118,1625.812918,5.039853629,25.19672626,11.78125,51.53125,33.25850296,1.431439999,52.22999954,3.071166515,1.664499976,147.2649963,308.7727112,9,1.7376286655078113
CA_0005369,1995,308.35,668.44,607.44,2.969166756,433.8200012,-115.8979,49.7146,141.3118,1625.812918,5.039853629,25.19672626,11.78125,51.53125,33.25850296,1.431439999,52.00233383,2.978083134,1.664045801,147.8012482,309.9614014,9,1.8126324572088046
CA_0005369,1996,313.88,742.71,608.1,2.969166756,437.5329895,-115.8979,49.7146,141.3118,1625.812918,5.039853629,25.19672626,11.78125,51.53125,33.25850296,1.431439999,54.30558167,3.102249861,1.669178296,148.1874969,325.5485657,9,1.6465184325749902
CA_0005369,1997,352.74,755.63,589.37,2.969166756,431.3539917,-115.8979,49.7146,141.3118,1625.812918,5.039853629,25.19672626,11.78125,51.53125,33.25850296,1.431439999,59.09233246,3.063166618,1.680124951,148.2240021,362.0452881,9,1.635412547030323
CA_0005369,1998,345.73,786.15,610.41,2.969166756,430.9539978,-115.8979,49.7146,141.3118,1625.812918,5.039853629,25.19672626,11.78125,51.53125,33.25850296,1.431439999,60.62441635,2.886499882,1.686789136,148.9522522,398.1136963,9,1.4979780323320289
CA_0005369,1999,380.77,801.85,595.51,2.969166756,441.4450012,-115.8979,49.7146,141.3118,1625.812918,5.039853629,25.19672626,11.78125,51.53125,33.25850296,1.431439999,61.93958054,3.154333115,1.670339966,148.5920898,426.0754211,9,1.6102117690248874
CA_0005369,2000,367.76,748.39,601.42,2.969166756,424.0459961,-115.8979,49.7146,141.3118,1625.812918,5.039853629,25.19672626,11.78125,51.53125,33.25850296,1.431439999,60.57066269,3.057125092,1.672376636,150.3147522,459.0546692,9,1.541702006995677
CA_0005369,2001,296.67,667.79,613.85,2.969166756,422.0050049,-115.8979,49.7146,141.3118,1625.812918,5.039853629,25.19672626,11.78125,51.53125,33.25850296,1.431439999,56.30941391,3.156750202,1.680635376,151.3435028,458.3226135,9,1.6687602688692869
CA_0005369,2002,303.68,631.59,613.48,2.969166756,398.0809998,-115.8979,49.7146,141.3118,1625.812918,5.039853629,25.19672626,11.78125,51.53125,33.25850296,1.431439999,52.78549728,3.100999832,1.683056641,152.0819153,428.5767944,9,1.5511004450967487
CA_0005369,2003,292.0,599.13,616.95,2.969166756,379.9869995,-115.8979,49.7146,141.3118,1625.812918,5.039853629,25.19672626,11.78125,51.53125,33.25850296,1.431439999,48.8036644,3.096874952,1.675917456,153.5856659,423.6595581,9,1.47529021484443
CA_0005369,2004,243.61,607.81,609.94,2.969166756,392.7580078,-115.8979,49.7146,141.3118,1625.812918,5.039853629,25.19672626,11.78125,51.53125,33.25850296,1.431439999,49.43091583,2.950874805,1.726918311,152.0890778,388.6455444,9,1.5810284390720422
CA_0005369,2005,245.28,633.66,608.76,2.969166756,411.8950195,-115.8979,49.7146,141.3118,1625.812918,5.039853629,25.19672626,11.78125,51.53125,33.25850296,1.431439999,51.28083344,2.978791714,1.74342124,150.8269165,348.5931335,9,1.689117472466944
CA_0005369,2006,280.32,670.9,607.52,2.969166756,417.4650146,-115.8979,49.7146,141.3118,1625.812918,5.039853629,25.19672626,11.78125,51.53125,33.25850296,1.431439999,52.62558441,3.024583101,1.765555005,150.2370819,345.5661987,9,1.6394753805764135
CA_0005369,2007,270.98,672.56,629.43,2.969166756,427.0160156,-115.8979,49.7146,141.3118,1625.812918,5.039853629,25.19672626,11.78125,51.53125,33.25850296,1.431439999,51.13016739,3.08879137,1.793848364,150.2100891,358.0169495,9,1.6494619185536905
CA_0005369,2008,290.46,661.85,620.23,2.969166756,432.3200195,-115.8979,49.7146,141.3118,1625.812918,5.039853629,25.19672626,11.78125,51.53125,33.25850296,1.431439999,51.00566788,3.111624956,1.804447559,150.1912567,354.4532166,9,1.7661249154169734
CA_0005369,2009,284.99,634.54,627.88,2.969166756,410.2760071,-115.8979,49.7146,141.3118,1625.812918,5.039853629,25.19672626,11.78125,51.53125,33.25850296,1.431439999,48.43875198,3.07608366,1.753649634,152.7025085,368.2940857,9,1.6090806415341603
CA_0005369,2010,270.98,634.93,616.65,2.969166756,403.023999,-115.8979,49.7146,141.3118,1625.812918,5.039853629,25.19672626,11.78125,51.53125,33.25850296,1.431439999,48.14200211,2.929666758,1.695484229,151.6057556,379.7347412,9,1.5762518268292305
CA_0005369,2011,315.36,617.08,599.48,2.969166756,389.3570007,-115.8979,49.7146,141.3118,1625.812918,5.039853629,25.19672626,11.78125,51.53125,33.25850296,1.431439999,48.99183502,3.141791582,1.656040894,150.7769226,380.2150452,9,1.5545902996540553
CA_0005369,2012,367.76,640.7,587.82,2.969166756,386.6679993,-115.8979,49.7146,141.3118,1625.812918,5.039853629,25.19672626,11.78125,51.53125,33.25850296,1.431439999,51.90933609,3.108916521,1.589458374,149.5505829,377.7428101,9,1.5051089786183505
CA_0005369,2013,413.47,641.18,580.07,2.969166756,386.8809937,-115.8979,49.7146,141.3118,1625.812918,5.039853629,25.19672626,11.78125,51.53125,33.25850296,1.431439999,54.03116913,3.013875008,1.575731714,148.5870819,364.2884705,9,1.5294636736015494
CA_0005369,2014,462.53,681.72,578.46,2.969166756,398.4030029,-115.8979,49.7146,141.3118,1625.812918,5.039853629,25.19672626,11.78125,51.53125,33.25850296,1.431439999,52.93283615,2.989541531,1.581102563,146.9859131,387.7615356,9,1.5408480771230026
CA_0005371,1989,187.4,658.27,705.91,4.718750048,465.9947876,-115.4354,49.1854,308.0326,1457.057036,3.408356533,18.47605756,13.80208302,45.0,38.16974258,1.24119505,71.84551697,3.075674534,2.005767065,153.9992523,1549.003052,9,1.8276188888404457
CA_0005371,1990,227.7,715.68,696.5,4.718750048,474.4061951,-115.4354,49.1854,308.0326,1457.057036,3.408356533,18.47605756,13.80208302,45.0,38.16974258,1.24119505,72.47246094,3.189841032,2.005732422,151.5710724,1573.962744,9,1.744092529190818
CA_0005371,1991,251.88,681.43,694.98,4.718750048,458.4890564,-115.4354,49.1854,308.0326,1457.057036,3.408356533,18.47605756,13.80208302,45.0,38.16974258,1.24119505,69.95777893,3.080237865,2.002620825,151.5147614,1584.075708,9,1.7071785376833184
CA_0005371,1992,246.51,705.32,692.23,4.718750048,474.8928772,-115.4354,49.1854,308.0326,1457.057036,3.408356533,18.47605756,13.80208302,45.0,38.16974258,1.24119505,70.58893127,2.955713987,1.992943481,150.8032471,1590.415356,9,1.7951742630485152
CA_0005371,1993,260.95,720.36,663.18,4.718750048,490.0862061,-115.4354,49.1854,308.0326,1457.057036,3.408356533,18.47605756,13.80208302,45.0,38.16974258,1.24119505,74.68988266,2.871646643,1.977698169,148.6107483,1589.094019,9,2.026230447970794
CA_0005371,1994,245.84,674.7,683.13,4.718750048,468.2009705,-115.4354,49.1854,308.0326,1457.057036,3.408356533,18.47605756,13.80208302,45.0,38.16974258,1.24119505,74.67321396,3.105853081,1.982401855,149.9249969,1597.904224,9,1.865590335804646
CA_0005371,1995,202.52,679.98,681.08,4.718750048,479.4724182,-115.4354,49.1854,308.0326,1457.057036,3.408356533,18.47605756,13.80208302,45.0,38.16974258,1.24119505,74.59297409,3.038233995,1.982437866,150.2497223,1625.269189,9,1.979376747239848
CA_0005606,1989,714.02,978.0,584.22,3.705000257,447.9266785,-117.2104,49.5187,45.7681,1767.277553,3.892183244,22.88585504,5.708333492,67.79166412,23.79166603,1.65329,75.28444595,2.91592598,1.225077808,151.5529633,13471.4791,9,1.456070453008458
CA_0005606,1990,753.69,1059.93,574.81,3.705000257,449.5888977,-117.2104,49.5187,45.7681,1767.277553,3.892183244,22.88585504,5.708333492,67.79166412,23.79166603,1.65329,78.07777786,2.949722052,1.246505591,149.1357391,13454.1127,9,1.423127405749108
CA_0005606,1991,786.75,1029.24,575.12,3.705000257,435.2822388,-117.2104,49.5187,45.7681,1767.277553,3.892183244,22.88585504,5.708333492,67.79166412,23.79166603,1.65329,72.68574142,2.903610945,1.261127808,149.0749969,13435.54844,9,1.3488469435421917
CA_0005606,1992,769.01,1055.3,569.06,3.705000257,454.6422485,-117.2104,49.5187,45.7681,1767.277553,3.892183244,22.88585504,5.708333492,67.79166412,23.79166603,1.65329,72.44962921,2.821573973,1.270122266,148.4925903,13429.49941,9,1.4922094697363757
CA_0005606,1993,766.91,1044.18,549.16,3.705000257,458.4000183,-117.2104,49.5187,45.7681,1767.277553,3.892183244,22.88585504,5.708333492,67.79166412,23.79166603,1.65329,76.8094429,2.731111288,1.251602808,147.0688873,13214.63457,9,1.6480745945210955
CA_0005606,1994,733.86,1022.9,566.35,3.705000257,449.1133545,-117.2104,49.5187,45.7681,1767.277553,3.892183244,22.88585504,5.708333492,67.79166412,23.79166603,1.65329,75.90574112,2.929629326,1.240886108,147.3133331,12945.78477,9,1.4928056892780928
CA_0005606,1995,714.02,1043.32,566.64,3.705000257,458.6355774,-117.2104,49.5187,45.7681,1767.277553,3.892183244,22.88585504,5.708333492,67.79166412,23.79166603,1.65329,74.39111404,2.897685051,1.215158325,148.0418488,12841.73281,9,1.5506471427774715
CA_0005606,1996,715.98,1156.89,565.44,3.705000257,462.708905,-117.2104,49.5187,45.7681,1767.277553,3.892183244,22.88585504,5.708333492,67.79166412,23.79166603,1.65329,78.36278,2.950462818,1.200027759,148.0677765,12908.91191,9,1.4822160990104585
CA_0005606,1997,813.19,1199.81,544.72,3.705000257,446.9244507,-117.2104,49.5187,45.7681,1767.277553,3.892183244,22.88585504,5.708333492,67.79166412,23.79166603,1.65329,85.26870575,2.910740614,1.18494165,146.8646301,12967.52227,9,1.4227201724791059
CA_0005606,1998,819.8,1260.36,566.15,3.705000257,446.0133362,-117.2104,49.5187,45.7681,1767.277553,3.892183244,22.88585504,5.708333492,67.79166412,23.79166603,1.65329,85.1874115,2.786111116,1.178827783,147.5531494,12850.37637,9,1.2832712103045656
CA_0005606,1999,899.14,1278.43,548.65,3.705000257,449.1600098,-117.2104,49.5187,45.7681,1767.277553,3.892183244,22.88585504,5.708333492,67.79166412,23.79166603,1.65329,86.59592896,3.009907484,1.155727783,147.0831482,12766.14922,9,1.3670941559461376
CA_0005606,2000,901.6,1191.52,555.07,3.705000257,433.9088989,-117.2104,49.5187,45.7681,1767.277553,3.892183244,22.88585504,5.708333492,67.79166412,23.79166603,1.65329,83.98629761,2.907407522,1.155761133,148.2981506,12732.3873,9,1.2889626660534443
CA_0005606,2001,806.58,1071.39,567.92,3.705000257,431.2622314,-117.2104,49.5187,45.7681,1767.277553,3.892183244,22.88585504,5.708333492,67.79166412,23.79166603,1.65329,80.28203888,3.010740519,1.169163916,148.9429657,12528.68672,9,1.3118064438724524
CA_0005606,2002,760.3,1004.68,573.76,3.705000257,409.1355713,-117.2104,49.5187,45.7681,1767.277553,3.892183244,22.88585504,5.708333492,67.79166412,23.79166603,1.65329,74.09481506,2.945277452,1.174641699,150.5863007,12448.43398,9,1.2126738288673615
CA_0005606,2003,760.3,956.78,578.79,3.705000257,391.0844666,-117.2104,49.5187,45.7681,1767.277553,3.892183244,22.88585504,5.708333492,67.79166412,23.79166603,1.65329,69.17592545,2.96666646,1.189313916,151.8579651,12620.84648,9,1.1404178564930019
CA_0005606,2004,709.35,959.86,579.2,3.705000257,404.9177979,-117.2104,49.5187,45.7681,1767.277553,3.892183244,22.88585504,5.708333492,67.79166412,23.79166603,1.65329,70.31925888,2.799259424,1.183972266,150.8498199,12654.28633,9,1.2107296448946079
CA_0005606,2005,694.19,986.41,578.81,3.705000257,416.6066895,-117.2104,49.5187,45.7681,1767.277553,3.892183244,22.88585504,5.708333492,67.79166412,23.79166603,1.65329,73.80722275,2.846481562,1.200472266,149.842041,12689.5416,9,1.2567327652832545
CA_0005606,2006,766.91,1052.5,579.22,3.705000257,421.8177979,-117.2104,49.5187,45.7681,1767.277553,3.892183244,22.88585504,5.708333492,67.79166412,23.79166603,1.65329,73.61296158,2.906574249,1.17721394,149.7692657,12726.26719,9,1.2335085408286857
CA_0005606,2007,753.69,1049.12,591.74,3.705000257,424.7222412,-117.2104,49.5187,45.7681,1767.277553,3.892183244,22.88585504,5.708333492,67.79166412,23.79166603,1.65329,72.68629684,2.951296329,1.160841699,149.4794464,12832.33711,9,1.2181855406327335
CA_0005606,2008,782.27,1030.58,580.5,3.705000257,436.2866821,-117.2104,49.5187,45.7681,1767.277553,3.892183244,22.88585504,5.708333492,67.79166412,23.79166603,1.65329,74.35537109,2.972222328,1.117383362,149.5651855,12794.02852,9,1.3358897443920998
CA_0005606,2009,766.91,994.7,583.06,3.705000257,412.4955688,-117.2104,49.5187,45.7681,1767.277553,3.892183244,22.88585504,5.708333492,67.79166412,23.79166603,1.65329,69.95055695,2.954444408,1.093688916,151.7677734,12742.64492,9,1.2148717688799464
CA_0005606,2010,793.36,1007.2,568.41,3.705000257,400.2888916,-117.2104,49.5187,45.7681,1767.277553,3.892183244,22.88585504,5.708333492,67.79166412,23.79166603,1.65329,69.74203796,2.855000019,1.04129447,150.4385132,12585.8248,9,1.175872182983705
CA_0005606,2011,839.64,964.17,553.76,3.705000257,384.7088928,-117.2104,49.5187,45.7681,1767.277553,3.892183244,22.88585504,5.708333492,67.79166412,23.79166603,1.65329,72.77333527,3.003240585,1.034338904,149.217218,12659.13555,9,1.1597261556914455
CA_0005606,2012,828.68,1004.25,545.7,3.705000257,385.9444397,-117.2104,49.5187,45.7681,1767.277553,3.892183244,22.88585504,5.708333492,67.79166412,23.79166603,1.65329,76.90777893,2.989073992,1.00676947,147.6861084,12480.40254,9,1.1579967348420197
CA_0005606,2013,852.86,995.89,538.93,3.705000257,379.8311096,-117.2104,49.5187,45.7681,1767.277553,3.892183244,22.88585504,5.708333492,67.79166412,23.79166603,1.65329,79.35926056,2.865555525,1.022722266,146.6335175,12442.02578,9,1.1478454903799364
CA_0005606,2014,747.08,1049.53,540.0,3.705000257,392.9333313,-117.2104,49.5187,45.7681,1767.277553,3.892183244,22.88585504,5.708333492,67.79166412,23.79166603,1.65329,79.12814941,2.901296139,1.038783362,145.1398163,12548.3709,9,1.1816859379894007
CA_0005624,1989,322.98,682.3,605.49,0.811212036,459.7999939,-114.8688,49.8937,610.2275,1986.062008,4.381791407,21.66317303,15.23863602,47.02597427,31.47538185,1.624706161,55.69886398,4.228736877,1.177767285,150.1867676,2258.671826,9,2.092577991889306
CA_0005624,1990,367.16,689.49,594.7,0.811212036,456.5309082,-114.8688,49.8937,610.2275,1986.062008,4.381791407,21.66317303,15.23863602,47.02597427,31.47538185,1.624706161,52.34901733,4.349936962,1.181401685,148.1028259,2293.624561,9,2.083563366229788
CA_0005624,1991,398.64,661.17,591.11,0.811212036,439.7690979,-114.8688,49.8937,610.2275,1986.062008,4.381791407,21.66317303,15.23863602,47.02597427,31.47538185,1.624706161,44.59075851,4.264015198,1.17799563,148.1252502,2310.435352,9,1.98811560560436
CA_0005624,1992,405.85,697.53,574.35,0.811212036,439.8184998,-114.8688,49.8937,610.2275,1986.062008,4.381791407,21.66317303,15.23863602,47.02597427,31.47538185,1.624706161,42.33979874,4.077739716,1.165456812,146.8051758,2324.20415,9,1.953260562978269
CA_0005624,1993,432.16,742.63,540.53,0.811212036,445.3160706,-114.8688,49.8937,610.2275,1986.062008,4.381791407,21.66317303,15.23863602,47.02597427,31.47538185,1.624706161,48.93275223,4.067676544,1.151753638,144.4202301,2316.053857,9,2.1243284209124313
CA_0005624,1994,435.21,701.9,556.98,0.811212036,428.9936462,-114.8688,49.8937,610.2275,1986.062008,4.381791407,21.66317303,15.23863602,47.02597427,31.47538185,1.624706161,52.57550659,4.300467491,1.14723689,145.6368713,2321.12168,9,1.9037674053047704
CA_0005624,1995,441.3,715.17,555.05,0.811212036,443.0442505,-114.8688,49.8937,610.2275,1986.062008,4.381791407,21.66317303,15.23863602,47.02597427,31.47538185,1.624706161,55.10603714,4.14827013,1.150184937,145.9733917,2349.962354,9,2.064623706037152
CA_0005624,1996,440.47,763.56,554.89,0.811212036,442.8093933,-114.8688,49.8937,610.2275,1986.062008,4.381791407,21.66317303,15.23863602,47.02597427,31.47538185,1.624706161,57.86666794,4.268623352,1.147557104,146.609729,2414.833691,9,1.9191810225133463
CA_0005624,1997,455.52,757.17,547.43,0.811212036,429.3996948,-114.8688,49.8937,610.2275,1986.062008,4.381791407,21.66317303,15.23863602,47.02597427,31.47538185,1.624706161,58.38987427,4.342777729,1.155867432,148.0045776,2494.350537,9,1.8170636675034693
CA_0005624,1998,463.65,764.86,568.71,0.811212036,423.5875793,-114.8688,49.8937,610.2275,1986.062008,4.381791407,21.66317303,15.23863602,47.02597427,31.47538185,1.624706161,54.44788055,4.028143883,1.162099121,148.8927765,2565.43457,9,1.6307662080708327
CA_0005624,1999,484.97,771.26,553.47,0.811212036,431.7454651,-114.8688,49.8937,610.2275,1986.062008,4.381791407,21.66317303,15.23863602,47.02597427,31.47538185,1.624706161,50.93707199,4.411110401,1.156796167,148.7333588,2615.180811,9,1.776496029832688
CA_0005624,2000,431.31,716.54,565.21,0.811212036,418.5936401,-114.8688,49.8937,610.2275,1986.062008,4.381791407,21.66317303,15.23863602,47.02597427,31.47538185,1.624706161,46.16267776,4.251199245,1.156060522,150.8840912,2670.484277,9,1.7030023626964417
CA_0005624,2001,365.63,647.81,585.88,0.811212036,422.390918,-114.8688,49.8937,610.2275,1986.062008,4.381791407,21.66317303,15.23863602,47.02597427,31.47538185,1.624706161,41.73338623,4.425000191,1.164648413,152.5427032,2686.416504,9,1.8479189819887867
CA_0005624,2002,375.79,626.3,576.98,0.811212036,407.8927368,-114.8688,49.8937,610.2275,1986.062008,4.381791407,21.66317303,15.23863602,47.02597427,31.47538185,1.624706161,39.22017899,4.306414127,1.162794458,152.3205292,2697.037695,9,1.794292138200865
CA_0005624,2003,348.88,596.75,582.52,0.811212036,398.9609131,-114.8688,49.8937,610.2275,1986.062008,4.381791407,21.66317303,15.23863602,47.02597427,31.47538185,1.624706161,37.41366272,4.282500267,1.163890015,153.8671753,2745.795557,9,1.775305788415519
CA_0005624,2004,326.41,608.78,570.66,0.811212036,404.2936401,-114.8688,49.8937,610.2275,1986.062008,4.381791407,21.66317303,15.23863602,47.02597427,31.47538185,1.624706161,39.98729935,4.177727222,1.149046509,152.1140411,2783.445459,9,1.843373982748286
CA_0005624,2005,384.42,650.9,564.51,0.811212036,416.0733459,-114.8688,49.8937,610.2275,1986.062008,4.381791407,21.66317303,15.23863602,47.02597427,31.47538185,1.624706161,45.7200264,4.206199646,1.144206665,150.6032593,2838.836621,9,1.865398890816282
CA_0005624,2006,442.32,683.37,559.12,0.811212036,426.4363708,-114.8688,49.8937,610.2275,1986.062008,4.381791407,21.66317303,15.23863602,47.02597427,31.47538185,1.624706161,49.51199493,4.21147728,1.128424805,149.3693207,2911.74624,9,1.916633346880047
CA_0005624,2007,430.13,688.64,584.78,0.811212036,436.743335,-114.8688,49.8937,610.2275,1986.062008,4.381791407,21.66317303,15.23863602,47.02597427,31.47538185,1.624706161,49.26835938,4.296730042,1.124255103,149.5699799,2998.770557,9,1.8868715992359169
CA_0005624,2008,439.96,686.61,577.05,0.811212036,439.9312134,-114.8688,49.8937,610.2275,1986.062008,4.381791407,21.66317303,15.23863602,47.02597427,31.47538185,1.624706161,48.50091095,4.254999638,1.122312109,149.4550537,3046.954053,9,1.9758934913579875
CA_0005624,2009,432.67,665.46,591.01,0.811212036,426.6927185,-114.8688,49.8937,610.2275,1986.062008,4.381791407,21.66317303,15.23863602,47.02597427,31.47538185,1.624706161,45.08560715,4.2616539,1.123902881,152.1344727,3077.512842,9,1.8149769063506473
CA_0005624,2010,396.61,657.99,577.38,0.811212036,417.3463562,-114.8688,49.8937,610.2275,1986.062008,4.381791407,21.66317303,15.23863602,47.02597427,31.47538185,1.624706161,41.67957153,4.082550526,1.110663623,151.2449799,3087.635156,9,1.7952309802056179
CA_0005624,2011,401.18,655.83,565.8,0.811212036,400.6681763,-114.8688,49.8937,610.2275,1986.062008,4.381791407,21.66317303,15.23863602,47.02597427,31.47538185,1.624706161,40.92063293,4.37984848,1.109889209,150.9092743,3104.408643,9,1.6726919800305824
CA_0005624,2012,435.89,676.77,553.75,0.811212036,387.7618164,-114.8688,49.8937,610.2275,1986.062008,4.381791407,21.66317303,15.23863602,47.02597427,31.47538185,1.624706161,44.02419281,4.313775063,1.095297119,150.2564728,3093.158203,9,1.5441236491121213
CA_0005624,2013,462.12,676.72,541.4,0.811212036,382.3991028,-114.8688,49.8937,610.2275,1986.062008,4.381791407,21.66317303,15.23863602,47.02597427,31.47538185,1.624706161,46.13946991,4.164494514,1.094397925,149.5571777,3092.982813,9,1.5413537552358059
CA_0005624,2014,497.67,716.27,540.8,0.811212036,390.2309326,-114.8688,49.8937,610.2275,1986.062008,4.381791407,21.66317303,15.23863602,47.02597427,31.47538185,1.624706161,45.6421463,4.126122952,1.107348145,147.8042297,3123.203662,9,1.5342358571477137
CA_0005626,1989,391.6,716.72,651.48,1.824666572,469.4627441,-114.8563,49.7312,626.641,1801.765206,4.274021607,21.44050574,15.71111107,44.11666489,35.54985809,1.658250061,63.11471634,3.969867468,1.305278369,151.4834503,5308.716016,9,1.8569816532541028
CA_0005626,1990,449.03,731.95,641.15,1.824666572,468.8070435,-114.8563,49.7312,626.641,1801.765206,4.274021607,21.44050574,15.71111107,44.11666489,35.54985809,1.658250061,59.16187515,4.10697937,1.310475195,149.3069153,5373.366602,9,1.847130674152761
CA_0005626,1991,490.62,693.64,640.69,1.824666572,458.3511414,-114.8563,49.7312,626.641,1801.765206,4.274021607,21.44050574,15.71111107,44.11666489,35.54985809,1.658250061,52.01280212,3.996174097,1.306186865,149.2533539,5411.056055,9,1.8575511887837268
CA_0005626,1992,487.99,725.77,628.26,1.824666572,465.9709045,-114.8563,49.7312,626.641,1801.765206,4.274021607,21.44050574,15.71111107,44.11666489,35.54985809,1.658250061,50.14761353,3.819526672,1.297594238,148.1522949,5448.771191,9,1.8935417034790314
CA_0005626,1993,511.41,772.02,593.69,1.824666572,481.2790833,-114.8563,49.7312,626.641,1801.765206,4.274021607,21.44050574,15.71111107,44.11666489,35.54985809,1.658250061,57.42104034,3.780956268,1.284907227,145.6636017,5432.430176,9,2.146169956839866
CA_0005626,1994,558.44,719.17,613.06,1.824666572,458.3629517,-114.8563,49.7312,626.641,1801.765206,4.274021607,21.44050574,15.71111107,44.11666489,35.54985809,1.658250061,61.45765076,4.030700684,1.28443186,147.106842,5433.564648,9,1.9011899425174872
CA_0005626,1995,516.36,730.14,609.09,1.824666572,472.9634094,-114.8563,49.7312,626.641,1801.765206,4.274021607,21.44050574,15.71111107,44.11666489,35.54985809,1.658250061,64.78789825,3.906230927,1.284325586,147.3278625,5477.812305,9,2.0682478504436865
CA_0005626,1996,543.09,794.57,610.28,1.824666572,475.2099976,-114.8563,49.7312,626.641,1801.765206,4.274021607,21.44050574,15.71111107,44.11666489,35.54985809,1.658250061,67.98714218,4.014971733,1.282277246,147.8717468,5599.968359,9,1.8949988867880023
CA_0005660,1989,247.99,647.95,608.68,3.251409674,411.0533325,-120.1521,49.3771,5657.856,1404.485603,3.258511948,21.08907714,11.39618015,53.82968903,31.59302139,1.369407302,76.65075531,2.485570192,1.59434209,147.1250732,3399.597412,9,1.6385300393430107
CA_0005660,1990,276.31,711.48,598.57,3.251409674,426.3019897,-120.1521,49.3771,5657.856,1404.485603,3.258511948,21.08907714,11.39618015,53.82968903,31.59302139,1.369407302,78.78515472,2.537871838,1.592463135,144.2543457,3445.622119,9,1.651715264668735
CA_0005660,1991,318.86,697.28,599.92,3.251409674,428.8937378,-120.1521,49.3771,5657.856,1404.485603,3.258511948,21.08907714,11.39618015,53.82968903,31.59302139,1.369407302,78.55538025,2.465036869,1.587852075,143.9465363,3448.519336,9,1.7073910861374135
CA_0005660,1992,301.83,721.85,595.48,3.251409674,446.7671753,-120.1521,49.3771,5657.856,1404.485603,3.258511948,21.08907714,11.39618015,53.82968903,31.59302139,1.369407302,80.65812683,2.404591084,1.584547778,142.7931061,3440.325342,9,1.8481787158653433
CA_0005660,1993,299.25,706.24,580.13,3.251409674,447.8005615,-120.1521,49.3771,5657.856,1404.485603,3.258511948,21.08907714,11.39618015,53.82968903,31.59302139,1.369407302,84.47898407,2.304940462,1.570617358,141.4589783,3407.013672,9,1.9936670445107711
CA_0005660,1994,285.52,708.05,588.6,3.251409674,441.8512329,-120.1521,49.3771,5657.856,1404.485603,3.258511948,21.08907714,11.39618015,53.82968903,31.59302139,1.369407302,84.49698639,2.481827021,1.562816699,141.673291,3404.892969,9,1.867169854615197
CA_0005660,1995,279.87,706.27,592.16,3.251409674,440.7770142,-120.1521,49.3771,5657.856,1404.485603,3.258511948,21.08907714,11.39618015,53.82968903,31.59302139,1.369407302,82.75928192,2.548687458,1.567677246,142.9417206,3456.003809,9,1.8423603994165545
CA_0005660,1996,249.47,741.35,590.75,3.251409674,433.2024109,-120.1521,49.3771,5657.856,1404.485603,3.258511948,21.08907714,11.39618015,53.82968903,31.59302139,1.369407302,82.86155548,2.461994886,1.566326807,142.6141541,3575.462549,9,1.6784278169062905
CA_0005660,1997,293.15,774.74,571.63,3.251409674,433.6086792,-120.1521,49.3771,5657.856,1404.485603,3.258511948,21.08907714,11.39618015,53.82968903,31.59302139,1.369407302,88.73831329,2.522953749,1.563390796,141.3084381,3722.642871,9,1.694745372380079
CA_0005660,1998,295.69,809.5,592.79,3.251409674,424.7658325,-120.1521,49.3771,5657.856,1404.485603,3.258511948,21.08907714,11.39618015,53.82968903,31.59302139,1.369407302,89.90027924,2.389857769,1.569791699,142.5524506,3908.599414,9,1.470397937859491
CA_0005660,1999,330.0,817.28,578.44,3.251409674,425.5079041,-120.1521,49.3771,5657.856,1404.485603,3.258511948,21.08907714,11.39618015,53.82968903,31.59302139,1.369407302,92.4117218,2.584124088,1.562482153,142.120166,4082.697754,9,1.5150668543400907
CA_0005660,2000,310.16,765.76,582.35,3.251409674,420.3784668,-120.1521,49.3771,5657.856,1404.485603,3.258511948,21.08907714,11.39618015,53.82968903,31.59302139,1.369407302,90.69591522,2.438552856,1.560416895,142.5886047,4218.872021,9,1.545693971222216
CA_0005660,2001,268.34,725.17,593.74,3.251409674,430.5543335,-120.1521,49.3771,5657.856,1404.485603,3.258511948,21.08907714,11.39618015,53.82968903,31.59302139,1.369407302,86.30004883,2.541046143,1.567342969,143.1842926,4275.538672,9,1.678319493196474
CA_0005660,2002,253.87,659.57,609.5,3.251409674,401.644281,-120.1521,49.3771,5657.856,1404.485603,3.258511948,21.08907714,11.39618015,53.82968903,31.59302139,1.369407302,78.5355545,2.512528181,1.572755542,145.1849274,4343.530859,9,1.522191188142485
CA_0005660,2003,250.59,623.78,615.27,3.251409674,388.3170837,-120.1521,49.3771,5657.856,1404.485603,3.258511948,21.08907714,11.39618015,53.82968903,31.59302139,1.369407302,73.43425903,2.532324076,1.570132764,145.8612549,4401.729297,9,1.484025658665411
CA_0005660,2004,230.99,626.51,626.69,3.251409674,404.4228638,-120.1521,49.3771,5657.856,1404.485603,3.258511948,21.08907714,11.39618015,53.82968903,31.59302139,1.369407302,71.80072174,2.440605879,1.596680884,145.7576782,4353.238379,9,1.5830796148894524
CA_0005660,2005,219.79,641.85,633.98,3.251409674,405.9035095,-120.1521,49.3771,5657.856,1404.485603,3.258511948,21.08907714,11.39618015,53.82968903,31.59302139,1.369407302,72.89368744,2.448834896,1.612351855,145.2865967,4324.189648,9,1.5333710950928896
CA_0005660,2006,240.02,671.95,635.69,3.251409674,394.6627319,-120.1521,49.3771,5657.856,1404.485603,3.258511948,21.08907714,11.39618015,53.82968903,31.59302139,1.369407302,73.99599762,2.523717403,1.588627344,146.1920349,4341.760059,9,1.3756006693253051
CA_0005660,2007,242.57,694.1,631.06,3.251409674,409.5071716,-120.1521,49.3771,5657.856,1404.485603,3.258511948,21.08907714,11.39618015,53.82968903,31.59302139,1.369407302,73.98789063,2.487845898,1.556731274,144.6627533,4332.762695,9,1.4488453945090658
CA_0005660,2008,253.32,691.66,618.57,3.251409674,422.8752563,-120.1521,49.3771,5657.856,1404.485603,3.258511948,21.08907714,11.39618015,53.82968903,31.59302139,1.369407302,74.52995453,2.49331069,1.524723438,144.3939911,4304.497949,9,1.5982677050099119
CA_0005660,2009,239.06,668.86,621.25,3.251409674,403.3500366,-120.1521,49.3771,5657.856,1404.485603,3.258511948,21.08907714,11.39618015,53.82968903,31.59302139,1.369407302,74.70960541,2.523324251,1.486763501,146.4122772,4310.346875,9,1.4815898816639668
CA_0005660,2010,252.34,686.8,604.6,3.251409674,400.1505188,-120.1521,49.3771,5657.856,1404.485603,3.258511948,21.08907714,11.39618015,53.82968903,31.59302139,1.369407302,76.46573181,2.520017862,1.436250024,145.0978577,4321.871094,9,1.4638952314646387
CA_0005660,2011,272.58,659.46,587.42,3.251409674,393.3276978,-120.1521,49.3771,5657.856,1404.485603,3.258511948,21.08907714,11.39618015,53.82968903,31.59302139,1.369407302,76.27453308,2.572382212,1.427693188,143.0796631,4338.469727,9,1.5187261451690892
CA_0005660,2012,273.72,667.29,585.98,3.251409674,390.0023926,-120.1521,49.3771,5657.856,1404.485603,3.258511948,21.08907714,11.39618015,53.82968903,31.59302139,1.369407302,77.36131439,2.528375864,1.421357983,142.6950287,4343.625781,9,1.4779641063565314
CA_0005660,2013,286.59,665.22,585.83,3.251409674,392.8955688,-120.1521,49.3771,5657.856,1404.485603,3.258511948,21.08907714,11.39618015,53.82968903,31.59302139,1.369407302,79.1720459,2.38937521,1.443967896,141.5431946,4354.997656,9,1.5068670310203107
CA_0005668,1989,137.36,530.84,610.08,3.808537674,429.0457153,-120.0687,49.3646,383.5749,1654.008619,2.910233383,18.90497818,10.85969353,56.31887817,29.04277992,1.851821185,71.00942001,2.667142868,1.649827881,149.0695313,1700.840942,9,2.507540532976872
CA_0005668,1990,167.43,584.48,600.28,3.808537674,447.6604065,-120.0687,49.3646,383.5749,1654.008619,2.910233383,18.90497818,10.85969353,56.31887817,29.04277992,1.851821185,73.11982956,2.720612526,1.651813257,146.3735413,1720.738452,9,2.4772580597245275
CA_0005668,1991,202.38,576.21,601.89,3.808537674,448.2681641,-120.0687,49.3646,383.5749,1654.008619,2.910233383,18.90497818,10.85969353,56.31887817,29.04277992,1.851821185,71.87125778,2.655544043,1.64859375,145.9879944,1714.607178,9,2.545741484737311
CA_0005668,1992,195.6,604.36,594.8,3.808537674,467.1306091,-120.0687,49.3646,383.5749,1654.008619,2.910233383,18.90497818,10.85969353,56.31887817,29.04277992,1.851821185,74.08408203,2.577057838,1.634029517,144.6689819,1701.122095,9,2.7781399567731904
CA_0005668,1993,221.89,601.78,575.74,3.808537674,464.6910278,-120.0687,49.3646,383.5749,1654.008619,2.910233383,18.90497818,10.85969353,56.31887817,29.04277992,1.851821185,79.03238373,2.467074633,1.613696826,142.9970428,1673.051416,9,2.94102157448817
CA_0005668,1994,216.2,601.09,584.22,3.808537674,455.8665344,-120.0687,49.3646,383.5749,1654.008619,2.910233383,18.90497818,10.85969353,56.31887817,29.04277992,1.851821185,79.26803131,2.660493135,1.608854932,143.2208527,1661.831421,9,2.6451639062822934
CA_0005668,1995,201.57,598.9,585.6,3.808537674,455.0689819,-120.0687,49.3646,383.5749,1654.008619,2.910233383,18.90497818,10.85969353,56.31887817,29.04277992,1.851821185,77.97990112,2.6984694,1.603060181,144.4102783,1681.276416,9,2.6330295817280205
CA_0005668,1996,189.08,624.49,583.04,3.808537674,447.7955139,-120.0687,49.3646,383.5749,1654.008619,2.910233383,18.90497818,10.85969353,56.31887817,29.04277992,1.851821185,77.8506485,2.612789154,1.59496438,144.1062988,1742.576416,9,2.3347427015281377
CA_0005668,1997,233.27,651.89,561.92,3.808537674,445.3334656,-120.0687,49.3646,383.5749,1654.008619,2.910233383,18.90497818,10.85969353,56.31887817,29.04277992,1.851821185,84.15197296,2.68222785,1.601746167,142.9407867,1842.077686,9,2.3069173444252034
CA_0005668,1998,229.2,666.46,584.87,3.808537674,440.1579529,-120.0687,49.3646,383.5749,1654.008619,2.910233383,18.90497818,10.85969353,56.31887817,29.04277992,1.851821185,84.45149384,2.563095331,1.609023584,144.0266022,1965.609863,9,2.007469624145926
CA_0005668,1999,252.78,665.68,568.86,3.808537674,439.3089722,-120.0687,49.3646,383.5749,1654.008619,2.910233383,18.90497818,10.85969353,56.31887817,29.04277992,1.851821185,85.59812622,2.760697365,1.603281934,143.7582001,2040.747314,9,2.0968056525878147
CA_0005668,2000,240.43,624.45,574.67,3.808537674,430.440802,-120.0687,49.3646,383.5749,1654.008619,2.910233383,18.90497818,10.85969353,56.31887817,29.04277992,1.851821185,83.44033813,2.607670069,1.608987744,144.3540802,2105.158594,9,2.108708486134447
CA_0005668,2001,197.51,591.26,586.79,3.808537674,439.8812134,-120.0687,49.3646,383.5749,1654.008619,2.910233383,18.90497818,10.85969353,56.31887817,29.04277992,1.851821185,78.71867218,2.716734171,1.619813135,145.0728241,2132.579419,9,2.374282702711409
CA_0005668,2002,182.06,529.89,603.73,3.808537674,408.8914307,-120.0687,49.3646,383.5749,1654.008619,2.910233383,18.90497818,10.85969353,56.31887817,29.04277992,1.851821185,68.92578125,2.699762106,1.619869727,147.0606476,2148.599878,9,2.167076221928051
CA_0005668,2003,158.49,492.87,609.61,3.808537674,390.7542847,-120.0687,49.3646,383.5749,1654.008619,2.910233383,18.90497818,10.85969353,56.31887817,29.04277992,1.851821185,62.00863953,2.697193623,1.619414429,148.0398651,2198.543237,9,2.1225414103597666
CA_0005668,2004,156.48,509.91,621.31,3.808537674,408.2232605,-120.0687,49.3646,383.5749,1654.008619,2.910233383,18.90497818,10.85969353,56.31887817,29.04277992,1.851821185,60.59935303,2.603282213,1.629139282,147.6673828,2183.173755,9,2.2330275448440453
CA_0005668,2005,155.24,522.87,627.9,3.808537674,412.9440857,-120.0687,49.3646,383.5749,1654.008619,2.910233383,18.90497818,10.85969353,56.31887817,29.04277992,1.851821185,62.03261871,2.620731354,1.622008716,147.0811646,2164.556738,9,2.176361196686814
CA_0005668,2006,164.18,541.36,630.73,3.808537674,403.9289795,-120.0687,49.3646,383.5749,1654.008619,2.910233383,18.90497818,10.85969353,56.31887817,29.04277992,1.851821185,64.02636108,2.708333492,1.595500854,147.7330322,2165.901001,9,1.905821035664528
CA_0005668,2007,149.55,554.92,628.11,3.808537674,422.4355042,-120.0687,49.3646,383.5749,1654.008619,2.910233383,18.90497818,10.85969353,56.31887817,29.04277992,1.851821185,64.90346985,2.689965963,1.586571655,146.4932037,2160.229028,9,2.095854671457787
CA_0005668,2008,176.04,558.47,615.41,3.808537674,435.1473511,-120.0687,49.3646,383.5749,1654.008619,2.910233383,18.90497818,10.85969353,56.31887817,29.04277992,1.851821185,64.5545578,2.686360359,1.556897852,146.2617401,2107.865503,9,2.3472613432902305
CA_0005668,2009,156.05,526.6,617.59,3.808537674,411.4383728,-120.0687,49.3646,383.5749,1654.008619,2.910233383,18.90497818,10.85969353,56.31887817,29.04277992,1.851821185,63.13547668,2.71787405,1.545320142,148.3670471,2099.976147,9,2.168650181374136
CA_0005668,2010,160.12,540.14,600.98,3.808537674,406.1024475,-120.0687,49.3646,383.5749,1654.008619,2.910233383,18.90497818,10.85969353,56.31887817,29.04277992,1.851821185,63.69030609,2.696751833,1.539625049,147.1279266,2104.994727,9,2.065059400381155
CA_0005668,2011,183.69,522.36,585.15,3.808537674,395.594696,-120.0687,49.3646,383.5749,1654.008619,2.910233383,18.90497818,10.85969353,56.31887817,29.04277992,1.851821185,62.75064468,2.78503418,1.544990356,145.5337433,2129.864063,9,2.0918173979969166
CA_0005668,2012,163.0,529.43,583.56,3.808537674,393.6812317,-120.0687,49.3646,383.5749,1654.008619,2.910233383,18.90497818,10.85969353,56.31887817,29.04277992,1.851821185,63.6018692,2.722772121,1.519968213,145.0546936,2144.22041,9,2.0235541440454488
CA_0005668,2013,147.11,538.16,582.06,3.808537674,398.811438,-120.0687,49.3646,383.5749,1654.008619,2.910233383,18.90497818,10.85969353,56.31887817,29.04277992,1.851821185,65.9265976,2.575305939,1.528990308,143.8278564,2156.138525,9,2.0549987362954147
CA_0005678,1989,363.28,802.75,579.63,2.422611237,406.3911072,-120.5771,49.0979,557.2849,1695.586813,4.235586564,20.50667162,10.22083378,56.83472061,28.59169006,1.403541259,80.82950745,2.702047348,1.239108862,148.273642,991.4131348,9,1.3872223349938415
CA_0005678,1990,409.52,891.68,569.21,2.422611237,419.7177734,-120.5771,49.0979,557.2849,1695.586813,4.235586564,20.50667162,10.22083378,56.83472061,28.59169006,1.403541259,83.08981323,2.760452747,1.232649463,145.2909424,1009.604163,9,1.4021324358508738
CA_0005678,1991,425.68,877.75,569.05,2.422611237,422.0083862,-120.5771,49.0979,557.2849,1695.586813,4.235586564,20.50667162,10.22083378,56.83472061,28.59169006,1.403541259,81.68117065,2.692325115,1.230152808,145.0151184,1015.351331,9,1.436759497045701
CA_0005678,1992,416.23,895.7,564.83,2.422611237,446.6022156,-120.5771,49.0979,557.2849,1695.586813,4.235586564,20.50667162,10.22083378,56.83472061,28.59169006,1.403541259,84.18682861,2.657829046,1.228796533,143.9749725,1018.148718,9,1.639294187601855
CA_0005678,1993,412.31,879.75,551.37,2.422611237,448.5785278,-120.5771,49.0979,557.2849,1695.586813,4.235586564,20.50667162,10.22083378,56.83472061,28.59169006,1.403541259,88.45487518,2.559114933,1.218817822,142.6483887,1015.886023,9,1.7631654048957714
CA_0005678,1994,403.95,883.62,560.6,2.422611237,447.0437195,-120.5771,49.0979,557.2849,1695.586813,4.235586564,20.50667162,10.22083378,56.83472061,28.59169006,1.403541259,89.09324951,2.707551479,1.213591309,142.9981201,1019.084802,9,1.6853757929683693
CA_0005678,1995,402.28,877.35,565.33,2.422611237,449.3417358,-120.5771,49.0979,557.2849,1695.586813,4.235586564,20.50667162,10.22083378,56.83472061,28.59169006,1.403541259,87.16006165,2.795144081,1.222594092,144.3089844,1038.402747,9,1.6930578275752135
CA_0005678,1996,403.38,918.87,564.47,2.422611237,443.6555664,-120.5771,49.0979,557.2849,1695.586813,4.235586564,20.50667162,10.22083378,56.83472061,28.59169006,1.403541259,88.26240692,2.697067738,1.221331665,143.9333466,1069.093054,9,1.5800380894366048
CA_0005678,1997,474.71,960.68,546.75,2.422611237,434.9071716,-120.5771,49.0979,557.2849,1695.586813,4.235586564,20.50667162,10.22083378,56.83472061,28.59169006,1.403541259,94.00969391,2.757664919,1.217072949,142.5487396,1103.795068,9,1.5350973864877637
CA_0005678,1998,479.17,1016.86,564.67,2.422611237,421.4501221,-120.5771,49.0979,557.2849,1695.586813,4.235586564,20.50667162,10.22083378,56.83472061,28.59169006,1.403541259,95.26152344,2.640442371,1.223280737,143.8054077,1154.73252,9,1.3039132344283355
CA_0005678,1999,549.93,1028.98,547.34,2.422611237,417.7812317,-120.5771,49.0979,557.2849,1695.586813,4.235586564,20.50667162,10.22083378,56.83472061,28.59169006,1.403541259,97.10821075,2.803734303,1.213055005,143.2892151,1226.434155,9,1.32945995949079
CA_0005678,2000,518.47,958.54,552.61,2.422611237,413.0135864,-120.5771,49.0979,557.2849,1695.586813,4.235586564,20.50667162,10.22083378,56.83472061,28.59169006,1.403541259,94.68973389,2.678580046,1.213023169,143.9625916,1301.762671,9,1.3411947144014764
CA_0005678,2001,445.74,912.33,564.86,2.422611237,428.4721008,-120.5771,49.0979,557.2849,1695.586813,4.235586564,20.50667162,10.22083378,56.83472061,28.59169006,1.403541259,89.56323242,2.764218092,1.221073926,144.6720764,1357.982959,9,1.4593693291324115
CA_0005678,2002,415.09,835.4,580.26,2.422611237,402.4493835,-120.5771,49.0979,557.2849,1695.586813,4.235586564,20.50667162,10.22083378,56.83472061,28.59169006,1.403541259,81.46543121,2.749176979,1.228762061,146.7971344,1417.121216,9,1.316585709833321
CA_0005678,2003,421.22,784.02,588.14,2.422611237,393.0844482,-120.5771,49.0979,557.2849,1695.586813,4.235586564,20.50667162,10.22083378,56.83472061,28.59169006,1.403541259,77.12981567,2.759732485,1.226575903,147.5398102,1461.259692,9,1.2996655939993822
CA_0005678,2004,376.56,774.91,600.45,2.422611237,411.1486389,-120.5771,49.0979,557.2849,1695.586813,4.235586564,20.50667162,10.22083378,56.83472061,28.59169006,1.403541259,76.55794373,2.681790113,1.260037012,147.5307129,1481.868994,9,1.4004984269581362
CA_0005678,2005,346.56,798.14,606.27,2.422611237,410.7380249,-120.5771,49.0979,557.2849,1695.586813,4.235586564,20.50667162,10.22083378,56.83472061,28.59169006,1.403541259,76.99230499,2.672849655,1.295121802,146.8619263,1490.789575,9,1.3480584001395781
CA_0005678,2006,396.15,844.99,607.04,2.422611237,395.3901245,-120.5771,49.0979,557.2849,1695.586813,4.235586564,20.50667162,10.22083378,56.83472061,28.59169006,1.403541259,77.4013382,2.753374338,1.272718091,147.5779388,1507.83208,9,1.1996510077163787
CA_0005678,2007,398.94,874.1,602.22,2.422611237,409.9723511,-120.5771,49.0979,557.2849,1695.586813,4.235586564,20.50667162,10.22083378,56.83472061,28.59169006,1.403541259,76.48738708,2.700000048,1.218858105,145.9150604,1535.937842,9,1.2622973988566675
CA_0005678,2008,433.55,870.22,592.06,2.422611237,427.0145813,-120.5771,49.0979,557.2849,1695.586813,4.235586564,20.50667162,10.22083378,56.83472061,28.59169006,1.403541259,77.21341705,2.716172695,1.174656689,145.6205536,1560.720386,9,1.4041700993485777
CA_0005678,2009,431.25,856.48,595.36,2.422611237,408.8827271,-120.5771,49.0979,557.2849,1695.586813,4.235586564,20.50667162,10.22083378,56.83472061,28.59169006,1.403541259,77.84656525,2.755349636,1.119527588,147.502533,1548.392139,9,1.2922166733440807
CA_0005678,2010,469.14,889.78,575.76,2.422611237,405.7992676,-120.5771,49.0979,557.2849,1695.586813,4.235586564,20.50667162,10.22083378,56.83472061,28.59169006,1.403541259,80.82889099,2.76888895,1.027787964,146.1302521,1555.609448,9,1.2900218326674053
CA_0005678,2011,517.61,850.14,559.67,2.422611237,399.1558105,-120.5771,49.0979,557.2849,1695.586813,4.235586564,20.50667162,10.22083378,56.83472061,28.59169006,1.403541259,81.39397278,2.782489777,0.998586084,144.2010742,1579.720117,9,1.3376769531163015
CA_0005678,2012,529.09,868.49,558.4,2.422611237,394.4054382,-120.5771,49.0979,557.2849,1695.586813,4.235586564,20.50667162,10.22083378,56.83472061,28.59169006,1.403541259,84.51691589,2.768703699,0.988550354,143.6683777,1576.069458,9,1.2895610914770195
CA_0005678,2013,522.07,862.71,555.44,2.422611237,393.1962952,-120.5771,49.0979,557.2849,1695.586813,4.235586564,20.50667162,10.22083378,56.83472061,28.59169006,1.403541259,87.82508392,2.627427816,1.008681628,142.4892822,1577.442578,9,1.2965564227558108
CA_0005679,1989,552.65,858.84,571.88,2.577291775,417.235321,-120.6729,49.0937,414.5017,1647.056045,3.866975155,26.25446841,11.97395802,54.28125,31.02197838,1.381187397,97.30005341,2.451653719,1.590754443,146.5199493,2518.625684,9,1.4153236618955862
CA_0005679,1990,594.39,944.52,563.29,2.577291775,430.3968811,-120.6729,49.0937,414.5017,1647.056045,3.866975155,26.25446841,11.97395802,54.28125,31.02197838,1.381187397,99.65656281,2.514257908,1.582359668,143.5060425,2554.961475,9,1.4427896562468767
CA_0005679,1991,671.69,923.2,564.39,2.577291775,434.9265686,-120.6729,49.0937,414.5017,1647.056045,3.866975155,26.25446841,11.97395802,54.28125,31.02197838,1.381187397,98.74734497,2.432487011,1.574330615,143.2667236,2558.277686,9,1.4996079092362478
CA_0005679,1992,660.35,945.05,561.06,2.577291775,455.6812683,-120.6729,49.0937,414.5017,1647.056045,3.866975155,26.25446841,11.97395802,54.28125,31.02197838,1.381187397,101.9548981,2.396132946,1.577714575,142.2594299,2552.624414,9,1.6762984073154157
CA_0005679,1993,639.22,916.34,548.36,2.577291775,455.5175232,-120.6729,49.0937,414.5017,1647.056045,3.866975155,26.25446841,11.97395802,54.28125,31.02197838,1.381187397,106.5253677,2.298502684,1.562732544,141.0900024,2530.881152,9,1.800957038096339
CA_0005679,1994,607.53,920.03,556.24,2.577291775,454.8893921,-120.6729,49.0937,414.5017,1647.056045,3.866975155,26.25446841,11.97395802,54.28125,31.02197838,1.381187397,106.4791168,2.453606606,1.552566602,141.3681793,2529.603906,9,1.7350780636377168
CA_0005679,1995,602.12,913.21,559.46,2.577291775,457.3209595,-120.6729,49.0937,414.5017,1647.056045,3.866975155,26.25446841,11.97395802,54.28125,31.02197838,1.381187397,104.9631546,2.550104141,1.564729321,142.7142456,2568.314795,9,1.7524517716484982
CA_0005679,1996,611.52,958.95,559.71,2.577291775,449.769397,-120.6729,49.0937,414.5017,1647.056045,3.866975155,26.25446841,11.97395802,54.28125,31.02197838,1.381187397,107.0142731,2.455898285,1.563722144,142.3364868,2651.239893,9,1.6067377601311952
CA_0005679,1997,731.2,1006.8,542.32,2.577291775,442.0684509,-120.6729,49.0937,414.5017,1647.056045,3.866975155,26.25446841,11.97395802,54.28125,31.02197838,1.381187397,113.2675262,2.514739513,1.551193066,140.9040405,2742.592383,9,1.57043048427313
CA_0005679,1998,743.57,1062.85,561.21,2.577291775,432.7443787,-120.6729,49.0937,414.5017,1647.056045,3.866975155,26.25446841,11.97395802,54.28125,31.02197838,1.381187397,113.4854172,2.375859261,1.556777075,142.2425598,2868.71792,9,1.3529346341852562
CA_0005679,1999,842.51,1079.17,545.56,2.577291775,429.6096985,-120.6729,49.0937,414.5017,1647.056045,3.866975155,26.25446841,11.97395802,54.28125,31.02197838,1.381187397,116.3847916,2.557968855,1.547887939,141.6776917,3012.331641,9,1.3791780114492143
CA_0005679,2000,820.01,1011.15,549.85,2.577291775,426.147821,-120.6729,49.0937,414.5017,1647.056045,3.866975155,26.25446841,11.97395802,54.28125,31.02197838,1.381187397,113.3741928,2.425013065,1.544087012,142.1924622,3131.01001,9,1.3958849668391276
CA_0005679,2001,660.86,959.38,559.79,2.577291775,441.3903137,-120.6729,49.0937,414.5017,1647.056045,3.866975155,26.25446841,11.97395802,54.28125,31.02197838,1.381187397,108.2234894,2.515351295,1.557118848,142.800531,3184.694482,9,1.5301692604269836
CA_0005679,2002,636.9,878.02,574.3,2.577291775,417.6859375,-120.6729,49.0937,414.5017,1647.056045,3.866975155,26.25446841,11.97395802,54.28125,31.02197838,1.381187397,99.58062439,2.488502502,1.567868994,144.8894623,3261.599609,9,1.3866115806369568
CA_0005679,2003,633.04,836.21,580.07,2.577291775,406.8834412,-120.6729,49.0937,414.5017,1647.056045,3.866975155,26.25446841,11.97395802,54.28125,31.02197838,1.381187397,95.21728973,2.514934778,1.569915283,145.4457916,3315.848975,9,1.3453507292178055
CA_0005679,2004,562.69,826.58,592.32,2.577291775,424.1884399,-120.6729,49.0937,414.5017,1647.056045,3.866975155,26.25446841,11.97395802,54.28125,31.02197838,1.381187397,94.00755157,2.430468559,1.587609595,145.5218536,3293.568115,9,1.442057986570695
CA_0005679,2005,512.46,845.91,597.87,2.577291775,423.9328125,-120.6729,49.0937,414.5017,1647.056045,3.866975155,26.25446841,11.97395802,54.28125,31.02197838,1.381187397,95.21596375,2.423007727,1.605973975,144.9974243,3281.385449,9,1.3960568758920053
CA_0005679,2006,574.3,891.69,599.47,2.577291775,409.6643799,-120.6729,49.0937,414.5017,1647.056045,3.866975155,26.25446841,11.97395802,54.28125,31.02197838,1.381187397,95.11440125,2.496796846,1.571257983,145.9192993,3309.210791,9,1.2492004420475136
CA_0005679,2007,538.74,924.44,593.77,2.577291775,424.3662537,-120.6729,49.0937,414.5017,1647.056045,3.866975155,26.25446841,11.97395802,54.28125,31.02197838,1.381187397,94.30945435,2.448554516,1.517530762,144.1597931,3311.87085,9,1.3193460628191187
CA_0005679,2008,517.74,917.21,582.97,2.577291775,440.8443787,-120.6729,49.0937,414.5017,1647.056045,3.866975155,26.25446841,11.97395802,54.28125,31.02197838,1.381187397,95.62979279,2.460885286,1.462599878,143.8426544,3317.69751,9,1.4786466575028208
CA_0005679,2009,514.01,900.39,585.23,2.577291775,422.3959412,-120.6729,49.0937,414.5017,1647.056045,3.866975155,26.25446841,11.97395802,54.28125,31.02197838,1.381187397,95.72270966,2.491601467,1.437130469,145.7563812,3325.336865,9,1.358033924911362
CA_0005679,2010,548.02,928.59,567.43,2.577291775,416.3500061,-120.6729,49.0937,414.5017,1647.056045,3.866975155,26.25446841,11.97395802,54.28125,31.02197838,1.381187397,97.80023499,2.507864475,1.371851855,144.3607819,3348.781396,9,1.3437267189482773
CA_0005679,2011,576.61,890.44,550.49,2.577291775,409.0787537,-120.6729,49.0937,414.5017,1647.056045,3.866975155,26.25446841,11.97395802,54.28125,31.02197838,1.381187397,97.95875092,2.526497364,1.350138086,142.1733856,3372.261963,9,1.3923256686378214
CA_0005679,2012,590.59,903.02,549.93,2.577291775,404.4787598,-120.6729,49.0937,414.5017,1647.056045,3.866975155,26.25446841,11.97395802,54.28125,31.02197838,1.381187397,100.5863037,2.503867149,1.340896436,141.7533325,3387.186621,9,1.3472394785531148
CA_0005679,2013,646.95,893.39,548.77,2.577291775,403.1475159,-120.6729,49.0937,414.5017,1647.056045,3.866975155,26.25446841,11.97395802,54.28125,31.02197838,1.381187397,103.0324234,2.363047123,1.366506519,140.6242676,3395.114209,9,1.352189498339276
CA_0005680,1989,740.41,849.34,545.41,3.413333416,424.9704224,-120.9812,49.4646,244.7828,1544.626062,2.966542225,24.85740736,10.85833359,53.16666794,32.36035919,1.013585717,118.0042679,2.317500114,1.586593433,143.7455353,1814.810864,9,1.602747377257232
CA_0005680,1990,815.2,922.64,538.31,3.413333416,435.2152222,-120.9812,49.4646,244.7828,1544.626062,2.966542225,24.85740736,10.85833359,53.16666794,32.36035919,1.013585717,120.509465,2.371566534,1.572703467,140.768335,1829.261206,9,1.6325924732587986
CA_0005680,1991,867.55,899.16,539.92,3.413333416,438.4120239,-120.9812,49.4646,244.7828,1544.626062,2.966542225,24.85740736,10.85833359,53.16666794,32.36035919,1.013585717,120.7330673,2.287100077,1.555022388,140.5214661,1807.688672,9,1.6909288591843217
CA_0005680,1992,893.68,930.68,535.74,3.413333416,454.5264221,-120.9812,49.4646,244.7828,1544.626062,2.966542225,24.85740736,10.85833359,53.16666794,32.36035919,1.013585717,126.7267365,2.234899998,1.556015137,139.475,1775.338818,9,1.860786932250207
CA_0005680,1993,873.78,894.96,524.17,3.413333416,450.9816162,-120.9812,49.4646,244.7828,1544.626062,2.966542225,24.85740736,10.85833359,53.16666794,32.36035919,1.013585717,131.9915344,2.140899897,1.547107886,138.4090668,1722.260547,9,1.9796657066584848
CA_0005680,1994,800.24,895.74,530.99,3.413333416,452.4671997,-120.9812,49.4646,244.7828,1544.626062,2.966542225,24.85740736,10.85833359,53.16666794,32.36035919,1.013585717,131.1671356,2.313566685,1.542005078,138.5751984,1692.157324,9,1.936473399778675
CA_0005680,1995,759.11,892.16,532.64,3.413333416,456.4543945,-120.9812,49.4646,244.7828,1544.626062,2.966542225,24.85740736,10.85833359,53.16666794,32.36035919,1.013585717,130.7790039,2.399800062,1.560735059,139.9039307,1703.744727,9,1.9867247387798546
CA_0005680,1996,701.19,934.91,533.46,3.413333416,450.9671936,-120.9812,49.4646,244.7828,1544.626062,2.966542225,24.85740736,10.85833359,53.16666794,32.36035919,1.013585717,132.835202,2.31556654,1.56819834,139.5640686,1780.869067,9,1.8259392202283797
CA_0005680,1997,803.98,983.98,517.13,3.413333416,440.5599915,-120.9812,49.4646,244.7828,1544.626062,2.966542225,24.85740736,10.85833359,53.16666794,32.36035919,1.013585717,138.3581345,2.37076664,1.552121655,138.1570679,1908.721729,9,1.7516427619582928
CA_0005680,1998,802.73,1029.75,536.05,3.413333416,437.7736023,-120.9812,49.4646,244.7828,1544.626062,2.966542225,24.85740736,10.85833359,53.16666794,32.36035919,1.013585717,137.1633347,2.218100071,1.56001665,139.5288025,2108.371729,9,1.539810243766024
CA_0005680,1999,929.88,1045.32,519.83,3.413333416,429.9904053,-120.9812,49.4646,244.7828,1544.626062,2.966542225,24.85740736,10.85833359,53.16666794,32.36035919,1.013585717,140.6617371,2.421533346,1.553322754,138.9835388,2268.6771,9,1.543360720699228
CA_0005680,2000,893.68,984.74,521.55,3.413333416,426.8760132,-120.9812,49.4646,244.7828,1544.626062,2.966542225,24.85740736,10.85833359,53.16666794,32.36035919,1.013585717,137.4116684,2.275266647,1.538212207,139.2932739,2412.63938,9,1.5682549185996097
CA_0005680,2001,827.66,932.05,528.74,3.413333416,437.5600159,-120.9812,49.4646,244.7828,1544.626062,2.966542225,24.85740736,10.85833359,53.16666794,32.36035919,1.013585717,132.7167343,2.377233267,1.545525,139.7649384,2475.394287,9,1.703963318273048
CA_0005680,2002,831.4,846.84,540.78,3.413333416,419.3144165,-120.9812,49.4646,244.7828,1544.626062,2.966542225,24.85740736,10.85833359,53.16666794,32.36035919,1.013585717,122.9035995,2.335533381,1.559077832,141.7506073,2522.926855,9,1.5760058204098857
CA_0005680,2003,843.87,815.41,544.09,3.413333416,407.9456116,-120.9812,49.4646,244.7828,1544.626062,2.966542225,24.85740736,10.85833359,53.16666794,32.36035919,1.013585717,116.7523346,2.376266718,1.555323413,142.1626068,2590.158154,9,1.5071758176281869
CA_0005680,2004,774.94,812.41,557.74,3.413333416,425.3320129,-120.9812,49.4646,244.7828,1544.626062,2.966542225,24.85740736,10.85833359,53.16666794,32.36035919,1.013585717,115.7034668,2.281699896,1.537997339,142.2458038,2481.333691,9,1.607972989737079
CA_0005680,2005,741.66,828.28,563.88,3.413333416,426.1824097,-120.9812,49.4646,244.7828,1544.626062,2.966542225,24.85740736,10.85833359,53.16666794,32.36035919,1.013585717,116.9143356,2.286433458,1.54764895,141.918335,2369.23728,9,1.5618905419415545
CA_0005680,2006,797.75,864.78,567.51,3.413333416,415.478418,-120.9812,49.4646,244.7828,1544.626062,2.966542225,24.85740736,10.85833359,53.16666794,32.36035919,1.013585717,114.5145355,2.35073328,1.522606152,143.073999,2310.78042,9,1.4099373673647981
CA_0005680,2007,766.59,898.1,562.36,3.413333416,427.7408203,-120.9812,49.4646,244.7828,1544.626062,2.966542225,24.85740736,10.85833359,53.16666794,32.36035919,1.013585717,113.5102707,2.308733463,1.462511694,141.3419312,2204.352271,9,1.4813984161100398
CA_0005680,2008,783.69,888.97,551.83,3.413333416,441.2232178,-120.9812,49.4646,244.7828,1544.626062,2.966542225,24.85740736,10.85833359,53.16666794,32.36035919,1.013585717,117.1703354,2.316366434,1.417997241,141.0415283,2027.712915,9,1.6664780325768938
CA_0005680,2009,739.16,866.57,552.83,3.413333416,424.2984131,-120.9812,49.4646,244.7828,1544.626062,2.966542225,24.85740736,10.85833359,53.16666794,32.36035919,1.013585717,116.0428024,2.340966702,1.431508325,143.0329956,1969.017017,9,1.535827672747496
CA_0005680,2010,757.86,886.02,537.36,3.413333416,414.7504089,-120.9812,49.4646,244.7828,1544.626062,2.966542225,24.85740736,10.85833359,53.16666794,32.36035919,1.013585717,117.3220016,2.348266363,1.388820557,141.6654602,1894.429077,9,1.4960662091389823
CA_0005680,2011,786.53,856.27,520.65,3.413333416,407.9976013,-120.9812,49.4646,244.7828,1544.626062,2.966542225,24.85740736,10.85833359,53.16666794,32.36035919,1.013585717,118.4975342,2.385033369,1.364099487,139.2790619,1806.008105,9,1.5555422615277577
CA_0005768,1989,109.37,505.35,636.72,3.318333483,426.586676,-120.0104,49.7146,35.6388,1403.143854,4.713604689,12.33489745,12.375,53.375,28.5,-0.19891946,60.0577774,2.562083244,1.847200024,148.2027802,1483.084741,9,2.586752191270023
CA_0005768,1990,118.49,550.96,625.18,3.318333483,444.5766846,-120.0104,49.7146,35.6388,1403.143854,4.713604689,12.33489745,12.375,53.375,28.5,-0.19891946,61.16972198,2.622360945,1.854145825,145.5666687,1491.734497,9,2.5420258601907535
CA_0005768,1991,136.72,538.89,627.88,3.318333483,444.1200195,-120.0104,49.7146,35.6388,1403.143854,4.713604689,12.33489745,12.375,53.375,28.5,-0.19891946,59.5077774,2.547360897,1.851320825,145.1783325,1467.798975,9,2.643910770043234
CA_0005768,1992,137.09,571.66,622.0,3.318333483,463.9900146,-120.0104,49.7146,35.6388,1403.143854,4.713604689,12.33489745,12.375,53.375,28.5,-0.19891946,60.74833374,2.456944466,1.850229126,143.8033356,1434.070825,9,2.7904416526863582
CA_0005768,1993,154.95,564.67,602.84,3.318333483,464.7533447,-120.0104,49.7146,35.6388,1403.143854,4.713604689,12.33489745,12.375,53.375,28.5,-0.19891946,65.00861053,2.342221975,1.839562451,142.105835,1380.989453,9,3.069727957215722
CA_0005768,1994,154.95,565.57,610.78,3.318333483,451.6433411,-120.0104,49.7146,35.6388,1403.143854,4.713604689,12.33489745,12.375,53.375,28.5,-0.19891946,65.67333374,2.550833225,1.840524951,142.2658356,1348.355322,9,2.6513068502480306
CA_0005768,1995,154.95,569.58,613.49,3.318333483,448.1599976,-120.0104,49.7146,35.6388,1403.143854,4.713604689,12.33489745,12.375,53.375,28.5,-0.19891946,63.50222321,2.583055496,1.838499976,143.4505615,1352.888306,9,2.5191878198494724
CA_0005768,1996,155.37,599.08,611.03,3.318333483,439.419989,-120.0104,49.7146,35.6388,1403.143854,4.713604689,12.33489745,12.375,53.375,28.5,-0.19891946,63.10611267,2.501388788,1.832008325,143.1547333,1418.969775,9,2.16805489042653
CA_0005768,1997,182.29,621.46,588.6,3.318333483,445.4333191,-120.0104,49.7146,35.6388,1403.143854,4.713604689,12.33489745,12.375,53.375,28.5,-0.19891946,69.71333542,2.574166775,1.826966675,142.0144531,1538.63208,9,2.272435857609581
CA_0005768,1998,173.17,635.86,612.84,3.318333483,437.3099854,-120.0104,49.7146,35.6388,1403.143854,4.713604689,12.33489745,12.375,53.375,28.5,-0.19891946,70.33722458,2.440555573,1.830183325,143.1025085,1732.124561,9,1.9494104269046195
CA_0005768,1999,182.29,635.62,599.34,3.318333483,441.9999939,-120.0104,49.7146,35.6388,1403.143854,4.713604689,12.33489745,12.375,53.375,28.5,-0.19891946,72.23805695,2.658611059,1.8255875,142.8713959,1892.254468,9,2.0814795978326632
CA_0005768,2000,173.65,595.65,603.97,3.318333483,433.5400085,-120.0104,49.7146,35.6388,1403.143854,4.713604689,12.33489745,12.375,53.375,28.5,-0.19891946,71.55944366,2.493333578,1.821187476,143.3780609,1955.623877,9,2.135695077157023
CA_0005768,2001,136.72,560.66,615.33,3.318333483,439.0500061,-120.0104,49.7146,35.6388,1403.143854,4.713604689,12.33489745,12.375,53.375,28.5,-0.19891946,67.54777756,2.610138893,1.823958301,144.0650024,1933.563477,9,2.4031882988758975
CA_0005768,2002,118.49,504.85,633.16,3.318333483,404.5033447,-120.0104,49.7146,35.6388,1403.143854,4.713604689,12.33489745,12.375,53.375,28.5,-0.19891946,60.00722122,2.589027643,1.827624951,146.0136169,1900.377881,9,2.1584574683814437
CA_0005768,2003,109.37,472.83,638.59,3.318333483,385.0566833,-120.0104,49.7146,35.6388,1403.143854,4.713604689,12.33489745,12.375,53.375,28.5,-0.19891946,54.38611069,2.589444399,1.816937451,146.9658386,1730.81001,9,2.084995769819948
CA_0005768,2004,100.53,490.14,648.6,3.318333483,401.5233521,-120.0104,49.7146,35.6388,1403.143854,4.713604689,12.33489745,12.375,53.375,28.5,-0.19891946,52.25777817,2.489027739,1.857058276,146.5397278,1477.947339,9,2.1765501438811907
CA_0005768,2005,100.26,500.66,656.21,3.318333483,405.8500061,-120.0104,49.7146,35.6388,1403.143854,4.713604689,12.33489745,12.375,53.375,28.5,-0.19891946,53.60750198,2.51236105,1.884387451,146.0355591,1293.340613,9,2.126023490634078
CA_0005768,2006,109.37,518.32,659.34,3.318333483,398.3566772,-120.0104,49.7146,35.6388,1403.143854,4.713604689,12.33489745,12.375,53.375,28.5,-0.19891946,55.97361221,2.600138903,1.898833276,146.7563934,1160.603137,9,1.872737918271977
CA_0005768,2007,109.37,529.57,656.92,3.318333483,413.9033386,-120.0104,49.7146,35.6388,1403.143854,4.713604689,12.33489745,12.375,53.375,28.5,-0.19891946,56.13444595,2.5959723,1.919033301,145.5661133,983.7520996,9,2.023631721125239
CA_0005768,2008,118.81,531.81,641.1,3.318333483,424.1866699,-120.0104,49.7146,35.6388,1403.143854,4.713604689,12.33489745,12.375,53.375,28.5,-0.19891946,55.86972351,2.58375001,1.917899976,145.3280548,893.1787842,9,2.236931336983876
CA_0005768,2009,109.37,497.64,644.64,3.318333483,400.1466614,-120.0104,49.7146,35.6388,1403.143854,4.713604689,12.33489745,12.375,53.375,28.5,-0.19891946,56.08722458,2.607222319,1.888975,147.5108307,877.7214111,9,2.0999203004112044
CA_0005768,2010,109.37,505.62,629.47,3.318333483,397.5266663,-120.0104,49.7146,35.6388,1403.143854,4.713604689,12.33489745,12.375,53.375,28.5,-0.19891946,56.97333603,2.580833197,1.833366675,146.2883301,870.8817017,9,2.05156770306879
CA_0005768,2011,118.49,486.47,611.39,3.318333483,386.9899963,-120.0104,49.7146,35.6388,1403.143854,4.713604689,12.33489745,12.375,53.375,28.5,-0.19891946,56.12916946,2.692499876,1.83389585,144.6611084,879.5392944,9,2.1039661180080342
CA_0005768,2012,118.81,491.2,608.36,3.318333483,384.3366699,-120.0104,49.7146,35.6388,1403.143854,4.713604689,12.33489745,12.375,53.375,28.5,-0.19891946,56.5205574,2.611944437,1.806445825,144.2469421,921.8013184,9,2.034209610155208
CA_0005768,2013,127.6,497.39,610.0,3.318333483,393.1966736,-120.0104,49.7146,35.6388,1403.143854,4.713604689,12.33489745,12.375,53.375,28.5,-0.19891946,58.58361359,2.459166765,1.828749976,143.0311096,964.1907471,9,2.1253904053839934
CA_0005768,2014,136.72,514.74,603.55,3.318333483,396.5500122,-120.0104,49.7146,35.6388,1403.143854,4.713604689,12.33489745,12.375,53.375,28.5,-0.19891946,57.15805817,2.512500048,1.869120776,140.901947,1011.731689,9,2.0759188536780013
CA_0005772,1989,231.73,634.05,611.49,3.586666727,454.3450195,-119.6687,50.0729,32.3586,1505.351979,2.127709866,7.894708869,17.08333397,44.41666794,34.56521606,2.83128,67.04666748,2.549166679,1.600208374,147.6279144,142.7692139,9,2.2018989932040034
CA_0005772,1990,241.81,677.04,602.55,3.586666727,472.4800232,-119.6687,50.0729,32.3586,1505.351979,2.127709866,7.894708869,17.08333397,44.41666794,34.56521606,2.83128,65.36666718,2.607916594,1.615136133,145.1479156,144.2483521,9,2.3298245636321218
CA_0005772,1991,261.96,654.35,607.0,3.586666727,468.0300232,-119.6687,50.0729,32.3586,1505.351979,2.127709866,7.894708869,17.08333397,44.41666794,34.56521606,2.83128,60.33375244,2.540416718,1.613919434,144.8033295,143.1938568,9,2.342479374908531
CA_0005772,1992,252.58,700.47,601.55,3.586666727,495.2650208,-119.6687,50.0729,32.3586,1505.351979,2.127709866,7.894708869,17.08333397,44.41666794,34.56521606,2.83128,61.72291946,2.444791555,1.608133301,143.5054169,141.5119202,9,2.636029869666119
CA_0005772,1993,231.73,683.7,583.86,3.586666727,487.3800171,-119.6687,50.0729,32.3586,1505.351979,2.127709866,7.894708869,17.08333397,44.41666794,34.56521606,2.83128,65.21416855,2.323333263,1.601530518,141.9270844,137.7474121,9,2.7614123883001134
CA_0005772,1994,191.43,687.78,591.03,3.586666727,469.6700134,-119.6687,50.0729,32.3586,1505.351979,2.127709866,7.894708869,17.08333397,44.41666794,34.56521606,2.83128,65.41416931,2.539374828,1.611141626,141.9170837,135.4309387,9,2.318126635679474
CA_0005776,1989,114.49,748.9,657.47,5.626666737,489.5866943,-119.0812,50.2604,60.6398,1158.667524,4.739933372,10.89094369,11.70833302,51.79166794,34.04166794,1.668963671,72.80291519,2.233819246,2.169052734,148.9334717,8622.795898,9,1.948008308538998
CA_0005776,1990,135.3,784.99,649.31,5.626666737,511.3383545,-119.0812,50.2604,60.6398,1158.667524,4.739933372,10.89094369,11.70833302,51.79166794,34.04166794,1.668963671,72.79805374,2.278194427,2.180897266,146.6879181,8687.463672,9,2.1380176172776832
CA_0005776,1991,130.1,756.62,649.99,5.626666737,506.636676,-119.0812,50.2604,60.6398,1158.667524,4.739933372,10.89094369,11.70833302,51.79166794,34.04166794,1.668963671,69.28222122,2.252847195,2.168250098,146.4452789,8718.508594,9,2.1737380792267587
CA_0005776,1992,130.46,803.72,645.9,5.626666737,530.0366882,-119.0812,50.2604,60.6398,1158.667524,4.739933372,10.89094369,11.70833302,51.79166794,34.04166794,1.668963671,69.53694458,2.170138836,2.175444531,145.424588,8755.929688,9,2.365481152076082
CA_0005776,1993,130.1,777.3,629.43,5.626666737,520.9983459,-119.0812,50.2604,60.6398,1158.667524,4.739933372,10.89094369,11.70833302,51.79166794,34.04166794,1.668963671,70.5081955,2.045277357,2.173316699,144.1465302,8693.549219,9,2.466745650140451
CA_0005776,1994,124.9,783.65,640.98,5.626666737,506.1816772,-119.0812,50.2604,60.6398,1158.667524,4.739933372,10.89094369,11.70833302,51.79166794,34.04166794,1.668963671,69.22513885,2.238541842,2.191525,143.9299988,8628.871094,9,2.126679720384014
CA_0005776,1995,109.28,801.51,643.08,5.626666737,501.2866699,-119.0812,50.2604,60.6398,1158.667524,4.739933372,10.89094369,11.70833302,51.79166794,34.04166794,1.668963671,67.63305511,2.248124838,2.187377783,144.8744415,8673.261719,9,1.9964026550336849
CA_0005776,1996,120.02,866.67,640.13,5.626666737,488.1633362,-119.0812,50.2604,60.6398,1158.667524,4.739933372,10.89094369,11.70833302,51.79166794,34.04166794,1.668963671,71.00958252,2.218888998,2.190472217,144.7205536,8832.02207,9,1.7199806345944302
CA_0005776,1997,130.1,900.1,617.27,5.626666737,488.8500061,-119.0812,50.2604,60.6398,1158.667524,4.739933372,10.89094369,11.70833302,51.79166794,34.04166794,1.668963671,80.10388641,2.252638817,2.190338867,143.3237457,8962.45918,9,1.7732820561163258
CA_0005776,1998,140.51,929.55,643.2,5.626666737,485.0433411,-119.0812,50.2604,60.6398,1158.667524,4.739933372,10.89094369,11.70833302,51.79166794,34.04166794,1.668963671,81.7063858,2.13506937,2.196280615,144.2745819,9015.693164,9,1.5753216673673351
CA_0005776,1999,140.51,923.68,629.77,5.626666737,488.8900085,-119.0812,50.2604,60.6398,1158.667524,4.739933372,10.89094369,11.70833302,51.79166794,34.04166794,1.668963671,83.61624756,2.312638998,2.159197314,143.873056,9070.830469,9,1.6719514701009766
CA_0005776,2000,156.55,864.96,630.56,5.626666737,480.1900146,-119.0812,50.2604,60.6398,1158.667524,4.739933372,10.89094369,11.70833302,51.79166794,34.04166794,1.668963671,82.35319366,2.203819275,2.157441699,144.2123596,9110.757617,9,1.6923478761493875
CA_0005776,2001,124.9,794.14,642.57,5.626666737,488.9850159,-119.0812,50.2604,60.6398,1158.667524,4.739933372,10.89094369,11.70833302,51.79166794,34.04166794,1.668963671,78.11027756,2.328472137,2.168833398,144.5922211,9061.533203,9,1.8806865868918567
CA_0005776,2002,130.1,720.9,654.91,5.626666737,454.6200134,-119.0812,50.2604,60.6398,1158.667524,4.739933372,10.89094369,11.70833302,51.79166794,34.04166794,1.668963671,69.37389069,2.259027719,2.166069531,146.4173615,9115.42832,9,1.6860922744048026
CA_0005776,2003,124.9,682.65,653.34,5.626666737,426.0983398,-119.0812,50.2604,60.6398,1158.667524,4.739933372,10.89094369,11.70833302,51.79166794,34.04166794,1.668963671,64.02736435,2.282708406,2.149388965,147.1597229,9284.645117,9,1.5437636635597747
CA_0005776,2004,114.8,709.48,661.34,5.626666737,443.6950134,-119.0812,50.2604,60.6398,1158.667524,4.739933372,10.89094369,11.70833302,51.79166794,34.04166794,1.668963671,63.78194809,2.157500029,2.197125098,146.6827789,9410.883984,9,1.5997820231654971
CA_0005776,2005,109.28,731.75,669.73,5.626666737,451.4516785,-119.0812,50.2604,60.6398,1158.667524,4.739933372,10.89094369,11.70833302,51.79166794,34.04166794,1.668963671,67.35000229,2.222707987,2.221197314,146.2923645,9578.749219,9,1.5856591128111972
CA_0005776,2006,124.9,763.55,671.67,5.626666737,447.1416809,-119.0812,50.2604,60.6398,1158.667524,4.739933372,10.89094369,11.70833302,51.79166794,34.04166794,1.668963671,67.19625244,2.274861097,2.281580664,147.1236145,9725.237109,9,1.4812154536008137
CA_0005776,2007,119.69,771.86,677.4,5.626666737,457.9850159,-119.0812,50.2604,60.6398,1158.667524,4.739933372,10.89094369,11.70833302,51.79166794,34.04166794,1.668963671,65.67680817,2.298750162,2.329708398,146.2950043,9908.318164,9,1.528623511974366
CA_0005776,2008,135.67,761.41,665.53,5.626666737,470.2500183,-119.0812,50.2604,60.6398,1158.667524,4.739933372,10.89094369,11.70833302,51.79166794,34.04166794,1.668963671,67.54416733,2.290972471,2.348844434,146.0018066,10007.67129,9,1.6873063049887669
CA_0005776,2009,140.51,710.34,666.93,5.626666737,440.9000122,-119.0812,50.2604,60.6398,1158.667524,4.739933372,10.89094369,11.70833302,51.79166794,34.04166794,1.668963671,67.22166824,2.316319466,2.341077686,148.1877808,10084.90684,9,1.55895932199326
CA_0005776,2010,124.9,713.11,657.04,5.626666737,440.9650085,-119.0812,50.2604,60.6398,1158.667524,4.739933372,10.89094369,11.70833302,51.79166794,34.04166794,1.668963671,67.7384758,2.248680353,2.325805518,147.1013947,10092.66191,9,1.581082712430295
CA_0005776,2011,119.69,683.21,639.38,5.626666737,426.0250061,-119.0812,50.2604,60.6398,1158.667524,4.739933372,10.89094369,11.70833302,51.79166794,34.04166794,1.668963671,68.08680801,2.353610992,2.290730469,145.3316681,10220.65957,9,1.5815026848721896
CA_0005800,1989,169.81,581.85,634.34,4.133333445,431.5412598,-119.3187,49.2479,118.6784,1682.466214,3.02756283,18.57923022,22.83749962,37.23749924,38.30070114,1.31712035,70.22177124,2.87854147,1.786815796,153.018338,855.7249634,9,2.0378418243143646
CA_0005800,1990,202.15,638.53,622.35,4.133333445,450.3062622,-119.3187,49.2479,118.6784,1682.466214,3.02756283,18.57923022,22.83749962,37.23749924,38.30070114,1.31712035,70.46947937,2.918489456,1.789774121,150.4122955,863.0513062,9,2.0614779168334074
CA_0005800,1991,210.24,627.35,622.44,4.133333445,448.3100098,-119.3187,49.2479,118.6784,1682.466214,3.02756283,18.57923022,22.83749962,37.23749924,38.30070114,1.31712035,66.68729095,2.872916698,1.780248291,150.0836487,851.6272095,9,2.087322242178908
CA_0005800,1992,208.11,651.67,614.04,4.133333445,473.0087646,-119.3187,49.2479,118.6784,1682.466214,3.02756283,18.57923022,22.83749962,37.23749924,38.30070114,1.31712035,68.48208313,2.799531221,1.764389966,149.0323975,834.8359131,9,2.3932338370214237
CA_0005800,1993,237.19,655.68,591.15,4.133333445,475.1750122,-119.3187,49.2479,118.6784,1682.466214,3.02756283,18.57923022,22.83749962,37.23749924,38.30070114,1.31712035,74.20718842,2.698541641,1.741724097,147.4185425,807.4239136,9,2.5988627048212947
CA_0005800,1994,250.67,658.27,602.14,4.133333445,464.9012573,-119.3187,49.2479,118.6784,1682.466214,3.02756283,18.57923022,22.83749962,37.23749924,38.30070114,1.31712035,75.38489838,2.890312195,1.742038257,147.6181305,790.2593262,9,2.303238201995608
CA_0005800,1995,237.19,661.88,603.17,4.133333445,463.336261,-119.3187,49.2479,118.6784,1682.466214,3.02756283,18.57923022,22.83749962,37.23749924,38.30070114,1.31712035,73.34906616,2.913749933,1.736904956,148.6670868,795.1479614,9,2.2522026126792722
CA_0005800,1996,251.36,701.79,602.35,4.133333445,459.442511,-119.3187,49.2479,118.6784,1682.466214,3.02756283,18.57923022,22.83749962,37.23749924,38.30070114,1.31712035,73.27219086,2.845104218,1.730469995,148.4234436,833.0210693,9,2.0307852380616644
CA_0005800,1997,301.88,729.77,578.77,4.133333445,453.9650085,-119.3187,49.2479,118.6784,1682.466214,3.02756283,18.57923022,22.83749962,37.23749924,38.30070114,1.31712035,79.50354462,2.891145706,1.73831167,147.0804199,889.5047974,9,2.0065796869146886
CA_0005800,1998,309.97,759.39,603.14,4.133333445,445.5437561,-119.3187,49.2479,118.6784,1682.466214,3.02756283,18.57923022,22.83749962,37.23749924,38.30070114,1.31712035,79.7572937,2.782760382,1.740650024,147.9453125,983.6436035,9,1.703876539604026
CA_0005800,1999,345.01,754.74,585.74,4.133333445,444.1287598,-119.3187,49.2479,118.6784,1682.466214,3.02756283,18.57923022,22.83749962,37.23749924,38.30070114,1.31712035,80.34677277,2.978020668,1.73156333,147.6108276,1092.214001,9,1.7803639677410168
CA_0005800,2000,337.85,703.34,594.64,4.133333445,430.3750061,-119.3187,49.2479,118.6784,1682.466214,3.02756283,18.57923022,22.83749962,37.23749924,38.30070114,1.31712035,78.73489761,2.84593749,1.727454126,148.4362457,1184.462463,9,1.727791116972233
CA_0005800,2001,291.1,655.93,605.93,4.133333445,438.0250122,-119.3187,49.2479,118.6784,1682.466214,3.02756283,18.57923022,22.83749962,37.23749924,38.30070114,1.31712035,75.2726059,2.948541641,1.734364941,149.1224945,1216.522974,9,1.9114310442636309
CA_0005800,2002,256.06,593.39,622.56,4.133333445,402.936261,-119.3187,49.2479,118.6784,1682.466214,3.02756283,18.57923022,22.83749962,37.23749924,38.30070114,1.31712035,66.11500168,2.917135239,1.743081616,151.1818756,1230.199146,9,1.6882076285634362
CA_0005800,2003,223.72,543.17,627.98,4.133333445,382.9975098,-119.3187,49.2479,118.6784,1682.466214,3.02756283,18.57923022,22.83749962,37.23749924,38.30070114,1.31712035,59.30479355,2.916301966,1.738519946,152.3573975,1270.682642,9,1.6599158182715137
CA_0005800,2004,183.79,559.83,638.42,4.133333445,403.7787537,-119.3187,49.2479,118.6784,1682.466214,3.02756283,18.57923022,22.83749962,37.23749924,38.30070114,1.31712035,58.36135483,2.785885572,1.724520776,151.872818,1226.345728,9,1.7836620715009721
CA_0005800,2005,188.68,578.86,643.2,4.133333445,413.6250061,-119.3187,49.2479,118.6784,1682.466214,3.02756283,18.57923022,22.83749962,37.23749924,38.30070114,1.31712035,60.32968903,2.8203125,1.71914668,151.0554199,1187.187524,9,1.7942736865618805
CA_0005800,2006,215.63,615.42,646.82,4.133333445,409.8162598,-119.3187,49.2479,118.6784,1682.466214,3.02756283,18.57923022,22.83749962,37.23749924,38.30070114,1.31712035,61.99406433,2.907031298,1.707077539,151.405835,1203.865356,9,1.608305190059839
CA_0005800,2007,202.15,627.18,647.85,4.133333445,430.2337585,-119.3187,49.2479,118.6784,1682.466214,3.02756283,18.57923022,22.83749962,37.23749924,38.30070114,1.31712035,62.42354431,2.90510416,1.707104199,150.4634369,1202.955078,9,1.7642456772064792
CA_0005800,2008,205.41,623.3,635.08,4.133333445,443.0337646,-119.3187,49.2479,118.6784,1682.466214,3.02756283,18.57923022,22.83749962,37.23749924,38.30070114,1.31712035,61.86729355,2.903906345,1.717036694,150.3866638,1158.807495,9,1.9767107280258802
CA_0005800,2009,188.68,593.71,635.62,4.133333445,418.0537659,-119.3187,49.2479,118.6784,1682.466214,3.02756283,18.57923022,22.83749962,37.23749924,38.30070114,1.31712035,61.29427414,2.94026041,1.75301084,152.3718719,1122.458557,9,1.8058404986370167
CA_0005800,2010,199.46,616.46,618.61,4.133333445,416.5437622,-119.3187,49.2479,118.6784,1682.466214,3.02756283,18.57923022,22.83749962,37.23749924,38.30070114,1.31712035,62.35229416,2.891718626,1.751221655,151.0941681,1055.900427,9,1.7604183349209728
CA_0005800,2011,218.33,587.16,603.28,4.133333445,400.3637573,-119.3187,49.2479,118.6784,1682.466214,3.02756283,18.57923022,22.83749962,37.23749924,38.30070114,1.31712035,60.52635651,2.985937119,1.78879248,149.7753143,962.7615356,9,1.7490223214607266
CA_0005800,2012,254.06,604.35,599.59,4.133333445,400.8175049,-119.3187,49.2479,118.6784,1682.466214,3.02756283,18.57923022,22.83749962,37.23749924,38.30070114,1.31712035,62.28145981,2.954791546,1.788937476,148.8273987,902.482312,9,1.7044033533431655
CA_0005800,2013,256.06,616.58,596.17,4.133333445,409.1337524,-119.3187,49.2479,118.6784,1682.466214,3.02756283,18.57923022,22.83749962,37.23749924,38.30070114,1.31712035,65.65833435,2.805104256,1.838208374,147.6115662,836.099353,9,1.7634411631330305
CA_0005800,2014,266.84,642.74,594.02,4.133333445,417.1775085,-119.3187,49.2479,118.6784,1682.466214,3.02756283,18.57923022,22.83749962,37.23749924,38.30070114,1.31712035,65.39895782,2.885781288,1.888243433,145.8093811,818.9474976,9,1.7707597231264216
CA_0005802,1989,30.99,458.05,658.29,5.418333626,412.6025085,-119.8521,49.7937,38.4768,1317.391193,2.421459146,20.15043117,13.0,52.58333206,32.69565201,2.704423547,52.37979431,2.506978989,2.167763916,149.012088,7946.439453,9,2.882766600992625
CA_0005802,1990,38.74,499.44,645.84,5.418333626,429.8225098,-119.8521,49.7937,38.4768,1317.391193,2.421459146,20.15043117,13.0,52.58333206,32.69565201,2.704423547,53.64312744,2.568541527,2.175102783,146.402713,8059.320508,9,2.6993449167017314
CA_0005802,1991,38.74,487.44,648.01,5.418333626,428.4725098,-119.8521,49.7937,38.4768,1317.391193,2.421459146,20.15043117,13.0,52.58333206,32.69565201,2.704423547,52.98771057,2.493854046,2.172227783,146.0220856,8080.161719,9,2.8503089549921072
CA_0005802,1992,38.85,517.8,642.44,5.418333626,447.0975037,-119.8521,49.7937,38.4768,1317.391193,2.421459146,20.15043117,13.0,52.58333206,32.69565201,2.704423547,53.78437805,2.402187347,2.165463818,144.6616669,8072.755957,9,2.912508436287052
CA_0005802,1993,46.49,511.36,623.14,5.418333626,451.3099976,-119.8521,49.7937,38.4768,1317.391193,2.421459146,20.15043117,13.0,52.58333206,32.69565201,2.704423547,57.57708588,2.286458015,2.148344336,142.9677094,8018.801758,9,3.336362708972261
CA_0005802,1994,46.49,512.29,631.95,5.418333626,438.2449951,-119.8521,49.7937,38.4768,1317.391193,2.421459146,20.15043117,13.0,52.58333206,32.69565201,2.704423547,58.18271027,2.497083187,2.156461035,143.1035431,8040.761914,9,2.820440650318229
CA_0005802,1995,54.24,516.18,635.35,5.418333626,433.3324951,-119.8521,49.7937,38.4768,1317.391193,2.421459146,20.15043117,13.0,52.58333206,32.69565201,2.704423547,55.85333557,2.526354074,2.148399951,144.2768768,8175.825488,9,2.616969674890377
CA_0005802,1996,62.16,543.42,632.21,5.418333626,425.5524902,-119.8521,49.7937,38.4768,1317.391193,2.421459146,20.15043117,13.0,52.58333206,32.69565201,2.704423547,54.99500122,2.44770813,2.138877734,143.9906281,8442.922656,9,2.2083859671765227
CA_0005802,1997,92.98,563.16,609.34,5.418333626,437.7924927,-119.8521,49.7937,38.4768,1317.391193,2.421459146,20.15043117,13.0,52.58333206,32.69565201,2.704423547,60.80937347,2.519062519,2.139561133,142.836673,8814.907129,9,2.3953832582264964
CA_0005802,1998,92.98,574.94,634.56,5.418333626,428.3049988,-119.8521,49.7937,38.4768,1317.391193,2.421459146,20.15043117,13.0,52.58333206,32.69565201,2.704423547,61.45749969,2.383749962,2.148386133,143.9043793,9201.050781,9,2.0309270768691543
CA_0005802,1999,108.48,574.8,622.5,5.418333626,434.7324951,-119.8521,49.7937,38.4768,1317.391193,2.421459146,20.15043117,13.0,52.58333206,32.69565201,2.704423547,63.83770905,2.603437424,2.131613867,143.6710449,9502.154688,9,2.183695238032419
CA_0005802,2000,101.01,538.35,626.74,5.418333626,426.2049988,-119.8521,49.7937,38.4768,1317.391193,2.421459146,20.15043117,13.0,52.58333206,32.69565201,2.704423547,64.00916672,2.440416574,2.13129165,144.1797943,9680.336719,9,2.2874268805751283
CA_0005802,2001,85.23,506.79,639.59,5.418333626,426.5025024,-119.8521,49.7937,38.4768,1317.391193,2.421459146,20.15043117,13.0,52.58333206,32.69565201,2.704423547,59.91020966,2.55822897,2.134811133,144.8531281,9723.438672,9,2.5499569869420413
CA_0005802,2002,54.24,455.99,657.63,5.418333626,390.3200073,-119.8521,49.7937,38.4768,1317.391193,2.421459146,20.15043117,13.0,52.58333206,32.69565201,2.704423547,53.90271149,2.533750057,2.135988867,146.7995819,9811.166797,9,2.302068243084946
CA_0005802,2003,46.49,426.45,662.72,5.418333626,371.5100037,-119.8521,49.7937,38.4768,1317.391193,2.421459146,20.15043117,13.0,52.58333206,32.69565201,2.704423547,49.07937698,2.535416603,2.132186133,147.7620819,9844.600781,9,2.2699380304703096
CA_0005802,2004,31.08,442.81,671.12,5.418333626,385.4825134,-119.8521,49.7937,38.4768,1317.391193,2.421459146,20.15043117,13.0,52.58333206,32.69565201,2.704423547,46.51104355,2.430937529,2.154213965,147.3102081,9832.705078,9,2.3248548629770642
CA_0005802,2005,30.99,452.18,679.2,5.418333626,389.5325134,-119.8521,49.7937,38.4768,1317.391193,2.421459146,20.15043117,13.0,52.58333206,32.69565201,2.704423547,47.46270981,2.457499981,2.162938965,146.7997925,9927.238086,9,2.254459608473686
CA_0005802,2006,38.74,467.69,680.96,5.418333626,385.1825195,-119.8521,49.7937,38.4768,1317.391193,2.421459146,20.15043117,13.0,52.58333206,32.69565201,2.704423547,50.58854218,2.545416355,2.157977783,147.5087494,10096.79355,9,1.9944266073574453
CA_0005802,2007,38.74,477.6,679.67,5.418333626,399.3950195,-119.8521,49.7937,38.4768,1317.391193,2.421459146,20.15043117,13.0,52.58333206,32.69565201,2.704423547,50.73979187,2.545937538,2.168908398,146.3581268,10165.25801,9,2.148811499329523
CA_0005802,2008,46.62,480.17,663.89,5.418333626,407.7775208,-119.8521,49.7937,38.4768,1317.391193,2.421459146,20.15043117,13.0,52.58333206,32.69565201,2.704423547,50.41916656,2.532916546,2.15033894,146.1241669,10245.74277,9,2.3470446330620076
CA_0005802,2009,38.74,447.84,668.07,5.418333626,386.1850098,-119.8521,49.7937,38.4768,1317.391193,2.421459146,20.15043117,13.0,52.58333206,32.69565201,2.704423547,51.096875,2.554374933,2.12497229,148.3174988,10351.6291,9,2.280060087115599
CA_0005802,2010,38.74,454.93,653.91,5.418333626,386.2475098,-119.8521,49.7937,38.4768,1317.391193,2.421459146,20.15043117,13.0,52.58333206,32.69565201,2.704423547,52.21270905,2.523124933,2.038708398,147.0958313,10485.75547,9,2.2420395497039975
CA_0005802,2011,46.49,437.02,635.87,5.418333626,378.5675049,-119.8521,49.7937,38.4768,1317.391193,2.421459146,20.15043117,13.0,52.58333206,32.69565201,2.704423547,51.67145996,2.640937328,2.030733398,145.4839569,10617.75703,9,2.386281192125946
CA_0005803,1989,132.78,632.29,620.28,3.586666584,462.65401,-119.5396,50.2146,110.3228,1423.355469,4.356516435,17.77795814,16.52083397,45.77083206,32.42553329,0.399354301,70.87116699,2.46658349,1.921812964,147.4321655,67.8035965,9,2.290072271314346
CA_0005803,1990,143.85,669.07,610.93,3.586666584,480.45401,-119.5396,50.2146,110.3228,1423.355469,4.356516435,17.77795814,16.52083397,45.77083206,32.42553329,0.399354301,69.49666595,2.519999981,1.915951855,145.040332,68.80835724,9,2.447720033029333
CA_0005803,1991,135.55,644.38,614.07,3.586666584,474.8340027,-119.5396,50.2146,110.3228,1423.355469,4.356516435,17.77795814,16.52083397,45.77083206,32.42553329,0.399354301,64.45699921,2.461666584,1.908637964,144.7143311,69.12416229,9,2.470963683381385
CA_0005803,1992,127.6,692.27,609.1,3.586666584,501.8000061,-119.5396,50.2146,110.3228,1423.355469,4.356516435,17.77795814,16.52083397,45.77083206,32.42553329,0.399354301,65.71650009,2.370666504,1.893916699,143.4714996,69.41140747,9,2.748645415799082
CA_0005803,1993,146.61,673.8,592.64,3.586666584,493.5520081,-119.5396,50.2146,110.3228,1423.355469,4.356516435,17.77795814,16.52083397,45.77083206,32.42553329,0.399354301,68.80083542,2.24941659,1.872253711,141.9838348,68.54488373,9,2.87315955936608
CA_0005803,1994,143.85,677.41,600.72,3.586666584,476.978009,-119.5396,50.2146,110.3228,1423.355469,4.356516435,17.77795814,16.52083397,45.77083206,32.42553329,0.399354301,68.98783646,2.460333347,1.87129353,141.9015045,68.11233368,9,2.4203728888524454
CA_0005803,1995,143.85,691.42,602.64,3.586666584,475.9460083,-119.5396,50.2146,110.3228,1423.355469,4.356516435,17.77795814,16.52083397,45.77083206,32.42553329,0.399354301,68.60500565,2.477166653,1.87644353,142.9456757,68.92319031,9,2.316013394844246
CA_0005803,1996,171.98,739.71,599.84,3.586666584,463.9260193,-119.5396,50.2146,110.3228,1423.355469,4.356516435,17.77795814,16.52083397,45.77083206,32.42553329,0.399354301,71.64500351,2.421583414,1.86465647,142.7073425,71.35278625,9,1.974964097961345
CA_0005803,1997,196.41,765.67,576.14,3.586666584,460.682019,-119.5396,50.2146,110.3228,1423.355469,4.356516435,17.77795814,16.52083397,45.77083206,32.42553329,0.399354301,81.45850525,2.48149991,1.881650903,141.4608429,68.87527084,9,2.00419538909283
CA_0005803,1998,193.64,785.81,599.88,3.586666584,455.1180237,-119.5396,50.2146,110.3228,1423.355469,4.356516435,17.77795814,16.52083397,45.77083206,32.42553329,0.399354301,83.24733887,2.345999956,1.896833325,142.499176,84.16988754,9,1.7533060414519122
CA_0005803,1999,226.84,782.23,586.36,3.586666584,462.1060181,-119.5396,50.2146,110.3228,1423.355469,4.356516435,17.77795814,16.52083397,45.77083206,32.42553329,0.399354301,85.25333557,2.554166317,1.878437915,142.2120087,102.6939491,9,1.911357790633312
CA_0005803,2000,230.23,733.11,587.8,3.586666584,452.380011,-119.5396,50.2146,110.3228,1423.355469,4.356516435,17.77795814,16.52083397,45.77083206,32.42553329,0.399354301,83.10766754,2.409916639,1.871799023,142.528006,119.6234398,9,1.921764223420824
CA_0005803,2001,190.88,682.02,596.66,3.586666584,467.5160034,-119.5396,50.2146,110.3228,1423.355469,4.356516435,17.77795814,16.52083397,45.77083206,32.42553329,0.399354301,78.96866913,2.534416676,1.881345337,143.0338409,133.8378487,9,2.267246913718196
CA_0005803,2002,188.11,614.67,610.49,3.586666584,433.2779968,-119.5396,50.2146,110.3228,1423.355469,4.356516435,17.77795814,16.52083397,45.77083206,32.42553329,0.399354301,67.8831665,2.486833096,1.879949951,144.8755096,157.5799774,9,2.0016810634969104
CA_0005803,2003,168.75,581.04,612.36,3.586666584,411.8599915,-119.5396,50.2146,110.3228,1423.355469,4.356516435,17.77795814,16.52083397,45.77083206,32.42553329,0.399354301,61.19616547,2.502666712,1.870009253,145.665509,163.1598877,9,1.8746837307637005
CA_0005803,2004,138.69,606.97,621.68,3.586666584,428.5200073,-119.5396,50.2146,110.3228,1423.355469,4.356516435,17.77795814,16.52083397,45.77083206,32.42553329,0.399354301,60.61666718,2.381833076,1.87242688,145.2200073,165.2107239,9,1.9255318768670535
CA_0005803,2005,138.32,622.67,630.65,3.586666584,433.3120117,-119.5396,50.2146,110.3228,1423.355469,4.356516435,17.77795814,16.52083397,45.77083206,32.42553329,0.399354301,64.52816772,2.431999922,1.847350952,144.8770081,168.9317474,9,1.8790193901817862
CA_0005803,2006,179.81,643.68,636.36,3.586666584,422.2520142,-119.5396,50.2146,110.3228,1423.355469,4.356516435,17.77795814,16.52083397,45.77083206,32.42553329,0.399354301,65.3416687,2.50425005,1.856772266,145.7538422,171.9415833,9,1.6668061940930832
CA_0005803,2007,171.51,655.06,638.75,3.586666584,441.9360229,-119.5396,50.2146,110.3228,1423.355469,4.356516435,17.77795814,16.52083397,45.77083206,32.42553329,0.399354301,65.67517014,2.522333622,1.842382446,144.7533386,171.9745087,9,1.8201905468279242
CA_0005803,2008,185.85,650.31,622.72,3.586666584,449.614032,-119.5396,50.2146,110.3228,1423.355469,4.356516435,17.77795814,16.52083397,45.77083206,32.42553329,0.399354301,66.53467026,2.504499912,1.809202783,144.4705048,183.5518677,9,1.9980356384708384
CA_0005803,2009,171.51,601.45,624.24,3.586666584,420.4260193,-119.5396,50.2146,110.3228,1423.355469,4.356516435,17.77795814,16.52083397,45.77083206,32.42553329,0.399354301,65.2861702,2.523416519,1.771247217,146.6843414,194.7569885,9,1.8417511224843182
CA_0005803,2010,179.81,605.91,611.76,3.586666584,416.5900208,-119.5396,50.2146,110.3228,1423.355469,4.356516435,17.77795814,16.52083397,45.77083206,32.42553329,0.399354301,65.28283615,2.47883296,1.709289819,145.5596741,213.0726898,9,1.826897947722307
CA_0005803,2011,135.55,583.56,592.19,3.586666584,401.2740173,-119.5396,50.2146,110.3228,1423.355469,4.356516435,17.77795814,16.52083397,45.77083206,32.42553329,0.399354301,64.07066803,2.595833302,1.669099976,143.7890076,239.1135651,9,1.8155006111616263
CA_0005803,2012,116.5,584.27,588.22,3.586666584,398.0059998,-119.5396,50.2146,110.3228,1423.355469,4.356516435,17.77795814,16.52083397,45.77083206,32.42553329,0.399354301,64.02383423,2.516916752,1.648231445,143.2888397,264.2769775,9,1.789899155136195
CA_0005803,2013,85.76,596.63,590.52,3.586666584,409.5539978,-119.5396,50.2146,110.3228,1423.355469,4.356516435,17.77795814,16.52083397,45.77083206,32.42553329,0.399354301,65.10933456,2.373416662,1.676776807,142.2240051,282.6171936,9,1.8680350882008303
CA_0005826,1989,626.8,1005.92,541.42,2.673333454,454.5900085,-118.8687,49.9854,16.7583,1909.112279,2.677311103,11.17446427,19.375,36.125,40.75,3.06204,82.67833099,2.757083416,1.2197,148.3900024,1040.749463,9,1.7062739384349053
CA_0005826,1990,685.57,1066.11,532.2,2.673333454,467.5900085,-118.8687,49.9854,16.7583,1909.112279,2.677311103,11.17446427,19.375,36.125,40.75,3.06204,85.40416565,2.802500248,1.21458335,145.9891663,1051.565625,9,1.8669587363805897
CA_0005826,1991,705.15,1032.25,530.23,2.673333454,457.0900146,-118.8687,49.9854,16.7583,1909.112279,2.677311103,11.17446427,19.375,36.125,40.75,3.06204,80.41083527,2.779999971,1.20268335,145.7516693,1040.218042,9,1.7878244905433665
CA_0005826,1992,707.08,1080.71,522.29,2.673333454,473.510022,-118.8687,49.9854,16.7583,1909.112279,2.677311103,11.17446427,19.375,36.125,40.75,3.06204,82.39416809,2.697083235,1.189066675,144.7666687,1022.748804,9,2.0591703602793903
CA_0005826,1993,763.92,1052.48,507.18,2.673333454,461.8200195,-118.8687,49.9854,16.7583,1909.112279,2.677311103,11.17446427,19.375,36.125,40.75,3.06204,84.97416687,2.567083359,1.1753,143.3783386,992.4644775,9,2.0942243383629546
CA_0005826,1994,920.62,1061.44,519.18,2.673333454,457.5800171,-118.8687,49.9854,16.7583,1909.112279,2.677311103,11.17446427,19.375,36.125,40.75,3.06204,82.15999908,2.764583349,1.173358325,143.2383392,973.2314575,9,1.8589590876482183
CA_0005826,1995,1038.14,1088.65,522.52,2.673333454,462.4300171,-118.8687,49.9854,16.7583,1909.112279,2.677311103,11.17446427,19.375,36.125,40.75,3.06204,81.58666534,2.77791667,1.187133325,144.2791748,980.8762329,9,1.860537869356833
CA_0005826,1996,1335.6,1177.17,519.41,2.673333454,453.7700134,-118.8687,49.9854,16.7583,1909.112279,2.677311103,11.17446427,19.375,36.125,40.75,3.06204,85.00833282,2.739166737,1.18724165,144.1333374,1025.08114,9,1.6751208155359214
CA_0005826,1997,1664.94,1222.46,501.5,2.673333454,438.7400085,-118.8687,49.9854,16.7583,1909.112279,2.677311103,11.17446427,19.375,36.125,40.75,3.06204,90.23999786,2.772916794,1.180624976,142.6775024,1071.228113,9,1.6048528070991843
CA_0005826,1998,1841.23,1274.35,521.22,2.673333454,441.4900085,-118.8687,49.9854,16.7583,1909.112279,2.677311103,11.17446427,19.375,36.125,40.75,3.06204,90.06499786,2.65500021,1.200974976,143.5591675,1136.454236,9,1.4529946781817413
CA_0005854,1989,237.06,679.32,651.99,3.264166737,457.1519897,-119.0521,49.5646,146.8745,1405.552144,3.388911125,19.62283044,13.0859375,47.8671875,35.65625,0.38301433,67.58708267,2.566999912,1.77038645,150.9772583,4011.260986,9,1.8476262852301935
CA_0005854,1990,260.99,727.91,639.95,3.264166737,475.9509827,-119.0521,49.5646,146.8745,1405.552144,3.388911125,19.62283044,13.0859375,47.8671875,35.65625,0.38301433,66.58291702,2.609208345,1.776545825,148.4946716,4067.255029,9,1.9445973074904295
CA_0005854,1991,265.34,707.5,640.72,3.264166737,474.421991,-119.0521,49.5646,146.8745,1405.552144,3.388911125,19.62283044,13.0859375,47.8671875,35.65625,0.38301433,62.14449997,2.573666573,1.778051563,148.2211731,4079.501709,9,1.9939690373224168
CA_0005854,1992,270.43,736.22,635.63,3.264166737,497.3559875,-119.0521,49.5646,146.8745,1405.552144,3.388911125,19.62283044,13.0859375,47.8671875,35.65625,0.38301433,61.57241592,2.493000031,1.775359912,147.2234192,4079.322559,9,2.2158384213241953
CA_0005854,1993,300.14,727.69,615.33,3.264166737,495.9939819,-119.0521,49.5646,146.8745,1405.552144,3.388911125,19.62283044,13.0859375,47.8671875,35.65625,0.38301433,65.24508209,2.377874851,1.767822388,145.7344147,4055.37041,9,2.3808288068237218
CA_0005854,1994,306.66,732.19,625.75,3.264166737,481.642981,-119.0521,49.5646,146.8745,1405.552144,3.388911125,19.62283044,13.0859375,47.8671875,35.65625,0.38301433,66.12708282,2.576499939,1.774442188,145.7425842,4065.537695,9,2.0758040340699146
CA_0005854,1995,302.31,742.77,628.3,3.264166737,479.6509888,-119.0521,49.5646,146.8745,1405.552144,3.388911125,19.62283044,13.0859375,47.8671875,35.65625,0.38301433,64.13083191,2.59349966,1.776893262,146.772168,4127.875293,9,1.9994163004043743
CA_0005854,1996,311.86,797.15,626.74,3.264166737,471.6909851,-119.0521,49.5646,146.8745,1405.552144,3.388911125,19.62283044,13.0859375,47.8671875,35.65625,0.38301433,65.69108124,2.542291403,1.772828687,146.5840851,4252.062354,9,1.76929142953129
CA_0005854,1997,378.43,832.02,601.65,3.264166737,470.5840027,-119.0521,49.5646,146.8745,1405.552144,3.388911125,19.62283044,13.0859375,47.8671875,35.65625,0.38301433,75.01674728,2.58066678,1.776970361,145.1672546,4411.791211,9,1.8030249701868466
CA_0005854,1998,374.08,862.44,626.93,3.264166737,466.5870056,-119.0521,49.5646,146.8745,1405.552144,3.388911125,19.62283044,13.0859375,47.8671875,35.65625,0.38301433,76.78716507,2.462583303,1.787914648,146.02034,4572.015039,9,1.5941706619768037
CA_0005854,1999,408.88,859.9,612.86,3.264166737,469.1950012,-119.0521,49.5646,146.8745,1405.552144,3.388911125,19.62283044,13.0859375,47.8671875,35.65625,0.38301433,78.0782486,2.660458088,1.783170361,145.6414215,4689.963867,9,1.6795665144517828
CA_0005854,2000,407.82,804.74,618.29,3.264166737,457.0189941,-119.0521,49.5646,146.8745,1405.552144,3.388911125,19.62283044,13.0859375,47.8671875,35.65625,0.38301433,76.63974915,2.536916733,1.783330762,146.3401733,4803.045898,9,1.6511846174928064
CA_0005854,2001,367.56,741.86,631.22,3.264166737,462.2840027,-119.0521,49.5646,146.8745,1405.552144,3.388911125,19.62283044,13.0859375,47.8671875,35.65625,0.38301433,72.64541473,2.648957968,1.789505762,146.8918396,4838.327246,9,1.7938615696864595
CA_0005854,2002,319.71,674.17,648.36,3.264166737,427.8360046,-119.0521,49.5646,146.8745,1405.552144,3.388911125,19.62283044,13.0859375,47.8671875,35.65625,0.38301433,63.23033218,2.59649992,1.792401587,148.9100861,4876.261426,9,1.5937322437463302
CA_0005854,2003,300.14,627.84,652.79,3.264166737,399.2170166,-119.0521,49.5646,146.8745,1405.552144,3.388911125,19.62283044,13.0859375,47.8671875,35.65625,0.38301433,56.70466614,2.608708143,1.792135962,149.9837494,4992.684668,9,1.4685741547823934
CA_0005854,2004,270.43,645.69,659.89,3.264166737,419.5050049,-119.0521,49.5646,146.8745,1405.552144,3.388911125,19.62283044,13.0859375,47.8671875,35.65625,0.38301433,57.14258423,2.47300005,1.7748448,149.428833,5089.458594,9,1.5681065143072448
CA_0005854,2005,267.51,664.93,665.75,3.264166737,430.5880066,-119.0521,49.5646,146.8745,1405.552144,3.388911125,19.62283044,13.0859375,47.8671875,35.65625,0.38301433,60.80433502,2.526749849,1.760339063,148.6969177,5181.675391,9,1.592907294876237
CA_0005854,2006,293.61,704.12,666.13,3.264166737,427.0859985,-119.0521,49.5646,146.8745,1405.552144,3.388911125,19.62283044,13.0859375,47.8671875,35.65625,0.38301433,62.01041946,2.60008359,1.751846851,149.1547485,5321.882617,9,1.4695705524848837
CA_0005854,2007,282.74,712.01,669.26,3.264166737,440.598999,-119.0521,49.5646,146.8745,1405.552144,3.388911125,19.62283044,13.0859375,47.8671875,35.65625,0.38301433,61.57650223,2.618666649,1.743867139,148.3134186,5457.033984,9,1.5463187548521973
CA_0005854,2008,285.69,704.88,655.43,3.264166737,456.7409851,-119.0521,49.5646,146.8745,1405.552144,3.388911125,19.62283044,13.0859375,47.8671875,35.65625,0.38301433,62.84158478,2.614291668,1.736540039,148.1955872,5493.896973,9,1.7486607896416417
CA_0005854,2009,260.99,667.69,658.45,3.264166737,429.0500061,-119.0521,49.5646,146.8745,1405.552144,3.388911125,19.62283044,13.0859375,47.8671875,35.65625,0.38301433,61.3949173,2.640374899,1.763587451,150.2917542,5516.140332,9,1.5925479277295191
CA_0005854,2010,245.76,684.81,643.46,3.264166737,426.8429993,-119.0521,49.5646,146.8745,1405.552144,3.388911125,19.62283044,13.0859375,47.8671875,35.65625,0.38301433,62.45325165,2.571500063,1.766740601,149.0277496,5547.790723,9,1.5723959999959023
CA_0005854,2011,243.59,652.35,626.41,3.264166737,411.5279968,-119.0521,49.5646,146.8745,1405.552144,3.388911125,19.62283044,13.0859375,47.8671875,35.65625,0.38301433,62.39383469,2.687124729,1.78755415,147.580249,5572.979004,9,1.5750050769198667
CA_0005854,2012,259.52,665.93,618.8,3.264166737,412.8879822,-119.0521,49.5646,146.8745,1405.552144,3.388911125,19.62283044,13.0859375,47.8671875,35.65625,0.38301433,63.24358444,2.64075017,1.796402075,146.5884979,5571.576563,9,1.5744498524693662
CA_0005854,2013,274.04,678.66,617.39,3.264166737,421.7400024,-119.0521,49.5646,146.8745,1405.552144,3.388911125,19.62283044,13.0859375,47.8671875,35.65625,0.38301433,65.50275192,2.493999958,1.804420825,145.4509155,5589.367871,9,1.624798363763026
CA_0005857,1989,191.91,639.32,660.18,3.643451738,450.1353088,-119.1104,49.4854,1188.837,1403.620863,2.827412726,19.48108853,15.34615421,43.99777985,36.87043762,1.436485579,65.12134323,2.550408125,1.743529956,150.9593231,5911.691309,9,1.890399509763371
CA_0005857,1990,223.18,685.28,648.34,3.643451738,469.9430725,-119.1104,49.4854,1188.837,1403.620863,2.827412726,19.48108853,15.34615421,43.99777985,36.87043762,1.436485579,64.56009293,2.595076323,1.747769019,148.4605042,5944.106934,9,1.9875338590685006
CA_0005857,1991,225.87,665.7,648.86,3.643451738,468.055426,-119.1104,49.4854,1188.837,1403.620863,2.827412726,19.48108853,15.34615421,43.99777985,36.87043762,1.436485579,60.84390182,2.555548429,1.743141577,148.1733429,5944.016699,9,2.0430325070024082
CA_0005857,1992,227.3,695.04,643.09,3.643451738,489.8832825,-119.1104,49.4854,1188.837,1403.620863,2.827412726,19.48108853,15.34615421,43.99777985,36.87043762,1.436485579,60.58126602,2.473677635,1.73864082,147.1298035,5943.276367,9,2.2412269304890806
CA_0005857,1993,251.75,686.31,622.31,3.643451738,488.7203125,-119.1104,49.4854,1188.837,1403.620863,2.827412726,19.48108853,15.34615421,43.99777985,36.87043762,1.436485579,63.71156616,2.358346224,1.724552832,145.6169983,5873.656445,9,2.40914988391198
CA_0005857,1994,259.84,690.35,632.87,3.643451738,475.259491,-119.1104,49.4854,1188.837,1403.620863,2.827412726,19.48108853,15.34615421,43.99777985,36.87043762,1.436485579,64.2492012,2.557312727,1.725087646,145.640564,5789.741113,9,2.114048825094737
CA_0005857,1995,250.67,699.5,635.39,3.643451738,471.3471436,-119.1104,49.4854,1188.837,1403.620863,2.827412726,19.48108853,15.34615421,43.99777985,36.87043762,1.436485579,62.36449966,2.576390266,1.728763379,146.6896362,5791.113477,9,2.01270203927669
CA_0005857,1996,229.47,749.28,633.44,3.643451738,463.9081482,-119.1104,49.4854,1188.837,1403.620863,2.827412726,19.48108853,15.34615421,43.99777985,36.87043762,1.436485579,63.55698318,2.521543264,1.727265747,146.4901459,5889.611328,9,1.7809702960150469
CA_0005858,1989,486.6,863.58,625.29,4.080000401,472.9408325,-118.3104,49.5896,221.5839,1455.541181,4.179260279,22.64470633,8.066666603,60.42916489,28.44583321,0.656490877,70.27347183,2.535173655,1.719900854,150.5633331,594.3060181,9,1.6527300742203752
CA_0005858,1990,517.99,919.95,613.43,4.080000401,485.055835,-118.3104,49.5896,221.5839,1455.541181,4.179260279,22.64470633,8.066666603,60.42916489,28.44583321,0.656490877,71.49805679,2.566284657,1.717915063,148.1556976,597.5889893,9,1.720841636451875
CA_0005858,1991,519.42,897.37,614.27,4.080000401,479.2133484,-118.3104,49.5896,221.5839,1455.541181,4.179260279,22.64470633,8.066666603,60.42916489,28.44583321,0.656490877,67.2572937,2.544722319,1.7151948,147.9688202,587.9846436,9,1.6997454545289956
CA_0005858,1992,546.6,929.34,609.47,4.080000401,498.3091919,-118.3104,49.5896,221.5839,1455.541181,4.179260279,22.64470633,8.066666603,60.42916489,28.44583321,0.656490877,66.98833618,2.462187529,1.712132837,147.1543091,574.5159058,9,1.8639612787855018
CA_0005858,1993,560.8,912.86,590.64,4.080000401,496.278363,-118.3104,49.5896,221.5839,1455.541181,4.179260279,22.64470633,8.066666603,60.42916489,28.44583321,0.656490877,69.24798889,2.353159666,1.701510303,145.7880585,553.2187134,9,2.0051478804984373
CA_0005858,1994,549.38,912.81,602.56,4.080000401,482.009198,-118.3104,49.5896,221.5839,1455.541181,4.179260279,22.64470633,8.066666603,60.42916489,28.44583321,0.656490877,68.06493378,2.546875,1.702941895,145.7418091,540.2548462,9,1.7603683310413583
CA_0005858,1995,552.24,933.14,605.67,4.080000401,486.322522,-118.3104,49.5896,221.5839,1455.541181,4.179260279,22.64470633,8.066666603,60.42916489,28.44583321,0.656490877,66.5338913,2.550034523,1.712048267,146.680072,542.0787842,9,1.7521436687466037
CA_0005858,1996,588.09,1013.3,603.59,4.080000401,479.8816833,-118.3104,49.5896,221.5839,1455.541181,4.179260279,22.64470633,8.066666603,60.42916489,28.44583321,0.656490877,69.88812637,2.531562567,1.705060449,146.5836151,568.8738525,9,1.5877462280264258
CA_0005858,1997,650.7,1055.51,579.45,4.080000401,472.3375122,-118.3104,49.5896,221.5839,1455.541181,4.179260279,22.64470633,8.066666603,60.42916489,28.44583321,0.656490877,77.79618225,2.544965267,1.708930981,145.1297943,609.2538452,9,1.5927002386689548
CA_0005858,1998,617.88,1106.9,604.5,4.080000401,472.3333374,-118.3104,49.5896,221.5839,1455.541181,4.179260279,22.64470633,8.066666603,60.42916489,28.44583321,0.656490877,78.86000214,2.4296875,1.719862427,145.9006287,656.5772217,9,1.4266742556806928
CA_0005858,1999,672.1,1110.49,590.82,4.080000401,476.0866699,-118.3104,49.5896,221.5839,1455.541181,4.179260279,22.64470633,8.066666603,60.42916489,28.44583321,0.656490877,81.21993256,2.622847319,1.711958887,145.4459045,675.4931519,9,1.510327391305777
CA_0005858,2000,675.37,1039.31,596.15,4.080000401,463.9274963,-118.3104,49.5896,221.5839,1455.541181,4.179260279,22.64470633,8.066666603,60.42916489,28.44583321,0.656490877,79.51840515,2.51670146,1.704763892,146.244165,701.1369629,9,1.463403347628375
CA_0005858,2001,592.19,952.12,610.05,4.080000401,468.9424927,-118.3104,49.5896,221.5839,1455.541181,4.179260279,22.64470633,8.066666603,60.42916489,28.44583321,0.656490877,76.31305847,2.628541708,1.713357764,146.7304169,680.1708008,9,1.5470298627736219
CA_0005858,2002,545.1,871.23,625.09,4.080000401,437.5208252,-118.3104,49.5896,221.5839,1455.541181,4.179260279,22.64470633,8.066666603,60.42916489,28.44583321,0.656490877,69.3572258,2.561875105,1.712769751,148.6745819,635.4682434,9,1.3753233788999502
CA_0005858,2003,572.21,815.55,627.64,4.080000401,407.6566589,-118.3104,49.5896,221.5839,1455.541181,4.179260279,22.64470633,8.066666603,60.42916489,28.44583321,0.656490877,64.41708679,2.583611012,1.706863916,149.7668732,628.6782898,9,1.2562313571552164
CA_0005858,2004,542.3,831.8,632.35,4.080000401,424.7616699,-118.3104,49.5896,221.5839,1455.541181,4.179260279,22.64470633,8.066666603,60.42916489,28.44583321,0.656490877,64.82548828,2.438437462,1.702124146,149.0966644,599.2612793,9,1.3263521204526485
CA_0005858,2005,515.14,855.07,636.2,4.080000401,431.7183472,-118.3104,49.5896,221.5839,1455.541181,4.179260279,22.64470633,8.066666603,60.42916489,28.44583321,0.656490877,67.67611237,2.497187614,1.701163623,148.2833344,556.1082153,9,1.3300776179047675
CA_0005858,2006,583.63,908.64,635.98,4.080000401,430.5725159,-118.3104,49.5896,221.5839,1455.541181,4.179260279,22.64470633,8.066666603,60.42916489,28.44583321,0.656490877,67.15513916,2.558298588,1.684334497,148.6228455,548.6981567,9,1.2637080190159113
CA_0005858,2007,570.79,915.35,641.52,4.080000401,443.3908508,-118.3104,49.5896,221.5839,1455.541181,4.179260279,22.64470633,8.066666603,60.42916489,28.44583321,0.656490877,65.94541626,2.588645935,1.673511426,147.9684723,553.6012756,9,1.3164798436869767
CA_0005858,2008,560.9,904.87,628.08,4.080000401,459.7191833,-118.3104,49.5896,221.5839,1455.541181,4.179260279,22.64470633,8.066666603,60.42916489,28.44583321,0.656490877,68.08652725,2.593645811,1.656177539,147.8918762,515.7227722,9,1.4736964631875606
CA_0005858,2009,533.69,861.22,630.44,4.080000401,432.3358521,-118.3104,49.5896,221.5839,1455.541181,4.179260279,22.64470633,8.066666603,60.42916489,28.44583321,0.656490877,66.66562424,2.607881784,1.66593811,150.0127136,493.0596436,9,1.3407314001290311
CA_0005858,2010,536.54,881.99,616.65,4.080000401,427.622522,-118.3104,49.5896,221.5839,1455.541181,4.179260279,22.64470633,8.066666603,60.42916489,28.44583321,0.656490877,67.48881912,2.525034666,1.641884741,148.738269,472.3792969,9,1.3227538393651377
CA_0005858,2011,533.69,838.3,599.78,4.080000401,409.616687,-118.3104,49.5896,221.5839,1455.541181,4.179260279,22.64470633,8.066666603,60.42916489,28.44583321,0.656490877,68.60625076,2.643610954,1.660862256,147.3197296,447.4026062,9,1.306380140625097
CA_0005858,2012,593.81,859.49,591.95,4.080000401,408.7058533,-118.3104,49.5896,221.5839,1455.541181,4.179260279,22.64470633,8.066666603,60.42916489,28.44583321,0.656490877,70.39416733,2.609583139,1.646815918,146.0953552,432.9898132,9,1.2966668228952447
CA_0005864,1989,478.48,795.84,657.15,2.323333359,484.0889954,-114.5354,49.0979,145.0563,1819.751189,4.018485106,27.30554821,14.25,50.375,32.125,1.586726362,73.57433472,4.022041798,1.295950903,151.6234131,5290.69668,9,1.762173648965624
CA_0005864,1990,530.67,828.37,647.42,2.323333359,482.0790039,-114.5354,49.0979,145.0563,1819.751189,4.018485106,27.30554821,14.25,50.375,32.125,1.586726362,70.99891968,4.180500031,1.304805859,149.4259979,5373.711719,9,1.7105179743224999
CA_0005864,1991,619.85,783.36,646.33,2.323333359,473.0220032,-114.5354,49.0979,145.0563,1819.751189,4.018485106,27.30554821,14.25,50.375,32.125,1.586726362,63.81958313,4.039332867,1.296755859,149.3084167,5406.350195,9,1.7313772021149278
CA_0005864,1992,601.92,808.51,634.05,2.323333359,478.9580261,-114.5354,49.0979,145.0563,1819.751189,4.018485106,27.30554821,14.25,50.375,32.125,1.586726362,61.45675049,3.875832796,1.29304585,148.4315826,5425.000098,9,1.781917734106695
CA_0005864,1993,615.5,852.52,597.73,2.323333359,492.4520142,-114.5354,49.0979,145.0563,1819.751189,4.018485106,27.30554821,14.25,50.375,32.125,1.586726362,69.96141586,3.815208435,1.277332495,145.7973358,5421.764941,9,2.0398343171109192
CA_0005864,1994,622.02,781.93,618.06,2.323333359,464.5940186,-114.5354,49.0979,145.0563,1819.751189,4.018485106,27.30554821,14.25,50.375,32.125,1.586726362,73.41608582,4.063208103,1.282189966,147.5133392,5457.312891,9,1.773489996428837
CA_0005864,1995,611.15,791.51,612.54,2.323333359,477.9990112,-114.5354,49.0979,145.0563,1819.751189,4.018485106,27.30554821,14.25,50.375,32.125,1.586726362,76.67783356,3.975333452,1.283889966,147.588504,5553.623438,9,1.922540604089164
CA_0005864,1996,708.78,873.15,614.81,2.323333359,483.5540161,-114.5354,49.0979,145.0563,1819.751189,4.018485106,27.30554821,14.25,50.375,32.125,1.586726362,80.94650116,4.075999737,1.286304126,148.0338379,5705.866992,9,1.783966854829859
CA_0005865,1989,645.67,790.24,667.38,2.32333343,486.6613586,-114.5521,49.0937,91.21,1785.815272,3.003260302,25.16243022,14.25,50.375,32.125,1.587462577,74.16055603,3.95783329,1.483074951,151.8411133,4600.297656,9,1.759149974667991
CA_0005865,1990,672.86,824.71,657.53,2.32333343,484.825354,-114.5521,49.0937,91.21,1785.815272,3.003260302,25.16243022,14.25,50.375,32.125,1.587462577,71.11866455,4.117278099,1.483609326,149.6347839,4671.858203,9,1.7025741409932216
CA_0005865,1991,744.22,780.17,656.77,2.32333343,475.9520203,-114.5521,49.0937,91.21,1785.815272,3.003260302,25.16243022,14.25,50.375,32.125,1.587462577,63.92333221,3.973055124,1.473218701,149.5085602,4700.346094,9,1.7253818980549227
CA_0005865,1992,736.04,804.94,645.34,2.32333343,482.7933533,-114.5521,49.0937,91.21,1785.815272,3.003260302,25.16243022,14.25,50.375,32.125,1.587462577,61.52144318,3.811722279,1.464958276,148.6619995,4716.772168,9,1.777754417478845
CA_0005865,1993,754.42,847.75,608.78,2.32333343,497.3253601,-114.5521,49.0937,91.21,1785.815272,3.003260302,25.16243022,14.25,50.375,32.125,1.587462577,69.88677597,3.747888803,1.446017651,146.0148895,4714.356348,9,2.0363933201632256
CA_0005865,1994,693.25,776.75,629.29,2.32333343,469.0800171,-114.5521,49.0937,91.21,1785.815272,3.003260302,25.16243022,14.25,50.375,32.125,1.587462577,73.34077759,3.995555878,1.454932251,147.7628906,4746.080762,9,1.780613614363428
CA_0005865,1995,649.07,785.73,623.2,2.32333343,482.6613464,-114.5521,49.0937,91.21,1785.815272,3.003260302,25.16243022,14.25,50.375,32.125,1.587462577,76.71166992,3.913166285,1.458940601,147.8242249,4829.513281,9,1.933172073576492
CA_0005865,1996,623.59,869.28,625.53,2.32333343,487.8480103,-114.5521,49.0937,91.21,1785.815272,3.003260302,25.16243022,14.25,50.375,32.125,1.587462577,80.79611511,4.012944221,1.459620825,148.2545593,4961.15625,9,1.7801782871374807
CA_0005865,1997,672.86,875.25,610.03,2.32333343,470.6333435,-114.5521,49.0937,91.21,1785.815272,3.003260302,25.16243022,14.25,50.375,32.125,1.587462577,83.84578094,4.025833607,1.46138855,148.7494507,5124.276758,9,1.6783335632767815
CA_0005865,1998,672.86,884.42,634.17,2.32333343,465.5053406,-114.5521,49.0937,91.21,1785.815272,3.003260302,25.16243022,14.25,50.375,32.125,1.587462577,79.77811279,3.778777838,1.475468774,150.0870087,5281.591504,9,1.524609569949524
CA_0005865,1999,737.43,892.83,617.7,2.32333343,478.9626709,-114.5521,49.0937,91.21,1785.815272,3.003260302,25.16243022,14.25,50.375,32.125,1.587462577,76.01622238,4.181611538,1.4705896,150.0188965,5442.39541,9,1.6890623112821312
CA_0005865,2000,742.85,809.49,634.86,2.32333343,459.8000061,-114.5521,49.0937,91.21,1785.815272,3.003260302,25.16243022,14.25,50.375,32.125,1.587462577,69.52410965,4.002333164,1.4688823,152.359671,5592.683691,9,1.6031953368635785
CA_0005865,2001,649.07,710.89,654.91,2.32333343,463.0640015,-114.5521,49.0937,91.21,1785.815272,3.003260302,25.16243022,14.25,50.375,32.125,1.587462577,62.50277481,4.082333565,1.47736875,154.1283356,5711.908398,9,1.7950933320057574
CA_0005865,2002,672.86,682.85,652.42,2.32333343,446.2959961,-114.5521,49.0937,91.21,1785.815272,3.003260302,25.16243022,14.25,50.375,32.125,1.587462577,57.81521988,4.007222176,1.47460625,154.5843384,5907.88877,9,1.724024828165144
CA_0005865,2003,635.48,631.95,661.86,2.32333343,427.2826538,-114.5521,49.0937,91.21,1785.815272,3.003260302,25.16243022,14.25,50.375,32.125,1.587462577,53.77299957,3.998222113,1.473064575,155.9783356,6144.917871,9,1.6741107572007343
CA_0005865,2004,616.77,654.62,657.54,2.32333343,443.5706543,-114.5521,49.0937,91.21,1785.815272,3.003260302,25.16243022,14.25,50.375,32.125,1.587462577,55.86888962,3.877222538,1.4291521,154.2065582,6359.754785,9,1.770858297888223
CA_0005865,2005,604.89,702.44,652.38,2.32333343,461.5666565,-114.5521,49.0937,91.21,1785.815272,3.003260302,25.16243022,14.25,50.375,32.125,1.587462577,61.09188919,3.946111202,1.41516355,153.0133362,6595.213184,9,1.8158172802007997
CA_0005865,2006,666.06,742.12,648.06,2.32333343,464.4599854,-114.5521,49.0937,91.21,1785.815272,3.003260302,25.16243022,14.25,50.375,32.125,1.587462577,64.58099899,3.970722198,1.39854895,152.0757843,6833.725,9,1.746529922232627
CA_0005865,2007,615.09,728.57,674.66,2.32333343,465.0733154,-114.5521,49.0937,91.21,1785.815272,3.003260302,25.16243022,14.25,50.375,32.125,1.587462577,64.00077591,4.069499493,1.405752075,152.4292267,6997.216797,9,1.6939047982333313
CA_0005865,2008,657.66,739.6,663.04,2.32333343,472.5319885,-114.5521,49.0937,91.21,1785.815272,3.003260302,25.16243022,14.25,50.375,32.125,1.587462577,63.93099899,4.066944122,1.378904175,152.5100006,7088.292285,9,1.774010802752089
CA_0005865,2009,611.69,709.44,665.73,2.32333343,445.2679871,-114.5521,49.0937,91.21,1785.815272,3.003260302,25.16243022,14.25,50.375,32.125,1.587462577,60.21488724,3.983777523,1.40161875,155.1014435,7138.969824,9,1.6000802451129081
CA_0005865,2010,584.5,729.65,648.13,2.32333343,439.1759888,-114.5521,49.0937,91.21,1785.815272,3.003260302,25.16243022,14.25,50.375,32.125,1.587462577,57.41310959,3.827999592,1.37558855,153.9254425,7192.668652,9,1.5551765741186472
CA_0005865,2011,686.45,732.44,629.22,2.32333343,421.9413269,-114.5521,49.0937,91.21,1785.815272,3.003260302,25.16243022,14.25,50.375,32.125,1.587462577,58.0046669,4.159999371,1.372187524,153.0164398,7244.938965,9,1.4706130079364195
CA_0005865,2012,759.89,790.83,619.89,2.32333343,425.9599976,-114.5521,49.0937,91.21,1785.815272,3.003260302,25.16243022,14.25,50.375,32.125,1.587462577,65.31188889,4.116277695,1.34517085,151.9684418,7262.959766,9,1.4248933424992363
CA_0005865,2013,737.43,795.09,607.75,2.32333343,426.2559937,-114.5521,49.0937,91.21,1785.815272,3.003260302,25.16243022,14.25,50.375,32.125,1.587462577,71.3942215,3.902611256,1.370746899,151.222113,7323.048438,9,1.4561566768192635
CA_0005865,2014,805.39,850.08,608.19,2.32333343,440.5706604,-114.5521,49.0937,91.21,1785.815272,3.003260302,25.16243022,14.25,50.375,32.125,1.587462577,71.30144272,3.922055244,1.379467725,149.2857788,7376.042676,9,1.4768305581175514
CA_0005895,1993,191.9772978,443.699375,409.3665771,-2.21011403,292.3862488,-135.4862518,60.72574997,363.8599,1419.253597,4.864331568,14.02278239,19.21527863,41.54513931,37.23015976,1.439174998,18.28507843,3.252588463,0.500328925,104.4590378,54.92603302,9,1.8468783118232603
CA_0005895,1994,192.8467192,445.58625,408.616571,-2.21011403,294.8784363,-135.4862518,60.72574997,363.8599,1419.253597,4.864331568,14.02278239,19.21527863,41.54513931,37.23015976,1.439174998,18.44700546,3.293890572,0.506701495,103.9293503,55.37401581,9,1.8848051777439456
CA_0005895,1995,176.5665758,437.8340625,408.7718811,-2.21011403,299.2612549,-135.4862518,60.72574997,363.8599,1419.253597,4.864331568,14.02278239,19.21527863,41.54513931,37.23015976,1.439174998,18.88450565,3.27308588,0.510318268,104.1806519,55.82668076,9,2.0091345613796685
CA_0005895,1996,154.8836929,405.765,407.4662537,-2.21011403,291.2015686,-135.4862518,60.72574997,363.8599,1419.253597,4.864331568,14.02278239,19.21527863,41.54513931,37.23015976,1.439174998,18.44026051,3.23283329,0.514395477,106.7139587,57.11601868,9,2.076248899296873
CA_0005895,1997,134.0558948,410.695625,415.6021851,-2.21011403,301.397821,-135.4862518,60.72574997,363.8599,1419.253597,4.864331568,14.02278239,19.21527863,41.54513931,37.23015976,1.439174998,16.07716198,3.185398388,0.525295825,106.6213547,103.1745461,9,2.1982297101575776
CA_0005895,2003,121.3280355,374.8215625,378.6593933,-2.21011403,277.8675049,-135.4862518,60.72574997,363.8599,1419.253597,4.864331568,14.02278239,19.21527863,41.54513931,37.23015976,1.439174998,16.13828087,3.230544138,0.494064813,102.492395,273.724472,9,2.2773202825512127
CA_0005895,2004,135.4311632,378.22875,388.505011,-2.21011403,282.6878174,-135.4862518,60.72574997,363.8599,1419.253597,4.864331568,14.02278239,19.21527863,41.54513931,37.23015976,1.439174998,15.93541641,3.217989492,0.500916315,103.7003113,282.6676971,9,2.2774305960786396
CA_0005895,2005,139.5654812,393.62375,401.964386,-2.21011403,289.2084473,-135.4862518,60.72574997,363.8599,1419.253597,4.864331568,14.02278239,19.21527863,41.54513931,37.23015976,1.439174998,14.33802071,3.227187395,0.509841779,104.1959106,298.5542938,9,2.1755195600759434
CA_0005895,2006,148.541182,400.95125,410.3865662,-2.21011403,293.344696,-135.4862518,60.72574997,363.8599,1419.253597,4.864331568,14.02278239,19.21527863,41.54513931,37.23015976,1.439174998,12.68153648,3.24121089,0.525371417,103.72771,312.3870972,9,2.1394971567253314
CA_0005895,2007,161.4314031,431.8378125,405.3840576,-2.21011403,299.0640747,-135.4862518,60.72574997,363.8599,1419.253597,4.864331568,14.02278239,19.21527863,41.54513931,37.23015976,1.439174998,14.05067711,3.228585911,0.532346411,102.2685684,312.8425903,9,2.070634738635347
CA_0005895,2008,173.5920838,455.445,399.807489,-2.21011403,307.9956421,-135.4862518,60.72574997,363.8599,1419.253597,4.864331568,14.02278239,19.21527863,41.54513931,37.23015976,1.439174998,15.83830719,3.253723955,0.530185168,100.2402878,316.7099548,9,2.1560916190147164
CA_0005895,2009,176.5311894,466.056875,394.9056152,-2.21011403,314.4122009,-135.4862518,60.72574997,363.8599,1419.253597,4.864331568,14.02278239,19.21527863,41.54513931,37.23015976,1.439174998,16.47041664,3.240260363,0.516421057,100.1434128,308.6805664,9,2.2878364058479357
CA_0005895,2010,161.148882,447.7671875,397.8496765,-2.21011403,303.233136,-135.4862518,60.72574997,363.8599,1419.253597,4.864331568,14.02278239,19.21527863,41.54513931,37.23015976,1.439174998,17.01489601,3.241166592,0.514748145,101.1684128,302.0123718,9,2.1198492012346866
CA_0005895,2011,183.1715121,457.1290625,397.9343689,-2.21011403,307.9718872,-135.4862518,60.72574997,363.8599,1419.253597,4.864331568,14.02278239,19.21527863,41.54513931,37.23015976,1.439174998,17.90942726,3.247411346,0.495405084,101.0537766,308.2842224,9,2.1631295494844704
CA_0005895,2012,185.6911564,457.6021875,393.0762512,-2.21011403,301.389386,-135.4862518,60.72574997,363.8599,1419.253597,4.864331568,14.02278239,19.21527863,41.54513931,37.23015976,1.439174998,17.17658863,3.276049328,0.486924762,100.8981781,312.613678,9,2.065029930530668
CA_0005895,2013,203.3308177,425.8290625,404.6059387,-2.21011403,294.2928162,-135.4862518,60.72574997,363.8599,1419.253597,4.864331568,14.02278239,19.21527863,41.54513931,37.23015976,1.439174998,15.66752625,3.261632681,0.515029401,102.2419022,313.3354553,9,2.019417894346296
CA_0005895,2014,216.4788089,416.54125,400.3475037,-2.21011403,303.1615662,-135.4862518,60.72574997,363.8599,1419.253597,4.864331568,14.02278239,19.21527863,41.54513931,37.23015976,1.439174998,16.07153664,3.253440046,0.52863703,100.9002625,331.0354431,9,2.3304119771019387
CA_0005906,1989,100.92,284.42,408.62,-4.365111113,266.5840027,-137.0167,62.5708,1760.768,1070.097357,2.64034029,15.1168363,14.0,62.5,20.5714283,1.416577141,11.12257767,2.555997372,0.780634753,99.42978973,120.0627716,9,3.6488999642831614
CA_0005906,1990,106.35,279.35,422.1,-4.365111113,263.0870789,-137.0167,62.5708,1760.768,1070.097357,2.64034029,15.1168363,14.0,62.5,20.5714283,1.416577141,10.92023354,2.658722162,0.788350903,99.95092163,123.0102539,9,3.5129689636152786
CA_0005906,1991,124.92,282.65,429.32,-4.365111113,264.7327454,-137.0167,62.5708,1760.768,1070.097357,2.64034029,15.1168363,14.0,62.5,20.5714283,1.416577141,9.948461246,2.815208435,0.786764429,99.7753952,123.3541245,9,3.356590828946238
CA_0005906,1992,148.27,286.16,419.35,-4.365111113,267.2018127,-137.0167,62.5708,1760.768,1070.097357,2.64034029,15.1168363,14.0,62.5,20.5714283,1.416577141,10.45721159,2.89049983,0.776907007,99.51933899,123.1660812,9,3.4540380085167977
CA_0005906,1993,148.57,272.99,430.07,-4.365111113,259.9132751,-137.0167,62.5708,1760.768,1070.097357,2.64034029,15.1168363,14.0,62.5,20.5714283,1.416577141,10.00588369,2.706994534,0.775056751,100.9019165,122.0692123,9,3.609667881581269
CA_0005906,1994,152.77,274.04,429.93,-4.365111113,261.219339,-137.0167,62.5708,1760.768,1070.097357,2.64034029,15.1168363,14.0,62.5,20.5714283,1.416577141,9.549483585,2.816386223,0.777153333,100.3714905,121.117775,9,3.664884566713932
CA_0005906,1995,144.36,276.93,429.67,-4.365111113,263.6328705,-137.0167,62.5708,1760.768,1070.097357,2.64034029,15.1168363,14.0,62.5,20.5714283,1.416577141,9.123288822,2.738041639,0.775234851,99.71104736,123.7843933,9,3.6806027635829017
CA_0005906,1996,125.61,271.68,425.16,-4.365111113,259.5820038,-137.0167,62.5708,1760.768,1070.097357,2.64034029,15.1168363,14.0,62.5,20.5714283,1.416577141,8.842794323,2.63201952,0.771482044,101.0086304,128.3779526,9,3.75150577936887
CA_0005906,1997,84.1,276.59,432.72,-4.365111113,265.8376068,-137.0167,62.5708,1760.768,1070.097357,2.64034029,15.1168363,14.0,62.5,20.5714283,1.416577141,8.243410969,2.703049898,0.781550134,101.5962906,129.6665421,9,3.959378889230658
CA_0005906,1998,63.77,258.2,434.08,-4.365111113,247.217746,-137.0167,62.5708,1760.768,1070.097357,2.64034029,15.1168363,14.0,62.5,20.5714283,1.416577141,7.185455608,2.730988741,0.784753394,102.6447983,136.6902817,9,3.48524198021378
CA_0005906,1999,52.03,265.47,427.36,-4.365111113,249.6732147,-137.0167,62.5708,1760.768,1070.097357,2.64034029,15.1168363,14.0,62.5,20.5714283,1.416577141,7.466477871,2.783508301,0.775416797,101.9885971,169.131633,9,3.2056871668831053
CA_0005906,2000,79.76,277.34,409.64,-4.365111113,257.323941,-137.0167,62.5708,1760.768,1070.097357,2.64034029,15.1168363,14.0,62.5,20.5714283,1.416577141,9.862533665,2.68307209,0.770791419,101.0355408,204.6219223,9,3.2785942980070946
CA_0005906,2001,88.83,278.31,405.95,-4.365111113,263.9447357,-137.0167,62.5708,1760.768,1070.097357,2.64034029,15.1168363,14.0,62.5,20.5714283,1.416577141,12.72296143,2.764113665,0.76984436,99.79377441,234.6633347,9,3.8988140797323996
CA_0005906,2002,109.68,268.6,408.93,-4.365111113,255.5510651,-137.0167,62.5708,1760.768,1070.097357,2.64034029,15.1168363,14.0,62.5,20.5714283,1.416577141,11.92245579,2.710558176,0.761832556,100.1384048,264.6583618,9,3.759730732511371
CA_0005906,2003,127.2,287.94,399.53,-4.365111113,266.2659271,-137.0167,62.5708,1760.768,1070.097357,2.64034029,15.1168363,14.0,62.5,20.5714283,1.416577141,11.45232234,2.636041641,0.753645435,99.34894257,289.5808411,9,3.5130773328448064
CA_0005906,2004,144.94,276.87,402.35,-4.365111113,258.1977264,-137.0167,62.5708,1760.768,1070.097357,2.64034029,15.1168363,14.0,62.5,20.5714283,1.416577141,11.50138354,2.567019463,0.75851189,99.30308533,290.9621582,9,3.4657940841623995
CA_0005906,2005,122.46,279.64,413.94,-4.365111113,265.4009979,-137.0167,62.5708,1760.768,1070.097357,2.64034029,15.1168363,14.0,62.5,20.5714283,1.416577141,10.10648894,2.628769636,0.751284204,100.098909,289.6989563,9,3.8369004280235317
CA_0005906,2006,96.71,276.25,421.58,-4.365111113,260.0443329,-137.0167,62.5708,1760.768,1070.097357,2.64034029,15.1168363,14.0,62.5,20.5714283,1.416577141,8.011494589,2.735819578,0.747058752,100.2126923,300.2940796,9,3.454134425109982
CA_0005906,2007,93.03,281.09,422.68,-4.365111113,264.9439972,-137.0167,62.5708,1760.768,1070.097357,2.64034029,15.1168363,14.0,62.5,20.5714283,1.416577141,8.409544516,2.531697273,0.729403137,99.97414551,318.4398193,9,3.557770210834762
CA_0005906,2008,104.71,301.6,417.9,-4.365111113,285.6687347,-137.0167,62.5708,1760.768,1070.097357,2.64034029,15.1168363,14.0,62.5,20.5714283,1.416577141,9.897611237,2.678147078,0.714431995,97.78301086,333.3844238,9,4.18785903803321
CA_0005906,2010,117.56,288.3,420.08,-4.365111113,275.3779358,-137.0167,62.5708,1760.768,1070.097357,2.64034029,15.1168363,14.0,62.5,20.5714283,1.416577141,9.231672478,2.707033396,0.687148242,98.48162231,339.8330261,9,4.150332471785005
CA_0005906,2011,165.56,309.57,414.27,-4.365111113,291.0438721,-137.0167,62.5708,1760.768,1070.097357,2.64034029,15.1168363,14.0,62.5,20.5714283,1.416577141,8.564778042,2.62794137,0.680774793,97.22170563,329.1256531,9,4.1897327931062724
CA_0005906,2012,170.76,308.92,410.9,-4.365111113,290.5048706,-137.0167,62.5708,1760.768,1070.097357,2.64034029,15.1168363,14.0,62.5,20.5714283,1.416577141,9.377961254,2.711291552,0.709646643,96.44062195,307.1348816,9,4.2438169378855735
CA_0005906,2013,172.22,287.85,419.1,-4.365111113,274.2970062,-137.0167,62.5708,1760.768,1070.097357,2.64034029,15.1168363,14.0,62.5,20.5714283,1.416577141,9.321689129,2.677830458,0.740486914,97.79627686,286.376413,9,4.069142761618959
CA_0005906,2014,171.52,295.82,413.91,-4.365111113,281.2144012,-137.0167,62.5708,1760.768,1070.097357,2.64034029,15.1168363,14.0,62.5,20.5714283,1.416577141,8.002338886,2.664019108,0.766831299,96.77692871,276.8839386,9,4.248539910657496
CA_0005910,1990,434.9815899,506.334015,377.5201721,-5.787646905,330.5120789,-130.6027832,62.03055954,5047.719,1245.938913,2.812158014,16.62114481,14.16840267,61.45902634,21.46044922,1.460407445,33.58679161,2.061381793,0.667183118,104.9983704,14.16634312,9,2.7640479429329714
CA_0005910,1991,397.53365,509.9245779,386.1992798,-5.787646905,335.382666,-130.6027832,62.03055954,5047.719,1245.938913,2.812158014,16.62114481,14.16840267,61.45902634,21.46044922,1.460407445,31.89881401,2.073672938,0.667899268,104.1703156,14.28965225,9,2.7253796236917722
CA_0005910,1992,409.5242824,498.560788,378.0447937,-5.787646905,323.7749756,-130.6027832,62.03055954,5047.719,1245.938913,2.812158014,16.62114481,14.16840267,61.45902634,21.46044922,1.460407445,31.04015541,2.084683585,0.664241528,104.9660049,14.32665195,9,2.5750482188984964
CA_0005910,1993,409.6524446,467.7891182,387.9078369,-5.787646905,323.9972595,-130.6027832,62.03055954,5047.719,1245.938913,2.812158014,16.62114481,14.16840267,61.45902634,21.46044922,1.460407445,28.40346184,2.064157891,0.664864868,105.9447266,14.31126976,9,2.6437114694665516
CA_0005910,1994,432.9300837,463.3909193,386.4481201,-5.787646905,317.4149353,-130.6027832,62.03055954,5047.719,1245.938913,2.812158014,16.62114481,14.16840267,61.45902634,21.46044922,1.460407445,27.61336098,2.091493511,0.659192456,104.9228897,14.38308258,9,2.4990641514467224
CA_0005911,1989,597.51,480.8,327.54,-6.694407463,296.0920959,-130.5417,62.925,1011.263,1419.248929,4.025009331,16.42707738,14.36388874,62.05833435,20.52380943,1.720957381,31.22203712,2.152001143,0.430136932,103.6209869,99.69142914,9,2.8559463551529
CA_0005911,1990,624.71,476.31,340.0,-6.694407463,299.3101196,-130.5417,62.925,1011.263,1419.248929,4.025009331,16.42707738,14.36388874,62.05833435,20.52380943,1.720957381,30.75520668,2.301208973,0.43187229,103.9473938,100.9358902,9,2.673499177664848
CA_0005911,1991,635.15,480.13,348.12,-6.694407463,304.7167969,-130.5417,62.925,1011.263,1419.248929,4.025009331,16.42707738,14.36388874,62.05833435,20.52380943,1.720957381,30.56737709,2.399238586,0.43436767,103.3434021,101.2884323,9,2.6603875135797908
CA_0005911,1992,637.52,474.63,340.61,-6.694407463,296.1147003,-130.5417,62.925,1011.263,1419.248929,4.025009331,16.42707738,14.36388874,62.05833435,20.52380943,1.720957381,29.93562775,2.421445608,0.429941895,103.8605942,101.4338013,9,2.55025768923965
CA_0005911,1993,660.45,451.91,351.22,-6.694407463,297.9330963,-130.5417,62.925,1011.263,1419.248929,4.025009331,16.42707738,14.36388874,62.05833435,20.52380943,1.720957381,27.40885811,2.24449563,0.430261609,104.6464706,101.3618866,9,2.56174194015456
CA_0005911,1994,688.6,441.82,348.58,-6.694407463,287.5766785,-130.5417,62.925,1011.263,1419.248929,4.025009331,16.42707738,14.36388874,62.05833435,20.52380943,1.720957381,25.88064804,2.271388769,0.426584015,103.870752,102.0617325,9,2.3530022181532257
CA_0005911,1995,614.9,428.35,351.17,-6.694407463,289.2474182,-130.5417,62.925,1011.263,1419.248929,4.025009331,16.42707738,14.36388874,62.05833435,20.52380943,1.720957381,24.01438217,2.139753103,0.427122412,103.7817719,103.917009,9,2.4642183393423114
CA_0005911,1996,537.3,423.85,339.74,-6.694407463,279.8071655,-130.5417,62.925,1011.263,1419.248929,4.025009331,16.42707738,14.36388874,62.05833435,20.52380943,1.720957381,22.26034966,2.104706526,0.425188287,105.265239,106.8575592,9,2.3881884492138203
CA_0005916,1989,273.53,421.84,385.43,-4.838382959,307.6298767,-133.3792,62.2208,22070.9,1176.440315,2.421763109,15.81943589,15.40801334,55.20720291,26.68079948,1.482130549,23.29320755,1.96665585,0.703745923,104.585878,97.67088165,9,2.5866896525426317
CA_0005916,1990,263.49,421.47,396.96,-4.838382959,309.0887329,-133.3792,62.2208,22070.9,1176.440315,2.421763109,15.81943589,15.40801334,55.20720291,26.68079948,1.482130549,22.95228806,2.132339001,0.707826794,104.7988159,99.70988922,9,2.483952027353856
CA_0005916,1991,274.38,424.0,404.65,-4.838382959,312.6626221,-133.3792,62.2208,22070.9,1176.440315,2.421763109,15.81943589,15.40801334,55.20720291,26.68079948,1.482130549,21.98073502,2.25690937,0.707421265,104.0537613,100.4790329,9,2.4704097179770432
CA_0005916,1992,286.09,416.82,397.58,-4.838382959,303.3064819,-133.3792,62.2208,22070.9,1176.440315,2.421763109,15.81943589,15.40801334,55.20720291,26.68079948,1.482130549,21.86355972,2.28266263,0.702885815,104.8517975,100.6680618,9,2.3606717664159613
CA_0005916,1993,293.73,393.23,407.41,-4.838382959,300.24776,-133.3792,62.2208,22070.9,1176.440315,2.421763109,15.81943589,15.40801334,55.20720291,26.68079948,1.482130549,20.79422226,2.069554567,0.702885291,105.8672455,100.3633011,9,2.4141310415499024
CA_0005916,1994,314.57,392.07,405.79,-4.838382959,297.1440186,-133.3792,62.2208,22070.9,1176.440315,2.421763109,15.81943589,15.40801334,55.20720291,26.68079948,1.482130549,20.5306839,2.12735343,0.698209998,104.9140671,100.4646698,9,2.357060700731259
CA_0005916,1995,310.94,386.41,406.59,-4.838382959,297.3322205,-133.3792,62.2208,22070.9,1176.440315,2.421763109,15.81943589,15.40801334,55.20720291,26.68079948,1.482130549,20.21199932,1.984660745,0.698869775,104.9412857,101.5673416,9,2.417510331373125
CA_0005916,1996,257.53,372.06,398.99,-4.838382959,290.5018188,-133.3792,62.2208,22070.9,1176.440315,2.421763109,15.81943589,15.40801334,55.20720291,26.68079948,1.482130549,19.72086735,1.970489025,0.696542517,106.6146408,104.1018341,9,2.4677575662923155
CA_0005916,1997,226.86,394.01,405.62,-4.838382959,305.9680969,-133.3792,62.2208,22070.9,1176.440315,2.421763109,15.81943589,15.40801334,55.20720291,26.68079948,1.482130549,20.08322659,1.986082435,0.702560828,106.3546646,116.6823303,9,2.59467473168028
CA_0005916,1998,200.59,378.31,411.62,-4.838382959,294.2679108,-133.3792,62.2208,22070.9,1176.440315,2.421763109,15.81943589,15.40801334,55.20720291,26.68079948,1.482130549,19.43257618,2.016598463,0.703036743,107.4905838,128.8968842,9,2.3794784172211263
CA_0005916,1999,202.36,385.94,404.33,-4.838382959,296.6101532,-133.3792,62.2208,22070.9,1176.440315,2.421763109,15.81943589,15.40801334,55.20720291,26.68079948,1.482130549,18.79896679,2.168527126,0.70038573,106.3836823,144.7185638,9,2.424595150106414
CA_0005916,2000,211.73,401.65,387.06,-4.838382959,299.7912445,-133.3792,62.2208,22070.9,1176.440315,2.421763109,15.81943589,15.40801334,55.20720291,26.68079948,1.482130549,21.37077446,2.003603458,0.693377429,105.53405,158.3302734,9,2.533798101279477
CA_0005916,2001,254.39,405.62,386.26,-4.838382959,300.9439545,-133.3792,62.2208,22070.9,1176.440315,2.421763109,15.81943589,15.40801334,55.20720291,26.68079948,1.482130549,23.9491642,2.083414316,0.694159351,104.5190063,165.8797272,9,2.536381962212213
CA_0005916,2002,259.06,388.5,384.2,-4.838382959,298.1912567,-133.3792,62.2208,22070.9,1176.440315,2.421763109,15.81943589,15.40801334,55.20720291,26.68079948,1.482130549,24.24295731,2.05931139,0.691813916,104.8218445,165.7046265,9,2.6767433005438255
CA_0005916,2003,260.09,414.83,372.41,-4.838382959,307.9045105,-133.3792,62.2208,22070.9,1176.440315,2.421763109,15.81943589,15.40801334,55.20720291,26.68079948,1.482130549,25.74654121,2.086805582,0.691010657,104.5622391,165.8584015,9,2.888624326850309
CA_0005916,2004,256.04,410.21,375.34,-4.838382959,303.6099609,-133.3792,62.2208,22070.9,1176.440315,2.421763109,15.81943589,15.40801334,55.20720291,26.68079948,1.482130549,26.7685791,2.078002691,0.698887012,105.7333206,163.6011169,9,2.730866775452713
CA_0005916,2005,266.03,418.25,387.55,-4.838382959,312.1309998,-133.3792,62.2208,22070.9,1176.440315,2.421763109,15.81943589,15.40801334,55.20720291,26.68079948,1.482130549,25.38575249,2.065233946,0.694065173,105.8899261,165.770105,9,2.744605701472968
CA_0005916,2006,260.44,412.97,394.34,-4.838382959,309.3868225,-133.3792,62.2208,22070.9,1176.440315,2.421763109,15.81943589,15.40801334,55.20720291,26.68079948,1.482130549,22.84170914,2.095282316,0.693517322,105.8760818,171.3244904,9,2.6155944443155144
CA_0005916,2007,271.14,427.92,396.41,-4.838382959,311.6942566,-133.3792,62.2208,22070.9,1176.440315,2.421763109,15.81943589,15.40801334,55.20720291,26.68079948,1.482130549,22.49043655,1.957264066,0.680367297,105.0087997,176.0606842,9,2.503767212760044
CA_0005916,2008,301.54,445.69,393.53,-4.838382959,320.824292,-133.3792,62.2208,22070.9,1176.440315,2.421763109,15.81943589,15.40801334,55.20720291,26.68079948,1.482130549,24.25436707,2.11894083,0.661165051,103.0448059,179.4236328,9,2.6518266565729314
CA_0005916,2009,310.82,455.85,391.69,-4.838382959,330.7251282,-133.3792,62.2208,22070.9,1176.440315,2.421763109,15.81943589,15.40801334,55.20720291,26.68079948,1.482130549,26.33113441,2.009338617,0.642118457,102.843338,176.3704315,9,2.9286992488435537
CA_0005916,2010,280.66,433.78,393.1,-4.838382959,321.3780457,-133.3792,62.2208,22070.9,1176.440315,2.421763109,15.81943589,15.40801334,55.20720291,26.68079948,1.482130549,26.18031044,2.084066629,0.652003613,103.8149963,172.1488373,9,2.8029064222582902
CA_0005916,2011,290.66,456.12,390.16,-4.838382959,333.3638855,-133.3792,62.2208,22070.9,1176.440315,2.421763109,15.81943589,15.40801334,55.20720291,26.68079948,1.482130549,27.49090805,2.093209028,0.650112683,103.2283997,167.4797791,9,3.0648162858317067
CA_0005916,2012,300.38,454.54,390.09,-4.838382959,329.9091797,-133.3792,62.2208,22070.9,1176.440315,2.421763109,15.81943589,15.40801334,55.20720291,26.68079948,1.482130549,27.25609283,2.18067503,0.670377502,103.6896561,158.7676727,9,2.9435104716877967
CA_0005916,2013,271.5,434.7,399.01,-4.838382959,328.6578979,-133.3792,62.2208,22070.9,1176.440315,2.421763109,15.81943589,15.40801334,55.20720291,26.68079948,1.482130549,24.59248199,2.154160738,0.701102918,105.1624847,150.8452576,9,2.9609685150388376
CA_0005916,2014,270.1,433.72,397.89,-4.838382959,333.0794128,-133.3792,62.2208,22070.9,1176.440315,2.421763109,15.81943589,15.40801334,55.20720291,26.68079948,1.482130549,23.27954597,1.986656666,0.723112659,104.744545,147.1706512,9,3.180153502155116
CA_0005920,1989,382.87,572.83,317.01,-5.004905319,290.5480591,-139.1667,61.3458,640.9807,1782.714863,5.331184467,15.75622294,14.58735752,39.53835297,33.35888672,1.192903542,50.0772728,2.927831411,0.565111462,97.6017807,85.36418152,9,2.4362727660000356
CA_0005920,1990,391.55,570.53,331.9,-5.004905319,304.8315857,-139.1667,61.3458,640.9807,1782.714863,5.331184467,15.75622294,14.58735752,39.53835297,33.35888672,1.192903542,48.99030304,2.946567297,0.567533862,97.46617432,86.95996704,9,2.5872158757265495
CA_0005920,1991,432.05,579.04,337.78,-5.004905319,310.9544312,-139.1667,61.3458,640.9807,1782.714863,5.331184467,15.75622294,14.58735752,39.53835297,33.35888672,1.192903542,49.36924133,3.06516099,0.570740125,96.39810486,87.80308533,9,2.6265405093115093
CA_0005920,1992,427.43,590.04,329.55,-5.004905319,308.3406799,-139.1667,61.3458,640.9807,1782.714863,5.331184467,15.75622294,14.58735752,39.53835297,33.35888672,1.192903542,51.58482819,3.091306925,0.57049585,96.17473297,88.08925629,9,2.754056052796235
CA_0005920,1993,384.8,557.38,345.48,-5.004905319,316.9096619,-139.1667,61.3458,640.9807,1782.714863,5.331184467,15.75622294,14.58735752,39.53835297,33.35888672,1.192903542,50.73800964,2.999180794,0.570313037,98.52825623,88.00631104,9,2.7519431693838454
CA_0005920,1994,372.26,553.61,342.16,-5.004905319,314.8921692,-139.1667,61.3458,640.9807,1782.714863,5.331184467,15.75622294,14.58735752,39.53835297,33.35888672,1.192903542,49.47254639,3.047840834,0.568521887,97.36598663,88.39398193,9,2.791933457866511
CA_0005920,1995,377.08,542.85,342.02,-5.004905319,313.5673889,-139.1667,61.3458,640.9807,1782.714863,5.331184467,15.75622294,14.58735752,39.53835297,33.35888672,1.192903542,49.07538834,2.990989685,0.569140637,96.81290741,88.72595825,9,2.795764354143856
CA_0005920,1996,352.49,516.6,337.99,-5.004905319,306.6057922,-139.1667,61.3458,640.9807,1782.714863,5.331184467,15.75622294,14.58735752,39.53835297,33.35888672,1.192903542,47.64271774,2.948096514,0.563129688,98.97649994,90.30059967,9,2.7656316297255503
CA_0005920,1997,353.94,505.53,346.07,-5.004905319,313.1070435,-139.1667,61.3458,640.9807,1782.714863,5.331184467,15.75622294,14.58735752,39.53835297,33.35888672,1.192903542,46.80767899,2.929128885,0.56548125,99.46987152,92.54768219,9,2.886186097417277
CA_0005920,1998,320.18,488.31,342.04,-5.004905319,306.4229553,-139.1667,61.3458,640.9807,1782.714863,5.331184467,15.75622294,14.58735752,39.53835297,33.35888672,1.192903542,45.68142929,2.979436636,0.569184363,98.93659515,97.19592743,9,2.830232447214606
CA_0005920,1999,279.19,487.86,337.2,-5.004905319,303.7838684,-139.1667,61.3458,640.9807,1782.714863,5.331184467,15.75622294,14.58735752,39.53835297,33.35888672,1.192903542,45.58627777,3.012745857,0.564142688,98.19329834,104.9550949,9,2.8597399562863437
CA_0005920,2000,241.76,503.39,322.14,-5.004905319,293.4778503,-139.1667,61.3458,640.9807,1782.714863,5.331184467,15.75622294,14.58735752,39.53835297,33.35888672,1.192903542,47.348909,2.951141357,0.560498413,97.55541077,111.0347855,9,2.7536962751504
CA_0005920,2001,252.67,500.89,322.24,-5.004905319,294.2620544,-139.1667,61.3458,640.9807,1782.714863,5.331184467,15.75622294,14.58735752,39.53835297,33.35888672,1.192903542,48.13368225,2.98322916,0.560148938,96.17980499,116.5724335,9,2.805075522711265
CA_0005920,2002,233.87,472.39,323.51,-5.004905319,292.4787537,-139.1667,61.3458,640.9807,1782.714863,5.331184467,15.75622294,14.58735752,39.53835297,33.35888672,1.192903542,46.59677048,2.981543064,0.5564729,96.7460556,126.3402191,9,2.876707497672129
CA_0005920,2003,268.1,483.72,314.7,-5.004905319,288.2977295,-139.1667,61.3458,640.9807,1782.714863,5.331184467,15.75622294,14.58735752,39.53835297,33.35888672,1.192903542,47.45677948,2.897982597,0.549455713,96.68751526,131.0098373,9,2.8921402168967427
CA_0005920,2004,343.78,469.88,318.81,-5.004905319,282.8737427,-139.1667,61.3458,640.9807,1782.714863,5.331184467,15.75622294,14.58735752,39.53835297,33.35888672,1.192903542,47.30705414,2.901188135,0.54790625,97.28295135,130.8651077,9,2.6001723237784278
CA_0005920,2005,399.26,474.09,331.79,-5.004905319,294.8598755,-139.1667,61.3458,640.9807,1782.714863,5.331184467,15.75622294,14.58735752,39.53835297,33.35888672,1.192903542,46.55305939,2.930028439,0.538119275,97.76266632,134.1367615,9,2.7211392649728707
CA_0005920,2006,379.01,483.58,335.81,-5.004905319,300.6149902,-139.1667,61.3458,640.9807,1782.714863,5.331184467,15.75622294,14.58735752,39.53835297,33.35888672,1.192903542,47.37897873,3.021022558,0.541978125,97.1002121,137.4601563,9,2.7885919531616405
CA_0005920,2007,402.64,492.04,337.8,-5.004905319,300.6775024,-139.1667,61.3458,640.9807,1782.714863,5.331184467,15.75622294,14.58735752,39.53835297,33.35888672,1.192903542,48.2955986,2.859441519,0.536630737,96.64762573,140.7982483,9,2.6760000170422216
CA_0005920,2008,398.91,522.65,335.33,-5.004905319,304.0270447,-139.1667,61.3458,640.9807,1782.714863,5.331184467,15.75622294,14.58735752,39.53835297,33.35888672,1.192903542,50.3292923,2.953541756,0.534158862,94.91593781,148.4646179,9,2.6954793171058737
CA_0005920,2009,369.85,529.53,333.79,-5.004905319,312.5559143,-139.1667,61.3458,640.9807,1782.714863,5.331184467,15.75622294,14.58735752,39.53835297,33.35888672,1.192903542,53.65159302,2.917537689,0.527746875,95.4522644,155.8734192,9,3.169526115591806
CA_0005920,2010,344.77,497.26,332.93,-5.004905319,305.3178528,-139.1667,61.3458,640.9807,1782.714863,5.331184467,15.75622294,14.58735752,39.53835297,33.35888672,1.192903542,52.57535172,2.971174002,0.53753125,95.6863205,158.2373718,9,3.0152368608572813
CA_0005920,2011,343.81,500.59,332.19,-5.004905319,305.1822876,-139.1667,61.3458,640.9807,1782.714863,5.331184467,15.75622294,14.58735752,39.53835297,33.35888672,1.192903542,50.80477295,3.008470774,0.53771615,95.52898102,161.8188416,9,3.01110588789485
CA_0005920,2012,293.5,508.1,325.86,-5.004905319,301.7610352,-139.1667,61.3458,640.9807,1782.714863,5.331184467,15.75622294,14.58735752,39.53835297,33.35888672,1.192903542,50.83826675,3.010355234,0.537896863,94.51060028,162.5129669,9,3.021345860915238
CA_0005920,2013,273.41,484.92,334.67,-5.004905319,304.2159241,-139.1667,61.3458,640.9807,1782.714863,5.331184467,15.75622294,14.58735752,39.53835297,33.35888672,1.192903542,48.37398605,3.002504587,0.57436615,95.19833832,158.6552551,9,2.989333518777175
CA_0005920,2014,290.29,495.42,329.48,-5.004905319,304.1635315,-139.1667,61.3458,640.9807,1782.714863,5.331184467,15.75622294,14.58735752,39.53835297,33.35888672,1.192903542,48.38922272,2.92463541,0.591545325,93.90493927,154.2155151,9,3.105194198216352
CA_0005921,1999,74.70614104,282.5279576,420.014502,-4.397255635,260.1679688,-139.0426025,62.20497131,10315.87,1175.188784,2.550875306,15.12239496,18.78968239,51.8520813,24.35929298,1.433085075,9.290529251,2.809747458,0.710741492,101.0322876,136.8279434,9,3.1058494863393618
CA_0005921,2000,93.09743088,294.9341629,403.7620483,-4.397255635,266.5835632,-139.0426025,62.20497131,10315.87,1175.188784,2.550875306,15.12239496,18.78968239,51.8520813,24.35929298,1.433085075,11.36981869,2.800565195,0.704259314,100.1113678,147.6862274,9,3.1381334631609743
CA_0005921,2001,107.3542874,295.8194866,399.0504272,-4.397255635,270.531604,-139.0426025,62.20497131,10315.87,1175.188784,2.550875306,15.12239496,18.78968239,51.8520813,24.35929298,1.433085075,13.66173372,2.820434761,0.70247478,98.7531189,154.7393387,9,3.427838428080313
CA_0005921,2002,102.119873,281.5134933,403.3748291,-4.397255635,261.6320496,-139.0426025,62.20497131,10315.87,1175.188784,2.550875306,15.12239496,18.78968239,51.8520813,24.35929298,1.433085075,12.82597198,2.827089787,0.696926428,99.29044342,139.0468613,9,3.458301283472418
CA_0005921,2003,115.9650415,294.7410045,395.469281,-4.397255635,267.2715179,-139.0426025,62.20497131,10315.87,1175.188784,2.550875306,15.12239496,18.78968239,51.8520813,24.35929298,1.433085075,12.25981684,2.813268566,0.691186536,98.75944214,127.7536316,9,3.291830413217458
CA_0005921,2004,125.2674625,284.4102121,400.0051758,-4.397255635,259.7315033,-139.0426025,62.20497131,10315.87,1175.188784,2.550875306,15.12239496,18.78968239,51.8520813,24.35929298,1.433085075,11.89616632,2.778517866,0.692564404,98.98373871,121.4291809,9,3.1945101799890474
CA_0005921,2005,109.4071521,286.9273326,411.0253296,-4.397255635,265.8074127,-139.0426025,62.20497131,10315.87,1175.188784,2.550875306,15.12239496,18.78968239,51.8520813,24.35929298,1.433085075,10.73848906,2.772306395,0.683728589,99.66365204,118.781221,9,3.3890663503885174
CA_0005921,2006,92.54900653,287.4676228,417.9262634,-4.397255635,265.2825592,-139.0426025,62.20497131,10315.87,1175.188784,2.550875306,15.12239496,18.78968239,51.8520813,24.35929298,1.433085075,9.259655476,2.773942041,0.679451611,99.42708588,114.0513916,9,3.2412533832012564
CA_0005921,2007,91.39367681,294.4928237,417.2168579,-4.397255635,270.0274323,-139.0426025,62.20497131,10315.87,1175.188784,2.550875306,15.12239496,18.78968239,51.8520813,24.35929298,1.433085075,9.645764923,2.743155336,0.660479871,98.92164001,109.7951828,9,3.23561394032253
CA_0005921,2008,98.77044742,316.5019866,412.0153992,-4.397255635,289.2392212,-139.0426025,62.20497131,10315.87,1175.188784,2.550875306,15.12239496,18.78968239,51.8520813,24.35929298,1.433085075,11.32199917,2.75384531,0.64972218,96.95609436,105.8009369,9,3.6173862040391893
CA_0005921,2010,100.5686959,303.6209152,413.2490173,-4.397255635,281.9745605,-139.0426025,62.20497131,10315.87,1175.188784,2.550875306,15.12239496,18.78968239,51.8520813,24.35929298,1.433085075,11.01228743,2.771340227,0.631941479,97.74835815,87.82341156,9,3.7248343246542874
CA_0005921,2011,124.2295203,316.0125446,409.8397583,-4.397255635,290.9032532,-139.0426025,62.20497131,10315.87,1175.188784,2.550875306,15.12239496,18.78968239,51.8520813,24.35929298,1.433085075,10.34651718,2.761521721,0.625195923,97.00245056,81.58518829,9,3.812482481018403
CA_0005921,2012,137.5336822,317.9944978,405.3001709,-4.397255635,290.8262756,-139.0426025,62.20497131,10315.87,1175.188784,2.550875306,15.12239496,18.78968239,51.8520813,24.35929298,1.433085075,11.13481922,2.794026899,0.635966638,96.21573029,72.00969391,9,3.7717047452538903
CA_0005921,2013,145.0254087,297.7672545,414.0394348,-4.397255635,277.0494141,-139.0426025,62.20497131,10315.87,1175.188784,2.550875306,15.12239496,18.78968239,51.8520813,24.35929298,1.433085075,10.75775738,2.796991062,0.660623962,97.20508118,61.47965469,9,3.6453724897965962
CA_0005921,2014,145.880575,305.4399442,408.1262573,-4.397255635,283.2328674,-139.0426025,62.20497131,10315.87,1175.188784,2.550875306,15.12239496,18.78968239,51.8520813,24.35929298,1.433085075,9.740250015,2.798972607,0.673042529,95.97025757,52.89727173,9,3.801118502285343
CA_0005922,1989,469.04,786.7,279.8,-5.965227985,270.9138062,-140.5583,61.9875,5936.39,1835.640965,5.099671096,21.24080588,12.12446499,36.6799469,34.11686707,1.690554811,60.83255386,2.811221123,0.58271947,92.96304474,104.2298538,9,2.4259341981964555
CA_0005922,1990,534.34,770.51,294.46,-5.965227985,284.0709717,-140.5583,61.9875,5936.39,1835.640965,5.099671096,21.24080588,12.12446499,36.6799469,34.11686707,1.690554811,60.23230133,2.801481962,0.58590415,93.42776184,106.7518066,9,2.4712019713763023
CA_0005922,1991,555.85,790.94,301.29,-5.965227985,291.8755432,-140.5583,61.9875,5936.39,1835.640965,5.099671096,21.24080588,12.12446499,36.6799469,34.11686707,1.690554811,60.82599792,2.923150063,0.586787,92.60952759,108.1557587,9,2.5587592966221306
CA_0005922,1992,578.69,800.89,294.91,-5.965227985,287.720401,-140.5583,61.9875,5936.39,1835.640965,5.099671096,21.24080588,12.12446499,36.6799469,34.11686707,1.690554811,61.95696182,2.943876266,0.580488281,92.72917023,108.5207291,9,2.6837452406031415
CA_0005922,1993,625.91,763.88,309.24,-5.965227985,299.7846527,-140.5583,61.9875,5936.39,1835.640965,5.099671096,21.24080588,12.12446499,36.6799469,34.11686707,1.690554811,61.52041855,2.872068882,0.581159497,95.18238068,108.2726166,9,2.6961206229847208
CA_0005922,1994,580.51,749.07,305.92,-5.965227985,297.1374237,-140.5583,61.9875,5936.39,1835.640965,5.099671096,21.24080588,12.12446499,36.6799469,34.11686707,1.690554811,61.65962143,2.904024124,0.580236572,94.08525238,108.4260803,9,2.766856636519539
CA_0005922,1995,562.54,744.41,303.78,-5.965227985,296.5256805,-140.5583,61.9875,5936.39,1835.640965,5.099671096,21.24080588,12.12446499,36.6799469,34.11686707,1.690554811,62.12983475,2.808184862,0.582809033,93.00899353,108.2822266,9,2.9187252763818217
CA_0005922,1996,518.5,713.45,297.86,-5.965227985,289.182254,-140.5583,61.9875,5936.39,1835.640965,5.099671096,21.24080588,12.12446499,36.6799469,34.11686707,1.690554811,61.52778015,2.79839325,0.582226379,94.63936615,109.9502808,9,2.8032506336133998
CA_0005922,1997,505.94,690.95,306.05,-5.965227985,296.3023926,-140.5583,61.9875,5936.39,1835.640965,5.099671096,21.24080588,12.12446499,36.6799469,34.11686707,1.690554811,60.70594635,2.796911955,0.592285181,95.13958588,137.9039352,9,2.863532647332166
CA_0005922,1998,480.33,664.14,301.46,-5.965227985,290.8577759,-140.5583,61.9875,5936.39,1835.640965,5.099671096,21.24080588,12.12446499,36.6799469,34.11686707,1.690554811,59.49039536,2.822380066,0.594963318,94.60276337,160.0444214,9,2.8326423700172785
CA_0005922,1999,513.33,670.66,297.6,-5.965227985,290.0281799,-140.5583,61.9875,5936.39,1835.640965,5.099671096,21.24080588,12.12446499,36.6799469,34.11686707,1.690554811,59.55564728,2.856335163,0.592626892,94.21239166,179.0572937,9,3.0722132251949454
CA_0005922,2000,487.84,688.55,283.56,-5.965227985,276.420871,-140.5583,61.9875,5936.39,1835.640965,5.099671096,21.24080588,12.12446499,36.6799469,34.11686707,1.690554811,59.99924088,2.787334681,0.586957373,94.20056152,194.9499435,9,2.895520262198892
CA_0005922,2001,540.72,686.93,285.29,-5.965227985,278.2495026,-140.5583,61.9875,5936.39,1835.640965,5.099671096,21.24080588,12.12446499,36.6799469,34.11686707,1.690554811,60.03053589,2.797780991,0.585496326,93.1193634,207.2431396,9,2.932319188030409
CA_0005922,2002,551.3,660.83,284.93,-5.965227985,278.3094391,-140.5583,61.9875,5936.39,1835.640965,5.099671096,21.24080588,12.12446499,36.6799469,34.11686707,1.690554811,60.25814819,2.839917421,0.581487048,93.351474,192.8925781,9,3.0782329948043112
CA_0005922,2003,550.79,673.85,278.64,-5.965227985,274.531424,-140.5583,61.9875,5936.39,1835.640965,5.099671096,21.24080588,12.12446499,36.6799469,34.11686707,1.690554811,61.73008575,2.778315544,0.579474329,93.81036224,182.4419342,9,3.3644216083431053
CA_0005922,2004,572.65,650.61,283.26,-5.965227985,269.4527374,-140.5583,61.9875,5936.39,1835.640965,5.099671096,21.24080588,12.12446499,36.6799469,34.11686707,1.690554811,60.0970253,2.763735533,0.575098853,94.74186096,175.4882904,9,2.4508491385230267
CA_0005922,2005,613.16,651.12,296.08,-5.965227985,281.8358765,-140.5583,61.9875,5936.39,1835.640965,5.099671096,21.24080588,12.12446499,36.6799469,34.11686707,1.690554811,58.73238983,2.765339851,0.573686267,95.42919312,172.3946533,9,2.5504602383732
CA_0005922,2006,590.78,663.3,299.56,-5.965227985,286.6352478,-140.5583,61.9875,5936.39,1835.640965,5.099671096,21.24080588,12.12446499,36.6799469,34.11686707,1.690554811,59.34698944,2.862343788,0.569631433,95.30455627,166.5638336,9,2.634207487074132
CA_0005922,2007,630.32,667.85,303.58,-5.965227985,287.8679504,-140.5583,61.9875,5936.39,1835.640965,5.099671096,21.24080588,12.12446499,36.6799469,34.11686707,1.690554811,59.36640472,2.737982273,0.565247522,95.84813843,163.6569794,9,2.4837798169787195
CA_0005922,2008,615.8,704.99,300.02,-5.965227985,285.0822388,-140.5583,61.9875,5936.39,1835.640965,5.099671096,21.24080588,12.12446499,36.6799469,34.11686707,1.690554811,59.81263504,2.827921867,0.54645752,94.00663147,161.7419128,9,2.3897889811234148
CA_0005922,2009,604.14,705.3,298.7,-5.965227985,290.7204163,-140.5583,61.9875,5936.39,1835.640965,5.099671096,21.24080588,12.12446499,36.6799469,34.11686707,1.690554811,62.22973251,2.783772945,0.540323938,94.46777191,156.0550262,9,2.9108313587732706
CA_0005922,2010,607.38,670.12,295.57,-5.965227985,286.4812073,-140.5583,61.9875,5936.39,1835.640965,5.099671096,21.24080588,12.12446499,36.6799469,34.11686707,1.690554811,63.0624527,2.83716011,0.540707166,94.19112091,145.0773209,9,2.8848742744098836
CA_0005922,2011,613.56,676.6,293.4,-5.965227985,284.3265686,-140.5583,61.9875,5936.39,1835.640965,5.099671096,21.24080588,12.12446499,36.6799469,34.11686707,1.690554811,62.55111084,2.868625879,0.544160498,93.68666382,138.4314224,9,2.8390319903294836
CA_0005922,2012,583.92,687.61,285.27,-5.965227985,278.2933289,-140.5583,61.9875,5936.39,1835.640965,5.099671096,21.24080588,12.12446499,36.6799469,34.11686707,1.690554811,62.38255005,2.893939018,0.53497298,92.25444641,126.5712067,9,2.937494225902085
CA_0005922,2013,652.13,677.9,295.64,-5.965227985,286.5256531,-140.5583,61.9875,5936.39,1835.640965,5.099671096,21.24080588,12.12446499,36.6799469,34.11686707,1.690554811,61.51721497,2.888538122,0.566041351,93.45365448,112.8148285,9,2.855273944447023
CA_0005922,2014,631.28,696.2,290.34,-5.965227985,284.3735474,-140.5583,61.9875,5936.39,1835.640965,5.099671096,21.24080588,12.12446499,36.6799469,34.11686707,1.690554811,61.95392303,2.804671288,0.570125336,92.30161438,100.5002045,9,3.099640451811019
CA_0005925,1989,391.27,435.94,330.37,-6.920217419,289.8409729,-131.5,63.3333,4731.14,1408.154136,3.410952318,15.76797064,14.53147316,61.97165298,20.85140228,1.342577972,28.46804008,2.239135027,0.499689337,103.2743912,14.7768055,9,2.8551232726577953
CA_0005925,1990,474.6,431.23,343.31,-6.920217419,293.6807434,-131.5,63.3333,4731.14,1408.154136,3.410952318,15.76797064,14.53147316,61.97165298,20.85140228,1.342577972,28.04413109,2.375398874,0.502163214,103.6313599,14.9676939,9,2.7440987484221013
CA_0005925,1991,498.52,435.44,352.18,-6.920217419,298.9390747,-131.5,63.3333,4731.14,1408.154136,3.410952318,15.76797064,14.53147316,61.97165298,20.85140228,1.342577972,28.38654404,2.452908039,0.504467987,103.1862564,15.02044029,9,2.7191795888731125
CA_0005925,1992,551.11,432.4,343.63,-6.920217419,290.8958527,-131.5,63.3333,4731.14,1408.154136,3.410952318,15.76797064,14.53147316,61.97165298,20.85140228,1.342577972,28.03857536,2.471288681,0.498829669,103.5840271,15.0415575,9,2.621104005529435
CA_0005925,1993,546.8,414.7,353.92,-6.920217419,290.1904999,-131.5,63.3333,4731.14,1408.154136,3.410952318,15.76797064,14.53147316,61.97165298,20.85140228,1.342577972,25.83364906,2.324980497,0.498583093,104.316185,15.02819614,9,2.5694633390670787
CA_0005925,1994,525.3,403.75,351.67,-6.920217419,281.2072388,-131.5,63.3333,4731.14,1408.154136,3.410952318,15.76797064,14.53147316,61.97165298,20.85140228,1.342577972,24.27667656,2.353893518,0.495510754,103.6436111,15.12586803,9,2.4158225168176304
CA_0005925,1995,487.24,388.0,355.33,-6.920217419,280.4845215,-131.5,63.3333,4731.14,1408.154136,3.410952318,15.76797064,14.53147316,61.97165298,20.85140228,1.342577972,22.16186028,2.243954659,0.496110571,103.4820511,15.40389977,9,2.4924204765129283
CA_0005925,1996,471.33,388.56,342.7,-6.920217419,272.6336121,-131.5,63.3333,4731.14,1408.154136,3.410952318,15.76797064,14.53147316,61.97165298,20.85140228,1.342577972,20.70684547,2.190029144,0.495009332,104.8748749,15.84419079,9,2.4170395736459827
CA_0005926,1999,318.53,310.67,375.03,-4.733100462,270.902887,-134.1333,64.0208,4648.366,1198.69873,4.124950171,14.96884321,14.25471973,62.19897842,20.76865959,1.161291669,10.03192501,2.692672729,0.554565173,103.1497238,16.31293201,9,3.1916676101036754
CA_0005926,2000,327.63,329.99,353.06,-4.733100462,270.8186462,-134.1333,64.0208,4648.366,1198.69873,4.124950171,14.96884321,14.25471973,62.19897842,20.76865959,1.161291669,12.18825302,2.587924242,0.550295874,102.5161285,15.89676247,9,3.017867211730667
CA_0005926,2001,317.21,327.14,355.92,-4.733100462,273.2875793,-134.1333,64.0208,4648.366,1198.69873,4.124950171,14.96884321,14.25471973,62.19897842,20.76865959,1.161291669,14.37272301,2.691332102,0.550103406,101.675383,14.69413757,9,3.1618673158663735
CA_0005926,2002,305.51,320.72,354.28,-4.733100462,272.9951904,-134.1333,64.0208,4648.366,1198.69873,4.124950171,14.96884321,14.25471973,62.19897842,20.76865959,1.161291669,14.87368221,2.655254126,0.547562708,101.6761826,14.88775501,9,3.3527114487039205
CA_0005926,2003,319.46,351.83,336.51,-4.733100462,286.4582947,-134.1333,64.0208,4648.366,1198.69873,4.124950171,14.96884321,14.25471973,62.19897842,20.76865959,1.161291669,16.87043591,2.673070192,0.545396582,101.12966,15.01855221,9,3.801099233496091
CA_0005926,2004,335.12,341.55,335.82,-4.733100462,270.2468414,-134.1333,64.0208,4648.366,1198.69873,4.124950171,14.96884321,14.25471973,62.19897842,20.76865959,1.161291669,18.04925213,2.549012423,0.545607044,102.2777145,15.6162817,9,3.0726107876227755
CA_0005926,2005,329.97,347.88,355.6,-4.733100462,282.6933746,-134.1333,64.0208,4648.366,1198.69873,4.124950171,14.96884321,14.25471973,62.19897842,20.76865959,1.161291669,17.30481205,2.604783535,0.530994879,103.322464,17.8324295,9,3.1755242546861084
CA_0005926,2006,362.7,340.03,363.01,-4.733100462,279.7896515,-134.1333,64.0208,4648.366,1198.69873,4.124950171,14.96884321,14.25471973,62.19897842,20.76865959,1.161291669,15.76189308,2.653193235,0.543860846,103.8046906,20.25108414,9,3.0662414192837244
CA_0005926,2007,373.67,341.84,369.61,-4.733100462,276.2186981,-134.1333,64.0208,4648.366,1198.69873,4.124950171,14.96884321,14.25471973,62.19897842,20.76865959,1.161291669,15.62722321,2.487358332,0.541250861,104.7646805,21.47758675,9,2.7715544613190417
CA_0005926,2008,382.78,361.5,369.58,-4.733100462,285.7683319,-134.1333,64.0208,4648.366,1198.69873,4.124950171,14.96884321,14.25471973,62.19897842,20.76865959,1.161291669,17.97764244,2.621641397,0.531491773,103.3107788,21.97182846,9,2.8181173590244537
CA_0005926,2009,408.25,370.91,368.46,-4.733100462,299.2025024,-134.1333,64.0208,4648.366,1198.69873,4.124950171,14.96884321,14.25471973,62.19897842,20.76865959,1.161291669,19.73558674,2.581316233,0.545729297,102.0782059,21.83479958,9,3.2771800684331547
CA_0005926,2010,386.56,347.92,363.11,-4.733100462,289.0130493,-134.1333,64.0208,4648.366,1198.69873,4.124950171,14.96884321,14.25471973,62.19897842,20.76865959,1.161291669,18.90443993,2.640566826,0.565392938,102.0589569,17.85701818,9,3.3631543483426327
CA_0005926,2011,385.37,385.98,360.8,-4.733100462,303.8948914,-134.1333,64.0208,4648.366,1198.69873,4.124950171,14.96884321,14.25471973,62.19897842,20.76865959,1.161291669,19.58971004,2.576759577,0.542386737,101.5586136,13.84793892,9,3.4071541375148984
CA_0005926,2012,389.28,389.92,356.55,-4.733100462,305.4615295,-134.1333,64.0208,4648.366,1198.69873,4.124950171,14.96884321,14.25471973,62.19897842,20.76865959,1.161291669,19.28802662,2.681617975,0.554903033,100.5807205,10.99671507,9,3.539030567233787
CA_0005926,2013,383.65,379.32,361.59,-4.733100462,303.3771423,-134.1333,64.0208,4648.366,1198.69873,4.124950171,14.96884321,14.25471973,62.19897842,20.76865959,1.161291669,16.85504742,2.679988146,0.579531738,101.775621,7.871865654,9,3.4924591910817444
CA_0005926,2014,373.87,384.45,361.09,-4.733100462,311.9328491,-134.1333,64.0208,4648.366,1198.69873,4.124950171,14.96884321,14.25471973,62.19897842,20.76865959,1.161291669,16.23183002,2.618604898,0.578976575,101.6380295,5.155303764,9,3.943933834853212
CA_0005931,1989,279.19,343.07,374.5,-5.025501633,275.010498,-139.2625,63.275,50600.03,1058.874036,3.508982028,15.52870675,15.87797451,56.58680344,24.90896797,1.329522058,14.64747734,2.362788677,0.703876245,101.4797501,33.76708488,9,2.6413396132163256
CA_0005931,1990,281.02,341.0,387.8,-5.025501633,274.7751526,-139.2625,63.275,50600.03,1058.874036,3.508982028,15.52870675,15.87797451,56.58680344,24.90896797,1.329522058,15.47557449,2.430469275,0.707524268,101.9499786,34.17728386,9,2.5201198295666405
CA_0005931,1991,278.81,345.6,395.49,-5.025501633,279.3859741,-139.2625,63.275,50600.03,1058.874036,3.508982028,15.52870675,15.87797451,56.58680344,24.90896797,1.329522058,16.45202904,2.560159206,0.70950752,101.6538742,34.07389946,9,2.5260864868936266
CA_0005931,1992,302.68,345.86,386.42,-5.025501633,275.8701843,-139.2625,63.275,50600.03,1058.874036,3.508982028,15.52870675,15.87797451,56.58680344,24.90896797,1.329522058,16.68094215,2.565412521,0.704582324,101.9171448,33.1519249,9,2.495804529159063
CA_0005931,1993,305.73,337.6,396.01,-5.025501633,272.2672791,-139.2625,63.275,50600.03,1058.874036,3.508982028,15.52870675,15.87797451,56.58680344,24.90896797,1.329522058,16.32304344,2.460531235,0.700932227,102.9354294,32.55217934,9,2.4131973766448054
CA_0005931,1994,314.74,333.85,394.54,-5.025501633,269.9793182,-139.2625,63.275,50600.03,1058.874036,3.508982028,15.52870675,15.87797451,56.58680344,24.90896797,1.329522058,15.95765591,2.516494036,0.697446179,102.1524017,32.01264381,9,2.410866843215438
CA_0005931,1995,302.83,327.22,396.16,-5.025501633,272.7568024,-139.2625,63.275,50600.03,1058.874036,3.508982028,15.52870675,15.87797451,56.58680344,24.90896797,1.329522058,14.45577908,2.42683816,0.696833435,101.5436737,32.62809563,9,2.607250226074962
CA_0005931,1996,292.35,327.89,386.74,-5.025501633,270.3906952,-139.2625,63.275,50600.03,1058.874036,3.508982028,15.52870675,15.87797451,56.58680344,24.90896797,1.329522058,13.04650936,2.361710548,0.693420947,102.7559631,34.40717087,9,2.600368509631155
CA_0005931,1997,282.35,337.55,393.81,-5.025501633,281.2448761,-139.2625,63.275,50600.03,1058.874036,3.508982028,15.52870675,15.87797451,56.58680344,24.90896797,1.329522058,13.30572376,2.372629404,0.699351489,102.8987473,35.53458366,9,2.756737962504057
CA_0005931,1998,258.13,316.49,398.48,-5.025501633,270.2912964,-139.2625,63.275,50600.03,1058.874036,3.508982028,15.52870675,15.87797451,56.58680344,24.90896797,1.329522058,12.46235027,2.449756861,0.702895898,103.8014633,37.61008224,9,2.715599369695573
CA_0005931,1999,254.71,330.49,395.22,-5.025501633,279.3388031,-139.2625,63.275,50600.03,1058.874036,3.508982028,15.52870675,15.87797451,56.58680344,24.90896797,1.329522058,12.34915352,2.504751682,0.699358972,103.4786209,39.8299408,9,2.8124901605552988
CA_0005931,2000,281.32,348.65,375.78,-5.025501633,278.8429291,-139.2625,63.275,50600.03,1058.874036,3.508982028,15.52870675,15.87797451,56.58680344,24.90896797,1.329522058,14.86009102,2.376827002,0.69522688,102.8876984,40.8683548,9,2.6761168152215693
CA_0005931,2001,301.13,345.85,376.68,-5.025501633,281.5887909,-139.2625,63.275,50600.03,1058.874036,3.508982028,15.52870675,15.87797451,56.58680344,24.90896797,1.329522058,17.31861191,2.472292423,0.692848999,101.8470612,39.54041367,9,2.8212550229807554
CA_0005931,2002,287.53,340.04,376.07,-5.025501633,280.7282379,-139.2625,63.275,50600.03,1058.874036,3.508982028,15.52870675,15.87797451,56.58680344,24.90896797,1.329522058,17.79919701,2.434996605,0.6888375,101.9009186,38.9510582,9,2.908004645067964
CA_0005931,2003,294.93,370.5,362.76,-5.025501633,292.5878662,-139.2625,63.275,50600.03,1058.874036,3.508982028,15.52870675,15.87797451,56.58680344,24.90896797,1.329522058,19.29326477,2.444120407,0.685305444,101.370517,38.7167099,9,3.075717938558537
CA_0005931,2004,292.47,360.62,362.95,-5.025501633,277.4868134,-139.2625,63.275,50600.03,1058.874036,3.508982028,15.52870675,15.87797451,56.58680344,24.90896797,1.329522058,20.06546631,2.339174986,0.686796375,102.257019,39.94127884,9,2.613105980390649
CA_0005931,2005,287.98,366.33,378.27,-5.025501633,288.6508148,-139.2625,63.275,50600.03,1058.874036,3.508982028,15.52870675,15.87797451,56.58680344,24.90896797,1.329522058,18.84283447,2.389693975,0.674490979,103.181131,45.46997604,9,2.728894798082145
CA_0005931,2006,275.27,358.84,385.17,-5.025501633,285.5652191,-139.2625,63.275,50600.03,1058.874036,3.508982028,15.52870675,15.87797451,56.58680344,24.90896797,1.329522058,16.92686291,2.452826023,0.679058057,103.6641541,50.31879425,9,2.644029706497661
CA_0005931,2007,288.4,359.83,389.62,-5.025501633,284.1669952,-139.2625,63.275,50600.03,1058.874036,3.508982028,15.52870675,15.87797451,56.58680344,24.90896797,1.329522058,16.64381351,2.277040482,0.676493628,104.1695557,52.75143356,9,2.5311998715649104
CA_0005931,2008,301.22,380.73,386.58,-5.025501633,294.4845245,-139.2625,63.275,50600.03,1058.874036,3.508982028,15.52870675,15.87797451,56.58680344,24.90896797,1.329522058,19.15460224,2.429833174,0.660606043,102.528624,53.88696594,9,2.6214663401898926
CA_0005931,2009,312.49,388.97,385.79,-5.025501633,308.3802673,-139.2625,63.275,50600.03,1058.874036,3.508982028,15.52870675,15.87797451,56.58680344,24.90896797,1.329522058,21.27003345,2.367875814,0.658097864,101.9109436,52.90161819,9,3.0396067356232632
CA_0005931,2010,285.58,366.69,383.2,-5.025501633,297.2613464,-139.2625,63.275,50600.03,1058.874036,3.508982028,15.52870675,15.87797451,56.58680344,24.90896797,1.329522058,20.52400589,2.429974079,0.673406506,101.8788086,46.08720474,9,2.998055840868067
CA_0005931,2011,290.25,400.94,379.02,-5.025501633,311.6983398,-139.2625,63.275,50600.03,1058.874036,3.508982028,15.52870675,15.87797451,56.58680344,24.90896797,1.329522058,21.31026554,2.364427328,0.65822865,101.1832184,41.42340927,9,3.1161812311422503
CA_0005931,2012,295.8,401.14,375.92,-5.025501633,309.8877747,-139.2625,63.275,50600.03,1058.874036,3.508982028,15.52870675,15.87797451,56.58680344,24.90896797,1.329522058,21.26204624,2.482990503,0.667880054,100.4326553,40.10814514,9,3.094337176441662
CA_0005931,2013,285.46,381.74,383.5,-5.025501633,303.9678162,-139.2625,63.275,50600.03,1058.874036,3.508982028,15.52870675,15.87797451,56.58680344,24.90896797,1.329522058,18.25663452,2.475904703,0.70112959,101.7939682,38.50947723,9,3.0122441986456043
CA_0005931,2014,284.65,384.65,381.23,-5.025501633,311.4216003,-139.2625,63.275,50600.03,1058.874036,3.508982028,15.52870675,15.87797451,56.58680344,24.90896797,1.329522058,16.93777847,2.401953459,0.711601172,101.507489,37.15417938,9,3.3536032881973803
CA_0005931,2015,256.59,400.44,382.95,-5.025501633,317.7469421,-139.2625,63.275,50600.03,1058.874036,3.508982028,15.52870675,15.87797451,56.58680344,24.90896797,1.329522058,17.942589,2.352997541,0.719227539,101.0165588,38.79782486,9,3.3300456229941036
CA_0005932,1989,225.66,326.57,379.46,-4.258355522,271.8890167,-137.2667,63.6083,4949.484,1025.330036,3.368250654,14.69343512,14.21454048,60.935215,21.10093117,1.338542046,12.56313438,2.561356783,0.698323962,100.5958267,49.86566238,9,2.7663147810351045
CA_0005932,1990,216.04,327.13,394.58,-4.258355522,271.1276459,-137.2667,63.6083,4949.484,1025.330036,3.368250654,14.69343512,14.21454048,60.935215,21.10093117,1.338542046,13.92391567,2.598931313,0.702725501,101.0174805,49.89593582,9,2.5639472715957674
CA_0005932,1991,218.49,331.06,403.37,-4.258355522,273.9382111,-137.2667,63.6083,4949.484,1025.330036,3.368250654,14.69343512,14.21454048,60.935215,21.10093117,1.338542046,15.24223633,2.767562628,0.704994836,100.7123444,49.1509613,9,2.510963819574791
CA_0005932,1992,226.95,331.17,391.8,-4.258355522,270.6193359,-137.2667,63.6083,4949.484,1025.330036,3.368250654,14.69343512,14.21454048,60.935215,21.10093117,1.338542046,15.39656601,2.759890795,0.698463501,101.0033203,45.39337234,9,2.5004531642766246
CA_0005932,1993,229.38,327.23,401.04,-4.258355522,267.2041138,-137.2667,63.6083,4949.484,1025.330036,3.368250654,14.69343512,14.21454048,60.935215,21.10093117,1.338542046,15.25303822,2.660923719,0.693952087,102.1594284,43.42125854,9,2.372172910045743
CA_0005932,1994,218.16,326.56,399.19,-4.258355522,268.3251251,-137.2667,63.6083,4949.484,1025.330036,3.368250654,14.69343512,14.21454048,60.935215,21.10093117,1.338542046,15.23269138,2.732344627,0.689912195,101.3206589,41.28921051,9,2.434901310471803
CA_0005932,1995,216.97,324.72,398.88,-4.258355522,275.657962,-137.2667,63.6083,4949.484,1025.330036,3.368250654,14.69343512,14.21454048,60.935215,21.10093117,1.338542046,13.59086323,2.644460917,0.687721741,100.5124695,42.29995956,9,2.747196891159843
CA_0005932,1996,215.76,326.6,388.62,-4.258355522,277.1218719,-137.2667,63.6083,4949.484,1025.330036,3.368250654,14.69343512,14.21454048,60.935215,21.10093117,1.338542046,12.08640785,2.564166784,0.682917065,101.6779846,46.76717453,9,2.8829456744186213
CA_0005932,1997,202.76,335.65,397.66,-4.258355522,288.8982971,-137.2667,63.6083,4949.484,1025.330036,3.368250654,14.69343512,14.21454048,60.935215,21.10093117,1.338542046,11.94561234,2.557723284,0.691807214,101.7724915,49.31820755,9,3.0977916970979886
CA_0005932,1998,183.77,311.26,400.53,-4.258355522,275.8894135,-137.2667,63.6083,4949.484,1025.330036,3.368250654,14.69343512,14.21454048,60.935215,21.10093117,1.338542046,10.86535797,2.670702934,0.696082678,102.4422073,52.50426483,9,3.114336476627193
CA_0005932,1999,207.41,327.62,397.63,-4.258355522,283.6905853,-137.2667,63.6083,4949.484,1025.330036,3.368250654,14.69343512,14.21454048,60.935215,21.10093117,1.338542046,10.72149582,2.687395573,0.692646008,102.3147446,56.27635574,9,3.0579305973192783
CA_0005932,2000,242.26,342.39,377.8,-4.258355522,278.6164276,-137.2667,63.6083,4949.484,1025.330036,3.368250654,14.69343512,14.21454048,60.935215,21.10093117,1.338542046,13.05919991,2.561533928,0.689625293,101.7339661,58.16983185,9,2.750565016002618
CA_0005932,2001,259.06,339.6,377.9,-4.258355522,279.4099884,-137.2667,63.6083,4949.484,1025.330036,3.368250654,14.69343512,14.21454048,60.935215,21.10093117,1.338542046,15.42206898,2.67877841,0.689293652,100.6101242,55.27036896,9,2.835104433074024
CA_0005932,2002,257.67,332.87,378.08,-4.258355522,279.3654999,-137.2667,63.6083,4949.484,1025.330036,3.368250654,14.69343512,14.21454048,60.935215,21.10093117,1.338542046,16.04210472,2.627587795,0.684020007,100.7005157,53.05509033,9,2.9760274640642317
CA_0005932,2003,273.8,366.38,364.21,-4.258355522,294.7589233,-137.2667,63.6083,4949.484,1025.330036,3.368250654,14.69343512,14.21454048,60.935215,21.10093117,1.338542046,17.59116974,2.623841763,0.681363513,100.0510773,51.32927933,9,3.231022022045979
CA_0005932,2004,275.21,356.84,365.21,-4.258355522,278.2963989,-137.2667,63.6083,4949.484,1025.330036,3.368250654,14.69343512,14.21454048,60.935215,21.10093117,1.338542046,18.56255684,2.517717361,0.685677234,100.8442841,52.78374939,9,2.6658051820050415
CA_0005932,2005,269.02,361.17,382.62,-4.258355522,290.5546692,-137.2667,63.6083,4949.484,1025.330036,3.368250654,14.69343512,14.21454048,60.935215,21.10093117,1.338542046,17.37668266,2.567711115,0.674681226,102.1329514,60.70996475,9,2.8265294417240177
CA_0005932,2006,264.37,354.25,390.94,-4.258355522,288.0837097,-137.2667,63.6083,4949.484,1025.330036,3.368250654,14.69343512,14.21454048,60.935215,21.10093117,1.338542046,15.43347626,2.647476673,0.678397083,102.7611435,67.95573959,9,2.742883273831323
CA_0005932,2007,274.2,357.74,397.21,-4.258355522,286.4636414,-137.2667,63.6083,4949.484,1025.330036,3.368250654,14.69343512,14.21454048,60.935215,21.10093117,1.338542046,15.54566269,2.458770275,0.680847449,103.5962463,72.7338562,9,2.5574273300379535
CA_0005932,2008,283.0,380.57,395.49,-4.258355522,296.6683716,-137.2667,63.6083,4949.484,1025.330036,3.368250654,14.69343512,14.21454048,60.935215,21.10093117,1.338542046,18.39701385,2.61986351,0.67082384,102.0536194,75.48972931,9,2.5882567261879563
CA_0005932,2009,290.53,383.26,394.32,-4.258355522,310.6900208,-137.2667,63.6083,4949.484,1025.330036,3.368250654,14.69343512,14.21454048,60.935215,21.10093117,1.338542046,20.09611816,2.547664881,0.675688855,101.4097183,73.68267899,9,3.096767064355283
CA_0005932,2010,266.89,359.67,391.02,-4.258355522,300.1576294,-137.2667,63.6083,4949.484,1025.330036,3.368250654,14.69343512,14.21454048,60.935215,21.10093117,1.338542046,19.26454887,2.625911713,0.691740479,100.9914169,64.6243866,9,3.151795557422933
CA_0005932,2011,270.81,395.02,386.56,-4.258355522,315.9867676,-137.2667,63.6083,4949.484,1025.330036,3.368250654,14.69343512,14.21454048,60.935215,21.10093117,1.338542046,20.31762466,2.541278124,0.677095776,100.0221786,58.59176788,9,3.266171299667008
CA_0005932,2012,270.55,392.74,380.51,-4.258355522,313.0293274,-137.2667,63.6083,4949.484,1025.330036,3.368250654,14.69343512,14.21454048,60.935215,21.10093117,1.338542046,19.80791035,2.686738253,0.682324072,98.86408539,59.68326645,9,3.2909574072302092
CA_0005932,2013,262.84,369.0,386.24,-4.258355522,304.6622314,-137.2667,63.6083,4949.484,1025.330036,3.368250654,14.69343512,14.21454048,60.935215,21.10093117,1.338542046,16.62281761,2.641315222,0.708926819,100.280426,61.60853271,9,3.2453902793476646
CA_0005932,2014,258.26,370.64,383.37,-4.258355522,312.0743835,-137.2667,63.6083,4949.484,1025.330036,3.368250654,14.69343512,14.21454048,60.935215,21.10093117,1.338542046,15.12416706,2.603560925,0.707159106,99.87507782,64.81365585,9,3.6800999545787527
CA_0005933,1989,256.2,327.43,374.05,-5.567693233,274.368277,-139.4083,64.0417,8000.815,1016.719163,2.518763808,14.38620974,16.58409309,54.07065201,26.96617508,1.481211004,15.23833256,2.472362995,0.701541541,97.98889771,44.79819336,9,2.9256472921376213
CA_0005933,1990,254.43,322.07,389.73,-5.567693233,271.7473297,-139.4083,64.0417,8000.815,1016.719163,2.518763808,14.38620974,16.58409309,54.07065201,26.96617508,1.481211004,15.87243328,2.459391117,0.7065078,98.54949493,45.40022278,9,2.7405578873202194
CA_0005933,1991,261.17,329.55,398.79,-5.567693233,278.4111237,-139.4083,64.0417,8000.815,1016.719163,2.518763808,14.38620974,16.58409309,54.07065201,26.96617508,1.481211004,16.80233746,2.669460535,0.70907002,98.43659668,45.52653656,9,2.7549607245462977
CA_0005933,1992,277.07,330.42,390.15,-5.567693233,277.6604706,-139.4083,64.0417,8000.815,1016.719163,2.518763808,14.38620974,16.58409309,54.07065201,26.96617508,1.481211004,17.07597141,2.654181004,0.704039697,98.80565643,45.5707428,9,2.8009612780621618
CA_0005933,1993,265.41,323.2,400.27,-5.567693233,275.716507,-139.4083,64.0417,8000.815,1016.719163,2.518763808,14.38620974,16.58409309,54.07065201,26.96617508,1.481211004,16.97283611,2.595529318,0.699015772,99.98332367,45.40985947,9,2.770147320897104
CA_0005933,1994,275.43,324.09,398.49,-5.567693233,277.4405151,-139.4083,64.0417,8000.815,1016.719163,2.518763808,14.38620974,16.58409309,54.07065201,26.96617508,1.481211004,16.95759373,2.63969326,0.696683557,99.07275391,45.55626297,9,2.8433389092097645
CA_0005933,1995,270.3,328.99,398.35,-5.567693233,289.7453064,-139.4083,64.0417,8000.815,1016.719163,2.518763808,14.38620974,16.58409309,54.07065201,26.96617508,1.481211004,15.71268845,2.541334867,0.695273523,98.08018951,46.05863953,9,3.3378974519155564
CA_0005933,1996,253.63,327.4,387.52,-5.567693233,285.217572,-139.4083,64.0417,8000.815,1016.719163,2.518763808,14.38620974,16.58409309,54.07065201,26.96617508,1.481211004,14.14193401,2.486826658,0.690860413,99.01495667,47.24570084,9,3.2900251429083838
CA_0005933,1997,241.59,332.07,395.04,-5.567693233,294.0223816,-139.4083,64.0417,8000.815,1016.719163,2.518763808,14.38620974,16.58409309,54.07065201,26.96617508,1.481211004,14.17774162,2.479594707,0.698354797,99.17265015,48.88731308,9,3.5483515858954315
CA_0005933,1998,245.34,309.61,396.18,-5.567693233,277.9644928,-139.4083,64.0417,8000.815,1016.719163,2.518763808,14.38620974,16.58409309,54.07065201,26.96617508,1.481211004,13.03425274,2.563584089,0.702935242,99.75639801,51.02628479,9,3.3605402614164777
CA_0005933,1999,246.72,321.06,394.54,-5.567693233,285.2377594,-139.4083,64.0417,8000.815,1016.719163,2.518763808,14.38620974,16.58409309,54.07065201,26.96617508,1.481211004,12.69883251,2.586827517,0.69887915,100.0543915,54.5400322,9,3.4038159465173874
CA_0005933,2000,272.58,331.86,375.18,-5.567693233,275.2949493,-139.4083,64.0417,8000.815,1016.719163,2.518763808,14.38620974,16.58409309,54.07065201,26.96617508,1.481211004,15.02242432,2.472367048,0.694534302,99.69642944,57.87552109,9,2.853943600504933
CA_0005933,2001,288.87,332.08,375.73,-5.567693233,279.8726776,-139.4083,64.0417,8000.815,1016.719163,2.518763808,14.38620974,16.58409309,54.07065201,26.96617508,1.481211004,17.69020367,2.562717915,0.692795435,98.29552917,58.94472351,9,3.053489631376383
CA_0005933,2002,292.63,328.65,375.78,-5.567693233,278.756369,-139.4083,64.0417,8000.815,1016.719163,2.518763808,14.38620974,16.58409309,54.07065201,26.96617508,1.481211004,18.06206226,2.521084309,0.687644421,98.24118652,59.78924942,9,3.083573661818366
CA_0005933,2003,293.23,359.28,363.88,-5.567693233,293.2582031,-139.4083,64.0417,8000.815,1016.719163,2.518763808,14.38620974,16.58409309,54.07065201,26.96617508,1.481211004,19.57567749,2.513207436,0.684314063,97.84810181,61.56519623,9,3.3110653976674476
CA_0005933,2004,287.07,347.54,364.07,-5.567693233,276.1545959,-139.4083,64.0417,8000.815,1016.719163,2.518763808,14.38620974,16.58409309,54.07065201,26.96617508,1.481211004,20.63259735,2.416324615,0.683160059,98.34161987,64.66969604,9,2.7461000821271364
CA_0005933,2005,279.22,351.02,381.44,-5.567693233,290.1353394,-139.4083,64.0417,8000.815,1016.719163,2.518763808,14.38620974,16.58409309,54.07065201,26.96617508,1.481211004,19.34136734,2.477983475,0.667400378,99.89493866,72.68105011,9,3.0209152639748886
CA_0005933,2006,283.1,343.62,388.51,-5.567693233,288.1264832,-139.4083,64.0417,8000.815,1016.719163,2.518763808,14.38620974,16.58409309,54.07065201,26.96617508,1.481211004,17.3010582,2.542170525,0.665537036,100.546347,79.35852966,9,2.9886374281297807
CA_0005933,2007,271.06,347.98,394.38,-5.567693233,288.6281372,-139.4083,64.0417,8000.815,1016.719163,2.518763808,14.38620974,16.58409309,54.07065201,26.96617508,1.481211004,17.43867607,2.354096651,0.671328833,101.494101,81.50144653,9,2.8400953440666514
CA_0005933,2008,267.92,370.98,392.12,-5.567693233,299.9259888,-139.4083,64.0417,8000.815,1016.719163,2.518763808,14.38620974,16.58409309,54.07065201,26.96617508,1.481211004,20.62260818,2.556065083,0.664583472,99.84003448,82.25802155,9,2.8976388872535117
CA_0005933,2009,277.24,376.7,392.64,-5.567693233,313.1803223,-139.4083,64.0417,8000.815,1016.719163,2.518763808,14.38620974,16.58409309,54.07065201,26.96617508,1.481211004,22.85588226,2.485717773,0.674399915,99.6814621,79.58092651,9,3.386732498379253
CA_0005933,2010,256.41,353.18,388.18,-5.567693233,301.2240967,-139.4083,64.0417,8000.815,1016.719163,2.518763808,14.38620974,16.58409309,54.07065201,26.96617508,1.481211004,21.95351868,2.535274744,0.696456604,98.53885803,71.05373383,9,3.421825250823683
CA_0005933,2011,256.0,377.72,383.35,-5.567693233,312.5102844,-139.4083,64.0417,8000.815,1016.719163,2.518763808,14.38620974,16.58409309,54.07065201,26.96617508,1.481211004,22.39728394,2.466914415,0.687067932,97.44647675,65.96907806,9,3.5217839839627363
CA_0005933,2012,268.77,365.26,378.44,-5.567693233,302.934967,-139.4083,64.0417,8000.815,1016.719163,2.518763808,14.38620974,16.58409309,54.07065201,26.96617508,1.481211004,21.72060261,2.599951029,0.687286621,96.0826889,66.52027435,9,3.393078243887399
CA_0005933,2013,280.59,335.65,384.49,-5.567693233,287.3910004,-139.4083,64.0417,8000.815,1016.719163,2.518763808,14.38620974,16.58409309,54.07065201,26.96617508,1.481211004,17.30198669,2.577041149,0.703901416,97.48375854,65.92005768,9,3.2120175199628735
CA_0005933,2014,279.02,338.84,380.7,-5.567693233,296.3340302,-139.4083,64.0417,8000.815,1016.719163,2.518763808,14.38620974,16.58409309,54.07065201,26.96617508,1.481211004,15.37906342,2.557759762,0.698229981,96.6698349,64.96139374,9,3.726369004108141
CA_0005934,1989,349.5,326.9,354.02,-6.417535877,276.5055786,-138.5958,64.0042,1092.836,1233.504557,3.653249354,13.95619956,15.578125,57.97768021,24.05714226,1.60456094,18.40496426,2.606297493,0.605190369,96.56995544,52.57548676,9,3.387965567765474
CA_0005934,1990,326.06,319.57,370.52,-6.417535877,275.6950745,-138.5958,64.0042,1092.836,1233.504557,3.653249354,13.95619956,15.578125,57.97768021,24.05714226,1.60456094,18.37289257,2.568148851,0.610202502,97.11405182,53.22993546,9,3.2569321183311417
CA_0005934,1991,332.14,329.34,379.76,-6.417535877,283.4884338,-138.5958,64.0042,1092.836,1233.504557,3.653249354,13.95619956,15.578125,57.97768021,24.05714226,1.60456094,19.12386913,2.788598299,0.613796668,96.98659363,53.41596909,9,3.2548087661091842
CA_0005934,1992,344.95,331.0,372.23,-6.417535877,283.0453613,-138.5958,64.0042,1092.836,1233.504557,3.653249354,13.95619956,15.578125,57.97768021,24.05714226,1.60456094,19.43371449,2.768964052,0.610353919,97.39006348,53.49911804,9,3.3078660410548664
CA_0005934,1993,330.12,323.71,382.41,-6.417535877,281.9610779,-138.5958,64.0042,1092.836,1233.504557,3.653249354,13.95619956,15.578125,57.97768021,24.05714226,1.60456094,18.99017887,2.736392975,0.606974158,98.53731689,53.47181168,9,3.2992844188717134
CA_0005934,1994,355.29,328.09,379.54,-6.417535877,283.7220032,-138.5958,64.0042,1092.836,1233.504557,3.653249354,13.95619956,15.578125,57.97768021,24.05714226,1.60456094,18.96781006,2.753258944,0.604156067,97.5849472,53.86696091,9,3.3096227573422765
CA_0005934,1995,382.48,337.22,378.85,-6.417535877,297.8812927,-138.5958,64.0042,1092.836,1233.504557,3.653249354,13.95619956,15.578125,57.97768021,24.05714226,1.60456094,18.22521477,2.647303581,0.603170239,96.5588623,54.88802261,9,3.9469551603120467
CA_0005934,1996,357.13,334.09,366.31,-6.417535877,290.5002869,-138.5958,64.0042,1092.836,1233.504557,3.653249354,13.95619956,15.578125,57.97768021,24.05714226,1.60456094,16.73061371,2.606145859,0.598019995,97.47720032,56.49840088,9,3.8122346589252643
CA_0005934,1997,336.19,337.41,374.05,-6.417535877,299.2517883,-138.5958,64.0042,1092.836,1233.504557,3.653249354,13.95619956,15.578125,57.97768021,24.05714226,1.60456094,17.21154823,2.592660427,0.605276062,97.61499329,58.82442017,9,4.174181013299756
CA_0005934,1998,281.22,315.67,374.94,-6.417535877,282.2669312,-138.5958,64.0042,1092.836,1233.504557,3.653249354,13.95619956,15.578125,57.97768021,24.05714226,1.60456094,16.22834549,2.671386719,0.609565588,98.07775726,62.48456268,9,3.763268062639398
CA_0005934,1999,265.6,324.03,374.93,-6.417535877,290.7539368,-138.5958,64.0042,1092.836,1233.504557,3.653249354,13.95619956,15.578125,57.97768021,24.05714226,1.60456094,15.7921072,2.697062492,0.606204028,98.58768463,68.70337143,9,4.06163843413575
CA_0005934,2000,282.57,332.59,355.38,-6.417535877,276.0739319,-138.5958,64.0042,1092.836,1233.504557,3.653249354,13.95619956,15.578125,57.97768021,24.05714226,1.60456094,17.59120274,2.590910673,0.600916406,98.3212265,75.27385941,9,3.1849092336389164
CA_0005934,2001,311.31,335.21,357.93,-6.417535877,282.1218689,-138.5958,64.0042,1092.836,1233.504557,3.653249354,13.95619956,15.578125,57.97768021,24.05714226,1.60456094,20.07573261,2.674762011,0.599314636,96.8336441,78.14228821,9,3.4081420541861993
CA_0005934,2002,336.48,332.55,357.03,-6.417535877,279.7707275,-138.5958,64.0042,1092.836,1233.504557,3.653249354,13.95619956,15.578125,57.97768021,24.05714226,1.60456094,20.4155302,2.634017944,0.594117737,96.74125671,79.61280212,9,3.3612049277610994
CA_0005934,2003,395.5,363.05,344.69,-6.417535877,293.7861572,-138.5958,64.0042,1092.836,1233.504557,3.653249354,13.95619956,15.578125,57.97768021,24.05714226,1.60456094,22.27174435,2.627330303,0.59241095,96.50375671,79.9873703,9,3.7573432544119205
CA_0005934,2004,398.04,348.28,343.75,-6.417535877,275.5842285,-138.5958,64.0042,1092.836,1233.504557,3.653249354,13.95619956,15.578125,57.97768021,24.05714226,1.60456094,23.59855995,2.534669638,0.591281067,96.99521637,83.98884583,9,3.0467724550084014
CA_0005934,2005,380.46,351.08,363.16,-6.417535877,293.1601563,-138.5958,64.0042,1092.836,1233.504557,3.653249354,13.95619956,15.578125,57.97768021,24.05714226,1.60456094,23.05700073,2.598499775,0.573704401,98.62865753,93.0492691,9,3.52377323855075
CA_0005934,2006,375.25,342.72,369.45,-6.417535877,291.6355774,-138.5958,64.0042,1092.836,1233.504557,3.653249354,13.95619956,15.578125,57.97768021,24.05714226,1.60456094,21.51922684,2.6472826,0.572771295,99.2799057,103.0469696,9,3.5278326944210043
CA_0005934,2007,353.55,347.79,375.5,-6.417535877,292.5667908,-138.5958,64.0042,1092.836,1233.504557,3.653249354,13.95619956,15.578125,57.97768021,24.05714226,1.60456094,21.41254845,2.462791681,0.581073334,100.3231552,105.1378418,9,3.319611859949764
CA_0005934,2008,348.43,371.26,374.08,-6.417535877,301.6390808,-138.5958,64.0042,1092.836,1233.504557,3.653249354,13.95619956,15.578125,57.97768021,24.05714226,1.60456094,24.49379272,2.683065414,0.571933466,98.66527405,106.6921219,9,3.278353700902685
CA_0005934,2009,349.79,382.19,375.78,-6.417535877,314.4049377,-138.5958,64.0042,1092.836,1233.504557,3.653249354,13.95619956,15.578125,57.97768021,24.05714226,1.60456094,27.07253075,2.613050699,0.586570013,98.53150177,101.7642044,9,3.713693271164602
CA_0005934,2010,332.72,358.28,368.96,-6.417535877,302.3102966,-138.5958,64.0042,1092.836,1233.504557,3.653249354,13.95619956,15.578125,57.97768021,24.05714226,1.60456094,26.0125782,2.651568174,0.608639905,97.18805389,92.03018951,9,3.7642034279740915
CA_0005934,2011,336.48,380.99,364.5,-6.417535877,310.064801,-138.5958,64.0042,1092.836,1233.504557,3.653249354,13.95619956,15.578125,57.97768021,24.05714226,1.60456094,26.06039963,2.593949318,0.59537085,96.14186401,85.2586731,9,3.7888821314411194
CA_0005934,2012,349.88,364.32,359.69,-6.417535877,299.9076538,-138.5958,64.0042,1092.836,1233.504557,3.653249354,13.95619956,15.578125,57.97768021,24.05714226,1.60456094,25.15204811,2.722372055,0.591275488,94.68910675,88.21058655,9,3.6852355360759184
CA_0005934,2013,325.2,334.62,365.9,-6.417535877,286.4227905,-138.5958,64.0042,1092.836,1233.504557,3.653249354,13.95619956,15.578125,57.97768021,24.05714226,1.60456094,20.15009575,2.709184408,0.607119885,96.07633972,90.55306702,9,3.523779113230543
CA_0005934,2014,332.14,337.0,361.61,-6.417535877,294.9303589,-138.5958,64.0042,1092.836,1233.504557,3.653249354,13.95619956,15.578125,57.97768021,24.05714226,1.60456094,18.16113701,2.691705227,0.596393335,95.16171875,91.77902527,9,4.1755428500392
CA_0005934,2015,283.82,339.69,364.19,-6.417535877,292.6980774,-138.5958,64.0042,1092.836,1233.504557,3.653249354,13.95619956,15.578125,57.97768021,24.05714226,1.60456094,19.16746407,2.559113026,0.607442139,95.39289856,92.54541016,9,3.8210299940870778
CA_0005949,1989,361.65,538.95,389.57,-3.919643021,341.0583679,-128.8917,60.0625,32089.53,1171.232821,2.499936149,17.54354296,15.70000458,52.01921082,29.74228287,1.598130726,51.14298553,1.832443237,0.832060022,106.7786194,119.1906219,9,2.6518204901279105
CA_0005949,1990,362.69,540.41,397.57,-3.919643021,342.9701416,-128.8917,60.0625,32089.53,1171.232821,2.499936149,17.54354296,15.70000458,52.01921082,29.74228287,1.598130726,50.1476963,2.026510715,0.837028333,106.3081253,121.5482422,9,2.5490903385820665
CA_0005949,1991,370.4,546.4,402.9,-3.919643021,347.0102478,-128.8917,60.0625,32089.53,1171.232821,2.499936149,17.54354296,15.70000458,52.01921082,29.74228287,1.598130726,48.27340965,2.128598452,0.835361023,105.3607651,122.5356003,9,2.539896553718653
CA_0005949,1992,383.92,525.45,399.98,-3.919643021,333.8456177,-128.8917,60.0625,32089.53,1171.232821,2.499936149,17.54354296,15.70000458,52.01921082,29.74228287,1.598130726,46.76237831,2.144953012,0.830679578,106.7941605,122.8805542,9,2.3440403362597273
CA_0005949,1993,346.56,486.88,412.22,-3.919643021,337.5398376,-128.8917,60.0625,32089.53,1171.232821,2.499936149,17.54354296,15.70000458,52.01921082,29.74228287,1.598130726,43.59664268,1.938848972,0.828971509,108.2149323,122.6057693,9,2.525872755890143
CA_0005949,1994,370.39,494.09,411.12,-3.919643021,336.4576599,-128.8917,60.0625,32089.53,1171.232821,2.499936149,17.54354296,15.70000458,52.01921082,29.74228287,1.598130726,44.21599541,1.9614048,0.824265784,107.0392105,122.9667908,9,2.4576699852007473
CA_0005949,1995,356.14,490.81,413.05,-3.919643021,341.2521851,-128.8917,60.0625,32089.53,1171.232821,2.499936149,17.54354296,15.70000458,52.01921082,29.74228287,1.598130726,45.57227249,1.808367848,0.826374561,107.544339,124.3136124,9,2.5898647814465345
CA_0005949,1996,318.22,459.73,406.63,-3.919643021,330.9747437,-128.8917,60.0625,32089.53,1171.232821,2.499936149,17.54354296,15.70000458,52.01921082,29.74228287,1.598130726,43.96072083,1.848823667,0.823992017,108.9064392,127.3690674,9,2.642829464981599
CA_0005949,1997,289.48,495.0,407.5,-3.919643021,345.2859619,-128.8917,60.0625,32089.53,1171.232821,2.499936149,17.54354296,15.70000458,52.01921082,29.74228287,1.598130726,44.84735641,1.841120481,0.829427869,107.7029922,145.5850296,9,2.7729500688102933
CA_0005949,1998,286.86,493.11,411.91,-3.919643021,335.6585876,-128.8917,60.0625,32089.53,1171.232821,2.499936149,17.54354296,15.70000458,52.01921082,29.74228287,1.598130726,44.19479675,1.83069694,0.830964368,108.6454697,163.0886993,9,2.4328945389605203
CA_0005949,1999,285.81,491.15,403.55,-3.919643021,333.1126221,-128.8917,60.0625,32089.53,1171.232821,2.499936149,17.54354296,15.70000458,52.01921082,29.74228287,1.598130726,41.76266785,2.0162673,0.827737549,107.4869247,181.4433502,9,2.4920741879527046
CA_0005949,2000,312.4,500.33,387.18,-3.919643021,329.1165039,-128.8917,60.0625,32089.53,1171.232821,2.499936149,17.54354296,15.70000458,52.01921082,29.74228287,1.598130726,44.18829956,1.846737981,0.81809729,106.4278351,199.3694183,9,2.567784067969764
CA_0005949,2001,322.98,514.43,384.69,-3.919643021,332.0671082,-128.8917,60.0625,32089.53,1171.232821,2.499936149,17.54354296,15.70000458,52.01921082,29.74228287,1.598130726,49.23621674,1.901826978,0.817838831,105.2361679,213.0430542,9,2.610883155628446
CA_0005949,2002,327.19,489.4,384.69,-3.919643021,330.610614,-128.8917,60.0625,32089.53,1171.232821,2.499936149,17.54354296,15.70000458,52.01921082,29.74228287,1.598130726,49.85648804,1.948785663,0.814838452,105.7435638,214.4408997,9,2.7471132321009537
CA_0005949,2003,335.3,514.4,373.95,-3.919643021,337.2199768,-128.8917,60.0625,32089.53,1171.232821,2.499936149,17.54354296,15.70000458,52.01921082,29.74228287,1.598130726,52.89257355,1.927186728,0.812668457,105.5033432,214.1394958,9,3.0782318626842957
CA_0005949,2004,331.78,512.82,378.81,-3.919643021,338.9544067,-128.8917,60.0625,32089.53,1171.232821,2.499936149,17.54354296,15.70000458,52.01921082,29.74228287,1.598130726,54.67843399,2.018973827,0.826916528,106.7010605,213.0237549,9,3.026007915379794
CA_0005949,2005,335.51,524.31,389.25,-3.919643021,347.3412354,-128.8917,60.0625,32089.53,1171.232821,2.499936149,17.54354296,15.70000458,52.01921082,29.74228287,1.598130726,53.50723648,1.91789031,0.823181043,106.6197861,213.1614227,9,3.006340537066125
CA_0005949,2006,357.41,519.98,394.79,-3.919643021,345.1433228,-128.8917,60.0625,32089.53,1171.232821,2.499936149,17.54354296,15.70000458,52.01921082,29.74228287,1.598130726,49.30598907,1.936025381,0.817468701,106.246167,214.2363251,9,2.8172022216855135
CA_0005949,2007,382.56,550.97,393.93,-3.919643021,343.8003784,-128.8917,60.0625,32089.53,1171.232821,2.499936149,17.54354296,15.70000458,52.01921082,29.74228287,1.598130726,48.68945618,1.887133121,0.795513538,104.7916901,214.252951,9,2.5802032006613955
CA_0005949,2008,419.36,561.16,391.21,-3.919643021,345.2184448,-128.8917,60.0625,32089.53,1171.232821,2.499936149,17.54354296,15.70000458,52.01921082,29.74228287,1.598130726,50.17872849,2.013939381,0.773711658,103.1637604,215.7421295,9,2.6227561091245604
CA_0005949,2009,431.22,572.37,387.53,-3.919643021,349.1718506,-128.8917,60.0625,32089.53,1171.232821,2.499936149,17.54354296,15.70000458,52.01921082,29.74228287,1.598130726,53.97667847,1.887313604,0.748606494,103.0051071,212.7868927,9,2.787663697274995
CA_0005949,2010,400.17,547.57,392.06,-3.919643021,343.1854004,-128.8917,60.0625,32089.53,1171.232821,2.499936149,17.54354296,15.70000458,52.01921082,29.74228287,1.598130726,54.88281326,1.95694828,0.760113794,104.2232925,208.8318054,9,2.617949664260472
CA_0005949,2011,398.65,552.16,390.48,-3.919643021,349.9128845,-128.8917,60.0625,32089.53,1171.232821,2.499936149,17.54354296,15.70000458,52.01921082,29.74228287,1.598130726,57.56481552,2.070421219,0.758248657,104.1677292,206.3063873,9,2.8698453970225772
CA_0005949,2012,388.27,541.25,393.9,-3.919643021,349.4906982,-128.8917,60.0625,32089.53,1171.232821,2.499936149,17.54354296,15.70000458,52.01921082,29.74228287,1.598130726,56.22166748,2.065232277,0.785021545,105.321698,200.0578033,9,2.843354244596844
CA_0005949,2013,368.27,525.68,401.45,-3.919643021,352.2489807,-128.8917,60.0625,32089.53,1171.232821,2.499936149,17.54354296,15.70000458,52.01921082,29.74228287,1.598130726,52.7506546,2.006197929,0.818252002,106.205191,193.4923798,9,2.888850025867445
CA_0005949,2014,364.98,519.26,401.32,-3.919643021,354.1937561,-128.8917,60.0625,32089.53,1171.232821,2.499936149,17.54354296,15.70000458,52.01921082,29.74228287,1.598130726,51.90899353,1.833496451,0.833322632,105.8642365,190.6802124,9,3.023405880538955
CA_0005951,1989,273.1687473,607.3835574,388.2573242,-3.246769758,349.4024231,-129.5500031,60.20417023,4574.259,1238.851306,2.716399983,23.62412006,15.90040112,44.45070267,37.99427032,1.623386818,67.89102097,2.085570908,0.846722498,107.4040024,73.79310303,9,2.589164108223101
CA_0005951,1990,300.8501788,607.6413445,394.2939575,-3.246769758,350.1160339,-129.5500031,60.20417023,4574.259,1238.851306,2.716399983,23.62412006,15.90040112,44.45070267,37.99427032,1.623386818,66.16721954,2.057333994,0.851352917,106.558165,75.38654327,9,2.47804810203594
CA_0005951,1991,336.1155336,616.459888,397.752832,-3.246769758,352.4459839,-129.5500031,60.20417023,4574.259,1238.851306,2.716399983,23.62412006,15.90040112,44.45070267,37.99427032,1.623386818,63.68369675,2.074373198,0.849288354,105.5317139,76.3416214,9,2.4402596354243835
CA_0005951,1992,327.4832184,589.8484594,396.9281555,-3.246769758,340.4454773,-129.5500031,60.20417023,4574.259,1238.851306,2.716399983,23.62412006,15.90040112,44.45070267,37.99427032,1.623386818,61.91262283,2.098274422,0.845664807,107.3245255,76.614888,9,2.243734419162573
CA_0005951,1993,319.9413344,546.5714846,411.0349915,-3.246769758,347.2560425,-129.5500031,60.20417023,4574.259,1238.851306,2.716399983,23.62412006,15.90040112,44.45070267,37.99427032,1.623386818,57.84505692,2.090409613,0.842677295,108.9860886,76.52296143,9,2.4146019591293166
CA_0005951,1994,354.1857716,561.1017647,409.6324158,-3.246769758,347.8383972,-129.5500031,60.20417023,4574.259,1238.851306,2.716399983,23.62412006,15.90040112,44.45070267,37.99427032,1.623386818,59.6348877,2.114995766,0.839576001,107.7662354,76.83021545,9,2.372660612960414
CA_0005951,1995,328.6915777,557.8355462,411.7683838,-3.246769758,355.2128235,-129.5500031,60.20417023,4574.259,1238.851306,2.716399983,23.62412006,15.90040112,44.45070267,37.99427032,1.623386818,62.63122482,2.059794116,0.842855908,108.6113373,76.76286011,9,2.5599712752045525
CA_0005951,1996,308.7229785,519.9739216,406.3292847,-3.246769758,345.953125,-129.5500031,60.20417023,4574.259,1238.851306,2.716399983,23.62412006,15.90040112,44.45070267,37.99427032,1.623386818,61.01153107,2.004450297,0.839726526,109.8246536,77.93500977,9,2.6197126230702623
CA_0005951,1997,278.6919972,562.7656863,405.18479,-3.246769758,358.6337158,-129.5500031,60.20417023,4574.259,1238.851306,2.716399983,23.62412006,15.90040112,44.45070267,37.99427032,1.623386818,61.96366272,1.941423249,0.842901318,108.0857986,99.32295074,9,2.7710079258627567
CA_0005951,1998,265.0942989,566.8357423,407.0605042,-3.246769758,349.0350342,-129.5500031,60.20417023,4574.259,1238.851306,2.716399983,23.62412006,15.90040112,44.45070267,37.99427032,1.623386818,60.70123596,1.912225747,0.846163281,108.9469925,121.1516632,9,2.4142793402159515
CA_0005951,1999,257.02596,555.7946218,398.7963074,-3.246769758,344.8553406,-129.5500031,60.20417023,4574.259,1238.851306,2.716399983,23.62412006,15.90040112,44.45070267,37.99427032,1.623386818,56.50790558,1.929956603,0.84273147,107.8465149,139.5263794,9,2.4943980880538534
CA_0005951,2000,280.6178215,561.7587955,383.195636,-3.246769758,338.1240234,-129.5500031,60.20417023,4574.259,1238.851306,2.716399983,23.62412006,15.90040112,44.45070267,37.99427032,1.623386818,58.21815338,1.940897274,0.832273169,106.624794,160.4705933,9,2.5536400326433957
CA_0005951,2001,297.980125,576.1887955,378.5410156,-3.246769758,338.7457581,-129.5500031,60.20417023,4574.259,1238.851306,2.716399983,23.62412006,15.90040112,44.45070267,37.99427032,1.623386818,64.18938446,1.945108294,0.833718823,105.2530411,177.8682861,9,2.6021835147072476
CA_0005951,2002,317.5959739,546.2547619,378.7688354,-3.246769758,337.5527283,-129.5500031,60.20417023,4574.259,1238.851306,2.716399983,23.62412006,15.90040112,44.45070267,37.99427032,1.623386818,65.42910309,1.977426887,0.834217236,105.7175446,181.6915466,9,2.7246548546010443
CA_0005951,2003,328.6870708,573.9203922,369.182196,-3.246769758,342.5632019,-129.5500031,60.20417023,4574.259,1238.851306,2.716399983,23.62412006,15.90040112,44.45070267,37.99427032,1.623386818,69.75719299,2.002721,0.831594348,105.3655563,178.2391968,9,3.0690694008138233
CA_0005951,2004,329.7728866,575.9464426,376.4343506,-3.246769758,346.9018005,-129.5500031,60.20417023,4574.259,1238.851306,2.716399983,23.62412006,15.90040112,44.45070267,37.99427032,1.623386818,72.28968048,2.010581374,0.852402637,106.5488632,177.3799683,9,3.006490830840278
CA_0005951,2005,341.9370386,592.227507,385.7682739,-3.246769758,353.8769775,-129.5500031,60.20417023,4574.259,1238.851306,2.716399983,23.62412006,15.90040112,44.45070267,37.99427032,1.623386818,71.22481537,2.02494998,0.850886194,106.2815857,176.0913361,9,2.9177864911230205
CA_0005951,2006,355.5710728,588.374902,391.5438416,-3.246769758,353.9955505,-129.5500031,60.20417023,4574.259,1238.851306,2.716399983,23.62412006,15.90040112,44.45070267,37.99427032,1.623386818,66.60754013,2.038608956,0.843265369,105.6599304,171.7615265,9,2.77564991341112
CA_0005951,2007,394.7069688,629.96493,389.7760315,-3.246769758,350.9475098,-129.5500031,60.20417023,4574.259,1238.851306,2.716399983,23.62412006,15.90040112,44.45070267,37.99427032,1.623386818,65.00450821,2.02658093,0.816780115,104.1237778,161.8543976,9,2.5041222529407032
CA_0005951,2008,433.2438775,636.3793838,387.3825256,-3.246769758,350.9575317,-129.5500031,60.20417023,4574.259,1238.851306,2.716399983,23.62412006,15.90040112,44.45070267,37.99427032,1.623386818,65.6434761,2.047342563,0.79512052,102.6554077,158.9206207,9,2.533827886357897
CA_0005951,2009,446.5018202,647.9344538,382.2240601,-3.246769758,352.1966064,-129.5500031,60.20417023,4574.259,1238.851306,2.716399983,23.62412006,15.90040112,44.45070267,37.99427032,1.623386818,70.19687576,2.015752482,0.768967688,102.5160873,152.8895874,9,2.670839804736354
CA_0005951,2010,418.4570977,620.6983754,388.7685364,-3.246769758,348.3379883,-129.5500031,60.20417023,4574.259,1238.851306,2.716399983,23.62412006,15.90040112,44.45070267,37.99427032,1.623386818,71.70898972,2.028075504,0.776641296,104.0625443,144.7223022,9,2.481279143689266
CA_0005951,2011,379.198365,618.9317927,388.8854309,-3.246769758,353.570929,-129.5500031,60.20417023,4574.259,1238.851306,2.716399983,23.62412006,15.90040112,44.45070267,37.99427032,1.623386818,75.09676361,2.071557713,0.770130334,104.4658203,144.5950562,9,2.6690211096463057
CA_0005951,2012,360.9128823,601.6837255,392.3968018,-3.246769758,354.5361145,-129.5500031,60.20417023,4574.259,1238.851306,2.716399983,23.62412006,15.90040112,44.45070267,37.99427032,1.623386818,73.81859436,2.100500298,0.790188696,105.7698074,144.6401337,9,2.700667042422198
CA_0005952,1993,79.89426552,554.2073263,408.8125,-3.223725181,347.6120544,-129.702774,60.15832901,2759.9,1258.321777,2.577264756,23.40960097,15.88500023,44.36100006,38.13914108,1.811662596,58.85085526,2.095196438,0.862150244,109.1043152,81.6136795,9,2.4154592673975306
CA_0005952,1994,80.65257462,569.5007579,407.2348633,-3.223725181,348.1465332,-129.702774,60.15832901,2759.9,1258.321777,2.577264756,23.40960097,15.88500023,44.36100006,38.13914108,1.811662596,60.74263,2.118031883,0.859331531,107.8719238,81.94876862,9,2.3744833805477503
CA_0005952,1995,79.62903856,565.8665684,409.3335571,-3.223725181,355.4796692,-129.702774,60.15832901,2759.9,1258.321777,2.577264756,23.40960097,15.88500023,44.36100006,38.13914108,1.811662596,63.88361588,2.061830831,0.86317843,108.7159256,81.88104095,9,2.5645118420869384
CA_0005952,1996,75.65111968,527.6677053,403.6913269,-3.223725181,346.1386597,-129.702774,60.15832901,2759.9,1258.321777,2.577264756,23.40960097,15.88500023,44.36100006,38.13914108,1.811662596,62.39702072,2.006490541,0.859835547,109.9098419,83.14093628,9,2.6185339699268813
CA_0005952,1997,72.62303378,571.8316632,402.6868286,-3.223725181,358.8416443,-129.702774,60.15832901,2759.9,1258.321777,2.577264756,23.40960097,15.88500023,44.36100006,38.13914108,1.811662596,63.56595535,1.943570542,0.862717371,108.1280884,105.5863037,9,2.778107346887417
CA_0005952,1998,70.23154542,576.9969263,404.6072571,-3.223725181,349.6361755,-129.702774,60.15832901,2759.9,1258.321777,2.577264756,23.40960097,15.88500023,44.36100006,38.13914108,1.811662596,62.29260406,1.912215781,0.866304236,108.9885162,128.2863403,9,2.4193204266964496
CA_0005952,1999,72.15019937,565.4922105,396.4116699,-3.223725181,345.0704895,-129.702774,60.15832901,2759.9,1258.321777,2.577264756,23.40960097,15.88500023,44.36100006,38.13914108,1.811662596,57.98019791,1.930129457,0.863088892,107.9156723,147.360376,9,2.4911064738737947
CA_0005952,2000,75.82662224,571.1794105,380.7573975,-3.223725181,337.7445557,-129.702774,60.15832901,2759.9,1258.321777,2.577264756,23.40960097,15.88500023,44.36100006,38.13914108,1.811662596,59.5698822,1.941003799,0.85362323,106.6898697,169.0981583,9,2.5434689774757464
CA_0005952,2001,83.13933065,585.8889684,376.1414001,-3.223725181,338.1330627,-129.702774,60.15832901,2759.9,1258.321777,2.577264756,23.40960097,15.88500023,44.36100006,38.13914108,1.811662596,65.42835846,1.943845558,0.855270337,105.3100128,187.1878876,9,2.588636815138237
CA_0005952,2002,83.33256769,555.8192421,376.1381592,-3.223725181,336.6741943,-129.702774,60.15832901,2759.9,1258.321777,2.577264756,23.40960097,15.88500023,44.36100006,38.13914108,1.811662596,66.64102936,1.976938915,0.856291907,105.7705994,190.9478363,9,2.698449852334829
CA_0005952,2003,83.8837597,583.9049263,366.2437927,-3.223725181,340.6737305,-129.702774,60.15832901,2759.9,1258.321777,2.577264756,23.40960097,15.88500023,44.36100006,38.13914108,1.811662596,70.97530289,2.003157496,0.853823462,105.4290771,187.038205,9,3.0208757575986662
CA_0005952,2004,82.92953673,585.9737684,373.5844727,-3.223725181,345.5563416,-129.702774,60.15832901,2759.9,1258.321777,2.577264756,23.40960097,15.88500023,44.36100006,38.13914108,1.811662596,73.61764526,2.011871552,0.87517406,106.6040985,185.7502869,9,2.9793089719516446
CA_0005952,2005,90.6942057,602.7580211,383.1064514,-3.223725181,352.7588257,-129.702774,60.15832901,2759.9,1258.321777,2.577264756,23.40960097,15.88500023,44.36100006,38.13914108,1.811662596,72.68154678,2.025835061,0.875131372,106.3389114,183.9528564,9,2.8923501432691614
CA_0005952,2006,89.18035213,598.4085895,388.936438,-3.223725181,353.2676636,-129.702774,60.15832901,2759.9,1258.321777,2.577264756,23.40960097,15.88500023,44.36100006,38.13914108,1.811662596,68.14877625,2.040117192,0.868812952,105.7181213,178.8786011,9,2.7616072635339437
CA_0005952,2007,97.86261456,640.6665263,387.3536621,-3.223725181,350.4158386,-129.702774,60.15832901,2759.9,1258.321777,2.577264756,23.40960097,15.88500023,44.36100006,38.13914108,1.811662596,66.46233368,2.027962422,0.843073962,104.2084198,168.0462708,9,2.4982287196063075
CA_0005952,2008,108.900701,646.3976421,385.4018311,-3.223725181,350.7592896,-129.702774,60.15832901,2759.9,1258.321777,2.577264756,23.40960097,15.88500023,44.36100006,38.13914108,1.811662596,67.04496918,2.048436499,0.822890845,102.7821152,164.8357727,9,2.534595226548173
CA_0005952,2009,114.0322124,658.1278316,380.1408142,-3.223725181,351.326239,-129.702774,60.15832901,2759.9,1258.321777,2.577264756,23.40960097,15.88500023,44.36100006,38.13914108,1.811662596,71.48807983,2.016940331,0.800627625,102.6430008,158.5213959,9,2.6553915905032577
CA_0005952,2010,106.4850868,630.4927579,386.6442261,-3.223725181,347.967627,-129.702774,60.15832901,2759.9,1258.321777,2.577264756,23.40960097,15.88500023,44.36100006,38.13914108,1.811662596,72.83950119,2.029168439,0.805670349,104.21306,149.8167664,9,2.475282141887693
CA_0005952,2011,104.7240271,628.3383158,387.0720459,-3.223725181,353.2402222,-129.702774,60.15832901,2759.9,1258.321777,2.577264756,23.40960097,15.88500023,44.36100006,38.13914108,1.811662596,76.15054474,2.07318418,0.797591443,104.65858,149.5203369,9,2.660776853821105
CA_0005952,2012,99.9571988,610.7952,390.5754028,-3.223725181,354.0827087,-129.702774,60.15832901,2759.9,1258.321777,2.577264756,23.40960097,15.88500023,44.36100006,38.13914108,1.811662596,74.832547,2.100699973,0.81694104,105.9663925,149.496347,9,2.6838931256407634
CA_0005952,2013,95.28525616,608.1700211,397.3172974,-3.223725181,359.2320984,-129.702774,60.15832901,2759.9,1258.321777,2.577264756,23.40960097,15.88500023,44.36100006,38.13914108,1.811662596,71.98253021,2.092685914,0.850170825,106.4129501,148.1694153,9,2.715498713513011
CA_0005952,2014,95.48478944,596.4166737,398.6521606,-3.223725181,360.6464539,-129.702774,60.15832901,2759.9,1258.321777,2.577264756,23.40960097,15.88500023,44.36100006,38.13914108,1.811662596,71.40516815,2.075498199,0.855804871,106.1453415,151.7933075,9,2.799422481139288
CA_0005953,1989,392.89,562.65,376.14,-4.752596235,337.0428528,-129.1208,60.475,13471.88,1200.723039,3.132407355,16.22338398,14.98155212,55.73274231,26.40453529,1.42910055,42.37935829,1.832700729,0.741172864,106.271756,89.07355347,9,2.6725964094870966
CA_0005953,1990,392.67,564.81,384.49,-4.752596235,339.6306824,-129.1208,60.475,13471.88,1200.723039,3.132407355,16.22338398,14.98155212,55.73274231,26.40453529,1.42910055,41.2137104,1.991059422,0.745185242,105.9920868,91.03608856,9,2.5593967601123953
CA_0005953,1991,412.65,570.86,390.56,-4.752596235,344.7865173,-129.1208,60.475,13471.88,1200.723039,3.132407355,16.22338398,14.98155212,55.73274231,26.40453529,1.42910055,39.62243843,2.105244875,0.743573547,105.1040085,91.75371094,9,2.5680331715585036
CA_0005953,1992,437.25,548.75,386.14,-4.752596235,331.056665,-129.1208,60.475,13471.88,1200.723039,3.132407355,16.22338398,14.98155212,55.73274231,26.40453529,1.42910055,38.33749046,2.112073421,0.73924884,106.3599442,91.90647736,9,2.3555805333923994
CA_0005953,1993,412.97,507.24,397.23,-4.752596235,335.3840698,-129.1208,60.475,13471.88,1200.723039,3.132407355,16.22338398,14.98155212,55.73274231,26.40453529,1.42910055,35.94118233,1.920222163,0.73789773,107.60513,91.56672211,9,2.5409696356887
CA_0005953,1994,438.2,511.55,395.55,-4.752596235,331.824646,-129.1208,60.475,13471.88,1200.723039,3.132407355,16.22338398,14.98155212,55.73274231,26.40453529,1.42910055,36.63411522,1.938820124,0.731617993,106.3928055,91.55204163,9,2.4369723356671336
CA_0005953,1995,424.85,507.17,397.51,-4.752596235,335.8842712,-129.1208,60.475,13471.88,1200.723039,3.132407355,16.22338398,14.98155212,55.73274231,26.40453529,1.42910055,37.53390846,1.801714063,0.733995203,106.7081161,92.5543396,9,2.551792745918052
CA_0005953,1996,385.23,477.07,389.91,-4.752596235,324.9916992,-129.1208,60.475,13471.88,1200.723039,3.132407355,16.22338398,14.98155212,55.73274231,26.40453529,1.42910055,36.10802689,1.830266118,0.732869519,108.080719,94.90747833,9,2.566493261352327
CA_0005953,1997,356.43,513.44,392.25,-4.752596235,339.141803,-129.1208,60.475,13471.88,1200.723039,3.132407355,16.22338398,14.98155212,55.73274231,26.40453529,1.42910055,37.35917816,1.811239839,0.739387842,107.0768341,108.9990875,9,2.7065670619725934
CA_0005953,1998,334.45,512.73,398.41,-4.752596235,331.1966797,-129.1208,60.475,13471.88,1200.723039,3.132407355,16.22338398,14.98155212,55.73274231,26.40453529,1.42910055,36.74464798,1.814203024,0.739926868,108.0868164,122.4244476,9,2.37123423637996
CA_0005953,1999,305.18,515.37,390.29,-4.752596235,331.0132507,-129.1208,60.475,13471.88,1200.723039,3.132407355,16.22338398,14.98155212,55.73274231,26.40453529,1.42910055,34.40801315,1.979841948,0.738624731,106.9868851,139.3587891,9,2.4729061172897264
CA_0005953,2000,316.42,526.92,373.56,-4.752596235,326.0742126,-129.1208,60.475,13471.88,1200.723039,3.132407355,16.22338398,14.98155212,55.73274231,26.40453529,1.42910055,36.83560143,1.822550654,0.729670435,106.0459961,154.3404221,9,2.5548046965112285
CA_0005953,2001,334.77,543.37,372.57,-4.752596235,329.8896912,-129.1208,60.475,13471.88,1200.723039,3.132407355,16.22338398,14.98155212,55.73274231,26.40453529,1.42910055,40.99888992,1.885233045,0.729107056,104.9665588,163.9307007,9,2.609058232624081
CA_0005953,2002,332.41,520.18,371.79,-4.752596235,327.8356201,-129.1208,60.475,13471.88,1200.723039,3.132407355,16.22338398,14.98155212,55.73274231,26.40453529,1.42910055,41.42200928,1.901402235,0.725284949,105.5077637,163.3705383,9,2.697717840304678
CA_0005953,2003,340.29,545.66,359.91,-4.752596235,333.0038818,-129.1208,60.475,13471.88,1200.723039,3.132407355,16.22338398,14.98155212,55.73274231,26.40453529,1.42910055,44.22548676,1.902510881,0.724219287,105.3587494,162.2875214,9,3.113627930626393
CA_0005953,2004,350.74,541.77,363.06,-4.752596235,333.1339355,-129.1208,60.475,13471.88,1200.723039,3.132407355,16.22338398,14.98155212,55.73274231,26.40453529,1.42910055,46.19863892,1.968711972,0.733692041,106.5401276,158.2394653,9,3.0281799029259386
CA_0005953,2005,370.15,552.15,374.01,-4.752596235,342.5872314,-129.1208,60.475,13471.88,1200.723039,3.132407355,16.22338398,14.98155212,55.73274231,26.40453529,1.42910055,45.23021851,1.898195505,0.728985596,106.5330994,156.8681976,9,3.0410320396300423
CA_0005953,2006,374.27,546.03,379.42,-4.752596235,340.2611328,-129.1208,60.475,13471.88,1200.723039,3.132407355,16.22338398,14.98155212,55.73274231,26.40453529,1.42910055,41.55223694,1.9015975,0.723855689,106.2522354,159.4467102,9,2.815134713629071
CA_0005953,2007,399.28,573.73,379.68,-4.752596235,339.410791,-129.1208,60.475,13471.88,1200.723039,3.132407355,16.22338398,14.98155212,55.73274231,26.40453529,1.42910055,40.45580215,1.842332482,0.70218866,104.8530075,162.287558,9,2.6117443884042424
CA_0005953,2008,435.67,584.22,377.9,-4.752596235,340.8505188,-129.1208,60.475,13471.88,1200.723039,3.132407355,16.22338398,14.98155212,55.73274231,26.40453529,1.42910055,41.76095963,1.982623935,0.681505676,103.2443436,164.7390991,9,2.6527283188455932
CA_0005953,2009,457.79,596.74,375.58,-4.752596235,344.784375,-129.1208,60.475,13471.88,1200.723039,3.132407355,16.22338398,14.98155212,55.73274231,26.40453529,1.42910055,45.33076096,1.855103135,0.659277576,103.0212982,161.592569,9,2.812058786336096
CA_0005953,2010,423.27,569.98,378.56,-4.752596235,338.7031982,-129.1208,60.475,13471.88,1200.723039,3.132407355,16.22338398,14.98155212,55.73274231,26.40453529,1.42910055,46.09018402,1.919549823,0.670340588,104.0269516,158.5034515,9,2.633378225892357
CA_0005953,2011,431.75,577.43,376.96,-4.752596235,345.0327148,-129.1208,60.475,13471.88,1200.723039,3.132407355,16.22338398,14.98155212,55.73274231,26.40453529,1.42910055,48.3472229,1.998629332,0.670736841,103.8279282,153.6627686,9,2.8905575995774746
CA_0005953,2012,432.83,568.32,380.6,-4.752596235,345.4380798,-129.1208,60.475,13471.88,1200.723039,3.132407355,16.22338398,14.98155212,55.73274231,26.40453529,1.42910055,47.44753647,2.024116278,0.699078955,105.0039063,143.8015869,9,2.85300629407732
CA_0005953,2013,419.87,545.85,388.06,-4.752596235,348.2194702,-129.1208,60.475,13471.88,1200.723039,3.132407355,16.22338398,14.98155212,55.73274231,26.40453529,1.42910055,44.16597214,2.001675129,0.734836621,106.0129608,134.8268082,9,2.909795822164934
CA_0005953,2014,417.85,540.67,388.48,-4.752596235,351.294342,-129.1208,60.475,13471.88,1200.723039,3.132407355,16.22338398,14.98155212,55.73274231,26.40453529,1.42910055,42.8344902,1.821237803,0.753745569,105.789534,130.4285248,9,3.0721043955929894
CA_0005957,1989,348.38,613.9,390.62,-2.465011811,352.0039124,-129.1292,59.7583,1658.599,1296.399775,3.303833133,21.50179752,16.47589302,43.72440338,38.00816345,1.450441647,69.79216843,1.808767319,0.972840393,108.4493759,393.5993591,9,2.592303344865388
CA_0005957,1990,346.71,614.44,396.58,-2.465011811,353.7460876,-129.1292,59.7583,1658.599,1296.399775,3.303833133,21.50179752,16.47589302,43.72440338,38.00816345,1.450441647,68.1553299,2.052865982,0.975683252,107.6711899,400.4946472,9,2.5131548946543942
CA_0005957,1991,356.91,626.49,399.58,-2.465011811,356.0166016,-129.1292,59.7583,1658.599,1296.399775,3.303833133,21.50179752,16.47589302,43.72440338,38.00816345,1.450441647,65.78839493,2.115687132,0.974323621,106.6513474,403.8535156,9,2.46788084692011
CA_0005957,1992,361.61,595.22,399.35,-2.465011811,341.8649963,-129.1292,59.7583,1658.599,1296.399775,3.303833133,21.50179752,16.47589302,43.72440338,38.00816345,1.450441647,63.24997025,2.12057209,0.970237622,108.5506805,405.3354492,9,2.2206886805938524
CA_0005957,1993,343.74,551.87,413.57,-2.465011811,348.656897,-129.1292,59.7583,1658.599,1296.399775,3.303833133,21.50179752,16.47589302,43.72440338,38.00816345,1.450441647,58.70267105,1.943625569,0.966445581,110.1493149,405.0457642,9,2.3848492405523496
CA_0005957,1994,356.54,567.86,412.63,-2.465011811,350.0085449,-129.1292,59.7583,1658.599,1296.399775,3.303833133,21.50179752,16.47589302,43.72440338,38.00816345,1.450441647,60.12995911,1.915203691,0.963513196,108.8958969,407.4995422,9,2.3497904638735534
CA_0005957,1995,340.59,561.75,415.2,-2.465011811,356.241333,-129.1292,59.7583,1658.599,1296.399775,3.303833133,21.50179752,16.47589302,43.72440338,38.00816345,1.450441647,62.77663345,1.77097106,0.967867957,109.7155457,412.2064392,9,2.5086224987985495
CA_0005962,1989,399.86,624.2,379.37,-2.094639039,346.252417,-127.8458,59.0667,6575.253,1422.917966,4.173356534,20.08320015,16.1824379,46.812397,34.85549164,1.2557808,49.17203217,1.808525681,0.663819751,109.5384583,8.552298069,9,2.623507395763083
CA_0005962,1990,444.81,622.34,384.23,-2.094639039,342.3998474,-127.8458,59.0667,6575.253,1422.917966,4.173356534,20.08320015,16.1824379,46.812397,34.85549164,1.2557808,46.64973335,2.034807682,0.669229981,108.8366623,8.756092072,9,2.3856191318638276
CA_0005962,1991,444.95,640.35,388.12,-2.094639039,346.2810181,-127.8458,59.0667,6575.253,1422.917966,4.173356534,20.08320015,16.1824379,46.812397,34.85549164,1.2557808,44.20217628,2.109931946,0.666738684,107.802594,8.774193573,9,2.3529607415483684
CA_0005962,1992,434.3,608.3,388.66,-2.094639039,331.1610474,-127.8458,59.0667,6575.253,1422.917966,4.173356534,20.08320015,16.1824379,46.812397,34.85549164,1.2557808,42.90758858,2.128404379,0.667377332,109.9051041,8.750190544,9,2.076748167082177
CA_0005962,1993,416.92,565.09,402.21,-2.094639039,337.5975525,-127.8458,59.0667,6575.253,1422.917966,4.173356534,20.08320015,16.1824379,46.812397,34.85549164,1.2557808,39.99437523,1.921476245,0.669346094,111.4857498,8.657086563,9,2.207887164257504
CA_0005969,1989,628.61,642.77,376.47,-2.112166739,349.7213562,-125.3833,58.8542,2525.258,1585.01755,4.865262931,19.41863495,14.64937496,56.75093842,24.09181404,1.331520795,32.10603065,1.898145199,0.615904382,112.7679688,358.8528687,9,2.7734934913488463
CA_0005969,1990,610.11,641.96,381.46,-2.112166739,338.5606323,-125.3833,58.8542,2525.258,1585.01755,4.865262931,19.41863495,14.64937496,56.75093842,24.09181404,1.331520795,29.40379524,2.119316101,0.619286462,112.3966309,365.0792297,9,2.256598368542204
CA_0005969,1991,597.45,661.54,386.28,-2.112166739,348.6054932,-125.3833,58.8542,2525.258,1585.01755,4.865262931,19.41863495,14.64937496,56.75093842,24.09181404,1.331520795,27.65893936,2.151087523,0.618844165,111.4634949,368.0786377,9,2.384493137532211
CA_0005969,1992,561.11,627.2,384.37,-2.112166739,333.6629272,-125.3833,58.8542,2525.258,1585.01755,4.865262931,19.41863495,14.64937496,56.75093842,24.09181404,1.331520795,26.886063,2.118854761,0.622171411,113.6146515,369.4476929,9,2.1320214067587147
CA_0005969,1993,524.94,579.38,395.05,-2.112166739,341.8340454,-125.3833,58.8542,2525.258,1585.01755,4.865262931,19.41863495,14.64937496,56.75093842,24.09181404,1.331520795,26.20784149,2.060046911,0.621136328,114.8844788,369.22677,9,2.3545495758266535
CA_0005969,1994,538.35,591.6,393.64,-2.112166739,339.314917,-125.3833,58.8542,2525.258,1585.01755,4.865262931,19.41863495,14.64937496,56.75093842,24.09181404,1.331520795,25.52111931,1.993309736,0.613925049,113.9481583,371.4745544,9,2.258424093390742
CA_0005969,1995,509.05,580.55,394.82,-2.112166739,351.9778381,-125.3833,58.8542,2525.258,1585.01755,4.865262931,19.41863495,14.64937496,56.75093842,24.09181404,1.331520795,25.23571777,1.908570647,0.61737898,113.9823029,375.9327881,9,2.664254161028471
CA_0005969,1996,503.09,567.43,381.29,-2.112166739,338.4303101,-125.3833,58.8542,2525.258,1585.01755,4.865262931,19.41863495,14.64937496,56.75093842,24.09181404,1.331520795,25.94420547,1.960568309,0.614975208,114.3739853,384.7694763,9,2.5745183893470673
CA_0005969,1997,537.11,623.47,379.29,-2.112166739,350.9307739,-125.3833,58.8542,2525.258,1585.01755,4.865262931,19.41863495,14.64937496,56.75093842,24.09181404,1.331520795,27.25031242,1.927986979,0.612194653,112.0129898,399.3378479,9,2.825489638007691
CA_0005969,1998,500.48,630.68,385.74,-2.112166739,350.1093872,-125.3833,58.8542,2525.258,1585.01755,4.865262931,19.41863495,14.64937496,56.75093842,24.09181404,1.331520795,26.93981628,1.902395368,0.617668713,112.6658127,413.0842834,9,2.5693123488450436
CA_0005969,1999,482.23,622.94,375.53,-2.112166739,341.0628723,-125.3833,58.8542,2525.258,1585.01755,4.865262931,19.41863495,14.64937496,56.75093842,24.09181404,1.331520795,25.69240189,2.026803255,0.61545155,112.0307617,428.5581482,9,2.538041684517632
CA_0005969,2000,513.43,620.2,356.94,-2.112166739,332.3076416,-125.3833,58.8542,2525.258,1585.01755,4.865262931,19.41863495,14.64937496,56.75093842,24.09181404,1.331520795,27.22328224,1.969801188,0.605330371,110.9744476,447.0528076,9,2.7574843026590474
CA_0005969,2001,513.64,624.39,356.71,-2.112166739,331.6260986,-125.3833,58.8542,2525.258,1585.01755,4.865262931,19.41863495,14.64937496,56.75093842,24.09181404,1.331520795,27.72396622,2.009397268,0.610777783,110.062764,463.4006226,9,2.714022807943124
CA_0005969,2002,497.37,579.38,354.54,-2.112166739,327.3099487,-125.3833,58.8542,2525.258,1585.01755,4.865262931,19.41863495,14.64937496,56.75093842,24.09181404,1.331520795,25.98792343,2.068478584,0.612882983,110.6551468,480.7528137,9,2.809043247104447
CA_0005969,2003,540.95,604.97,342.7,-2.112166739,324.9316528,-125.3833,58.8542,2525.258,1585.01755,4.865262931,19.41863495,14.64937496,56.75093842,24.09181404,1.331520795,26.95400467,1.98804903,0.610579797,110.7541153,491.0174377,9,3.0522917499910616
CA_0005969,2004,547.04,591.46,349.46,-2.112166739,331.2789917,-125.3833,58.8542,2525.258,1585.01755,4.865262931,19.41863495,14.64937496,56.75093842,24.09181404,1.331520795,28.81750031,2.03015399,0.623693726,111.8001846,496.7914795,9,3.195045074856734
CA_0005969,2005,566.53,610.34,362.72,-2.112166739,345.0902222,-125.3833,58.8542,2525.258,1585.01755,4.865262931,19.41863495,14.64937496,56.75093842,24.09181404,1.331520795,29.30106888,1.949730635,0.62758584,112.3601883,497.9010437,9,3.3055395220036576
CA_0005969,2006,559.83,602.36,372.58,-2.112166739,349.6828918,-125.3833,58.8542,2525.258,1585.01755,4.865262931,19.41863495,14.64937496,56.75093842,24.09181404,1.331520795,28.06437225,1.998609066,0.617477283,113.2875839,494.7905823,9,3.144783584071726
CA_0005969,2007,552.75,656.37,375.26,-2.112166739,353.3358643,-125.3833,58.8542,2525.258,1585.01755,4.865262931,19.41863495,14.64937496,56.75093842,24.09181404,1.331520795,28.09660797,2.021309853,0.595626514,112.9230652,488.0706604,9,2.9379611594669033
CA_0005969,2008,554.26,661.01,376.36,-2.112166739,354.6891357,-125.3833,58.8542,2525.258,1585.01755,4.865262931,19.41863495,14.64937496,56.75093842,24.09181404,1.331520795,28.63312111,2.050688028,0.584690735,112.6105331,488.6541626,9,2.9425095659704072
CA_0005969,2009,559.83,691.46,374.56,-2.112166739,352.1105652,-125.3833,58.8542,2525.258,1585.01755,4.865262931,19.41863495,14.64937496,56.75093842,24.09181404,1.331520795,29.91443329,1.989170909,0.568402026,113.292244,487.7048767,9,2.750056633783735
CA_0005969,2010,516.5,680.39,376.17,-2.112166739,346.6429688,-125.3833,58.8542,2525.258,1585.01755,4.865262931,19.41863495,14.64937496,56.75093842,24.09181404,1.331520795,30.42858696,2.028448582,0.58077926,114.1525711,482.9263611,9,2.5022860747503013
CA_0005969,2011,521.83,680.3,377.17,-2.112166739,352.8584595,-125.3833,58.8542,2525.258,1585.01755,4.865262931,19.41863495,14.64937496,56.75093842,24.09181404,1.331520795,31.35410843,2.080072641,0.574761328,114.5017456,483.7680603,9,2.7317463963550956
CA_0005969,2012,500.48,654.63,385.85,-2.112166739,334.0340454,-125.3833,58.8542,2525.258,1585.01755,4.865262931,19.41863495,14.64937496,56.75093842,24.09181404,1.331520795,29.19983826,2.026333332,0.603202319,115.9483383,482.7829102,9,2.034962033012879
CA_0005969,2013,502.47,670.16,390.1,-2.112166739,338.4887756,-125.3833,58.8542,2525.258,1585.01755,4.865262931,19.41863495,14.64937496,56.75093842,24.09181404,1.331520795,27.53086815,1.972756386,0.628562537,116.237384,481.6671509,9,2.028695638207903
CA_0005969,2014,505.45,655.73,396.49,-2.112166739,343.9348877,-125.3833,58.8542,2525.258,1585.01755,4.865262931,19.41863495,14.64937496,56.75093842,24.09181404,1.331520795,27.06045341,1.866281986,0.654527454,116.8223251,478.0362488,9,2.099114524273336
CA_0005970,1989,417.13,573.89,394.58,-3.059792423,349.5934814,-124.475,59.7458,116806.6,1178.724513,2.911836108,18.87567748,15.61596012,53.67156982,27.96855736,1.512492731,43.20963135,1.804458976,0.925394641,109.8255432,140.8071564,9,2.625016755466804
CA_0005970,1990,413.62,574.26,400.94,-3.059792423,349.9256287,-124.475,59.7458,116806.6,1178.724513,2.911836108,18.87567748,15.61596012,53.67156982,27.96855736,1.512492731,41.78845596,1.996433735,0.930537537,109.3105774,143.3926392,9,2.5060565496742266
CA_0005970,1991,414.48,585.46,405.18,-3.059792423,354.6335266,-124.475,59.7458,116806.6,1178.724513,2.911836108,18.87567748,15.61596012,53.67156982,27.96855736,1.512492731,40.16082458,2.061989546,0.929936804,108.4193985,144.4623108,9,2.5094556540212225
CA_0005970,1992,399.32,562.11,402.82,-3.059792423,339.9286804,-124.475,59.7458,116806.6,1178.724513,2.911836108,18.87567748,15.61596012,53.67156982,27.96855736,1.512492731,38.69734955,2.054327726,0.9276771,109.9043304,144.8726227,9,2.268141133625444
CA_0005970,1993,364.19,517.38,414.75,-3.059792423,342.7117432,-124.475,59.7458,116806.6,1178.724513,2.911836108,18.87567748,15.61596012,53.67156982,27.96855736,1.512492731,35.8408783,1.91036582,0.92650874,111.4588257,144.6136322,9,2.4173555638836044
CA_0005970,1994,377.12,525.49,414.52,-3.059792423,343.6771301,-124.475,59.7458,116806.6,1178.724513,2.911836108,18.87567748,15.61596012,53.67156982,27.96855736,1.512492731,36.0227951,1.908086419,0.922267664,110.4044968,145.212262,9,2.3951256714196507
CA_0005970,1995,321.72,513.94,416.89,-3.059792423,344.9632385,-124.475,59.7458,116806.6,1178.724513,2.911836108,18.87567748,15.61596012,53.67156982,27.96855736,1.512492731,36.59167023,1.768294454,0.925335779,110.8162445,147.1075653,9,2.469769638414418
CA_0005971,1989,355.64,564.79,389.39,-3.378785419,343.4510193,-127.2292,59.7,61739.76,1160.780516,2.756853491,18.66083318,15.84854126,51.81871033,29.7628212,1.542147423,48.5023941,1.815865159,0.862976013,107.9239304,132.4807129,9,2.5819688002617287
CA_0005971,1990,359.64,565.56,396.55,-3.378785419,344.9148499,-127.2292,59.7,61739.76,1160.780516,2.756853491,18.66083318,15.84854126,51.81871033,29.7628212,1.542147423,47.51446152,2.012452602,0.868384131,107.3745972,134.9739212,9,2.4836022304128242
CA_0005971,1991,377.08,574.35,401.3,-3.378785419,348.5685974,-127.2292,59.7,61739.76,1160.780516,2.756853491,18.66083318,15.84854126,51.81871033,29.7628212,1.542147423,45.72673645,2.095885515,0.866965137,106.4293137,136.011496,9,2.4593675728038646
CA_0005971,1992,390.83,550.62,399.15,-3.378785419,334.0746826,-127.2292,59.7,61739.76,1160.780516,2.756853491,18.66083318,15.84854126,51.81871033,29.7628212,1.542147423,44.09017868,2.102659702,0.863824011,107.9570068,136.4009857,9,2.231990501408159
CA_0005971,1993,367.74,509.35,411.83,-3.378785419,337.6644287,-127.2292,59.7,61739.76,1160.780516,2.756853491,18.66083318,15.84854126,51.81871033,29.7628212,1.542147423,40.8042778,1.918266892,0.862890027,109.4520844,136.1590118,9,2.377557317032761
CA_0005971,1994,382.37,518.25,410.94,-3.378785419,337.7460999,-127.2292,59.7,61739.76,1160.780516,2.756853491,18.66083318,15.84854126,51.81871033,29.7628212,1.542147423,41.30006332,1.93419075,0.858585266,108.2625504,136.6846161,9,2.336790558644294
CA_0005971,1995,376.05,511.32,413.33,-3.378785419,341.5714966,-127.2292,59.7,61739.76,1160.780516,2.756853491,18.66083318,15.84854126,51.81871033,29.7628212,1.542147423,42.35474091,1.787159204,0.861697681,108.7992737,138.3982666,9,2.4460134581469006
CA_0005972,1989,501.61,608.34,395.08,-1.935833359,363.0422607,-125.9417,59.3375,1162.486,1379.552053,4.234021209,18.5950543,15.36798477,54.17346954,27.88480377,1.664653645,39.47167358,1.715875983,0.906845642,112.8342499,715.5862427,9,2.9349129981436133
CA_0005972,1990,478.7,607.75,400.46,-1.935833359,356.2134338,-125.9417,59.3375,1162.486,1379.552053,4.234021209,18.5950543,15.36798477,54.17346954,27.88480377,1.664653645,35.61116867,1.944649577,0.911509595,112.5040359,727.1608032,9,2.540873785942811
CA_0005972,1991,454.71,622.14,404.09,-1.935833359,363.9000916,-125.9417,59.3375,1162.486,1379.552053,4.234021209,18.5950543,15.36798477,54.17346954,27.88480377,1.664653645,33.16125565,1.973235011,0.910144556,111.560762,732.3165405,9,2.645345494570444
CA_0005972,1992,438.12,587.41,401.53,-1.935833359,348.3321045,-125.9417,59.3375,1162.486,1379.552053,4.234021209,18.5950543,15.36798477,54.17346954,27.88480377,1.664653645,31.36953812,1.938337564,0.909968652,113.5583939,735.0097168,9,2.385255454004327
CA_0005972,1993,411.05,537.02,412.34,-1.935833359,355.8887207,-125.9417,59.3375,1162.486,1379.552053,4.234021209,18.5950543,15.36798477,54.17346954,27.88480377,1.664653645,29.70277023,1.882004023,0.906007068,114.9422638,734.7105225,9,2.70542325282936
CA_0005972,1994,427.22,548.66,412.11,-1.935833359,357.3951843,-125.9417,59.3375,1162.486,1379.552053,4.234021209,18.5950543,15.36798477,54.17346954,27.88480377,1.664653645,29.53785591,1.813341975,0.897071912,114.0494614,739.6257568,9,2.678679087675402
CA_0005972,1995,398.11,537.25,412.55,-1.935833359,363.9159058,-125.9417,59.3375,1162.486,1379.552053,4.234021209,18.5950543,15.36798477,54.17346954,27.88480377,1.664653645,29.42610359,1.708696723,0.899516284,114.0711456,750.6974243,9,2.986455103346728
CA_0005972,1996,401.09,522.31,400.62,-1.935833359,350.6923279,-125.9417,59.3375,1162.486,1379.552053,4.234021209,18.5950543,15.36798477,54.17346954,27.88480377,1.664653645,30.45547981,1.770957232,0.897176978,114.5228806,769.7513794,9,2.875807532369027
CA_0005972,1997,417.52,575.03,397.4,-1.935833359,361.8869995,-125.9417,59.3375,1162.486,1379.552053,4.234021209,18.5950543,15.36798477,54.17346954,27.88480377,1.664653645,32.7585659,1.727397442,0.898860669,112.2007935,820.3967285,9,3.0237894936719227
CA_0005972,1998,407.54,583.24,403.14,-1.935833359,360.2296631,-125.9417,59.3375,1162.486,1379.552053,4.234021209,18.5950543,15.36798477,54.17346954,27.88480377,1.664653645,33.0320858,1.706658125,0.907389294,112.8655548,870.2550903,9,2.748078524534212
CA_0005972,1999,380.05,577.39,392.64,-1.935833359,350.2045349,-125.9417,59.3375,1162.486,1379.552053,4.234021209,18.5950543,15.36798477,54.17346954,27.88480377,1.664653645,32.12203445,1.828619599,0.905824451,112.2064178,911.9935791,9,2.669993559024243
CA_0005972,2000,394.87,578.82,375.16,-1.935833359,345.1106934,-125.9417,59.3375,1162.486,1379.552053,4.234021209,18.5950543,15.36798477,54.17346954,27.88480377,1.664653645,34.47644501,1.774756312,0.897094385,111.177948,954.694873,9,2.9455283522313427
CA_0005972,2001,381.67,586.88,374.74,-1.935833359,346.3219666,-125.9417,59.3375,1162.486,1379.552053,4.234021209,18.5950543,15.36798477,54.17346954,27.88480377,1.664653645,35.4421463,1.808961511,0.900568298,110.3235992,989.6783936,9,2.969722324142938
CA_0005972,2002,407.0,548.7,373.56,-1.935833359,342.9577515,-125.9417,59.3375,1162.486,1379.552053,4.234021209,18.5950543,15.36798477,54.17346954,27.88480377,1.664653645,33.67544479,1.889559865,0.897049988,110.9942169,1009.634485,9,3.101198324620193
CA_0005972,2003,421.83,571.55,363.63,-1.935833359,343.5214417,-125.9417,59.3375,1162.486,1379.552053,4.234021209,18.5950543,15.36798477,54.17346954,27.88480377,1.664653645,35.1445816,1.799641013,0.895429517,110.9850861,1022.910974,9,3.409169387252324
CA_0005972,2004,441.36,557.99,370.23,-1.935833359,347.3033813,-125.9417,59.3375,1162.486,1379.552053,4.234021209,18.5950543,15.36798477,54.17346954,27.88480377,1.664653645,36.55164948,1.863623977,0.908387671,111.9953934,1042.81499,9,3.428360354221374
CA_0005972,2005,475.74,573.73,382.99,-1.935833359,360.7960999,-125.9417,59.3375,1162.486,1379.552053,4.234021209,18.5950543,15.36798477,54.17346954,27.88480377,1.664653645,36.32734184,1.754876137,0.903140564,112.5556427,1063.815027,9,3.562538906911348
CA_0005972,2006,477.08,566.27,391.71,-1.935833359,363.1057434,-125.9417,59.3375,1162.486,1379.552053,4.234021209,18.5950543,15.36798477,54.17346954,27.88480377,1.664653645,34.30927277,1.823773623,0.887055603,113.1489655,1080.365576,9,3.358486492386976
CA_0005972,2007,432.88,612.44,394.26,-1.935833359,365.9566223,-125.9417,59.3375,1162.486,1379.552053,4.234021209,18.5950543,15.36798477,54.17346954,27.88480377,1.664653645,34.03209381,1.814555526,0.859395837,112.5733246,1086.180518,9,3.078271696315767
CA_0005972,2008,451.9,616.01,393.62,-1.935833359,365.569751,-125.9417,59.3375,1162.486,1379.552053,4.234021209,18.5950543,15.36798477,54.17346954,27.88480377,1.664653645,34.58022308,1.872764826,0.833236768,112.1956772,1095.891333,9,3.060602588421541
CA_0005972,2009,449.32,644.34,390.61,-1.935833359,365.9470886,-125.9417,59.3375,1162.486,1379.552053,4.234021209,18.5950543,15.36798477,54.17346954,27.88480377,1.664653645,37.13453979,1.804743528,0.805186975,112.6356522,1097.346924,9,3.0351052178972227
CA_0005972,2010,425.33,631.66,393.75,-1.935833359,361.7487244,-125.9417,59.3375,1162.486,1379.552053,4.234021209,18.5950543,15.36798477,54.17346954,27.88480377,1.664653645,37.93977089,1.835192204,0.831871045,113.3586685,1099.296338,9,2.7929541987449684
CA_0005972,2011,420.48,629.5,394.77,-1.935833359,368.8917969,-125.9417,59.3375,1162.486,1379.552053,4.234021209,18.5950543,15.36798477,54.17346954,27.88480377,1.664653645,39.1935997,1.912803292,0.824357092,114.0127899,1111.590332,9,3.107685432345453
CA_0005972,2012,410.28,605.14,404.14,-1.935833359,352.402356,-125.9417,59.3375,1162.486,1379.552053,4.234021209,18.5950543,15.36798477,54.17346954,27.88480377,1.664653645,36.62574425,1.862628341,0.857220142,115.6292603,1117.836206,9,2.3716595086120162
CA_0005972,2013,406.19,618.41,408.95,-1.935833359,357.0138428,-125.9417,59.3375,1162.486,1379.552053,4.234021209,18.5950543,15.36798477,54.17346954,27.88480377,1.664653645,34.24949532,1.820341945,0.892850769,116.0028671,1124.77793,9,2.356957236839759
CA_0005972,2014,410.24,605.99,415.19,-1.935833359,362.3221558,-125.9417,59.3375,1162.486,1379.552053,4.234021209,18.5950543,15.36798477,54.17346954,27.88480377,1.664653645,33.4455204,1.674196482,0.929315784,116.699791,1133.173022,9,2.449568073560444
CA_0005974,1989,236.9,538.18,428.29,-2.326333404,368.6582825,-126.2292,59.4542,206.943,1015.283686,2.92206529,18.23919297,20.51071358,41.62857056,36.01224518,1.23995305,34.30780983,1.485785723,1.745692114,113.817955,103.1155228,9,2.8168965826332837
CA_0005974,1990,227.84,539.69,434.3,-2.326333404,366.8411377,-126.2292,59.4542,206.943,1015.283686,2.92206529,18.23919297,20.51071358,41.62857056,36.01224518,1.23995305,33.64304771,1.719714403,1.776998779,113.4076202,104.6751801,9,2.6452035739125415
CA_0005974,1991,212.75,551.06,436.74,-2.326333404,372.957135,-126.2292,59.4542,206.943,1015.283686,2.92206529,18.23919297,20.51071358,41.62857056,36.01224518,1.23995305,31.17033424,1.74678576,1.789455664,112.5094315,105.2914337,9,2.7061827599697574
CA_0005974,1992,213.34,521.88,436.04,-2.326333404,349.9622803,-126.2292,59.4542,206.943,1015.283686,2.92206529,18.23919297,20.51071358,41.62857056,36.01224518,1.23995305,27.79676208,1.702166557,1.805651367,114.2840515,105.643425,9,2.306526093999196
CA_0005974,1993,178.05,476.23,447.78,-2.326333404,350.6708618,-126.2292,59.4542,206.943,1015.283686,2.92206529,18.23919297,20.51071358,41.62857056,36.01224518,1.23995305,24.58461914,1.629499912,1.817665674,115.8150513,105.5739761,9,2.5292264560460493
CA_0005974,1994,176.54,486.55,449.92,-2.326333404,358.2308594,-126.2292,59.4542,206.943,1015.283686,2.92206529,18.23919297,20.51071358,41.62857056,36.01224518,1.23995305,23.98271484,1.579071403,1.832200903,114.9190521,106.3016418,9,2.615375376134347
CA_0005974,1995,161.45,475.89,449.92,-2.326333404,358.4028564,-126.2292,59.4542,206.943,1015.283686,2.92206529,18.23919297,20.51071358,41.62857056,36.01224518,1.23995305,23.97947693,1.435904741,1.842012109,114.9533371,108.1548859,9,2.7246444817576063
CA_0005974,1996,152.82,457.07,440.77,-2.326333404,344.6291382,-126.2292,59.4542,206.943,1015.283686,2.92206529,18.23919297,20.51071358,41.62857056,36.01224518,1.23995305,25.05228577,1.518738151,1.845223047,115.452002,111.1245865,9,2.6277670107280433
CA_0005974,1997,137.31,501.14,432.32,-2.326333404,360.5234314,-126.2292,59.4542,206.943,1015.283686,2.92206529,18.23919297,20.51071358,41.62857056,36.01224518,1.23995305,28.52452354,1.460618973,1.856235449,113.2036682,115.9072586,9,2.7961249248694613
CA_0005974,1998,135.8,511.11,437.72,-2.326333404,356.5491394,-126.2292,59.4542,206.943,1015.283686,2.92206529,18.23919297,20.51071358,41.62857056,36.01224518,1.23995305,30.42742805,1.446357131,1.873360229,113.8410507,119.4111038,9,2.5197091741825144
CA_0005974,1999,125.24,506.93,429.41,-2.326333404,347.2771423,-126.2292,59.4542,206.943,1015.283686,2.92206529,18.23919297,20.51071358,41.62857056,36.01224518,1.23995305,31.20918999,1.568047643,1.856568335,113.1289093,122.9244354,9,2.415065216431087
CA_0005974,2000,130.12,511.0,414.92,-2.326333404,349.7251465,-126.2292,59.4542,206.943,1015.283686,2.92206529,18.23919297,20.51071358,41.62857056,36.01224518,1.23995305,33.01823807,1.505023599,1.841502856,112.1591492,125.2712921,9,2.6572567407094305
CA_0005974,2001,135.8,522.24,414.88,-2.326333404,358.2525818,-126.2292,59.4542,206.943,1015.283686,2.92206529,18.23919297,20.51071358,41.62857056,36.01224518,1.23995305,34.84357147,1.545976162,1.842557373,111.2990997,126.8866745,9,2.8491014790250193
CA_0005974,2002,149.38,495.37,418.68,-2.326333404,357.3525757,-126.2292,59.4542,206.943,1015.283686,2.92206529,18.23919297,20.51071358,41.62857056,36.01224518,1.23995305,32.97628632,1.646357059,1.823291406,112.096051,128.3412064,9,2.9873412489185496
CA_0005974,2003,156.93,516.17,409.06,-2.326333404,366.3257202,-126.2292,59.4542,206.943,1015.283686,2.92206529,18.23919297,20.51071358,41.62857056,36.01224518,1.23995305,33.74942932,1.542642832,1.803416406,111.9300018,131.475882,9,3.393573088308906
CA_0005974,2004,161.89,506.77,412.45,-2.326333404,363.1354309,-126.2292,59.4542,206.943,1015.283686,2.92206529,18.23919297,20.51071358,41.62857056,36.01224518,1.23995305,33.65619125,1.641666532,1.830509766,112.8260498,134.3354401,9,3.2480777942334336
CA_0005974,2005,169.0,518.07,423.32,-2.326333404,374.5720032,-126.2292,59.4542,206.943,1015.283686,2.92206529,18.23919297,20.51071358,41.62857056,36.01224518,1.23995305,32.16204834,1.494000077,1.818124512,113.2490005,138.5274979,9,3.356010950946034
CA_0005974,2006,170.51,510.69,429.84,-2.326333404,366.3480042,-126.2292,59.4542,206.943,1015.283686,2.92206529,18.23919297,20.51071358,41.62857056,36.01224518,1.23995305,28.95628624,1.596095324,1.800675513,113.4712418,143.5875092,9,2.9473527359796226
CA_0005974,2007,165.98,546.41,428.86,-2.326333404,365.9228638,-126.2292,59.4542,206.943,1015.283686,2.92206529,18.23919297,20.51071358,41.62857056,36.01224518,1.23995305,29.18242912,1.561476111,1.784160498,112.4647644,149.0610565,9,2.6593043357623127
CA_0005974,2008,177.02,547.53,425.79,-2.326333404,361.6679993,-126.2292,59.4542,206.943,1015.283686,2.92206529,18.23919297,20.51071358,41.62857056,36.01224518,1.23995305,29.22604866,1.649904847,1.76812124,112.0549072,155.7388733,9,2.577444161416139
CA_0005974,2009,187.1,568.67,423.15,-2.326333404,370.868573,-126.2292,59.4542,206.943,1015.283686,2.92206529,18.23919297,20.51071358,41.62857056,36.01224518,1.23995305,32.1059536,1.564594984,1.721353369,112.2800491,157.7687469,9,2.7701073157769103
CA_0005974,2010,178.05,555.31,428.48,-2.326333404,365.2662903,-126.2292,59.4542,206.943,1015.283686,2.92206529,18.23919297,20.51071358,41.62857056,36.01224518,1.23995305,33.90523949,1.57547605,1.770484326,112.964621,159.4020935,9,2.5872095356914553
CA_0005974,2011,167.49,550.04,427.01,-2.326333404,377.3742981,-126.2292,59.4542,206.943,1015.283686,2.92206529,18.23919297,20.51071358,41.62857056,36.01224518,1.23995305,35.39281082,1.695928574,1.77680144,113.7943802,160.2906738,9,3.0643062290026375
CA_0005974,2012,152.82,531.75,437.94,-2.326333404,362.0594421,-126.2292,59.4542,206.943,1015.283686,2.92206529,18.23919297,20.51071358,41.62857056,36.01224518,1.23995305,32.72266769,1.657642722,1.813049829,115.6760956,158.8717072,9,2.5151256914858475
CA_0005974,2013,143.35,539.48,442.28,-2.326333404,366.4548767,-126.2292,59.4542,206.943,1015.283686,2.92206529,18.23919297,20.51071358,41.62857056,36.01224518,1.23995305,31.55362015,1.62016654,1.860339355,116.0374283,155.5797913,9,2.5196523011796814
CA_0005974,2014,143.35,530.37,445.74,-2.326333404,368.146875,-126.2292,59.4542,206.943,1015.283686,2.92206529,18.23919297,20.51071358,41.62857056,36.01224518,1.23995305,32.05680923,1.418571234,1.934804102,116.8372833,155.4881866,9,2.5815308128601355
CA_0005993,1989,438.79,595.43,326.52,-6.229636574,306.4765747,-125.8,61.6375,14823.11,1455.074641,4.292192522,17.41807764,14.50695705,61.83366776,20.83396339,1.354018135,27.29629555,2.254650593,0.452728113,106.3639862,10.06933804,9,2.756955190719895
CA_0005993,1990,451.1,592.07,336.35,-6.229636574,311.5355652,-125.8,61.6375,14823.11,1455.074641,4.292192522,17.41807764,14.50695705,61.83366776,20.83396339,1.354018135,26.18155403,2.347432852,0.456207025,106.4393982,10.25479221,9,2.642192976445128
CA_0005993,1991,481.78,598.56,343.87,-6.229636574,317.319812,-125.8,61.6375,14823.11,1455.074641,4.292192522,17.41807764,14.50695705,61.83366776,20.83396339,1.354018135,25.98509789,2.438955069,0.458684802,105.8255264,10.35179691,9,2.618840331592203
CA_0005993,1992,513.74,588.12,336.13,-6.229636574,307.9645569,-125.8,61.6375,14823.11,1455.074641,4.292192522,17.41807764,14.50695705,61.83366776,20.83396339,1.354018135,25.68710175,2.412621737,0.455749432,106.2873398,10.38070736,9,2.5096672925897683
CA_0005993,1993,533.68,541.84,346.72,-6.229636574,311.5790222,-125.8,61.6375,14823.11,1455.074641,4.292192522,17.41807764,14.50695705,61.83366776,20.83396339,1.354018135,24.37149391,2.316392183,0.455409186,107.2809769,10.36922112,9,2.5749835821903653
CA_0005993,1994,537.07,528.47,345.78,-6.229636574,301.0195129,-125.8,61.6375,14823.11,1455.074641,4.292192522,17.41807764,14.50695705,61.83366776,20.83396339,1.354018135,24.1825428,2.301172733,0.449867902,106.4930344,10.41881409,9,2.304056491836231
CA_0005993,1995,518.93,506.08,351.27,-6.229636574,297.0499329,-125.8,61.6375,14823.11,1455.074641,4.292192522,17.41807764,14.50695705,61.83366776,20.83396339,1.354018135,22.93653793,2.183249235,0.449656506,106.5204819,10.47585468,9,2.20440492123302
CA_0005993,1996,505.35,493.97,339.93,-6.229636574,286.3539795,-125.8,61.6375,14823.11,1455.074641,4.292192522,17.41807764,14.50695705,61.83366776,20.83396339,1.354018135,21.44073906,2.200022936,0.446917877,107.5599609,10.67384987,9,2.154385868286944
CA_0005993,1997,481.13,526.02,344.19,-6.229636574,295.882251,-125.8,61.6375,14823.11,1455.074641,4.292192522,17.41807764,14.50695705,61.83366776,20.83396339,1.354018135,23.20937653,2.175976038,0.451142426,106.5983536,11.4353178,9,2.1962431720398268
CA_0005993,1998,458.9,532.75,354.64,-6.229636574,301.6488281,-125.8,61.6375,14823.11,1455.074641,4.292192522,17.41807764,14.50695705,61.83366776,20.83396339,1.354018135,23.42377968,2.19373703,0.452747461,107.9505951,12.83211308,9,2.1518000321524964
CA_0005993,1999,456.27,545.72,348.82,-6.229636574,309.7034424,-125.8,61.6375,14823.11,1455.074641,4.292192522,17.41807764,14.50695705,61.83366776,20.83396339,1.354018135,22.6932415,2.330400467,0.452950238,107.411116,15.01525459,9,2.4361897629928233
CA_0005993,2000,463.1,573.84,328.06,-6.229636574,306.8167358,-125.8,61.6375,14823.11,1455.074641,4.292192522,17.41807764,14.50695705,61.83366776,20.83396339,1.354018135,25.19092865,2.222094536,0.448711853,106.961322,17.47844734,9,2.814139821118569
CA_0005993,2001,473.52,583.33,331.04,-6.229636574,311.4796204,-125.8,61.6375,14823.11,1455.074641,4.292192522,17.41807764,14.50695705,61.83366776,20.83396339,1.354018135,27.34157295,2.280738354,0.451375946,106.3030991,18.94999046,9,2.901296332757711
CA_0005993,2002,473.17,568.13,328.54,-6.229636574,308.9885742,-125.8,61.6375,14823.11,1455.074641,4.292192522,17.41807764,14.50695705,61.83366776,20.83396339,1.354018135,27.32206688,2.303122759,0.450154382,107.1882217,18.52103119,9,2.951886686266509
CA_0005993,2003,481.13,592.46,311.93,-6.229636574,303.141803,-125.8,61.6375,14823.11,1455.074641,4.292192522,17.41807764,14.50695705,61.83366776,20.83396339,1.354018135,29.08544121,2.278836012,0.450421454,107.093158,18.46224174,9,3.5070707013378972
CA_0005993,2004,483.06,579.48,308.61,-6.229636574,293.9663269,-125.8,61.6375,14823.11,1455.074641,4.292192522,17.41807764,14.50695705,61.83366776,20.83396339,1.354018135,30.0317894,2.264075756,0.45423714,108.1184601,20.10452576,9,2.9609129414131616
CA_0005993,2005,500.79,588.88,321.8,-6.229636574,305.1430908,-125.8,61.6375,14823.11,1455.074641,4.292192522,17.41807764,14.50695705,61.83366776,20.83396339,1.354018135,29.36554832,2.249121904,0.460357129,107.9192535,25.24868507,9,2.940486471310744
CA_0005993,2006,502.55,574.44,326.25,-6.229636574,304.430188,-125.8,61.6375,14823.11,1455.074641,4.292192522,17.41807764,14.50695705,61.83366776,20.83396339,1.354018135,27.66112747,2.288096666,0.463186108,107.6720718,28.48946953,9,2.756615078345525
CA_0005993,2007,507.36,583.68,327.62,-6.229636574,303.7010254,-125.8,61.6375,14823.11,1455.074641,4.292192522,17.41807764,14.50695705,61.83366776,20.83396339,1.354018135,26.34216461,2.188018799,0.455797742,106.596257,29.69702988,9,2.6223451913088605
CA_0005993,2008,515.18,590.59,327.84,-6.229636574,305.0246582,-125.8,61.6375,14823.11,1455.074641,4.292192522,17.41807764,14.50695705,61.83366776,20.83396339,1.354018135,26.62882729,2.315855503,0.449501721,105.1942093,29.96384048,9,2.6478117286696325
CA_0005993,2009,514.41,620.01,329.27,-6.229636574,313.4568848,-125.8,61.6375,14823.11,1455.074641,4.292192522,17.41807764,14.50695705,61.83366776,20.83396339,1.354018135,28.22652397,2.258164644,0.439030981,104.4333633,27.4870163,9,2.9392991455898474
CA_0005993,2010,479.5,593.98,326.81,-6.229636574,306.99021,-125.8,61.6375,14823.11,1455.074641,4.292192522,17.41807764,14.50695705,61.83366776,20.83396339,1.354018135,27.99011345,2.25206542,0.437915234,104.9795517,20.07474537,9,2.779947873686118
CA_0005993,2011,446.46,618.39,326.28,-6.229636574,310.8201416,-125.8,61.6375,14823.11,1455.074641,4.292192522,17.41807764,14.50695705,61.83366776,20.83396339,1.354018135,28.11557159,2.271201372,0.434360083,104.9857208,15.45731087,9,2.935017071421996
CA_0005993,2012,462.95,618.45,333.25,-6.229636574,312.4737122,-125.8,61.6375,14823.11,1455.074641,4.292192522,17.41807764,14.50695705,61.83366776,20.83396339,1.354018135,27.42763062,2.309704781,0.444624469,106.4338837,14.57052402,9,2.692351492815581
CA_0005993,2013,466.25,588.25,341.54,-6.229636574,315.4024658,-125.8,61.6375,14823.11,1455.074641,4.292192522,17.41807764,14.50695705,61.83366776,20.83396339,1.354018135,25.49271469,2.368626833,0.466344928,107.7618652,13.78703022,9,2.6581875935803505
CA_0005993,2014,465.38,576.41,344.29,-6.229636574,318.4874329,-125.8,61.6375,14823.11,1455.074641,4.292192522,17.41807764,14.50695705,61.83366776,20.83396339,1.354018135,24.42269173,2.207048655,0.481957697,108.1946198,13.15504799,9,2.765806672917315
CA_0005996,1989,412.29,569.81,361.41,-5.435552788,329.1114258,-124.075,61.2625,32449.91,1288.258216,4.014128466,16.29470313,14.50233841,61.42491913,21.34213066,1.32240232,30.41945953,2.10062623,0.622100781,108.2509323,57.82818832,9,2.7194349422102295
CA_0005996,1990,426.99,568.99,369.35,-5.435552788,334.8158691,-124.075,61.2625,32449.91,1288.258216,4.014128466,16.29470313,14.50233841,61.42491913,21.34213066,1.32240232,29.14691582,2.19890523,0.625409265,108.2286621,59.17366714,9,2.7301735568425887
CA_0005996,1991,428.81,575.95,375.34,-5.435552788,340.2336304,-124.075,61.2625,32449.91,1288.258216,4.014128466,16.29470313,14.50233841,61.42491913,21.34213066,1.32240232,29.05520821,2.278830528,0.627504712,107.6222382,59.75474854,9,2.7423790237437147
CA_0005996,1992,453.96,565.96,367.73,-5.435552788,330.8293091,-124.075,61.2625,32449.91,1288.258216,4.014128466,16.29470313,14.50233841,61.42491913,21.34213066,1.32240232,29.19518166,2.256457329,0.623097815,108.0738693,59.87694321,9,2.633995135950149
CA_0005996,1993,443.84,515.14,377.34,-5.435552788,331.4606201,-124.075,61.2625,32449.91,1288.258216,4.014128466,16.29470313,14.50233841,61.42491913,21.34213066,1.32240232,27.50632248,2.158662558,0.620533728,109.3707733,59.66554947,9,2.739005056038261
CA_0005996,1994,448.04,506.35,377.93,-5.435552788,325.5002502,-124.075,61.2625,32449.91,1288.258216,4.014128466,16.29470313,14.50233841,61.42491913,21.34213066,1.32240232,27.15104103,2.156580448,0.614872986,108.7316315,59.65659561,9,2.5802210195370203
CA_0005996,1995,431.91,482.72,383.01,-5.435552788,315.4316589,-124.075,61.2625,32449.91,1288.258216,4.014128466,16.29470313,14.50233841,61.42491913,21.34213066,1.32240232,26.01989403,2.023416281,0.614457202,108.8746735,60.03726425,9,2.355769832121902
CA_0006024,1999,664.8223838,469.134477,347.3145935,-7.564807366,306.8914612,-128.2138824,64.13667297,10461.21,1506.588417,4.110912843,16.91293155,14.61775684,61.99743652,21.1102562,1.356060887,30.99770699,2.417649078,0.388343109,106.2036407,32.9458065,9,2.855443232434879
CA_0006024,2000,901.6306042,496.1791691,324.4048218,-7.564807366,301.2849121,-128.2138824,64.13667297,10461.21,1506.588417,4.110912843,16.91293155,14.61775684,61.99743652,21.1102562,1.356060887,36.03082352,2.434821177,0.384854626,105.8373779,32.58810043,9,3.1498348538413947
CA_0006024,2001,990.5437276,491.914956,328.3754944,-7.564807366,307.2426514,-128.2138824,64.13667297,10461.21,1506.588417,4.110912843,16.91293155,14.61775684,61.99743652,21.1102562,1.356060887,39.74609909,2.460806036,0.386811365,105.2394897,30.59481316,9,3.3961259670060975
CA_0006024,2002,983.4006314,491.1208016,324.1874512,-7.564807366,305.4641052,-128.2138824,64.13667297,10461.21,1506.588417,4.110912843,16.91293155,14.61775684,61.99743652,21.1102562,1.356060887,40.78393555,2.485712576,0.38572948,105.7093948,31.02479668,9,3.512974974419968
CA_0006024,2003,1034.034893,519.2515738,304.8941467,-7.564807366,298.4876831,-128.2138824,64.13667297,10461.21,1506.588417,4.110912843,16.91293155,14.61775684,61.99743652,21.1102562,1.356060887,43.75295105,2.506681919,0.383576611,105.4553787,31.27612953,9,4.374979104200726
CA_0006024,2004,1010.849276,507.8609286,300.1997314,-7.564807366,282.2838379,-128.2138824,64.13667297,10461.21,1506.588417,4.110912843,16.91293155,14.61775684,61.99743652,21.1102562,1.356060887,44.35910339,2.486486483,0.379572522,106.9233627,32.58921318,9,3.0208360761094455
CA_0006024,2005,857.8309601,521.2735093,316.2564758,-7.564807366,293.6803223,-128.2138824,64.13667297,10461.21,1506.588417,4.110912843,16.91293155,14.61775684,61.99743652,21.1102562,1.356060887,42.95406494,2.480173159,0.372695251,106.9421921,37.10543213,9,2.8769795221553913
CA_0006024,2006,731.1411275,506.0850538,321.8873779,-7.564807366,292.7652527,-128.2138824,64.13667297,10461.21,1506.588417,4.110912843,16.91293155,14.61775684,61.99743652,21.1102562,1.356060887,40.06891785,2.478185463,0.382995789,107.1923706,42.05417519,9,2.7113610000778046
CA_0006024,2007,618.7884816,495.0808895,324.8824158,-7.564807366,291.7517761,-128.2138824,64.13667297,10461.21,1506.588417,4.110912843,16.91293155,14.61775684,61.99743652,21.1102562,1.356060887,36.69007721,2.439446497,0.378067749,107.1066605,44.40252762,9,2.6417175218898845
CA_0006024,2008,547.5582967,507.8671065,324.6169128,-7.564807366,293.4684448,-128.2138824,64.13667297,10461.21,1506.588417,4.110912843,16.91293155,14.61775684,61.99743652,21.1102562,1.356060887,37.12250824,2.433447742,0.371794708,105.6200378,45.3894722,9,2.6461270665394854
CA_0006024,2009,467.5958263,540.6292962,326.6001465,-7.564807366,308.4046997,-128.2138824,64.13667297,10461.21,1506.588417,4.110912843,16.91293155,14.61775684,61.99743652,21.1102562,1.356060887,40.21718826,2.432869911,0.37619447,104.4152298,44.85896912,9,3.1881631933061407
CA_0006024,2010,384.4822152,516.1143304,321.796283,-7.564807366,303.8615723,-128.2138824,64.13667297,10461.21,1506.588417,4.110912843,16.91293155,14.61775684,61.99743652,21.1102562,1.356060887,39.97036667,2.432095814,0.386527643,104.9998657,37.06900234,9,3.3120040392147003
CA_0006024,2011,405.618437,563.8011241,321.0423828,-7.564807366,309.1981262,-128.2138824,64.13667297,10461.21,1506.588417,4.110912843,16.91293155,14.61775684,61.99743652,21.1102562,1.356060887,40.86288986,2.423318434,0.373994104,105.011763,29.65342999,9,3.4893790064388197
CA_0006024,2012,425.7714605,571.5041349,326.2452759,-7.564807366,315.227478,-128.2138824,64.13667297,10461.21,1506.588417,4.110912843,16.91293155,14.61775684,61.99743652,21.1102562,1.356060887,42.44121323,2.452983761,0.37993526,105.5584213,24.71458035,9,3.610939838137799
CA_0006024,2013,406.6786728,545.3440274,335.8491943,-7.564807366,321.2196045,-128.2138824,64.13667297,10461.21,1506.588417,4.110912843,16.91293155,14.61775684,61.99743652,21.1102562,1.356060887,40.12595291,2.47508769,0.403572626,107.1796494,18.65808544,9,3.605274859607633
CA_0006024,2014,398.5875218,532.6526588,337.460437,-7.564807366,322.7919922,-128.2138824,64.13667297,10461.21,1506.588417,4.110912843,16.91293155,14.61775684,61.99743652,21.1102562,1.356060887,38.47856369,2.469228458,0.410834503,107.6169205,12.3680275,9,3.7443630806467896
CA_0006074,1989,315.43,317.38,354.27,-6.986977577,260.5580048,-134.0292,65.9667,8638.231,947.284394,2.848169488,16.05999697,13.11543941,64.83816528,19.92978287,1.409366274,12.73999195,2.652344227,0.447749182,103.2988007,16.27430248,9,2.7944173202886566
CA_0006074,1990,351.25,320.16,365.22,-6.986977577,265.4933777,-134.0292,65.9667,8638.231,947.284394,2.848169488,16.05999697,13.11543941,64.83816528,19.92978287,1.409366274,13.74196777,2.607969046,0.448622315,103.455809,16.70568199,9,2.8060027327102657
CA_0006074,1991,358.58,326.86,373.43,-6.986977577,269.2902344,-134.0292,65.9667,8638.231,947.284394,2.848169488,16.05999697,13.11543941,64.83816528,19.92978287,1.409366274,14.56797733,2.667053699,0.454288867,102.5303925,16.77386169,9,2.725382408951194
CA_0006074,1992,343.84,328.98,363.42,-6.986977577,264.1427551,-134.0292,65.9667,8638.231,947.284394,2.848169488,16.05999697,13.11543941,64.83816528,19.92978287,1.409366274,14.74577255,2.642799139,0.450954565,102.2241028,16.77115517,9,2.6051366418528525
CA_0006074,1993,342.08,326.74,371.4,-6.986977577,260.0655121,-134.0292,65.9667,8638.231,947.284394,2.848169488,16.05999697,13.11543941,64.83816528,19.92978287,1.409366274,14.54688168,2.711276531,0.449903479,103.2703217,16.64731941,9,2.412127293340169
CA_0006074,1994,325.62,322.93,369.89,-6.986977577,251.9356781,-134.0292,65.9667,8638.231,947.284394,2.848169488,16.05999697,13.11543941,64.83816528,19.92978287,1.409366274,14.27001915,2.604872704,0.444757001,102.305336,16.52474594,9,2.2285448327593547
CA_0006074,1995,309.8,307.32,373.76,-6.986977577,246.9894897,-134.0292,65.9667,8638.231,947.284394,2.848169488,16.05999697,13.11543941,64.83816528,19.92978287,1.409366274,13.00617657,2.552179337,0.445141467,101.8223312,16.91507225,9,2.267898737084828
DK_0000036,2000,343.91,422.17,62.77,-11.5373867,61.96864624,-20.5708,74.4708,500.8089,657.3940414,4.473673611,11.35837939,9.789233208,37.7919693,32.13972855,1.523133949,75.08632202,4.119752407,0.151075842,82.06260986,2.003371429,9,1.9325189298702847
DK_0000036,2001,345.42,415.71,63.44,-11.5373867,62.88709717,-20.5708,74.4708,500.8089,657.3940414,4.473673611,11.35837939,9.789233208,37.7919693,32.13972855,1.523133949,75.06540833,4.179607391,0.151011676,81.9299118,2.52029705,9,2.116694432639507
DK_0000036,2002,403.71,409.03,70.67,-11.5373867,69.93806458,-20.5708,74.4708,500.8089,657.3940414,4.473673611,11.35837939,9.789233208,37.7919693,32.13972855,1.523133949,75.08967743,4.129537582,0.152000842,81.44338531,2.506274676,9,2.155977483686412
DK_0000036,2003,387.14,356.01,83.14,-11.5373867,80.70800018,-20.5708,74.4708,500.8089,657.3940414,4.473673611,11.35837939,9.789233208,37.7919693,32.13972855,1.523133949,73.79435425,4.072188377,0.150951672,82.93287811,2.248251653,9,1.94190518387798
DK_0000036,2004,400.51,341.45,88.8,-11.5373867,85.26567841,-20.5708,74.4708,500.8089,657.3940414,4.473673611,11.35837939,9.789233208,37.7919693,32.13972855,1.523133949,71.94078369,4.480268478,0.154777502,83.48598785,1.903191137,9,1.8810124431595616
DK_0000036,2005,408.62,362.9,96.75,-11.5373867,92.04851685,-20.5708,74.4708,500.8089,657.3940414,4.473673611,11.35837939,9.789233208,37.7919693,32.13972855,1.523133949,70.50479431,4.482080936,0.153133334,82.51979675,1.408126169,9,1.793118919559824
DK_0000036,2006,421.5,363.29,95.38,-11.5373867,90.61974335,-20.5708,74.4708,500.8089,657.3940414,4.473673611,11.35837939,9.789233208,37.7919693,32.13972855,1.523133949,69.65015869,4.289586067,0.147781668,82.12308655,0.891200548,9,1.7639711171361139
DK_0000036,2007,361.38,346.79,92.63,-11.5373867,87.8945816,-20.5708,74.4708,500.8089,657.3940414,4.473673611,11.35837939,9.789233208,37.7919693,32.13972855,1.523133949,69.62570648,4.166591167,0.1534,83.33220367,0.512475902,9,1.7663670819069528
DK_0000036,2008,367.29,380.99,94.0,-11.5373867,89.57303467,-20.5708,74.4708,500.8089,657.3940414,4.473673611,11.35837939,9.789233208,37.7919693,32.13972855,1.523133949,70.27854462,4.32294035,0.152340002,82.94299011,0.278821069,9,1.7401586120862242
DK_0000036,2009,340.52,395.33,91.92,-11.5373867,87.73755035,-20.5708,74.4708,500.8089,657.3940414,4.473673611,11.35837939,9.789233208,37.7919693,32.13972855,1.523133949,71.17919159,4.1274786,0.149136673,82.74889374,0.054004675,9,1.7079211887838768
DK_0000036,2010,339.9,354.61,90.5,-11.5373867,86.72813263,-20.5708,74.4708,500.8089,657.3940414,4.473673611,11.35837939,9.789233208,37.7919693,32.13972855,1.523133949,71.51717987,3.958913803,0.159980008,83.30759277,0.0,9,1.8371787839080056
DK_0000036,2011,350.33,367.53,98.16,-11.5373867,93.99290466,-20.5708,74.4708,500.8089,657.3940414,4.473673611,11.35837939,9.789233208,37.7919693,32.13972855,1.523133949,71.60178375,4.316204548,0.167395007,83.71214294,0.224421525,9,1.8711777043984057
DK_0000036,2012,369.75,438.18,110.9,-11.5373867,104.8406448,-20.5708,74.4708,500.8089,657.3940414,4.473673611,11.35837939,9.789233208,37.7919693,32.13972855,1.523133949,70.13038788,4.173257828,0.164479175,84.55676727,0.224421525,9,1.6821925869818697
DK_0000036,2013,347.88,515.93,103.88,-11.5373867,99.21587067,-20.5708,74.4708,500.8089,657.3940414,4.473673611,11.35837939,9.789233208,37.7919693,32.13972855,1.523133949,69.52754974,4.333359718,0.163870837,83.82622986,0.224421525,9,1.6040436282887587
DK_0000036,2014,376.1,518.15,106.43,-11.5373867,102.6829697,-20.5708,74.4708,500.8089,657.3940414,4.473673611,11.35837939,9.789233208,37.7919693,32.13972855,1.523133949,70.51734467,4.312687397,0.155375002,84.76537933,0.224421525,9,1.7351274244058759
DK_0000036,2015,308.61,653.04,103.87,-11.5373867,101.3772919,-20.5708,74.4708,500.8089,657.3940414,4.473673611,11.35837939,9.789233208,37.7919693,32.13972855,1.523133949,72.00723877,4.486069679,0.142828331,84.09406586,0.224421525,9,1.7167711181827008
ES_0000221,1989,845.34,849.36,821.65,10.15666695,586.2333618,-4.8521,42.8312,71.5984,1488.894701,3.749352163,23.94372426,18.5625,48.16666794,31.13095284,0.941312999,128.3031525,3.852777719,1.397315991,164.2224091,4173.49624,9,1.958532010540463
ES_0000221,1990,757.74,831.14,828.03,10.15666695,598.737793,-4.8521,42.8312,71.5984,1488.894701,3.749352163,23.94372426,18.5625,48.16666794,31.13095284,0.941312999,128.5757446,3.875277519,1.433968774,164.7966675,4478.268359,9,2.125590293102634
ES_0000221,1991,814.68,810.48,837.54,10.15666695,601.9355713,-4.8521,42.8312,71.5984,1488.894701,3.749352163,23.94372426,18.5625,48.16666794,31.13095284,0.941312999,125.4846313,3.885740519,1.45093269,165.3431549,4790.752881,9,2.210294377929657
ES_0000221,1992,733.46,799.33,831.41,10.15666695,602.3511353,-4.8521,42.8312,71.5984,1488.894701,3.749352163,23.94372426,18.5625,48.16666794,31.13095284,0.941312999,122.2261124,3.776574135,1.454497949,166.1968597,5122.436328,9,2.2939430199433555
ES_0000221,1993,696.42,798.72,838.03,10.15666695,611.6244385,-4.8521,42.8312,71.5984,1488.894701,3.749352163,23.94372426,18.5625,48.16666794,31.13095284,0.941312999,125.5766708,3.860184908,1.454463892,166.0083435,5292.921387,9,2.3883093640214135
ES_0000221,1994,678.9,777.96,827.24,10.15666695,612.3266724,-4.8521,42.8312,71.5984,1488.894701,3.749352163,23.94372426,18.5625,48.16666794,31.13095284,0.941312999,128.7294479,4.004815102,1.463225708,165.1507538,5451.002344,9,2.577667197264737
ES_0000221,1995,661.38,797.96,840.71,10.15666695,615.3622314,-4.8521,42.8312,71.5984,1488.894701,3.749352163,23.94372426,18.5625,48.16666794,31.13095284,0.941312999,124.3518524,3.993333101,1.446405566,165.4848267,5598.158887,9,2.4311194461799857
ES_0000221,1996,614.88,874.85,855.59,10.15666695,646.9755737,-4.8521,42.8312,71.5984,1488.894701,3.749352163,23.94372426,18.5625,48.16666794,31.13095284,0.941312999,125.8998184,3.94620347,1.45546875,165.5101929,5768.666406,9,2.386332036257569
ES_0000221,1997,617.58,932.2,872.49,10.15666695,670.7311157,-4.8521,42.8312,71.5984,1488.894701,3.749352163,23.94372426,18.5625,48.16666794,31.13095284,0.941312999,129.4072235,3.81203723,1.465693042,165.2266724,5868.893457,9,2.351290581584783
ES_0000221,1998,573.78,904.99,883.57,10.15666695,662.1133545,-4.8521,42.8312,71.5984,1488.894701,3.749352163,23.94372426,18.5625,48.16666794,31.13095284,0.941312999,123.0051865,3.948981762,1.476756226,165.7688934,6072.848828,9,2.3078370770548493
ES_0000221,1999,521.22,920.68,886.2,10.15666695,675.0822266,-4.8521,42.8312,71.5984,1488.894701,3.749352163,23.94372426,18.5625,48.16666794,31.13095284,0.941312999,124.8664841,4.060369968,1.462834009,165.6951874,6297.000293,9,2.3839226632858783
ES_0000221,2000,623.66,944.56,869.16,10.15666695,680.2022339,-4.8521,42.8312,71.5984,1488.894701,3.749352163,23.94372426,18.5625,48.16666794,31.13095284,0.941312999,130.1048187,4.034722328,1.470005518,164.9694489,6548.101953,9,2.435257943523073
ES_0000221,2001,779.64,900.75,862.45,10.15666695,660.6066772,-4.8521,42.8312,71.5984,1488.894701,3.749352163,23.94372426,18.5625,48.16666794,31.13095284,0.941312999,126.4011139,4.133333206,1.470278418,165.1955597,6805.873633,9,2.4086371256370955
ES_0000221,2002,766.5,862.75,857.89,10.15666695,646.260022,-4.8521,42.8312,71.5984,1488.894701,3.749352163,23.94372426,18.5625,48.16666794,31.13095284,0.941312999,122.6911133,4.032777786,1.460015234,165.2642639,7129.858203,9,2.422839055915795
ES_0000221,2003,810.3,915.98,868.93,10.15666695,643.1733521,-4.8521,42.8312,71.5984,1488.894701,3.749352163,23.94372426,18.5625,48.16666794,31.13095284,0.941312999,126.267778,3.838981152,1.44786875,165.4453735,7422.58916,9,2.123113837342828
ES_0000221,2004,746.64,891.34,876.38,10.15666695,632.2689209,-4.8521,42.8312,71.5984,1488.894701,3.749352163,23.94372426,18.5625,48.16666794,31.13095284,0.941312999,122.7590775,3.825185061,1.4495,165.6488922,7707.365625,9,2.069874989824588
ES_0000221,2005,578.16,838.39,883.44,10.15666695,607.760022,-4.8521,42.8312,71.5984,1488.894701,3.749352163,23.94372426,18.5625,48.16666794,31.13095284,0.941312999,121.5687057,3.854166746,1.417605542,167.1555573,7984.26543,9,1.996449516123363
ES_0000221,2006,372.3,846.0,891.23,10.15666695,617.6355713,-4.8521,42.8312,71.5984,1488.894701,3.749352163,23.94372426,18.5625,48.16666794,31.13095284,0.941312999,126.7403717,3.899907351,1.408474268,167.6105591,8245.178223,9,2.038840024122395
ES_0000221,2007,324.12,814.58,887.81,10.15666695,616.8422241,-4.8521,42.8312,71.5984,1488.894701,3.749352163,23.94372426,18.5625,48.16666794,31.13095284,0.941312999,126.9625961,3.920092344,1.42289856,167.5087067,8478.902148,9,2.172244399555242
ES_0000221,2008,228.38,810.21,877.55,10.15666695,617.7400024,-4.8521,42.8312,71.5984,1488.894701,3.749352163,23.94372426,18.5625,48.16666794,31.13095284,0.941312999,123.1568558,3.8772223,1.418327002,166.6383392,8567.861328,9,2.2405618403149083
ES_0000221,2009,249.66,824.84,888.31,10.15666695,611.6266602,-4.8521,42.8312,71.5984,1488.894701,3.749352163,23.94372426,18.5625,48.16666794,31.13095284,0.941312999,122.995372,4.024629593,1.401785352,167.0663055,8486.302832,9,2.070877119491977
ES_0000221,2010,302.22,883.31,891.52,10.15666695,638.477771,-4.8521,42.8312,71.5984,1488.894701,3.749352163,23.94372426,18.5625,48.16666794,31.13095284,0.941312999,123.2590805,4.050647736,1.427656934,164.5055634,8324.329102,9,2.105597346744773
ES_0000221,2011,232.14,847.73,893.46,10.15666695,626.6222046,-4.8521,42.8312,71.5984,1488.894701,3.749352163,23.94372426,18.5625,48.16666794,31.13095284,0.941312999,119.3711182,3.735833168,1.449339575,164.305191,7998.910449,9,2.1148092309405695
ES_0000223,1989,1120.71,950.71,783.06,10.15666656,584.2827148,-4.8313,42.8562,305.3839,1594.910422,3.391924182,24.65483769,19.32500076,48.29583359,30.06190491,1.881140532,147.5303925,4.304305077,1.081914429,163.1348358,3670.273975,9,1.8177739758752394
ES_0000223,1990,1104.27,931.68,792.17,10.15666656,602.0813721,-4.8313,42.8562,305.3839,1594.910422,3.391924182,24.65483769,19.32500076,48.29583359,30.06190491,1.881140532,148.6638367,4.329249859,1.103519971,163.716394,3952.450586,9,1.98617855072134
ES_0000223,1991,1111.46,909.34,801.55,10.15666656,605.2473755,-4.8313,42.8562,305.3839,1594.910422,3.391924182,24.65483769,19.32500076,48.29583359,30.06190491,1.881140532,145.6690552,4.341333389,1.102140552,164.2570618,4247.73208,9,2.0389697296714457
ES_0000223,1992,1095.97,901.28,795.44,10.15666656,607.2500366,-4.8313,42.8562,305.3839,1594.910422,3.391924182,24.65483769,19.32500076,48.29583359,30.06190491,1.881140532,145.0609985,4.231749535,1.096013892,165.0469391,4565.619238,9,2.111267062566597
ES_0000223,1993,1004.63,899.95,800.2,10.15666656,615.2733398,-4.8313,42.8562,305.3839,1594.910422,3.391924182,24.65483769,19.32500076,48.29583359,30.06190491,1.881140532,148.8067749,4.315333366,1.094080518,164.899884,4730.497559,9,2.181208698347912
ES_0000223,1994,1068.32,882.39,789.26,10.15666656,616.1713501,-4.8313,42.8562,305.3839,1594.910422,3.391924182,24.65483769,19.32500076,48.29583359,30.06190491,1.881140532,152.5772736,4.457249641,1.113183887,164.0318939,4882.666895,9,2.312388271870316
ES_0000223,1995,1087.84,902.52,803.7,10.15666656,624.7713501,-4.8313,42.8562,305.3839,1594.910422,3.391924182,24.65483769,19.32500076,48.29583359,30.06190491,1.881140532,148.8136597,4.446527481,1.106023364,164.378949,5016.349414,9,2.2649929024641766
ES_0001169,1996,541.62,1039.89,882.81,10.59500008,720.4855713,-0.9271,42.8604,184.0009,1325.68863,4.061712245,32.76560368,25.30555534,33.20833206,39.98412704,1.36056651,155.2642563,3.956157207,1.923801025,168.0135193,6088.207813,9,2.5048107578902363
ES_0001169,1997,389.17,1100.97,908.16,10.59500008,743.2111206,-0.9271,42.8604,184.0009,1325.68863,4.061712245,32.76560368,25.30555534,33.20833206,39.98412704,1.36056651,154.7120346,3.716064453,1.952870459,168.6552795,6160.291406,9,2.427344173472078
ES_0001169,1998,410.97,1092.32,921.07,10.59500008,740.9666748,-0.9271,42.8604,184.0009,1325.68863,4.061712245,32.76560368,25.30555534,33.20833206,39.98412704,1.36056651,151.6808304,3.955277443,1.972039429,168.9383331,6274.82334,9,2.3549261792296305
ES_0001169,1999,399.23,1124.26,917.7,10.59500008,753.5389038,-0.9271,42.8604,184.0009,1325.68863,4.061712245,32.76560368,25.30555534,33.20833206,39.98412704,1.36056651,150.7389755,3.942592621,1.961687573,167.9110138,6408.121484,9,2.4215289370060624
ES_0001169,2000,415.46,1176.03,903.92,10.59500008,763.1866821,-0.9271,42.8604,184.0009,1325.68863,4.061712245,32.76560368,25.30555534,33.20833206,39.98412704,1.36056651,159.2814789,3.960092783,1.961838037,166.8163879,6590.307617,9,2.4778487336003368
ES_0001169,2001,449.56,1082.92,895.61,10.59500008,749.3755859,-0.9271,42.8604,184.0009,1325.68863,4.061712245,32.76560368,25.30555534,33.20833206,39.98412704,1.36056651,154.8055557,3.952453613,1.956319019,167.1859222,6806.012402,9,2.6517773196713974
ES_0001169,2002,514.98,1043.9,889.3,10.59500008,744.5244629,-0.9271,42.8604,184.0009,1325.68863,4.061712245,32.76560368,25.30555534,33.20833206,39.98412704,1.36056651,151.5912033,3.98092556,1.936153296,166.481662,7039.337695,9,2.784132894917204
ES_0001169,2003,582.07,1101.67,903.11,10.59500008,757.815564,-0.9271,42.8604,184.0009,1325.68863,4.061712245,32.76560368,25.30555534,33.20833206,39.98412704,1.36056651,152.5957443,3.873749971,1.937814355,166.5893494,7230.434668,9,2.647091153892464
ES_0001169,2004,617.31,1089.57,913.77,10.59500008,751.0710938,-0.9271,42.8604,184.0009,1325.68863,4.061712245,32.76560368,25.30555534,33.20833206,39.98412704,1.36056651,148.6160263,3.862037182,1.918432373,167.355368,7432.320117,9,2.526414592650225
ES_0001169,2005,607.24,1033.79,910.99,10.59500008,727.8910889,-0.9271,42.8604,184.0009,1325.68863,4.061712245,32.76560368,25.30555534,33.20833206,39.98412704,1.36056651,143.7494522,3.882546425,1.893420752,168.4971283,7618.430762,9,2.451648365040154
ES_0001169,2006,550.2,1041.59,916.2,10.59500008,732.661084,-0.9271,42.8604,184.0009,1325.68863,4.061712245,32.76560368,25.30555534,33.20833206,39.98412704,1.36056651,146.6385284,3.841712952,1.887825879,168.5159271,7771.031836,9,2.452200251684506
ES_0001169,2007,506.59,1010.16,909.87,10.59500008,710.6766602,-0.9271,42.8604,184.0009,1325.68863,4.061712245,32.76560368,25.30555534,33.20833206,39.98412704,1.36056651,141.5526978,3.921064615,1.901731885,168.2392578,7886.098828,9,2.340331162108063
ES_0001169,2008,476.02,1028.6,892.88,10.59500008,708.8844482,-0.9271,42.8604,184.0009,1325.68863,4.061712245,32.76560368,25.30555534,33.20833206,39.98412704,1.36056651,142.0183441,3.91305542,1.888279102,166.0475922,7899.753125,9,2.344329046662396
ES_0001169,2009,462.98,1023.14,899.04,10.59500008,708.4189087,-0.9271,42.8604,184.0009,1325.68863,4.061712245,32.76560368,25.30555534,33.20833206,39.98412704,1.36056651,142.0391785,3.899537086,1.911621265,165.8668518,7838.552734,9,2.3251964173392348
ES_0001169,2010,479.75,1053.33,904.53,10.59500008,723.4511353,-0.9271,42.8604,184.0009,1325.68863,4.061712245,32.76560368,25.30555534,33.20833206,39.98412704,1.36056651,143.3566772,4.024722099,1.920737915,163.9630554,7719.489648,9,2.368100342928028
ES_0001169,2011,486.46,1038.15,910.88,10.59500008,708.4589111,-0.9271,42.8604,184.0009,1325.68863,4.061712245,32.76560368,25.30555534,33.20833206,39.98412704,1.36056651,141.0321442,3.791527748,1.966202759,163.7950958,7582.771582,9,2.2217851835774995
FR_0000089,1989,558.48,1109.85,786.6,9.684583664,591.5966736,5.4896,44.6937,219.7521,1244.922105,4.494909433,22.62684242,27.23749924,31.27499962,36.96154022,1.625611898,60.08549957,3.611749887,1.621075391,165.3929932,2800.307178,9,1.598447531661727
FR_0000089,1990,500.13,1114.62,802.21,9.684583664,607.2120056,5.4896,44.6937,219.7521,1244.922105,4.494909433,22.62684242,27.23749924,31.27499962,36.96154022,1.625611898,61.30305481,3.591777563,1.639455859,164.9614319,2892.202148,9,1.6466538624199405
FR_0000089,1991,493.18,1072.96,805.87,9.684583664,594.9313293,5.4896,44.6937,219.7521,1244.922105,4.494909433,22.62684242,27.23749924,31.27499962,36.96154022,1.625611898,61.96399918,3.638500452,1.64704292,166.0199951,2975.985352,9,1.6110476874058615
FR_0000089,1992,509.86,1034.48,811.66,9.684583664,595.1546814,5.4896,44.6937,219.7521,1244.922105,4.494909433,22.62684242,27.23749924,31.27499962,36.96154022,1.625611898,60.64144516,3.540944576,1.637466675,166.310495,3056.336182,9,1.6524233112330953
FR_0000089,1993,493.18,1030.59,821.93,9.684583664,605.4140076,5.4896,44.6937,219.7521,1244.922105,4.494909433,22.62684242,27.23749924,31.27499962,36.96154022,1.625611898,61.44350357,3.745444775,1.643188794,167.8912201,3114.65918,9,1.6986511755779854
FR_0000089,1994,593.21,1154.44,820.72,9.684583664,637.249353,5.4896,44.6937,219.7521,1244.922105,4.494909433,22.62684242,27.23749924,31.27499962,36.96154022,1.625611898,64.5762825,3.779999971,1.634784229,166.3069977,3154.063428,9,1.738610309042688
FR_0000089,1995,677.95,1193.45,809.26,9.684583664,639.5693604,5.4896,44.6937,219.7521,1244.922105,4.494909433,22.62684242,27.23749924,31.27499962,36.96154022,1.625611898,65.55494843,3.842694283,1.626565869,165.9595001,3197.169336,9,1.7448083119752555
FR_0000089,1996,713.25,1290.68,819.94,9.684583664,687.7366821,5.4896,44.6937,219.7521,1244.922105,4.494909433,22.62684242,27.23749924,31.27499962,36.96154022,1.625611898,65.47250443,3.831555128,1.650215845,164.0424438,3226.027246,9,1.9588929363680583
FR_0000089,1997,648.78,1251.84,840.43,9.684583664,675.1740112,5.4896,44.6937,219.7521,1244.922105,4.494909433,22.62684242,27.23749924,31.27499962,36.96154022,1.625611898,61.95227966,3.619111061,1.690795825,166.1373901,3264.650195,9,1.80974896516531
FR_0000089,1998,637.67,1208.69,849.86,9.684583664,662.4546875,5.4896,44.6937,219.7521,1244.922105,4.494909433,22.62684242,27.23749924,31.27499962,36.96154022,1.625611898,61.19338989,3.786166906,1.707952466,167.3786682,3328.753662,9,1.7386073019172634
FR_0000089,1999,611.27,1191.06,841.85,9.684583664,668.1453613,5.4896,44.6937,219.7521,1244.922105,4.494909433,22.62684242,27.23749924,31.27499962,36.96154022,1.625611898,61.60388947,3.873055458,1.707312476,166.8152802,3426.095996,9,1.8366005386036095
FR_0000089,2000,596.23,1191.56,850.48,9.684583664,681.4340332,5.4896,44.6937,219.7521,1244.922105,4.494909433,22.62684242,27.23749924,31.27499962,36.96154022,1.625611898,60.62511215,3.796555519,1.71823457,167.053949,3551.82915,9,1.9065329812311702
FR_0000089,2001,576.54,1108.88,844.21,9.684583664,662.7993774,5.4896,44.6937,219.7521,1244.922105,4.494909433,22.62684242,27.23749924,31.27499962,36.96154022,1.625611898,61.25811234,3.867500067,1.725527124,167.983728,3699.891748,9,1.9221305060226086
FR_0000089,2002,594.6,1198.69,835.97,9.684583664,686.0627075,5.4896,44.6937,219.7521,1244.922105,4.494909433,22.62684242,27.23749924,31.27499962,36.96154022,1.625611898,64.84816895,3.673027754,1.711438379,165.6872772,3827.861572,9,2.0034552976367643
FR_0000089,2003,607.1,1209.38,848.94,9.684583664,680.3006836,5.4896,44.6937,219.7521,1244.922105,4.494909433,22.62684242,27.23749924,31.27499962,36.96154022,1.625611898,63.10689163,3.594777584,1.70582251,166.2007233,3910.902979,9,1.875628745311193
FR_0000089,2004,544.69,1126.78,855.86,9.684583664,654.0353394,5.4896,44.6937,219.7521,1244.922105,4.494909433,22.62684242,27.23749924,31.27499962,36.96154022,1.625611898,61.46361389,3.719110966,1.70116001,167.4429474,3970.190918,9,1.778186808384166
FR_0000089,2005,473.73,1051.45,844.42,9.684583664,622.6560059,5.4896,44.6937,219.7521,1244.922105,4.494909433,22.62684242,27.23749924,31.27499962,36.96154022,1.625611898,61.78522415,3.748610973,1.678255811,167.9900574,3975.684766,9,1.7155280530680324
FR_0000089,2006,423.72,1053.33,847.86,9.684583664,613.2813354,5.4896,44.6937,219.7521,1244.922105,4.494909433,22.62684242,27.23749924,31.27499962,36.96154022,1.625611898,61.08189011,3.67802763,1.658519116,168.8108276,3965.292432,9,1.6394572120890254
FR_0000089,2007,383.43,941.27,852.59,9.684583664,587.3059937,5.4896,44.6937,219.7521,1244.922105,4.494909433,22.62684242,27.23749924,31.27499962,36.96154022,1.625611898,58.5100563,3.681999922,1.65588623,170.6668304,3995.987891,9,1.6495975167641377
FR_0000089,2008,388.66,1034.65,836.99,9.684583664,622.1320313,5.4896,44.6937,219.7521,1244.922105,4.494909433,22.62684242,27.23749924,31.27499962,36.96154022,1.625611898,61.08122253,3.749583483,1.650276709,168.2080444,3994.8125,9,1.7646038869119696
FR_0000089,2009,395.94,1090.76,849.5,9.684583664,648.8446899,5.4896,44.6937,219.7521,1244.922105,4.494909433,22.62684242,27.23749924,31.27499962,36.96154022,1.625611898,60.00155563,3.865888834,1.669291748,168.5485443,3940.252588,9,1.8224844948434646
FR_0000089,2010,444.56,1160.05,855.2,9.684583664,670.6733398,5.4896,44.6937,219.7521,1244.922105,4.494909433,22.62684242,27.23749924,31.27499962,36.96154022,1.625611898,60.57166672,3.887138844,1.680940088,166.4288818,3905.324219,9,1.8520717581845985
FR_0000089,2011,416.78,1176.22,864.02,9.684583664,684.6486694,5.4896,44.6937,219.7521,1244.922105,4.494909433,22.62684242,27.23749924,31.27499962,36.96154022,1.625611898,59.21272354,3.576611042,1.733690527,166.08461,3850.4229,9,1.9009621441164828
FR_0000089,2012,477.82,1223.66,874.01,9.684583664,698.0673462,5.4896,44.6937,219.7521,1244.922105,4.494909433,22.62684242,27.23749924,31.27499962,36.96154022,1.625611898,59.53811264,3.898555279,1.757188843,166.1397217,3735.505908,9,1.8901493996032783
FR_0001272,1989,1039.38,953.7,860.38,8.479999638,660.7424927,1.2312,42.9021,176.365,1078.294102,4.524272842,18.57593982,15.15625,55.07500076,26.26428604,1.250511183,76.48631744,4.237326145,2.691849072,165.7538208,7082.512012,9,2.217613819761899
FR_0001272,1990,998.33,971.56,869.3,8.479999638,680.7858154,1.2312,42.9021,176.365,1078.294102,4.524272842,18.57593982,15.15625,55.07500076,26.26428604,1.250511183,77.57506866,4.110764027,2.701974072,165.0459045,7321.83125,9,2.3382142790832963
FR_0001272,1991,1030.05,1028.64,872.22,8.479999638,697.7774902,1.2312,42.9021,176.365,1078.294102,4.524272842,18.57593982,15.15625,55.07500076,26.26428604,1.250511183,80.41750031,4.253958225,2.716948291,165.36521,7548.228223,9,2.3279699652714623
FR_0001272,1992,1115.2,1077.59,873.32,8.479999638,711.9841675,1.2312,42.9021,176.365,1078.294102,4.524272842,18.57593982,15.15625,55.07500076,26.26428604,1.250511183,83.68263855,4.212569237,2.71485332,166.2116669,7769.083691,9,2.3373097027079073
FR_0001272,1993,1026.32,1094.18,886.12,8.479999638,741.255835,1.2312,42.9021,176.365,1078.294102,4.524272842,18.57593982,15.15625,55.07500076,26.26428604,1.250511183,87.00500031,4.182222366,2.725634131,167.6251404,7934.359277,9,2.568642986179688
FR_0001272,1994,1132.68,1084.15,880.87,8.479999638,731.0416626,1.2312,42.9021,176.365,1078.294102,4.524272842,18.57593982,15.15625,55.07500076,26.26428604,1.250511183,90.93236084,4.25024271,2.73988584,168.0268799,8060.503613,9,2.503063257682322
FR_0001272,1995,1207.32,1067.43,889.49,8.479999638,724.106665,1.2312,42.9021,176.365,1078.294102,4.524272842,18.57593982,15.15625,55.07500076,26.26428604,1.250511183,87.06659546,4.333611012,2.74933418,169.3836151,8161.126953,9,2.415752632671962
FR_0001272,1996,1212.5,1155.71,911.35,8.479999638,770.3116699,1.2312,42.9021,176.365,1078.294102,4.524272842,18.57593982,15.15625,55.07500076,26.26428604,1.250511183,87.73895416,4.340103626,2.751311719,169.5107697,8223.995605,9,2.5766992529030666
FR_0001272,1997,1069.24,1112.21,939.47,8.479999638,777.9983398,1.2312,42.9021,176.365,1078.294102,4.524272842,18.57593982,15.15625,55.07500076,26.26428604,1.250511183,83.18527527,4.108715057,2.778679199,170.9100067,8274.954688,9,2.628536867478745
FR_0001272,1998,1115.89,1041.24,950.37,8.479999638,755.9525024,1.2312,42.9021,176.365,1078.294102,4.524272842,18.57593982,15.15625,55.07500076,26.26428604,1.250511183,77.61659546,4.319200993,2.779809229,171.7252838,8387.028125,9,2.549464366908224
FR_0001272,1999,1074.84,1084.44,947.27,8.479999638,779.9208496,1.2312,42.9021,176.365,1078.294102,4.524272842,18.57593982,15.15625,55.07500076,26.26428604,1.250511183,75.81569366,4.366597176,2.756863379,170.5450714,8510.751367,9,2.7091924677988732
FR_0001272,2000,1036.62,1122.65,939.63,8.479999638,792.3758545,1.2312,42.9021,176.365,1078.294102,4.524272842,18.57593982,15.15625,55.07500076,26.26428604,1.250511183,81.1159729,4.313298702,2.75212334,169.9815308,8662.620898,9,2.78932324362618
FR_0001272,2001,961.01,1000.01,930.26,8.479999638,762.4308472,1.2312,42.9021,176.365,1078.294102,4.524272842,18.57593982,15.15625,55.07500076,26.26428604,1.250511183,78.1085434,4.295034409,2.756194043,171.3121521,8868.979102,9,2.9727869116809886
FR_0001272,2002,1084.17,1022.45,917.56,8.479999638,769.4625244,1.2312,42.9021,176.365,1078.294102,4.524272842,18.57593982,15.15625,55.07500076,26.26428604,1.250511183,81.44722443,4.26802063,2.733404102,170.1213196,9084.508398,9,3.0715399271718744
FR_0001272,2003,1058.04,1079.28,934.17,8.479999638,778.4258789,1.2312,42.9021,176.365,1078.294102,4.524272842,18.57593982,15.15625,55.07500076,26.26428604,1.250511183,82.35916748,4.233611107,2.748549121,170.0577118,9246.373242,9,2.8025684292799204
FR_0001272,2004,1109.59,1080.58,946.55,8.479999638,773.3817017,1.2312,42.9021,176.365,1078.294102,4.524272842,18.57593982,15.15625,55.07500076,26.26428604,1.250511183,80.934375,4.235138416,2.767513379,170.9829193,9409.399023,9,2.64049468298849
FR_0001272,2005,1125.22,1049.91,941.34,8.479999638,751.0475342,1.2312,42.9021,176.365,1078.294102,4.524272842,18.57593982,15.15625,55.07500076,26.26428604,1.250511183,77.90111084,4.300242901,2.775584277,172.0701385,9519.061914,9,2.5051067243690412
FR_0001272,2006,1072.97,1046.71,947.94,8.479999638,738.2350342,1.2312,42.9021,176.365,1078.294102,4.524272842,18.57593982,15.15625,55.07500076,26.26428604,1.250511183,78.44145813,4.163680553,2.818543506,172.2613892,9606.008594,9,2.335993876096971
FR_0001272,2007,981.53,977.79,949.04,8.479999638,701.1658569,1.2312,42.9021,176.365,1078.294102,4.524272842,18.57593982,15.15625,55.07500076,26.26428604,1.250511183,71.53159714,4.329097271,2.869930957,172.8887482,9644.898438,9,2.1839291715992184
FR_0001272,2008,989.84,973.31,931.56,8.479999638,709.4991821,1.2312,42.9021,176.365,1078.294102,4.524272842,18.57593982,15.15625,55.07500076,26.26428604,1.250511183,72.34125137,4.280555248,2.869534277,170.5814514,9612.474219,9,2.360410121404164
FR_0001272,2009,944.21,921.23,938.55,8.479999638,692.2150146,1.2312,42.9021,176.365,1078.294102,4.524272842,18.57593982,15.15625,55.07500076,26.26428604,1.250511183,69.95277939,4.228923321,2.898663379,170.5002075,9554.125977,9,2.349456912176237
FR_0001272,2010,933.02,944.38,947.9,8.479999638,702.8025146,1.2312,42.9021,176.365,1078.294102,4.524272842,18.57593982,15.15625,55.07500076,26.26428604,1.250511183,71.29916763,4.322778225,2.89916416,168.6009033,9482.564648,9,2.331404453660328
FR_0001272,2011,985.27,973.87,950.79,8.479999638,714.2150024,1.2312,42.9021,176.365,1078.294102,4.524272842,18.57593982,15.15625,55.07500076,26.26428604,1.250511183,70.83250198,4.138333321,2.941985889,168.0067383,9370.970703,9,2.3265108927112577
FR_0001272,2012,1085.27,960.94,965.87,8.479999638,723.2891724,1.2312,42.9021,176.365,1078.294102,4.524272842,18.57593982,15.15625,55.07500076,26.26428604,1.250511183,73.29680786,4.338507175,2.928476758,169.5785431,9292.716211,9,2.4180655693427844
FR_0001322,1989,580.12,1020.88,816.15,9.535801506,555.2036316,5.7146,44.4437,711.6655,1256.413677,4.327512339,23.24782642,26.28246689,33.27597427,37.24697876,1.277858392,36.53047676,3.383690357,1.500259668,170.0937073,35824.28359,9,1.4194446975448902
FR_0001322,1990,549.15,1017.96,829.33,9.535801506,565.6992126,5.7146,44.4437,711.6655,1256.413677,4.327512339,23.24782642,26.28246689,33.27597427,37.24697876,1.277858392,36.82298775,3.393019676,1.517255591,169.6429474,37070.37109,9,1.4518285740400882
FR_0001322,1991,544.36,984.93,831.58,9.535801506,554.2431213,5.7146,44.4437,711.6655,1256.413677,4.327512339,23.24782642,26.28246689,33.27597427,37.24697876,1.277858392,37.46244698,3.435043097,1.519001709,170.5793365,38301.00547,9,1.42845205050603
FR_0001322,1992,526.17,948.57,836.38,9.535801506,554.0833679,5.7146,44.4437,711.6655,1256.413677,4.327512339,23.24782642,26.28246689,33.27597427,37.24697876,1.277858392,37.05554085,3.355378866,1.502868628,170.7043213,39505.59922,9,1.469158891958223
FR_0001322,1993,506.41,946.18,847.28,9.535801506,564.6007751,5.7146,44.4437,711.6655,1256.413677,4.327512339,23.24782642,26.28246689,33.27597427,37.24697876,1.277858392,37.12999992,3.570237875,1.503334399,172.2056824,40433.09141,9,1.510736466714121
FR_0001322,1994,621.12,1065.65,846.59,9.535801506,596.3314331,5.7146,44.4437,711.6655,1256.413677,4.327512339,23.24782642,26.28246689,33.27597427,37.24697876,1.277858392,38.65177689,3.586092949,1.507913062,170.8061157,41136.29531,9,1.5218662945229877
FR_0001322,1995,683.06,1110.65,835.62,9.535801506,608.4766357,5.7146,44.4437,711.6655,1256.413677,4.327512339,23.24782642,26.28246689,33.27597427,37.24697876,1.277858392,39.77296677,3.608819723,1.500382251,170.4029114,41650.27266,9,1.5618378557764088
FR_0001322,1996,745.73,1200.55,846.45,9.535801506,654.011438,5.7146,44.4437,711.6655,1256.413677,4.327512339,23.24782642,26.28246689,33.27597427,37.24697876,1.277858392,39.07175369,3.600963354,1.515117554,168.426825,41956.5625,9,1.7028775906657052
FR_0001322,1997,723.19,1166.81,866.3,9.535801506,634.5519653,5.7146,44.4437,711.6655,1256.413677,4.327512339,23.24782642,26.28246689,33.27597427,37.24697876,1.277858392,36.90930901,3.423960924,1.543323462,170.5323853,42213.86172,9,1.5645908896638905
FR_0001322,1998,698.76,1130.05,874.88,9.535801506,625.1078125,5.7146,44.4437,711.6655,1256.413677,4.327512339,23.24782642,26.28246689,33.27597427,37.24697876,1.277858392,36.7346981,3.566179037,1.556045459,171.8070618,42813.34453,9,1.5347266177582244
FR_0001322,1999,640.32,1107.82,866.46,9.535801506,630.3426147,5.7146,44.4437,711.6655,1256.413677,4.327512339,23.24782642,26.28246689,33.27597427,37.24697876,1.277858392,37.32898293,3.656244516,1.550431958,171.1913879,43504.44375,9,1.6161045932514104
FR_0001322,2000,674.44,1112.66,874.45,9.535801506,637.6553223,5.7146,44.4437,711.6655,1256.413677,4.327512339,23.24782642,26.28246689,33.27597427,37.24697876,1.277858392,36.52673302,3.578214169,1.560050732,171.4795715,44256.93125,9,1.6329210604161175
FR_0001322,2001,622.87,1025.07,868.56,9.535801506,618.107019,5.7146,44.4437,711.6655,1256.413677,4.327512339,23.24782642,26.28246689,33.27597427,37.24697876,1.277858392,36.97184181,3.661309242,1.567057642,172.7488342,45016.26484,9,1.6608938525387555
FR_0001322,2002,634.65,1112.07,859.41,9.535801506,648.9711792,5.7146,44.4437,711.6655,1256.413677,4.327512339,23.24782642,26.28246689,33.27597427,37.24697876,1.277858392,39.2841362,3.455735683,1.561234741,170.3651306,45745.2375,9,1.753532446777602
FR_0001322,2003,662.13,1125.37,870.67,9.535801506,638.8111572,5.7146,44.4437,711.6655,1256.413677,4.327512339,23.24782642,26.28246689,33.27597427,37.24697876,1.277858392,38.21608353,3.372251034,1.558122485,170.7516479,46048.57891,9,1.6324038577542872
FR_0001322,2004,613.64,1050.05,878.13,9.535801506,613.2994507,5.7146,44.4437,711.6655,1256.413677,4.327512339,23.24782642,26.28246689,33.27597427,37.24697876,1.277858392,36.90292282,3.489459038,1.546948877,171.9236389,46212.65625,9,1.5678672600864503
FR_0001322,2005,511.64,973.83,866.94,9.535801506,586.4277832,5.7146,44.4437,711.6655,1256.413677,4.327512339,23.24782642,26.28246689,33.27597427,37.24697876,1.277858392,37.39387436,3.484838009,1.528438672,172.3664978,46148.87969,9,1.5526317622835657
FR_0001322,2006,461.92,980.35,869.88,9.535801506,576.2698608,5.7146,44.4437,711.6655,1256.413677,4.327512339,23.24782642,26.28246689,33.27597427,37.24697876,1.277858392,37.48859253,3.434015036,1.514353955,173.0092255,45953.24297,9,1.4781815910883638
FR_0001322,2007,401.72,862.6,875.83,9.535801506,539.1768555,5.7146,44.4437,711.6655,1256.413677,4.327512339,23.24782642,26.28246689,33.27597427,37.24697876,1.277858392,35.86807251,3.460659981,1.515654736,175.1267761,45728.19219,9,1.4516904862919788
FR_0001322,2008,460.56,947.98,861.39,9.535801506,575.7301147,5.7146,44.4437,711.6655,1256.413677,4.327512339,23.24782642,26.28246689,33.27597427,37.24697876,1.277858392,37.31480408,3.531417608,1.517001611,172.8347412,45317.50625,9,1.5436454500165961
JP_0000091,1997,778.4582916,1240.3714,427.2610229,3.151495833,412.5136169,142.7644,43.8417,826.819,1028.636905,4.020763556,33.2306472,19.71500015,38.24375153,39.35416794,1.414276812,42.29028168,3.788309765,1.85435896,134.8145874,14169.61055,9,2.315800459542321
JP_0000091,1998,736.570654,1285.9982,433.4002197,3.151495833,424.0226318,142.7644,43.8417,826.819,1028.636905,4.020763556,33.2306472,19.71500015,38.24375153,39.35416794,1.414276812,42.70942993,3.755846405,1.879313647,135.1019684,14476.72266,9,2.607083397035115
JP_0000091,1999,723.8677718,1271.8464,426.2352234,3.151495833,416.9752197,142.7644,43.8417,826.819,1028.636905,4.020763556,33.2306472,19.71500015,38.24375153,39.35416794,1.414276812,42.8417984,3.723209763,1.871994922,134.3708008,14684.56465,9,2.5944378687795693
JP_0000091,2000,660.8678875,1292.152,425.4832214,3.151495833,417.4054199,142.7644,43.8417,826.819,1028.636905,4.020763556,33.2306472,19.71500015,38.24375153,39.35416794,1.414276812,43.01090012,3.707293081,1.870456299,134.8235321,14822.13164,9,2.6571795688102764
JP_0000091,2001,695.3132635,1300.1564,435.8124207,3.151495833,427.2994141,142.7644,43.8417,826.819,1028.636905,4.020763556,33.2306472,19.71500015,38.24375153,39.35416794,1.414276812,42.94146652,3.694423103,1.870205029,136.2687164,14908.2457,9,2.669225338524124
JP_0000091,2002,662.041075,1297.4754,441.1650208,3.151495833,432.1518188,142.7644,43.8417,826.819,1028.636905,4.020763556,33.2306472,19.71500015,38.24375153,39.35416794,1.414276812,42.86338272,3.677451372,1.865387695,136.1064697,14925.62383,9,2.6634316969718665
JP_0000091,2003,642.6180938,1232.8182,445.5506226,3.151495833,434.0950134,142.7644,43.8417,826.819,1028.636905,4.020763556,33.2306472,19.71500015,38.24375153,39.35416794,1.414276812,42.50080032,3.606289816,1.851420703,137.2152191,14903.3123,9,2.6085723762105713
JP_0000091,2004,642.8591969,1227.7048,453.2160095,3.151495833,443.2164063,142.7644,43.8417,826.819,1028.636905,4.020763556,33.2306472,19.71500015,38.24375153,39.35416794,1.414276812,42.20948334,3.602458143,1.85047439,137.0521515,14880.99727,9,2.7644390693793284
JP_0000091,2005,672.4782175,1181.5212,459.6226074,3.151495833,448.3253967,142.7644,43.8417,826.819,1028.636905,4.020763556,33.2306472,19.71500015,38.24375153,39.35416794,1.414276812,42.03074951,3.600194883,1.851552368,139.1462006,14827.15625,9,2.7886987222826582
JP_0000091,2006,698.1815223,1196.5124,460.6681946,3.151495833,449.0940002,142.7644,43.8417,826.819,1028.636905,4.020763556,33.2306472,19.71500015,38.24375153,39.35416794,1.414276812,41.99794922,3.597044849,1.855581006,138.8181702,14701.95293,9,2.7496758333446722
JP_0000091,2007,704.6149767,1166.7828,462.407196,3.151495833,450.1960022,142.7644,43.8417,826.819,1028.636905,4.020763556,33.2306472,19.71500015,38.24375153,39.35416794,1.414276812,41.6002327,3.573238134,1.882733032,140.2825165,14535.7543,9,2.770614035484705
JP_0000091,2008,663.7141349,1140.0588,464.054187,3.151495833,451.9675964,142.7644,43.8417,826.819,1028.636905,4.020763556,33.2306472,19.71500015,38.24375153,39.35416794,1.414276812,41.37208252,3.632709885,1.927315942,140.1910461,14301.18223,9,2.840424937988493
JP_0000091,2009,735.0597806,1191.6326,453.4429871,3.151495833,444.2395996,142.7644,43.8417,826.819,1028.636905,4.020763556,33.2306472,19.71500015,38.24375153,39.35416794,1.414276812,42.10029755,3.645439863,1.913893945,138.5384308,13965.62012,9,2.892784626751239
JP_0000091,2010,792.154707,1220.2848,450.7339844,3.151495833,443.2736084,142.7644,43.8417,826.819,1028.636905,4.020763556,33.2306472,19.71500015,38.24375153,39.35416794,1.414276812,42.34301453,3.685458136,1.900725928,136.9498474,13663.33711,9,2.9860286139914054
JP_0000091,2011,780.500171,1230.8788,448.9331909,3.151495833,442.2878052,142.7644,43.8417,826.819,1028.636905,4.020763556,33.2306472,19.71500015,38.24375153,39.35416794,1.414276812,42.45986404,3.667873096,1.897418213,136.6269989,13357.46738,9,3.0435092520583216
JP_0000091,2012,806.9856227,1304.074,444.8901917,3.151495833,442.131604,142.7644,43.8417,826.819,1028.636905,4.020763556,33.2306472,19.71500015,38.24375153,39.35416794,1.414276812,43.27181244,3.667628241,1.906887891,135.0837006,13130.48789,9,3.5384231830817225
JP_0000091,2013,924.7159945,1408.3822,437.4831909,3.151495833,430.4782104,142.7644,43.8417,826.819,1028.636905,4.020763556,33.2306472,19.71500015,38.24375153,39.35416794,1.414276812,43.28094635,3.68375988,1.837656982,133.4228699,12956.07598,9,2.6706434269247317
JP_0000091,2014,840.4361316,1412.6318,444.1934021,3.151495833,437.2576233,142.7644,43.8417,826.819,1028.636905,4.020763556,33.2306472,19.71500015,38.24375153,39.35416794,1.414276812,43.29082947,3.655263281,1.847599976,135.99505,12755.23848,9,2.7087130174630607
NO_0000010,1989,769.09,873.98,280.51,-0.487000036,269.9022491,9.1042,62.0917,502.5649,1316.296155,3.684167839,20.39740304,9.313095093,76.94285583,11.52059937,1.180653908,26.20668259,4.646343231,0.510608637,98.7183548,118.7069244,9,2.153241294708506
NO_0000010,1990,723.4,888.9,284.24,-0.487000036,271.9704132,9.1042,62.0917,502.5649,1316.296155,3.684167839,20.39740304,9.313095093,76.94285583,11.52059937,1.180653908,26.16539001,4.643197536,0.529940735,98.96921997,119.4005035,9,2.062107393663452
NO_0000010,1991,688.0,892.95,279.3,-0.487000036,265.6828644,9.1042,62.0917,502.5649,1316.296155,3.684167839,20.39740304,9.313095093,76.94285583,11.52059937,1.180653908,26.09598427,4.263418198,0.537438367,98.5573822,118.9345215,9,1.9574936511584349
NO_0000010,1992,695.69,912.47,294.12,-0.487000036,276.9618408,9.1042,62.0917,502.5649,1316.296155,3.684167839,20.39740304,9.313095093,76.94285583,11.52059937,1.180653908,25.95564423,4.366479874,0.555109045,99.83614044,123.6291397,9,1.8769503641829919
NO_0000010,1993,688.64,879.57,287.76,-0.487000036,272.1630615,9.1042,62.0917,502.5649,1316.296155,3.684167839,20.39740304,9.313095093,76.94285583,11.52059937,1.180653908,25.9135704,4.293349743,0.558195068,99.47063141,130.4435379,9,1.9415147825667647
NO_0000010,1994,637.16,851.49,287.16,-0.487000036,266.8326538,9.1042,62.0917,502.5649,1316.296155,3.684167839,20.39740304,9.313095093,76.94285583,11.52059937,1.180653908,25.8453392,4.332126141,0.561176355,100.4150665,140.1728821,9,1.8002922969053614
NO_0000010,1995,668.05,823.08,285.74,-0.487000036,265.4775452,9.1042,62.0917,502.5649,1316.296155,3.684167839,20.39740304,9.313095093,76.94285583,11.52059937,1.180653908,25.64670029,4.427015305,0.554750317,100.9353729,156.9274216,9,1.830794242615078
NO_0000010,1996,696.98,790.67,285.7,-0.487000036,265.2212219,9.1042,62.0917,502.5649,1316.296155,3.684167839,20.39740304,9.313095093,76.94285583,11.52059937,1.180653908,25.55243225,4.055859089,0.552420764,101.8918869,175.7094482,9,1.8692218513224657
NO_0000012,1989,1689.52,1553.9,201.04,0.036296341,200.2061096,7.7708,61.8708,238.2031,1366.578845,5.206523883,25.79914343,9.770833015,77.33680725,11.5348835,1.405667961,31.87907333,5.430879593,0.523270007,97.71203918,326.7936951,9,2.276588161624242
NO_0000012,1990,1739.18,1627.04,204.45,0.036296341,203.6127777,7.7708,61.8708,238.2031,1366.578845,5.206523883,25.79914343,9.770833015,77.33680725,11.5348835,1.405667961,31.87907333,5.370092392,0.518376672,97.89458618,331.2644104,9,2.2553373233464775
NO_0000012,1991,1713.68,1623.02,200.53,0.036296341,199.2094452,7.7708,61.8708,238.2031,1366.578845,5.206523883,25.79914343,9.770833015,77.33680725,11.5348835,1.405667961,31.84666595,5.021527767,0.528776672,98.12208557,335.6386353,9,2.0532056529706444
NO_0000012,1992,1742.6,1702.45,216.06,0.036296341,214.6383301,7.7708,61.8708,238.2031,1366.578845,5.206523883,25.79914343,9.770833015,77.33680725,11.5348835,1.405667961,31.81393471,5.154166222,0.53787334,98.85037537,346.9631287,9,2.0750986744061595
NO_0000012,1993,1666.71,1639.75,207.05,0.036296341,205.8549988,7.7708,61.8708,238.2031,1366.578845,5.206523883,25.79914343,9.770833015,77.33680725,11.5348835,1.405667961,31.83490715,5.009884357,0.53763335,99.10981598,364.3952698,9,2.1228951973064807
NO_0000012,1994,1558.01,1586.22,205.59,0.036296341,203.3927826,7.7708,61.8708,238.2031,1366.578845,5.206523883,25.79914343,9.770833015,77.33680725,11.5348835,1.405667961,31.80194473,5.081782341,0.537476679,100.2319458,385.0931702,9,1.899657360454247
NO_0000012,1995,1490.91,1515.96,204.68,0.036296341,202.4822205,7.7708,61.8708,238.2031,1366.578845,5.206523883,25.79914343,9.770833015,77.33680725,11.5348835,1.405667961,31.80083389,5.134837627,0.533330011,101.1481949,414.2796143,9,1.9284575001436293
NO_0000012,1996,1466.74,1466.42,203.96,0.036296341,202.2955566,7.7708,61.8708,238.2031,1366.578845,5.206523883,25.79914343,9.770833015,77.33680725,11.5348835,1.405667961,31.83791656,4.785116196,0.532803339,101.810556,445.2823486,9,2.0638634617827596
NO_0000012,1997,1481.52,1405.52,203.34,0.036296341,200.1677826,7.7708,61.8708,238.2031,1366.578845,5.206523883,25.79914343,9.770833015,77.33680725,11.5348835,1.405667961,31.66333313,5.147731304,0.509486658,102.0989349,479.9575989,9,1.8283726948024528
NO_0000012,1998,1447.97,1450.43,200.29,0.036296341,197.1988922,7.7708,61.8708,238.2031,1366.578845,5.206523883,25.79914343,9.770833015,77.33680725,11.5348835,1.405667961,31.67499962,4.95317173,0.506609985,99.49185333,525.792981,9,1.7991839082816112
NO_0000012,1999,1443.95,1495.15,203.85,0.036296341,201.9522217,7.7708,61.8708,238.2031,1366.578845,5.206523883,25.79914343,9.770833015,77.33680725,11.5348835,1.405667961,31.73513832,4.996851921,0.505009985,99.17949371,616.8697815,9,1.99372225640688
NO_0000013,1989,1219.39,1264.24,240.73,-0.258571427,234.8821472,8.0417,61.9042,130.0891,1459.215434,5.294065727,15.64962848,9.571428299,77.0982132,11.66995049,1.228569493,26.8700592,4.713452339,0.66033927,99.19577789,755.637793,9,1.849544514604555
NO_0000013,1990,1256.77,1309.49,244.38,-0.258571427,237.9657257,8.0417,61.9042,130.0891,1459.215434,5.294065727,15.64962848,9.571428299,77.0982132,11.66995049,1.228569493,26.82809486,4.66258955,0.663626184,99.41904907,770.3651733,9,1.797111064789778
NO_0000013,1991,1214.72,1304.65,240.93,-0.258571427,233.7621552,8.0417,61.9042,130.0891,1459.215434,5.294065727,15.64962848,9.571428299,77.0982132,11.66995049,1.228569493,26.79999962,4.301875114,0.669576184,99.54351196,771.9807495,9,1.7313979611067325
NO_0000016,1989,1350.29,1262.48,213.48,-0.682000005,210.8306763,8.3,61.725,257.1472,1374.837136,4.422585066,22.73214022,9.875,77.75,11.4285717,1.397865737,25.51861153,4.896819592,0.415459015,97.99725189,447.7736694,9,2.053914472044574
NO_0000016,1990,1394.21,1298.21,217.39,-0.682000005,214.5770081,8.3,61.725,257.1472,1374.837136,4.422585066,22.73214022,9.875,77.75,11.4285717,1.397865737,25.49677849,4.861457825,0.420918048,98.31400146,463.4538025,9,2.0264777057268746
NO_0000016,1991,1338.99,1288.72,213.28,-0.682000005,210.1330078,8.3,61.725,257.1472,1374.837136,4.422585066,22.73214022,9.875,77.75,11.4285717,1.397865737,25.47063942,4.497013569,0.422207623,98.54858398,468.3918701,9,1.9580756457692228
NO_0000016,1992,1395.51,1335.88,229.1,-0.682000005,225.3546753,8.3,61.725,257.1472,1374.837136,4.422585066,22.73214022,9.875,77.75,11.4285717,1.397865737,25.4318058,4.635707378,0.425068048,99.48863983,488.7439209,9,1.9426756994311483
NO_0000016,1993,1382.92,1277.57,222.46,-0.682000005,218.9546722,8.3,61.725,257.1472,1374.837136,4.422585066,22.73214022,9.875,77.75,11.4285717,1.397865737,25.43069496,4.501166821,0.413954846,99.89933777,515.0057861,9,1.9723493714242522
NO_0000016,1994,1385.43,1245.15,220.97,-0.682000005,216.0583405,8.3,61.725,257.1472,1374.837136,4.422585066,22.73214022,9.875,77.75,11.4285717,1.397865737,25.41980553,4.566610813,0.415896521,100.9505875,542.7986267,9,1.8327123090245065
NO_0000016,1995,1313.9,1200.72,220.83,-0.682000005,215.734671,8.3,61.725,257.1472,1374.837136,4.422585066,22.73214022,9.875,77.75,11.4285717,1.397865737,25.39519386,4.61802721,0.410723602,101.9217834,568.0798584,9,1.8446530451052803
NO_0000016,1996,1307.43,1167.26,220.41,-0.682000005,215.9666748,8.3,61.725,257.1472,1374.837136,4.422585066,22.73214022,9.875,77.75,11.4285717,1.397865737,25.42308273,4.287277699,0.408965961,102.5132019,594.0568359,9,1.9297808839483614
NO_0000018,1989,755.2,846.55,385.23,2.35666666,354.4288818,9.4292,60.1542,320.657,815.0175024,3.734655665,18.89424169,7.675925732,77.37036896,10.71072292,1.57541992,45.04314728,3.125910759,1.253524536,102.6588577,1150.686401,9,2.1006197882383377
NO_0000018,1990,757.28,824.65,396.2,2.35666666,362.0092529,9.4292,60.1542,320.657,815.0175024,3.734655665,18.89424169,7.675925732,77.37036896,10.71072292,1.57541992,44.25200424,3.170555353,1.274778516,103.3760468,1184.304614,9,2.1220213737426605
NO_0000018,1991,727.2,798.26,399.24,2.35666666,365.2044373,9.4292,60.1542,320.657,815.0175024,3.734655665,18.89424169,7.675925732,77.37036896,10.71072292,1.57541992,43.89117126,2.71358037,1.271906299,104.0515091,1187.471021,9,2.204646727580103
NO_0000018,1992,618.93,777.52,411.9,2.35666666,366.5362976,9.4292,60.1542,320.657,815.0175024,3.734655665,18.89424169,7.675925732,77.37036896,10.71072292,1.57541992,43.464505,2.920200109,1.279787671,105.71651,1227.425562,9,2.05511094476958
NO_0000018,1993,426.36,718.63,414.36,2.35666666,364.9311157,9.4292,60.1542,320.657,815.0175024,3.734655665,18.89424169,7.675925732,77.37036896,10.71072292,1.57541992,43.21132584,2.77712965,1.281098047,107.5107971,1278.28916,9,2.1264145360374656
NO_0000018,1994,375.53,727.85,416.15,2.35666666,360.0989197,9.4292,60.1542,320.657,815.0175024,3.734655665,18.89424169,7.675925732,77.37036896,10.71072292,1.57541992,43.32314529,2.790509224,1.272841138,108.2088837,1331.006909,9,1.9770793845517074
NO_0000051,1989,1445.95,1348.62,290.49,1.678666711,286.6039978,7.4417,61.3792,46.8685,1231.804927,2.140130619,42.5988207,7.75,72.5,11.36250019,2.27953,41.53299942,5.24033308,0.563125,98.4083313,1251.428394,9,2.2635956870116227
NO_0000051,1990,1648.77,1411.9,300.84,1.678666711,294.8080017,7.4417,61.3792,46.8685,1231.804927,2.140130619,42.5988207,7.75,72.5,11.36250019,2.27953,41.30466614,5.202833176,0.571173315,98.69466553,1291.375708,9,2.045689299924085
NO_0000051,1991,1655.31,1399.72,301.08,1.678666711,293.776001,7.4417,61.3792,46.8685,1231.804927,2.140130619,42.5988207,7.75,72.5,11.36250019,2.27953,41.14299927,4.87899971,0.581923315,99.3133316,1311.426074,9,1.95890973177088
NO_0000051,1992,1725.45,1472.21,316.53,1.678666711,308.0160095,7.4417,61.3792,46.8685,1231.804927,2.140130619,42.5988207,7.75,72.5,11.36250019,2.27953,40.97166519,4.993999958,0.610049976,99.98999634,1348.748804,9,1.906619032082373
NO_0000051,1993,1818.88,1414.86,313.53,1.678666711,304.6400085,7.4417,61.3792,46.8685,1231.804927,2.140130619,42.5988207,7.75,72.5,11.36250019,2.27953,40.92366486,4.869832993,0.587394971,100.7356674,1397.24353,9,1.9079273694400116
NO_0000051,1994,1740.37,1380.43,310.39,1.678666711,299.152002,7.4417,61.3792,46.8685,1231.804927,2.140130619,42.5988207,7.75,72.5,11.36250019,2.27953,40.7379982,4.952499866,0.593171643,101.8763321,1445.484888,9,1.7965211642679533
NO_0000051,1995,1589.89,1323.93,304.3,1.678666711,294.7399963,7.4417,61.3792,46.8685,1231.804927,2.140130619,42.5988207,7.75,72.5,11.36250019,2.27953,40.89999847,4.960333347,0.59757666,103.1363312,1494.614673,9,1.8893358410064867
NO_0000051,1996,1515.51,1287.0,300.94,1.678666711,293.1280029,7.4417,61.3792,46.8685,1231.804927,2.140130619,42.5988207,7.75,72.5,11.36250019,2.27953,41.15566559,4.705500126,0.606769995,103.5976654,1546.622607,9,2.0062308905284745
NO_0000051,1997,1216.95,1225.88,297.94,1.678666711,287.4080017,7.4417,61.3792,46.8685,1231.804927,2.140130619,42.5988207,7.75,72.5,11.36250019,2.27953,40.61399918,4.991333485,0.585893335,104.0363358,1593.256201,9,1.8799691181696234
NO_0000097,1989,1098.88,964.57,292.68,0.006666596,281.5740051,8.7208,61.1625,48.4295,1257.252049,3.795003369,17.50747513,7.625,76.875,11.3125,0.803740069,30.44216728,4.20908308,0.560754175,99.32467041,84.9963974,9,2.07931013397515
NO_0000097,1990,1085.88,959.68,298.93,0.006666596,287.2200012,8.7208,61.1625,48.4295,1257.252049,3.795003369,17.50747513,7.625,76.875,11.3125,0.803740069,30.33566742,4.205832958,0.569875708,99.935672,87.2186264,9,2.091731290918022
NO_0000097,1991,1027.36,941.68,297.7,0.006666596,285.7340027,8.7208,61.1625,48.4295,1257.252049,3.795003369,17.50747513,7.625,76.875,11.3125,0.803740069,30.20516739,3.801083088,0.574018091,100.4076721,86.68483582,9,2.093897691754881
NO_0000097,1992,1036.69,954.01,314.27,0.006666596,299.9460083,8.7208,61.1625,48.4295,1257.252049,3.795003369,17.50747513,7.625,76.875,11.3125,0.803740069,30.10916748,3.9790833,0.579079895,101.6583389,91.84966125,9,2.0639981864572454
NO_0000097,1993,988.34,893.5,311.82,0.006666596,296.9660095,8.7208,61.1625,48.4295,1257.252049,3.795003369,17.50747513,7.625,76.875,11.3125,0.803740069,30.051334,3.820749998,0.575282666,102.6588409,98.59614105,9,2.1099936835189426
NO_0000097,1994,1079.38,892.95,313.4,0.006666596,293.4180115,8.7208,61.1625,48.4295,1257.252049,3.795003369,17.50747513,7.625,76.875,11.3125,0.803740069,30.03233376,3.880832672,0.57142085,103.6008408,106.7945953,9,1.9158265410648467
NO_0000097,1995,1040.36,877.52,312.97,0.006666596,291.2800171,8.7208,61.1625,48.4295,1257.252049,3.795003369,17.50747513,7.625,76.875,11.3125,0.803740069,29.86316719,3.926333189,0.566630566,104.8078384,116.2028519,9,1.8773441254419958
NO_0000097,1996,1004.09,866.55,311.23,0.006666596,291.9220093,8.7208,61.1625,48.4295,1257.252049,3.795003369,17.50747513,7.625,76.875,11.3125,0.803740069,30.07200012,3.609499693,0.565588196,105.107338,126.3263779,9,1.9630514141235682
NO_0000129,1989,1218.23,1404.34,256.2,0.242307746,251.9015442,8.1167,62.2833,419.5027,1289.480477,3.802989381,31.73829777,9.586538315,77.10416412,11.33678722,1.095681189,29.85840912,5.49439764,0.579772192,98.73979645,393.0971741,9,1.9848135002042107
NO_0000129,1990,1291.76,1460.68,259.33,0.242307746,254.5652344,8.1167,62.2833,419.5027,1289.480477,3.802989381,31.73829777,9.586538315,77.10416412,11.33678722,1.095681189,29.85397339,5.42284584,0.574497192,98.83336029,404.6216431,9,1.9193745666149606
NO_0000129,1991,1263.71,1467.58,254.57,0.242307746,249.1344635,8.1167,62.2833,419.5027,1289.480477,3.802989381,31.73829777,9.586538315,77.10416412,11.33678722,1.095681189,29.81684532,5.049794197,0.57137406,98.59123383,404.7742065,9,1.832569639669994
NO_0000129,1992,1308.98,1529.12,268.92,0.242307746,262.6049286,8.1167,62.2833,419.5027,1289.480477,3.802989381,31.73829777,9.586538315,77.10416412,11.33678722,1.095681189,29.76869125,5.190294743,0.571103699,99.45900421,420.659259,9,1.8008268618569268
NO_0000129,1993,1338.76,1470.46,263.31,0.242307746,257.5396942,8.1167,62.2833,419.5027,1289.480477,3.802989381,31.73829777,9.586538315,77.10416412,11.33678722,1.095681189,29.75299873,5.045192242,0.563324988,99.16205597,443.0124329,9,1.8463908067461814
NO_0000129,1994,1241.73,1415.58,262.53,0.242307746,254.4264648,8.1167,62.2833,419.5027,1289.480477,3.802989381,31.73829777,9.586538315,77.10416412,11.33678722,1.095681189,29.70020409,5.102012634,0.566698145,100.2345444,469.3933105,9,1.7177837410931516
NO_0000129,1995,1192.46,1355.65,260.13,0.242307746,252.2649261,8.1167,62.2833,419.5027,1289.480477,3.802989381,31.73829777,9.586538315,77.10416412,11.33678722,1.095681189,29.6714344,5.201563835,0.567568518,100.7726959,494.5713379,9,1.753505295811316
NO_0000139,1989,1887.56,1303.06,445.54,2.561666489,424.7822327,8.6,62.9,138.7781,571.0708642,4.531706112,32.41942052,7.260416508,74.58333588,12.55729198,2.016115478,33.20080109,4.919228554,1.007352075,99.32179413,2724.252734,9,2.0977565958894853
NO_0000139,1990,1933.59,1321.84,459.45,2.561666489,434.7763,8.6,62.9,138.7781,571.0708642,4.531706112,32.41942052,7.260416508,74.58333588,12.55729198,2.016115478,33.21728287,4.837901592,1.028040283,99.09395599,2826.339844,9,2.02178469807088
NO_0000139,1991,1880.65,1346.4,457.15,2.561666489,432.7363037,8.6,62.9,138.7781,571.0708642,4.531706112,32.41942052,7.260416508,74.58333588,12.55729198,2.016115478,33.34888763,4.40114212,1.039488879,98.35235138,2832.77832,9,1.996060538800898
NO_0000139,1992,1913.5,1383.4,471.01,2.561666489,442.0889038,8.6,62.9,138.7781,571.0708642,4.531706112,32.41942052,7.260416508,74.58333588,12.55729198,2.016115478,32.92586365,4.549351692,1.052895825,99.46457214,2960.651758,9,1.9055250546280638
NO_0000139,1993,1922.08,1331.39,468.03,2.561666489,442.7726074,8.6,62.9,138.7781,571.0708642,4.531706112,32.41942052,7.260416508,74.58333588,12.55729198,2.016115478,32.932901,4.436481476,1.045402087,98.47247467,3111.933496,9,2.032985501208384
RS_0000004,1989,759.56,951.76,649.61,9.401961708,526.1484375,19.6396,43.3854,3021.173,1199.70646,4.233285528,29.73800734,19.18489647,49.52994919,26.58003044,1.42718134,86.20523682,2.336802721,1.905642822,158.4195953,4409.377246,9,1.8828289589471456
RS_0000004,1990,700.78,915.45,659.99,9.401961708,528.9158264,19.6396,43.3854,3021.173,1199.70646,4.233285528,29.73800734,19.18489647,49.52994919,26.58003044,1.42718134,85.12117767,2.389660358,1.927446313,158.4906403,4659.924072,9,1.9274734747205307
RS_0000004,1991,653.17,930.62,656.24,9.401961708,531.5946228,19.6396,43.3854,3021.173,1199.70646,4.233285528,29.73800734,19.18489647,49.52994919,26.58003044,1.42718134,88.36433258,2.566555738,1.927137061,158.6032715,4606.090381,9,1.946070177223836
RS_0000004,1992,645.26,896.81,663.87,9.401961708,544.4418579,19.6396,43.3854,3021.173,1199.70646,4.233285528,29.73800734,19.18489647,49.52994919,26.58003044,1.42718134,92.70589752,2.630851507,1.93046582,159.6091187,4030.830518,9,2.132820238927523
RS_0000004,1993,585.71,897.83,675.93,9.401961708,555.3298462,19.6396,43.3854,3021.173,1199.70646,4.233285528,29.73800734,19.18489647,49.52994919,26.58003044,1.42718134,93.72204437,2.471558094,1.941258521,161.3623566,3665.218555,9,2.188140637414464
RS_0000004,1994,548.59,893.52,698.89,9.401961708,559.9412598,19.6396,43.3854,3021.173,1199.70646,4.233285528,29.73800734,19.18489647,49.52994919,26.58003044,1.42718134,89.19029694,2.469594479,1.948194653,162.5648956,3349.844238,9,2.1083200880979636
RS_0000004,1995,608.47,971.1,681.16,9.401961708,578.0360474,19.6396,43.3854,3021.173,1199.70646,4.233285528,29.73800734,19.18489647,49.52994919,26.58003044,1.42718134,94.36818237,2.550072432,1.939061743,160.8139069,2719.411475,9,2.258692307001395
RS_0000004,1996,656.47,995.99,680.45,9.401961708,564.468866,19.6396,43.3854,3021.173,1199.70646,4.233285528,29.73800734,19.18489647,49.52994919,26.58003044,1.42718134,93.69811707,2.458385229,1.937485449,159.977179,2528.574609,9,2.030262004054662
RS_0000004,1997,672.34,1003.46,672.74,9.401961708,559.2920105,19.6396,43.3854,3021.173,1199.70646,4.233285528,29.73800734,19.18489647,49.52994919,26.58003044,1.42718134,92.69203339,2.578389883,1.954469775,159.5949951,2884.816504,9,2.0058949202436027
RS_0000004,1998,725.73,1032.18,663.62,9.401961708,568.3016418,19.6396,43.3854,3021.173,1199.70646,4.233285528,29.73800734,19.18489647,49.52994919,26.58003044,1.42718134,95.3190979,2.565033913,1.977913379,157.9990875,3122.331348,9,2.1272822673074967
RS_0000004,1999,775.23,1084.1,651.15,9.401961708,567.8599548,19.6396,43.3854,3021.173,1199.70646,4.233285528,29.73800734,19.18489647,49.52994919,26.58003044,1.42718134,98.48180695,2.454574347,1.979234058,156.7411438,3193.515234,9,2.1276566151319045
RS_0000004,2000,761.14,1014.38,676.3,9.401961708,549.510437,19.6396,43.3854,3021.173,1199.70646,4.233285528,29.73800734,19.18489647,49.52994919,26.58003044,1.42718134,93.57235413,2.524861813,1.987470703,159.6497375,3253.712793,9,1.8582954133208542
RS_0000004,2001,710.56,971.41,693.53,9.401961708,559.7812561,19.6396,43.3854,3021.173,1199.70646,4.233285528,29.73800734,19.18489647,49.52994919,26.58003044,1.42718134,93.06443024,2.629825592,2.006104053,160.9913574,3231.20708,9,1.9495592529656274
RS_0000004,2002,687.9,996.72,710.6,9.401961708,589.1627747,19.6396,43.3854,3021.173,1199.70646,4.233285528,29.73800734,19.18489647,49.52994919,26.58003044,1.42718134,95.69045715,2.536981344,1.984952222,160.0001068,3165.854248,9,2.1205625014436347
RS_0000004,2003,695.29,959.56,729.7,9.401961708,575.1425476,19.6396,43.3854,3021.173,1199.70646,4.233285528,29.73800734,19.18489647,49.52994919,26.58003044,1.42718134,92.52093658,2.584793806,1.973845142,161.0852448,3272.73457,9,1.941892425433639
RS_0000004,2004,726.81,973.13,734.87,9.401961708,579.3804871,19.6396,43.3854,3021.173,1199.70646,4.233285528,29.73800734,19.18489647,49.52994919,26.58003044,1.42718134,92.29482117,2.598301411,1.963616626,160.7728088,3668.030225,9,1.9288367537497657
RS_0000004,2005,766.15,1052.41,712.88,9.401961708,602.8857666,19.6396,43.3854,3021.173,1199.70646,4.233285528,29.73800734,19.18489647,49.52994919,26.58003044,1.42718134,97.71555481,2.507047176,1.956903149,158.4109863,4094.131641,9,2.1476245215282117
RS_0000004,2006,790.6,1058.02,707.22,9.401961708,617.2477295,19.6396,43.3854,3021.173,1199.70646,4.233285528,29.73800734,19.18489647,49.52994919,26.58003044,1.42718134,99.80945129,2.495831013,1.964909155,158.4725525,4410.962207,9,2.382784046175102
RS_0000004,2007,780.72,1052.29,715.9,9.401961708,589.2108398,19.6396,43.3854,3021.173,1199.70646,4.233285528,29.73800734,19.18489647,49.52994919,26.58003044,1.42718134,95.74777069,2.521965504,1.978549707,159.6861328,4694.729395,9,1.971204112258025
RS_0000004,2008,743.53,1084.79,712.36,9.401961708,608.2905273,19.6396,43.3854,3021.173,1199.70646,4.233285528,29.73800734,19.18489647,49.52994919,26.58003044,1.42718134,97.39863281,2.526544333,1.98210376,158.5327087,4965.405371,9,2.1513986541547516
RS_0000004,2009,695.79,1084.43,722.72,9.401961708,608.2034546,19.6396,43.3854,3021.173,1199.70646,4.233285528,29.73800734,19.18489647,49.52994919,26.58003044,1.42718134,96.29113922,2.515552282,1.997970801,158.950589,5075.03291,9,2.0760214442389895
RS_0000004,2010,731.32,1130.34,723.17,9.401961708,600.119043,19.6396,43.3854,3021.173,1199.70646,4.233285528,29.73800734,19.18489647,49.52994919,26.58003044,1.42718134,95.5409317,2.629626513,2.010712134,157.0382324,5216.542871,9,1.905947575508502
RU_0000052,1989,181.16,368.65,484.39,-1.225853044,307.5939758,92.15,58.4625,1466302.0,1125.046711,1.966345979,20.47898444,16.52078819,43.72322845,33.69053268,1.909245953,34.61778946,2.199258566,1.139624561,140.8181152,5691.991699,9,2.3406270862150387
RU_0000052,1990,171.3,370.35,490.76,-1.225853044,311.3855164,92.15,58.4625,1466302.0,1125.046711,1.966345979,20.47898444,16.52078819,43.72322845,33.69053268,1.909245953,32.82917633,2.192532778,1.149478149,141.1873901,5641.366602,9,2.3819107158872557
RU_0000052,1991,168.92,379.74,492.12,-1.225853044,315.9843506,92.15,58.4625,1466302.0,1125.046711,1.966345979,20.47898444,16.52078819,43.72322845,33.69053268,1.909245953,32.45018539,2.123820066,1.154262354,141.4862244,5543.618945,9,2.3584352047971278
RU_0000052,1992,172.63,373.95,495.99,-1.225853044,316.5673401,92.15,58.4625,1466302.0,1125.046711,1.966345979,20.47898444,16.52078819,43.72322845,33.69053268,1.909245953,32.39278069,2.118694782,1.155351563,142.1469879,5323.347852,9,2.4412764607616637
RU_0000052,1993,167.99,367.99,497.39,-1.225853044,314.801178,92.15,58.4625,1466302.0,1125.046711,1.966345979,20.47898444,16.52078819,43.72322845,33.69053268,1.909245953,30.31032944,2.199482679,1.155360132,142.7227722,4955.666553,9,2.482307247843257
US_0004367,2001,1248.742814,309.2704762,737.5037964,5.277350517,294.6133392,-113.3132694,45.80754167,397.9087,2027.573716,2.120350674,26.47347939,15.14285755,54.27550888,29.01020432,1.698756327,12.52321472,2.981210232,1.025167871,165.908139,1302.559644,9,2.403878568353818
US_0004367,2002,1382.13223,295.22,747.9890381,5.277350517,278.455246,-113.3132694,45.80754167,397.9087,2027.573716,2.120350674,26.47347939,15.14285755,54.27550888,29.01020432,1.698756327,10.70754032,2.98386898,1.02594967,167.8961121,1340.268262,9,2.158142852751349
US_0004367,2003,1221.988051,274.2338095,772.3971313,5.277350517,259.2147705,-113.3132694,45.80754167,397.9087,2027.573716,2.120350674,26.47347939,15.14285755,54.27550888,29.01020432,1.698756327,10.45099277,3.016452265,1.01737229,169.716629,1374.175562,9,2.0356434441866096
US_0004367,2004,1040.807605,290.6314286,777.0709473,5.277350517,270.7190491,-113.3132694,45.80754167,397.9087,2027.573716,2.120350674,26.47347939,15.14285755,54.27550888,29.01020432,1.698756327,9.742460823,2.985749865,1.038345251,168.3785339,1413.454053,9,1.9433692601055836
US_0004367,2005,1033.614645,305.957619,765.0138184,5.277350517,280.1800079,-113.3132694,45.80754167,397.9087,2027.573716,2.120350674,26.47347939,15.14285755,54.27550888,29.01020432,1.698756327,9.870079613,2.979607058,1.052460364,167.3861145,1479.300977,9,1.87477298215467
US_0004367,2006,1189.899061,314.4295238,761.687146,5.277350517,288.0285797,-113.3132694,45.80754167,397.9087,2027.573716,2.120350674,26.47347939,15.14285755,54.27550888,29.01020432,1.698756327,11.36071434,3.012841177,1.055603186,166.9849243,1547.237524,9,1.9181819826986046
US_0004367,2007,1155.342678,318.2309524,786.8400146,5.277350517,290.443338,-113.3132694,45.80754167,397.9087,2027.573716,2.120350674,26.47347939,15.14285755,54.27550888,29.01020432,1.698756327,12.37289715,3.035126877,1.067774792,167.0738556,1609.914404,9,1.8615690131528857
US_0004367,2008,1284.626295,317.3685714,772.8124023,5.277350517,293.9800049,-113.3132694,45.80754167,397.9087,2027.573716,2.120350674,26.47347939,15.14285755,54.27550888,29.01020432,1.698756327,11.85888882,3.077932405,1.058512549,166.9186523,1649.843945,9,2.013424204575241
US_0004367,2009,1569.425237,316.3185714,765.8509644,5.277350517,294.3400146,-113.3132694,45.80754167,397.9087,2027.573716,2.120350674,26.47347939,15.14285755,54.27550888,29.01020432,1.698756327,12.71464272,3.093924475,1.028135498,167.6446045,1648.043359,9,2.068227272806002
US_0004367,2010,1717.767922,330.8180952,751.9871582,5.277350517,303.0438171,-113.3132694,45.80754167,397.9087,2027.573716,2.120350674,26.47347939,15.14285755,54.27550888,29.01020432,1.698756327,13.66309509,3.092603016,0.993371558,167.2147644,1623.65415,9,2.006966529286585
US_0004367,2011,2019.831478,340.1266667,730.3914429,5.277350517,303.8604858,-113.3132694,45.80754167,397.9087,2027.573716,2.120350674,26.47347939,15.14285755,54.27550888,29.01020432,1.698756327,14.24396801,3.119507837,0.971082117,165.9825012,16690.74353,9,1.8849090842047567
US_0004367,2012,2146.236211,334.7904762,730.2323853,5.277350517,297.8009644,-113.3132694,45.80754167,397.9087,2027.573716,2.120350674,26.47347939,15.14285755,54.27550888,29.01020432,1.698756327,14.36083279,3.14436903,0.936521399,165.9477783,35254.37854,9,1.8331779154334291
US_0004367,2013,1920.177636,335.1919048,726.3685791,5.277350517,305.9471558,-113.3132694,45.80754167,397.9087,2027.573716,2.120350674,26.47347939,15.14285755,54.27550888,29.01020432,1.698756327,14.00865021,3.113754034,0.937859351,166.1573059,52103.99456,9,2.0465282960105102
US_0004367,2014,1940.586745,345.7657143,736.3581055,5.277350517,303.7419128,-113.3132694,45.80754167,397.9087,2027.573716,2.120350674,26.47347939,15.14285755,54.27550888,29.01020432,1.698756327,13.45424538,3.127845383,0.931796777,166.0910736,68881.17195,9,1.7826542076407614
US_0004367,2015,1832.107513,322.5661905,761.6514404,5.277350517,293.5185791,-113.3132694,45.80754167,397.9087,2027.573716,2.120350674,26.47347939,15.14285755,54.27550888,29.01020432,1.698756327,13.18503914,3.111345339,0.945214648,166.6184143,90184.6375,9,1.8967056325069127
US_0004367,2016,1552.052179,316.8538095,782.0905029,5.277350517,298.7257141,-113.3132694,45.80754167,397.9087,2027.573716,2.120350674,26.47347939,15.14285755,54.27550888,29.01020432,1.698756327,12.59638863,3.074976206,0.95361687,167.4255188,97549.91094,9,2.1927536987852387
US_0004682,1995,381.37,623.95,855.6,7.131666946,506.6000244,-103.5979,44.2937,55.966,1729.861291,2.289805412,25.67308895,20.359375,40.40625,37.8125,2.16768,24.58600006,4.710499763,1.552283301,164.1680023,26081.98398,9,2.030711038792072
US_0004682,1996,485.37,640.07,844.85,7.131666946,500.4920166,-103.5979,44.2937,55.966,1729.861291,2.289805412,25.67308895,20.359375,40.40625,37.8125,2.16768,23.20633316,4.884999752,1.559379126,164.6696716,22965.47109,9,1.8898174883819812
US_0004682,1997,645.39,665.0,810.86,7.131666946,508.8160156,-103.5979,44.2937,55.966,1729.861291,2.289805412,25.67308895,20.359375,40.40625,37.8125,2.16768,25.04166641,4.818833351,1.57312915,165.0050049,19903.12949,9,1.9395316933271125
US_0004682,1998,733.4,674.21,825.37,7.131666946,514.8640259,-103.5979,44.2937,55.966,1729.861291,2.289805412,25.67308895,20.359375,40.40625,37.8125,2.16768,26.57500038,4.563333035,1.596864551,165.9310028,17553.71777,9,1.9199469269152727
US_0004682,1999,748.06,725.86,814.86,7.131666946,538.1440125,-103.5979,44.2937,55.966,1729.861291,2.289805412,25.67308895,20.359375,40.40625,37.8125,2.16768,29.97066803,4.875999928,1.60561665,165.5966705,14890.26016,9,1.9591968925777963
US_0004682,2000,661.86,695.39,852.25,7.131666946,524.4320068,-103.5979,44.2937,55.966,1729.861291,2.289805412,25.67308895,20.359375,40.40625,37.8125,2.16768,28.04866867,4.898333549,1.60416665,167.9396698,11999.18027,9,1.8516499449142945
US_0004682,2001,586.72,648.11,872.81,7.131666946,523.1600159,-103.5979,44.2937,55.966,1729.861291,2.289805412,25.67308895,20.359375,40.40625,37.8125,2.16768,26.9463356,4.654666424,1.6138604,168.8243378,11765.87578,9,2.033803843118779
US_0004682,2002,425.37,595.72,897.87,7.131666946,494.5840088,-103.5979,44.2937,55.966,1729.861291,2.289805412,25.67308895,20.359375,40.40625,37.8125,2.16768,25.15866928,4.797833443,1.606183301,170.4700043,11815.75586,9,1.9765278275877345
US_0004682,2003,322.69,545.61,919.12,7.131666946,451.5,-103.5979,44.2937,55.966,1729.861291,2.289805412,25.67308895,20.359375,40.40625,37.8125,2.16768,21.18000183,4.785999775,1.5958229,171.3180084,11893.42813,9,1.7682990071263298
US_0004682,2004,220.62,483.44,928.01,7.131666946,429.1559998,-103.5979,44.2937,55.966,1729.861291,2.289805412,25.67308895,20.359375,40.40625,37.8125,2.16768,15.91400127,4.784833431,1.579145801,172.0166748,11865.25039,9,2.007326199853174
US_0004682,2005,161.35,484.32,930.07,7.131666946,447.1279968,-103.5979,44.2937,55.966,1729.861291,2.289805412,25.67308895,20.359375,40.40625,37.8125,2.16768,15.30866718,4.891166687,1.582935376,171.8140076,11696.67344,9,2.3892493574539473
US_0004682,2006,190.68,474.67,942.97,7.131666946,438.871991,-103.5979,44.2937,55.966,1729.861291,2.289805412,25.67308895,20.359375,40.40625,37.8125,2.16768,15.24699993,4.863333702,1.578045801,172.2513397,11691.78984,9,2.336770822690922
US_0004682,2007,234.69,492.62,965.75,7.131666946,452.3719971,-103.5979,44.2937,55.966,1729.861291,2.289805412,25.67308895,20.359375,40.40625,37.8125,2.16768,15.34333324,4.92516613,1.601362476,172.0913391,11643.48652,9,2.2840063243900706
US_0004682,2008,323.58,534.12,957.24,7.131666946,483.1199829,-103.5979,44.2937,55.966,1729.861291,2.289805412,25.67308895,20.359375,40.40625,37.8125,2.16768,16.5739996,5.143999577,1.590606226,172.5746674,11888.01426,9,2.30617184084924
US_0004682,2009,425.37,588.28,933.7,7.131666946,502.6239807,-103.5979,44.2937,55.966,1729.861291,2.289805412,25.67308895,20.359375,40.40625,37.8125,2.16768,18.58699951,4.92800045,1.603779175,171.842334,12338.275,9,2.068190743619105
US_0004682,2010,528.04,609.84,918.72,7.131666946,508.1039734,-103.5979,44.2937,55.966,1729.861291,2.289805412,25.67308895,20.359375,40.40625,37.8125,2.16768,21.08499947,4.812832832,1.5864521,171.3543335,12757.98066,9,2.0001734976661254
US_0004682,2011,557.38,658.16,883.73,7.131666946,517.5719727,-103.5979,44.2937,55.966,1729.861291,2.289805412,25.67308895,20.359375,40.40625,37.8125,2.16768,23.09199982,4.946833134,1.573908374,169.9780029,13074.63164,9,1.8864762900539018
US_0004682,2012,529.49,638.48,912.64,7.131666946,508.1119629,-103.5979,44.2937,55.966,1729.861291,2.289805412,25.67308895,20.359375,40.40625,37.8125,2.16768,21.99233313,5.005999565,1.5362771,171.194339,13105.88027,9,1.8323189659356456
US_0004682,2013,498.71,630.2,892.47,7.131666946,493.5599731,-103.5979,44.2937,55.966,1729.861291,2.289805412,25.67308895,20.359375,40.40625,37.8125,2.16768,21.45166693,4.930333138,1.5161271,170.9440094,13228.84512,9,1.76812769595721
US_0004682,2014,557.38,639.22,897.48,7.131666946,511.6799927,-103.5979,44.2937,55.966,1729.861291,2.289805412,25.67308895,20.359375,40.40625,37.8125,2.16768,22.31166754,5.029500008,1.48336665,170.8810089,13447.80449,9,1.8970991131518506
US_0004682,2015,616.05,665.84,911.25,7.131666946,533.7319946,-103.5979,44.2937,55.966,1729.861291,2.289805412,25.67308895,20.359375,40.40625,37.8125,2.16768,21.34033461,4.780666351,1.52250415,170.778009,13538.84238,9,1.9561933229493722
US_0008016,1989,49.71990968,659.5857204,1081.391943,9.208166709,396.1662842,-121.2769099,39.98016347,4547.603,1638.904311,3.297681841,24.21902492,17.0859375,52.01220703,27.98681641,1.493255874,75.56299973,2.854993486,1.524259106,196.974939,10269.41582,9,0.9519231999781654
US_0008016,1990,43.79622466,651.6885591,1082.933643,9.208166709,405.2977234,-121.2769099,39.98016347,4547.603,1638.904311,3.297681841,24.21902492,17.0859375,52.01220703,27.98681641,1.493255874,73.98856125,2.844461584,1.53523916,196.0597595,10546.55059,9,0.9942501846672365
US_0008016,1991,24.99032992,615.2527742,1071.486426,9.208166709,404.4398376,-121.2769099,39.98016347,4547.603,1638.904311,3.297681841,24.21902492,17.0859375,52.01220703,27.98681641,1.493255874,72.41013412,2.823390627,1.533321558,196.6037781,10702.23164,9,1.055200494706436
US_0008016,1992,25.27733038,644.2368602,1077.410254,9.208166709,418.7902466,-121.2769099,39.98016347,4547.603,1638.904311,3.297681841,24.21902492,17.0859375,52.01220703,27.98681641,1.493255874,73.28410492,2.82568922,1.528799536,196.0179657,10752.75625,9,1.0612084310251058
US_0008016,1993,42.52047052,717.3302796,1052.269434,9.208166709,431.1475769,-121.2769099,39.98016347,4547.603,1638.904311,3.297681841,24.21902492,17.0859375,52.01220703,27.98681641,1.493255874,70.77049408,2.840585279,1.523268579,194.457019,10685.06035,9,1.0161389386672162
US_0008016,1994,34.98732112,700.4545806,1054.4948,9.208166709,400.8576416,-121.2769099,39.98016347,4547.603,1638.904311,3.297681841,24.21902492,17.0859375,52.01220703,27.98681641,1.493255874,68.80536346,2.838896036,1.524867114,194.5669098,10654.70645,9,0.9325570830849162
US_0008016,1995,124.5216464,852.3156559,1054.976074,9.208166709,412.6054199,-121.2769099,39.98016347,4547.603,1638.904311,3.297681841,24.21902492,17.0859375,52.01220703,27.98681641,1.493255874,73.03308868,2.888805676,1.513124072,192.4338257,10686.65117,9,0.8377772987278412
US_0008016,1996,165.7611546,941.3698495,1070.97937,9.208166709,428.5795349,-121.2769099,39.98016347,4547.603,1638.904311,3.297681841,24.21902492,17.0859375,52.01220703,27.98681641,1.493255874,78.62658081,2.954135036,1.511418823,191.1193481,10860.22676,9,0.8157934512153793
US_0008016,1997,217.3397892,945.9938495,1065.445166,9.208166709,439.285083,-121.2769099,39.98016347,4547.603,1638.904311,3.297681841,24.21902492,17.0859375,52.01220703,27.98681641,1.493255874,82.76187592,2.984644651,1.531645654,191.4391327,10996.6627,9,0.8401181803612324
US_0008016,1998,227.7121522,987.0954409,1054.572192,9.208166709,443.901001,-121.2769099,39.98016347,4547.603,1638.904311,3.297681841,24.21902492,17.0859375,52.01220703,27.98681641,1.493255874,88.02296143,2.985755777,1.526658545,188.3525665,11190.45605,9,0.833338328564156
US_0008016,1999,241.6196628,982.2780645,1052.707764,9.208166709,453.8555786,-121.2769099,39.98016347,4547.603,1638.904311,3.297681841,24.21902492,17.0859375,52.01220703,27.98681641,1.493255874,89.00313568,3.027161503,1.51835332,188.4978699,11341.35176,9,0.8597671328076472
US_0008016,2000,159.439664,902.4408602,1067.018945,9.208166709,454.316748,-121.2769099,39.98016347,4547.603,1638.904311,3.297681841,24.21902492,17.0859375,52.01220703,27.98681641,1.493255874,86.56351471,3.002851152,1.52363335,189.4846527,11525.59492,9,0.9038282586488008
US_0008016,2001,117.9806619,855.5974194,1077.352417,9.208166709,428.3961792,-121.2769099,39.98016347,4547.603,1638.904311,3.297681841,24.21902492,17.0859375,52.01220703,27.98681641,1.493255874,84.19774475,2.967170525,1.521974487,190.9002869,11679.83438,9,0.8650837906480121
US_0008016,2002,74.66677222,850.3164301,1089.904858,9.208166709,410.2203064,-121.2769099,39.98016347,4547.603,1638.904311,3.297681841,24.21902492,17.0859375,52.01220703,27.98681641,1.493255874,83.68831329,2.958605289,1.514660522,192.1447876,11978.88926,9,0.8186087214363533
US_0008016,2003,55.39561037,783.9257204,1128.013062,9.208166709,399.9512634,-121.2769099,39.98016347,4547.603,1638.904311,3.297681841,24.21902492,17.0859375,52.01220703,27.98681641,1.493255874,80.72973785,2.953029299,1.526121655,195.6217499,12164.14648,9,0.8238664173845098
US_0008016,2004,54.47267832,830.0742366,1139.544189,9.208166709,397.9894165,-121.2769099,39.98016347,4547.603,1638.904311,3.297681841,24.21902492,17.0859375,52.01220703,27.98681641,1.493255874,82.21758881,2.940178394,1.534248315,195.0796661,12349.4,9,0.7843650117053186
US_0008016,2005,69.17293187,878.4301075,1134.42832,9.208166709,401.6327698,-121.2769099,39.98016347,4547.603,1638.904311,3.297681841,24.21902492,17.0859375,52.01220703,27.98681641,1.493255874,84.6412735,2.954066563,1.546855347,194.3317871,12499.75645,9,0.7665736882999444
US_0008016,2006,132.3315638,881.688086,1111.322998,9.208166709,389.2196533,-121.2769099,39.98016347,4547.603,1638.904311,3.297681841,24.21902492,17.0859375,52.01220703,27.98681641,1.493255874,84.76101074,2.96117115,1.546358545,192.7162445,12669.38809,9,0.7465760313403971
US_0008016,2007,131.7729166,825.164172,1110.778784,9.208166709,394.7039978,-121.2769099,39.98016347,4547.603,1638.904311,3.297681841,24.21902492,17.0859375,52.01220703,27.98681641,1.493255874,80.7791832,2.977565432,1.566093066,192.6299988,12747.47578,9,0.7900386622185533
US_0008016,2008,129.1905556,766.5006452,1107.286816,9.208166709,377.6034485,-121.2769099,39.98016347,4547.603,1638.904311,3.297681841,24.21902492,17.0859375,52.01220703,27.98681641,1.493255874,77.1549675,3.007581568,1.554201001,194.8341187,12747.52305,9,0.7889122944457216
US_0008016,2009,127.9391801,729.6542366,1102.198193,9.208166709,390.5753174,-121.2769099,39.98016347,4547.603,1638.904311,3.297681841,24.21902492,17.0859375,52.01220703,27.98681641,1.493255874,74.20724106,3.005852556,1.544354395,194.2775635,12610.75742,9,0.8524134214322757
US_0008016,2010,120.3472477,721.7540645,1092.264233,9.208166709,388.423407,-121.2769099,39.98016347,4547.603,1638.904311,3.297681841,24.21902492,17.0859375,52.01220703,27.98681641,1.493255874,74.98283005,3.031412029,1.503748584,193.3841492,12382.87031,9,0.8573794653367948
US_0008016,2011,114.9674472,674.683957,1078.509546,9.208166709,406.7138977,-121.2769099,39.98016347,4547.603,1638.904311,3.297681841,24.21902492,17.0859375,52.01220703,27.98681641,1.493255874,75.24627609,3.03107481,1.509567188,193.2715027,12014.75996,9,0.9705052071242244
US_0008016,2012,146.8028339,751.231828,1073.56731,9.208166709,404.0694336,-121.2769099,39.98016347,4547.603,1638.904311,3.297681841,24.21902492,17.0859375,52.01220703,27.98681641,1.493255874,79.04533081,3.057957268,1.513821704,192.2427979,11542.61074,9,0.8834136773286713
US_0008016,2013,153.5176943,705.5326022,1072.088306,9.208166709,412.3924866,-121.2769099,39.98016347,4547.603,1638.904311,3.297681841,24.21902492,17.0859375,52.01220703,27.98681641,1.493255874,79.22100525,3.028444719,1.547715991,192.3164764,11236.60527,9,0.9555241132797336
US_0008016,2014,148.9060242,725.3492043,1095.372876,9.208166709,419.193988,-121.2769099,39.98016347,4547.603,1638.904311,3.297681841,24.21902492,17.0859375,52.01220703,27.98681641,1.493255874,78.35996857,3.015690994,1.579956152,192.4428101,10925.17109,9,0.9436988212327382
US_0008016,2015,145.627418,641.007914,1117.686963,9.208166709,409.9094299,-121.2769099,39.98016347,4547.603,1638.904311,3.297681841,24.21902492,17.0859375,52.01220703,27.98681641,1.493255874,75.37454529,2.951164818,1.654318604,195.1931122,10762.14824,9,1.0095550205933634
US_0008022,1993,667.6028532,1259.06,979.4400024,8.487820564,670.7000122,-121.4777494,40.02988234,16.52172,1840.057164,2.97224,21.82214646,13.8125,55.125,28.375,2.37072,230.5750031,2.879166555,1.761433374,191.744165,29.19352303,9,1.4053909270549814
US_0008022,1994,617.9579631,1243.69,981.3700073,8.487820564,649.4900024,-121.4777494,40.02988234,16.52172,1840.057164,2.97224,21.82214646,13.8125,55.125,28.375,2.37072,225.0999969,2.873333216,1.765987549,191.8733337,28.99172745,9,1.3280490512631142
US_0008022,1995,632.4295924,1515.91,984.1900146,8.487820564,647.6300171,-121.4777494,40.02988234,16.52172,1840.057164,2.97224,21.82214646,13.8125,55.125,28.375,2.37072,231.8366669,2.914833307,1.743516699,189.3949982,29.67682838,9,1.1397494203083014
US_0008022,1996,616.8109233,1657.44,1006.840015,8.487820564,668.5900024,-121.4777494,40.02988234,16.52172,1840.057164,2.97224,21.82214646,13.8125,55.125,28.375,2.37072,243.1383392,2.972249985,1.74355835,187.7941711,30.80780258,9,1.10975606173573
US_0008022,1997,602.2512343,1650.35,1006.500024,8.487820564,684.9300049,-121.4777494,40.02988234,16.52172,1840.057164,2.97224,21.82214646,13.8125,55.125,28.375,2.37072,250.9591797,2.996583271,1.754425024,188.2141754,39.78169861,9,1.1607234674194002
US_0008022,1998,612.3269529,1718.79,999.8500366,8.487820564,681.0600098,-121.4777494,40.02988234,16.52172,1840.057164,2.97224,21.82214646,13.8125,55.125,28.375,2.37072,256.248349,2.991833258,1.737716675,185.2000061,48.53879051,9,1.1288035706012187
US_0008022,1999,617.9484422,1703.22,999.660022,8.487820564,683.4400146,-121.4777494,40.02988234,16.52172,1840.057164,2.97224,21.82214646,13.8125,55.125,28.375,2.37072,256.6275177,3.037666559,1.732566675,185.2700073,55.58065834,9,1.142350749538476
US_0008022,2000,605.6576543,1564.76,1012.359998,8.487820564,697.5000122,-121.4777494,40.02988234,16.52172,1840.057164,2.97224,21.82214646,13.8125,55.125,28.375,2.37072,253.7758514,3.022083235,1.742879175,186.2700073,49.37092261,9,1.2348087456526906
US_0008022,2001,631.1173103,1527.11,1012.240002,8.487820564,672.8200073,-121.4777494,40.02988234,16.52172,1840.057164,2.97224,21.82214646,13.8125,55.125,28.375,2.37072,249.9208496,2.994499922,1.739062524,187.8175079,44.40120807,9,1.1759594209831377
US_0008022,2002,638.5351587,1518.5,1016.840002,8.487820564,642.1599976,-121.4777494,40.02988234,16.52172,1840.057164,2.97224,21.82214646,13.8125,55.125,28.375,2.37072,245.980011,2.986999941,1.73013335,189.0033447,30.1683394,9,1.0856283064998238
US_0008022,2003,635.9246811,1428.57,1049.969995,8.487820564,644.6599976,-121.4777494,40.02988234,16.52172,1840.057164,2.97224,21.82214646,13.8125,55.125,28.375,2.37072,238.9091797,2.977833319,1.760866675,192.5625092,15.5610106,9,1.1024260074755727
US_0008022,2004,657.1324308,1513.08,1065.350024,8.487820564,640.6500122,-121.4777494,40.02988234,16.52172,1840.057164,2.97224,21.82214646,13.8125,55.125,28.375,2.37072,241.7083466,2.970000029,1.748441675,192.2950104,2.368301249,9,1.0374561095112294
US_0008022,2005,681.8711633,1586.62,1060.480029,8.487820564,637.7900024,-121.4777494,40.02988234,16.52172,1840.057164,2.97224,21.82214646,13.8125,55.125,28.375,2.37072,244.6283417,2.987833357,1.744537524,191.555014,2.191509342,9,1.0050627364973985
US_0008022,2006,716.656562,1579.91,1042.490015,8.487820564,614.4000122,-121.4777494,40.02988234,16.52172,1840.057164,2.97224,21.82214646,13.8125,55.125,28.375,2.37072,242.4016785,2.993166685,1.712866675,189.7366791,0.478464031,9,0.9683308128598092
US_0008022,2007,716.4865258,1476.42,1042.12002,8.487820564,630.4900269,-121.4777494,40.02988234,16.52172,1840.057164,2.97224,21.82214646,13.8125,55.125,28.375,2.37072,235.8375092,3.00958333,1.740983325,189.5158417,0.0,9,1.0488341885081034
US_0008022,2008,704.1157437,1347.42,1033.540027,8.487820564,609.210022,-121.4777494,40.02988234,16.52172,1840.057164,2.97224,21.82214646,13.8125,55.125,28.375,2.37072,229.2341766,3.040166664,1.73787085,191.8291718,0.0,9,1.063328515526823
US_0008022,2009,674.2936414,1276.22,1023.490015,8.487820564,627.2200195,-121.4777494,40.02988234,16.52172,1840.057164,2.97224,21.82214646,13.8125,55.125,28.375,2.37072,226.0891785,3.039833307,1.745887524,191.1616669,0.059962916,9,1.1690374486289141
US_0008022,2010,649.8935086,1266.2,1015.140039,8.487820564,622.2500366,-121.4777494,40.02988234,16.52172,1840.057164,2.97224,21.82214646,13.8125,55.125,28.375,2.37072,227.486676,3.056916666,1.703075024,190.0966614,0.119944537,9,1.1692400745869425
US_0008022,2011,623.3545395,1161.19,998.8600586,8.487820564,645.8100464,-121.4777494,40.02988234,16.52172,1840.057164,2.97224,21.82214646,13.8125,55.125,28.375,2.37072,232.7833374,3.056916666,1.716379199,189.7974915,0.119944537,9,1.365705182342762
US_0008022,2012,629.3640728,1315.8,995.9600342,8.487820564,633.4800415,-121.4777494,40.02988234,16.52172,1840.057164,2.97224,21.82214646,13.8125,55.125,28.375,2.37072,240.2808411,3.078083372,1.735270874,188.5858215,0.149598897,9,1.1946776058647177
US_0008022,2013,609.9405408,1227.72,997.2400269,8.487820564,644.8200562,-121.4777494,40.02988234,16.52172,1840.057164,2.97224,21.82214646,13.8125,55.125,28.375,2.37072,239.1391693,3.05958333,1.775154199,188.9341614,0.22121231,9,1.3005252729324133
US_0008022,2014,600.7051425,1280.4,1026.880054,8.487820564,665.0800293,-121.4777494,40.02988234,16.52172,1840.057164,2.97224,21.82214646,13.8125,55.125,28.375,2.37072,233.2616669,3.038583279,1.849608398,188.9674988,0.161249393,9,1.2910991238661653
US_0008022,2015,583.9807678,1112.44,1054.670044,8.487820564,670.1800049,-121.4777494,40.02988234,16.52172,1840.057164,2.97224,21.82214646,13.8125,55.125,28.375,2.37072,228.1058411,2.977499866,1.996454199,192.4975037,0.101267773,9,1.4452996753957215
US_0008088,1991,23.04544573,895.14875,1044.472559,8.09145299,564.0593872,-120.4571437,38.85212708,365.0183,1910.253598,3.100533607,32.69882409,16.70624924,53.61562347,28.125,2.178021076,134.2821365,2.92910409,1.461743555,201.5142212,8582.077832,9,1.2953076163513728
US_0008088,1992,23.65036042,938.2975,1050.466309,8.09145299,576.9325195,-120.4571437,38.85212708,365.0183,1910.253598,3.100533607,32.69882409,16.70624924,53.61562347,28.125,2.178021076,135.3645325,2.93045826,1.465325244,200.91604,8641.137891,9,1.2817980152568473
US_0008088,1993,28.13618418,1036.555625,1032.286926,8.09145299,593.9562744,-120.4571437,38.85212708,365.0183,1910.253598,3.100533607,32.69882409,16.70624924,53.61562347,28.125,2.178021076,131.2831787,2.95450511,1.464622095,199.9505188,8594.793555,9,1.249393555378773
US_0008088,1994,25.07280683,1016.660625,1037.825061,8.09145299,567.6875244,-120.4571437,38.85212708,365.0183,1910.253598,3.100533607,32.69882409,16.70624924,53.61562347,28.125,2.178021076,130.1271881,2.961744738,1.465775415,199.7927094,8586.620508,9,1.1689859285535895
US_0008088,1995,27.88054769,1228.18875,1038.063147,8.09145299,570.7075317,-120.4571437,38.85212708,365.0183,1910.253598,3.100533607,32.69882409,16.70624924,53.61562347,28.125,2.178021076,136.6044281,3.004703093,1.450665625,197.6510925,8614.951758,9,1.0212556684223066
US_0008088,1996,31.84346484,1396.433125,1052.366907,8.09145299,574.781897,-120.4571437,38.85212708,365.0183,1910.253598,3.100533607,32.69882409,16.70624924,53.61562347,28.125,2.178021076,146.5457336,3.061755133,1.441580615,196.4409393,8766.87168,9,0.9406710018375086
US_0008088,1997,36.19366418,1406.3975,1051.528772,8.09145299,580.8137695,-120.4571437,38.85212708,365.0183,1910.253598,3.100533607,32.69882409,16.70624924,53.61562347,28.125,2.178021076,153.187088,3.097687483,1.45623269,197.2264099,8924.124219,9,0.9508913022211423
US_0008088,1998,36.45568807,1480.911875,1037.602539,8.09145299,580.4293945,-120.4571437,38.85212708,365.0183,1910.253598,3.100533607,32.69882409,16.70624924,53.61562347,28.125,2.178021076,160.5497437,3.092979193,1.4448,193.8597961,9146.666211,9,0.9315199221398159
US_0008088,1999,40.30829694,1500.7875,1036.658154,8.09145299,587.7081421,-120.4571437,38.85212708,365.0183,1910.253598,3.100533607,32.69882409,16.70624924,53.61562347,28.125,2.178021076,160.2029724,3.122875023,1.43546167,194.2494293,9295.624219,9,0.9411399898831493
US_0008088,2000,40.09970251,1385.488125,1050.176904,8.09145299,600.5081299,-120.4571437,38.85212708,365.0183,1910.253598,3.100533607,32.69882409,16.70624924,53.61562347,28.125,2.178021076,156.2075043,3.10314064,1.436606226,195.18396,9475.141211,9,1.0077094057720215
US_0008088,2001,36.37601796,1254.551875,1052.573755,8.09145299,569.9337585,-120.4571437,38.85212708,365.0183,1910.253598,3.100533607,32.69882409,16.70624924,53.61562347,28.125,2.178021076,150.2623444,3.065546894,1.436093726,196.713855,9599.289063,9,0.9938731182999215
US_0008088,2002,35.08646999,1250.024375,1055.403125,8.09145299,555.0037659,-120.4571437,38.85212708,365.0183,1910.253598,3.100533607,32.69882409,16.70624924,53.61562347,28.125,2.178021076,151.5075531,3.048114538,1.433408521,197.6432831,9785.237305,9,0.9575193684315714
US_0008088,2003,35.49045208,1127.525625,1081.64873,8.09145299,547.792511,-120.4571437,38.85212708,365.0183,1910.253598,3.100533607,32.69882409,16.70624924,53.61562347,28.125,2.178021076,147.5466125,3.036265516,1.43717915,200.9653137,9904.131055,9,0.9889367798159097
US_0008088,2004,34.95596079,1153.951875,1086.67373,8.09145299,537.9175171,-120.4571437,38.85212708,365.0183,1910.253598,3.100533607,32.69882409,16.70624924,53.61562347,28.125,2.178021076,151.9384888,3.027890491,1.434603906,200.7881836,10067.2334,9,0.9459139619780489
US_0008088,2005,35.12700848,1204.67625,1075.148145,8.09145299,534.088147,-120.4571437,38.85212708,365.0183,1910.253598,3.100533607,32.69882409,16.70624924,53.61562347,28.125,2.178021076,156.0175476,3.035984278,1.419558301,199.979538,10214.86113,9,0.9180211843536855
US_0008088,2006,38.19890712,1216.94125,1057.526904,8.09145299,523.1162781,-120.4571437,38.85212708,365.0183,1910.253598,3.100533607,32.69882409,16.70624924,53.61562347,28.125,2.178021076,156.9531738,3.036833239,1.40632019,198.0636505,10378.11387,9,0.898002292720694
US_0008088,2007,35.44646778,1140.65,1056.927539,8.09145299,532.4012756,-120.4571437,38.85212708,365.0183,1910.253598,3.100533607,32.69882409,16.70624924,53.61562347,28.125,2.178021076,150.0161942,3.044025993,1.419739331,198.3635468,10470.13867,9,0.9585190440827039
US_0008088,2008,32.20644528,1068.510625,1056.415039,8.09145299,508.9506531,-120.4571437,38.85212708,365.0183,1910.253598,3.100533607,32.69882409,16.70624924,53.61562347,28.125,2.178021076,143.0014572,3.075744724,1.429304956,200.7569305,10446.55684,9,0.941824180854145
US_0008088,2009,31.11798398,1034.55,1049.10752,8.09145299,527.2056396,-120.4571437,38.85212708,365.0183,1910.253598,3.100533607,32.69882409,16.70624924,53.61562347,28.125,2.178021076,138.734166,3.081666565,1.44387832,199.8866119,10240.87773,9,1.017698369461637
US_0008088,2010,29.88336378,1056.048125,1049.792505,8.09145299,525.7475098,-120.4571437,38.85212708,365.0183,1910.253598,3.100533607,32.69882409,16.70624924,53.61562347,28.125,2.178021076,141.5287003,3.110817528,1.448876465,199.4337982,9969.083203,9,0.9980622403969004
US_0008088,2011,29.29476504,998.0,1040.308765,8.09145299,545.9475098,-120.4571437,38.85212708,365.0183,1910.253598,3.100533607,32.69882409,16.70624924,53.61562347,28.125,2.178021076,141.5159927,3.121598768,1.482254395,199.8051544,9577.423633,9,1.1112566070416539
US_0008088,2012,29.62995783,1099.319375,1045.78938,8.09145299,541.4050049,-120.4571437,38.85212708,365.0183,1910.253598,3.100533607,32.69882409,16.70624924,53.61562347,28.125,2.178021076,145.6821381,3.144400835,1.508105688,198.4207275,9097.098828,9,1.0148520448445861
US_0008088,2013,30.69070971,1037.53875,1051.98689,8.09145299,556.1081299,-120.4571437,38.85212708,365.0183,1910.253598,3.100533607,32.69882409,16.70624924,53.61562347,28.125,2.178021076,147.349118,3.118630028,1.557357739,198.3237518,8727.816211,9,1.0993049125114618
US_0008088,2014,29.46161624,1050.085,1080.686304,8.09145299,563.888147,-120.4571437,38.85212708,365.0183,1910.253598,3.100533607,32.69882409,16.70624924,53.61562347,28.125,2.178021076,145.5002106,3.096817589,1.592411475,198.6427643,8413.496484,9,1.0898186278869302
US_0008088,2015,32.1355036,911.144375,1097.468799,8.09145299,565.1900269,-120.4571437,38.85212708,365.0183,1910.253598,3.100533607,32.69882409,16.70624924,53.61562347,28.125,2.178021076,141.2053162,3.031661415,1.645869189,200.5753204,8140.072461,9,1.2262127648047096
US_0008182,1997,399.1945514,626.2072,846.1119995,6.465331347,409.9096008,-120.988042,42.50153908,180.3416,1966.054301,2.673862999,19.71181235,8.618749619,71.34375,19.36874962,0.813543379,59.95000153,3.384113455,1.17581958,177.3514099,4213.625049,9,1.2370944691276191
US_0008182,1998,397.2309832,648.0336,844.976001,6.465331347,395.5264038,-120.988042,42.50153908,180.3416,1966.054301,2.673862999,19.71181235,8.618749619,71.34375,19.36874962,0.813543379,65.01520157,3.426153517,1.181782959,175.606012,4411.786133,9,1.1242381281406535
US_0008182,1999,446.6338676,662.212,824.7992188,6.465331347,405.5240051,-120.988042,42.50153908,180.3416,1966.054301,2.673862999,19.71181235,8.618749619,71.34375,19.36874962,0.813543379,70.1070694,3.479820108,1.17892085,175.5234802,4609.67998,9,1.1685653426513596
US_0008182,2000,418.6695363,621.7688,835.0424194,6.465331347,394.478418,-120.988042,42.50153908,180.3416,1966.054301,2.673862999,19.71181235,8.618749619,71.34375,19.36874962,0.813543379,64.62506866,3.427573395,1.180955859,176.7976807,4761.710254,9,1.1753307398684354
US_0008182,2001,360.3427515,547.8544,840.0472412,6.465331347,371.7256042,-120.988042,42.50153908,180.3416,1966.054301,2.673862999,19.71181235,8.618749619,71.34375,19.36874962,0.813543379,59.18093567,3.359746647,1.185201685,177.7652161,4858.697754,9,1.206914335059804
US_0008182,2002,333.6363144,519.852,859.897644,6.465331347,346.2959961,-120.988042,42.50153908,180.3416,1966.054301,2.673862999,19.71181235,8.618749619,71.34375,19.36874962,0.813543379,56.63420181,3.360679865,1.182409155,179.808017,4932.38877,9,1.1123864460421222
US_0008182,2003,293.6513969,468.1504,889.6624512,6.465331347,342.883197,-120.988042,42.50153908,180.3416,1966.054301,2.673862999,19.71181235,8.618749619,71.34375,19.36874962,0.813543379,53.66440353,3.346126461,1.186523706,182.4220795,4943.577344,9,1.2129813997440828
US_0008182,2004,253.4765582,487.052,902.7472656,6.465331347,355.0271973,-120.988042,42.50153908,180.3416,1966.054301,2.673862999,19.71181235,8.618749619,71.34375,19.36874962,0.813543379,51.26200256,3.284466457,1.213099146,181.563681,4930.915723,9,1.220446570199505
US_0008182,2005,249.4683298,509.7224,895.2272583,6.465331347,351.8007996,-120.988042,42.50153908,180.3416,1966.054301,2.673862999,19.71181235,8.618749619,71.34375,19.36874962,0.813543379,55.01573639,3.282066441,1.231608325,180.5900787,4944.374121,9,1.140127686416557
US_0008182,2006,307.7803865,516.7,885.9680542,6.465331347,350.0544067,-120.988042,42.50153908,180.3416,1966.054301,2.673862999,19.71181235,8.618749619,71.34375,19.36874962,0.813543379,60.67666931,3.320766497,1.24022959,180.2829407,4956.203809,9,1.1200005550592729
US_0008182,2007,311.5977819,524.9792,884.336853,6.465331347,368.9824036,-120.988042,42.50153908,180.3416,1966.054301,2.673862999,19.71181235,8.618749619,71.34375,19.36874962,0.813543379,60.68160248,3.318173218,1.250235889,179.4899384,4932.233496,9,1.2099224639620751
US_0008182,2008,318.217092,497.86,880.4464478,6.465331347,362.0120056,-120.988042,42.50153908,180.3416,1966.054301,2.673862999,19.71181235,8.618749619,71.34375,19.36874962,0.813543379,55.86893387,3.341059971,1.242858398,180.8257385,4821.753906,9,1.2513996382752475
US_0008182,2009,329.103571,461.6312,873.4104248,6.465331347,349.4880066,-120.988042,42.50153908,180.3416,1966.054301,2.673862999,19.71181235,8.618749619,71.34375,19.36874962,0.813543379,53.57446671,3.362373304,1.209052148,181.0414032,4660.82627,9,1.3009201274914053
US_0008182,2010,318.5194973,446.9776,855.8792358,6.465331347,358.1559998,-120.988042,42.50153908,180.3416,1966.054301,2.673862999,19.71181235,8.618749619,71.34375,19.36874962,0.813543379,53.07113419,3.426346636,1.155560889,179.8160034,4534.948242,9,1.4697932975697077
US_0008182,2011,329.6823126,460.6416,830.7440308,6.465331347,360.9512024,-120.988042,42.50153908,180.3416,1966.054301,2.673862999,19.71181235,8.618749619,71.34375,19.36874962,0.813543379,50.8534668,3.4008533,1.124662549,179.2061401,4382.936719,9,1.451734555749483
US_0008182,2012,343.779076,505.8088,825.9816284,6.465331347,359.0375977,-120.988042,42.50153908,180.3416,1966.054301,2.673862999,19.71181235,8.618749619,71.34375,19.36874962,0.813543379,50.30113525,3.450786686,1.10849668,178.3062073,4209.335742,9,1.2587026272140847
US_0008417,1992,55.34120546,328.2561905,796.9503418,5.18022775,301.3241211,-112.76735,46.20824167,1235.968,1941.929935,2.957405292,23.80959543,18.42447853,48.640625,31.45486069,1.817389022,11.89228859,3.302015829,0.904529761,157.3424194,8743.299414,9,1.9333155268782698
US_0008417,1993,75.16227993,369.8693651,751.7930054,5.18022775,340.0299988,-112.76735,46.20824167,1235.968,1941.929935,2.957405292,23.80959543,18.42447853,48.640625,31.45486069,1.817389022,13.75719547,3.239367723,0.902642822,153.8165161,9051.667773,9,2.227118074212564
US_0008417,1994,76.76980893,352.6868254,775.2604614,5.18022775,323.380957,-112.76735,46.20824167,1235.968,1941.929935,2.957405292,23.80959543,18.42447853,48.640625,31.45486069,1.817389022,12.77507915,3.223538446,0.906077307,156.5953918,9303.008203,9,2.066719488010039
US_0008417,1995,91.70271592,383.9484127,764.2802979,5.18022775,345.5830261,-112.76735,46.20824167,1235.968,1941.929935,2.957405292,23.80959543,18.42447853,48.640625,31.45486069,1.817389022,13.91384926,3.202074051,0.905742261,156.1732208,9451.439453,9,2.059934762680203
US_0008417,1996,106.7803645,384.487619,772.3315674,5.18022775,342.484137,-112.76735,46.20824167,1235.968,1941.929935,2.957405292,23.80959543,18.42447853,48.640625,31.45486069,1.817389022,15.07883606,3.229443073,0.908885315,158.0368835,9749.490039,9,1.9610339174621803
US_0008417,1997,141.3577661,402.8160317,740.3258545,5.18022775,356.0123901,-112.76735,46.20824167,1235.968,1941.929935,2.957405292,23.80959543,18.42447853,48.640625,31.45486069,1.817389022,16.30079346,3.256842518,0.911236926,158.3796417,10155.89063,9,2.0471009299644916
US_0008417,1998,141.5033078,390.5169841,756.5157227,5.18022775,337.3374756,-112.76735,46.20824167,1235.968,1941.929935,2.957405292,23.80959543,18.42447853,48.640625,31.45486069,1.817389022,15.62289696,3.257111025,0.9142646,160.5188538,10356.47305,9,1.8068234847296127
US_0008417,1999,146.6646531,386.0825397,737.7890625,5.18022775,340.7203247,-112.76735,46.20824167,1235.968,1941.929935,2.957405292,23.80959543,18.42447853,48.640625,31.45486069,1.817389022,16.44173298,3.295118999,0.90896322,160.8057007,10676.02578,9,1.9700571628761272
US_0008417,2000,129.8042501,347.8268254,756.1419189,5.18022775,309.577301,-112.76735,46.20824167,1235.968,1941.929935,2.957405292,23.80959543,18.42447853,48.640625,31.45486069,1.817389022,14.80337315,3.285341167,0.902146765,163.1038788,11258.48887,9,1.841615304516799
US_0008417,2001,111.4700277,337.3592063,771.8765137,5.18022775,314.9477783,-112.76735,46.20824167,1235.968,1941.929935,2.957405292,23.80959543,18.42447853,48.640625,31.45486069,1.817389022,13.26369076,3.254690409,0.903607764,164.1012756,11729.23984,9,2.1935437291695044
US_0008417,2002,82.45117925,324.3634921,782.4703125,5.18022775,300.703009,-112.76735,46.20824167,1235.968,1941.929935,2.957405292,23.80959543,18.42447853,48.640625,31.45486069,1.817389022,11.51049023,3.258879566,0.904636926,165.9333771,11957.41074,9,2.034908497292258
US_0008417,2003,75.32229567,305.3161905,805.8985596,5.18022775,281.6415649,-112.76735,46.20824167,1235.968,1941.929935,2.957405292,23.80959543,18.42447853,48.640625,31.45486069,1.817389022,11.3991806,3.292040968,0.894223962,167.4751587,12238.3625,9,1.869653951306954
US_0008417,2004,64.98296804,322.8253968,808.4872925,5.18022775,295.5353882,-112.76735,46.20824167,1235.968,1941.929935,2.957405292,23.80959543,18.42447853,48.640625,31.45486069,1.817389022,10.88695812,3.267116356,0.899855322,165.9393158,12570.65195,9,1.870225522722377
US_0008417,2005,71.52861831,342.4212698,798.8111084,5.18022775,307.9420532,-112.76735,46.20824167,1235.968,1941.929935,2.957405292,23.80959543,18.42447853,48.640625,31.45486069,1.817389022,11.32968254,3.269145489,0.909030908,164.846167,12629.94941,9,1.8230531398190146
US_0008417,2006,77.03725027,352.5033333,793.7584229,5.18022775,314.3599915,-112.76735,46.20824167,1235.968,1941.929935,2.957405292,23.80959543,18.42447853,48.640625,31.45486069,1.817389022,13.08969536,3.308977556,0.907226392,164.5210175,12800.79063,9,1.809314988815235
US_0008417,2007,81.84194164,357.377619,822.8809692,5.18022775,316.9179382,-112.76735,46.20824167,1235.968,1941.929935,2.957405292,23.80959543,18.42447853,48.640625,31.45486069,1.817389022,13.86892796,3.334212971,0.911242126,164.6438751,13206.19805,9,1.745159637729035
US_0008417,2008,88.41378612,358.1320635,814.0324219,5.18022775,323.8533447,-112.76735,46.20824167,1235.968,1941.929935,2.957405292,23.80959543,18.42447853,48.640625,31.45486069,1.817389022,13.14199696,3.381386232,0.902824524,164.4068665,13539.77012,9,1.8981779218789134
US_0008417,2009,107.2508857,356.3998413,808.0370117,5.18022775,321.6882568,-112.76735,46.20824167,1235.968,1941.929935,2.957405292,23.80959543,18.42447853,48.640625,31.45486069,1.817389022,13.77141514,3.399052906,0.885720239,165.4695343,13652.14492,9,1.8872448604831658
US_0008417,2010,118.0055874,367.4685714,795.0541382,5.18022775,326.8133423,-112.76735,46.20824167,1235.968,1941.929935,2.957405292,23.80959543,18.42447853,48.640625,31.45486069,1.817389022,14.19228821,3.396218252,0.863257495,165.2522827,13641.73105,9,1.842780445157036
US_0008417,2011,144.1528897,378.0277778,771.2778076,5.18022775,328.0285767,-112.76735,46.20824167,1235.968,1941.929935,2.957405292,23.80959543,18.42447853,48.640625,31.45486069,1.817389022,14.38616409,3.425781727,0.848268945,163.9284393,13509.925,9,1.7637578393520454
US_0008417,2012,147.4815024,372.4649206,769.7487915,5.18022775,322.0607971,-112.76735,46.20824167,1235.968,1941.929935,2.957405292,23.80959543,18.42447853,48.640625,31.45486069,1.817389022,14.83207684,3.453951073,0.830701611,164.1572601,13212.70176,9,1.727011836890633
US_0008417,2013,136.9745341,368.8306349,762.3387573,5.18022775,325.9431763,-112.76735,46.20824167,1235.968,1941.929935,2.957405292,23.80959543,18.42447853,48.640625,31.45486069,1.817389022,14.90064812,3.42249198,0.841697681,164.3912048,13002.75723,9,1.8617989857986568
US_0008417,2014,131.0812864,381.617619,767.1540039,5.18022775,326.947937,-112.76735,46.20824167,1235.968,1941.929935,2.957405292,23.80959543,18.42447853,48.640625,31.45486069,1.817389022,14.64809532,3.434148026,0.847622681,164.1258026,12877.29004,9,1.7108467349308851
US_0008417,2015,124.5170646,359.2874603,792.2297363,5.18022775,318.8530151,-112.76735,46.20824167,1235.968,1941.929935,2.957405292,23.80959543,18.42447853,48.640625,31.45486069,1.817389022,14.55734138,3.418081999,0.867479065,164.2896698,12725.07461,9,1.8034550091644068
US_0008427,1997,120.0304635,407.9892414,753.0649292,5.373163028,357.8121521,-113.3307806,46.71191389,6436.993,1808.343279,2.625170046,22.29148646,19.30769157,46.85352707,32.29711533,1.697347097,15.04900475,3.284271145,1.017854663,158.0800934,7692.887109,9,1.981173017607817
US_0008427,1998,120.8274896,393.3612138,770.6075562,5.373163028,339.0390137,-113.3307806,46.71191389,6436.993,1808.343279,2.625170046,22.29148646,19.30769157,46.85352707,32.29711533,1.697347097,14.65528507,3.285906363,1.02036947,160.2948242,7750.363379,9,1.7782113794082037
US_0008427,1999,124.8386444,389.3169655,751.9848999,5.373163028,343.3592041,-113.3307806,46.71191389,6436.993,1808.343279,2.625170046,22.29148646,19.30769157,46.85352707,32.29711533,1.697347097,15.73655605,3.325649786,1.014840759,160.6133545,7862.671094,9,1.9483722879120196
US_0008427,2000,113.9489161,353.7134621,772.1758789,5.373163028,313.6646973,-113.3307806,46.71191389,6436.993,1808.343279,2.625170046,22.29148646,19.30769157,46.85352707,32.29711533,1.697347097,14.06772165,3.318670654,1.007030457,163.0011444,8125.513379,9,1.8112562340267553
US_0008427,2001,101.8110909,341.1366069,788.4897949,5.373163028,319.5121704,-113.3307806,46.71191389,6436.993,1808.343279,2.625170046,22.29148646,19.30769157,46.85352707,32.29711533,1.697347097,12.6167079,3.29191761,1.008536914,164.0698822,8344.316406,9,2.2160807956766604
US_0008427,2002,80.66179217,330.5712,799.0119141,5.373163028,308.0689636,-113.3307806,46.71191389,6436.993,1808.343279,2.625170046,22.29148646,19.30769157,46.85352707,32.29711533,1.697347097,11.07969885,3.295992565,1.009694824,165.8095276,8425.317578,9,2.0870579229777855
US_0008427,2003,74.24815896,311.6304828,821.5925537,5.373163028,287.2457947,-113.3307806,46.71191389,6436.993,1808.343279,2.625170046,22.29148646,19.30769157,46.85352707,32.29711533,1.697347097,10.84248037,3.330886936,1.00088269,167.2906006,8579.068555,9,1.8644934118727154
US_0008427,2004,68.17767752,329.0594207,824.4120361,5.373163028,300.8951538,-113.3307806,46.71191389,6436.993,1808.343279,2.625170046,22.29148646,19.30769157,46.85352707,32.29711533,1.697347097,10.21722536,3.302617741,1.018842175,165.7192505,8797.285547,9,1.8603678520143896
US_0008427,2005,76.25730358,348.4909517,814.1171265,5.373163028,314.2688599,-113.3307806,46.71191389,6436.993,1808.343279,2.625170046,22.29148646,19.30769157,46.85352707,32.29711533,1.697347097,10.81428738,3.304429722,1.035195422,164.6266266,8866.771094,9,1.84132340717742
US_0008427,2006,78.54582553,359.6961103,809.0759033,5.373163028,320.8324158,-113.3307806,46.71191389,6436.993,1808.343279,2.625170046,22.29148646,19.30769157,46.85352707,32.29711533,1.697347097,12.40661621,3.342368364,1.034158276,164.2798035,12096.68711,9,1.8119256501215815
US_0008427,2007,83.40471344,362.5190621,839.6058716,5.373163028,322.5369751,-113.3307806,46.71191389,6436.993,1808.343279,2.625170046,22.29148646,19.30769157,46.85352707,32.29711533,1.697347097,13.17450581,3.369005346,1.040834241,164.4832581,15752.66387,9,1.7591333364160135
US_0008427,2008,87.15105636,365.7904828,830.1870605,5.373163028,332.421582,-113.3307806,46.71191389,6436.993,1808.343279,2.625170046,22.29148646,19.30769157,46.85352707,32.29711533,1.697347097,12.69991951,3.415947533,1.033298083,164.2733582,19333.91992,9,1.9400538108550618
US_0008427,2009,100.5791671,360.7184,823.494165,5.373163028,326.8004761,-113.3307806,46.71191389,6436.993,1808.343279,2.625170046,22.29148646,19.30769157,46.85352707,32.29711533,1.697347097,13.18460464,3.434270525,1.002103516,165.4415283,22784.61152,9,1.9069085202246432
US_0008427,2010,105.1031657,370.6732414,811.4300537,5.373163028,331.7674866,-113.3307806,46.71191389,6436.993,1808.343279,2.625170046,22.29148646,19.30769157,46.85352707,32.29711533,1.697347097,13.4977314,3.429924059,0.970399292,165.1931091,23105.79648,9,1.8719900967782657
US_0008427,2011,125.2152875,380.3649379,787.280957,5.373163028,331.8444519,-113.3307806,46.71191389,6436.993,1808.343279,2.625170046,22.29148646,19.30769157,46.85352707,32.29711533,1.697347097,13.5749752,3.460476875,0.949241528,163.8797394,22867.04688,9,1.7772777865162808
US_0008427,2012,127.0608,378.0555586,785.5436768,5.373163028,326.3931091,-113.3307806,46.71191389,6436.993,1808.343279,2.625170046,22.29148646,19.30769157,46.85352707,32.29711533,1.697347097,13.96507893,3.487442207,0.925993982,164.054303,22908.90977,9,1.7117253201652873
US_0008427,2013,117.4757067,371.7766897,778.2999268,5.373163028,328.6594238,-113.3307806,46.71191389,6436.993,1808.343279,2.625170046,22.29148646,19.30769157,46.85352707,32.29711533,1.697347097,14.04197559,3.45547204,0.933300928,164.2797607,22713.14805,9,1.846409741126661
US_0008427,2014,112.7080107,387.8097379,782.7218506,5.373163028,330.6215759,-113.3307806,46.71191389,6436.993,1808.343279,2.625170046,22.29148646,19.30769157,46.85352707,32.29711533,1.697347097,13.88985367,3.466230869,0.938755908,163.9014282,22472.5043,9,1.679896979416807
US_0008427,2015,106.3424373,366.3223724,808.0884521,5.373163028,321.852417,-113.3307806,46.71191389,6436.993,1808.343279,2.625170046,22.29148646,19.30769157,46.85352707,32.29711533,1.697347097,13.99715233,3.451752949,0.955110229,164.080661,26126.00742,9,1.7396369659440867
US_0008433,2001,337.9247142,458.4495556,774.4471436,5.605183748,387.6510925,-113.092186,46.9794944,818.1165,1871.84354,3.691758555,20.42030709,17.96125031,45.625,34.41249847,1.651521414,21.76870422,3.809414577,1.05853335,161.8028564,1825.234033,9,1.8857169193070502
US_0008433,2002,397.8339872,456.6037778,777.9253662,5.605183748,386.1777771,-113.092186,46.9794944,818.1165,1871.84354,3.691758555,20.42030709,17.96125031,45.625,34.41249847,1.651521414,21.61935196,3.813105488,1.060373022,163.1076721,1800.001611,9,1.8731566493969618
US_0008433,2003,394.5417499,427.5937778,798.0624878,5.605183748,363.3735596,-113.092186,46.9794944,818.1165,1871.84354,3.691758555,20.42030709,17.96125031,45.625,34.41249847,1.651521414,20.62233353,3.856394386,1.049116663,164.3181183,1784.490039,9,1.7642148446343042
US_0008433,2004,370.955876,446.9846667,798.3484863,5.605183748,374.1682251,-113.092186,46.9794944,818.1165,1871.84354,3.691758555,20.42030709,17.96125031,45.625,34.41249847,1.651521414,20.31416702,3.813401699,1.054343665,162.5345459,1795.276978,9,1.7441527895774007
US_0008433,2005,365.2940287,467.4548889,788.4775757,5.605183748,384.8517883,-113.092186,46.9794944,818.1165,1871.84354,3.691758555,20.42030709,17.96125031,45.625,34.41249847,1.651521414,21.06679649,3.81459074,1.07425531,161.4150085,1767.801929,9,1.7400977983518968
US_0008433,2006,398.8889154,488.0722222,781.8013428,5.605183748,385.6129089,-113.092186,46.9794944,818.1165,1871.84354,3.691758555,20.42030709,17.96125031,45.625,34.41249847,1.651521414,21.51698151,3.844427681,1.079900305,160.9666016,1733.298315,9,1.6223927604074682
US_0008433,2007,378.2627441,478.4753333,814.4211304,5.605183748,377.4444641,-113.092186,46.9794944,818.1165,1871.84354,3.691758555,20.42030709,17.96125031,45.625,34.41249847,1.651521414,21.60740776,3.877131271,1.089710291,161.5325287,1748.796948,9,1.5399095490019128
US_0008433,2008,400.7362978,495.4393333,805.0273438,5.605183748,393.5451355,-113.092186,46.9794944,818.1165,1871.84354,3.691758555,20.42030709,17.96125031,45.625,34.41249847,1.651521414,21.61859245,3.924242401,1.077371643,161.4154541,1768.354492,9,1.6261087942813925
US_0008433,2009,413.379611,477.6853333,800.4868896,5.605183748,375.9691345,-113.092186,46.9794944,818.1165,1871.84354,3.691758555,20.42030709,17.96125031,45.625,34.41249847,1.651521414,21.40366669,3.945920134,1.051751636,163.1026367,1751.513208,9,1.5497344427551203
US_0008433,2010,404.4039506,487.9457778,787.2493408,5.605183748,377.9920166,-113.092186,46.9794944,818.1165,1871.84354,3.691758555,20.42030709,17.96125031,45.625,34.41249847,1.651521414,21.40572243,3.93515892,1.011912329,162.7171326,1775.808203,9,1.5350405034642696
US_0008433,2011,459.922514,492.8246667,766.5215576,5.605183748,369.7762329,-113.092186,46.9794944,818.1165,1871.84354,3.691758555,20.42030709,17.96125031,45.625,34.41249847,1.651521414,21.07381477,3.970718241,0.980457666,161.4355957,1828.680493,9,1.4655018261761805
US_0008433,2012,483.2604881,510.4231111,764.4793457,5.605183748,372.7069031,-113.092186,46.9794944,818.1165,1871.84354,3.691758555,20.42030709,17.96125031,45.625,34.41249847,1.651521414,21.52912979,3.993251657,0.954190027,161.3780579,1839.500537,9,1.4208717973650067
US_0008433,2013,456.9492276,490.8784444,755.4695679,5.605183748,369.8355652,-113.092186,46.9794944,818.1165,1871.84354,3.691758555,20.42030709,17.96125031,45.625,34.41249847,1.651521414,21.93251953,3.958462811,0.970023364,161.5795044,1823.181909,9,1.4918341798617543
US_0008433,2014,466.7439871,526.3064444,759.4044678,5.605183748,378.1848999,-113.092186,46.9794944,818.1165,1871.84354,3.691758555,20.42030709,17.96125031,45.625,34.41249847,1.651521414,22.20624161,3.964979601,0.969290369,160.6879456,1832.602734,9,1.413627305797931
US_0008433,2015,486.312542,500.4851111,784.7755859,5.605183748,366.5644592,-113.092186,46.9794944,818.1165,1871.84354,3.691758555,20.42030709,17.96125031,45.625,34.41249847,1.651521414,21.80466766,3.957640696,0.980430676,160.938797,1828.125806,9,1.3809541441116555
US_0008441,1991,324.5294933,350.309645,762.1867676,5.897489829,307.5490173,-114.1237667,46.4432,4674.635,1874.471622,3.939773502,22.75638231,19.01846123,45.97442245,32.55807877,1.625225351,14.10212078,2.686448669,1.056266113,160.1924408,2067.660376,9,1.7519221906435252
US_0008441,1992,325.7084799,354.1564497,763.934082,5.897489829,312.7818848,-114.1237667,46.4432,4674.635,1874.471622,3.939773502,22.75638231,19.01846123,45.97442245,32.55807877,1.625225351,14.79561672,2.69242425,1.049780835,159.1819427,2077.340845,9,1.8001320722117178
US_0008441,1993,341.4781625,383.3639645,724.3551025,5.897489829,340.0262634,-114.1237667,46.4432,4674.635,1874.471622,3.939773502,22.75638231,19.01846123,45.97442245,32.55807877,1.625225351,15.49828663,2.637401819,1.04219563,156.0339294,2096.322876,9,2.027172662552408
US_0008441,1994,321.251025,368.6400888,743.8141968,5.897489829,327.5995789,-114.1237667,46.4432,4674.635,1874.471622,3.939773502,22.75638231,19.01846123,45.97442245,32.55807877,1.625225351,14.74238663,2.628395891,1.039724927,158.3609802,2119.915649,9,1.9365954030954327
US_0008441,1995,323.9804692,399.8234911,733.4547241,5.897489829,344.2634583,-114.1237667,46.4432,4674.635,1874.471622,3.939773502,22.75638231,19.01846123,45.97442245,32.55807877,1.625225351,15.89683647,2.622052717,1.039721899,158.0899292,2161.701929,9,1.866710541287021
US_0008441,1996,387.1331025,410.6457692,741.0532837,5.897489829,342.1876953,-114.1237667,46.4432,4674.635,1874.471622,3.939773502,22.75638231,19.01846123,45.97442245,32.55807877,1.625225351,17.37465458,2.663086462,1.04197417,159.3809631,2218.628809,9,1.7066617570898979
US_0008441,1997,466.5932073,427.57,713.6469849,5.897489829,347.3231445,-114.1237667,46.4432,4674.635,1874.471622,3.939773502,22.75638231,19.01846123,45.97442245,32.55807877,1.625225351,17.68026619,2.703187799,1.042224219,159.2570862,2288.153467,9,1.6896977870849947
US_0008441,1998,433.4475756,431.6248521,729.4534302,5.897489829,338.2087036,-114.1237667,46.4432,4674.635,1874.471622,3.939773502,22.75638231,19.01846123,45.97442245,32.55807877,1.625225351,18.04550056,2.705400324,1.046737793,160.9512512,2339.507861,9,1.522768496807867
US_0008441,1999,415.0466576,427.2105621,712.6443481,5.897489829,341.5273438,-114.1237667,46.4432,4674.635,1874.471622,3.939773502,22.75638231,19.01846123,45.97442245,32.55807877,1.625225351,19.37393761,2.745491552,1.043772925,161.3183319,2400.1104,9,1.618879759445589
US_0008441,2000,347.0858224,390.1290237,731.4319336,5.897489829,318.7751526,-114.1237667,46.4432,4674.635,1874.471622,3.939773502,22.75638231,19.01846123,45.97442245,32.55807877,1.625225351,18.41240692,2.738206291,1.036124341,163.7380524,2454.890283,9,1.5692105614015592
US_0008441,2001,221.0328046,371.9268343,742.688269,5.897489829,328.1504761,-114.1237667,46.4432,4674.635,1874.471622,3.939773502,22.75638231,19.01846123,45.97442245,32.55807877,1.625225351,16.92593231,2.701878643,1.03752124,164.9146088,2513.720752,9,1.9003651029082458
US_0008441,2002,181.876487,356.3427515,752.7741577,5.897489829,318.3999756,-114.1237667,46.4432,4674.635,1874.471622,3.939773502,22.75638231,19.01846123,45.97442245,32.55807877,1.625225351,16.1731657,2.707534695,1.038933838,166.9296173,2568.012646,9,1.9092978009939918
US_0008441,2003,241.4496641,337.0140237,775.2740356,5.897489829,296.5368713,-114.1237667,46.4432,4674.635,1874.471622,3.939773502,22.75638231,19.01846123,45.97442245,32.55807877,1.625225351,15.65961819,2.743028545,1.033353125,168.8664978,2627.504004,9,1.698976377388855
US_0008441,2004,235.2204633,357.6890533,777.6731445,5.897489829,312.4542297,-114.1237667,46.4432,4674.635,1874.471622,3.939773502,22.75638231,19.01846123,45.97442245,32.55807877,1.625225351,15.11833115,2.706000662,1.04716897,167.4256348,2714.291406,9,1.7229954657821525
US_0008441,2005,235.1372787,369.9959172,767.469043,5.897489829,316.9224854,-114.1237667,46.4432,4674.635,1874.471622,3.939773502,22.75638231,19.01846123,45.97442245,32.55807877,1.625225351,14.82290707,2.698541832,1.065814697,166.4848419,2839.703857,9,1.671461840918234
US_0008441,2006,236.6730646,380.8811834,764.0894897,5.897489829,317.6670776,-114.1237667,46.4432,4674.635,1874.471622,3.939773502,22.75638231,19.01846123,45.97442245,32.55807877,1.625225351,16.14536533,2.727024126,1.069609155,166.0107025,3005.145313,9,1.5816699721181908
US_0008441,2007,169.3223331,383.0659467,786.1973511,5.897489829,317.2508606,-114.1237667,46.4432,4674.635,1874.471622,3.939773502,22.75638231,19.01846123,45.97442245,32.55807877,1.625225351,16.92149734,2.740712976,1.076167017,166.1943024,3183.491064,9,1.5269871924768987
US_0008441,2008,121.5433205,379.6760947,775.3812256,5.897489829,326.8453613,-114.1237667,46.4432,4674.635,1874.471622,3.939773502,22.75638231,19.01846123,45.97442245,32.55807877,1.625225351,16.51207619,2.781949902,1.068622009,165.8811249,3323.254541,9,1.7172035032069932
US_0008441,2009,130.0493372,369.9921006,768.6816528,5.897489829,317.6587097,-114.1237667,46.4432,4674.635,1874.471622,3.939773502,22.75638231,19.01846123,45.97442245,32.55807877,1.625225351,16.83001499,2.800590944,1.053428662,166.8051697,3379.746191,9,1.6817963791359978
US_0008441,2010,176.8821682,385.5623373,754.4272583,5.897489829,325.9093872,-114.1237667,46.4432,4674.635,1874.471622,3.939773502,22.75638231,19.01846123,45.97442245,32.55807877,1.625225351,17.28656082,2.797517014,1.02735874,166.0404236,3376.83667,9,1.6743048027284915
US_0008441,2011,281.0475593,391.3615385,733.8904419,5.897489829,321.6397095,-114.1237667,46.4432,4674.635,1874.471622,3.939773502,22.75638231,19.01846123,45.97442245,32.55807877,1.625225351,16.72412224,2.821529102,1.005515454,164.6893524,3340.219531,9,1.5938084748217658
US_0008441,2012,342.3217602,398.1661538,732.6915283,5.897489829,322.9579651,-114.1237667,46.4432,4674.635,1874.471622,3.939773502,22.75638231,19.01846123,45.97442245,32.55807877,1.625225351,16.88284721,2.843905115,0.98410321,164.3045135,3249.886377,9,1.5599779606302158
US_0008441,2013,336.5061731,390.8322189,729.1904541,5.897489829,325.598114,-114.1237667,46.4432,4674.635,1874.471622,3.939773502,22.75638231,19.01846123,45.97442245,32.55807877,1.625225351,16.82413197,2.813870096,0.982992761,164.6056274,3201.77666,9,1.6621899632695178
US_0008441,2014,415.2230558,407.6700888,738.3321533,5.897489829,326.5932617,-114.1237667,46.4432,4674.635,1874.471622,3.939773502,22.75638231,19.01846123,45.97442245,32.55807877,1.625225351,16.35321484,2.829909277,0.962070801,164.3397949,3150.657275,9,1.528405862354288
US_0008441,2015,413.4304893,381.5680178,765.5146118,5.897489829,315.248468,-114.1237667,46.4432,4674.635,1874.471622,3.939773502,22.75638231,19.01846123,45.97442245,32.55807877,1.625225351,16.46762066,2.820845604,0.96375011,165.5268005,3126.1875,9,1.5408460982453178
US_0008466,1989,1059.17,596.57,776.8,4.961211348,456.3808228,-114.5854,47.3687,23446.8,1480.081103,3.522878293,24.4884201,17.58673286,41.72029495,37.24897003,1.690808376,53.20085526,3.736358166,1.256606738,154.5363556,3171.876367,9,1.8036788126243128
US_0008466,1990,1102.71,602.15,772.37,4.961211348,455.0428406,-114.5854,47.3687,23446.8,1480.081103,3.522878293,24.4884201,17.58673286,41.72029495,37.24897003,1.690808376,51.73591385,3.951294899,1.266817114,152.8481659,3218.336719,9,1.7728991979010607
US_0008466,1991,1189.74,579.87,770.94,4.961211348,447.1279053,-114.5854,47.3687,23446.8,1480.081103,3.522878293,24.4884201,17.58673286,41.72029495,37.24897003,1.690808376,47.42860336,3.744093895,1.262256689,152.6738312,3274.049219,9,1.8037984512509193
US_0008466,1992,1181.84,594.3,765.68,4.961211348,450.9522217,-114.5854,47.3687,23446.8,1480.081103,3.522878293,24.4884201,17.58673286,41.72029495,37.24897003,1.690808376,46.13073883,3.571951389,1.254362573,151.8341705,3316.000488,9,1.784091431107328
US_0008466,1993,1224.49,645.62,720.36,4.961211348,480.064978,-114.5854,47.3687,23446.8,1480.081103,3.522878293,24.4884201,17.58673286,41.72029495,37.24897003,1.690808376,52.82812347,3.519254208,1.246722803,148.606073,3351.265381,9,1.9913516280980113
US_0008466,1994,1158.57,586.51,744.68,4.961211348,451.4265076,-114.5854,47.3687,23446.8,1480.081103,3.522878293,24.4884201,17.58673286,41.72029495,37.24897003,1.690808376,53.42270355,3.749288559,1.247361694,150.9822205,3391.249316,9,1.8843547384809725
US_0008466,1995,1091.85,606.56,733.4,4.961211348,467.3130005,-114.5854,47.3687,23446.8,1480.081103,3.522878293,24.4884201,17.58673286,41.72029495,37.24897003,1.690808376,54.48853836,3.717158318,1.248052393,150.6572327,3454.200635,9,1.9987339422625436
US_0008466,1996,1124.31,652.63,733.03,4.961211348,465.9262573,-114.5854,47.3687,23446.8,1480.081103,3.522878293,24.4884201,17.58673286,41.72029495,37.24897003,1.690808376,55.67211838,3.800393581,1.246198828,151.4724976,3555.430664,9,1.767809397224376
US_0008466,1997,1288.3,655.87,711.28,4.961211348,461.5422607,-114.5854,47.3687,23446.8,1480.081103,3.522878293,24.4884201,17.58673286,41.72029495,37.24897003,1.690808376,57.15340576,3.808559179,1.246907324,151.8853638,3658.418555,9,1.7751044082047824
US_0008466,1998,1274.71,647.12,736.26,4.961211348,451.2082275,-114.5854,47.3687,23446.8,1480.081103,3.522878293,24.4884201,17.58673286,41.72029495,37.24897003,1.690808376,53.99220428,3.5476861,1.253378589,153.901825,3730.994678,9,1.6436456420105563
US_0008466,1999,1340.98,655.32,725.94,4.961211348,466.7059265,-114.5854,47.3687,23446.8,1480.081103,3.522878293,24.4884201,17.58673286,41.72029495,37.24897003,1.690808376,53.55390015,3.986257792,1.248077905,154.1002747,3817.427441,9,1.7852562515476724
US_0008466,2000,1346.76,602.34,748.95,4.961211348,438.0472961,-114.5854,47.3687,23446.8,1480.081103,3.522878293,24.4884201,17.58673286,41.72029495,37.24897003,1.690808376,50.14176254,3.786466837,1.240440137,156.7131317,3912.313477,9,1.6597263933095827
US_0008466,2001,1115.53,537.91,774.68,4.961211348,438.3657349,-114.5854,47.3687,23446.8,1480.081103,3.522878293,24.4884201,17.58673286,41.72029495,37.24897003,1.690808376,46.09118805,3.835442305,1.245947388,158.5232574,3978.55127,9,1.9512746484641084
US_0008466,2002,1025.73,526.64,777.85,4.961211348,430.7952393,-114.5854,47.3687,23446.8,1480.081103,3.522878293,24.4884201,17.58673286,41.72029495,37.24897003,1.690808376,44.04125977,3.798628092,1.247234009,159.3700287,4070.062793,9,1.9247483399862126
US_0008466,2003,999.63,489.57,791.66,4.961211348,408.1983948,-114.5854,47.3687,23446.8,1480.081103,3.522878293,24.4884201,17.58673286,41.72029495,37.24897003,1.690808376,41.74781342,3.776095152,1.242021924,160.6127777,4177.221826,9,1.8749995363989065
US_0008466,2004,966.41,504.52,786.62,4.961211348,421.1316956,-114.5854,47.3687,23446.8,1480.081103,3.522878293,24.4884201,17.58673286,41.72029495,37.24897003,1.690808376,40.50921402,3.690936804,1.242467944,158.8529114,4275.347656,9,1.946124510425205
US_0008466,2005,961.88,536.15,778.63,4.961211348,440.9458801,-114.5854,47.3687,23446.8,1480.081103,3.522878293,24.4884201,17.58673286,41.72029495,37.24897003,1.690808376,41.78774109,3.783936024,1.258551074,157.7729706,4427.973242,9,1.9907930799919726
US_0008466,2006,1091.05,562.99,769.86,4.961211348,446.0391174,-114.5854,47.3687,23446.8,1480.081103,3.522878293,24.4884201,17.58673286,41.72029495,37.24897003,1.690808376,44.952108,3.821873188,1.265481763,156.9444214,4614.173242,9,1.8912274654228014
US_0008466,2007,1046.39,549.72,799.21,4.961211348,440.7237122,-114.5854,47.3687,23446.8,1480.081103,3.522878293,24.4884201,17.58673286,41.72029495,37.24897003,1.690808376,44.83476486,3.924006701,1.273482617,157.476593,4819.239551,9,1.8410833814575807
US_0008466,2008,1117.0,563.2,791.33,4.961211348,454.3901733,-114.5854,47.3687,23446.8,1480.081103,3.522878293,24.4884201,17.58673286,41.72029495,37.24897003,1.690808376,44.63257294,3.919347048,1.259439233,157.3976074,4975.866992,9,1.940736689154834
US_0008466,2009,1103.58,543.47,792.29,4.961211348,432.6855713,-114.5854,47.3687,23446.8,1480.081103,3.522878293,24.4884201,17.58673286,41.72029495,37.24897003,1.690808376,44.06889954,3.808857918,1.248650146,159.6552185,5094.755859,9,1.8000914091888067
US_0008466,2010,1096.4,558.41,777.41,4.961211348,434.2994385,-114.5854,47.3687,23446.8,1480.081103,3.522878293,24.4884201,17.58673286,41.72029495,37.24897003,1.690808376,43.45232086,3.66193676,1.217141675,158.6483765,5090.332813,9,1.763756592534729
US_0008466,2011,1194.26,564.61,755.67,4.961211348,426.0566467,-114.5854,47.3687,23446.8,1480.081103,3.522878293,24.4884201,17.58673286,41.72029495,37.24897003,1.690808376,43.26720657,4.009502888,1.199596167,157.4963654,5103.278906,9,1.6926579362209584
US_0008466,2012,1288.36,604.19,746.46,4.961211348,434.7124329,-114.5854,47.3687,23446.8,1480.081103,3.522878293,24.4884201,17.58673286,41.72029495,37.24897003,1.690808376,47.27045364,3.974085808,1.189402295,156.7649231,5078.104688,9,1.6275699269519683
US_0008466,2013,1279.02,598.59,735.74,4.961211348,434.2577942,-114.5854,47.3687,23446.8,1480.081103,3.522878293,24.4884201,17.58673286,41.72029495,37.24897003,1.690808376,50.42959518,3.747082233,1.215694092,156.5722351,5134.323145,9,1.6692212222090363
US_0008466,2014,1377.51,642.52,732.85,4.961211348,445.0732422,-114.5854,47.3687,23446.8,1480.081103,3.522878293,24.4884201,17.58673286,41.72029495,37.24897003,1.690808376,50.86446075,3.783164501,1.230630664,154.8741852,5157.524219,9,1.614049428910551
US_0008466,2015,1371.38,604.43,762.65,4.961211348,425.5361206,-114.5854,47.3687,23446.8,1480.081103,3.522878293,24.4884201,17.58673286,41.72029495,37.24897003,1.690808376,49.64040298,3.716319323,1.259585571,156.515744,5213.287109,9,1.5167484014037858
US_0008466,2016,1268.2,599.08,781.3,4.961211348,440.195575,-114.5854,47.3687,23446.8,1480.081103,3.522878293,24.4884201,17.58673286,41.72029495,37.24897003,1.690808376,50.32557144,3.757419348,1.284139502,156.50065,5198.548535,9,1.6242500067706194
US_0008489,1991,530.1102961,877.8504167,735.9608521,6.050527346,522.724176,-116.0925,47.53138889,463.5959,1311.663894,4.371211951,26.31272883,14.79583359,45.59375,36.41666794,1.342948337,152.3381943,2.694399309,1.922630542,154.7812195,8575.535352,9,1.6350038982405888
US_0008489,1992,583.4721316,906.8779167,738.7079224,6.050527346,543.3571045,-116.0925,47.53138889,463.5959,1311.663894,4.371211951,26.31272883,14.79583359,45.59375,36.41666794,1.342948337,152.8070847,2.689232635,1.929875977,154.3384766,8636.472266,9,1.730108438258772
US_0008489,1993,600.6476414,903.9204167,709.7758423,6.050527346,545.0716919,-116.0925,47.53138889,463.5959,1311.663894,4.371211951,26.31272883,14.79583359,45.59375,36.41666794,1.342948337,158.0117706,2.624958277,1.917078198,152.0465668,8776.662305,9,1.8662920837907024
US_0008489,1994,545.8934868,878.1483333,728.8929321,6.050527346,528.0937744,-116.0925,47.53138889,463.5959,1311.663894,4.371211951,26.31272883,14.79583359,45.59375,36.41666794,1.342948337,157.6692688,2.624857616,1.91757793,153.8648956,8938.671289,9,1.6986434543991604
US_0008489,1995,549.1504751,895.7133333,723.6125122,6.050527346,537.535022,-116.0925,47.53138889,463.5959,1311.663894,4.371211951,26.31272883,14.79583359,45.59375,36.41666794,1.342948337,157.9353455,2.607208347,1.921481592,154.0540649,9135.507813,9,1.7592961192887075
US_0008489,1996,577.9199569,995.4420833,720.585437,6.050527346,532.6458557,-116.0925,47.53138889,463.5959,1311.663894,4.371211951,26.31272883,14.79583359,45.59375,36.41666794,1.342948337,161.6938904,2.622743034,1.916497461,153.8534058,9434.127344,9,1.562591414844852
US_0008489,1997,717.3014599,1050.588333,693.0520996,6.050527346,520.324176,-116.0925,47.53138889,463.5959,1311.663894,4.371211951,26.31272883,14.79583359,45.59375,36.41666794,1.342948337,173.32146,2.656121492,1.903468311,152.4035797,9726.056836,9,1.4978451950773908
US_0008489,1998,721.8101036,1099.333333,719.6487793,6.050527346,532.5279236,-116.0925,47.53138889,463.5959,1311.663894,4.371211951,26.31272883,14.79583359,45.59375,36.41666794,1.342948337,179.2617004,2.672128439,1.898010376,153.834726,9885.264844,9,1.4406411588560242
US_0008489,1999,814.9812887,1126.54875,712.285022,6.050527346,542.9808411,-116.0925,47.53138889,463.5959,1311.663894,4.371211951,26.31272883,14.79583359,45.59375,36.41666794,1.342948337,183.7020844,2.715482569,1.886603027,153.7879913,10200.63828,9,1.500455349430972
US_0008489,2000,777.3368319,1058.90375,727.0208618,6.050527346,530.8666687,-116.0925,47.53138889,463.5959,1311.663894,4.371211951,26.31272883,14.79583359,45.59375,36.41666794,1.342948337,175.2819122,2.690878344,1.87388728,155.7604553,10551.825,9,1.4528490042561046
US_0008489,2001,679.4446039,956.7666667,747.2550415,6.050527346,538.1612549,-116.0925,47.53138889,463.5959,1311.663894,4.371211951,26.31272883,14.79583359,45.59375,36.41666794,1.342948337,168.6494843,2.682482576,1.879390698,157.083963,10743.06777,9,1.5758076471415137
US_0008489,2002,623.7969952,902.9070833,760.233374,6.050527346,528.1825012,-116.0925,47.53138889,463.5959,1311.663894,4.371211951,26.31272883,14.79583359,45.59375,36.41666794,1.342948337,161.2764954,2.689562511,1.874218726,159.0567413,10845.14961,9,1.559629132035335
US_0008489,2003,616.2807251,885.0529167,771.5650146,6.050527346,515.7633362,-116.0925,47.53138889,463.5959,1311.663894,4.371211951,26.31272883,14.79583359,45.59375,36.41666794,1.342948337,150.9578857,2.718902779,1.887679712,160.5164948,10767.01992,9,1.481383945462492
US_0008489,2004,563.7336248,882.0254167,768.6887695,6.050527346,536.2341736,-116.0925,47.53138889,463.5959,1311.663894,4.371211951,26.31272883,14.79583359,45.59375,36.41666794,1.342948337,146.9635773,2.650024366,1.886656104,158.9469818,10477.21367,9,1.6308016621413237
US_0008489,2005,527.8736008,884.4220833,766.4333374,6.050527346,544.5450134,-116.0925,47.53138889,463.5959,1311.663894,4.371211951,26.31272883,14.79583359,45.59375,36.41666794,1.342948337,150.8672913,2.644975758,1.91621626,158.3224335,10064.34395,9,1.69449435913001
US_0008489,2006,619.8974966,937.305,763.0183228,6.050527346,547.1316711,-116.0925,47.53138889,463.5959,1311.663894,4.371211951,26.31272883,14.79583359,45.59375,36.41666794,1.342948337,152.9843719,2.654038191,1.909431543,157.9356293,9782.000781,9,1.6236540505286383
US_0008489,2007,576.6706501,936.9245833,781.7329102,6.050527346,547.0816772,-116.0925,47.53138889,463.5959,1311.663894,4.371211951,26.31272883,14.79583359,45.59375,36.41666794,1.342948337,149.851944,2.654618025,1.909877539,158.1861145,9719.35625,9,1.57162293537269
US_0008489,2008,637.7429485,920.9504167,769.9950073,6.050527346,554.4625,-116.0925,47.53138889,463.5959,1311.663894,4.371211951,26.31272883,14.79583359,45.59375,36.41666794,1.342948337,152.5536835,2.674173546,1.862484302,158.1736145,9735.364063,9,1.685800820709458
US_0008489,2009,647.5412387,895.7241667,770.4137695,6.050527346,529.7287476,-116.0925,47.53138889,463.5959,1311.663894,4.371211951,26.31272883,14.79583359,45.59375,36.41666794,1.342948337,150.7187866,2.707048512,1.861972217,160.3805237,9688.154102,9,1.55585777560414
US_0008489,2010,644.3368065,929.095,754.4362793,6.050527346,528.500415,-116.0925,47.53138889,463.5959,1311.663894,4.371211951,26.31272883,14.79583359,45.59375,36.41666794,1.342948337,152.4089264,2.702760315,1.809791797,158.7606628,9620.949219,9,1.5343066216510743
US_0008489,2011,682.7113441,897.8333333,731.5696167,6.050527346,511.1404175,-116.0925,47.53138889,463.5959,1311.663894,4.371211951,26.31272883,14.79583359,45.59375,36.41666794,1.342948337,152.5549683,2.725163174,1.7695271,157.2719818,9408.337695,9,1.5302808204626497
US_0008489,2012,747.6242269,944.26375,719.8492065,6.050527346,515.5404114,-116.0925,47.53138889,463.5959,1311.663894,4.371211951,26.31272883,14.79583359,45.59375,36.41666794,1.342948337,159.6113586,2.746069384,1.744383179,155.7114288,9078.915625,9,1.5213866662994142
US_0008489,2013,710.8051041,913.5233333,717.4750366,6.050527346,513.1808289,-116.0925,47.53138889,463.5959,1311.663894,4.371211951,26.31272883,14.79583359,45.59375,36.41666794,1.342948337,162.9378845,2.718100643,1.801800269,155.1849365,8962.407617,9,1.559073715232314
US_0008489,2014,740.8973942,952.3866667,718.9096069,6.050527346,517.4512512,-116.0925,47.53138889,463.5959,1311.663894,4.371211951,26.31272883,14.79583359,45.59375,36.41666794,1.342948337,159.0093811,2.731083298,1.824378589,153.6844849,8687.168848,9,1.5251654613645642
US_0008489,2015,750.7939717,915.9058333,753.4771118,6.050527346,500.2012573,-116.0925,47.53138889,463.5959,1311.663894,4.371211951,26.31272883,14.79583359,45.59375,36.41666794,1.342948337,148.3850403,2.740604162,1.893705127,156.6303192,8945.915527,9,1.3842974145433131
US_0008489,2016,766.1171427,921.8916667,779.9687744,6.050527346,520.1045898,-116.0925,47.53138889,463.5959,1311.663894,4.371211951,26.31272883,14.79583359,45.59375,36.41666794,1.342948337,150.8031311,2.705809021,1.957913184,157.1331635,9348.834473,9,1.4326611369522462
US_0008494,1991,562.9990093,868.8344444,747.9866821,6.271752235,531.7478088,-116.2363889,47.5519444,734.7725,1249.52045,4.436733124,26.0915919,14.31470585,45.32205963,37.44558716,1.195251888,160.3411957,2.665157318,1.948222192,154.9898529,10451.31426,9,1.6848991406723093
US_0008494,1992,615.0488317,895.2488889,750.6900146,6.271752235,551.1982544,-116.2363889,47.5519444,734.7725,1249.52045,4.436733124,26.0915919,14.31470585,45.32205963,37.44558716,1.195251888,161.0881958,2.660062838,1.954553784,154.5651703,10527.01719,9,1.7768810678346596
US_0008494,1993,634.773144,891.3855556,721.6149048,6.271752235,551.3724731,-116.2363889,47.5519444,734.7725,1249.52045,4.436733124,26.0915919,14.31470585,45.32205963,37.44558716,1.195251888,165.6185303,2.596127653,1.940215039,152.3345215,10717.23672,9,1.9033429944077105
US_0008494,1994,580.8301517,866.926,740.4477783,6.271752235,534.9475647,-116.2363889,47.5519444,734.7725,1249.52045,4.436733124,26.0915919,14.31470585,45.32205963,37.44558716,1.195251888,164.7279755,2.5959517,1.941774561,154.1025574,10928.43242,9,1.7391897140031563
US_0008494,1995,578.7911858,885.682,735.118457,6.271752235,542.740448,-116.2363889,47.5519444,734.7725,1249.52045,4.436733124,26.0915919,14.31470585,45.32205963,37.44558716,1.195251888,164.3770935,2.578646135,1.947035669,154.3006653,11197.88555,9,1.7824951823199866
US_0008494,1996,582.7005491,983.6495556,731.491333,6.271752235,537.704657,-116.2363889,47.5519444,734.7725,1249.52045,4.436733124,26.0915919,14.31470585,45.32205963,37.44558716,1.195251888,167.8954437,2.594409037,1.942595923,154.0597931,11585.05977,9,1.5800095626261395
US_0008494,1997,711.9519346,1041.938889,704.1977783,6.271752235,526.4104431,-116.2363889,47.5519444,734.7725,1249.52045,4.436733124,26.0915919,14.31470585,45.32205963,37.44558716,1.195251888,179.7341278,2.62819972,1.929748047,152.5647339,11988.45273,9,1.5125560160527793
US_0008494,1998,717.3437881,1093.134444,731.2046631,6.271752235,539.4188904,-116.2363889,47.5519444,734.7725,1249.52045,4.436733124,26.0915919,14.31470585,45.32205963,37.44558716,1.195251888,186.1746918,2.645271969,1.928515649,153.9440338,12223.725,9,1.4554259460709216
US_0008494,1999,812.779852,1120.728667,724.6964355,6.271752235,548.8891113,-116.2363889,47.5519444,734.7725,1249.52045,4.436733124,26.0915919,14.31470585,45.32205963,37.44558716,1.195251888,190.4331177,2.68911643,1.916941504,153.884256,12642.60449,9,1.5044741467171998
US_0008494,2000,774.1290307,1055.414444,738.7379639,6.271752235,537.8493286,-116.2363889,47.5519444,734.7725,1249.52045,4.436733124,26.0915919,14.31470585,45.32205963,37.44558716,1.195251888,182.0498962,2.662644196,1.904192822,155.8293304,13081.38418,9,1.4664507351954414
US_0008494,2001,674.4219051,955.5651111,759.4812988,6.271752235,544.4062134,-116.2363889,47.5519444,734.7725,1249.52045,4.436733124,26.0915919,14.31470585,45.32205963,37.44558716,1.195251888,174.950531,2.654234982,1.9094521,157.122464,13327.39746,9,1.5847644354737769
US_0008494,2002,632.4511933,900.2137778,772.7215332,6.271752235,534.8175293,-116.2363889,47.5519444,734.7725,1249.52045,4.436733124,26.0915919,14.31470585,45.32205963,37.44558716,1.195251888,167.4660889,2.661133194,1.907096704,159.107019,13478.89961,9,1.5761723465404005
US_0008494,2003,620.3632072,882.6195556,784.1095581,6.271752235,522.6219849,-116.2363889,47.5519444,734.7725,1249.52045,4.436733124,26.0915919,14.31470585,45.32205963,37.44558716,1.195251888,157.1601196,2.689590597,1.918606372,160.5700012,13416.81836,9,1.4995354616842358
US_0008494,2004,561.6982794,877.9266667,780.4560181,6.271752235,542.5533203,-116.2363889,47.5519444,734.7725,1249.52045,4.436733124,26.0915919,14.31470585,45.32205963,37.44558716,1.195251888,153.2885254,2.619477654,1.91887002,159.0430939,13113.64922,9,1.6520068354646396
US_0008494,2005,519.1646318,877.9053333,778.6644653,6.271752235,549.5588745,-116.2363889,47.5519444,734.7725,1249.52045,4.436733124,26.0915919,14.31470585,45.32205963,37.44558716,1.195251888,156.915802,2.613783216,1.944772046,158.4383942,12677.57305,9,1.709898570563413
US_0008494,2006,610.4381012,929.3846667,774.8864746,6.271752235,552.5028809,-116.2363889,47.5519444,734.7725,1249.52045,4.436733124,26.0915919,14.31470585,45.32205963,37.44558716,1.195251888,159.667334,2.623205423,1.93760686,158.0814117,12407.14063,9,1.6409498029717968
US_0008494,2007,564.5660741,929.4333333,792.6018066,6.271752235,550.951123,-116.2363889,47.5519444,734.7725,1249.52045,4.436733124,26.0915919,14.31470585,45.32205963,37.44558716,1.195251888,156.2042419,2.622427702,1.931534131,158.3346924,12362.86211,9,1.581438913680224
US_0008494,2008,627.7357435,912.9746667,781.6053467,6.271752235,558.2304565,-116.2363889,47.5519444,734.7725,1249.52045,4.436733124,26.0915919,14.31470585,45.32205963,37.44558716,1.195251888,158.8569458,2.64080739,1.881064502,158.3507416,12378.03867,9,1.694070380206871
US_0008494,2009,641.8067683,890.2904444,782.4775635,6.271752235,535.0633545,-116.2363889,47.5519444,734.7725,1249.52045,4.436733124,26.0915919,14.31470585,45.32205963,37.44558716,1.195251888,157.1281158,2.673498154,1.876276709,160.5291321,12310.47031,9,1.5704948029947983
US_0008494,2010,642.230318,922.8624444,766.3587158,6.271752235,534.3004761,-116.2363889,47.5519444,734.7725,1249.52045,4.436733124,26.0915919,14.31470585,45.32205963,37.44558716,1.195251888,159.3129089,2.669949961,1.830660352,158.8830017,12268.55488,9,1.550888991338497
US_0008494,2011,679.4481466,891.0444444,743.8909302,6.271752235,517.8257996,-116.2363889,47.5519444,734.7725,1249.52045,4.436733124,26.0915919,14.31470585,45.32205963,37.44558716,1.195251888,158.9092438,2.691670322,1.794532178,157.3989838,12026.17363,9,1.5534462965019882
US_0008494,2012,750.5743461,935.33,732.1673462,6.271752235,523.6793518,-116.2363889,47.5519444,734.7725,1249.52045,4.436733124,26.0915919,14.31470585,45.32205963,37.44558716,1.195251888,165.9067261,2.71389432,1.775008862,155.8107208,11639.46289,9,1.5541636632556735
US_0008494,2013,707.0965406,902.6848889,729.7137817,6.271752235,521.4795593,-116.2363889,47.5519444,734.7725,1249.52045,4.436733124,26.0915919,14.31470585,45.32205963,37.44558716,1.195251888,168.667392,2.685864639,1.833543237,155.2523163,11526.13301,9,1.5995507114648764
US_0008494,2014,732.1445418,937.4542222,730.8797974,6.271752235,523.9982239,-116.2363889,47.5519444,734.7725,1249.52045,4.436733124,26.0915919,14.31470585,45.32205963,37.44558716,1.195251888,164.6215576,2.70005722,1.857412939,153.7834412,11246.71699,9,1.5568039208972588
US_0008494,2015,744.1974873,901.8202222,765.2417725,6.271752235,506.0777771,-116.2363889,47.5519444,734.7725,1249.52045,4.436733124,26.0915919,14.31470585,45.32205963,37.44558716,1.195251888,153.4903198,2.709185028,1.911576001,156.7576447,11347.06953,9,1.4120980367942186
US_0008494,2016,747.1092612,908.4437778,791.5384521,6.271752235,525.5466675,-116.2363889,47.5519444,734.7725,1249.52045,4.436733124,26.0915919,14.31470585,45.32205963,37.44558716,1.195251888,155.9188782,2.675005436,1.958652734,157.2636078,11610.0252,9,1.4593775020655797
US_0008618,1989,141.7410068,330.5141126,996.4076538,6.077979895,298.1622986,-112.5444444,42.9447222,3337.514,1769.998847,2.695701887,21.57062424,17.29744339,25.35056877,55.5678978,1.738853985,22.06802654,3.587666225,0.73250105,177.4351105,11333.91914,9,1.5741173277053888
US_0008618,1990,133.3805079,324.7570996,1010.168286,6.077979895,295.1940002,-112.5444444,42.9447222,3337.514,1769.998847,2.695701887,21.57062424,17.29744339,25.35056877,55.5678978,1.738853985,21.16316051,3.6354249,0.736154004,176.1017334,11184.27441,9,1.5923795422034899
US_0008618,1991,108.8260804,318.0452381,1002.809656,6.077979895,289.3657349,-112.5444444,42.9447222,3337.514,1769.998847,2.695701887,21.57062424,17.29744339,25.35056877,55.5678978,1.738853985,19.55807018,3.626480865,0.727908398,176.3459503,11242.7125,9,1.5863995378302866
US_0008618,1992,100.4556969,303.2232468,1017.748022,6.077979895,278.6469879,-112.5444444,42.9447222,3337.514,1769.998847,2.695701887,21.57062424,17.29744339,25.35056877,55.5678978,1.738853985,20.40581169,3.657950211,0.717887756,176.136026,10967.66543,9,1.597305041664059
US_0008618,1993,105.5873505,352.2026407,969.772644,6.077979895,324.6670807,-112.5444444,42.9447222,3337.514,1769.998847,2.695701887,21.57062424,17.29744339,25.35056877,55.5678978,1.738853985,21.89828987,3.592327166,0.724748901,173.8146057,10706.10449,9,1.8144384392005322
US_0008618,1994,100.8970439,369.1957576,988.1406006,6.077979895,323.8524445,-112.5444444,42.9447222,3337.514,1769.998847,2.695701887,21.57062424,17.29744339,25.35056877,55.5678978,1.738853985,20.27337341,3.610050869,0.722930859,174.6194794,10375.57676,9,1.5292915247215504
US_0008618,2005,89.74535353,360.4455411,1018.307031,6.077979895,318.0789215,-112.5444444,42.9447222,3337.514,1769.998847,2.695701887,21.57062424,17.29744339,25.35056877,55.5678978,1.738853985,24.13144341,3.591219139,0.749086084,180.1220917,11245.40547,9,1.511637790922429
US_0008618,2006,101.7085229,383.47,1003.449072,6.077979895,340.5799133,-112.5444444,42.9447222,3337.514,1769.998847,2.695701887,21.57062424,17.29744339,25.35056877,55.5678978,1.738853985,25.1070488,3.59147501,0.747843884,179.9845154,11250.44531,9,1.6160537633903513
US_0008618,2007,101.965172,384.7679654,1021.906348,6.077979895,338.1559692,-112.5444444,42.9447222,3337.514,1769.998847,2.695701887,21.57062424,17.29744339,25.35056877,55.5678978,1.738853985,23.92462425,3.599075317,0.749560315,180.1485657,11169.20664,9,1.5457932266370549
US_0008618,2008,105.2625476,388.7639394,1013.833496,6.077979895,349.6906921,-112.5444444,42.9447222,3337.514,1769.998847,2.695701887,21.57062424,17.29744339,25.35056877,55.5678978,1.738853985,23.76551552,3.602480078,0.740711853,181.7944183,11165.06895,9,1.6959672833997976
US_0008618,2009,111.9033459,387.2677056,1002.794409,6.077979895,344.4035522,-112.5444444,42.9447222,3337.514,1769.998847,2.695701887,21.57062424,17.29744339,25.35056877,55.5678978,1.738853985,23.44624443,3.596217108,0.746053552,181.6737854,10895.18066,9,1.6339811896285459
US_0008618,2010,111.2376221,371.6838961,994.8364746,6.077979895,323.786377,-112.5444444,42.9447222,3337.514,1769.998847,2.695701887,21.57062424,17.29744339,25.35056877,55.5678978,1.738853985,21.10698433,3.625358534,0.730521533,182.1128876,10679.76953,9,1.496096423276638
US_0008618,2011,112.0442259,376.8264502,977.2505371,6.077979895,325.7307434,-112.5444444,42.9447222,3337.514,1769.998847,2.695701887,21.57062424,17.29744339,25.35056877,55.5678978,1.738853985,22.65300217,3.657828951,0.745089856,181.5626038,10455.88438,9,1.4881811615738338
US_0008618,2012,113.7171442,377.4728139,986.8462891,6.077979895,327.0787537,-112.5444444,42.9447222,3337.514,1769.998847,2.695701887,21.57062424,17.29744339,25.35056877,55.5678978,1.738853985,23.90710411,3.688338995,0.744581689,181.4756989,10060.0293,9,1.4920440011019782
US_0008618,2013,111.5723768,380.0366667,986.6871582,6.077979895,331.156073,-112.5444444,42.9447222,3337.514,1769.998847,2.695701887,21.57062424,17.29744339,25.35056877,55.5678978,1.738853985,24.13150482,3.661439371,0.758264099,180.6407074,9966.275977,9,1.524433708453528
US_0008618,2014,105.1265884,384.5093939,998.6713013,6.077979895,324.4555542,-112.5444444,42.9447222,3337.514,1769.998847,2.695701887,21.57062424,17.29744339,25.35056877,55.5678978,1.738853985,23.52169609,3.708725452,0.753866956,180.9799927,9975.999023,9,1.388112670212765
US_0008618,2015,99.69243795,379.7300433,1015.189014,6.077979895,340.3430359,-112.5444444,42.9447222,3337.514,1769.998847,2.695701887,21.57062424,17.29744339,25.35056877,55.5678978,1.738853985,25.35403366,3.659098101,0.789902307,180.4803833,10140.84551,9,1.6480154851503
US_0008859,2000,724.1976685,1072.993583,795.262146,6.806455612,373.7300903,-121.102295,45.962345,1968.86,1110.768236,2.799877741,28.14754674,18.82291603,45.05104065,34.10781097,1.408613107,86.08130798,3.421919346,1.60107168,155.0434723,1625.502832,9,0.7733846175603856
US_0008859,2001,701.757571,937.7975,811.7463989,6.806455612,381.516925,-121.102295,45.962345,1968.86,1110.768236,2.799877741,28.14754674,18.82291603,45.05104065,34.10781097,1.408613107,82.67765503,3.395908928,1.596249048,155.9536469,1643.214136,9,0.840159090919157
US_0008859,2002,629.9179497,896.6645,834.7795776,6.806455612,364.9323425,-121.102295,45.962345,1968.86,1110.768236,2.799877741,28.14754674,18.82291603,45.05104065,34.10781097,1.408613107,79.26880035,3.393038034,1.600040234,158.2096863,1672.672437,9,0.8034633431607708
US_0008859,2003,601.0493454,870.5425833,856.9102539,6.806455612,360.8649353,-121.102295,45.962345,1968.86,1110.768236,2.799877741,28.14754674,18.82291603,45.05104065,34.10781097,1.408613107,76.67430115,3.395180368,1.600033374,159.0491394,1666.109937,9,0.7942591928405561
US_0008859,2004,515.0568524,881.885,869.1585693,6.806455612,386.2213501,-121.102295,45.962345,1968.86,1110.768236,2.799877741,28.14754674,18.82291603,45.05104065,34.10781097,1.408613107,74.4284256,3.353067875,1.614472778,158.95737,1664.367065,9,0.8469948094189
US_0008859,2005,464.4140168,916.5883333,868.9227539,6.806455612,393.6553528,-121.102295,45.962345,1968.86,1110.768236,2.799877741,28.14754674,18.82291603,45.05104065,34.10781097,1.408613107,77.03414154,3.366815138,1.634606641,157.9081726,1664.317383,9,0.847183267651641
US_0008859,2006,537.5609205,995.89475,865.9964111,6.806455612,391.7607666,-121.102295,45.962345,1968.86,1110.768236,2.799877741,28.14754674,18.82291603,45.05104065,34.10781097,1.408613107,79.47896729,3.41788249,1.613539111,158.0034637,1688.356226,9,0.8049129319441501
US_0008859,2007,540.5719267,1016.630417,854.5695068,6.806455612,397.6930115,-121.102295,45.962345,1968.86,1110.768236,2.799877741,28.14754674,18.82291603,45.05104065,34.10781097,1.408613107,81.70227356,3.434969282,1.588629956,156.1977356,1674.674341,9,0.8167481428495389
US_0008859,2008,535.2809924,975.8435833,837.5906738,6.806455612,399.0582581,-121.102295,45.962345,1968.86,1110.768236,2.799877741,28.14754674,18.82291603,45.05104065,34.10781097,1.408613107,83.3771637,3.46852212,1.558536035,155.6279816,1638.183447,9,0.850143107697433
US_0008859,2009,545.1307951,981.16975,837.4197754,6.806455612,378.5168457,-121.102295,45.962345,1968.86,1110.768236,2.799877741,28.14754674,18.82291603,45.05104065,34.10781097,1.408613107,85.38195496,3.491602707,1.535611816,156.7591034,1577.149902,9,0.796007798808766
US_0008859,2010,592.9814554,1016.654833,817.5258667,6.806455612,390.333844,-121.102295,45.962345,1968.86,1110.768236,2.799877741,28.14754674,18.82291603,45.05104065,34.10781097,1.408613107,87.39680176,3.516267252,1.510616846,155.3122406,1507.154614,9,0.821848574961784
US_0008859,2011,601.9648859,952.41025,793.59104,6.806455612,381.0603455,-121.102295,45.962345,1968.86,1110.768236,2.799877741,28.14754674,18.82291603,45.05104065,34.10781097,1.408613107,86.85485687,3.509271431,1.535851782,153.4852417,1422.610449,9,0.8439459948525276
US_0008859,2012,639.5917253,1005.255833,792.8391968,6.806455612,385.3105896,-121.102295,45.962345,1968.86,1110.768236,2.799877741,28.14754674,18.82291603,45.05104065,34.10781097,1.408613107,87.12675323,3.535098553,1.545992603,152.3038269,1363.3979,9,0.830695762102309
US_0008859,2013,640.7850796,981.7453333,795.4526123,6.806455612,395.7845093,-121.102295,45.962345,1968.86,1110.768236,2.799877741,28.14754674,18.82291603,45.05104065,34.10781097,1.408613107,86.87790985,3.500933266,1.607076001,151.5502655,1365.877051,9,0.8681119052881675
US_0008859,2014,668.6482306,1009.641167,802.6097778,6.806455612,402.8665771,-121.102295,45.962345,1968.86,1110.768236,2.799877741,28.14754674,18.82291603,45.05104065,34.10781097,1.408613107,86.20299225,3.513618708,1.670032617,150.193573,1363.692578,9,0.8682814715423884
US_0008859,2015,664.7247158,982.1005833,837.1313354,6.806455612,385.2211609,-121.102295,45.962345,1968.86,1110.768236,2.799877741,28.14754674,18.82291603,45.05104065,34.10781097,1.408613107,83.37301331,3.476070738,1.731831689,153.5971527,1473.771777,9,0.8121880647555528
US_0008859,2016,641.7137912,1020.136167,868.8256714,6.806455612,391.145575,-121.102295,45.962345,1968.86,1110.768236,2.799877741,28.14754674,18.82291603,45.05104065,34.10781097,1.408613107,83.70626984,3.452155447,1.737798804,154.6799774,1643.516821,9,0.7914547284176442
US_0009104,1991,795.3384136,1051.735115,393.4556519,-0.419213676,352.9774109,-133.7017432,58.53829828,16739.96,1124.749976,4.718240125,24.72952154,13.63012886,48.22635651,28.29491043,1.37246463,61.13115005,2.442355013,0.81375116,104.6867401,83.29612579,9,1.6538970816709646
US_0009104,1992,794.2825937,1040.936309,391.7762756,-0.419213676,345.2295532,-133.7017432,58.53829828,16739.96,1124.749976,4.718240125,24.72952154,13.63012886,48.22635651,28.29491043,1.37246463,60.9705246,2.461819649,0.812196167,105.6146484,83.1221344,9,1.558983644065195
US_0009104,1993,832.5608642,983.7245077,411.6259155,-0.419213676,355.1442444,-133.7017432,58.53829828,16739.96,1124.749976,4.718240125,24.72952154,13.63012886,48.22635651,28.29491043,1.37246463,58.38424911,2.445819569,0.816102124,108.6058792,82.50916901,9,1.5550788816380026
US_0009104,1994,827.9657667,996.2616878,411.1036743,-0.419213676,356.2971313,-133.7017432,58.53829828,16739.96,1124.749976,4.718240125,24.72952154,13.63012886,48.22635651,28.29491043,1.37246463,58.66357803,2.473367357,0.81530542,106.9665863,82.59109802,9,1.5632057118398357
US_0009104,1995,791.9223877,962.8843842,415.2938354,-0.419213676,362.1521667,-133.7017432,58.53829828,16739.96,1124.749976,4.718240125,24.72952154,13.63012886,48.22635651,28.29491043,1.37246463,59.0292038,2.440477228,0.820706531,108.026445,83.9857132,9,1.640078653484679
US_0009104,1996,746.3617472,897.5647547,412.1068542,-0.419213676,354.4748291,-133.7017432,58.53829828,16739.96,1124.749976,4.718240125,24.72952154,13.63012886,48.22635651,28.29491043,1.37246463,58.3009758,2.413349056,0.821526465,109.634082,87.11444702,9,1.6369187769740736
US_0009104,1997,716.8512987,927.1149365,411.0543884,-0.419213676,364.19953,-133.7017432,58.53829828,16739.96,1124.749976,4.718240125,24.72952154,13.63012886,48.22635651,28.29491043,1.37246463,58.69547272,2.363972044,0.828939502,108.66259,94.06615753,9,1.7645483385040042
US_0009104,1998,666.8926244,916.3891938,406.4606995,-0.419213676,355.9617981,-133.7017432,58.53829828,16739.96,1124.749976,4.718240125,24.72952154,13.63012886,48.22635651,28.29491043,1.37246463,58.34812012,2.366514397,0.834076233,108.591243,101.1444183,9,1.6948361025741985
US_0009104,1999,627.8656099,911.4972967,396.2360168,-0.419213676,350.0827942,-133.7017432,58.53829828,16739.96,1124.749976,4.718240125,24.72952154,13.63012886,48.22635651,28.29491043,1.37246463,57.50173492,2.37843461,0.824926855,107.4686203,107.8578522,9,1.7234844785755177
US_0009104,2000,648.2000373,944.2820926,381.9858948,-0.419213676,343.6901062,-133.7017432,58.53829828,16739.96,1124.749976,4.718240125,24.72952154,13.63012886,48.22635651,28.29491043,1.37246463,59.38895798,2.38701787,0.811131958,105.936174,113.4772751,9,1.7567900261202967
US_0009104,2001,666.0468768,962.7442607,376.2853821,-0.419213676,344.7049316,-133.7017432,58.53829828,16739.96,1124.749976,4.718240125,24.72952154,13.63012886,48.22635651,28.29491043,1.37246463,61.93297806,2.384642553,0.808877966,104.0452026,116.1820908,9,1.84932491916008
US_0009104,2002,662.8607325,900.5579966,374.6322083,-0.419213676,342.0337708,-133.7017432,58.53829828,16739.96,1124.749976,4.718240125,24.72952154,13.63012886,48.22635651,28.29491043,1.37246463,61.73541489,2.40777607,0.808787073,103.7640457,117.0921768,9,1.9003391064132904
US_0009104,2003,666.1937882,938.1150189,365.249707,-0.419213676,342.7425476,-133.7017432,58.53829828,16739.96,1124.749976,4.718240125,24.72952154,13.63012886,48.22635651,28.29491043,1.37246463,63.29395905,2.408375216,0.805313672,103.1380478,116.8969971,9,2.075763246019994
US_0009104,2004,708.6102849,927.999163,377.7312378,-0.419213676,350.2328735,-133.7017432,58.53829828,16739.96,1124.749976,4.718240125,24.72952154,13.63012886,48.22635651,28.29491043,1.37246463,63.40772858,2.408058929,0.820712683,104.9151474,115.7048645,9,2.01052891475571
US_0009104,2005,722.675375,961.2666758,387.5931885,-0.419213676,359.3373962,-133.7017432,58.53829828,16739.96,1124.749976,4.718240125,24.72952154,13.63012886,48.22635651,28.29491043,1.37246463,63.04676514,2.417920399,0.81724187,104.5182968,115.6427032,9,1.9963121928348184
US_0009104,2006,751.7560742,962.9974202,392.3654663,-0.419213676,360.1841858,-133.7017432,58.53829828,16739.96,1124.749976,4.718240125,24.72952154,13.63012886,48.22635651,28.29491043,1.37246463,61.49750748,2.42980094,0.811157214,103.4278275,117.0318787,9,1.9192031827927711
US_0009104,2007,792.2837272,1021.214305,391.3834656,-0.419213676,359.1060059,-133.7017432,58.53829828,16739.96,1124.749976,4.718240125,24.72952154,13.63012886,48.22635651,28.29491043,1.37246463,62.21552505,2.414272118,0.785965527,102.4748901,116.8742767,9,1.8386599598191462
US_0009104,2008,797.4786336,1049.883554,386.4649414,-0.419213676,357.5024048,-133.7017432,58.53829828,16739.96,1124.749976,4.718240125,24.72952154,13.63012886,48.22635651,28.29491043,1.37246463,63.49828415,2.443452692,0.761350256,100.5319366,117.2934937,9,1.8597288486742285
US_0009104,2009,784.6608438,1068.675232,379.1766968,-0.419213676,354.7777832,-133.7017432,58.53829828,16739.96,1124.749976,4.718240125,24.72952154,13.63012886,48.22635651,28.29491043,1.37246463,65.42598953,2.428550577,0.739585791,100.5024765,117.698378,9,1.9225689224329803
US_0009104,2010,733.3273636,1033.50363,383.9700989,-0.419213676,351.50849,-133.7017432,58.53829828,16739.96,1124.749976,4.718240125,24.72952154,13.63012886,48.22635651,28.29491043,1.37246463,65.40012665,2.433002806,0.756939282,102.0152939,116.7296173,9,1.784979780645659
US_0009104,2011,691.2126309,1039.715877,385.2300842,-0.419213676,355.8383484,-133.7017432,58.53829828,16739.96,1124.749976,4.718240125,24.72952154,13.63012886,48.22635651,28.29491043,1.37246463,66.74436569,2.453668976,0.755048987,103.285788,116.2960617,9,1.8547142671337478
US_0009104,2012,657.9115373,1024.999938,383.9617676,-0.419213676,354.7410522,-133.7017432,58.53829828,16739.96,1124.749976,4.718240125,24.72952154,13.63012886,48.22635651,28.29491043,1.37246463,66.01174698,2.473782539,0.77696123,104.0267441,115.8679581,9,1.869566961215092
US_0009104,2013,690.077663,974.4634717,391.7049316,-0.419213676,354.5170105,-133.7017432,58.53829828,16739.96,1124.749976,4.718240125,24.72952154,13.63012886,48.22635651,28.29491043,1.37246463,63.20019302,2.437697887,0.830699683,105.4039673,114.9290649,9,1.7905744822212224
US_0009104,2014,691.1424603,959.840741,389.9610901,-0.419213676,358.9036926,-133.7017432,58.53829828,16739.96,1124.749976,4.718240125,24.72952154,13.63012886,48.22635651,28.29491043,1.37246463,63.39680862,2.41341033,0.858733582,104.7567719,115.5805206,9,1.9381713435981707
US_0009104,2015,732.7136358,979.9177633,385.9334778,-0.419213676,362.0990845,-133.7017432,58.53829828,16739.96,1124.749976,4.718240125,24.72952154,13.63012886,48.22635651,28.29491043,1.37246463,64.30081329,2.416257524,0.870921545,103.0340103,117.4782791,9,2.09058374442783
US_0009104,2016,663.0077345,963.9524734,391.4614319,-0.419213676,362.9708435,-133.7017432,58.53829828,16739.96,1124.749976,4.718240125,24.72952154,13.63012886,48.22635651,28.29491043,1.37246463,62.8867691,2.370319223,0.921829199,102.3758026,118.5878906,9,2.007502470056743
US_0009138,2000,208.923195,929.2937778,344.5995605,1.616025665,325.6084534,-150.8654632,59.79774138,217.9479,845.1114011,5.186084684,27.61945344,9.27734375,32.58203125,13.71428585,1.281794913,75.77677765,3.577662802,0.5805979,101.1175919,5.833377814,9,2.0898983828064854
US_0009138,2001,260.9158832,963.1075556,343.4333374,1.616025665,326.4075623,-150.8654632,59.79774138,217.9479,845.1114011,5.186084684,27.61945344,9.27734375,32.58203125,13.71428585,1.281794913,76.28600006,3.601962805,0.564962488,99.68118591,1.66905334,9,2.1115455315888734
US_0009138,2002,305.0173736,975.8688889,348.2591064,1.616025665,334.3004517,-150.8654632,59.79774138,217.9479,845.1114011,5.186084684,27.61945344,9.27734375,32.58203125,13.71428585,1.281794913,76.91374207,3.59685173,0.557997913,99.335112,1.663370275,9,2.2639216092409566
US_0009138,2003,284.3446018,958.7022222,363.4724426,1.616025665,346.1404541,-150.8654632,59.79774138,217.9479,845.1114011,5.186084684,27.61945344,9.27734375,32.58203125,13.71428585,1.281794913,76.06348419,3.544359207,0.56116875,101.9168121,1.69487884,9,2.2293210443267086
US_0009138,2004,290.1939236,937.2466667,384.0897766,1.616025665,349.4777954,-150.8654632,59.79774138,217.9479,845.1114011,5.186084684,27.61945344,9.27734375,32.58203125,13.71428585,1.281794913,74.35399933,3.475411034,0.579635425,102.4479233,1.772135568,9,1.8538424796521198
US_0009138,2005,289.5373774,919.2306667,390.6231201,1.616025665,351.3164673,-150.8654632,59.79774138,217.9479,845.1114011,5.186084684,27.61945344,9.27734375,32.58203125,13.71428585,1.281794913,73.2711441,3.418844461,0.581872937,103.3410385,2.682197595,9,1.812708206372791
US_0009138,2006,264.2922394,936.9217778,390.3528992,1.616025665,351.6209167,-150.8654632,59.79774138,217.9479,845.1114011,5.186084684,27.61945344,9.27734375,32.58203125,13.71428585,1.281794913,73.69255371,3.433225965,0.581504187,102.8586685,3.376675916,9,1.799525968248294
US_0009138,2007,217.3919885,920.4915556,376.0969055,1.616025665,335.7884644,-150.8654632,59.79774138,217.9479,845.1114011,5.186084684,27.61945344,9.27734375,32.58203125,13.71428585,1.281794913,73.24359131,3.457811165,0.582681262,100.9507797,4.483069634,9,1.7175455668475699
US_0009138,2008,232.9800361,917.0186667,351.1893494,1.616025665,313.314679,-150.8654632,59.79774138,217.9479,845.1114011,5.186084684,27.61945344,9.27734375,32.58203125,13.71428585,1.281794913,73.85144348,3.459596395,0.537706256,99.1825592,6.804795265,9,1.644128360742675
US_0009138,2009,214.9328471,877.3573333,339.8884521,1.616025665,316.551123,-150.8654632,59.79774138,217.9479,845.1114011,5.186084684,27.61945344,9.27734375,32.58203125,13.71428585,1.281794913,74.57922211,3.457863045,0.534837506,98.68192749,10.09097233,9,1.9875465969060193
US_0009138,2010,216.6477818,898.9097778,321.3297852,1.616025665,305.5431274,-150.8654632,59.79774138,217.9479,845.1114011,5.186084684,27.61945344,9.27734375,32.58203125,13.71428585,1.281794913,76.23948212,3.50281105,0.512675006,95.90225677,12.92480679,9,2.121346044326047
US_0009138,2011,213.2377338,905.5671111,315.0577881,1.616025665,299.3182373,-150.8654632,59.79774138,217.9479,845.1114011,5.186084684,27.61945344,9.27734375,32.58203125,13.71428585,1.281794913,76.22181244,3.488803482,0.517914581,95.27010956,18.57001915,9,2.0728680875502
US_0009138,2012,224.2170078,966.6253333,304.668457,1.616025665,293.566687,-150.8654632,59.79774138,217.9479,845.1114011,5.186084684,27.61945344,9.27734375,32.58203125,13.71428585,1.281794913,77.16299591,3.492284966,0.498727081,95.15133362,24.70216484,9,2.153430245454685
US_0009138,2013,209.7938142,1015.509778,321.2191223,1.616025665,306.1315735,-150.8654632,59.79774138,217.9479,845.1114011,5.186084684,27.61945344,9.27734375,32.58203125,13.71428585,1.281794913,76.75925446,3.508858967,0.554510413,97.21074371,29.98654518,9,1.9943975972834314
US_0009138,2014,212.189807,1053.755111,338.8969116,1.616025665,327.4769165,-150.8654632,59.79774138,217.9479,845.1114011,5.186084684,27.61945344,9.27734375,32.58203125,13.71428585,1.281794913,77.84751282,3.474584961,0.567743738,97.67203979,32.17091484,9,2.231887009256317
US_0009138,2015,206.2664244,1082.892889,359.9071167,1.616025665,337.9413574,-150.8654632,59.79774138,217.9479,845.1114011,5.186084684,27.61945344,9.27734375,32.58203125,13.71428585,1.281794913,76.06177368,3.471003532,0.597302075,99.46018677,34.74542542,9,1.881851550565582
US_0009138,2016,203.8205899,1097.404444,380.9848877,1.616025665,358.2542419,-150.8654632,59.79774138,217.9479,845.1114011,5.186084684,27.61945344,9.27734375,32.58203125,13.71428585,1.281794913,75.72429352,3.478459215,0.605962488,99.0038147,35.77840424,9,1.9481574975093092
US_0009171,2000,2197.420729,737.6086667,354.1523254,1.402544701,334.2943359,-153.8468866,59.7579499,340.4387,558.2291364,4.848181954,24.86234054,14.96212101,44.26893997,37.47379303,1.849368007,57.41394348,4.502763939,0.77604563,99.76908569,325.5613556,9,2.524888285821109
US_0009171,2001,2338.608724,761.2723333,350.3899963,1.402544701,330.4406616,-153.8468866,59.7579499,340.4387,558.2291364,4.848181954,24.86234054,14.96212101,44.26893997,37.47379303,1.849368007,57.81644287,4.544088936,0.748985535,99.84577942,317.3062561,9,2.4227591810083244
US_0009171,2002,2624.948513,794.944,355.1100037,1.402544701,343.4480042,-153.8468866,59.7579499,340.4387,558.2291364,4.848181954,24.86234054,14.96212101,44.26893997,37.47379303,1.849368007,58.66674881,4.553463745,0.718573401,98.2839447,269.8096283,9,2.8563983766623124
US_0009171,2003,2552.712721,771.2306667,371.6960144,1.402544701,358.4410034,-153.8468866,59.7579499,340.4387,558.2291364,4.848181954,24.86234054,14.96212101,44.26893997,37.47379303,1.849368007,58.4031105,4.499149799,0.716935535,100.9384705,225.4741852,9,2.9744182438695774
US_0009171,2004,2555.952427,769.0393333,389.8070129,1.402544701,362.5490112,-153.8468866,59.7579499,340.4387,558.2291364,4.848181954,24.86234054,14.96212101,44.26893997,37.47379303,1.849368007,57.1234993,4.447344303,0.74371449,101.0075546,195.4463409,9,2.4263267473364207
US_0009171,2005,2589.466048,765.248,396.1406799,1.402544701,363.7576721,-153.8468866,59.7579499,340.4387,558.2291364,4.848181954,24.86234054,14.96212101,44.26893997,37.47379303,1.849368007,56.02661057,4.375174713,0.758690234,101.7952774,178.453241,9,2.3130474060752575
US_0009171,2006,2577.518621,791.299,399.635022,1.402544701,368.4520081,-153.8468866,59.7579499,340.4387,558.2291364,4.848181954,24.86234054,14.96212101,44.26893997,37.47379303,1.849368007,56.11522293,4.39419136,0.750988049,100.2489426,168.5578552,9,2.309799172615198
US_0009171,2007,2377.970507,776.67,385.8923584,1.402544701,354.2150024,-153.8468866,59.7579499,340.4387,558.2291364,4.848181954,24.86234054,14.96212101,44.26893997,37.47379303,1.849368007,55.95730667,4.405816555,0.738779553,98.36041718,155.3542603,9,2.228842130833479
US_0009171,2008,2276.25952,764.6406667,358.5480164,1.402544701,327.2156738,-153.8468866,59.7579499,340.4387,558.2291364,4.848181954,24.86234054,14.96212101,44.26893997,37.47379303,1.849368007,55.99827881,4.388066673,0.710162866,96.71522522,142.4939209,9,2.0705071917795124
US_0009171,2009,2333.01863,736.2,353.0403503,1.402544701,332.9580078,-153.8468866,59.7579499,340.4387,558.2291364,4.848181954,24.86234054,14.96212101,44.26893997,37.47379303,1.849368007,56.25716782,4.402402782,0.696931433,96.82680817,140.3332886,9,2.5085132102832493
US_0009171,2010,2308.44768,739.0046667,336.4980225,1.402544701,322.7936829,-153.8468866,59.7579499,340.4387,558.2291364,4.848181954,24.86234054,14.96212101,44.26893997,37.47379303,1.849368007,57.6144455,4.402863979,0.65875979,94.5291153,133.8597336,9,2.705205552356554
US_0009171,2011,2212.99567,733.9726667,329.628009,1.402544701,316.5320129,-153.8468866,59.7579499,340.4387,558.2291364,4.848181954,24.86234054,14.96212101,44.26893997,37.47379303,1.849368007,57.6960289,4.388250065,0.653223975,93.14611511,127.774733,9,2.6963139720262213
US_0009171,2012,2294.793846,771.036,322.2320007,1.402544701,312.6913391,-153.8468866,59.7579499,340.4387,558.2291364,4.848181954,24.86234054,14.96212101,44.26893997,37.47379303,1.849368007,58.44902725,4.38322773,0.654987891,94.24080658,121.322229,9,2.7918337328513596
US_0009171,2013,2407.027092,807.4373333,338.7963379,1.402544701,323.4176514,-153.8468866,59.7579499,340.4387,558.2291364,4.848181954,24.86234054,14.96212101,44.26893997,37.47379303,1.849368007,57.90722198,4.418935966,0.688553979,96.43986053,116.562738,9,2.440778461923542
US_0009171,2014,2345.274864,836.2376667,351.4143433,1.402544701,338.9616455,-153.8468866,59.7579499,340.4387,558.2291364,4.848181954,24.86234054,14.96212101,44.26893997,37.47379303,1.849368007,58.94519424,4.383363724,0.713992407,97.03888855,112.6982513,9,2.6514962122716046
US_0009171,2015,2411.778552,860.022,369.4103394,1.402544701,346.7316406,-153.8468866,59.7579499,340.4387,558.2291364,4.848181954,24.86234054,14.96212101,44.26893997,37.47379303,1.849368007,57.33216705,4.42005806,0.795439783,98.03094635,113.0186722,9,2.230779317608741
US_0009171,2016,2242.728566,878.8376667,392.5096863,1.402544701,369.7249817,-153.8468866,59.7579499,340.4387,558.2291364,4.848181954,24.86234054,14.96212101,44.26893997,37.47379303,1.849368007,57.18636017,4.428783131,0.840448413,98.13742065,113.7192047,9,2.3476418149806295
