no,ELE,SLP,TMP,PPT,AREA
AR_0000031,3087.71,6.59,5.65,437.38,2753
AT_0000002,704.06,1.46,7.96,838.34,267.6
AT_0000003,2347.58,10.27,3.43,1408.09,80.7
AT_0000005,1615.82,7.93,7.85,1570.32,65.5
AT_0000007,1246.39,8.16,6.61,1342.94,107.4
AT_0000010,622.51,1.28,9.54,1231.28,23.5
AT_0000012,1542.74,5.11,3.74,1322.84,150.8
AT_0000015,1455.14,4.92,3.95,1389.23,53.4
AT_0000017,1161.66,4.04,6.42,1491.23,171.7
AT_0000026,1577.86,7.78,3.43,1292.02,134.5
AT_0000029,1945.69,7.03,4.39,1147.18,61.5
AT_0000032,1268.67,6.22,4.3,1271.16,147.4
AT_0000035,1081.15,3.83,7.07,1214.78,727.7
AT_0000040,1316.32,4.79,6.97,1457.67,130.3
AT_0000041,765.38,2.79,7.98,1199.91,432.3
AT_0000048,2060,7.57,4.92,1704.97,85.3
AT_0000050,1181.69,4.18,8.67,1852.93,44
AT_0000052,1321.99,5.98,5.73,1403.51,265.6
AT_0000053,1172.5,5.05,6.29,1214.71,167.3
AT_0000054,1180.34,4.09,6.75,1304.46,229.4
AT_0000057,1828.43,4.66,4.37,1729.81,102.1
AT_0000060,267.59,1.2,10.31,654.09,383.7
AT_0000061,857.12,2.93,8.72,1084.22,268.5
AT_0000063,841.16,2.89,7.71,1077.67,84.2
AT_0000066,661.24,2.07,8.42,981.95,498.9
AT_0000071,721.07,2.06,6.46,991.57,51.5
AT_0000074,460.29,2.62,8.93,810.67,37.6
AT_0000076,836.06,4.36,6.46,1142.92,42.2
AT_0000082,683.99,2.5,8.15,857.87,284.1
AT_0000084,1152.59,5.24,7.03,1250.15,80
AT_0000087,921.43,2.68,8.43,1077.67,96.5
AT_0000092,925.9,5.18,7.97,1099.48,114.4
AT_0000097,740.91,2.72,7.85,1383.68,109
AT_0000100,832.45,4.01,7.45,1349.53,445
AT_0000102,447.53,1.33,8.08,1003.24,363.5
AT_0000104,1207.08,5.73,6.68,1301.11,251.4
AT_0000106,848.44,3.63,7.04,1112.82,168.6
AT_0000108,1195.78,6.73,6.99,1410.91,40.2
AT_0000121,702.79,1.42,8.86,1053.54,227.4
AT_0000137,408.21,0.88,8.72,848.22,190.1
AT_0000138,1102.06,2.67,6.46,1283.8,280
AT_0000139,1142.38,5.25,6.64,1284.33,5915.4
AT_0000140,1420.49,5.69,4.28,1495.98,134.5
AT_0000144,823.28,2.51,7.81,1023.75,95970
AT_0000157,2817.13,6.95,2.51,1018.42,72.5
AT_0000164,2596.42,5.45,3.79,1628.26,74.5
AT_0000170,1064.99,3.8,6.88,1301.89,9480
AT_0000173,1256.91,4.69,6.58,1320.59,6791.5
AT_0000174,1296.05,4.81,6.58,1320.59,6214
AT_0000176,1745.68,5.44,4.39,1709.42,377.9
AT_0000178,1787.37,5.68,4.4,1767.34,77.1
BR_0000008,1286.53,2.71,21.67,2008.09,874000
BR_0000009,151.05,0.17,26.51,2460.91,16500
BR_0000011,135.62,0.16,26.43,2571.52,61400
BR_0000014,141.38,0.2,26.23,2543.63,36900
BR_0000015,1134.87,2.37,22,2058.83,1010000
BR_0000016,234.42,0.42,26.07,3037.15,106000
BR_0000018,1033.27,2.19,22.39,2111.62,1130000
BR_0000024,115.33,0.15,26.3,2610.95,64400
BR_0000025,309.16,0.25,25.2,1623.69,7690
BR_0000028,281.63,0.36,25.91,2138.7,1030
BR_0000030,255.35,0.21,25.6,1799.05,37800
BR_0000032,237.94,0.19,25.65,1864.68,56100
BR_0000035,223.19,0.19,25.77,1986.13,77300
BR_0000040,244.6,0.23,25.73,1957.36,49700
BR_0000041,222.01,0.2,25.74,2058.83,144000
BR_0000042,207.81,0.19,25.98,2210.15,164000
BR_0000044,259.76,0.56,25.9,2998.09,249000
BR_0000050,728.69,1.5,23.75,2204.92,1780000
BR_0000059,257.6,0.23,25.45,1874.26,63100
BR_0000061,285.76,0.23,25.22,1699.06,7020
BR_0000062,277.08,0.25,25.3,1696.37,8270
BR_0000065,236.37,0.25,25.64,1723.37,23500
BR_0000068,235.83,0.23,25.62,1865.73,105000
BR_0000071,210.05,0.22,25.74,1994.48,154000
BR_0000079,174.2,0.18,26.04,2061.64,236000
BR_0000086,614.07,1.28,24.15,2188.67,2200000
BR_0000087,219.07,0.5,26.46,3124.61,74300
BR_0000088,152.14,0.19,26.7,3370.97,4600
BR_0000089,147.84,0.2,26.7,3411.87,23600
BR_0000090,181.61,0.35,26.45,3113.73,124000
BR_0000091,202.15,0.22,26.19,2942.3,40200
BR_0000092,193.6,0.21,26.24,3011.98,44300
BR_0000093,156.63,0.12,26.06,3255.15,1970
BR_0000096,174.9,0.29,26.36,2977.25,194000
BR_0000097,95.26,0.13,26.14,3263.84,13100
BR_0000099,151.46,0.36,26.38,2962.68,293000
BR_0000102,199.87,1.45,26.09,2521.81,6800
BR_0000103,194.1,0.96,26.18,2274.65,16900
BR_0000109,476.22,1.12,25.08,2535.63,36900
BR_0000111,406.36,1.01,25.23,2442.35,50200
BR_0000112,184.06,0.55,27.16,1795.37,9860
BR_0000118,754.26,2.01,23.2,2002.57,5780
BR_0000123,381.5,0.88,25.78,2389.37,12200
BR_0000124,290.48,0.7,26.04,2276.59,19800
BR_0000125,339.56,0.92,25.08,2306.52,126000
BR_0000130,499.47,1.06,24.34,2227.18,2930000
BR_0000132,90.11,0.31,27.73,2373.67,976
BR_0000133,473.76,0.8,25.52,1527.04,2990
BR_0000136,338.72,0.67,25.75,1465.03,54400
BR_0000137,281.77,0.53,25.72,1408.6,110000
BR_0000143,943.63,1.69,21.24,1323.61,227000
BR_0000150,2152.84,6.19,16.68,1256.37,70000
BR_0000153,1104.07,2.78,17.71,1426.11,244000
BR_0000155,990.4,2.5,18.43,1461.17,281000
BR_0000158,657.87,1.36,21.19,1313.12,921000
BR_0000165,629.96,1.32,21.61,1377.14,976000
BR_0000166,223.39,0.59,26.14,1947.13,8140
BR_0000167,163.76,0.3,26.3,2099.72,988
BR_0000177,144.16,0.3,26.32,2095.54,12700
BR_0000179,381.32,0.51,25.55,1720.44,4360
BR_0000184,319.65,0.51,25.82,1633.9,10100
BR_0000186,281.32,0.42,26,1704,32800
BR_0000187,236.95,0.48,26.15,1868.92,3960
BR_0000193,234.5,0.4,26.15,1908.54,60200
BR_0000195,585.54,1.17,22.07,1458.04,1090000
BR_0000200,559.29,1.14,22.63,1580.43,1150000
BR_0000201,326.02,0.52,26.08,1866.2,15200
BR_0000204,187.6,0.41,26.31,2003.81,70100
BR_0000212,151.04,0.44,26.63,2102.92,12700
BR_0000244,468.3,1,23.99,2012.68,4670000
BR_0000246,340.9,0.5,26.55,2313.16,19800
BR_0000252,477.54,0.53,25.49,1806.2,55900
BR_0000253,385.63,0.38,25.67,1958.17,24700
BR_0000257,370.71,0.4,25.8,1948.12,37100
BR_0000262,471.27,0.53,24.61,1784.15,10800
BR_0000266,408.43,0.35,25.56,1842.12,40700
BR_0000267,386.04,0.38,25.63,1887.88,52200
BR_0000270,442.96,0.65,25.34,2231.18,1010
BR_0000289,154.79,0.54,26.81,1823.45,16200
BR_0000291,336.82,0.7,26.53,2194.55,12400
BR_0000293,370.65,0.35,26.4,2021.65,7230
BR_0000309,341.55,0.46,25.95,1862.74,255000
BR_0000311,332.87,0.49,25.99,1870.08,281000
BR_0000316,280.35,0.41,25.95,2162.81,35600
BR_0000319,304.29,0.43,26.15,1876.82,448000
BR_0000325,221.54,0.68,26.67,2420.6,4470
BR_0000326,252.66,0.55,26.46,2297.29,51500
BR_0000340,837.3,1.2,23.41,1440.12,11200
BR_0000343,816.52,1.22,24.12,1609.14,1970
BR_0000346,726.8,0.85,25.38,1624.31,3700
BR_0000347,728.31,0.89,24.88,1589.58,10600
BR_0000350,705.06,0.93,25.13,1550.33,18400
BR_0000351,735.65,1.06,24.23,1502.85,34600
BR_0000353,787.12,1.78,24.17,1451.84,2910
BR_0000355,1010.39,1.33,24.16,1464.8,4680
BR_0000356,822.16,1.69,24.63,1520.44,878
BR_0000357,730.68,1.23,24.92,1491.22,57400
BR_0000358,730.68,1.23,24.92,1491.22,57400
BR_0000360,658.19,1.51,24.38,1336.69,7210
BR_0000362,773.16,0.81,24.7,1280.04,3760
BR_0000363,656.71,1.17,24.73,1353.75,22600
BR_0000366,621.48,0.94,25.72,1317.18,2840
BR_0000368,649.46,1.23,24.96,1353.53,29600
BR_0000370,616.83,1.26,25.05,1370.83,40200
BR_0000371,669.59,1.87,25.38,1338,1040
BR_0000372,541.8,0.94,25.99,1365,12400
BR_0000373,499.56,0.84,26.2,1365.51,17700
BR_0000375,639.67,1.19,25.55,1438.52,126000
BR_0000376,634.62,1.19,25.55,1438.52,128000
BR_0000377,391.25,0.66,26.46,1501.48,8720
BR_0000379,357.54,0.51,26.72,1516.56,13900
BR_0000380,580.49,0.98,26.03,1330.51,1780
BR_0000382,406.14,0.68,26.63,1406.16,14500
BR_0000385,546.12,1.02,25.96,1447.5,185000
BR_0000387,464.37,0.68,26.46,1275.71,18000
BR_0000389,419.22,0.73,27.03,1401.75,12100
BR_0000391,404.54,0.62,26.77,1345.05,44100
BR_0000392,506.21,0.89,26.13,1459.19,242000
BR_0000396,387.23,0.53,26.83,1207.06,3120
BR_0000397,327.47,0.54,26.96,1344.55,4100
BR_0000399,479.55,0.84,26.26,1473.35,275000
BR_0000403,463.51,0.82,26.36,1478.78,297000
BR_0000406,771.74,0.77,23.53,1606.86,2080
BR_0000411,765.52,0.65,23.58,1604.3,4460
BR_0000415,635.12,0.85,24,1590.23,18400
BR_0000426,641.63,0.87,25.31,1615.22,2060
BR_0000433,457.39,0.83,26.3,1601.74,5310
BR_0000435,516.94,0.79,24.85,1595.18,76300
BR_0000437,481.38,0.71,25.08,1589.28,92300
BR_0000446,610.91,0.46,23.64,1744.92,17700
BR_0000449,478.05,0.53,24.38,1679.86,41100
BR_0000451,416.84,0.54,25.45,1612.34,194000
BR_0000455,266.78,0.3,27.31,1538.42,6610
BR_0000464,339.17,0.44,25.77,1703.98,332000
BR_0000466,236.41,0.43,27.07,1765.58,1150
BR_0000467,251.73,0.55,27.02,1727.26,1580
BR_0000470,324.9,0.44,25.86,1731.28,377000
BR_0000473,321.24,0.43,25.89,1727.82,388000
BR_0000474,376.36,0.61,25.91,1650.87,703000
BR_0000477,368.68,0.61,25.91,1650.87,746000
BR_0000479,362.46,0.58,26,1664.06,764000
BR_0000481,91.41,0.28,25.71,2725.03,3330
BR_0000482,64.97,0.28,25.7,2882.37,514
BR_0000484,81.86,0.24,25.96,2733,296
BR_0000485,77.6,0.25,26.8,2413.95,1810
BR_0000486,148.77,0.25,26.19,2474.8,10600
BR_0000489,174.07,0.37,26.26,2409.71,10800
BR_0000492,75.53,0.2,27.28,2334.4,3440
BR_0000494,71.41,0.22,27.28,2370.03,5220
BR_0000497,149.39,0.42,27.54,1964.89,25900
BR_0000498,134.44,0.41,27.51,2052.93,32200
BR_0000503,75.99,0.2,27.33,2324.03,1800
BR_0000505,66.54,0.2,27.32,2350.02,2630
BR_0000507,120.02,0.48,27.43,2067.5,4690
BR_0000510,134.21,0.4,27.27,1834.82,32900
BR_0000512,64.02,0.2,27.37,2016.27,3870
BR_0000513,51.56,0.19,27.52,2371.17,724
BR_0000514,263.73,0.59,26.94,1294.74,5480
BR_0000517,222.31,0.71,27.16,1252.07,5930
BR_0000518,192.72,0.59,27.2,1400.14,35400
BR_0000519,336.24,0.68,26.51,1176.88,3730
BR_0000522,288.1,0.64,26.7,1074.64,3000
BR_0000525,270.73,0.56,26.72,1129.82,13200
BR_0000526,257.21,0.52,26.77,1136,15400
BR_0000527,212.12,0.5,27.32,1082.92,1320
BR_0000530,219.94,0.5,26.99,1202.11,24000
BR_0000531,212.09,0.5,27.06,1224.39,25200
BR_0000532,210.44,0.48,27.07,1232.14,25500
BR_0000534,306.96,0.53,26.54,1215.32,4510
BR_0000535,242.6,0.52,26.68,1181.37,3590
BR_0000540,208.87,0.51,27.03,1264.13,20300
BR_0000542,389.67,0.9,26.67,1218.67,6060
BR_0000544,377.88,0.78,26.61,1190.75,5750
BR_0000545,356.72,0.74,26.77,1196.65,6890
BR_0000546,362.82,0.84,26.76,1187.45,15000
BR_0000548,278,0.68,27.41,1173.38,5320
BR_0000549,305,0.71,27.14,1155.85,27300
BR_0000550,279.34,0.66,27.27,1194.34,32700
BR_0000551,120.78,0.29,27.71,1340.27,5560
BR_0000552,236.04,0.57,27.41,1272.63,43800
BR_0000558,215.37,0.53,27.48,1340.82,49900
BR_0000561,87.01,0.23,27.77,1604.4,4210
BR_0000563,87.27,0.19,27.61,1670.75,3990
BR_0000565,81.26,0.23,27.71,1665.61,12600
BR_0000570,458.63,0.82,26.43,1166.07,25500
BR_0000574,472.82,0.94,26.99,1008.72,15600
BR_0000586,415.95,0.76,26.7,1039.9,140000
BR_0000601,390.86,0.7,26.8,916.28,235000
BR_0000605,418.08,0.82,26.56,837.55,19200
BR_0000607,390.31,0.75,26.77,898.24,43400
BR_0000609,359.22,0.74,26.97,979.42,51400
BR_0000614,149.92,0.24,27.52,1371.28,11200
BR_0000617,202.33,0.49,27.18,1255.02,21800
BR_0000625,302.92,0.91,26.51,846.88,3640
BR_0000628,331.82,1,26.35,706.65,2370
BR_0000629,306.03,0.93,26.63,746.56,2800
BR_0000633,150.78,0.43,27.55,798.41,46
BR_0000635,176.77,0.74,27.01,805.67,2680
BR_0000639,522.01,2.45,26.42,1273.71,223
BR_0000642,225.29,1.02,26.97,861.54,4100
BR_0000646,572.89,0.68,25.8,650.43,3460
BR_0000649,553.19,1.02,25.55,765.75,3530
BR_0000650,542.28,1.08,25.61,816.73,6000
BR_0000655,617.03,0.82,25.37,832.45,4230
BR_0000657,529.7,1.05,25.61,879.81,8840
BR_0000659,454.81,0.86,26.15,752.3,39600
BR_0000665,324.48,0.73,26.93,751.53,17300
BR_0000670,242.07,0.84,27.67,809.43,7690
BR_0000682,490.35,0.96,25.2,862.88,4560
BR_0000684,452.67,0.96,25.33,859.38,8580
BR_0000685,401.12,0.88,25.95,845.17,15200
BR_0000689,372.62,0.91,25.85,782.41,21600
BR_0000692,375.14,0.88,26.14,614.78,9710
BR_0000695,340.72,0.89,26.22,726.93,38100
BR_0000710,388.25,0.94,24.98,777.07,3450
BR_0000711,392.81,1.11,24.84,925.89,875
BR_0000713,309.31,0.87,25.09,972.84,2950
BR_0000715,604.57,0.57,24.03,622.84,5030
BR_0000717,555.71,0.49,24.38,557.58,13700
BR_0000725,170.52,0.96,25.21,1131.52,472
BR_0000727,270.04,0.96,25.19,1047.37,692
BR_0000730,628.49,1.31,23.5,548.56,1560
BR_0000733,495.17,1.16,23.99,623.81,5580
BR_0000740,421.69,1.03,24.2,747.99,7290
BR_0000746,162.55,0.72,24.54,1380.32,372
BR_0000751,685.31,1.05,23.28,833.17,2960
BR_0000755,348.62,0.99,24.05,1371.53,1310
BR_0000757,630.08,0.86,22.84,680.03,2610
BR_0000760,546.92,1.1,23.1,842.38,4910
BR_0000763,288.13,1.01,23.89,1407.36,756
BR_0000766,251.1,1.23,24.29,1534.33,787
BR_0000768,631.35,1.17,23.45,1118.25,767
BR_0000769,662.49,0.91,22.86,938.98,1170
BR_0000770,580.82,1.11,23.28,1070.55,2900
BR_0000772,505.41,1.09,23.55,1211.81,3560
BR_0000773,661.4,1.11,23.45,994.52,1340
BR_0000775,498.93,1.1,23.55,1130.97,2600
BR_0000784,1002.23,2.16,20.97,1586.96,757
BR_0000788,780.47,0.91,21.53,1411.18,296
BR_0000793,975.13,1.33,21.25,1532.11,569
BR_0000798,709.88,0.62,22.1,1416.6,650
BR_0000805,844.18,0.76,21.17,1472.56,1040
BR_0000807,850.82,0.81,21.13,1489.87,1910
BR_0000809,1005.86,0.78,21.46,1547.52,338
BR_0000812,864.01,0.98,21.84,1470.64,1560
BR_0000818,681.17,0.71,22.95,1307.37,769
BR_0000820,703.11,0.72,22.88,1364.56,471
BR_0000823,1002.43,0.86,20.31,1454.17,462
BR_0000837,1002.23,0.96,20.33,1479.89,2770
BR_0000840,993.57,1.05,20.38,1503.43,4120
BR_0000841,943.57,1.44,21.21,1546.95,670
BR_0000868,908.49,1,21.16,1474.24,8750
BR_0000872,917.65,1.03,22.38,1465.57,1730
BR_0000873,887.73,1.15,22.58,1419.98,2214.8
BR_0000874,893.03,0.95,22.93,1364.64,970
BR_0000876,911.01,0.84,22.7,1424.04,1200
BR_0000879,862.81,0.88,22.99,1351.39,5186.2
BR_0000880,791.32,0.81,22.27,1316.1,62200
BR_0000883,1174.37,1.72,19.63,1523.4,175
BR_0000890,1102.9,1.63,19.63,1545.87,1550
BR_0000898,987.91,1.49,20.99,1494.49,3730
BR_0000904,901.83,1.22,21.24,1457.22,7080
BR_0000906,791.52,0.85,22.28,1340.98,238
BR_0000909,772.24,0.79,22.32,1320.53,469
BR_0000914,834.24,1.07,21.54,1393.88,10700
BR_0000915,638.57,0.52,23.09,1073.14,826
BR_0000921,1025.99,1.86,21.23,1323.56,3980
BR_0000925,905.82,2.32,21.79,1015.51,1420
BR_0000929,792.86,1.32,22.26,1003.04,4350
BR_0000931,868.71,1.41,22.71,1106.46,532
BR_0000935,851.11,0.63,22.73,1033.94,1310
BR_0000937,756.76,1.9,23.33,1438.87,464
BR_0000939,792.5,1.25,23.4,1388.07,248
BR_0000940,693.26,0.95,23.76,1363.19,2000
BR_0000941,677.1,0.9,23.76,1368.77,7750
BR_0000945,660.25,0.79,23.71,1282.02,1590
BR_0000946,762.89,1.42,23.56,1344.85,551
BR_0000970,877.98,0.8,22.72,1372.29,5360
BR_0000973,793.07,0.68,23.43,1307.43,424
BR_0000974,736.47,0.71,23.49,1292.33,680
BR_0000975,817.26,1.01,23.59,1311.54,553
BR_0000980,887.34,0.94,23.21,1290.7,210
BR_0000982,760.62,0.6,23.63,1141,5700
BR_0000983,701.16,0.75,23.59,1258.92,40900
BR_0000989,784.72,1.77,23.64,1304.65,3020
BR_0000990,882.94,1.14,24.25,1334.57,3160
BR_0000992,780.94,1.23,24.15,1365.6,11800
BR_0000994,753.24,1.03,24.04,1308.79,18600
BR_0000995,778.4,0.66,23.95,1133.31,2300
BR_0000999,725.37,0.95,24.04,1260.22,24600
BR_0001001,688.13,0.57,24.32,1057.87,3230
BR_0001004,745.11,0.86,22.94,1267.32,194000
BR_0001009,628.48,0.64,25.03,892.04,624
BR_0001013,660.66,0.76,23.63,908.82,12200
BR_0001015,634.82,0.88,23.91,847.41,29400
BR_0001019,732.53,0.68,24.46,1091.46,5850
BR_0001020,736,0.64,24.46,1133.11,12600
BR_0001021,732.59,0.56,24.39,1009.33,2380
BR_0001024,721.64,0.65,24.53,1098.55,16300
BR_0001027,709.67,0.8,23.25,1194.07,271000
BR_0001029,791.98,0.45,24.87,1021.21,3900
BR_0001037,794.9,0.48,24.79,1016.13,5540
BR_0001040,759.67,0.49,24.67,1006.03,9550
BR_0001041,761.46,0.44,24.81,1047.38,29600
BR_0001042,753.92,0.46,24.87,1024.55,31000
BR_0001043,710.59,0.77,23.39,1186.11,309000
BR_0001044,705.62,0.78,23.52,1181.71,314000
BR_0001050,776.26,0.28,25.15,1195.29,4950
BR_0001052,793.88,0.26,25.27,1254.7,6350
BR_0001054,761.99,0.38,24.86,981.8,4470
BR_0001057,758.66,0.43,25.39,1270.85,5380
BR_0001060,805.6,0.16,25.29,1227.84,2710
BR_0001065,757.7,0.43,25.26,1093.37,33100
BR_0001068,717.13,0.48,25.29,1080.91,39600
BR_0001069,736.33,0.58,25.47,1102.73,6930
BR_0001074,663.88,0.61,25.58,1019.03,22000
BR_0001079,780.69,1.66,23.78,586.44,6750
BR_0001089,507.12,0.56,25.4,445.64,3540
BR_0001095,661.83,0.74,24.53,997.45,561000
BR_0001099,579.58,0.8,24.99,746.46,9660
BR_0001110,636.08,0.75,24.6,980.76,631000
BR_0001111,156.98,0.52,25.87,934.99,735
BR_0001117,484.2,0.66,24.99,495.41,7300
BR_0001118,489.76,0.77,25.12,515.52,8730
BR_0001121,394.41,0.71,25.23,595.66,15900
BR_0001123,300.42,0.7,25.11,727.32,2940
BR_0001124,247.08,0.63,25.19,816.02,4480
BR_0001132,466.69,0.75,24.6,560.42,18300
BR_0001133,435.41,0.73,24.64,556.43,26100
BR_0001137,394.07,0.72,24.79,613.24,35200
BR_0001138,289.1,0.65,24.93,728.39,2890
BR_0001139,240.01,0.56,25.08,943.87,4380
BR_0001140,196.45,0.42,25.1,1197.16,1200
BR_0001141,196.45,0.42,25.1,1197.16,1200
BR_0001144,242.3,0.41,24.76,865.88,1210
BR_0001148,214.08,0.51,24.83,1016.03,3210
BR_0001150,189.97,0.46,24.89,1090.49,4480
BR_0001151,184.39,0.45,24.93,1122.79,4700
BR_0001158,199.73,0.13,24.77,1065.38,175
BR_0001159,191.99,0.4,24.77,1107.64,390
BR_0001162,962.79,1.35,22.44,710.39,6180
BR_0001165,875.69,0.99,23.26,774.61,731
BR_0001172,651.21,1.2,23.39,682.14,32000
BR_0001176,639.88,0.87,23.77,663.45,5040
BR_0001177,540.76,0.69,24.06,622.09,7130
BR_0001190,330.18,1.1,24.02,1269.97,270
BR_0001191,227.93,0.72,24.44,1500.8,1110
BR_0001192,338.21,1.27,23.88,1360.43,1110
BR_0001196,263.58,0.61,24.89,1721.21,263
BR_0001199,924.15,3.07,23.07,720.76,3370
BR_0001205,673.81,1.34,23.72,630.63,13500
BR_0001209,685.27,1.43,23.37,665.02,32500
BR_0001213,628.26,1.45,23.37,727.98,47200
BR_0001215,642.72,1.7,22.91,768.89,2730
BR_0001218,601.28,1.44,23.47,777.07,54000
BR_0001222,232.12,1.55,24.53,1298.24,1180
BR_0001223,300.15,0.92,24,868.25,827
BR_0001224,268.08,1.05,24.02,972.5,2260
BR_0001226,310.74,1.46,24.14,1062.3,997
BR_0001227,266.37,1.19,24.1,1038.07,3850
BR_0001228,262.52,1.17,24.13,1077.48,3950
BR_0001231,922.08,1.13,22.81,808.74,5520
BR_0001234,864.93,0.97,22.77,769.28,16400
BR_0001237,777.78,1.03,22.98,754.42,26100
BR_0001239,847.07,0.95,22.3,702.43,1440
BR_0001242,719,1.04,23.14,788.75,29400
BR_0001250,924.42,1.73,21.46,1122.89,7720
BR_0001252,928.64,1.23,22.13,936.88,4050
BR_0001255,842.5,0.98,22.75,887.31,2290
BR_0001256,834.87,1.53,22.51,994.15,23400
BR_0001260,882.79,1.55,21.49,1148.84,2850
BR_0001262,916.66,1.52,21.88,1121.12,1720
BR_0001272,795.03,1.48,22.78,912.56,1180
BR_0001274,807.03,1.55,22.56,986.45,40600
BR_0001279,777.27,1.59,23.56,841.07,1350
BR_0001283,634.33,1.69,23.83,860.61,1900
BR_0001285,721.16,1.56,23.16,761.63,2820
BR_0001293,246.88,1.27,24.75,1085.39,751
BR_0001294,586.61,1.64,23.3,952.21,936
BR_0001298,308.74,1.09,24.54,1053.79,1800
BR_0001299,291.91,1.09,24.62,1059.09,1980
BR_0001304,313.73,0.92,24.43,1018.54,4720
BR_0001306,641.69,1.31,22.81,990.77,2080
BR_0001308,604.55,1.45,23.1,948.94,5100
BR_0001313,439.84,1.13,23.7,952.6,13700
BR_0001323,479.32,1.62,23.37,1029.39,424
BR_0001326,338.75,0.88,23.73,1059.11,6930
BR_0001330,439.27,1.56,23.51,1080.87,2500
BR_0001332,370.93,1.35,23.67,1090.17,4190
BR_0001333,333.63,1.04,23.89,1080.21,12000
BR_0001349,765.15,0.92,20.97,1385.98,6230
BR_0001364,904.39,1.75,20.77,1432.24,1370
BR_0001369,742.29,1.11,21.05,1391.13,10100
BR_0001374,789.2,1.62,20.47,1294.94,1350
BR_0001377,754.74,1.59,20.81,1290.72,1870
BR_0001379,691.68,1.23,21.27,1358.79,15900
BR_0001382,599.51,1.26,21.86,1230.02,855
BR_0001391,859.17,1.92,21.16,1460.69,3060
BR_0001402,816.16,1.82,21.73,1409.1,5270
BR_0001404,689.61,1.39,21.45,1356.12,24200
BR_0001411,796.46,2.24,21.55,1450.41,1260
BR_0001414,753.18,1.72,21.63,1355.71,10200
BR_0001416,774.88,1.23,21.62,1314.9,1970
BR_0001420,683.85,1.36,21.61,1326.82,40500
BR_0001421,777.64,1.04,21.18,1255,2570
BR_0001422,600.56,0.93,22.06,1111.44,622
BR_0001423,515.15,1.72,22.74,1048.48,2670
BR_0001424,583.45,1.32,22.07,1153.62,9770
BR_0001427,450.96,1.38,23.24,1043.53,1390
BR_0001428,635.1,1.32,21.82,1265.43,55100
BR_0001432,542.23,1.83,23.04,1175.82,3220
BR_0001436,616.1,1.37,22.06,1237.88,61200
BR_0001444,808.68,2.12,21.26,1268.26,2260
BR_0001445,798.95,2.13,21.33,1265.45,2350
BR_0001453,530,2.36,22.12,1196.83,1180
BR_0001457,767.78,3.19,20.91,1243.94,435
BR_0001459,695.03,2.38,21.61,1225.34,1330
BR_0001464,440.59,2.4,22.98,1201.46,893
BR_0001468,592.68,1.57,22.28,1223.87,76400
BR_0001470,298.23,1.66,23.85,1129.56,920
BR_0001472,567.48,1.56,22.53,1215.63,82100
BR_0001475,801.59,1.24,23.56,1269.58,88
BR_0001481,790.78,1.72,21.8,1238.03,1690
BR_0001484,509.74,3.29,23.67,1170.64,152
BR_0001485,1011.17,4.07,20.91,1255.09,205
BR_0001487,861.62,1.92,20.72,1230.48,566
BR_0001488,846.55,2.6,20.92,1224.04,1010
BR_0001491,695.83,2.69,21.52,1192.91,2720
BR_0001492,911.85,2.63,20.91,1223.09,410
BR_0001494,732.69,2.88,22.15,1192.48,1420
BR_0001495,668.89,2.81,21.83,1189.32,4510
BR_0001497,611.66,2.63,21.86,1183.51,5170
BR_0001499,285.95,2.86,23.63,1088.78,478
BR_0001505,500.48,2.07,23.11,1138.7,365
BR_0001506,591.13,2.03,22.18,1173.58,3620
BR_0001542,855.22,2.27,18.39,1548.71,407
BR_0001568,828.82,1.56,19.26,1661.67,10300
BR_0001572,1062.54,5.82,19,1695.77,171
BR_0001574,657.94,1.05,19,1590.57,36.4
BR_0001575,652.48,3.28,19.01,1493.88,39.4
BR_0001582,820.81,1.61,19.04,1660.04,12200
BR_0001583,820.81,1.61,19.04,1660.04,12200
BR_0001594,724.59,3.51,20.9,1622.25,342
BR_0001613,1000.43,2.61,19.81,1655.74,930
BR_0001620,815.35,0.81,20.33,1494.51,969
BR_0001625,899.47,1.8,19.86,1473.07,2240
BR_0001633,875.32,2.58,19.67,1560.06,1800
BR_0001635,643.27,1.91,21.26,1387.25,256
BR_0001647,446.67,0.72,21.98,1380,348
BR_0001648,354.69,0.97,22.3,1331.53,590
BR_0001649,707.1,1.6,20.84,1483.4,784
BR_0001650,752.36,1.53,20.77,1516.07,322
BR_0001657,459.64,1.49,21.84,1312.96,1280
BR_0001664,619.37,1.57,20.94,1458.39,1770
BR_0001669,669.46,1.71,20.63,1524.79,45300
BR_0001672,1210.18,3.09,19.49,1582.34,234
BR_0001676,1104.3,2.4,19.49,1495.45,170
BR_0001678,890.7,2.4,20.25,1379.59,1370
BR_0001679,765.04,2.55,21.28,1328.45,1810
BR_0001686,455.55,1.65,22.04,1299.34,1120
BR_0001687,661.11,1.73,20.73,1510.47,48900
BR_0001692,963.45,2.42,19.96,1344.11,393
BR_0001693,879.71,2.13,20.05,1333.85,744
BR_0001702,1161.7,1.89,19.89,1499.9,67
BR_0001708,569.75,6.01,21.5,1341.85,289
BR_0001718,1001.26,6.69,20.55,2059.03,79
BR_0001721,937.93,0.89,22.59,1502.71,3800
BR_0001728,910.27,0.62,22.74,1434.83,8370
BR_0001729,897.95,0.63,22.87,1442.71,10700
BR_0001730,912.27,0.51,23.29,1456.34,922
BR_0001753,937.53,0.39,22.67,1532.32,777
BR_0001756,1037.94,0.84,23.58,1592.34,1650
BR_0001761,1146.41,1.16,22.49,1488.87,113.23
BR_0001762,1115.59,0.66,22.49,1489.03,20.13
BR_0001763,1169.9,0.8,22.49,1487.94,12.12
BR_0001764,1209.25,0.93,22.49,1487.39,111.96
BR_0001765,1183.25,1.25,22.49,1482.87,15.51
BR_0001766,1197.45,0.75,22.49,1478.39,76.15
BR_0001767,1160.03,1.08,22.49,1486.55,433.49
BR_0001777,1001.78,0.89,23.06,1539.4,7690
BR_0001788,1109.36,1.03,22.32,1420.53,214.99
BR_0001792,1068.56,1.09,22.28,1420.5,689.19
BR_0001796,1190.92,1.17,22.32,1465,39.69
BR_0001798,1162.93,1.43,22.32,1467.08,234.36
BR_0001800,1103.8,0.63,22.32,1458.84,120.32
BR_0001809,1098.29,0.81,22.24,1480.47,134.93
BR_0001810,1118.24,0.98,22.16,1453.5,32.15
BR_0001817,1067.9,1.04,22.3,1439.12,2132
BR_0001822,1003.37,0.93,22.29,1467.37,4130
BR_0001825,894.1,0.73,23.23,1520.24,3680
BR_0001827,946.71,0.83,23.03,1502.84,20700
BR_0001828,946.71,0.83,23.03,1502.84,20700
BR_0001831,760.96,0.74,24.07,1490.55,2360
BR_0001837,850.22,0.83,24.3,1622.54,1740
BR_0001838,886.77,1.05,24.05,1604.63,765
BR_0001840,853.18,0.89,24.24,1613.36,2830
BR_0001841,1054.6,0.88,23.47,1597.86,51
BR_0001842,888.27,0.95,23.76,1560.74,1290
BR_0001845,786.49,0.74,24.41,1554.92,1250
BR_0001847,781.88,0.79,24.32,1546.53,9590
BR_0001852,590.61,0.55,25.44,1594.49,7890
BR_0001853,616.38,0.66,25.26,1577.52,17300
BR_0001854,880.69,0.7,24.18,1636.15,1020
BR_0001855,832.87,0.52,24.44,1631.18,808
BR_0001856,797.56,0.58,24.57,1617.8,5950
BR_0001858,808.45,0.62,24.38,1621.45,1170
BR_0001859,767.7,0.6,24.61,1612.45,8750
BR_0001861,721.94,0.59,24.66,1599.34,12800
BR_0001862,659.61,0.64,25.05,1580.69,30700
BR_0001864,641.85,0.62,25.06,1508.38,1360
BR_0001866,764.95,0.53,23.45,1491.25,3760
BR_0001868,729.62,0.58,24.17,1498.01,830
BR_0001871,538.35,0.66,24.9,1350.48,756
BR_0001872,615.54,0.86,24.67,1502.41,1630
BR_0001877,736.42,0.68,24.42,1541.16,13600
BR_0001878,863.14,0.68,23.76,1618.88,638
BR_0001880,477.34,0.51,25.07,1301.63,3520
BR_0001881,828.24,0.38,23.71,1561.95,1450
BR_0001882,801.51,0.57,23.89,1552.16,3190
BR_0001884,669.39,0.57,24.31,1509.85,6850
BR_0001885,746.83,0.62,24.08,1497.82,1200
BR_0001886,717.89,0.51,24.23,1492.84,4040
BR_0001887,698.61,0.59,24.31,1481.98,4700
BR_0001888,679.91,0.6,24.34,1475.89,5220
BR_0001926,1069.39,1.03,19.69,1556.93,15400
BR_0001938,1673.12,1.35,17.1,1842.77,109
BR_0001945,1460.04,3.24,18.45,1708.56,869
BR_0001964,1101.13,2.3,18.42,1633.46,7330
BR_0001989,1054.72,1.84,18.9,1598.36,6300
BR_0001998,978.14,1.02,20.52,1538.06,884
BR_0002006,1024,0.87,20.81,1551.39,1280
BR_0002014,877.4,0.74,22.25,1522.48,202
BR_0002019,776.37,1.19,22.72,1504.96,83
BR_0002022,673.83,0.83,22.89,1483.26,267
BR_0002024,775.21,0.9,22.32,1489.38,6270
BR_0002027,737.69,0.65,23.52,1534.29,1980
BR_0002033,966.62,1.35,20.6,1507.42,76
BR_0002047,1198.4,1.89,18.74,1645.21,463
BR_0002048,1078.67,1.59,19.25,1584.37,918
BR_0002055,1128.22,1.76,18.8,1546.08,1140
BR_0002070,793.84,1.07,20.63,1436.02,12300
BR_0002073,622.38,0.44,23.31,1309.08,435
BR_0002076,737.52,0.98,21.28,1416.66,17300
BR_0002078,701.85,0.77,22.94,1486.11,263
BR_0002088,747,0.98,21.58,1429.02,34200
BR_0002095,568.65,0.44,23.59,1287.16,580
BR_0002096,564.61,0.45,23.65,1265.56,623
BR_0002097,552.39,0.44,23.76,1271.04,2070
BR_0002098,547.88,0.44,23.85,1229.01,430
BR_0002100,537.44,0.43,24.08,1250.86,4860
BR_0002104,466.79,0.37,24.91,1139.46,632
BR_0002106,469.88,0.43,24.74,1177.25,40.6
BR_0002157,859.66,0.64,19.77,1370.3,101
BR_0002167,914.13,0.53,19.34,1544.04,325
BR_0002169,775.24,0.71,19.81,1375.53,2010
BR_0002173,705.48,0.81,19.9,1249.88,1550
BR_0002181,1275.68,2.26,17.33,1679.7,955
BR_0002185,1051.9,1.87,18.63,1498.95,2180
BR_0002186,1199.67,1.98,17.4,1585.5,102
BR_0002196,1134.51,2.23,18.61,1561.99,407
BR_0002209,666.5,0.98,21.02,1314,1580
BR_0002220,816.79,0.99,20.86,1361.19,229
BR_0002225,769.15,0.65,20.86,1345.78,218
BR_0002226,769.68,0.66,20.86,1345.78,219
BR_0002233,766.1,0.82,21.3,1349.38,1070
BR_0002234,690.62,0.84,22.58,1320.15,411
BR_0002237,576.12,0.97,22.03,1289.34,187
BR_0002252,427.05,0.43,24.31,1159.99,459
BR_0002254,415.61,0.37,25.11,1119.66,105
BR_0002258,641.87,0.72,24.17,1468.62,7210
BR_0002261,555.49,0.61,24.43,1432.47,17900
BR_0002262,545.99,0.61,24.49,1421.43,19000
BR_0002263,710.61,0.79,23.07,1378.1,477000
BR_0002268,465.55,0.57,23.5,1175.45,6220
BR_0002271,573.31,0.67,24.48,1409.81,2940
BR_0002273,493.97,0.62,24.62,1367.18,14500
BR_0002279,472.13,0.61,23.86,1212.09,65.5
BR_0002280,403.81,0.44,23.54,1148.77,701
BR_0002282,541.2,0.61,24.19,1354.88,8150
BR_0002284,510.02,0.42,23.88,1367.01,2530
BR_0002286,486.9,0.5,24.21,1387.67,501
BR_0002287,476.75,0.54,24.14,1370.43,1460
BR_0002290,433.2,0.53,24.35,1346.59,13600
BR_0002291,451.11,0.56,24.42,1336.95,31000
BR_0002293,747.75,0.73,20.01,1405.65,687
BR_0002296,773.25,0.82,19.73,1388.13,532
BR_0002302,793.49,0.86,19.05,1356.26,707
BR_0002314,915.36,1.24,18.99,1374.37,1550
BR_0002317,921.49,1.14,18.81,1407.29,1690
BR_0002331,543.29,0.63,22.35,1250.69,891
BR_0002337,519.09,0.56,22.59,1166.02,900
BR_0002338,449.78,0.58,23.08,1249.24,649
BR_0002341,680.68,0.96,20.1,1347.57,3970
BR_0002348,660.71,1,20.19,1359.21,2610
BR_0002352,504.45,0.55,22.85,1195.72,1560
BR_0002359,856.11,0.57,18.21,1501.25,1340
BR_0002361,862.59,0.6,18.29,1508.02,5710
BR_0002366,978.58,0.89,18.35,1572.82,1040
BR_0002375,1026.98,0.47,18.31,1573.56,1590
BR_0002387,870.59,0.85,19.02,1474.88,18400
BR_0002389,869.78,0.84,19.06,1470.5,18700
BR_0002391,644.63,1,20.76,1489.2,820
BR_0002393,848.08,0.86,19.3,1473.24,20700
BR_0002396,595.53,0.96,21.42,1477.07,331
BR_0002412,832.94,0.83,19.43,1467.41,21900
BR_0002417,636.51,0.9,21.11,1347.77,1050
BR_0002432,517.69,0.78,22.14,1296.18,4490
BR_0002434,655.89,0.72,22.81,1415.03,676000
BR_0002436,655.89,0.72,22.81,1415.03,676000
BR_0002439,585.76,0.55,22.83,1569.02,731
BR_0002443,411.7,0.42,23.93,1388.71,4470
BR_0002446,407.46,0.44,23.83,1404.2,31900
BR_0002448,861.33,1.01,18.06,1596.52,1050
BR_0002457,804.86,1.4,18.85,1582.88,8540
BR_0002460,675.72,1.5,20.17,1499.76,2610
BR_0002461,755.64,1.35,19.29,1561.27,12700
BR_0002464,614.77,1.06,20.3,1501.17,3290
BR_0002465,696.9,1.2,19.72,1543.85,19400
BR_0002467,673.6,0.53,20.54,1539.62,853
BR_0002470,595.43,0.6,20.86,1490.75,1530
BR_0002472,664.33,1.11,19.89,1538.64,23100
BR_0002479,462.71,0.73,21,1343.37,818
BR_0002484,590.87,0.99,20.35,1497.7,32500
BR_0002493,577.15,0.96,20.4,1501.35,34400
BR_0002494,490.24,0.6,22.84,1592.53,1830
BR_0002497,434.32,0.53,23.13,1544.91,7200
BR_0002498,415.73,0.55,23.17,1535.36,8970
BR_0002500,409.82,0.53,22.8,1626.97,1060
BR_0002502,911.2,0.98,18.86,1696.63,1690
BR_0002504,808.59,1.07,18.85,1701.99,3540
BR_0002505,773.27,1.04,18.92,1705.74,4160
BR_0002507,650.24,0.98,19.62,1633.3,2520
BR_0002509,705.9,1.06,19.18,1669.14,7650
BR_0002511,601.16,0.78,20.11,1596.96,1340
BR_0002512,673.03,0.7,19.89,1760.42,598
BR_0002513,666.11,0.97,19.63,1645.94,11200
BR_0002515,656.01,0.97,19.65,1646.34,12100
BR_0002517,501.56,0.58,20.73,1437.49,2040
BR_0002518,466.84,0.52,20.86,1442.46,2960
BR_0002519,593.44,0.82,20.14,1575.51,17400
BR_0002522,563.91,0.79,20.3,1568.57,20900
BR_0002538,472.26,1.11,20.87,1752.29,568
BR_0002554,937.46,0.66,18.15,1719.38,89.2
BR_0002555,928.92,0.47,17.95,1804.31,385
BR_0002558,930.19,0.48,17.95,1762.3,564
BR_0002560,922.91,0.42,18.15,1630.68,43
BR_0002576,953.62,0.46,17.91,1608.39,262
BR_0002585,977.58,0.69,18.15,1628.15,25
BR_0002592,920.25,0.35,17.76,1636.17,2330
BR_0002594,931.91,0.42,18.04,1519.81,231
BR_0002606,905.5,0.77,18.21,1656.11,803
BR_0002617,899.78,0.57,17.6,1507.34,939
BR_0002634,866.69,0.53,17.86,1562.76,18600
BR_0002668,1147.41,0.79,18.23,1695.59,314
BR_0002670,1057.34,0.74,18.11,1690,2220
BR_0002689,1093.97,0.74,16.84,1834.01,1660
BR_0002701,782.26,1.16,18.2,1953.77,272
BR_0002723,595.05,1.02,19.74,1789.18,1310
BR_0002727,824.99,0.88,18.19,1706.01,63300
BR_0002728,819.58,0.89,18.27,1709.12,63900
BR_0002740,382.4,0.5,26.04,1715.93,1600
BR_0002741,413.55,1.5,26.65,1350.17,1310
BR_0002742,307.52,0.89,26.51,1451.49,9250
BR_0002743,282.29,0.72,26.51,1466.87,12100
BR_0002745,375.87,0.72,25.93,1704.99,5290
BR_0002751,406.38,0.74,25.67,1530.74,5660
BR_0002755,298.24,0.68,26.34,1444.9,47100
BR_0002762,364.83,0.98,25.58,1630.93,4260
BR_0002776,417.69,0.91,25.43,1567.9,16000
BR_0002777,394.5,0.89,25.62,1544.66,19700
BR_0002785,501.32,1,24.34,1641.8,3240
BR_0002787,487.75,0.99,24.64,1607.19,6990
BR_0002798,665.28,0.56,23.9,1603.33,2920
BR_0002804,321.74,0.61,25.45,1497.38,103000
BR_0002805,264.23,0.56,25.85,1417.62,234000
BR_0002806,260.19,0.55,25.85,1417.62,243000
BR_0002809,499.15,0.9,24.59,1524.46,9730
BR_0002816,447.35,0.8,24.85,1442.13,27600
BR_0002823,329.59,0.6,23.75,1354.91,11600
BR_0002824,308.07,0.61,23.89,1341.33,15000
BR_0002828,345.05,0.8,24.38,1345.58,15700
BR_0002836,278.85,0.55,23.78,1376.58,10200
BR_0002841,1396.79,1.49,15.09,1711.93,533
BR_0002843,1209.71,1.29,16.15,1632.23,2820
BR_0002857,1024.92,1.75,16.8,1636.3,3230
BR_0002876,1045.45,1.08,16.23,1631.52,801
BR_0002878,996.58,1.09,16.41,1651.08,2010
BR_0002879,954.33,1.3,16.62,1665.89,3710
BR_0002881,821.43,1.1,17.23,1627.2,420
BR_0002890,837.33,1.69,18.37,1938.26,1500
BR_0002891,645.58,0.58,19.43,1822.39,3710
BR_0002896,1098.28,0.99,16.28,1793.87,740
BR_0002902,603.54,1.23,19.59,2008.97,266
BR_0002904,687.95,1.55,19.22,1989.46,642
BR_0002905,639.29,1.45,19.37,1988.17,1010
BR_0002908,784,1.06,18.04,1933.87,8240
BR_0002914,494.67,0.84,19.95,1965.85,300
BR_0002917,663.84,1.44,19.21,1987.37,609
BR_0002919,489.75,0.64,20.36,1852.93,2020
BR_0002922,513.35,0.41,20.17,1823.45,502
BR_0002924,460.39,0.58,20.33,1832.12,1540
BR_0002926,359.35,0.6,20.61,1799.53,2260
BR_0002928,309.4,0.56,21.09,1802.65,329
BR_0002931,272.97,0.61,21.03,1809.02,1260
BR_0002933,410.39,0.46,19.85,1733.91,609
BR_0002936,367.57,0.46,19.95,1740.37,970
BR_0002942,364.5,0.45,19.95,1742.18,2160
BR_0002951,284.05,0.66,20.25,1774.42,378
BR_0002959,412.11,0.56,19.32,1689.03,1540
BR_0002964,150.12,0.27,19.01,1475.23,6010
BR_0002965,165.57,0.3,19.05,1476.58,12100
BR_0002974,195.66,0.43,19.46,1572.91,29400
BR_0002979,158.41,0.5,19.38,1517.85,1160
BR_0002985,211.09,0.41,18.87,1425.89,4570
BR_0003005,911.22,2,18.5,1574.2,212
BR_0003006,857.43,1.48,18.5,1591.57,582
BR_0003012,850.9,1.3,18.37,1618.73,1360
BR_0003014,804.59,1.3,18.39,1591.21,1700
BR_0003015,800.38,1.31,18.44,1568.02,3240
BR_0003016,857.03,1.56,18.15,1648.8,417
BR_0003023,758.56,1.52,18.76,1548.22,7350
BR_0003035,760.41,1.63,19.65,1747.29,3140
BR_0003036,775.72,1.64,19.62,1763.85,2930
BR_0003055,436.56,2.37,21.49,1957.13,596
BR_0003063,410.19,3.17,21.52,1787.37,69.8
BR_0003067,317.09,2.41,21.5,1917.15,1760
BR_0003080,488.17,3.57,20.45,1860.4,213
BR_0003098,770.97,6.54,20.09,1961.92,56.1
BR_0003099,650.53,5.44,20.09,1972.48,57.7
BR_0003119,535.05,2.82,18.1,1694.5,358
BR_0003132,895.91,2.86,17.24,1696.08,434
BR_0003137,638.76,1.91,17.71,1640.48,5160
BR_0003138,679.36,1.48,17.58,1560.97,1430
BR_0003145,602.39,1.86,17.81,1627.06,9790
BR_0003159,574.95,2.8,18.49,1697.12,827
BR_0003169,606.17,2.55,18.55,1703.54,1964
BR_0003173,518.16,3.15,18.03,1588.04,599
BR_0003188,562.56,2.88,19.45,1660.19,620
BR_0003193,313.38,3.09,17.7,1473.02,355
BR_0003200,198.84,1.31,19.78,1613.07,932
BR_0003203,187.86,0.5,19.23,1512.13,965
BR_0003204,172.39,0.58,19.41,1536,2970
BR_0003208,327.44,1.43,19.16,1539.74,62
BR_0003211,232.63,0.71,19.47,1538.31,690
BR_0003214,293.63,0.68,19.65,1597.52,27300
BR_0003221,400.35,1.73,19.6,1408.92,805
BR_0003260,610.63,1.76,18.06,1838.68,3030
BR_0003261,361.39,2.08,19.02,1661.98,870
BR_0003263,566.1,4.46,17.91,1901.34,442
BR_0003264,331.62,3.05,17.98,1712.32,1720
BR_0003267,366.35,2.39,18.29,1830.65,1460
BR_0003270,302.94,2.13,18.48,1764.4,3130
BR_0003291,243.29,0.77,18.76,1481.43,15600
BR_0003308,129.64,1.33,18.29,1428.94,131
BR_0003309,220.42,0.92,18.29,1468.1,386
BW_0000004,1091.77,0.26,21.63,415.94,646
BW_0000005,1105.05,0.26,21.2,441.47,2497
BW_0000006,1151,0.36,20.9,474.98,788
BW_0000007,1007.37,0.27,21.63,385.61,11370
BY_0000011,156.49,0.11,6.15,696.12,4580
BY_0000012,195.54,0.21,6,682.84,314
BY_0000030,138.72,0.11,8.27,661.62,313
CA_0000009,275.17,0.77,3.96,1042.08,2260
CA_0000011,381.22,0.98,3.18,1141.43,1150
CA_0000013,264.76,0.61,3.74,1109.9,339
CA_0000014,325.78,0.99,3.13,1134.86,182
CA_0000017,202.32,0.38,4.49,1060.57,199
CA_0000018,250.93,0.57,4.23,1036.61,6060
CA_0000025,176.55,0.45,4.92,1074.58,1210
CA_0000026,186.01,0.57,4.64,1034.84,484
CA_0000030,226.94,1.15,4.46,1153.42,350
CA_0000031,232.53,0.92,4.54,1139.85,156
CA_0000036,293.88,0.75,3.79,1105.84,39900
CA_0000039,175.07,0.52,4.46,1132.1,240
CA_0000040,170.28,0.43,5.19,1130.99,531
CA_0000043,228.93,0.65,4.65,1173.49,1450
CA_0000050,117.35,0.35,5.72,1226.32,557
CA_0000052,77.4,0.31,5.55,1159.9,1050
CA_0000056,146.61,1.02,5.54,1240.69,1100
CA_0000070,124.22,0.43,5.87,1162.13,3550
CA_0000071,105.84,0.48,6.35,1200.02,115
CA_0000074,157.15,0.41,5.27,1129.66,357
CA_0000077,347.11,0.81,2.95,1122.36,3160
CA_0000081,263.04,1.22,2.88,1142.7,558
CA_0000084,401.62,1.24,2.68,1204.39,1140
CA_0000090,478.93,1.68,1.89,1219.82,1680
CA_0000092,440.57,1.45,2.69,1152.66,1340
CA_0000093,424.03,1.18,2.79,1179.52,1910
CA_0000097,362.75,1.53,2.62,1083.27,645
CA_0000098,336.85,1.19,2.71,1223.35,534
CA_0000101,478.03,1.57,2.38,1121.95,659
CA_0000106,282.7,0.84,3.51,1146.44,510
CA_0000109,327.18,0.88,2.94,1135.79,7740
CA_0000112,206.25,0.45,3.98,1147.91,217
CA_0000121,88.62,0.54,4.5,1106.35,175
CA_0000122,63.21,0.3,4.85,1119.74,173
CA_0000123,97.94,0.24,4.93,1134.57,383
CA_0000125,290.97,0.71,3.94,1191.79,611
CA_0000126,60.04,0.22,4.99,1162.95,484
CA_0000129,230.08,0.5,4.3,1186.84,28.70000076
CA_0000130,238.33,0.61,3.85,1145.98,948
CA_0000139,88.21,0.6,5.52,1220.77,391
CA_0000140,200.15,1.23,5.68,1357.31,129
CA_0000163,63.1,0.28,6.19,1073.18,114
CA_0000165,36.72,0.29,6.2,1055.81,45.40000153
CA_0000177,39.05,0.13,6.16,1157.78,37.5
CA_0000180,82.35,0.45,6.16,1093.2,70.09999847
CA_0000185,44.9,0.19,6.16,1154.34,16.79999924
CA_0000188,39.7,0.2,6.16,1222.38,147
CA_0000203,127.59,0.85,6.7,1297.46,546
CA_0000242,176.51,0.9,6.26,1260.38,202
CA_0000247,205.78,1.24,6.41,1313.77,89
CA_0000248,105.78,0.35,6.02,1299.25,63.20000076
CA_0000253,168.3,1.34,6.2,1286.5,298
CA_0000258,137.25,1.19,6.25,1227.93,249
CA_0000276,171.92,0.26,6.84,1404.72,295
CA_0000286,120.96,0.2,7.2,1415.4,17.70000076
CA_0000292,163.17,0.51,6.93,1413.48,370
CA_0000299,93.97,1.02,6.81,1438.68,13.10000038
CA_0000309,120.37,0.35,5.79,1500.28,389
CA_0000316,122.61,1.15,6.16,1386.21,193
CA_0000333,91.29,0.9,6.04,1516.44,199
CA_0000334,47.12,0.31,6.11,1503.67,17.20000076
CA_0000354,480.67,0.89,2.46,815.97,225.8099976
CA_0000355,336.26,1.08,2.7,737.1,45.63000107
CA_0000357,468.84,0.39,1.7,773.08,406.8399963
CA_0000368,378.15,0.35,0.59,848.12,651.9099731
CA_0000372,377.26,0.56,1.35,821.28,1190
CA_0000373,325.59,0.45,1.5,829.53,1324.170044
CA_0000377,328.58,0.4,1.26,826.71,4221.72998
CA_0000378,341.96,0.35,1.59,859.8,210.0200043
CA_0000391,435.91,0.63,3.26,1158.4,1227.640015
CA_0000392,480.45,0.6,3.26,1104.4,1138.670044
CA_0000395,436.23,1.49,3.13,1202.06,10.35999966
CA_0000404,335.51,0.6,4.18,1008.46,108.4899979
CA_0000408,484.9,0.57,2.92,997.36,1451.660034
CA_0000416,443.61,0.47,3.52,959.42,9010
CA_0000417,439.51,0.53,3.68,978.64,1205.150024
CA_0000423,399.04,0.42,4.62,995.64,157.0800018
CA_0000512,437.72,0.46,4.76,1136.3,610.1699829
CA_0000525,290.83,0.49,7.55,907.41,176.0299988
CA_0000533,289.09,0.4,7.18,923.43,347.0499878
CA_0000546,276.54,0.86,6.96,1052.11,168.4600067
CA_0000548,292.62,0.71,7.22,974.75,94.80000305
CA_0000549,282.71,0.63,7.22,972.33,127
CA_0000551,226.94,0.24,6.96,1020.5,121.4899979
CA_0000558,235.94,0.42,6.82,1076.2,243.6100006
CA_0000560,442.71,0.54,6.47,917.62,175.6799927
CA_0000561,308.62,0.54,6.93,948.29,2686.370117
CA_0000594,297.42,0.18,7.07,1202.37,669.9199829
CA_0000609,366.79,0.1,6.95,1113.59,340.269989
CA_0000611,324.82,0.15,7.3,1174.61,370.5599976
CA_0000616,350.96,0.13,7.1,1116.21,2544.780029
CA_0000626,239.19,0.13,8.56,1020.81,112.5299988
CA_0000657,380.18,0.27,6.51,923.9,231.4900055
CA_0000658,369.86,0.33,7.73,978.11,47.43000031
CA_0000665,349.71,0.45,7.73,971.94,25.10000038
CA_0000666,387.54,0.12,7.02,1013.94,326
CA_0000667,462.12,0.18,6.69,1033.75,274.7099915
CA_0000671,362.44,0.53,7.73,981.81,14.89999962
CA_0000683,246.86,0.28,8.04,929.83,388.6400146
CA_0000685,284.08,0.17,7.73,974.95,91.90000153
CA_0000710,249.42,0.17,8.56,1012.08,664.5499878
CA_0000734,362.19,0.1,7.78,1050.33,140.3500061
CA_0000737,337.66,0.19,7.73,1007.63,148.8500061
CA_0000748,268.5,0.2,8.5,1023.45,148.5899963
CA_0000754,226.5,0.09,8.73,992.73,1149.319946
CA_0000757,220.7,0.11,8.93,984.23,248.7200012
CA_0000759,212.67,0.1,9.03,963.77,535.6099854
CA_0000762,186.61,0.06,9.85,939.31,14.19999981
CA_0000778,207.53,0.09,8.89,940.56,166.1399994
CA_0000801,414.01,0.55,6.9,902.96,414.7000122
CA_0000807,363.42,0.21,6.51,923.11,18.89999962
CA_0000808,382.52,0.56,6.9,903.83,644.8400269
CA_0000832,252.13,1.06,8.36,914.58,93.5
CA_0000833,228.17,0.53,8.36,898.05,181.3099976
CA_0000835,190.7,0.37,8.13,871.22,318.5
CA_0000836,308.93,0.57,7.45,863.6,296.2799988
CA_0000838,163.06,0.69,7.96,854.68,58
CA_0000839,269.88,0.74,8.36,915.87,83.58000183
CA_0000859,235.89,0.69,8.13,909.86,257.4599915
CA_0000881,232.28,0.67,7.51,955.24,63.77000046
CA_0000882,214.69,0.76,7.48,947.54,241.8699951
CA_0000891,94.51,0.14,8.7,967.06,13.89999962
CA_0000896,369.56,0.34,5.67,1046.76,1251.73999
CA_0000901,360.21,0.36,6.01,993.72,241
CA_0000902,340.8,0.28,6.01,1006.44,326
CA_0000905,268.76,0.37,7.01,955.72,116.1500015
CA_0000914,296.43,0.31,6.07,1002.68,12000
CA_0000917,194.17,0.38,7.22,957.81,160.5200043
CA_0000921,153.75,1.32,7.26,966.59,32.97999954
CA_0000943,140.42,0.28,7.61,999.39,105.1999969
CA_0000945,138.45,0.22,7.61,1006.21,144.1699982
CA_0000958,346.42,0.29,2.19,993.26,23400
CA_0000960,346.38,0.29,2.19,993.26,23400
CA_0000961,316.34,0.32,1.6,951.68,2590
CA_0000968,311.83,0.27,2.23,876.09,1782.25
CA_0000976,364.5,0.38,2.63,834.52,4300
CA_0000990,298.09,0.75,4.57,961.04,909
CA_0001034,322.03,0.42,3.73,973.28,90900
CA_0001039,114.75,0.24,6.33,915.67,258.480011
CA_0001040,183.31,0.26,5.95,886.21,212.2599945
CA_0001061,111.53,0.08,7.44,942.56,411.1199951
CA_0001085,314.41,0.49,3.93,993.64,143000
CA_0001111,436.9,0.69,3.62,1204.43,311
CA_0001118,382.18,0.87,3.74,1126.5,5460
CA_0001119,598.56,1.97,3.48,1181.21,39.90000153
CA_0001122,430.63,0.92,3.33,1214.6,39.09999847
CA_0001126,289.3,0.63,4.4,1121.29,1330
CA_0001131,455.78,0.63,1.95,1074.49,1050
CA_0001137,428.58,0.61,2.28,1079.74,4530
CA_0001138,381.78,0.95,3.1,1103.75,883
CA_0001144,443.59,0.5,1.86,1056.08,6840
CA_0001153,356.97,0.52,3.14,1052.13,22500
CA_0001165,85.19,0.14,6.6,1045.55,365.1000061
CA_0001177,231.93,0.33,5.57,915.13,772000
CA_0001199,389.64,0.73,2.11,982.24,1570
CA_0001226,186.26,0.68,6.44,1060.48,2490
CA_0001253,387.05,1.22,3.62,1166.54,1340
CA_0001254,437.38,1.26,3.52,1195.4,1260
CA_0001261,155.86,0.59,5.66,1084.84,647
CA_0001268,425.99,0.82,2.96,1130.99,774
CA_0001275,239.31,0.76,5.33,1205.64,1540
CA_0001276,314.55,1.11,4.98,1271.81,342
CA_0001285,396.18,0.75,4.57,1220.94,1230
CA_0001307,505.36,1.44,4.31,1327.03,738
CA_0001321,401,0.87,4.55,1260.34,2930
CA_0001323,374.14,0.73,4.64,1231.74,1730
CA_0001330,342.7,0.87,5.07,1204.58,9630
CA_0001339,222.18,0.61,6.35,1290.79,139
CA_0001341,245.99,0.55,6.3,1300.87,67.09999847
CA_0001343,250.95,1.11,6.4,1322.9,209
CA_0001349,54.68,0.12,6.35,1087.22,316
CA_0001363,244.66,0.46,6.22,1310.48,30.5
CA_0001369,153.02,0.66,6.47,1164.45,404
CA_0001376,48.54,0.43,6.92,1101.61,309
CA_0001384,386.98,0.72,3.02,1243.67,4480
CA_0001389,578.18,1.32,1.86,1496.41,642
CA_0001391,560.3,1.36,2.41,1484.06,1550
CA_0001400,163.15,0.71,4.48,1341.69,355
CA_0001401,327.69,1.52,3.53,1451.81,213
CA_0001415,295.07,1.5,3.71,1397.97,357
CA_0001418,789.68,1.7,1.15,1594.06,9.170000076
CA_0001428,494.98,2.22,1.36,1132.52,865
CA_0001431,676.95,1.83,1.29,1241.85,1700
CA_0001432,305.76,0.79,3.39,1097.04,1050
CA_0001442,335.46,0.68,3.7,1101.13,795
CA_0001450,394.32,1.06,4.03,1207.47,821
CA_0001451,384.8,1.04,4.25,1213.97,1160
CA_0001461,542.3,1.3,4.03,1293.25,775
CA_0001469,370.56,0.62,3.82,1181.95,691
CA_0001486,342.26,1.27,4.7,1302.97,919
CA_0001487,263.84,0.89,4.97,1221.5,2330
CA_0001496,291.89,0.77,3.02,1100.41,1610
CA_0001502,273.65,1.04,2.92,1037.43,492
CA_0001508,206.29,0.8,3.21,1070.88,208
CA_0001510,407.13,2.56,2.06,1198.95,721
CA_0001517,560.2,3.39,1.96,1227.66,774
CA_0001522,212.23,1.82,3.05,1109.35,59.79999924
CA_0001542,440.16,0.41,-0.18,977.72,11100
CA_0001543,433.87,0.37,0.17,977.05,4330
CA_0001569,644.83,0.97,1.18,1352.94,1110
CA_0001570,508.19,1.97,0.98,1189.39,746
CA_0001572,589.72,1.41,1.54,1152.39,1100
CA_0001573,475.27,1.36,1.52,1240.23,572
CA_0001574,496.52,2.06,2.06,1099.39,736
CA_0001594,538.78,0.86,-0.35,1040.02,16100
CA_0001601,450.02,1.12,1.8,1125.38,767
CA_0001605,551.64,1.08,-1.63,994.38,45600
CA_0001606,582.23,0.85,-2.48,962.49,29300
CA_0001608,570.17,0.91,-1.67,981.98,17200
CA_0001609,565.72,0.95,-1.56,985.08,17900
CA_0001615,577.72,1.12,-2.25,917.47,19000
CA_0001626,610.26,1.28,-2.33,902.11,7230
CA_0001635,439.78,0.96,-1.32,1012.4,15600
CA_0001636,196.45,0.66,0.62,1108.51,2950
CA_0001641,463.52,0.52,-2.23,987.53,4540
CA_0001651,104.03,0.8,1.9,1084.76,306
CA_0001652,135.88,1.1,1.7,1215.29,33.59999847
CA_0001655,100.13,0.66,1.52,1083.22,200
CA_0001656,348.63,2.51,2.25,1173.13,95.69999695
CA_0001658,482.31,1.01,1.64,1204.61,627
CA_0001661,269.32,1.06,3.48,1380.38,640
CA_0001671,213.62,0.92,2.92,1097.49,20.39999962
CA_0001674,304.37,1.36,2.92,1192.97,7860
CA_0001676,225.6,2.3,3.54,1306.6,17
CA_0001677,512.88,1.05,1.74,1260.49,471
CA_0001682,169.06,0.51,2.56,1105.87,93.19999695
CA_0001685,430.46,0.54,3.15,1563.52,469
CA_0001690,219.36,0.7,4.24,1200.93,378
CA_0001691,232.8,0.38,4.01,1175.78,508
CA_0001695,220.73,0.57,4.22,1245.42,773
CA_0001713,75.31,0.26,4.68,1063.37,399
CA_0001714,74.96,0.32,4.73,1061.93,554
CA_0001718,101.76,1.07,4.79,1157.64,36.70000076
CA_0001725,306.29,1.2,2.24,1628.84,205
CA_0001727,389.38,1.26,2.2,1611.23,230
CA_0001734,231.96,0.42,4.3,1528.5,99.5
CA_0001739,81.01,0.56,5.26,1428.77,115
CA_0001744,79.77,0.39,4.85,1285.35,67.40000153
CA_0001746,162.1,0.93,4.51,1264.11,106
CA_0001749,134.55,1.33,5.27,1410.62,37.20000076
CA_0001750,160.92,0.42,5.27,1498.22,104
CA_0001755,86.97,0.67,5.37,1441.69,28.89999962
CA_0001756,131.3,0.51,5.37,1371.17,11.19999981
CA_0001759,198.07,0.55,5.28,1527.45,112
CA_0001767,214.68,1.13,5.26,1493.06,17.29999924
CA_0001777,159.54,0.24,5.08,1585.47,15.5
CA_0001785,356.36,0.24,1.36,975.44,22200
CA_0001799,347.3,0.34,-0.32,914.08,9820
CA_0001806,481.71,0.42,-2.85,883.49,21400
CA_0001823,447.9,0.35,-3.23,834.81,13200
CA_0001834,452.67,0.25,-4.64,697.95,21000
CA_0001881,219.95,0.38,-5,597.47,2140
CA_0001883,355.29,0.48,-5.35,628.68,3680
CA_0001898,475.36,0.93,-4.08,848.95,7570
CA_0001938,406.83,0.9,-2.84,898.05,4480
CA_0001939,421.08,0.6,-1.6,1071.02,10900
CA_0001940,313.32,0.54,-1.17,1060.1,2310
CA_0001945,220.37,0.1,-1,528.37,9190
CA_0001958,236.74,0.11,-1.84,667.49,4350
CA_0001961,238.64,0.11,-1.88,680.78,7950
CA_0001970,276.19,0.1,-0.93,719.6,36000
CA_0001973,408.91,0.12,0.79,724.89,5390
CA_0001976,406.9,0.17,0.62,763.65,11200
CA_0001991,298.14,0.37,0.99,820.88,2118.439941
CA_0001994,97.16,0.06,-0.14,727.85,4250
CA_0001995,29.93,0.04,-0.43,684.79,133
CA_0002009,326.81,0.19,1.79,838.51,34700
CA_0002013,252.75,0.17,1.1,825.3,22900
CA_0002026,201.25,0.15,0.01,807.29,6680
CA_0002049,1640.23,2.7,2.98,638.36,4401.100098
CA_0002079,1615.84,2.03,2.62,603.88,162
CA_0002153,1561.03,2.7,4.25,681.94,1631.400024
CA_0002165,1514.27,2.75,4.45,656.3,653
CA_0002328,2057.07,5.31,-0.47,674.51,899
CA_0002334,1723.31,1.56,1.07,568.27,332.5
CA_0002342,1884.56,4.13,0.74,645.26,7770
CA_0002378,2022.8,2.73,0.5,668.64,165.5
CA_0002380,1539.59,1.77,2.08,566.76,3952.199951
CA_0002413,1382.39,1.97,2.74,496.77,25278
CA_0002426,2046.89,3.77,-0.15,663.47,2245.699951
CA_0002429,1183.41,0.62,2.88,494.24,2578.300049
CA_0002431,1108.87,0.52,2.62,537.24,644.5999756
CA_0002433,1587.61,2.05,1.43,582.43,5593.600098
CA_0002437,988.54,0.37,3.07,535.02,1915.900024
CA_0002513,2184.02,7.22,-1.12,931.24,1923.199951
CA_0002520,1738.96,2.92,0.65,635.47,2252.800049
CA_0002527,1794.73,2.24,0.18,644.19,1853.599976
CA_0002530,2150.3,6.16,-1.11,871.68,3890
CA_0002532,1102.12,0.62,2.36,593.7,1346.5
CA_0002540,1250.53,1.16,2.1,587.15,875.7000122
CA_0002754,897.26,0.38,4.14,383.28,3730
CA_0002902,564.39,0.18,0.39,488.89,629
CA_0002906,434.1,0.3,0.94,459.94,12600
CA_0003004,383.03,0.05,3.08,509.83,225
CA_0003017,365.37,0.22,1.73,498.3,82300
CA_0003157,668.55,0.25,2.98,438.18,4710
CA_0003188,645.35,0.19,2.94,461.45,3900
CA_0003207,486.04,0.19,3.26,528.12,7500
CA_0003315,456.37,0.17,2.09,781.09,5880
CA_0003318,449.34,0.19,2.29,767.08,358.019989
CA_0003332,414.13,0.48,2.6,724.44,7.25
CA_0003363,390.74,0.2,2.52,700.6,135000
CA_0003364,389.5,0.2,2.52,700.6,136000
CA_0003365,340.79,0.17,2.42,648.16,888
CA_0003391,408.55,0.23,2.59,781.3,2337.27002
CA_0003405,392.06,0.29,1.86,680.77,548
CA_0003408,327.11,0.12,1.64,610.84,9090
CA_0003413,295.76,0.08,0.62,581.68,6840
CA_0003428,301.39,0.15,-1.37,496.96,5810
CA_0003431,237.77,0.13,-1.93,506.59,886
CA_0003432,254.94,0.18,-2.72,520.14,6110
CA_0003433,259.95,0.15,-2.34,516.66,391
CA_0003434,250.02,0.06,-0.07,527.72,4610
CA_0003443,164.66,0.09,-3.43,511.53,1090
CA_0003447,122.01,0.06,-3.72,486.51,1560
CA_0003448,151.7,0.16,-4.38,474.31,2190
CA_0003479,478.43,0.2,1.19,469.3,2960
CA_0003480,591.84,0.32,0.82,461.35,2330
CA_0003483,534.21,0.33,1.21,454.45,1020
CA_0003484,487.42,0.22,1.12,451.05,4730
CA_0003485,504.06,0.23,-0.66,467.82,5940
CA_0003486,533.49,0.25,-0.87,487.05,3680
CA_0003488,556.73,0.29,0.7,496.06,5450
CA_0003493,520.82,0.24,0.7,463,119000
CA_0003495,512.66,0.27,-0.84,505.23,4540
CA_0003497,512.59,0.2,-1.78,489.52,7730
CA_0003501,445.85,0.23,-1.73,528.23,10200
CA_0003503,410.92,0.2,-3.03,481.11,63300
CA_0003507,376.38,0.21,-2.1,525.88,961
CA_0003512,457.34,0.24,-0.84,460.54,244000
CA_0003518,236.8,0.16,-4.84,488.45,4270
CA_0003519,235.86,0.16,-3.72,510.08,5810
CA_0003521,164.38,0.16,-5.28,479,1890
CA_0003522,345.56,0.18,-4.3,474.67,13000
CA_0003523,322.52,0.23,-5.69,439.51,18500
CA_0003525,333.12,0.2,-7.17,395.6,27000
CA_0003530,311.58,0.24,-9.17,287.02,65600
CA_0003576,1914.8,5.45,0.13,799.65,9764.799805
CA_0003713,1454.11,4.14,-1.34,633.76,15600
CA_0003714,1564.56,4.77,-1.31,672.68,1690
CA_0003716,1490.51,4.62,-0.93,674.54,2190
CA_0003718,1296.76,4.04,-0.16,607.15,5560
CA_0003719,1392.32,4.54,-0.75,605.06,3060
CA_0003720,1395.72,4.16,-0.52,608.67,1950
CA_0003722,1141.28,2.18,1,591.18,6790
CA_0003727,1144.35,3.69,2.44,830.61,4930
CA_0003728,969.31,1.41,3.12,790.44,310
CA_0003735,1232.11,3.49,0.7,629.83,87200
CA_0003736,1351.81,3.45,0.43,663.65,2140
CA_0003737,1137.44,2.24,0.86,616.81,9340
CA_0003739,1145.33,3.23,1.99,737.08,12100
CA_0003740,1210.02,3.14,1.79,720.61,5550
CA_0003741,1202.27,3.65,1.86,812.7,2590
CA_0003742,1085.37,3.06,2.08,648.46,82.40000153
CA_0003744,1303.3,4.06,1.76,796.34,2370
CA_0003746,988.56,2.82,2.11,602.64,1520
CA_0003750,802.35,0.51,1.01,508.94,15600
CA_0003752,826.95,0.65,1.49,514.44,1770
CA_0003762,790.63,0.74,1.73,482.52,2860
CA_0003788,1014.84,0.98,2.05,560.39,1248.599976
CA_0003816,667.34,0.29,1.33,426.88,1968.099976
CA_0003822,809.15,0.68,-0.06,464.18,4678.799805
CA_0003834,618.36,0.36,0.93,440.34,35800
CA_0003853,438.91,0.23,-2.71,415.76,2700
CA_0003854,404.71,0.32,-0.49,444.19,1690
CA_0003855,459.79,0.16,-1.18,437.41,4030
CA_0003872,494.71,0.35,-0.86,414.15,51700
CA_0003920,333.35,0.2,-5.64,307.74,13900
CA_0003926,1408.1,3.54,-4.31,322.43,1240
CA_0003936,1126.78,4.35,-0.42,997.92,16700
CA_0003942,1510.94,4.76,-1.22,759.4,3550
CA_0003945,1193.71,1.5,-1.54,586.86,3550
CA_0003948,1341.26,4,-1.3,760.25,36000
CA_0003949,1284.14,4.47,-0.73,900.58,50900
CA_0003951,1413.03,5.22,-0.61,689.04,1250
CA_0003952,1292.03,5.28,0.14,1072.43,7230
CA_0003953,1318.47,6.31,0.15,1278.94,844
CA_0003954,1315.99,4.5,1.61,1584.69,311
CA_0003956,1283.96,5.73,1.37,1386.44,218
CA_0003970,735.23,6.01,3.9,1566.61,39.40000153
CA_0003982,849.31,3.78,2.44,862.9,1880
CA_0003987,1090.5,2.37,2.72,519.56,808
CA_0003991,997.26,2.16,1.71,554.51,6760
CA_0003994,1261.31,4.81,1.55,1438.78,1900
CA_0004004,1243.52,4.82,2.21,729.24,125
CA_0004008,1119.74,2.63,2.4,567.7,565
CA_0004009,1090.24,3.41,1.94,610.33,256
CA_0004015,1346.83,6.02,1.81,1029.66,367
CA_0004026,1174.8,5.64,2.19,1170.67,2850
CA_0004036,892.47,7.33,3.83,1650.74,376
CA_0004037,890,9.32,4.41,2173.36,370
CA_0004053,1066.51,9.55,3.26,1279.54,159
CA_0004054,1333.33,9.38,2.33,1194.96,269
CA_0004055,1434.17,4.93,2.03,680.85,2550
CA_0004056,1476.88,5.97,2.07,738,3720
CA_0004069,1130.55,6.87,2.19,1943.84,556
CA_0004070,825.31,5.97,4.16,1887.48,1990
CA_0004071,945.37,6.54,3.61,1890.9,353
CA_0004072,743.76,4.28,5.31,2152.95,180
CA_0004135,1479.98,8.05,3.85,1276.5,1200
CA_0004136,1618.65,7.35,4.15,1304.02,297
CA_0004138,877.27,8.77,5.71,1867.05,52.79999924
CA_0004149,1213.56,9.46,6,1597.63,147
CA_0004165,1510.02,6.92,2.28,855.83,5780
CA_0004182,484.32,4.36,8.37,2025.21,826
CA_0004197,255.65,2.03,9.05,1374.29,93.90000153
CA_0004250,614.51,4.5,8.51,1810.66,676
CA_0004257,730.44,5.4,7.95,2020.19,62.20000076
CA_0004277,961.4,5.62,7.61,1940.82,213
CA_0004314,629.43,3.66,7.62,2000.62,439
CA_0004317,882.37,4.23,7.39,1769.2,302
CA_0004321,824.62,4.62,7.34,2003.65,268
CA_0004326,692.33,5.38,6.71,1819.76,84.19999695
CA_0004364,1278.69,2.69,2.38,501,150
CA_0004367,1112.37,2.38,2.37,876.38,15500
CA_0004380,1174.07,2.79,1.34,998.75,369
CA_0004408,1795.49,4.82,2.01,933.97,253
CA_0004416,1376.7,5.32,1.9,912.49,103
CA_0004419,892.38,0.36,2.53,599.05,303
CA_0004424,1114.51,2.34,3.54,825.3,2860
CA_0004425,1193.81,3.06,3.11,907.13,3330
CA_0004436,1087.04,1.35,3.07,480.86,1550
CA_0004443,1459.44,2.42,3.59,880.17,127
CA_0004457,1201.94,1.09,2,403.36,3240
CA_0004459,1325.99,1.26,1.27,429.6,992
CA_0004474,1201.31,1.25,3.59,724.53,548
CA_0004550,1523.04,6.25,2.05,1090.6,4490
CA_0004567,1441.44,6.35,3.88,907.52,624
CA_0004570,1228.45,5.17,4.65,660.44,515
CA_0004572,1630.35,6.63,3.86,970.34,166
CA_0004608,1195.28,3.53,4.93,773.71,769
CA_0004610,1253.49,3.47,4.93,780.91,632
CA_0004712,1030.92,5.37,6.27,748.72,20.79999924
CA_0004762,1312.22,2.17,3.96,639.34,666
CA_0004777,1684.67,4.1,3.33,606.78,31.89999962
CA_0004844,1235.55,2.26,4.19,481.21,2960
CA_0004846,1338.35,2.49,4.4,432.9,1230
CA_0004851,1733.87,2.33,1.94,516.9,98.80000305
CA_0004857,1393.11,2.25,1.85,508.78,19200
CA_0004858,1831.87,2.16,0.65,591.86,1010
CA_0004947,2005.09,5.46,1.17,900.63,144
CA_0004949,1785.64,4.7,2.46,631.55,581
CA_0004993,1510.35,7.84,3.88,1096.69,712
CA_0005013,1378.47,4.38,3.7,1064.62,32.40000153
CA_0005053,290.05,3.21,9.05,2078.75,47.70000076
CA_0005062,73.92,0.57,9.35,1650,48.90000153
CA_0005063,238.64,2.56,8.76,1976.97,17.10000038
CA_0005070,1315.21,6.7,5.3,1480.85,650
CA_0005083,1020.74,5.67,6.67,1903.15,52.5
CA_0005086,1248.98,6.96,4.58,1626.59,290
CA_0005087,832.75,4.88,8.76,1735.87,78.19999695
CA_0005090,89.52,0.33,8.76,1564.37,19
CA_0005163,1967.55,7.95,-0.67,982.7,587
CA_0005164,2140.05,9.41,0.5,1461.96,135
CA_0005165,2043.57,8.31,0.61,1438.32,429
CA_0005166,2131.27,7.3,-1.2,951.43,230
CA_0005167,1998.82,6.78,0.77,1042.51,80.5
CA_0005169,1881.25,7.46,0.55,1438.84,1150
CA_0005173,1899.54,9.19,1.15,1098.95,305
CA_0005185,1720.91,8.02,1.25,1550.89,1150
CA_0005190,1619.15,6.5,2.1,1314.97,112
CA_0005281,1441.04,4.57,3.85,1019.24,298
CA_0005285,1538.63,3.56,3.77,948.71,56.70000076
CA_0005288,1736.21,4.54,2.37,1336.34,113
CA_0005303,2065.98,6.28,-0.16,714.75,69.69999695
CA_0005304,1967.14,7.46,0.1,695.31,653
CA_0005361,1743.83,5.8,1.41,722.55,11500
CA_0005369,1625.81,5.04,2.97,665.69,135
CA_0005370,1836.38,6.54,2.74,935.31,208
CA_0005371,1457.06,3.41,4.74,681.15,313
CA_0005463,1732.22,7.6,1.15,1210.32,4080
CA_0005464,1903.47,8.41,0.34,1268.3,1310
CA_0005472,2028.01,7.68,1.79,1010.84,585
CA_0005473,2162.91,8.54,1.03,1013.33,119
CA_0005474,1906.17,7.5,2.74,1156.75,92.30000305
CA_0005598,1677.51,6.01,2.74,1081.85,181
CA_0005606,1767.28,3.89,3.77,1038.77,47.70000076
CA_0005624,1986.06,4.38,0.95,680.9,621
CA_0005625,1749.21,5.72,1.74,672.17,83.90000153
CA_0005626,1801.77,4.27,1.9,704.73,637
CA_0005627,2109.17,3.87,0.5,702.44,104
CA_0005628,2006.28,5.27,1.74,708.18,138
CA_0005630,1881.2,3.73,1.74,714.18,6.400000095
CA_0005660,1404.49,3.26,3.29,691.53,5580
CA_0005668,1654.01,2.91,3.83,561.41,388
CA_0005678,1695.59,4.24,2.48,874.88,566
CA_0005679,1647.06,3.87,2.67,919.07,408
CA_0005680,1544.63,2.97,3.5,889.15,253
CA_0005768,1403.14,4.71,3.34,532.19,34.59999847
CA_0005772,1505.35,2.13,3.71,653.45,31.29999924
CA_0005776,1158.67,4.74,5.75,757.88,60.59999847
CA_0005777,1386.07,0.78,5.75,732.2,12.69999981
CA_0005800,1682.47,3.03,4.13,623.52,117
CA_0005802,1317.39,2.42,5.53,479.82,40.70000076
CA_0005803,1423.36,4.36,3.71,646.54,114
CA_0005826,1909.11,2.68,2.73,1039.67,16.10000038
CA_0005854,1405.55,3.39,3.28,706.07,145
CA_0005857,1403.62,2.83,3.65,662.16,1170
CA_0005858,1455.54,4.18,4.16,901.69,221
CA_0005864,1819.75,4.02,2.52,771.43,145
CA_0005865,1785.82,3,2.52,768.4,92.80000305
CA_0005868,216.87,2.19,7.54,1864.53,480
CA_0005906,1070.1,2.64,-4.66,290.45,1800
CA_0005911,1419.25,4.03,-6.92,488.48,997
CA_0005916,1176.44,2.42,-5.05,425.77,21900
CA_0005920,1782.71,5.33,-5.3,529.51,654
CA_0005922,1835.64,5.1,-6.35,724.71,6230
CA_0005925,1408.15,3.41,-7.14,447.24,4840
CA_0005926,1198.7,4.12,-4.94,350.99,4770
CA_0005931,1058.87,3.51,-5.26,365.8,51000
CA_0005932,1025.33,3.37,-4.5,357.11,4750
CA_0005933,1016.72,2.52,-5.85,348.17,7810
CA_0005934,1233.5,3.65,-6.7,352.64,1090
CA_0005938,752.87,1.97,-4.87,342.36,2210
CA_0005946,410.49,0.73,-9.48,205.1,13900
CA_0005948,546.8,1.23,-8.36,261.52,58900
CA_0005949,1171.23,2.5,-4.07,526.69,32600
CA_0005953,1200.72,3.13,-4.92,551.93,12800
CA_0005957,1296.4,3.3,-2.58,601.53,1700
CA_0005962,1422.92,4.17,-2.32,617.15,6580
CA_0005969,1585.02,4.87,-2.15,641.9,2540
CA_0005970,1178.72,2.91,-3.14,563.1,119000
CA_0005971,1160.78,2.76,-3.52,552.44,61600
CA_0005972,1379.55,4.23,-1.84,598.13,1170
CA_0005974,1015.28,2.92,-2.3,527.74,209
CA_0005978,865.73,1.57,-2.64,517.99,3740
CA_0005985,560.47,0.73,0.31,547.6,277
CA_0005986,758.98,1.61,0.61,541.05,335
CA_0005987,718.68,1.57,0.54,538.3,109
CA_0005993,1455.07,4.29,-6.36,582.77,14500
CA_0005996,1288.26,4.01,-5.49,555.99,31100
CA_0006071,1023.06,1.72,-7.44,303.24,5410
CA_0006074,947.28,2.85,-7.1,344.6,8910
CA_0006095,445.73,0.3,-9.36,259.62,19200
CA_0006100,444.75,0.45,-9.57,243.57,46200
CA_0006101,468.02,0.41,-10.47,228.03,6442
CA_0006109,339.85,0.26,-9.79,259.58,14500
CH_0000001,2265.79,4.21,4.17,745.22,14.1
CH_0000005,2297.26,4.85,1.5,843.69,55.3
CH_0000007,2401.66,9.07,1.5,853.67,26.9
CH_0000008,988.32,6.11,7.31,1351.19,73.9
CH_0000014,893.6,3.96,12,1260.97,47.4
CH_0000025,682.81,1.6,8.83,1183.91,105
CH_0000035,1819,9.69,5.47,1642.07,63
CH_0000036,2409.96,6.03,3.42,1222.27,43.3
CH_0000040,1116.82,3.52,7.99,1562.9,64.5
CH_0000042,974.94,2.84,7.99,1409.39,88.2
CH_0000043,1011.29,3.15,8.12,1448.44,493
CH_0000044,820.45,1.38,7.99,1291.24,16.2
CH_0000051,1310.86,4.7,6.36,1693.57,59.2
CH_0000052,1273.34,4.29,9.15,1620.57,9.06
CH_0000060,760.57,1.99,9.16,1314.43,59.9
CH_0000073,682.81,1.6,8.83,1183.91,105
CH_0000090,900.33,2.76,8.08,1340.67,1085
CI_0000025,374.36,0.53,25.76,1500.21,62000
CI_0000030,279.53,0.36,27.6,1091.49,69900
CN_0000171,3019.06,3.51,1.42,480.54,15342
CN_0000182,202.74,1.06,15.9,974.25,3090
CN_0000183,214.29,1.49,16.13,1184.22,284
CY_0000001,412.2,3.01,18.12,542.7,195
CY_0000002,492.38,2.63,17.49,554.88,210
CY_0000003,675.61,3.45,17.21,612.63,260
CY_0000004,598.33,2.51,17.21,563.58,110
CY_0000005,794.93,4.39,17.97,651.95,48.7
CY_0000006,960.42,7.51,17.59,792.21,63
CY_0000008,645.75,3.34,18.43,673.14,110
CY_0000010,508.38,3.22,18.43,633.11,130
CY_0000012,465.67,1.46,18.43,562.89,91
CY_0000013,279.53,0.92,18.43,494.08,94
CZ_0000008,651.64,1.68,7.66,634.51,791
CZ_0000011,524,0.7,8.32,587.9,1421
CZ_0000012,635.26,1.21,8.01,981.06,2913
CZ_0000020,515.68,1.47,8.34,816.26,1275
CZ_0000028,431.48,0.69,8.85,604.98,12280
DE_0000003,141.43,0.33,10,616.77,73.3
DE_0000004,92.97,0.32,10.02,593.94,422
DE_0000008,117.32,0.39,9.87,613.6,95
DE_0000013,78.16,0.23,9.45,638.51,575
DE_0000015,41.75,0.28,9.6,690.11,123
DE_0000019,581.97,0.9,8.12,713.69,233
DE_0000020,627.22,1.28,8.11,892.26,122
DE_0000021,637.96,0.77,7.83,942.71,114
DE_0000022,380.85,0.68,9.27,779.75,179
DE_0000045,321.22,1.2,9.05,775.19,523.9
DE_0000051,69.92,0.34,9.64,755.65,480
DE_0000054,69.79,0.4,9.63,767.77,416
DE_0000057,42.02,0.19,9.81,587.5,1325
DE_0000069,858.31,1.35,6.76,965.93,6.7
DE_0000070,726.71,1.25,7.23,900.97,50.9
DE_0000076,144.7,0.26,9.61,666.37,20
DE_0000086,410.19,1.12,8.7,770.42,295
DE_0000092,52.63,0.26,9.91,540.98,737
DE_0000099,345.85,0.82,9.08,756.79,374.3
DE_0000123,379.5,0.83,8.75,908.85,36.3
DE_0000130,608.43,2.89,8.18,950.77,68
DE_0000135,970.13,4.07,7.6,1183.87,37.4
DE_0000147,627.26,1.04,8.58,842.77,23.7
DE_0000172,894.71,1.5,8.39,1461.33,62.7
DE_0000175,486.66,0.25,8.68,810.41,51.63
DE_0000178,458.71,0.23,9.67,858.75,94.5
DE_0000208,1146.04,3.89,7.29,1472.77,61.2
DE_0000225,456.66,0.37,9.3,841.96,1187
DE_0000235,1341.12,7.43,6.81,1478.76,368.4
DE_0000239,148.52,0.45,10,825.05,310.52
DE_0000246,79.7,0.16,9.75,772.24,750
DE_0000249,122.14,0.44,9.76,637.48,594
DE_0000251,77.68,0.16,9.71,671.87,340
DE_0000261,668.67,2.56,8.82,1511.98,127
DE_0000311,595.14,0.53,9.51,935.97,269.89
DE_0000334,378.47,0.48,9.94,832.55,44.4
DE_0000335,480.1,0.93,9.23,961.64,87.7
DE_0000336,219.87,0.88,10.63,731.1,108
DE_0000340,513.41,0.82,9.12,1052.08,471.8
DE_0000341,413.82,0.88,9.8,796.02,242
DE_0000343,406.43,0.82,9.23,921.42,21.5
DE_0000344,455.97,0.64,9.23,967.01,38.8
DE_0000345,387.67,0.83,9.62,915.92,187
DE_0000351,265.6,0.48,10.43,853.89,1337.4
DE_0000352,374.78,0.99,10.07,1013.39,715.8
DE_0000354,485.89,1.35,9.8,1025.36,126
DE_0000356,373.59,0.18,10.1,887.56,28.3
DE_0000357,289.44,0.97,10.28,580.73,86.6
DE_0000359,504.82,1.08,10.1,732.21,31.4
DE_0000360,322.27,0.81,10.1,652.57,171
DE_0000362,323.48,0.98,9.88,811.54,588
DE_0000363,431.5,0.64,9.98,712.27,99.7
DE_0000364,476.34,1,9.4,978.83,64.4
DE_0000365,372.15,1.02,9.8,790.42,2832
DE_0000366,299.68,1.29,10.39,610.76,113
DE_0000367,330.64,0.95,11,718.74,66.9
DE_0000376,319.95,1,8.87,916.32,1119
DE_0000377,197.37,0.65,9.01,753.91,95.5
DE_0000379,271.1,1.52,8.92,821.71,135
DE_0000381,268.81,0.92,8.9,798.39,96.8
DE_0000383,195.22,1.55,9.58,840.57,137
DE_0000384,250.99,0.97,9.31,925.31,65.6
DE_0000385,334.29,1.53,9.31,970.62,148
DE_0000386,342.21,0.96,8.96,837.06,319
DE_0000387,250.06,0.86,8.89,774.98,185
DE_0000397,463.74,1,8.57,1061.85,363
DE_0000398,290.12,1.32,9.31,868.9,282
DE_0000419,45.73,0.13,10.01,765.22,1699
DE_0000437,40.15,0.16,10.04,789.76,515
DE_0000449,50.93,0.16,10.21,800.34,1405
DE_0000451,265.58,0.93,9.56,1004.96,101.75
DE_0000453,383.14,0.97,8.81,1081.31,143
DE_0000456,368.95,0.88,9.67,1194.92,194
DE_0000457,298.43,0.67,10.23,1166.74,154
DE_0000460,239.22,0.52,10.26,1112.16,215
DE_0000464,286.62,0.75,10.02,947.96,697
DE_0000465,290.35,0.76,9.69,1081.79,14.3
DE_0000469,434.14,0.92,9.1,968.64,113.4
DE_0000474,382.14,1.15,9.14,908.15,692.2
DE_0000476,395.98,1.1,9.86,762.03,143.7
DE_0000477,314.43,0.69,9.92,882.8,37.5
DE_0000478,341.2,1.02,9.92,775.62,145
DE_0000481,389.63,0.47,10.28,755.08,115.53
DE_0000493,680.19,1.11,9.98,1381.91,73.4
DE_0000502,273.65,0.51,10.18,815.15,74
DE_0000510,484.44,0.72,8.72,830.01,21.1
DE_0000523,299.22,1.15,10.11,740.17,183
DE_0000527,309.84,0.67,9.06,693.38,87.8
DE_0000528,284.85,0.53,9.16,702.99,597
DE_0000534,481.77,1.05,8.39,888.55,2424
DE_0000548,417.42,0.46,9.09,768.75,1845
DE_0000564,388.38,0.67,10.34,1049.3,56.8
DE_0000567,392.21,1.12,9.63,912.21,396
DE_0000570,374.72,0.57,9.09,754.53,1099.9
DE_0000574,549.12,1.89,8.75,818.66,139.01
DE_0000592,469.67,0.69,9.62,1071.79,62.8
DE_0000615,675.93,2.11,9.36,944.24,58.4
DE_0000616,44.09,0.14,9.72,772.65,955
DE_0000618,32.34,0.08,9.72,771.36,604
DE_0000620,650.41,1.41,8.44,1069.71,42.1
DE_0000622,598.6,1.88,8.08,1008.77,114
DE_0000623,566.49,1.28,8.58,972.52,63.9
DE_0000626,504.83,0.95,8.08,934.97,18.3
DE_0000628,236.02,0.42,9.32,679.69,135
DE_0000629,305.02,0.64,8.96,737.09,162
DE_0000631,287.62,0.71,10.05,871.61,2105
DE_0000634,353.59,1.04,9.35,1119.77,4078
DE_0000638,353.99,1.02,9.6,1052.03,1472
DE_0000639,264.98,0.76,10.14,1137.34,788
DE_0000656,377.36,0.73,9.02,812,17914
DE_0000657,403.53,0.71,8.91,793.16,12010
DE_0000658,355.11,0.76,9.24,823.26,24764
DE_0000668,646.5,1.43,9.01,875.78,330.5
DE_0000669,674.15,3.93,10.24,1736.22,53.4
DE_0000681,431.74,0.61,9.13,925.74,259.67
DE_0000682,625.43,2.91,9.18,1618.86,107.7
DE_0000684,207.29,0.55,10.91,819.57,161.1
DE_0000687,333.39,0.77,10.28,878.2,11522
DE_0000709,532.88,1.08,8.8,1128.28,489.7
DE_0000713,71.01,0.18,10.14,811.43,4981
DE_0000726,363.09,0.79,9.02,679.68,97780
DE_0000731,37.27,0.14,9.56,822.94,320.5
DE_0000742,432.53,0.87,8.91,730.77,6171
DE_0000745,155.63,0.31,9.88,659.37,3184
DE_0000746,201.62,0.42,9.42,692.97,2092
DE_0000753,887.05,2.19,8.09,1225.7,2115
DE_0000765,471.36,0.3,9.47,853.9,719.5
DE_0000775,1403.16,7.56,4.52,1275.34,250.2
DE_0000784,52.63,0.26,9.91,540.98,737
DE_0000797,351.73,1.27,10.29,842,196
DE_0000800,50.72,0.14,9.99,737.77,1014
DE_0000817,414.84,0.63,8.67,730.71,296.7
DK_0000036,657.39,4.47,-12.23,437.28,514
DZ_0000004,619.58,3,15.53,694.09,552
DZ_0000005,770.38,1.99,16.52,384.93,7245
EC_0000004,3366.63,3.42,14.04,1039.85,1260
EC_0000007,2990.9,6.65,13.44,881.72,686
ES_0000018,511.71,3.23,13.08,1076.02,456
ES_0000019,493.03,3.04,13.31,1247.96,215
ES_0000020,485.33,3.17,13.31,1198.34,681
ES_0000024,291.53,2.13,13.55,1178.68,93
ES_0000026,339.46,3.36,13.57,1105.97,251
ES_0000028,414.43,2.32,13.06,995.09,255
ES_0000029,372.28,3.79,13.06,1097.82,112
ES_0000030,546.99,4.55,12.82,1039.91,485
ES_0000031,553.18,3.79,12.59,1029.57,166
ES_0000032,616.66,3.88,12.57,929.94,357
ES_0000037,1068.19,6.9,10.94,913.76,643
ES_0000040,1086.69,7.99,10.77,973.2,455
ES_0000041,374.8,2.08,10.99,866.61,28
ES_0000042,482.12,4,10.84,867.81,99
ES_0000046,491.39,3.56,11.42,879.21,486
ES_0000047,508.63,3.39,11.48,886.7,379
ES_0000049,250.97,0.87,11.92,933.12,314
ES_0000055,1105.22,5.69,11.74,990.82,265
ES_0000058,519.75,2.9,11.35,1121.86,411
ES_0000059,372.98,2.49,11.66,1115.14,82
ES_0000061,1039.72,4.62,10.98,1295.71,294
ES_0000066,587.56,2.63,12.13,1310.9,572
ES_0000071,380.32,3.41,12.84,1253.33,163
ES_0000073,469.56,2.85,12.81,1291.84,198
ES_0000083,528.35,0.93,13.17,1542.86,248
ES_0000099,548.75,1.66,12.67,1631.97,150
ES_0000100,553.68,1.35,12.51,1629.82,516
ES_0000103,537.11,1.75,13.02,1718.06,545
ES_0000117,503.5,0.99,12.12,1360.48,999
ES_0000118,503.5,0.99,12.12,1360.48,999
ES_0000121,509.79,1.01,12.1,1437.02,843
ES_0000127,809.46,3.02,11.57,1455.01,129
ES_0000138,408.64,3.56,13.58,1623.71,286
ES_0000149,1044.82,3.29,10.91,1182.68,482
ES_0000183,620.18,3.46,12.48,862,420
ES_0000187,1320.43,2.78,10.79,622.9,580
ES_0000199,1088.48,1.06,11.35,489.01,7356
ES_0000203,1107.95,1.08,11.32,497.7,6398
ES_0000205,1274.69,2.38,10.06,823.45,443
ES_0000214,1247.69,2.59,10.76,556.27,349
ES_0000218,1383.77,3.14,9.88,678.53,153
ES_0000219,942.92,0.62,11.97,413.42,700
ES_0000221,1488.89,3.75,9.45,860.32,72
ES_0000223,1594.91,3.39,9.45,968.86,307
ES_0000233,1348.05,1.45,11.69,551.75,140
ES_0000234,1072.49,1.39,12.18,475.93,2746
ES_0000238,1320.29,2.93,11.67,581.2,252
ES_0000239,1147.96,1.88,12.05,515.63,1438
ES_0000244,1145.9,1.73,10.34,1009.5,3192
ES_0000248,757.88,0.38,11.95,532.2,3556
ES_0000260,1376.22,2.37,9.55,1104.79,481
ES_0000262,1497.83,3.52,10.85,997.4,154
ES_0000267,1361.11,2.48,9.55,1125.1,402
ES_0000274,900.02,0.95,14.49,938.75,320
ES_0000275,808.09,1.01,14.16,952.3,1700
ES_0000278,837.24,0.65,13.03,975.72,2348
ES_0000281,954.04,0.91,11.17,560.48,15638
ES_0000286,1458.89,2.99,10.39,927.23,607
ES_0000295,1239.48,2.23,10.23,731.44,1354
ES_0000296,1234.2,2.38,10.32,772.33,947
ES_0000300,1001.48,0.93,10.74,556.19,1702
ES_0000302,928.58,0.6,12.43,653.15,118
ES_0000307,951.38,0.76,10.77,585.6,281
ES_0000311,806.71,0.46,12.6,466.89,1063
ES_0000312,1022.37,1.03,11.87,454.68,1450
ES_0000314,1043.15,0.95,11.57,472.56,12093
ES_0000315,1093.19,1.67,10.14,689.98,1464
ES_0000325,1331.44,3.52,10.26,1140.86,410
ES_0000330,937.81,0.63,12.43,644.9,255
ES_0000334,1047.1,1.04,11.73,473.63,1125
ES_0000346,707.72,2.64,12.26,1550.78,719
ES_0000352,1010.2,0.91,12.41,484.3,1545
ES_0000359,920.5,1.28,13.06,466.22,27159
ES_0000386,1051.96,1.05,11.92,483.63,1036
ES_0000396,1119.41,0.75,11.73,534.54,658
ES_0000414,756.97,3.93,13.42,770.3,386
ES_0000422,1251.32,3.17,12.12,568.65,1620
ES_0000427,1060.47,1.12,11.64,474.36,419
ES_0000428,1363.05,2.21,11.1,546.78,439
ES_0000433,373.58,0.59,16.83,569.55,2058
ES_0000437,945.29,1.38,12.86,476.62,11549
ES_0000444,919.05,1.33,12.65,783.32,426
ES_0000446,574.59,2.68,13.89,536.39,4090
ES_0000459,1085.72,4.46,12.95,890.12,239
ES_0000463,790.54,1.84,15.02,436.42,140
ES_0000465,774.1,1.81,15.02,455.65,196
ES_0000468,442.39,0.71,16.62,560.73,457
ES_0000469,764.24,2.68,15.83,532.99,266
ES_0000470,671.28,2.58,15.59,493.24,184
ES_0000472,757.15,0.95,14.89,405.58,1266
ES_0000473,1361.61,3.05,12.85,698.27,698
ES_0000475,847.28,4.05,14.9,1004.03,109
ES_0000480,1499.46,6.96,12.68,1083.72,100
ES_0000483,536.52,2.14,14.9,774.06,52
ES_0000488,639,1.22,15.02,407.67,223
ES_0000493,670.8,1.76,15.46,458.59,377
ES_0000495,1046.81,1.42,12.22,498.61,9048
ES_0000496,625.6,0.4,15.37,394.78,152
ES_0000499,601.02,0.39,15.02,358.19,94
ES_0000504,449.44,0.77,16.66,678.26,169
ES_0000506,525.25,1.94,14.49,772.74,89
ES_0000511,939.28,1.28,13.01,468.49,24788
ES_0000519,733.91,2.4,13.8,799.14,2672
ES_0000574,255.66,0.87,17.62,540.31,119
ES_0000576,399.05,1.72,17.39,583.89,320
ES_0000718,665.29,2.45,16.41,526.37,1665
ES_0000720,969.33,4.02,16.19,496.13,775
ES_0000743,754.89,1.23,15.25,472.1,228
ES_0000745,544.64,1.68,16.24,511.88,407
ES_0000773,913.42,2.06,13.93,410.22,1116
ES_0000814,1183.44,3.07,13.44,464.95,2185
ES_0000815,840.2,1.99,14.71,401.08,8557
ES_0000816,792.95,1.9,14.74,401.08,9600
ES_0000817,750.88,1.96,15.14,384.01,13478
ES_0000862,512.23,2.39,15.5,375.57,320
ES_0000906,1160.38,1.53,12.04,526.71,1793
ES_0000914,1302.22,2.03,11.01,485.17,241
ES_0000917,935.95,0.91,13.38,471.69,74
ES_0000921,1101.35,2.32,12.19,478.9,2490
ES_0000924,758.83,2.6,15.81,383.45,267
ES_0000925,1056.64,1.19,12.53,491.79,3248
ES_0000928,1219.44,2.02,11.29,480.29,1396
ES_0000933,1254.37,1.5,11.46,506.53,1255
ES_0000935,1084.28,1.85,12.88,454.49,74
ES_0000937,1219.97,2.06,11.29,480.29,1430
ES_0000938,1166.96,2,11.66,469.51,4978
ES_0000941,545.1,3.1,16.69,352.51,30
ES_0001001,508.97,1.06,13.91,508.04,2249
ES_0001025,927.92,1.35,11.62,477.93,9694
ES_0001026,1576.3,2.4,11.28,592.13,279
ES_0001031,489.14,1.15,13.97,524.73,1499
ES_0001036,959.99,1.85,13.03,467.47,3845
ES_0001064,1104.16,2.09,10.89,468.75,594
ES_0001066,978.69,1.77,12.27,451.81,87
ES_0001067,2053.92,8.06,7.7,1291.85,149
ES_0001068,2057.12,7.04,8.28,1304.12,225
ES_0001072,2109.47,7.45,7.5,1308.66,60
ES_0001073,1832.87,8.1,8.68,1181.32,76
ES_0001089,923.11,3.6,12.6,1067.87,69
ES_0001090,683.72,2.71,14.86,538.34,115
ES_0001092,817.09,2.13,13.63,610.73,144
ES_0001095,1212.56,3.36,9.88,694.91,192
ES_0001100,791.77,2.11,12.25,622.87,82245
ES_0001102,734.77,2.35,12.15,810.61,318
ES_0001105,915.84,1.31,12.44,436.66,470
ES_0001107,1161.61,3.87,9.96,911.28,1471
ES_0001108,2188.4,6.39,6.01,1330.18,100
ES_0001109,1893.3,7.82,6.01,1163.87,453
ES_0001114,505.58,1.51,15.19,488.3,335
ES_0001116,1584.28,6.11,10.15,1058.29,342
ES_0001118,438.23,0.91,14.34,506.45,537
ES_0001119,1001.8,1.11,12.03,467.11,446
ES_0001120,956.59,2.04,11.93,523.28,1120
ES_0001123,764.58,2.57,11.54,841.33,350
ES_0001124,765.6,2.14,11.53,641.37,217
ES_0001126,655.59,1.67,12.83,558.85,534
ES_0001127,1039.3,3.54,12.39,670.68,135
ES_0001128,542.79,1.46,14.03,507.88,3390
ES_0001131,2065.92,8.03,6.67,1291.3,180
ES_0001132,1148.48,3.09,11.23,617.87,283
ES_0001133,2097.07,6.34,7.5,1307.1,83
ES_0001135,1018.18,1.99,11.76,457.31,142
ES_0001142,748.07,1.25,13.15,400.9,1017
ES_0001152,1966.97,6.83,6.67,1250.23,298
ES_0001153,1033.99,2.43,11.32,533.55,299
ES_0001154,1919.28,6.48,7.24,1263.65,444
ES_0001155,1214.49,2.79,11.75,617.2,405
ES_0001156,859.52,2.01,12.01,899.61,465
ES_0001159,716.61,2.91,12.45,624.42,83
ES_0001160,1876.52,7.74,8.61,1189.44,540
ES_0001161,1151.08,3.27,11.78,989.26,49
ES_0001163,1091.2,2.74,12.22,532.62,123
ES_0001165,891.48,2.43,12.01,930.74,739
ES_0001166,1954.9,7.53,7.5,1227.43,410
ES_0001169,1325.69,4.06,9.66,1050.88,188
ES_0001172,1958.65,5.09,8.66,1214.78,101
ET_0000002,2303.49,1.73,16.9,1013.11,7656
FI_0000028,17.93,0.18,4.24,554.34,26.85
FI_0000040,234.3,2.79,0.61,587.62,6.13
FI_0000055,193.16,0.44,-0.63,522.29,314
FI_0000056,310.96,0.51,-1.46,539.46,3345
FI_0000080,106.78,0.21,3.31,576.39,2000
FI_0000081,144.32,0.11,2.82,600.98,1416
FI_0000085,115.96,0.17,2.77,594.59,3408
FI_0000092,230.39,0.38,1.12,698.52,1313
FI_0000093,111.44,0.12,1.59,659.77,1279
FI_0000094,148.88,0.19,1.23,643.81,3109
FI_0000095,280.5,0.34,-0.17,602.43,1986
FI_0000097,248.91,0.42,-0.38,578.53,27424
FI_0000098,242.37,0.4,-0.42,572.95,47425
FI_0000099,245.59,0.44,-0.34,580.57,29021
FI_0000104,201.26,0.36,0.08,579.43,3522
FI_0000105,209.22,0.36,0,577.15,3017
FI_0000106,266.94,0.41,-0.78,559.03,12303
FI_0000108,216.02,0.25,-0.19,579.35,1198
FI_0000110,165.38,0.58,0.68,665.02,296
FI_0000126,98.26,0.23,4.4,669.42,976
FI_0000139,133.12,0.24,3.26,657.42,61061
FI_0000148,212.14,0.28,2.23,677.09,596
FR_0000014,361.35,2.57,10.08,1145.68,37
FR_0000017,561.95,1.17,9.72,1091.87,7290
FR_0000021,1038,1.55,7.6,1351.86,396
FR_0000023,269.99,0.12,11.63,932.51,81
FR_0000032,604.68,1.32,9.55,1108.59,4970
FR_0000034,842.62,1.93,10.59,1201.08,232
FR_0000035,1199.31,5.95,9.48,1257.13,89
FR_0000049,1199.31,5.95,9.48,1257.13,89
FR_0000051,862.55,5.2,10.85,1205.48,42
FR_0000059,731.89,5.38,9.41,1226.86,30.5
FR_0000063,428.85,1.24,11.65,1085.11,324
FR_0000086,629.95,3.19,10.59,968.03,186
FR_0000087,818.79,3.58,10.34,1031.9,108
FR_0000088,1467.05,6.2,10.34,1276.11,43
FR_0000089,1244.92,4.49,8.67,1144.39,227
FR_0000093,657.24,4.87,10.34,987.02,60
FR_0000097,443.59,1.01,11.67,1114.44,193
FR_0000098,420.66,1.23,11.65,1082.95,349
FR_0000100,1214.33,2.47,9.41,1426.68,19
FR_0000112,1183.39,3.42,9.22,1311.44,119
FR_0000113,1236.22,3.81,9.24,1345.5,85
FR_0000119,654.59,1.89,10.29,1137.56,3630
FR_0000130,470.53,3.02,11.89,834.83,48
FR_0000131,225.13,0.97,13.68,746.98,216
FR_0000140,2098.12,7.2,4.5,1108.07,2170
FR_0000170,410.86,0.71,10.72,835.92,224
FR_0000171,302.74,0.57,10.9,866.97,383
FR_0000172,546.79,2.33,11.35,846.83,219
FR_0000174,520.93,2.08,11.43,848.46,336
FR_0000175,597.36,3.03,11.43,886.54,54.5
FR_0000176,337.7,1.16,11.47,812.76,273
FR_0000177,465.63,1.63,11.43,854.77,332
FR_0000178,579.22,3.31,11.34,868.07,31
FR_0000179,316.54,0.65,10.57,953.51,11700
FR_0000181,447.7,1.24,10.72,851.07,655
FR_0000186,332.71,0.77,10.37,1044.03,2038
FR_0000187,348.7,0.81,10.13,1064.48,1710
FR_0000188,693.41,2.65,9.33,1204.25,73.5
FR_0000189,384.91,0.89,10.36,1043.67,1020
FR_0000190,333.46,0.71,10.55,970.67,3740
FR_0000191,344.69,0.72,10.59,935.25,1130
FR_0000203,924.77,6.88,11.67,1010.01,17
FR_0000205,694.43,3.87,10.17,871.73,114
FR_0000213,334.2,1.56,12.81,795.55,1060
FR_0000218,537.15,2.53,10.38,764.17,263
FR_0000219,560.99,2.76,10.38,786.68,240
FR_0000229,1193.89,2.96,9.22,1311.44,105
FR_0000230,1427.78,5.78,6.91,1470.35,170
FR_0000233,780.33,1.43,9.18,1288.61,650
FR_0000244,1482.68,7.9,6.32,1351.73,1664
FR_0000254,372.35,0.81,9.92,1063.97,1250
FR_0000263,344.23,0.69,10.68,836.27,417
FR_0000267,562.77,1.42,9.56,1133.82,123
FR_0000276,1100.22,2,7.6,1387.44,170
FR_0000283,549.52,2.2,9.33,1151.14,141
FR_0000286,474.82,1.12,13.67,927.86,91
FR_0000302,200.1,0.36,11.93,741.27,1712
FR_0000316,420.48,0.9,10.96,749.32,558
FR_0000317,214.15,0.43,11.72,766.72,434
FR_0000321,267.27,0.5,11.73,885.5,235
FR_0000322,439.01,1.14,11.1,957.23,131
FR_0000323,318.75,0.57,11.58,945.48,286
FR_0000330,99.69,0.44,12.3,677.18,242
FR_0000332,168.12,0.26,12.47,826.5,320
FR_0000345,343.45,0.92,12.03,953.5,140
FR_0000348,185.14,0.25,12.41,827.78,492
FR_0000351,95.35,0.36,12.73,873.68,523
FR_0000352,64.08,0.25,13.48,868.23,882
FR_0000358,175.13,0.6,12.65,837.51,203
FR_0000361,65.47,0.37,12.89,766.79,38
FR_0000362,100.69,0.35,12.41,794.68,120
FR_0000365,118.47,0.54,12.61,827.99,250
FR_0000369,157.68,0.75,12.41,810.31,131
FR_0000370,53.1,0.26,13.08,778.41,31
FR_0000382,168.64,0.37,12.5,804.39,814
FR_0000383,92.71,0.32,12.46,755.25,920
FR_0000384,35.79,0.2,12.85,777.21,147
FR_0000387,104.68,0.23,12.53,780.74,460
FR_0000388,156.02,0.36,12.37,792.07,634
FR_0000389,154.98,0.35,12.26,797.32,308
FR_0000390,114.99,0.25,12.26,739.82,201
FR_0000393,98.21,0.24,12.46,749.7,250
FR_0000401,1133.37,0.73,8.26,930.63,116
FR_0000419,223.21,0.61,12.92,881.45,102
FR_0000429,73.53,0.32,14.05,903.89,9.7
FR_0000431,104.14,0.41,13.8,924.39,255
FR_0000432,135.98,0.49,13.58,907.85,411
FR_0000434,273.76,0.84,13.12,842.26,117
FR_0000436,416.78,1.03,11.89,759.27,1190
FR_0000448,1081.43,1.61,8.61,955.49,456
FR_0000449,1103.27,2.65,9.43,1092.13,465
FR_0000451,77.88,0.45,13.84,895.75,16.2
FR_0000453,240.83,1.37,12.44,932.19,58
FR_0000460,366.27,0.68,12.44,969.41,103
FR_0000462,253.26,0.87,12.92,860.28,120
FR_0000470,688.35,1.73,10.67,915.59,122
FR_0000471,1147.92,1.59,8,953.52,187
FR_0000473,73.85,0.31,13.84,888.52,30
FR_0000475,102.24,0.51,13.64,929.92,73.5
FR_0000502,722.89,0.64,9.9,893.01,79
FR_0000521,106.66,0.45,13.26,872.02,318
FR_0000525,96.07,0.23,11.98,770.25,153
FR_0000527,130.03,0.27,12.52,1012.4,47.7
FR_0000535,120.6,0.5,12.18,1114.62,107
FR_0000537,78.13,0.35,12,1115.01,89.1
FR_0000538,202.25,0.61,11.44,1120.1,257
FR_0000546,85.19,0.29,11.85,1133.96,43
FR_0000547,88.03,0.48,11.85,1118.22,50
FR_0000550,139.95,0.75,11.94,1095.28,59
FR_0000553,252.96,0.25,11.31,1126.46,104
FR_0000554,123.76,0.46,12.29,1094.91,184
FR_0000556,157.48,0.8,11.79,1166.64,141
FR_0000559,164.13,0.5,11.85,1147.55,7.04
FR_0000560,103.84,0.32,12.07,954.98,316
FR_0000562,141.08,0.25,12.24,695.46,75.5
FR_0000564,106.7,0.19,12.21,678.93,127
FR_0000568,172.33,0.33,12.08,689.92,2254
FR_0000573,267.02,0.46,11.97,729.17,79
FR_0000583,1146.95,1.24,9.67,1014.81,139
FR_0000597,684.13,1.78,11.26,861.09,165
FR_0000605,285.93,0.6,11.7,775.21,501
FR_0000606,282.02,0.46,11.7,774.87,192
FR_0000607,288.4,0.83,11.77,781.54,115
FR_0000610,387.89,1.59,11.63,815.4,115
FR_0000611,554.24,1.79,10.68,889.09,138
FR_0000612,482.38,1.03,10.61,875.37,257
FR_0000615,316.91,0.47,11.08,784.09,819
FR_0000616,409,0.99,11.03,832.11,2277
FR_0000617,330.31,0.88,11.57,781.37,338
FR_0000619,238.63,0.48,11.74,744.84,473
FR_0000625,130.47,0.15,11.91,684.91,263
FR_0000631,105.33,0.18,12.08,676.93,62.8
FR_0000638,87.65,0.34,12.11,691.92,224
FR_0000639,176.44,0.47,11.36,680.57,270
FR_0000642,186.29,0.7,11.36,681.99,85
FR_0000645,107.6,0.25,12,683.32,67
FR_0000655,199.71,0.49,11.3,691.36,827
FR_0000656,103.25,0.38,11.73,682.22,510
FR_0000659,113.77,0.38,11.72,753.41,380
FR_0000669,188.15,0.42,11.77,816.28,115
FR_0000670,51.88,0.17,12.47,769.29,472
FR_0000672,43.45,0.2,12.67,771.98,79
FR_0000673,88.36,0.13,12.3,769.68,85
FR_0000676,156.24,0.43,11.74,800.59,375
FR_0000678,59.7,0.17,12.31,761.15,169
FR_0000680,118.99,0.39,11.55,765.87,410
FR_0000688,59.47,0.24,12.39,812.21,37
FR_0000693,99.45,0.26,12.14,823.38,82
FR_0000696,157.98,0.37,11.94,804.63,67
FR_0000697,123.11,0.65,12.02,905.26,104
FR_0000699,109.06,0.4,12.23,947.09,137
FR_0000700,95.15,0.38,12.11,855.89,468
FR_0000702,105.43,0.45,12.12,881.39,315
FR_0000703,59.54,0.29,12.46,789.89,118
FR_0000704,70.17,0.26,12.25,774.92,820
FR_0000705,206.71,0.75,12.03,710.11,27
FR_0000709,900.02,1.83,9.64,724.5,66.2
FR_0000725,651.42,1.83,11.08,661.78,73.2
FR_0000726,653.08,1.32,9.76,721.23,117
FR_0000727,683.46,0.43,9.14,773.95,112
FR_0000728,1079.69,2.38,8.56,842.88,140
FR_0000734,966.9,1.86,8.82,844.28,984
FR_0000752,864.03,3.36,9.62,798.58,95
FR_0000755,318.75,0.65,11.63,938.81,288
FR_0000756,368.25,0.61,11.43,1001.63,125
FR_0000761,443.19,0.86,11.15,959.13,4100
FR_0000762,351.34,0.86,11.43,982.35,152
FR_0000763,385.51,0.69,11.16,1011.94,597
FR_0000768,480.85,0.82,10.83,929.99,62
FR_0000770,439.51,0.73,11.15,922.72,570
FR_0000771,157.78,0.48,11.44,684.48,175
FR_0000777,305.02,0.61,13.23,1263.05,84.3
FR_0000787,155.55,0.14,11.56,632.43,112
FR_0000792,323.96,0.83,11.06,835.56,2160
FR_0000795,406.89,1.08,10.56,861.36,223
FR_0000796,427.56,0.83,10.54,868.79,268
FR_0000797,577.43,0.74,10.54,908.91,53
FR_0000804,255.4,0.48,11.54,764.53,264
FR_0000806,243.29,0.46,11.78,734.27,194
FR_0000808,396.02,0.87,11.15,830.26,1180
FR_0000811,182.5,0.91,11.8,670.96,131
FR_0000812,197.25,0.41,11.8,678.59,139
FR_0000818,230.66,0.41,11.8,703.52,562
FR_0000819,268.62,0.64,11.8,718.21,153
FR_0000822,169.58,0.25,11.95,677.89,2300
FR_0000824,123.92,0.13,11.95,630.62,235
FR_0000829,108.86,0.39,11.01,748.48,894
FR_0000833,145.23,0.44,10.91,761.99,84
FR_0000841,120.43,0.79,11.02,718.54,105
FR_0000842,132.1,0.5,10.99,742.27,392
FR_0000847,42.09,0.17,11.04,744.69,135
FR_0000853,117.36,0.27,10.81,786.72,173
FR_0000854,117.88,0.25,10.93,771.18,239
FR_0000856,188.55,0.32,10.48,858.17,119
FR_0000857,206.28,0.36,10.54,860.57,320
FR_0000858,222.48,0.37,10.4,875.61,198
FR_0000859,192.45,0.37,10.64,854.49,275
FR_0000863,226.37,0.66,10.21,899.38,124
FR_0000866,349.06,0.64,10.47,792.09,2540
FR_0000872,376.23,0.56,10.3,851.35,405
FR_0000879,281.22,0.57,10.26,941.29,1967
FR_0000881,236.98,0.51,10.54,913.43,348
FR_0000886,130.12,0.11,11.83,620.85,199
FR_0000888,121.29,0.22,11.91,625.4,1870
FR_0000889,117.43,0.21,11.98,628.58,875
FR_0000894,359.54,0.61,10.49,788.96,614
FR_0000895,339.44,0.52,10.52,749.57,820
FR_0000896,253.39,0.37,10.57,775.04,113
FR_0000909,92.61,0.46,11.22,660.41,72
FR_0000910,149.25,0.41,11.01,727.56,7940
FR_0000911,92.52,0.24,11.47,657.36,284
FR_0000915,157.78,0.45,11.19,724.95,747
FR_0000916,176.39,0.36,10.98,748.39,212
FR_0000917,181.77,0.4,10.99,748.02,202
FR_0000918,138.4,0.81,11.37,707.6,171
FR_0000919,107.88,0.47,11.51,658.3,101
FR_0000920,98.85,0.68,11.55,652.14,57.3
FR_0000921,99.2,0.28,11.56,646.57,338
FR_0000923,137.04,0.47,11.15,663.97,1440
FR_0000924,169.54,0.65,11.09,651.59,297
FR_0000926,219.29,0.44,11.11,779.67,3590
FR_0000929,314.62,0.53,10.99,832.31,2380
FR_0000932,333.76,0.61,10.9,825.75,730
FR_0000934,339.7,0.49,10.83,845.45,704
FR_0000935,353.84,0.59,10.78,820.52,548
FR_0000954,111.2,0.26,11.67,641.33,167
FR_0000957,155.5,0.31,11.59,636.4,1190
FR_0000971,161.74,0.35,10.84,770.51,5230
FR_0000977,300.55,0.46,10.57,746.01,282
FR_0000979,272.02,0.44,10.62,787.68,627
FR_0000982,193.46,0.39,10.72,811.14,2940
FR_0000985,165.17,0.36,10.66,826.6,733
FR_0000987,214.72,0.33,10.45,879.91,258
FR_0000988,262.61,0.4,10.45,902.44,315
FR_0000990,202.31,0.36,10.69,841.76,1170
FR_0000998,132.21,0.41,11.29,784.64,208
FR_0001001,125.75,0.47,11.33,665.26,96
FR_0001002,150.43,0.54,11.08,754.46,248
FR_0001010,120.97,0.46,10.88,752.14,342
FR_0001029,190.94,0.26,11.04,675.9,880
FR_0001034,130.95,0.39,11.86,624.61,922
FR_0001046,270.98,0.38,10.95,767.48,149
FR_0001047,239.25,0.39,10.95,760.49,257
FR_0001048,143.85,0.74,11.01,759.76,287
FR_0001049,116.07,0.61,11.21,757.3,659
FR_0001053,99.23,0.84,11.66,761.58,57
FR_0001054,123.04,0.45,11.43,752.63,52
FR_0001066,109.76,0.47,11.57,819.16,254
FR_0001067,64.27,0.27,11.67,781.44,95
FR_0001075,267.28,0.54,11.72,906.43,19.2
FR_0001077,91.31,0.37,11.84,805.94,72
FR_0001083,182.51,0.37,11.88,819.44,149
FR_0001106,261.5,0.76,10.49,817,622
FR_0001108,432.42,1.43,10.02,939.28,185
FR_0001112,192.49,0.81,10.99,811.51,202
FR_0001115,439.28,1.12,10.1,912.42,64
FR_0001116,477.94,1.6,10.02,919.34,90
FR_0001118,310.75,0.49,10.19,833.25,878
FR_0001119,240.02,0.21,10.37,825.22,407
FR_0001121,304.24,0.52,10.02,849.09,280
FR_0001125,280.61,0.48,10.38,851.71,364
FR_0001126,263.13,0.48,10.43,845.27,1160
FR_0001127,324.77,0.56,10.19,835.74,721
FR_0001133,830.06,2.81,9.33,1287.88,72
FR_0001134,751.64,2.66,9.33,1231,153
FR_0001137,712.63,2.17,9.36,1187.59,621
FR_0001138,649.2,1.89,9.6,1131.68,1220
FR_0001141,366.19,0.43,10.26,923.8,106
FR_0001142,341.58,0.48,10.26,906.32,382
FR_0001146,630.09,2.44,9.46,1107.89,374
FR_0001148,490.74,1.28,9.46,980.79,116
FR_0001149,312.53,0.51,10.02,808.63,559
FR_0001150,464.59,0.77,9.44,942.72,100
FR_0001151,355.29,0.57,9.52,853.53,493
FR_0001154,375.32,0.91,9.94,914.13,2930
FR_0001155,272.33,0.7,10.54,786.41,84.8
FR_0001158,256.83,0.4,10.5,740.85,358
FR_0001161,243.46,0.44,10.46,789.52,925
FR_0001162,237.1,0.48,10.48,793.65,1280
FR_0001164,237.15,0.4,10.5,771.96,377
FR_0001167,259.24,0.62,10.6,828.18,32.8
FR_0001168,244.54,0.68,10.6,815.55,110
FR_0001172,330.4,0.56,10.29,864.89,940
FR_0001174,404.07,1.03,9.77,933.98,2280
FR_0001175,353.51,0.78,10.23,881.64,9400
FR_0001179,619.3,2.53,9.48,1076.91,230
FR_0001188,758.55,4.1,9.33,1211.18,88.2
FR_0001206,691.4,3.71,9.48,1136.64,31.7
FR_0001212,626.98,3.5,9.48,1038.85,108
FR_0001219,334.1,1.26,10.02,841.7,163
FR_0001226,390.31,0.71,9.7,878.74,656
FR_0001246,750.46,4.66,12.75,1097.61,480
FR_0001249,687.24,3.93,11.46,1083.8,173
FR_0001254,146.79,0.2,11.52,620.81,81
FR_0001259,191.99,0.28,11.97,709.47,585
FR_0001261,914.12,1.27,9.42,937.69,134
FR_0001262,323.93,0.53,11.68,919.21,177
FR_0001263,102.24,0.51,13.64,929.92,73.5
FR_0001267,368.27,0.97,11.91,914.09,3736
FR_0001270,265.38,0.43,13.52,986.93,36
FR_0001272,1078.29,4.52,7.5,1027.2,169
FR_0001274,536.88,1.43,9.11,822.25,131
FR_0001275,665.37,3.75,10.54,824.98,67
FR_0001276,1004.68,2.23,10.12,1052.73,125
FR_0001278,805.36,2.78,10.79,768.53,112
FR_0001279,839.04,1.9,11.62,867.14,300
FR_0001282,1011.48,3.13,10.35,1014.51,621
FR_0001283,1188.56,3.06,10.38,1272.04,189
FR_0001286,475.87,1.19,13.67,914.89,91
FR_0001288,775.02,1.81,10.43,747.18,270
FR_0001289,753.49,1.71,10.43,696.53,110
FR_0001291,933.51,0.72,10.79,861.55,57
FR_0001292,470.96,1.15,11.96,761.66,103
FR_0001293,613.54,1.09,11.18,743.44,175
FR_0001294,1532.85,6.65,6.71,1194.78,38
FR_0001296,741.91,2.76,11.01,853.92,1770
FR_0001301,396.6,2.4,13.6,679.15,305
FR_0001306,441.83,3.12,14.14,655.51,49
FR_0001309,252.64,1.95,15.74,683.2,277
FR_0001320,1468.76,5.37,9.19,988.96,165
FR_0001321,2103.38,7.3,5.56,1028.78,946
FR_0001322,1256.41,4.33,8.54,1061.96,723
FR_0001326,1558.49,5.66,6.95,1056.06,6760
FR_0001327,527.27,2.07,11.35,838.39,792
FR_0001328,424.87,2.41,11.67,838.44,95
FR_0001331,2407.39,9.73,4.93,1296.38,220
FR_0001335,995.08,4.74,14.31,790.88,130
FR_0001336,678.29,6.12,13.19,772.23,114
FR_0001337,1446.09,6.45,11.36,852.03,461
FR_0001339,2257.84,9.71,4.69,1259.2,133
FR_0001340,138.67,0.31,11.82,1123.12,44
FR_0001345,577.89,0.81,10.73,910,217
FR_0001346,397.35,0.42,10.74,853.09,371
FR_0001347,246.05,0.59,10.57,784.31,282
FR_0001348,1109.76,1.31,8,928.54,157
FR_0001349,785.99,3.38,9.33,1223.46,33
FR_0001351,164.5,0.84,12.26,889.86,30.2
FR_0001353,395.83,0.37,10.76,847.67,124
FR_0001354,261.5,0.76,10.49,817,622
GB_0000001,354.35,2.33,6.86,2166.92,105.9
GB_0000002,312.38,1.91,7.25,2148.09,330.7
GB_0000007,239.86,1,7.64,865.34,954.9
GB_0000008,89.38,0.42,8.46,779.75,325
GB_0000009,268.68,1.19,7.43,926.77,1273
GB_0000010,451.95,2.08,7.19,1182.31,1844
GB_0000011,569.59,2.28,6.45,1227.97,150
GB_0000012,298.3,1.81,7.81,1000.27,732
GB_0000013,111.11,0.95,8.84,809.64,307.4
GB_0000015,394.49,2.12,7.63,1905.15,99.5
GB_0000016,258.5,2.16,7.98,1550.68,782.2
GB_0000020,221.27,1.88,8.24,950.47,64
GB_0000021,358.53,1.58,7.92,1372.13,1500
GB_0000022,263.88,1.19,8.16,1223.6,4390
GB_0000023,282.63,1.03,7.89,1419.77,323
GB_0000025,236.02,0.78,8.49,943.83,503
GB_0000026,256.79,1.44,7.83,1263.27,139
GB_0000027,227.57,1.15,8.31,1124.49,569.8
GB_0000028,118.23,0.41,8.77,759.85,269.4
GB_0000030,428.79,1.88,7.76,1441.8,321.9
GB_0000031,402.05,1.63,7.82,1614.58,58.8
GB_0000037,104.82,0.35,9.07,755.83,147
GB_0000039,105.42,0.56,9.31,702.5,240
GB_0000043,184.95,0.93,8.65,1098,3315
GB_0000044,137.27,0.72,9.59,901.22,352.2
GB_0000045,234.61,1.46,8.51,1372.44,282.3
GB_0000046,129.15,0.83,9.14,763.34,1586
GB_0000050,76.53,0.31,9.93,695.8,529
GB_0000051,215.58,0.84,9.45,947.66,883.2
GB_0000052,117.34,0.46,9.98,710.05,413.8
GB_0000053,108.25,0.32,10.03,714.38,368
GB_0000054,169.39,0.4,10.24,1060.24,74
GB_0000055,312.5,0.75,8.82,1131.69,83
GB_0000057,100.71,0.29,10.04,684.11,183.9
GB_0000060,109.1,0.49,9.94,720.6,62.5
GB_0000061,72.45,0.26,10.09,649.47,341.9
GB_0000062,110.4,0.36,9.93,709.89,68.9
GB_0000066,58.63,0.2,10.28,643.06,137.5
GB_0000069,25.55,0.2,10.19,680.07,98.8
GB_0000072,46.87,0.13,10.59,644.56,370
GB_0000073,63.16,0.23,10.45,618.68,128.9
GB_0000074,73.72,0.29,10.56,624.88,578
GB_0000077,76.83,0.25,10.78,633.23,190.3
GB_0000080,74.99,0.51,10.69,672.84,42.2
GB_0000085,151.1,0.43,10.33,765.11,1033.4
GB_0000086,156.56,0.42,10.32,773.94,234.1
GB_0000088,133.25,0.35,10.12,706.05,551.7
GB_0000089,141.18,0.58,10.21,742.05,137.3
GB_0000090,129.08,0.7,10.67,785.54,59
GB_0000092,79.54,0.31,10.74,791.57,142
GB_0000095,87.75,0.68,11.03,756.26,345
GB_0000099,78.86,0.42,10.87,841.22,87.8
GB_0000105,139.45,0.59,10.29,760.11,323.7
GB_0000106,141.53,0.59,10.37,846.48,220.6
GB_0000107,92.15,0.56,10.53,843.61,1073
GB_0000109,105.29,0.52,10.61,854.06,183.1
GB_0000111,151.47,0.65,10.59,1120.1,226.1
GB_0000113,145.6,1.03,10.59,1070.82,202.5
GB_0000114,466.55,0.67,10.31,1555.59,21.5
GB_0000116,167.62,0.72,10.52,1218.16,112.7
GB_0000117,134.26,1.04,11.02,1104.73,87
GB_0000118,204.19,0.96,10.87,1185.65,169.1
GB_0000119,170.85,0.87,10.84,1106.34,208.8
GB_0000121,162.74,0.66,10.51,1175.06,663
GB_0000126,113.46,0.86,10.26,883.76,47.9
GB_0000130,88.48,0.23,9.71,724.2,259
GB_0000131,74.29,0.53,10.36,828.87,293
GB_0000132,182.75,1.61,9.45,920.37,178
GB_0000133,117.91,0.27,9.96,687.02,347
GB_0000136,128.59,0.34,10.32,1022.65,40.8
GB_0000139,296.04,1.4,9.09,1144.32,203.3
GB_0000140,132.1,0.54,9.93,863.59,144
GB_0000144,342.51,0.8,8.97,1562.38,62.8
GB_0000145,229.2,1.38,9.35,1337.7,178.7
GB_0000147,227.23,1.22,9.82,1471.74,297.8
GB_0000150,270.37,1.23,8.93,1684.14,169.6
GB_0000151,278.47,2.06,8.34,1553.74,471.3
GB_0000153,176.71,1.75,9.73,1132.71,18.1
GB_0000155,239.73,1.41,9.43,969.07,227.1
GB_0000157,383.77,1.98,8.34,1642.92,53.9
GB_0000160,239.66,1.35,9.39,1100.6,660
GB_0000161,188.21,1,9.84,991.75,72.5
GB_0000162,219.96,1.45,8.63,1485.53,1145
GB_0000165,241.87,1.87,8.76,1640.17,209
GB_0000167,220.91,1.23,8.88,1621.16,125.5
GB_0000168,260.25,2.6,8.83,1649.06,663
GB_0000169,274.38,2.76,8.84,1644.28,116.6
GB_0000171,250.79,1.4,8.1,1366.92,2286.5
GB_0000173,260.86,1.69,7.86,1332.39,319
GB_0000174,229.16,1.37,7.89,1505.28,925
GB_0000176,330.32,1.8,7.65,1762.01,471
GB_0000177,161.47,0.8,8.39,1401.78,199
GB_0000178,223.71,1.77,8.55,1608.06,368
GB_0000179,186.23,0.89,9.03,1517.03,171
GB_0000180,205.13,1.61,8.42,1475.27,245.5
GB_0000181,149.48,0.76,8.7,1360.34,380.7
GB_0000183,142.39,0.9,8.25,1428.28,33.9
GB_0000184,336.13,0.69,7.75,1723.78,110.3
GB_0000185,236.7,2.39,7.74,1885.75,784.3
GB_0000187,227.92,2.87,8.79,1977.35,30.8
GB_0000189,353.11,4.03,7,2580.49,137.8
GB_0000190,314.36,3.31,7.68,2429.74,441.1
GB_0000192,175.23,0.77,7.58,1206.17,204.6
GB_0000193,451.92,2.35,6.95,2581.55,120.5
GB_0000198,96.68,0.34,9.78,871.43,258
GB_0000200,394.3,3.45,6.89,2361.14,251.2
GB_0000203,82.08,0.99,11.34,876.76,22.5
GB_0000204,157.28,0.66,8.93,1529.12,276.6
GB_0000205,166.91,1.01,8.86,1700.36,148.3
GB_0000206,106.88,0.67,9.2,1223.37,970.2
GB_0000207,139.07,0.98,9.11,1082.93,277.6
GB_0000208,144.23,1.32,8.88,1378.82,304.3
GB_0000209,98.49,0.61,9.11,1258.79,5209.8
GB_0000210,116.99,0.6,8.74,1277.19,299.2
GB_0000211,102.33,0.72,9.33,1042.31,491.6
GB_0000213,167.56,0.9,8.85,1638.46,1843.8
GB_0000215,142.14,1.22,8.93,1463.03,166.3
GB_0000216,262.53,0.96,7.96,1551.99,1903.1
GB_0000218,488.93,2.39,6.33,1879.16,1670
GB_0000221,240.21,1.09,7.9,1294.24,1110
GB_0000224,352.27,1.51,8.29,1491.5,427
GB_0000236,278.33,1.18,8.83,1284.45,194
GB_0000240,57.5,0.34,10.17,673.44,61.6
GB_0000242,57.5,0.34,10.17,673.44,61.6
HU_0000012,211.61,1.45,11.54,635.73,82.2
HU_0000016,337.64,1.62,11.62,673.48,34
HU_0000019,189.2,0.65,11.74,574.65,72
HU_0000020,214.63,0.67,11.34,588.64,104
IE_0000001,95.97,1.13,10.5,1136.79,97
IE_0000003,114.03,0.73,10.31,1154.08,423.74
IE_0000010,148.33,0.79,9.74,1120.01,117
IE_0000015,82.19,0.5,9.57,1126.88,260
IE_0000016,63.36,0.55,10.35,1312.94,136
IE_0000018,78.87,0.63,9.53,1332.43,1974.8
IE_0000021,126.04,0.81,9.17,1227.21,175
IE_0000033,83.46,0.16,9.63,1081.68,1683.8
IE_0000037,62.48,0.54,10.03,1042.44,148
IE_0000043,137.71,0.66,9.73,1152.88,2418.3
IE_0000049,115.83,0.74,9.86,1293.02,422
IE_0000053,100.73,0.44,10.05,1236.85,806
IE_0000057,88.94,0.32,9.49,1164.65,1098.8
IE_0000059,63.83,0.44,9.73,1261.7,3136.1
IE_0000066,95.81,0.36,9.7,1028.87,2419.4
IE_0000068,92.95,0.27,9.67,995.47,1063.6
IE_0000069,66.31,0.25,9.87,1184.99,354.1
IE_0000071,123.56,0.68,9.7,1066.12,479.3
IE_0000073,104.27,0.45,10.05,1236.85,770.2
IE_0000085,83.38,0.52,9.79,1094.15,309.1
IN_0000005,425.83,1.69,25.67,766.24,2200
IN_0000010,133.58,0.24,26.99,744.54,6266
IN_0000016,455.81,0.34,25.97,965.81,3880
IN_0000018,387.64,0.66,26.06,745.16,8329
IN_0000019,389.73,0.57,26.4,873.44,16247
IN_0000021,306.7,0.48,26.46,874.3,32510
IN_0000023,830.06,1.01,24.42,1268.81,2292
IN_0000024,758.23,0.96,24.8,1293.48,4667
IN_0000025,684.76,0.86,25,1321.19,3919
IN_0000026,426.25,0.45,25.77,1179.86,3950
IN_0000027,556.57,0.66,25.63,1086.1,1508
IN_0000028,565.53,0.7,25.6,1223.76,26453
IN_0000029,631.34,1.03,25.39,1175.01,2270
IN_0000030,547.71,0.7,25.57,1229.72,33953
IN_0000031,523.95,0.72,25.59,1229.52,44548
IN_0000032,504.23,0.79,26.13,1303.48,1729
IN_0000033,505.72,0.7,25.69,1224.95,54027
IN_0000036,458.1,0.64,25.91,1173.04,72809
IN_0000037,437.04,0.7,26.07,1118.67,87892
IN_0000039,71.78,0.25,27.9,1224.03,804
IN_0000049,378.14,0.69,26.88,1017.53,63325
IN_0000061,439.72,0.49,26.77,1140.51,268200
IN_0000062,515.59,0.42,26.86,970.55,102900
IN_0000064,568.18,0.52,26.3,867.05,33934
IN_0000070,619.9,0.28,25.41,1456.77,1968
IN_0000071,506.72,0.75,26.32,1510.87,40000
IN_0000073,643.1,0.6,25.65,1488.51,17270
IN_0000074,694.62,0.65,25.27,1550.72,7380
IN_0000075,795.8,1.03,24.92,1576.55,3545
IN_0000077,602.85,0.31,25.46,1499.36,1523
IN_0000078,373,1.01,27.7,1120.11,3100
IN_0000079,359.12,0.43,27.31,1045.42,47500
IN_0000080,395.04,0.45,27.04,993.95,10240
IN_0000083,514.59,0.3,27.27,933.46,7410
IN_0000086,307.67,0.4,27.52,1193.84,4580
IN_0000087,462.68,0.52,26.36,1295.07,35520
IN_0000088,527.47,0.52,25.84,1275.81,8070
IN_0000089,608.55,0.5,25.55,1178.53,2970
IN_0000093,584.26,0.65,25.7,1143.9,11100
IN_0000094,690.6,0.8,25.01,1193.13,2500
IN_0000096,350.61,0.33,27.7,1005.67,12691
IN_0000098,433.52,0.58,26.79,1138.42,307800
IN_0000099,557.75,1.36,25.89,1497.64,19550
IN_0000100,433.66,0.57,26.78,1138.9,305460
IN_0000107,565.2,0.55,26.96,797.46,3960
IN_0000109,523.49,0.52,27.2,1128.86,251360
IN_0000110,545.43,0.55,27.08,1125.34,235544
IN_0000111,561.53,0.54,26.93,1131.82,221220
IN_0000112,582.85,0.58,26.75,1167.39,132920
IN_0000114,630.32,0.71,26.53,1272.09,55150
IN_0000115,699.9,1.22,25.49,1592.81,15190
IN_0000116,718.97,1.29,25.32,1447.13,12660
IN_0000117,782.33,1.98,24.94,1694.32,5462
IN_0000122,428.12,0.33,27.43,858.57,11501
IN_0000123,325.63,0.42,27.9,739.37,3100
IN_0000124,595.29,0.52,26.36,1012.65,67180
IN_0000126,623.26,0.61,25.77,1305.48,33018
IN_0000127,683.67,0.83,25.09,1607.12,14582
IN_0000128,747.97,1.29,24.66,2452.5,7075
IN_0000136,695.65,0.9,24.7,3424.85,2831
IN_0000139,563.39,0.5,26.68,1099.66,69863
IN_0000140,611.75,0.65,26.06,1190.69,33916
IN_0000141,638.29,0.77,25.75,1168.7,22856
IN_0000142,669.14,0.94,25.48,1301.3,11660
IN_0000151,660.19,0.59,25.73,1409.27,8610
IN_0000158,784.18,2.24,24.95,2016.57,1890
IN_0000159,824.65,2.74,24.75,2848.03,920
IN_0000161,408.93,1.97,25.79,1448.74,9500
IN_0000165,288.7,0.65,28.58,711.08,8758
IN_0000167,355.18,2.54,26.08,1379.63,2090
IN_0000168,235.71,0.92,28.67,786.05,7889
IN_0000169,454.55,2.08,25.38,1557.08,7820
IN_0000172,671.96,1.18,25.79,1354.25,66243
IN_0000173,762.72,1.19,25.41,1319.19,53233
IN_0000174,772.67,0.93,25.02,1267.71,44100
IN_0000175,817.83,0.74,24.82,1336.61,36682
IN_0000176,850.69,0.68,24.51,1613.97,21082
IN_0000188,904.83,3.61,25.33,1167.13,5776
IN_0000190,1296.96,3.81,23.68,1443.02,1370
IN_0000196,781.36,0.4,24.73,668.79,7890
IN_0000198,790.06,0.73,24.48,1778.05,7000
IN_0000202,974.55,0.59,23.67,2182.25,3050
IN_0000226,494.13,0.79,25.05,1374.01,21950
IN_0000230,469.95,0.89,25.56,1557.19,8570
IN_0000231,585.57,1.18,25.36,1476.29,1710
IN_0000232,233.84,1.45,26.17,1714.44,4495
IN_0000233,355.22,0.68,25.88,1390.5,124450
IN_0000234,377.36,0.49,26.1,1322.53,57780
IN_0000235,358.03,0.44,26.43,1353.27,48050
IN_0000236,439.96,0.61,26.41,1360.64,8760
IN_0000237,382.52,1,25.77,1455.03,19600
IN_0000238,369.57,1.07,26.02,1417.56,11960
IN_0000240,257.4,0.64,26.76,1389.18,4650
IN_0000241,512.1,0.84,24.85,1408.19,5870
IN_0000242,450.44,1.02,25.37,1376.6,4625
IN_0000243,482.2,0.82,25.63,1272.27,9730
IN_0000246,350.08,0.41,26.43,1330.48,29645
IN_0000248,347.15,0.27,26.97,1456.56,6990
IN_0000249,451.26,0.99,25.94,1255.49,3035
IN_0000250,423.78,0.76,26.01,1173.27,2210
IN_0000251,306.45,0.13,27.16,1306.11,2511
IN_0000252,251.83,1.66,25.53,1530.91,7112
IN_0000253,337.31,0.85,25.54,1328.94,14176
IN_0000254,351.01,0.85,25.5,1327.46,12649
IN_0000255,526.62,0.67,24.89,1294,1330
IN_0000257,308.33,0.85,25.7,1359.29,6309
IN_0000263,285.06,2.38,26.78,2099.4,1210
IN_0000267,119.93,1.22,26.81,2883.11,750
IN_0000274,378.44,1.76,26.49,1878.45,2775
IN_0000275,495.06,2.68,26.05,1812.04,1313
IN_0000276,649.7,3.62,25.42,1602.38,950
IN_0000277,295.14,2.44,26.57,2706.92,940
IN_0000280,701.88,2.96,26.07,2669.94,1342
IN_0000281,163.72,1.72,26.77,3037.86,615
IN_0000282,181.21,1.5,27.03,1992.23,540
IN_0000284,298.85,2.77,26.49,2266.18,810
IN_0000285,180.54,1.67,27.13,2793.6,731
IN_0000309,336.33,1.43,25.72,5852.68,583
IN_0000312,365.43,2.63,25.81,3203.29,880
IN_0000315,350.81,2.25,25.73,4121.37,3184
IN_0000316,225.07,3.03,25.49,5661.11,327
IS_0000010,567.43,3.37,1.7,1425.61,113
IS_0000011,774.38,1.27,0.41,952.8,841
IS_0000021,1057.62,1.43,-0.77,1336.3,1966
LA_0000002,2243.67,3.93,13.66,1184.92,268000
LA_0000014,1312.15,2.54,17.28,1320.15,545000
LT_0000007,105.77,0.23,7.39,620.3,3180
LT_0000008,77.29,0.08,7.22,620.05,5510
LT_0000009,160.5,0.22,6.89,659.57,24500
LT_0000010,131.4,0.23,6.9,652.04,5380
MW_0000007,1796.95,2.79,18.07,1035.12,601
MW_0000028,1358.99,3.41,22.25,1063,7.03
MW_0000032,1054.79,6.47,22.78,1634.83,327
MX_0000008,1720.55,1.87,11.21,300.73,631960
MX_0000010,1528.22,3.46,19.24,750.59,34247
MX_0000016,1211.86,5.68,22.24,1010.39,2241
MX_0000031,1304.85,4.46,21.27,864.03,9364
MX_0000034,2301.2,2.13,15.1,608.88,4911
MX_0000035,2294.76,2.48,16.13,772.42,6842
MX_0000036,1389.18,4.59,21.18,639.94,3250
MX_0000037,499.03,2.52,23.31,686.15,1329
MX_0000040,802.75,3.4,21.46,1764.98,1493
MX_0000047,470.18,2.59,24.44,2126.56,5842
MX_0000050,755.4,2.03,24.67,893.48,2551
MY_0000011,388.54,2.65,26.2,2844.38,11900
MY_0000026,102.4,1.31,27.38,2743.02,587
MZ_0000008,942.89,0.6,21.23,513.76,266350
NA_0000006,1171.51,1.35,17.55,303.82,11000
NA_0000008,1354.1,0.49,21.06,433.77,14290
NA_0000009,1114.67,0.81,20.04,313.12,29139
NA_0000010,1411.25,0.4,21.19,482.18,7729
NA_0000011,1413.38,0.87,21.2,347.89,3703
NA_0000017,1393.6,1.6,20.77,256.09,6567
NA_0000018,1660.94,1.29,20.25,337.48,1918
NA_0000023,1663.89,1.23,20.02,323.7,274
NA_0000024,1729.99,0.95,19.88,356.88,275
NA_0000028,1553.29,0.53,20.3,214.8,3481
NA_0000029,1307.92,0.27,21.19,211.49,1505
NA_0000030,1440.76,0.61,19.66,183.88,5859
NA_0000032,1180.05,0.62,20,178.86,63940
NA_0000034,1315.09,0.48,20.3,204.46,37950
NA_0000035,1480.33,0.43,20.5,216.24,9251
NA_0000036,1389.68,0.32,20.33,183.13,2855
NA_0000037,1040.65,0.75,20.69,163.4,7000
NA_0000039,1116.14,1.03,20.44,168.58,3247
NA_0000040,1450.22,0.56,19.47,175.03,4767
NA_0000044,1424.14,0.95,18.14,155.1,4140
NA_0000047,1648.18,0.21,19.79,445.19,4630
NA_0000048,931.36,0.5,20.61,141.42,2460
NL_0000029,285.22,0.65,10.61,824.03,21300
NO_0000001,421.8,1.43,3.94,940.59,418
NO_0000002,489.74,1.53,3.74,943.27,262
NO_0000004,185.15,0.4,4.59,852.93,86.6
NO_0000010,1316.3,3.68,-1,839.65,490
NO_0000012,1366.58,5.21,-0.54,1552.44,235
NO_0000013,1459.22,5.29,-0.85,1248.4,135
NO_0000016,1374.84,4.42,-1.27,1245.35,251.3
NO_0000018,815.02,3.73,1.8,836.31,304
NO_0000023,328.81,1.45,5.07,899.09,193
NO_0000028,477.91,3.1,4.1,1084.16,119.2
NO_0000035,642.54,1.58,4.3,1236.6,63.2
NO_0000045,1055.49,4.96,2.7,2368.72,41.5
NO_0000051,1231.8,2.14,1.07,1365.86,48.2
NO_0000065,922.82,3.83,4.08,2811.16,55.7
NO_0000066,1003.47,2.68,4.08,2799.43,19.9
NO_0000089,285.5,0.96,6.08,1337.71,16.1
NO_0000095,1004.05,1.4,-0.18,756.76,58
NO_0000097,1257.25,3.8,-0.51,944.8,48.5
NO_0000100,947.18,1.86,0.76,616.88,25
NO_0000106,387.88,0.84,4.12,876.62,47
NO_0000107,434.64,1.43,3.74,1026.41,55.7
NO_0000113,537.47,3.99,3.17,1876.32,43.8
NO_0000127,1186.58,6.54,2.01,1125.9,85.85
NO_0000129,1289.48,3.8,-0.29,1384.07,416
NO_0000130,865.96,6.42,4.32,1333.61,44.2
NO_0000139,571.07,4.53,2.01,1247.81,137
NO_0000142,571.26,2.29,2.3,1182.09,250
NO_0000146,667.77,2.38,2.04,1075.77,95.3
NO_0000163,640.61,2.22,1.84,1110.04,64.1
NO_0000197,531.46,2.24,2.22,1193.13,5163
NO_0000208,468.99,0.68,-1.59,487.39,5626
NO_0000210,306.63,1.18,6.16,1025.05,7.63
NZ_0000007,861.63,2.31,9.79,1541.85,2787
NZ_0000009,301.84,1.96,12.86,1069.51,53
NZ_0000011,666.98,1.86,9.98,1613,3305
NZ_0000013,473.16,1.8,11.85,1700.3,1075
NZ_0000015,1027.93,9.47,8.4,1752.84,28.2
NZ_0000016,602.02,1.39,11.54,1411.32,506
NZ_0000018,404.28,2.45,11.81,1663.56,427
NZ_0000021,619.17,3.22,8.65,1290.46,164
NZ_0000023,1203.64,3.45,6.63,2192.79,440
NZ_0000026,1217.14,5.74,7.3,2586.91,557
NZ_0000027,580.92,2.9,8.8,1387.17,3465
NZ_0000029,736.17,5.16,7.9,2394.44,3124
NZ_0000035,821.74,4.34,9.18,1391.57,764
NZ_0000038,791.76,5,9.29,3331.57,234
NZ_0000039,748.06,4.39,9.16,2626.88,6350
OM_0000008,683.58,0.71,24.79,144.3,1937
PA_0000006,263.14,1.41,26.21,2056.55,1000
PA_0000010,437.92,3.07,25.83,2550.41,2242
PA_0000011,1220.12,5.45,21.92,3032.06,1680
PL_0000008,155.77,0.42,8.2,628.44,441.3
PL_0000014,786.82,2.34,7.3,1138.89,256.5
PL_0000016,614,1.63,7.89,964.91,240.8
PL_0000019,1127.77,6.03,6.2,1266.8,58.4
PR_0000001,412.49,2.24,24.57,1947.93,538.7
PR_0000008,496.97,4.67,24.57,1967.38,47.4
PR_0000010,471.51,2.53,24.55,2045.62,510.2
PR_0000012,594.67,2.32,24.57,2123.46,143
PR_0000015,214.16,2.64,25.22,1776.81,310.8
PR_0000021,164,1.04,24.57,1982.59,256.7
PT_0000014,288.53,0.91,17.19,579.28,428
PT_0000037,252.61,0.9,17.13,583.31,386
RO_0000009,713.1,1.72,7.31,611.48,4016
RO_0000031,763.97,2.17,8.07,627.23,13733
RO_0000036,528.99,1.23,8.03,592.56,11899
RO_0000041,470.29,1.96,10.76,726.71,4493
RS_0000002,584.37,1.84,9.06,901.68,251593
RS_0000003,375.87,1.2,9.45,709.67,140130
RS_0000004,1199.71,4.23,8.42,1017.8,3160
RS_0000006,868.59,2.12,9.65,831.46,4701
RU_0000023,318.78,0.45,-8.39,333.66,452000
RU_0000051,959.85,1.62,-2.3,399.63,1760000
RU_0000052,1125.05,1.97,-2.08,373.24,1400000
RU_0000099,562.42,1.73,-13.19,233.91,30000
RU_0000129,237.97,0.58,0,527.09,8640
RU_0000229,252.52,0.32,-0.1,526.24,392
RU_0000235,304.11,0.97,-0.5,596.85,1620
RU_0000256,177.01,0.51,7.7,531.98,452
RU_0000352,180.8,0.67,4.41,541.38,1330
RU_0000476,86.36,0.2,-0.84,539.73,2780
SE_0000001,362.63,0.6,-0.32,607.82,28.2
SE_0000008,429.98,0.24,2.67,725.02,15
SE_0000009,404.51,1.22,2.68,721.06,36.2
SE_0000020,141.74,0.23,6.42,773.4,18.3
SE_0000021,135.34,0.15,6.42,760.37,6
SE_0000051,144.19,0.42,6.73,985.51,614.5
SE_0000065,403.34,0.86,3.2,720.41,28920.5
SE_0000070,508.49,1.23,2.05,715.64,25760.699
SE_0000078,358.08,0.73,2.68,697.34,164
SE_0000082,496.65,1.12,-0.2,635.97,11308.7
SE_0000094,41.47,0.59,7.38,901.2,8.4
SE_0000096,58.7,0.13,8.68,731.64,52.2
SE_0000098,58.7,0.13,8.68,731.64,52.2
SI_0000004,289.9,0.48,10.72,1025.02,478
TH_0000003,619.56,2.89,24.15,1228,4609
TH_0000005,549.58,2.62,25.14,1187.39,15718
TH_0000012,616.62,2.15,26.61,1226.58,1861
TH_0000015,469.63,2.27,25.63,1196.25,19540
TH_0000027,816,3.43,23.89,1209.09,2107
TH_0000036,444.17,2.2,25.77,1196.52,25286
TH_0000039,438.8,2.15,25.96,1195.76,29153
TH_0000049,800.79,2.99,23.51,1188.25,1355
TH_0000050,716.34,3.14,23.9,1097.02,515
TH_0000052,939.91,4.43,24.8,1021.81,460
TH_0000061,376.89,2.7,25.4,1341.42,730
TH_0000066,657.48,1.46,25.99,959.03,315
TH_0000077,619.53,2.51,25.3,1255.24,42700
TH_0000079,344.67,1.29,26.89,1158.22,471
TH_0000081,257.6,1.69,27.53,1207.88,1247
TH_0000097,257.07,1.35,27.05,1201.45,14374
TH_0000106,470.43,1.9,25.76,1072.4,8985
TH_0000107,455.17,1.95,25.9,1059.11,10507
TH_0000110,426.85,1.96,25.97,1116.36,12131
TH_0000113,492.6,2.11,25.65,1100.21,7624
TH_0000114,541.42,2.24,25.51,1105.71,5410
TH_0000118,400.44,2.66,26.96,962.42,785
TH_0000122,409.31,1.94,26.18,1125.72,13583
TH_0000125,411.03,1.93,26.11,1123.04,12658
TH_0000133,803.6,3.1,23.47,1262.71,1800
TH_0000137,897.13,3.15,23.26,1339.82,5870
TH_0000142,797.16,2.62,24.56,1205.4,3080
TH_0000143,518.41,1.52,25,1208.72,5700
TH_0000154,1793.25,3.35,15.67,1257.98,373000
TH_0000156,1727.22,3.23,16.11,1274.85,391000
TH_0000157,1628.83,3.08,16.82,1302.07,419000
TH_0000163,227.8,0.49,27.18,1299.22,104000
TH_0000164,280.05,1.07,27.42,1806.65,1410
TH_0000174,787.76,2.3,24.95,1207.61,703
TH_0000175,817.19,3.2,25.19,1228.39,401
TZ_0000039,807.07,6.35,24.94,996.61,20
TZ_0000045,1062.5,3.4,22.23,900.13,499
TZ_0000066,1523.86,1.43,21.31,1311.93,2007
UA_0000007,881.69,2.32,6.21,1266.2,101.5
UA_0000045,623.83,1.55,7.38,779.02,6890
US_0000029,379.82,0.94,4.89,1128.57,118
US_0000030,296.54,1,5.02,1145.03,95.4
US_0000061,639.7,3.22,5.26,1268.35,69.6
US_0000072,138.58,0.56,7.62,1203.59,577
US_0000116,201.67,0.87,8.38,1084.43,81.9
US_0000126,288.51,0.72,9.05,1207.33,64.2
US_0000129,280.61,0.79,9.58,1214.45,46.3
US_0000157,66.97,0.16,10.36,1207.99,6.86
US_0000175,29.43,0.19,10.85,1279.31,26.2
US_0000182,45.5,0.19,10.76,1235.88,84.3
US_0000183,34.71,0.31,10.86,1244.83,10.6
US_0000202,183.87,0.78,10.4,1291.84,14.4
US_0000214,120.54,0.67,10.4,1292.47,35.2
US_0000281,327.49,0.52,8.63,1152.71,34.1
US_0000284,643.8,1.61,7.28,1400.95,254
US_0000287,348.23,1.54,8.32,1259.04,24.1
US_0000289,406.97,1.47,7.58,1321.84,41.4
US_0000301,292.08,0.67,9.27,1211.12,2.55
US_0000303,273.68,0.38,9.27,1207.46,8.81
US_0000383,31.7,0.13,12.14,1110.7,16.3
US_0000546,41.36,0.57,12.46,1271.31,5.36
US_0000684,126.44,0.65,12.58,1206.64,31.5
US_0000710,154.99,0.37,11.66,1137.84,70.4
US_0000715,199.94,1.27,11.79,1205.41,56.9
US_0000719,186.9,1.04,11.98,1203.48,38
US_0000720,207.43,0.83,11.79,1200.18,23
US_0000722,121.92,0.44,12.58,1186.79,58.7
US_0000735,127.06,0.46,12.64,1225.04,15.8
US_0000736,114.07,0.44,12.86,1225.37,30.5
US_0000756,167.11,0.39,11.79,1217.14,60.6
US_0000815,600.71,0.98,7.43,982.9,90.6
US_0000917,143.55,0.43,11.9,1141.92,470
US_0000987,1016.47,1.34,9.9,1206.34,48.7
US_0001546,158.89,0.21,17.19,1173.91,115
US_0001548,209.66,0.38,16.75,1236.05,2420
US_0001570,769.92,2.02,14.33,1786.07,184.4
US_0001583,173.21,0.27,17.36,1196.05,33.9
US_0001588,134.41,0.59,17.79,1163.89,7.5
US_0001625,274.41,0.36,16.9,1303.64,182
US_0001642,268.5,0.31,16.9,1306.21,181
US_0001645,162.43,0.23,17.47,1225.01,72.2
US_0001647,159.3,0.36,17.81,1209.41,31.3
US_0001651,114.07,0.18,18.62,1159.84,163
US_0001653,84.11,0.18,18.93,1155.49,49.2
US_0001657,278.63,0.36,16.19,1358.05,332
US_0001660,250.32,0.33,16.68,1313.8,940
US_0001666,182.14,0.24,17.27,1216.33,262
US_0001668,178.54,0.27,17.47,1213.82,190
US_0001671,180.75,0.28,17.27,1233.89,3770
US_0001701,26.47,0.06,22.83,1317.18,72.7
US_0001805,36.8,0.05,23.2,1393.32,42
US_0001827,36.85,0.16,23.16,1394.95,31.4
US_0001835,39.38,0.12,23.15,1391.66,107
US_0001870,8.15,0.07,22.73,1396.35,4.43
US_0001903,69.92,0.14,19.49,1260.52,269
US_0001930,22.21,0.05,20.29,1561.08,102
US_0001937,71.16,0.18,19.79,1444.73,305
US_0001942,766.14,3.13,13.87,1694.98,44.7
US_0001972,293.92,0.32,16.71,1309.7,31.5
US_0001977,388.95,0.6,15.92,1418.88,2060
US_0001984,245.25,0.26,17.38,1346.14,127
US_0001991,155.85,0.39,18.28,1253.12,342
US_0001996,113.4,0.26,18.67,1329.34,112
US_0002001,274.91,0.23,17.09,1294.98,127
US_0002008,273.54,0.24,17.27,1312.68,101
US_0002021,138.31,0.26,18.69,1232.51,527
US_0002046,103.45,0.27,19.06,1328.62,21.4
US_0002070,122.62,0.25,18.62,1392.04,442
US_0002082,31.78,0.19,19.77,1691.78,27.8
US_0002086,44.09,0.2,19.65,1707.81,192
US_0002093,497.07,0.96,14.01,1585.92,9.99
US_0002094,418.2,0.81,15.21,1535.52,119
US_0002098,419.74,1.36,15.18,1516.8,252
US_0002102,444.51,3.81,15.16,1538.59,64
US_0002108,274.57,1.04,15.9,1431.68,16.6
US_0002130,264.8,0.38,15.94,1372.03,33.1
US_0002143,245.61,0.76,16.47,1444.22,141
US_0002152,249.94,0.54,17.42,1460.02,263
US_0002160,332.93,0.37,16.48,1415.53,406
US_0002162,305.37,0.43,16.81,1418.76,2058
US_0002168,221.48,0.34,17.43,1401.42,4646
US_0002175,237.77,0.51,16.67,1433.04,140
US_0002176,214.59,0.3,16.58,1424.46,17
US_0002180,222.74,0.49,16.86,1431.71,226
US_0002183,206.93,0.51,16.98,1434.56,335
US_0002187,147.41,0.39,17.62,1439.93,1480
US_0002190,90.51,0.24,18.58,1429.21,261
US_0002192,205.22,0.48,17.08,1409.13,21473
US_0002198,149.25,0.37,16.72,1467.91,15.7
US_0002201,126.24,0.26,16.72,1468.29,19.1
US_0002208,164.86,0.34,16.89,1492.59,798
US_0002223,61.64,0.13,18.02,1403.39,158
US_0002226,254.19,0.48,15.81,1466.76,13
US_0002228,228.43,0.49,16.12,1471.57,487
US_0002229,253.3,0.37,16.32,1495.25,92.1
US_0002237,247.54,0.68,16.58,1448.22,27.4
US_0002242,208.05,0.52,16.8,1426.94,26
US_0002244,195.89,0.41,16.8,1433.38,52.2
US_0002248,195.24,0.42,16.65,1457.05,4219
US_0002250,136.44,0.48,17.76,1467.68,6.16
US_0002251,114.44,0.26,17.62,1476.94,57.2
US_0002255,99.27,0.14,18.25,1431.3,32.3
US_0002260,115.37,0.27,17.52,1442.84,18417
US_0002262,112.09,0.22,18.86,1510.17,10.5
US_0002267,114.8,0.28,18.94,1519.55,257
US_0002272,102.91,0.24,18.9,1518.32,2542
US_0002278,127.5,0.26,18.09,1456.79,342
US_0002280,103.67,0.23,18.58,1503.57,492
US_0002283,91.32,0.25,19.59,1592.35,355
US_0002284,66.3,0.21,19.51,1600.38,52.6
US_0002285,77.13,0.25,19.65,1593.04,701
US_0002286,61.43,0.24,19.82,1628.61,441
US_0002288,63.32,0.23,19.35,1597.94,20.4
US_0002290,59.8,0.23,19.53,1605.85,562
US_0002295,65.42,0.25,19.86,1623.74,308
US_0002296,146.61,0.18,17.64,1447.49,520
US_0002298,144.18,0.2,17.65,1454.45,1346
US_0002299,137.22,0.18,17.93,1466.14,411
US_0002300,140.14,0.2,17.79,1457.31,1981
US_0002308,115.52,0.29,19.08,1565.67,130
US_0002315,59.56,0.2,19.98,1603.65,175
US_0002380,506.02,0.88,10.28,1244.64,96.8
US_0002388,448.01,0.91,10.96,1166.85,11
US_0002437,320.92,0.28,10.17,1050.55,854
US_0002440,320.63,0.29,10.16,1049.67,978
US_0002446,316.88,0.46,10.02,1064.8,96.7
US_0002460,339.84,0.39,11.08,1017.61,97.7
US_0002555,797.06,1.32,12.17,1169.05,6687
US_0002560,976.49,1.6,10.31,1338.76,529
US_0002573,617.34,2.13,11.85,1221.34,62.8
US_0002585,576.36,1.12,12.1,1197.76,833
US_0002589,342.03,0.42,13.37,1231.57,37.9
US_0002611,543.41,1.02,12.31,1181.94,936
US_0002641,299.3,0.14,11.21,1035.34,277
US_0002645,310.92,0.15,11.5,1069.22,570
US_0002648,297.32,0.29,11.54,1062.93,1136
US_0002653,301.39,0.72,12.41,1148.37,12.2
US_0002665,292.75,0.16,12.26,1146.25,352
US_0002678,260.5,0.33,12.86,1191.42,226
US_0002695,300.17,0.11,10.67,952.4,152
US_0002698,313.73,0.16,10.58,979.5,926
US_0002706,346.64,0.32,10.57,1013.36,310
US_0002715,316.43,0.19,11.18,1057.58,197
US_0002717,324.57,0.3,11.09,1084.16,69
US_0002725,331.7,0.29,11.06,1079.95,200
US_0002745,338.7,0.46,13.95,1279.36,77.3
US_0002769,292.77,0.18,13.28,1232.1,9.57
US_0002770,288.7,0.2,13.17,1230.48,30
US_0002799,234.26,0.24,12.79,1273.98,79.9
US_0002819,231.97,0.35,13.36,1230.42,37.1
US_0002884,232.47,0.08,10.46,1015.3,1869
US_0003020,628.18,1.97,13.71,1323.22,55.8
US_0003107,498.37,0.62,13.68,1147.71,79
US_0003111,711.49,1.87,12.92,1236.59,1688.4
US_0003208,423.33,1.95,14.97,1557.95,131
US_0003240,288.59,0.48,15.07,1457.29,35.7
US_0003408,274.49,0.12,10.22,979.65,91.7
US_0003410,290.77,0.11,10.14,979.21,142
US_0003591,250.15,0.1,10.3,915.79,4.23
US_0003623,321.79,0.33,10.11,1052.97,83.9
US_0003630,292.63,0.36,9.99,1076.8,685
US_0003645,263.32,0.44,8.53,1002.7,81.6
US_0003651,502.73,1.19,7.87,951.36,88.9
US_0003658,464.98,1.21,7.88,1002.23,39.1
US_0004023,299.66,0.19,8.68,918.73,39.8
US_0004216,220.1,0.22,10.2,972.01,13
US_0004258,263.74,0.26,9.93,950.15,51.7
US_0004287,235.07,0.12,11.39,971.22,240
US_0004290,219.45,0.09,11.73,1012.55,938
US_0004301,247.67,0.15,11.25,972.3,34.4
US_0004325,209.98,0.06,12.17,1037.38,112
US_0004347,153.97,0.16,13.5,1111.42,88
US_0004349,160.8,0.21,13.2,1120.63,76.9
US_0004585,1245.84,0.66,7.82,360.8,1237
US_0004637,626.23,0.27,7.3,434.94,355
US_0004655,1099.37,0.33,9.03,418.07,188
US_0004658,1555.03,1.05,7.2,476.78,45.6
US_0004661,1683.58,1.14,7.62,503.69,105
US_0004670,2028.74,1.67,6.89,534.83,7.84
US_0004677,1656.12,1.22,7.62,520.29,456
US_0004680,1551.07,1.1,7.47,556.09,127
US_0004682,1729.86,2.29,6.89,605.39,21.5
US_0004683,1231.63,1.34,7.66,562.66,211
US_0004695,1400.5,2.46,7.25,534.08,40.7
US_0004696,1947.26,1.37,6.95,554.87,64.8
US_0004698,1868.37,1.34,7.08,556,27.8
US_0004705,1644.78,1.97,6.89,622.69,56.5
US_0004706,1466.77,1.76,7.06,613.01,77.3
US_0004707,1341.16,1.49,7.31,617.78,102
US_0004709,955.1,0.35,8,538.84,460
US_0004711,1684.93,1.32,6.89,620.81,15.7
US_0004722,1156.29,0.7,8.54,412.2,1367
US_0004727,789.66,0.45,8.72,473.07,273
US_0004738,469.81,0.31,8.92,626.59,594
US_0004752,794.66,0.35,8.74,516.36,532
US_0004789,465.09,0.17,8.17,647.87,446
US_0004803,536.5,0.2,7.12,625.48,3778
US_0004995,532.52,0.21,9.37,604.68,671
US_0005089,857.72,0.24,11.6,525.68,590
US_0005104,991.5,0.3,11.74,478.02,5760
US_0005105,988.56,0.3,11.76,479.31,5810
US_0005116,697.32,0.34,12.18,558.95,1917
US_0005119,782.11,0.31,12.25,549.15,11730
US_0005127,733.13,0.32,11.81,532.86,1502
US_0005129,649.78,0.32,11.8,572.18,5340
US_0005145,475.19,0.15,11.19,733.74,4777
US_0005161,401.68,0.17,12.63,898.74,16.9
US_0005162,387.03,0.28,12.72,900.45,49.3
US_0005165,348.25,0.22,12.65,902.44,431
US_0005166,334.32,0.25,12.83,925.06,1141
US_0005177,317.19,0.21,13.53,1042.98,46
US_0005180,308.22,0.18,13.53,1044.67,26.6
US_0005227,386.52,0.28,12.84,930.91,177
US_0005231,365.26,0.26,12.93,930.73,114
US_0005239,320.66,0.23,13.49,994.42,2669
US_0005245,294.19,0.22,14.03,1087.86,292
US_0005361,160.86,0.27,16.16,1423.26,210
US_0005382,77.8,0.1,16.62,1256.61,535
US_0005519,2218.31,2.19,6.55,374.71,10847
US_0005539,810.5,0.18,13.43,549.49,73.8
US_0005560,609.42,0.17,13.73,646.95,117
US_0005563,400.54,0.15,14.69,808.13,154
US_0005565,423.28,0.16,14.09,869.59,426
US_0005578,1264.78,0.25,12.41,383.61,835
US_0005582,587.82,0.4,14.76,596.35,408
US_0005594,219.82,0.32,15.82,1075.65,11.6
US_0005596,212.34,0.21,15.82,1086.88,17.9
US_0005597,218.62,0.14,15.82,1082.3,5.48
US_0005604,361.54,0.39,14.21,950.7,220
US_0005606,317.94,0.32,14.3,993.77,634
US_0005613,295.71,0.36,14.78,1005.69,1369
US_0005622,230.63,0.64,16.06,1038.42,8.11
US_0005623,215.85,0.28,15.82,1065.24,8.23
US_0005625,256.28,0.31,15.68,1026.77,1123
US_0005628,421.28,0.27,13.14,885.58,622
US_0005629,440.4,0.19,13.84,849.07,200
US_0005630,433.18,0.2,13.83,856.6,754
US_0005633,426.89,0.26,13.67,868.52,1740
US_0005634,409.57,0.25,13.46,896.34,3042
US_0005654,306.84,0.26,14.91,1174.59,8
US_0005655,319.94,0.32,15.07,1179.12,48.7
US_0005660,369.85,0.37,15.08,1187.57,132
US_0005673,348.02,0.22,15.23,1195.75,19.1
US_0005678,302.06,0.53,15.54,1188,90.2
US_0005705,368.83,0.26,16.44,921.65,202
US_0005709,1665.55,0.53,11.72,400.93,879
US_0005733,320.12,0.3,16.24,955.15,527
US_0005740,375.68,2.28,16.01,1371.05,94.3
US_0005743,240.01,1.1,16.23,1263.52,1785
US_0005757,425.6,1.53,15.44,1231.09,306
US_0005786,112.45,0.22,16.63,1409.36,121
US_0005791,96.08,0.19,16.91,1406.63,5221
US_0005800,98.38,0.3,17.89,1411.28,88.1
US_0005801,47.45,0.02,17.3,1356.38,553
US_0005805,73.59,0.14,17.49,1404.06,13355
US_0005807,123.84,0.21,17.4,1443.11,1027
US_0005809,104.1,0.19,17.85,1430.11,2340
US_0005822,499.3,0.22,17.02,577.46,303
US_0005828,806.96,0.4,14.96,564.32,281
US_0005850,379.82,0.18,17.54,649.42,652
US_0005852,444.23,0.29,17.56,641.46,3439
US_0005856,285.69,0.22,17.47,850.47,574
US_0005862,691.16,0.45,14.98,591.63,1355
US_0005866,486.73,0.36,16.12,766.8,132
US_0005873,426.13,0.19,16.78,799.18,13.3
US_0005874,413.63,0.3,16.78,806.22,62.3
US_0005876,391.76,0.32,16.79,818.59,232
US_0005878,520.22,0.36,15.78,696.67,4756
US_0005879,355.66,0.48,16.83,915.82,7.19
US_0005884,338.34,0.47,16.85,1002.25,44.1
US_0005897,212.46,0.32,17.04,1086.45,2262
US_0005899,475.89,2.75,16.09,1403.74,39.6
US_0005900,278.86,1.11,16.39,1296.68,699
US_0005901,277.9,1.16,16.64,1290.42,1129
US_0005904,277.06,0.67,16.77,1323.63,320
US_0005906,356.82,1.17,16.2,1428.24,322
US_0005913,186.14,0.17,17.94,1125.79,150
US_0005914,175.44,0.19,17.91,1137.66,44.1
US_0005921,490.05,0.34,16.4,802.59,50967
US_0005923,140.51,0.26,18.11,1113.57,23.4
US_0005928,99.59,0.24,17.99,1206.14,365
US_0005932,108.5,0.16,17.81,1227.08,48
US_0005997,116.26,0.18,19.25,1586.69,158
US_0006030,162.38,0.15,18.23,1092.81,756
US_0006034,145.68,0.19,18.26,1090.31,2259
US_0006038,138.94,0.21,18.27,1104.34,3155
US_0006040,117.51,0.21,18.47,1205.66,148
US_0006045,110.38,0.22,18.71,1169.4,7178
US_0006055,147.94,0.2,18.61,1053.66,232
US_0006059,105.46,0.16,19.48,1124.54,79
US_0006065,128.06,0.29,18.87,1185.69,31.3
US_0006084,293.42,0.33,18.4,813.16,2685
US_0006089,213.07,0.24,19.16,877.82,62.8
US_0006090,192.04,0.32,19.18,886.05,298
US_0006091,296.7,0.29,17.89,892.73,174
US_0006093,233.95,0.22,17.92,1002.92,38.8
US_0006094,225.89,0.24,17.94,1026.23,29.2
US_0006107,198.45,0.25,19.01,978.33,66.4
US_0006111,218.19,0.26,18.47,1029.18,164
US_0006117,199.1,0.24,18.81,1000.7,120
US_0006120,188,0.22,18.49,1035.21,1118
US_0006123,227.39,0.27,18.54,889.52,8538
US_0006128,177,0.24,19.36,913.43,333
US_0006130,181.28,0.22,19.26,935.58,178
US_0006131,181.71,0.26,19.25,918.88,807
US_0006133,134.13,0.22,19.29,1005.13,142
US_0006134,125.83,0.28,18.82,1058.83,207
US_0006136,123.44,0.26,19.19,1042.89,150
US_0006137,189.86,0.25,18.69,928.11,13911
US_0006139,93.39,0.15,20.05,1069.2,321
US_0006140,78.31,0.16,19.97,1174.62,57
US_0006141,172.53,0.25,18.9,945.97,16583
US_0006142,77.69,0.26,20.03,1240.96,141
US_0006143,170.86,0.25,18.9,956.19,16844
US_0006144,65.17,0.15,20.28,1324.48,152
US_0006151,80.75,0.2,20.42,1160.79,962
US_0006158,64.43,0.1,20.87,1080.01,110
US_0006159,61.09,0.1,20.87,1092.18,131
US_0006164,81.32,0.21,20.4,1238.46,388
US_0006168,48.22,0.05,21.06,1066.33,63.3
US_0006172,39.31,0.06,21.06,1109.45,290
US_0006184,11.17,0.03,21.15,1296.98,8.26
US_0006206,671.33,0.29,18.05,584.39,228
US_0006209,608.4,0.54,18.25,613.22,205
US_0006212,518.79,0.19,18.37,619.33,478
US_0006215,501.07,0.61,18.3,684.17,39.3
US_0006216,483.75,0.44,18.27,670.83,613
US_0006217,458.98,0.37,18.29,692.5,280
US_0006222,400.08,0.34,18.35,731.02,97
US_0006225,278.51,0.37,18.88,815.01,70.3
US_0006244,402.95,0.44,18.52,748.36,818
US_0006245,368.47,0.45,18.99,778.86,33.3
US_0006250,348.78,0.37,19.33,806,248
US_0006251,341.69,0.38,19.39,824.09,133
US_0006254,294.78,0.28,19.67,834.49,83.1
US_0006255,289.07,0.33,19.58,836.23,738
US_0006258,141.8,0.22,20.71,903.5,236
US_0006259,132.8,0.24,20.57,929.58,244
US_0006261,115.82,0.21,20.69,978.65,195
US_0006262,162.92,0.19,19.39,955.78,239
US_0006263,143.16,0.15,19.34,1012,97.2
US_0006265,137.43,0.21,19.67,970.24,1287
US_0006286,747.08,0.43,18.79,501,405
US_0006304,522.17,0.35,18.45,688.95,2073
US_0006312,632.67,0.44,19.36,602.36,3242
US_0006313,554.93,0.64,19.15,677.94,215
US_0006315,448.27,0.84,19.05,737.04,346
US_0006318,265.4,0.54,20.38,840.75,22.3
US_0006320,323.04,0.48,19.9,834.09,107
US_0006321,314.07,0.52,19.9,834.03,116
US_0006325,214.33,0.46,20.38,837.29,12.3
US_0006336,368.58,0.42,19.52,851.5,124
US_0006337,319.8,0.49,19.95,851.22,12.2
US_0006340,311.86,0.47,20.38,845.45,8.24
US_0006347,103.12,0.32,21.24,1052.37,17.3
US_0006352,103.21,0.21,21.16,995.71,332
US_0006353,82.46,0.17,21.32,993.59,579
US_0006360,666.58,0.39,19.78,674.92,169
US_0006364,639.38,0.46,19.69,683.02,510
US_0006368,525.31,0.58,19.66,767.16,1436
US_0006380,349.41,0.44,20.18,784.14,3490
US_0006383,278.89,0.36,20.68,776.21,4934
US_0006385,88.89,0.18,21.51,822.44,357
US_0006392,289.06,0.45,20.56,785.72,189
US_0006393,555.61,0.79,20.38,702.69,328
US_0006397,445.4,0.71,20.81,696.95,885
US_0006399,426.07,0.65,20.75,704.64,967
US_0006400,402.7,0.37,19.79,809.99,15
US_0006403,348.62,0.5,20.86,714.67,1743
US_0006417,20.47,0.05,22.29,911.98,87.8
US_0006420,72.74,0.15,22.26,757.6,247
US_0006427,156.69,0.19,22.78,501.66,469
US_0006435,439.65,0.84,21.02,655.47,150
US_0006438,527.73,1.11,20.34,673.36,45
US_0006442,297.16,0.37,21.67,627.41,4493
US_0006443,172.24,0.23,21.88,631.76,783
US_0006444,270.65,0.34,21.59,642.56,5490
US_0006451,237.69,0.29,21.84,618.49,16684
US_0006452,18.53,0.04,22.9,736.19,90.3
US_0006496,2997.18,4.61,5.32,564.65,185
US_0006508,3016.82,3.78,6.97,635.74,101
US_0006516,2480.17,2.39,5.92,539.56,2047
US_0006521,2857.41,4.73,7.16,582.03,34.1
US_0006529,2622.95,2.35,5.56,465.74,14900
US_0006530,2021.33,1.25,10.61,385.8,596
US_0006560,3138.02,3.8,7.16,701.25,53.2
US_0006565,2086,1.61,10.28,431.73,2330
US_0006566,2080.38,1.6,10.33,430.26,2340
US_0006568,2047.05,1.57,10.6,423.05,2430
US_0006572,1752.62,0.99,12.5,377.25,5835
US_0006573,1711.67,0.91,12.6,372.33,6574
US_0006579,2012.69,1.97,12.77,385.59,963
US_0006590,1363.29,0.94,15.45,331.65,220
US_0006591,1436.63,1.09,15.47,341.76,285
US_0006593,1402.08,1.23,15.94,340.26,451
US_0006602,2275.24,2.22,12.61,440.86,184
US_0006661,3250.15,4.28,0.39,554.3,186
US_0006959,2137.98,1.75,8.13,404.39,14600
US_0006967,1905.56,1.25,10.8,256.91,3650
US_0006984,2422.89,1.06,9.22,421.06,71.4
US_0006985,2240.6,1.06,9.39,359.43,835
US_0007002,1880.74,1.07,11.25,221.51,1629
US_0007052,1341.46,2.03,16.06,297.17,2732
US_0007053,1209.99,2.09,16.15,357.51,1129
US_0007055,1126.73,1.91,16.67,290.41,5327
US_0007095,1322.27,2.78,17.75,427.23,871
US_0007101,1105.84,1.35,19.65,381.8,776
US_0007128,1642.26,1.18,12.99,382.44,2150
US_0007144,1563.68,1.96,14.79,402.81,6250
US_0007153,1382.94,2.21,15.67,456.9,1111
US_0008324,293.58,4.01,9.75,1528.5,56.6
US_0008466,1480.08,3.52,4.98,581.72,9004
US_0008569,2511.81,2.56,1.09,649.53,486
US_0008572,2715.79,3.42,1.62,548.48,323
US_0008581,2512.33,2.9,1.66,578.67,2627
US_0008609,2156.31,2.36,3.66,457.74,9950
US_0008779,867.76,1.58,8.75,639.94,17.7
US_0009350,468.44,2.38,24.57,1935.73,172.8
ZA_0000004,1251.96,0.62,16.42,186.4,40073
ZA_0000009,1725.95,1.71,15.78,552.17,99316
ZA_0000019,1463.41,0.46,16.78,603.84,7794
ZA_0000022,1379.15,0.43,18.18,562.41,867
ZA_0000027,1860.42,2.06,13.82,631.61,8689
ZA_0000028,1879.38,2.2,13.02,766.68,522
ZA_0000030,1718.3,0.86,14.96,723.71,15522
ZA_0000032,1690.6,0.51,14.79,711.53,393
ZA_0000033,1969.5,2.83,11.33,815.67,690
ZA_0000038,1602.76,0.37,16.14,658.46,2239
ZA_0000040,975.34,7.74,16.62,728.91,39
ZA_0000043,253.44,1.6,16.68,573.12,599
ZA_0000044,246.13,0.54,16.8,472.61,381
ZA_0000045,705.51,2.04,18.04,196.12,2351
ZA_0000051,986.3,5.34,16.38,394.3,183
ZA_0000052,236.45,1.16,18.11,511.87,246
ZA_0000054,107.19,1.35,16.97,434.28,23
ZA_0000057,565.82,3.67,16.38,511.04,35
ZA_0000060,240.85,0.77,16.38,497.63,5
ZA_0000071,912.71,0.95,16.38,432.9,52
ZA_0000072,1279.69,6.38,15.82,372.02,16
ZA_0000079,883.93,3.64,16.53,624.9,15
ZA_0000080,236.48,1.88,18.32,313.9,660
ZA_0000085,735.25,4.65,16.49,347.41,76
ZA_0000088,1022.29,3.01,16.52,360.36,48
ZA_0000089,901.75,1.75,16.11,262.1,2900
ZA_0000090,585.41,2.84,16.02,506.98,79
ZA_0000092,1293.51,8.93,15.82,321.68,30
ZA_0000096,403.17,3.64,17.59,377.31,95
ZA_0000098,833.53,1.26,16.45,201.79,17076
ZA_0000100,1101.77,6.57,16.02,417.51,33
ZA_0000101,1014.3,3.16,16.08,308.59,692
ZA_0000102,558.32,1.81,16.94,353.09,351
ZA_0000104,861.99,4.27,16.52,289.87,137
ZA_0000105,873.86,6.7,17.04,271.56,35
ZA_0000106,406.08,3.79,17.18,457.9,145
ZA_0000107,610.2,7.2,16.94,486.07,34
ZA_0000110,544.44,3.42,16.48,505.3,47
ZA_0000111,561.78,3.84,16.02,511.58,72
ZA_0000112,706.42,7.09,16.02,523.85,23
ZA_0000116,700.59,3.16,15.85,490.46,162
ZA_0000117,968.41,2.23,15.69,486.13,53
ZA_0000118,542.61,4.26,15.49,705.32,56
ZA_0000120,978.23,1.09,16.69,312.66,29571
ZA_0000130,1425.62,1.63,15.55,399.81,1717
ZA_0000131,1385.54,1.29,15.46,466.29,1565
ZA_0000133,1209.17,3.04,16.4,497.94,806
ZA_0000134,1351.62,1.39,15.42,481.24,1308
ZA_0000135,446.84,0.66,19.08,623.62,47
ZA_0000136,354.62,1.36,19.01,616.35,575
ZA_0000137,1393.39,2.25,15.09,586.55,462
ZA_0000138,1087.95,1.62,16.25,457.99,29745
ZA_0000139,571.68,1.92,18.22,622.14,2530
ZA_0000150,852.56,2.83,17.82,545.56,228
ZA_0000153,1031.25,6.01,16.99,578.23,77
ZA_0000157,539.77,1.14,18.42,779.48,509
ZA_0000160,1010.44,1.74,17.17,692.03,216
ZA_0000166,1388.57,1.48,14.94,551.3,1414
ZA_0000168,1277.11,3.18,16.07,904.01,4358
ZA_0000169,1183.7,2.6,17.14,905.21,115
ZA_0000173,1179.88,3.15,17.14,910.59,104
ZA_0000176,889.05,1.7,17.02,849.03,435
ZA_0000177,1562.6,2.47,15.79,916.7,294
ZA_0000179,1398.1,1.79,14.8,536.43,2193
ZA_0000182,1567.03,1.44,15.63,891.11,1546
ZA_0000184,1833.08,2.33,15.2,936.95,267
ZA_0000185,1662.6,2.05,15.2,928.52,191
ZA_0000186,1654.92,1.19,15.2,929.35,111
ZA_0000188,1583.73,3.29,15.02,739.21,307
ZA_0000190,1673.93,1.73,13.99,787.74,2483
ZA_0000193,976.01,2.04,17.15,882.01,4084
ZA_0000204,1472.87,0.74,15.2,921.31,119
ZA_0000205,1440.51,1.49,16.63,768.84,5887
ZA_0000209,1644.63,4.14,13.34,919.81,1869
ZA_0000211,1536.42,3.66,13.86,906.25,779
ZA_0000212,1247.36,0.91,16.32,902.06,161
ZA_0000213,1418.04,3.8,15.72,861.16,21
ZA_0000216,1904.82,6.17,13.43,961.86,434
ZA_0000218,1218.43,1.39,17.69,838.46,440
ZA_0000226,433.85,3.34,17.57,388.91,229
ZA_0000227,665.61,4.64,17.43,390.88,50
ZA_0000238,1384.09,0.91,18.13,654.24,126
ZA_0000241,1055.76,3.86,19.91,876.63,84
ZA_0000242,767.79,1.75,20.14,709.85,323
ZA_0000244,1436.84,3.82,16.55,766.63,445
ZA_0000245,1802.43,2.01,15.79,824.52,189
ZA_0000248,422.04,0.42,23.25,519.35,696
ZA_0000249,1192.99,1.59,20.16,561.56,1054
ZA_0000255,1398.55,1.31,19.55,600.16,499
ZA_0000258,1560.16,1.67,16.71,679.23,149
ZA_0000261,1342.56,1.11,18.52,624.14,517
ZA_0000266,1019.92,0.56,20.78,479.08,201001
ZA_0000267,1380.39,1.27,19.84,606.49,70
ZA_0000269,1314.97,1.02,19,595,12
ZA_0000270,1320.99,1.42,19,591.72,17
ZA_0000271,1350.39,2.42,19.56,595.16,43
ZA_0000275,1612.51,0.43,16.17,659.67,3256
ZA_0000281,753.35,2.75,19.95,822.05,1122
ZA_0000282,959.66,2.22,19.05,750.51,10379
ZA_0000285,400.48,0.59,21.57,619.71,623
ZA_0000286,914.26,1.12,19.23,800.43,308
ZA_0000292,1306.33,3.43,17.8,903.58,82
ZA_0000295,1585.12,5.98,17.47,890.49,77
ZA_0000296,1560.48,4.05,17.47,789.06,5
ZA_0000300,1343.29,2.77,17.8,918.66,59
ZM_0000001,1697.78,1.08,20.85,1126.04,444
ZM_0000011,1309.82,0.4,20.93,1162.34,1125
ZM_0000013,1354.26,0.33,20.1,1265.36,433
ZM_0000014,1171.02,0.32,21.6,1017.31,153351
ZM_0000016,1209.99,0.33,21.41,1059.91,105672
ZM_0000017,1218.79,0.34,21.18,1131.38,96239
ZM_0000025,1280.12,0.42,20.8,1208.17,19779
ZM_0000027,1287.06,0.39,20.42,1244.66,2668
ZM_0000038,1261.17,0.38,21.14,1223.4,4880
ZM_0000051,1546.3,0.76,20.45,1131.15,1008
ZM_0000053,1410.17,0.57,21.16,1311.45,6418
ZW_0000005,1165.15,0.42,21.34,573.88,20371
ZW_0000006,1113.87,0.69,22.16,665.06,1447
ZW_0000011,1391.52,0.5,19.49,628.03,624
ZW_0000014,1401.18,0.34,19.37,686.24,1622
ZW_0000020,1375.01,0.31,19.57,727.83,2221
ZW_0000023,1368.55,0.4,19.82,697.27,2662
ZW_0000032,1459,1.52,18.48,752.05,214
ZW_0000036,1421.96,1.18,19.72,855.41,378
ZW_0000038,1252.53,0.35,19.72,842.45,10
ZW_0000039,2176.43,2.27,18.14,1326.92,18
ZW_0000058,1276.69,0.52,20.03,666.47,946
ZW_0000059,1272.01,0.49,20.01,682.65,835
ZW_0000060,969.83,0.89,21.06,759.53,1049
ZW_0000066,1400.55,1.72,19.41,888.87,2498
ZW_0000069,1221.74,0.7,20.35,534.72,551
ZW_0000074,1026.72,0.26,20.39,481.78,51
ZW_0000077,1363.52,0.66,19.49,626.68,397
ZW_0000078,1327.35,0.58,19.63,618.93,76
