no,ELE,SLP,TMP,PPT,AREA,CTI,RIVER,LON,LAT,CLAY,SAND,SILT,Cluster
element_0,376.1755619,1.489434191,23.226529,12.03671631,45567,1.675529153,24.42679253,33.5677288,26.92855941,17.06101608,45.20667267,25.11114883,2
element_1,448.0160577,0.858701971,25.43819472,15.42219634,11678.5,2.294098705,23.98006002,34.89710845,23.05955283,16.96798134,44.98903656,24.83191109,2
element_2,312.1622234,1.051298159,25.85682082,20.57049955,5524.6,2.514229354,25.98437085,35.53684866,22.58435363,15.06359673,49.51315689,22.03965187,2
element_3,572.7844339,0.955473585,26.47372216,44.14044504,42400.5,2.359352463,24.4364034,35.8623547,20.89939346,17.98388863,42.54518127,32.82097626,2
element_4,350.567052,1.557384354,26.78929652,49.07671757,16198.5,1.941738034,26.46500496,36.75469289,21.20205621,16.08748436,42.25989914,25.67303658,2
element_5,743.0586467,1.443686619,27.16789334,72.55309937,4584,1.897270554,22.47805561,36.65963634,19.47101711,17.73682022,39.81420135,29.94835663,2
element_6,396.0245847,1.35135935,28.30353928,86.00907367,11221.8,2.389442043,28.4348757,37.17482061,18.9176428,17.0222187,35.58032227,31.01292801,2
element_7,752.0612023,1.956887995,27.11103513,236.3196062,63986.6,2.333009832,25.56847696,37.52534159,16.59242067,22.91837502,36.58120728,35.21127701,2
element_8,555.6802354,2.318860807,26.59670145,328.336406,35181.7,2.339593231,24.19128786,38.913156,16.50088279,20.56384659,34.6568718,30.77789497,2
element_9,515.5343167,1.269715161,27.17601424,253.9288575,62992.8,2.089204686,27.65172343,43.09641739,11.53243521,17.95123863,44.14717102,27.5507431,2
element_10,618.2338447,1.760769287,26.08560068,156.194209,5340.3,2.219939379,28.39953722,45.72908938,10.18749528,18.65638542,43.40259552,34.72375488,2
element_11,303.0680793,2.205512191,27.86307154,84.82034862,3028.6,1.720702087,23.60487724,45.8699245,10.60440586,11.62653065,53.79693985,21.85905266,2
element_12,777.3452117,1.627755634,25.87639848,121.3000642,4797.4,2.220467966,25.9031817,46.4701165,10.13023979,19.01070786,40.00699234,35.66819382,2
element_13,129.6107997,2.405717772,28.35462903,50.9107906,477.4,1.368644206,17.59831047,46.44687768,10.6528123,7.483333111,46.67777634,11.84313679,2
element_14,737.4537731,2.372020634,25.36884088,131.5870073,4169.8,1.811833419,25.94567655,46.80761908,10.2956587,19.73453903,39.10756683,36.87076569,2
element_15,666.8089553,3.734154013,25.58436355,99.28599132,14366.9,1.629991449,23.89716931,48.38495378,11.00489979,18.84147072,36.35878754,35.93857574,2
element_16,666.7509336,1.898553134,25.86480684,61.46370216,4781.1,1.862379,27.60627854,50.28503447,11.31000328,20.1961441,35.29853821,36.96407318,2
element_17,407.7743165,1.554671555,26.73545285,60.4259299,11102.3,1.793266291,23.68341103,50.7636854,11.23829706,18.36429977,33.98176193,35.38053513,2
element_18,714.0949812,0.84809813,25.49070725,89.73549852,28620.5,2.769534791,28.04260414,49.49290506,10.44863621,20.71251297,35.17386627,40.0140419,2
element_19,345.2281729,0.592004359,27.41979707,79.2641819,7037.8,2.34094055,22.42233825,50.51688342,9.782439925,19.7389698,34.56158066,38.10391235,2
element_20,931.9464619,0.385250032,25.20611592,110.4949143,26077.6,3.145548146,27.55529224,48.72660185,9.857038782,21.28927994,35.34896851,40.90406036,2
element_21,191.1495178,0.613724716,27.65181649,111.760016,708.7,1.804430242,22.18219891,50.48526446,9.077801744,14.5,27.26630402,32.68323135,2
element_22,586.1019591,0.350502661,26.48782745,123.6957917,6517.1,3.04357606,25.34635497,49.50943224,9.117258647,21.4244957,35.75377655,40.72328568,2
element_23,363.8523149,0.431236712,27.2784216,147.3572561,7799.8,2.544647492,24.10354457,49.89148366,8.590357768,20.14892578,34.21337891,38.83585358,2
element_24,768.5619365,0.54763489,25.35422394,163.6055035,64696.7,3.095448595,28.95467766,47.41378626,9.112065329,21.07655716,39.46098328,37.16762924,2
element_25,175.003216,0.371522746,27.26668539,343.9244193,30966,2.735858831,25.24893772,47.99976603,5.583567552,21.90734482,43.18608856,31.24883652,2
element_26,13.09613313,0.090178019,28.05577684,432.77968,745374.3,4.33870453,23.67373497,42.52482834,-0.1748652,16.47019196,41.4788475,21.18330002,11
element_27,12.49774196,0.054626274,28.09508534,508.4623457,513314,4.665048159,24.97181858,42.67557426,0.091941218,14.30803585,53.5022316,23.86775017,11
element_28,42.67199173,0.039026553,28.50960956,462.9456619,230634.3,5.480740304,27.29684409,41.77233039,0.239255423,25.45078087,46.50734329,25.72369576,11
element_29,93.98627491,0.118138827,27.72015004,516.3443439,298252.8,4.631690287,26.59932737,43.26787003,1.398155547,29.12280273,34.05815125,30.24122238,11
element_30,296.5056896,0.359233652,28.15261826,451.5904208,214441.4,3.123622612,25.61813854,42.67008639,2.870142654,25.76244926,38.73212433,31.36762238,2
element_31,470.71666,0.360064287,26.99896089,387.1811647,123925.3,3.772815101,29.00789718,40.2134895,2.504466652,29.31097794,44.73150253,23.51656532,2
element_32,42.83551642,0.02942126,28.68460073,466.3338462,92274.6,5.441546264,23.65276195,41.56919893,0.558807325,30.39214325,32.83499908,34.21537399,11
element_33,126.4722879,0.081150606,28.48253793,362.5128153,81552.5,4.607929076,26.71157557,40.47370705,0.10874153,28.89639473,59.60745239,10.76905823,2
element_34,160.6138287,0.133254019,28.5890612,354.2601265,8577,4.072613605,28.39654019,40.24817521,0.754432031,33.65272903,53.77491379,10.89316845,2
element_35,242.9545116,0.290517251,27.3480272,412.4857547,221362.6,3.27083202,25.83627859,45.18021472,3.81775779,22.86897278,41.68596649,30.98745155,2
element_36,241.2796405,0.176679717,27.30981959,457.0859022,52927.1,4.191981141,30.1739338,44.37851019,2.921055577,27.06080818,34.83064651,33.10992813,2
element_37,290.2474608,0.225134772,27.78694784,358.6582231,71878.4,3.80103567,28.51047324,39.20083747,0.794914424,37.97655869,47.65000153,12.53071308,2
element_38,248.7348813,0.171917104,27.90292755,346.1903621,5838.4,3.807798172,28.16102622,39.48746689,0.249039248,39.17574692,47.98797989,11.4416132,2
element_39,1372.534896,1.331470374,22.93848336,659.2896855,22824,2.332616093,29.16939872,37.45737051,0.48453013,39.19560242,40.85432053,17.87002182,8
element_40,747.7170015,1.019289108,25.59912887,426.9210386,36190.4,3.128267406,27.26950978,37.87704157,1.605542143,33.13453293,45.49028397,17.47860718,2
element_41,347.4082498,0.384211785,28.81342321,311.8617897,153450,2.934302157,24.24365715,42.53253515,4.690407967,22.30974388,44.60879517,31.18138695,2
element_42,422.6380121,0.264131556,28.01268211,335.8396305,15098.2,3.298795636,25.58860488,43.24630457,4.630065783,21.86519623,45.25143051,31.16929817,2
element_43,214.4283071,0.300533312,29.47512177,266.6940781,82600.3,3.012184375,23.26179298,41.96808141,4.199567177,18.34285736,39.95714188,36.45849991,2
element_44,1115.459756,1.225954774,23.87824464,534.103555,60316.5,2.052364946,25.31473609,39.79313617,4.705482693,26.46657181,37.6867218,33.47331619,8
element_45,828.0931165,1.308801839,25.47143168,461.1438844,57337,1.757564459,25.21042098,41.13401783,5.469119907,22.97073936,35.88327789,38.05534363,2
element_46,981.3424962,0.938531458,24.60586841,531.8208452,24861,2.421915682,26.93604753,41.3994944,5.9991168,25.15469742,36.36330414,35.56818008,8
element_47,871.7631486,0.697249424,25.5340269,413.1760504,45572.2,2.427353279,24.68468056,43.97430908,7.311420043,22.75201225,41.26727295,34.36945724,2
element_48,402.378033,0.558770577,27.7320006,344.4474329,144786,3.157207022,26.88153588,43.92428266,5.614230519,23.19495392,42.78948975,32.80089951,2
element_49,1653.662165,2.756874969,20.65028714,808.3526127,19189.2,1.447655898,24.7170322,39.62385884,5.933569438,29.71095657,36.45318985,31.19079781,8
element_50,1393.410062,2.588729926,21.4838585,746.6642115,15084.6,1.674787252,26.10167892,40.06195192,6.292754562,29.18420982,35.08679962,32.80886841,8
element_51,662.8442772,0.979654735,26.59317863,441.8941897,112519.9,2.455924224,26.08795202,42.28338685,6.529266903,24.43646622,36.68836212,37.00417709,2
element_52,677.7158927,0.492967216,26.96910129,414.0738875,11241.6,2.73835247,25.74171444,43.36801626,6.890261472,28.78792763,34.0804863,38.7689209,2
element_53,1323.231181,1.102881687,23.56812252,732.8861764,63469.5,1.692838436,25.72087232,41.22253211,7.497669751,30.07904816,30.58909607,36.47189713,8
element_54,1033.558542,0.966291339,23.58170896,554.5542882,15233.4,2.062502901,22.44960276,42.6727012,8.018256197,27.46973228,33.86768723,36.68567657,8
element_55,1096.652072,1.578379098,24.64380122,660.9706429,41094.5,1.392770932,23.98415409,41.60751775,7.792716669,31.11363602,28.31022644,39.34629059,8
element_56,1375.873738,1.890776728,23.20936022,659.2295609,14846.2,1.334652627,23.08736903,42.02949964,8.629754168,31.12120056,30.31446266,35.91401291,8
element_57,1945.543504,3.063767932,19.89682471,912.9736201,27292.3,1.588168954,25.83701168,40.10629012,7.817458641,34.91854858,30.04930305,30.54497147,8
element_58,1621.548865,3.203305309,22.4931894,849.4416033,10541.8,1.190708827,22.16039331,41.28435861,8.780687175,32.46114349,30.17300034,35.56209946,8
element_59,71.37411467,0.082635022,27.95123536,519.2082595,49488.3,4.404074862,25.00271985,40.9698396,-0.941237723,39.78679276,38.47034073,19.54371643,11
element_60,585.4003592,0.691872264,24.3762121,676.6329846,95248.8,3.204086677,29.80124904,38.73071439,-1.225177778,40.29834366,41.24115753,16.98527527,11
element_61,41.30855946,0.398101798,26.89107499,899.5107208,1482.6,2.707247613,24.84531564,40.13264944,-2.755724042,26.37377357,32.52083206,14.14973927,11
element_62,1153.545594,1.280779986,24.00651027,709.5215707,46797.7,2.228364035,27.07675453,37.68389371,-2.390238861,38.60390091,41.80161667,17.71068573,8
element_63,367.4849141,0.861554882,25.09661538,843.5604662,32106.1,2.403686834,24.9086419,38.97154998,-4.03277536,31.47126389,46.8626442,14.8615799,11
element_64,1009.291759,1.521498429,22.45191794,736.7379419,51382.7,1.988178695,25.55381617,37.44257537,-4.411895876,41.43407059,39.76795959,17.24596214,8
element_65,398.6177088,0.649338985,25.032918,945.7138673,7777.6,2.097524615,25.2504552,38.31542747,-5.706123067,38.28442383,44.17125702,12.42888165,11
element_66,915.4489572,1.479124663,23.42113089,832.9200892,43302.3,2.183656048,25.10985563,36.94870859,-6.162473605,39.6803093,41.5190773,16.76451683,8
element_67,19.79534021,0.226092743,26.34444467,951.53837,244.5,2.64111511,22.62155364,38.78973419,-6.329951983,14.35999966,30.27499962,10.11616135,11
element_68,292.1330994,1.207035159,25.69993014,1058.157701,17616.1,2.736306532,26.17971163,38.12471521,-6.972906731,38.18233109,43.6594162,16.30540848,11
element_69,92.8912504,0.428565679,26.35992818,1095.783066,7782.7,2.428629637,24.0925632,39.12331718,-7.164388136,27.01352692,44.40858078,11.99180698,11
element_70,99.51273369,0.452507955,26.33170534,1019.096763,177136.2,3.132979965,26.54285168,38.8252855,-7.856734718,31.11941719,43.19676971,17.63693428,11
element_71,122.110685,0.404482088,26.25910289,1081.699112,163246.3,3.338793927,26.47367522,38.13687141,-7.656440813,33.43223572,46.2793045,18.98167992,11
element_72,235.6968219,0.641694645,25.93523436,984.4569491,8226.7,2.543975229,26.4684484,38.32547455,-8.370769894,31.59327698,49.00473404,18.55208397,11
element_73,697.1294556,1.182227348,23.2581525,1175.994456,72274,2.420058685,27.29085465,36.439479,-9.120766942,32.98137665,49.5497818,16.47706985,10
element_74,997.8723271,2.692215439,23.37852591,980.7955148,85666.5,2.074441037,24.2726819,36.4029526,-7.343894672,35.83846283,44.6699028,17.90475273,8
element_75,1212.609058,0.562893364,22.33643546,609.3361049,27780.2,2.667204044,24.13453639,34.54262216,-6.771172172,32.75054932,47.1075058,18.76931763,8
element_76,890.4510727,0.730294262,23.29420686,506.5531211,37726.8,2.758956535,28.51805819,35.3506416,-7.289382878,34.81583023,45.54192734,17.61441994,8
element_77,1332.04373,1.304389489,21.01488891,914.5135354,29211.2,2.649654457,26.51539708,34.50043835,-8.31379323,33.7234993,45.37844849,19.48257828,8
element_78,1635.330917,1.249804101,20.41058076,825.757517,5406.7,1.685212005,24.95914196,35.54252167,-7.977080783,36.27877426,44.0449028,18.35882759,8
element_79,314.9264985,0.717350078,25.57811551,997.4592132,56548.9,2.377092524,24.77448038,38.76514798,-9.622105939,32.5766983,48.18825912,14.80354023,11
element_80,292.2212938,0.795487114,25.46622575,1024.301055,155316.4,2.397016095,26.58748441,39.10960913,-11.06597766,27.92028236,56.86677933,12.97953796,11
element_81,598.5113244,0.657786507,23.91449654,1092.860341,60990.4,2.49755392,26.82461786,36.87339781,-13.07964423,25.37180901,59.90009308,13.9159193,11
element_82,346.6016752,0.481212161,24.99922077,960.4694747,76462.8,2.565938683,26.41069985,38.07864702,-11.06023258,32.9980278,55.08924484,12.21255589,11
element_83,523.3726051,0.642805391,24.22067109,1126.369511,59454.3,2.534630059,28.98734563,36.96914472,-11.68803664,25.92939377,60.32282257,13.42953205,11
element_84,611.9988411,0.659222453,23.55743966,1015.282875,10319.6,2.238585006,26.25262062,37.2708171,-10.75211069,32.52644348,52.41640091,14.68776703,11
element_85,715.7325875,0.747725122,22.90837929,1184.03924,27344.3,2.289805987,26.22683118,35.94452871,-11.22397386,29.69147682,54.8404541,14.89608097,10
element_86,948.8198024,1.180497172,22.05456758,1242.846142,9288.5,2.260316724,31.11277075,35.68664341,-12.57515331,29.80638695,52.62986755,17.35208893,10
element_87,830.3235756,1.056291911,22.09432529,1262.046377,7525.5,2.39545564,31.40480235,35.30427982,-12.14460609,33.11805725,48.46496201,18.12056923,10
element_88,1036.115318,1.443819087,22.00239959,1212.303419,6210.4,1.902382248,26.35324944,35.26948454,-11.0379906,32.49955368,49.06383896,16.70798874,8
element_89,319.9361995,0.588457094,25.13821646,1036.445042,56638.4,2.418935295,24.78282087,39.43168725,-12.45262078,25.60540199,59.26631927,12.17140579,11
element_90,530.1235501,0.776085216,24.3694322,1049.930862,61392.7,2.649411138,24.49466817,37.89534156,-14.30364528,21.48345566,65.28787231,11.97387886,11
element_91,204.4271077,0.454646834,25.31655972,1011.214071,37650.8,2.582398452,23.33535368,39.91286179,-14.88234398,19.8049469,65.38744354,10.38214684,11
element_92,272.8864551,0.532064976,25.28858322,1085.494415,10247.8,2.599157492,24.89875297,39.10490253,-15.56589031,19.71546745,69.89185333,9.740729332,11
element_93,47.85413687,0.323838187,25.93700761,1059.724926,3171.1,2.908476336,21.75764397,39.35652826,-16.46811353,19.4788456,57.50336456,9.071463585,11
element_94,404.0650687,0.660909568,24.82569342,1208.41034,14851.8,2.463081226,24.91625938,38.3572672,-15.68251651,21.13328362,68.53647614,9.577361107,11
element_95,188.7913038,0.408363655,25.11283811,1267.063502,28848.2,2.909455797,26.29738317,37.94567145,-16.58832956,21.19987869,65.92243958,9.677950859,11
element_96,478.0636487,1.030028528,24.22516392,1418.256281,23076.1,2.37377527,29.05850478,36.73159596,-16.18658043,21.51716805,67.2906189,10.04934978,10
element_97,54.08234879,0.199762065,25.57331437,1258.044764,3904.2,3.942809587,26.69055385,36.95138401,-17.46100215,24.11150169,59.84800339,11.76569366,11
element_98,172.3934839,0.372912194,24.88272672,1224.737773,19105.4,3.365412244,26.93469954,36.16506154,-17.36718991,23.84960747,62.9122963,11.64693928,11
element_99,3.45841363,0.018550657,25.63082993,1284.287413,409.9,5.566151454,18.7045102,36.8559146,-18.06985352,19.90972137,31.14583397,10.02097893,11
element_100,4.68983209,0.013890167,25.58210348,1075.20755,4421.4,5.985876688,22.34475292,36.38276057,-18.29553204,45.00063705,24.17111969,22.29771042,11
element_101,149.3388858,0.410944836,25.09358734,1007.184822,1378121.1,3.019687612,25.73636829,34.92697746,-18.03771829,26.35669899,55.19094086,16.87330818,11
element_102,533.4135725,1.320238418,23.89702963,1006.658296,161058.3,2.541767348,26.27059312,35.06662783,-15.55541097,31.62221527,40.58486938,20.25236702,11
element_103,300.5136303,0.60885797,25.30866711,809.1516958,1205882.3,2.48796398,24.65865502,34.27019007,-17.03586838,27.30784607,49.71708679,21.03882027,11
element_104,230.0784321,0.644418222,26.55938711,673.4838014,1124955.1,1.860337092,24.44127831,33.79703345,-16.24599764,31.2053566,44.3147316,23.41843987,11
element_105,922.887678,1.074306213,22.45256962,780.1629222,54757.5,1.825166559,25.03252097,32.2612361,-17.18691335,22.50505638,62.31692123,15.25836182,8
element_106,879.8914281,1.183363796,23.11005328,912.8606397,16384.8,1.876756356,24.8037658,34.04413614,-15.22406452,29.55211067,52.51840973,16.54007721,8
element_107,423.5856659,1.086556051,25.42755279,748.2680782,1107393.3,2.049709258,23.88431715,33.24040758,-15.74802399,23.82421875,56.96063614,19.39524269,11
element_108,620.2523159,0.861061982,23.95209748,819.3438275,1068771.5,2.417470405,25.76199072,31.52946063,-15.68876307,23.46522522,58.4180603,17.68898773,11
element_109,836.1119108,1.221347763,23.33308919,972.1152432,29230.5,2.057089289,23.68168984,32.61765335,-14.63242811,25.91004562,56.86568832,15.7512331,11
element_110,1137.442277,0.882012829,21.80438814,947.7054121,8468.2,2.349556958,24.43435491,33.90699642,-14.08459874,36.74686813,31.39364052,20.83771515,8
element_111,667.169448,0.833105011,23.13915752,1149.833541,109764.3,2.796066661,26.13780041,34.58432479,-13.29487962,36.05687714,29.00479507,20.27913475,11
element_112,1058.767768,0.822214209,22.02866178,767.823528,25126.2,2.298451324,24.94676097,30.39138329,-16.91403247,25.26579475,55.58789063,17.34986687,8
element_113,440.392805,0.866333839,24.96447187,748.7740302,1009325.1,2.115964887,24.10561015,30.55488735,-15.56268765,19.93898773,59.98065567,19.82882881,11
element_114,1068.476699,0.600976007,21.95230504,951.952569,11679.3,2.566525736,24.022652,33.50058966,-13.40733485,36.53320313,34.76570892,20.34785271,8
element_115,584.8956088,0.729701283,23.61315336,1299.092636,85340,2.111262346,26.73817078,34.64545144,-12.57486265,30.34024429,36.961586,15.97919464,10
element_116,801.3958542,1.189919901,23.56778463,766.6567319,859018.4,2.35650562,25.28561909,29.34829588,-15.68720592,23.34405518,48.06693649,23.2032299,11
element_117,655.1257215,1.443037026,24.27063898,816.7649604,149540,1.883234454,24.84658048,30.22993035,-15.14568165,19.60664368,54.80405045,23.49571228,11
element_118,706.0438752,1.273742753,22.35294728,1215.122451,73545.7,2.681077407,23.92122968,34.44048987,-11.65609208,27.65879631,36.59889603,16.89251328,10
element_119,1041.101887,0.800208067,22.22028366,1033.61117,8285.8,2.267003817,24.36974665,33.56535904,-12.72768199,31.9822197,37.28662872,16.98479843,8
element_120,796.5585285,1.207540702,23.27422431,982.0040443,97271.1,2.007408704,24.49731978,31.06679345,-13.91349097,26.88271523,45.46990585,24.49112701,11
element_121,1069.922005,1.029743528,22.30755557,966.5348152,44508.4,2.216837126,24.36121484,29.48341497,-14.16338444,29.1600132,45.81894302,22.03278732,8
element_122,1084.041775,0.392322741,22.21252627,835.2877801,156563.2,3.128053603,25.0618166,26.81759267,-15.68673649,29.91782379,44.27392197,21.14433861,8
element_123,676.9183971,1.2831897,24.04108908,727.5082115,683379.1,2.357957111,25.44018891,28.61761716,-16.23997674,19.13585663,50.20393372,21.93830109,11
element_124,1176.039353,2.092238778,21.91456951,1196.614657,39974.4,2.125540311,25.55625701,34.38910636,-9.954516021,30.95329666,43.77697372,18.2150135,8
element_125,1331.513544,1.335540261,21.27931321,1074.523804,12277.9,2.14561122,24.72824654,33.66047697,-11.38063741,30.58146667,36.26884079,17.34996986,8
element_126,1108.894773,0.535134729,21.41410104,731.3162928,51084.7,2.543227727,24.59576656,29.81766242,-18.04869091,23.95862389,59.08692551,14.83919811,8
element_127,764.7728356,1.181325901,24.0838537,727.7302721,627846.3,2.354697422,25.17372471,28.15519913,-16.47647509,17.65030479,40.82987976,20.26385117,11
element_128,714.6585125,0.931243491,24.12481469,741.0767611,617103.9,2.476993657,24.74326934,27.89131682,-16.73713535,16.60451317,41.18611145,19.05295753,11
element_129,806.8274226,0.866740718,23.97343538,715.2750774,6857.4,2.12508806,25.56381648,28.60574942,-17.602855,23.66261101,55.11836243,15.26263809,11
element_130,829.5795053,0.939725544,23.55906868,707.4535595,602839.6,2.305506681,24.99859103,27.37534922,-17.51427875,20.85581017,53.14313507,17.22588348,11
element_131,937.8001536,0.844253589,23.72415557,707.2535058,10226.1,1.898810985,23.17536958,28.27375425,-17.95821942,20.07401085,62.94577789,12.84327888,8
element_132,867.6374466,0.743715561,23.21242968,969.9003388,10478.1,2.205946285,25.26891626,32.1562382,-13.60960061,31.42842293,42.09315491,22.06464005,11
element_133,860.6227922,0.560228546,23.14984053,946.9160389,63640.3,2.870282004,25.73623849,32.11067399,-12.80419014,26.83699989,42.95497513,26.85130501,11
element_134,1007.796911,0.637951607,22.62658051,678.2241536,539540.7,2.174568661,24.01531966,26.16018163,-17.85748079,29.52177429,47.61891174,20.61077499,8
element_135,1142.980989,0.520056419,21.66986069,588.5798603,43487.7,2.226527273,22.37782385,28.25523132,-19.18052355,19.23256302,68.92849731,11.12673092,8
element_136,1117.527557,1.30785914,21.77566073,1051.032355,6263.8,2.324441005,24.5518593,31.63864316,-12.08064799,25.96264839,45.35798645,25.32212067,8
element_137,643.1214275,0.318338381,23.37261669,945.904359,41590.8,3.209265649,28.62716945,32.25193459,-12.22191501,28.97163391,36.43894196,31.66828728,11
element_138,1050.440608,0.578390615,22.11856108,898.2299391,4621.9,2.353396488,23.18937899,32.9957728,-12.33083233,27.76267815,46.89731216,21.13078308,8
element_139,998.7786201,1.019631877,21.56540817,1009.641191,34244.1,2.412282868,26.22886719,32.76292383,-11.03114913,27.7999649,44.69920731,22.99113274,8
element_140,951.7121045,0.088967394,23.32636447,589.6167423,155286.3,4.802148142,26.28403822,24.1786994,-17.94709005,13.74718189,74.71537781,10.36229229,8
element_141,1056.41384,0.196694719,22.81808437,788.5981816,362355.2,3.686736627,24.67724213,24.09474069,-16.27183142,17.52374649,63.83512878,16.87406731,8
element_142,1174.466383,0.32613104,21.59744424,1054.675381,10522.4,3.010256198,22.89664367,25.82244684,-13.98077316,25.59314728,57.55622482,14.78848934,8
element_143,1167.619868,0.382124406,21.72349211,958.8985068,82089,2.648351256,23.6225883,26.49859048,-14.77117737,31.22927856,47.01203156,18.96590996,8
element_144,1189.911762,0.377279748,21.50984637,1007.992232,55329.1,2.67696429,23.17335598,26.82107589,-14.40364116,31.37103081,45.45965576,20.43915367,8
element_145,1262.863962,0.419314353,21.03815206,1153.164205,24667.5,2.463169435,23.57424611,26.49886616,-13.03048229,37.80968094,41.45059586,18.19416428,8
element_146,1166.877741,0.221092494,21.55107987,985.6548246,13507.8,3.77306589,23.00593007,27.84555441,-14.33304018,30.08382416,44.04099274,22.91893387,8
element_147,1157.626254,0.223431243,21.55158459,1041.840413,37134.6,3.701979626,22.62476276,27.27897384,-14.11584425,29.55111313,41.43522263,25.72469711,8
element_148,998.3472289,0.046117098,23.07970673,597.3052157,120689,5.196037885,28.7179655,23.12466524,-17.59542394,10.3286972,77.91792297,11.2294445,8
element_149,1002.33468,0.034189063,22.96590526,564.9787422,21239.8,5.597445816,30.75454296,22.3893833,-18.19257076,8.539360046,82.47969055,8.838747978,8
element_150,1219.42863,0.346655709,20.93659005,1179.033313,9436.4,2.795066994,22.91227329,27.22060578,-13.20829594,38.72750092,39.04999924,19.39593697,8
element_151,1251.023185,0.365892555,20.95097527,1209.008724,24928.6,2.743727272,23.79131697,27.92026868,-12.92280909,39.81538773,38.6375885,19.14248848,8
element_152,1105.335119,0.101679724,22.48822706,721.1741893,38279.8,4.310949802,27.0057256,20.90904086,-16.77373418,9.641391754,79.91603088,8.962913513,8
element_153,1076.381056,0.110041555,22.51356042,788.2408773,69466.1,4.607625854,26.2786794,21.71300887,-16.26643278,9.688406944,78.76664734,10.19166279,8
element_154,1119.948763,0.322081172,22.51260371,1076.82817,42104.9,3.795248095,23.76093496,21.68979113,-14.4107619,9.448728561,80.9471283,8.325966835,8
element_155,1129.047819,0.16415938,22.58409622,911.1065781,238372.7,3.94047237,24.08459739,24.36559807,-14.88530304,13.88184643,68.59824371,16.38428307,8
element_156,1049.152427,0.14393258,22.78205128,1055.870833,166347,3.224418497,23.33778331,23.27484103,-14.25176891,18.25,59.09375,20.11458397,8
element_157,1243.186806,0.668033514,21.99824543,1260.428159,47045.2,2.545722963,22.25224905,20.61207523,-13.03126247,8.868423462,84.72382355,5.598868847,8
element_158,1136.818911,0.312948003,22.43305392,1211.192919,93799.3,3.294024872,23.85947722,22.83884921,-12.9430552,12.87959576,74.14953613,11.22834969,8
element_159,1232.047964,0.407333318,21.61092445,1170.201927,72293.7,2.558503556,23.00690548,24.77895549,-12.95130498,25.43509102,59.01171112,13.83808708,8
element_160,1200.227297,0.60670933,22.18275329,1041.448534,29598.5,2.206699977,23.49569469,20.64254385,-14.61519927,6.473752975,90.53837585,2.526006699,8
element_161,1181.761176,0.289185641,21.8473118,910.5275734,7854,2.994243847,26.82414798,20.44702026,-15.28249635,5.040184975,89.75537109,4.279902935,8
element_162,1301.194852,0.995080538,21.82677704,1138.827721,9731.2,1.381071328,20.758129,19.78339835,-13.85593006,6.796555996,90.93814087,2.063211918,8
element_163,1285.592424,0.800062652,21.77176549,1114.689843,10114.9,1.924851696,22.80835185,19.58668304,-14.29176736,6.671590805,90.70658875,2.336919308,8
element_164,1186.432974,0.302871122,22.07790116,1347.830475,24078,3.752747896,24.44331717,20.78318094,-12.11578599,6.848787308,86.87117767,5.228927612,10
element_165,1149.001983,0.26731728,22.22700339,1366.075166,41789.2,4.110595956,24.60704582,22.77171191,-11.67820274,16.2559948,74.90948486,7.73378706,10
element_166,69.99606815,0.176080419,25.25568082,1112.748623,17621.7,4.047566688,28.37211408,35.3692774,-18.88824555,24.94310951,54.4246788,14.3081398,11
element_167,406.8271251,0.867529578,23.36059634,1037.931891,31022,2.765372602,29.55939124,33.86885657,-18.62928717,22.68556213,61.92124176,14.31622505,11
element_168,34.60169424,0.153004381,25.14395631,1112.656227,1002.6,4.094728468,27.78133921,34.47434534,-19.74140474,35.6752243,41.9196434,14.45183468,11
element_169,480.2167976,1.380373493,23.39530436,923.0878343,28572.9,2.327283347,25.73028427,33.28997281,-19.92106579,26.66591644,58.22729111,13.47877598,11
element_170,102.1552706,0.212433708,24.52856431,841.3580001,16795.7,3.434235131,26.22768442,34.12604421,-20.69297375,24.70953941,59.76859665,12.77070332,11
element_171,806.0960656,0.759490297,22.41865711,737.6229198,102590.7,2.372196172,24.27387222,31.77153367,-20.19014759,24.7415638,60.85909653,13.51330471,8
element_172,79.99963559,0.236727375,24.18332731,802.0016227,24517.8,3.243757478,23.26865737,35.04283637,-22.57613382,12.35357571,71.33434296,8.035968781,11
element_173,96.40089254,0.246568783,23.96410967,735.8072064,19903.9,3.166915131,22.79748578,34.57738626,-23.73561227,12.12408733,78.09152985,7.113089085,11
element_174,56.0872694,0.308423725,23.67147108,848.1239137,3159.8,2.446292397,18.79006471,34.11457723,-24.80658159,4.63104248,79.14803314,4.437804699,11
element_175,37.64934443,0.237958752,23.73329358,859.3734776,407139,3.431595154,26.16372986,33.50386721,-24.95337451,16.42284012,67.32304382,9.688679695,11
element_176,127.1043703,0.125044786,24.01890427,555.3353483,64544.4,4.20461647,26.94545825,33.17864154,-22.91243122,19.1572876,69.141922,11.61268044,11
element_177,40.29829551,0.109790762,24.06847523,634.5083039,345110.5,4.355132744,24.1231506,33.01584839,-24.49379064,21.02866745,65.81802368,12.90394497,11
element_178,914.3941051,1.147985806,20.56462019,627.6771894,81485.7,2.324616324,23.90130471,30.23650717,-24.50079371,24.73358536,54.8534584,18.87252808,8
element_179,697.4872074,0.675809947,22.23817224,527.9052101,261202.8,2.435246723,24.24075943,30.2267671,-22.08599095,23.79859161,59.14202499,16.06015968,2
element_180,651.3093581,0.41810122,22.66568384,340.2258771,155088.5,2.5853853,25.09173084,29.14494976,-22.27913291,23.34609413,53.12265778,21.49390221,2
element_181,1000.824998,0.402319407,21.52655572,428.0574506,29066.7,2.919634685,24.54414741,28.19070673,-21.11775943,21.67902565,66.17525482,11.267663,8
element_182,647.1167441,0.496368162,22.63588734,329.3084615,133109.8,2.339357505,24.17292362,28.99802515,-22.38771899,21.00198364,57.43452454,19.72903252,2
element_183,916.6692864,0.298533215,21.89067068,375.6155889,19497.6,3.054440918,24.89009897,27.57033631,-21.90440729,22.20256424,65.36688232,11.14120197,2
element_184,996.00793,0.614457266,21.24043533,440.5080079,116417.6,2.622024887,24.68329378,27.64679387,-23.16442296,22.22109222,61.85653305,13.9345932,8
element_185,1061.423435,0.930488733,20.5407732,488.3626596,16047.6,2.310983033,23.55147327,28.73995525,-23.65996649,24.87618828,53.45394897,19.86227226,8
element_186,1004.535694,0.639172772,21.39346289,470.0823032,65375,2.760981503,24.82101136,27.30652013,-24.03550382,19.67263985,64.66390228,13.51969242,8
element_187,1036.633679,0.339644547,21.43591054,383.619701,11643.8,3.173391913,27.97326418,26.24413755,-23.37397366,13.99037552,76.95662689,6.485018253,8
element_188,892.7591936,0.319109116,21.81132889,433.6681795,43802.6,2.655484997,23.3632699,26.91855835,-23.99844028,22.29671669,60.87121201,16.75174332,8
element_189,1069.511441,0.475172234,20.92777345,443.7732226,17432.3,2.738570302,24.16136649,25.91977743,-24.47120717,22.03365707,64.03688812,11.51687622,8
element_190,1192.501788,0.917743922,19.3983703,590.9199784,29547.8,2.135779235,23.20259817,27.58318624,-25.29639097,28.4658947,50.89685059,18.76495552,8
element_191,1107.673016,0.612321336,20.38578894,509.589652,13325.6,2.612267193,24.35006719,26.43921698,-25.07369555,29.30624008,52.24230194,16.83131218,8
element_192,31.2494324,0.251067292,23.77376713,854.7555261,772.3,2.752420777,17.5157084,33.16411926,-25.3124462,14.44399357,57.74269485,8.906223297,11
element_193,593.7714289,1.214824063,20.91733067,715.6994194,46725.6,2.656448881,23.7412665,31.57205025,-25.26648801,24.72047615,54.98466873,17.47924614,11
element_194,228.2417942,0.79028578,22.00332999,728.6391403,10344.3,2.704871773,23.23026415,32.12813894,-26.11568918,27.59460258,50.23356247,18.27706337,11
element_195,867.2557318,1.530823569,19.80061233,765.310058,30280.4,1.985194546,23.36783247,31.24338311,-26.94077001,27.18250656,50.80932236,18.85237694,8
element_196,399.6090136,1.210844355,20.84988716,822.5287061,29845,2.290472942,23.44305888,31.83345152,-27.97396729,24.16667747,51.24382019,18.64534569,11
element_197,1235.920763,2.028020937,16.80320021,808.0530081,29195.9,1.693144848,22.78468906,30.09246699,-28.50286878,26.03323364,48.79903412,22.42595863,8
element_198,969.1435383,2.070580154,16.37343375,826.1350106,65284.3,1.50862102,24.30521443,29.40560926,-30.67568504,25.69532394,41.25618744,26.91849709,8
element_199,1145.296731,1.9174938,16.04323382,630.0514273,20521.7,1.567659725,23.3244178,27.25744801,-32.00307122,26.09193039,42.32028198,28.42751122,8
element_200,393.0793047,1.366993702,18.75890605,697.5781065,7998,1.447725642,22.99272128,27.44516212,-32.91282021,19.40740013,46.71551132,22.43774414,5
element_201,1069.137683,1.703670371,16.42132123,466.0995196,30263.2,1.944071452,23.0436556,25.8408166,-32.25064102,23.70580101,46.73396301,26.07136345,8
element_202,336.8325936,1.235280245,18.71007587,533.1766802,5404.7,1.379982547,22.60532514,26.33872622,-33.44407308,17.13495064,51.63121796,19.69378853,5
element_203,769.8397099,1.626058643,17.03877048,379.3537778,21324,2.009023743,23.60668855,24.81752364,-32.71531726,22.90440369,47.44070053,25.57091141,8
element_204,253.0139528,1.601095335,17.96505238,490.61332,2669.4,1.750114089,19.93692121,25.3560945,-33.79186315,15.61693573,49.75806427,16.15312576,5
element_205,931.3267519,1.363482745,16.65948724,337.4971724,34806.1,2.291301216,24.00210786,23.63262204,-32.73289977,23.26224709,47.1842804,25.483078,8
element_206,322.7818228,2.186492756,16.91566536,556.8617723,7381.5,1.36352434,20.36555641,23.40610993,-33.96964407,17.50068665,45.74038315,19.89009857,5
element_207,778.4775986,1.914105036,16.59871004,273.6663707,45083.1,1.935079774,23.41804995,21.73528681,-33.19879487,21.89467812,46.8465004,25.25209808,8
element_208,437.9005122,2.884089641,16.81946131,386.7403604,15664.1,1.651672184,21.15271832,20.16782744,-33.93837147,19.71993828,50.56035614,22.12726402,5
element_209,154.4127293,1.431231375,16.94138302,401.5350764,12586.6,1.82057967,18.78715388,19.19129159,-34.06852802,18.51676369,51.59289169,20.60744667,5
element_210,199.9725963,1.562350314,17.43727684,440.9102723,7797.8,2.370314448,22.83138071,18.72698719,-33.20014497,17.79082298,58.13611984,19.39033508,5
element_211,185.1052615,1.328415136,18.54549075,257.3858829,5267,1.867414453,20.70125417,18.55878876,-32.32454916,12.45894623,65.27685547,15.09420586,2
element_212,674.8505377,1.707324026,17.56123993,210.2741499,46364.3,1.984609263,22.66207294,19.393941,-31.82024091,21.55936241,51.15299988,23.39296722,2
element_213,176.2717323,0.793946356,18.30164768,173.913737,2911.8,1.594393414,19.17707819,18.01303746,-31.17339504,7.65359211,74.17005157,8.130275726,2
element_214,522.4181849,1.840949105,18.07324859,180.366273,4739.9,1.874032493,21.39187137,18.12955374,-30.64941884,13.63184547,68.25,13.42837906,2
element_215,248.4980879,1.109187367,17.99120893,137.6426389,5012,1.583221267,19.38892075,17.53988764,-30.25603935,10.84440231,70.66532135,6.568280697,2
element_216,695.0072333,1.439894615,18.19913395,135.6566607,10168.2,1.665212509,21.91241135,17.84932874,-29.78113232,14.32882977,66.73578644,11.08775234,2
element_217,328.3849362,1.181020716,17.62511865,72.04868272,5918.9,1.705928492,21.41917756,17.06240772,-29.01213321,13.65058517,61.73245621,11.75,2
element_218,491.2663514,2.303048128,17.78977042,60.0402125,884883.1,1.512058914,22.3928282,16.84718687,-28.15656683,14.90055561,56.74666595,20.59761238,2
element_219,836.9035046,0.877512492,19.76313596,136.4110906,796731.2,2.042586678,23.48080557,18.86063141,-28.45175973,17.51085091,59.72687912,19.67398643,2
element_220,1170.123689,0.728450715,19.97140733,173.843816,86977.8,2.340371831,25.43513817,17.54777957,-25.89977811,13.89145088,63.45328903,20.82127571,8
element_221,887.0699981,0.188444021,21.06692994,219.7187858,316423.8,3.573263782,26.92728703,20.91419907,-27.7344648,8.557452202,83.65228271,7.055020332,2
element_222,807.6082808,0.505432163,20.59056282,182.9463248,428259.7,2.362491143,22.62747961,20.29048046,-28.79066831,28.88628387,47.35069275,24.38625336,2
element_223,1104.846025,0.483064236,17.84700193,189.0610354,85063.1,2.69556156,22.77660928,21.1651595,-30.69477577,25.08457184,46.3253479,27.34400368,8
element_224,1143.867585,0.569657354,18.41649339,251.6535349,347209.5,2.437462915,23.81902584,22.83012806,-29.70950524,23.6522007,52.93828583,24.17753983,8
element_225,1146.881444,0.360051507,20.00715021,322.5681067,40070.4,3.260373595,29.00176953,22.79142675,-27.26701734,9.330882072,83.63257599,7.197023869,8
element_226,860.8459676,0.122784561,21.05619675,219.5365385,273697.9,0,25.33369531,20.66506036,-26.91232747,7.25,87.20833588,3.708333254,2
element_227,901.705032,0.122370055,21.03025363,214.3156242,159875.9,3.738426017,30.54807237,20.50950886,-26.51565535,7.148925781,87.63378906,4.232788563,2
element_228,1097.611787,0.121451477,20.70245454,352.8309061,114574,4.228364285,28.40262053,23.36288659,-25.33148585,9.965159416,82.72756958,6.347072124,8
element_229,959.9605979,0.046024513,20.99709198,272.4488855,99984.5,5.272361529,29.78360524,21.39822371,-26.01101718,5.390931606,90.02859497,3.939513683,2
element_230,1253.773061,0.237661324,20.62395027,250.2308961,58855.5,4.082701085,32.19604108,18.59100438,-24.2203602,10.8094902,74.1592865,13.39292908,8
element_231,1108.52578,0.063450319,21.0107684,294.5815399,39903.3,4.856566452,31.9445346,21.12180454,-24.39110375,6.453021049,88.17225647,4.009401798,8
element_232,1306.673401,0.170609657,20.72118945,286.5119508,54648.9,3.958587537,29.62448692,19.31026551,-23.45701968,8.945926666,79.6791153,9.721812248,8
element_233,1714.24231,1.723783478,15.79292461,550.3616135,98763.6,1.928932079,22.40682982,26.65014965,-30.1530814,26.84576035,44.57195663,26.36605263,8
element_234,1286.011913,0.501522805,18.32058129,368.5526843,185499.6,2.770401627,26.13273328,23.60427248,-28.77610003,19.29791641,65.23666382,18.25117683,8
element_235,1300.038458,0.472422569,18.25205172,404.7191279,154741.5,2.90578301,27.89463902,23.87305685,-28.46238658,19.48579597,66.19165039,17.01614952,8
element_236,1316.331864,0.427813199,17.5603447,446.8083213,35678.7,2.547319944,22.03923202,25.60013425,-29.25376183,25.57767677,53.11901855,22.52187538,8
element_237,1331.662044,0.316780245,18.55670244,472.4334463,31051.2,3.036347241,25.74201887,24.92067893,-27.16430376,16.95205307,71.25634003,12.70825291,8
element_238,1249.738494,0.288284148,18.45390848,469.504324,117398.2,2.789099835,21.49542514,25.21342166,-28.11199207,19.9941864,68.22167206,12.3236742,8
element_239,1450.778378,0.444187845,17.17323538,601.5505654,87933.2,2.55188948,21.90951247,27.16571717,-27.02202154,26.30926895,53.78184128,18.79732895,8
element_240,1417.047109,0.496105287,16.77734157,572.7091425,18982.3,2.538645042,21.62853866,26.88396629,-28.36939524,25.30636024,54.03607559,19.82636452,8
element_241,1653.30567,0.62830313,15.79716365,685.6637924,20299.2,2.251321551,22.70042877,29.3877255,-26.98272373,32.43657303,42.91953659,22.71550751,8
element_242,1695.119786,0.832382155,15.15835845,712.6637991,17977.9,1.949828184,22.54008016,28.73682171,-27.88914822,30.18027687,43.57937622,23.93865013,8
element_243,294.7020584,0.695364309,18.55177767,70.43828525,22659.2,2.105731079,26.16536319,15.22487687,-25.79079873,8.917945862,69.12104034,17.15987396,2
element_244,1053.364155,1.195165843,20.34217575,145.2883961,16814.8,2.033819919,27.02946725,15.8196094,-23.26162894,14.30429077,59.02151489,23.3758297,8
element_245,424.4135727,0.584209244,19.86115382,62.90381837,3965.9,2.508721844,29.31444665,14.99806423,-22.94546296,14.22021961,59.98315048,22.13658714,2
element_246,1226.596735,1.138197385,20.5265569,257.6079788,29452,1.7915355,25.32639079,16.17109458,-22.20110071,15.62820053,58.18616486,23.01585388,8
element_247,745.065502,0.767639707,19.94458898,183.1629953,25185.5,2.230212397,30.186355,14.97710098,-21.63149353,14.06917381,59.82611084,21.33115196,2
element_248,1107.861334,0.816681997,19.92343448,302.9680754,29440.6,2.407171954,27.60066784,15.64613775,-20.60039243,13.8462534,64.01851654,18.81419373,8
element_249,97.34454967,0.500563914,17.83561022,33.20582418,705.7,2.308386658,26.7714692,13.66254257,-21.00308294,10.59638596,53.25602341,21.9060154,2
element_250,912.8862083,0.981476907,18.63189834,208.1113651,16730,1.989688092,24.8348243,14.61243247,-20.17107536,14.77470589,58.95953369,22.95211029,8
element_251,781.4396461,1.307337177,17.39924798,244.3713986,56886.6,1.563974579,26.09190557,13.25142842,-18.91516539,13.40554905,60.27462006,17.81024933,2
element_252,2.239971757,0.069926812,19.4,25,6,0,0,11.75615916,-17.27167203,18,58,29,2
element_253,1020.586633,1.596246822,18.56906255,391.0361867,108943,2.240007184,25.45266559,13.48942304,-17.19291745,16.95446396,60.51871109,12.99679375,8
element_254,1137.539094,0.091803256,21.91370074,830.9907062,54708.4,4.25884593,25.06162258,15.18809834,-16.25099398,12.56725788,80.1894455,6.843641758,8
element_255,1305.69182,0.410032948,20.30612491,968.3322366,24373.5,3.167218431,25.17660214,14.38173541,-15.68417009,22.37510681,65.11346436,8.307585716,8
element_256,1367.106884,0.463336467,21.17471656,1180.953056,6958.4,2.377746038,21.68633069,15.93529098,-15.04717506,25.96477127,67.19934082,6.30230999,8
element_257,1291.622138,0.437935125,21.38811713,1133.808084,43514.7,2.565833132,23.2131251,15.45142368,-15.05408497,21.22193336,73.14085388,5.132796288,8
element_258,1404.804649,0.474289217,20.18700189,1412.969773,6992.3,2.498211292,24.16646982,14.38740554,-14.81646015,26.57065201,67.01811218,5.89601469,8
element_259,1265.763756,0.593256474,20.88376163,1347.482764,28326.6,2.347614449,22.95005414,15.06821845,-14.75771353,42.98611069,47.78472137,7.722222328,8
element_260,1479.367643,0.602950164,19.88347049,1698.536349,5239.1,2.522086679,23.91624961,14.59677438,-14.23184166,34.4034996,58.29100037,6.850500107,10
element_261,1549.504972,0.682119144,19.58719386,1720.733601,22858.4,2.124625843,23.86293673,15.51587239,-13.72568805,34.08458328,57.62187576,7.496944427,10
element_262,203.9484911,0.520425275,19.29034311,123.8741817,6307.9,2.322634916,27.24616049,11.98297029,-16.48842259,11.1544857,62.33896255,10.25278378,2
element_263,754.571867,1.142777034,19.25521,417.7591532,19893.8,2.227896931,25.48149945,12.91298035,-16.33536728,23.22079277,49.10552979,17.90786362,8
element_264,193.5963867,0.544754296,20.41383196,215.8553715,2393.4,2.166540206,27.93993632,12.23438952,-15.48257125,19.76099586,47.7285881,21.26684189,2
element_265,733.8570073,1.674236305,19.98411741,515.1878651,10720.1,2.152474703,24.78683433,13.13621765,-15.61560753,22.09427452,51.9135704,16.95197296,8
element_266,638.2771588,1.67840687,20.81047953,901.6456081,27419.2,1.773355363,23.46389121,12.94273849,-14.33477984,19.85440254,59.22237396,14.7925024,11
element_267,923.6489096,1.647216106,20.64570911,1351.06121,15674.1,1.843695963,23.75032216,13.81001981,-13.70643987,23.3833046,63.26332855,12.78133202,10
element_268,573.7454731,1.370796605,21.74754201,1087.490669,5622.3,1.686486629,23.85017912,13.64752766,-12.93155052,22.28971291,55.27136993,18.05941391,11
element_269,1304.705374,1.97504342,20.02815814,1671.179908,16712.8,1.779922425,26.40488342,14.63875704,-12.98082069,28.06295967,59.55039978,11.49202251,10
element_270,952.9695471,2.00266152,21.04137636,1511.308097,18946.2,1.609548666,24.17442933,14.32302911,-11.91494511,27.97536469,55.08010101,12.61860943,10
element_271,1354.775025,1.522024723,19.8959759,1675.791415,22908.3,1.882156459,28.32495109,15.21811631,-11.73951565,31.76040649,57.11128235,9.830543518,10
element_272,95.92568157,0.43461098,24.36106173,715.7850118,1081.2,2.199300005,20.44560386,13.80873357,-10.57439599,30.32738113,39.08095169,17.4174881,11
element_273,877.9128319,1.273911001,21.76601322,1272.215957,22892.3,1.937737295,25.88763609,14.70423689,-10.52708207,29.70324135,56.84455872,10.532794,10
element_274,142.8319736,0.433679997,24.71841299,785.5557692,3212.6,2.373303045,22.25737089,13.50078507,-9.68616147,31.69736862,47.64078903,14.43892384,11
element_275,88.5109181,0.624900394,24.83104579,801.2607226,150086.5,2.073837988,23.68805447,13.77997027,-9.359512898,29.60674095,53.39245605,14.54162407,11
element_276,1074.375434,0.857165127,21.019366,1460.10169,120655,2.260647804,25.43529421,15.84738137,-10.02812752,25.76801872,64.33390045,8.997197151,10
element_277,986.7662235,0.757350718,22.2615399,1252.522382,22935.1,2.191212415,25.46990769,15.60820741,-8.957236859,28.6586647,61.82134628,9.350771904,10
element_278,1205.598222,0.528288238,20.55638661,1622.794639,27695.5,2.575010175,26.51445771,17.9217265,-11.01683294,19.28444099,73.26111603,6.572710037,10
element_279,1302.246424,0.826704615,20.22226343,1596.539125,61443.5,2.069766346,26.05982443,16.34954071,-10.61131197,20.22760391,72.5385437,6.326041698,10
element_280,1382.150539,0.685541604,20.20274598,1664.775054,46522.3,2.194880957,28.47490077,17.34671559,-11.56758173,19.77009201,73.36703491,6.068657398,10
element_281,1576.143348,0.832174845,19.12543013,1808.611675,13303.5,1.9199959,30.36339214,16.36458651,-11.65556206,29.2172718,63.73613739,6.099091053,10
element_282,1419.156071,0.6904833,20.05002662,1568.179657,14147.1,1.883889113,23.34235856,17.69292896,-13.0675342,14.34932613,82.06279755,3.359946012,10
element_283,1480.006671,0.558595311,19.67344988,1687.880799,9017,2.17425099,27.17907842,17.17221077,-12.6558721,20.99176979,73.61040497,4.804347992,10
element_284,465.3409531,0.980863389,23.53083655,1083.03852,76150.4,2.028782136,26.3265325,14.13547363,-7.715787375,32.91687775,53.67527008,11.01573086,11
element_285,170.4843103,0.688477938,24.97137671,1152.672661,3705301.8,2.24801956,24.32376414,13.11866883,-5.984878962,35.24682999,46.17309952,16.54833603,7
element_286,374.9511641,0.92750825,24.32738686,1272.05852,3687296,1.92966415,25.57525124,13.83956859,-5.5441279,44.76504517,33.48727036,20.47592545,7
element_287,396.9462398,0.80049831,23.85871853,1211.386089,6932.8,1.890762962,26.47110006,13.9507543,-6.27842508,44.22916794,40.44871902,14.69150639,10
element_288,445.4349245,1.065330594,24.28848946,1366.391616,3671713.8,1.825675177,27.95035119,14.29277815,-4.952933595,41.12994766,37.97912598,19.00663567,7
element_289,502.3105524,0.821700185,23.94183956,1349.39328,7013.5,2.190085683,28.72937434,14.63232314,-5.693099083,44.51844788,33.07517242,21.35569,10
element_290,497.5639144,1.000328762,24.18896387,1557.402222,3646036.3,2.246698749,30.81243507,15.16223639,-4.342158557,26.36197853,58.48303223,13.37248611,7
element_291,834.0090775,0.55052056,22.92137073,1494.133665,14334.4,2.440429128,29.90892243,15.26165623,-6.161671863,23.08330154,67.2148819,9.276988983,10
element_292,568.4208035,0.76429811,24.43456356,1635.764551,3611828.3,2.38103313,29.45929111,15.97070891,-3.599534428,11.9787159,76.17442322,10.20097637,7
element_293,693.3963933,0.76193228,24.43856572,1611.83101,11748.6,1.919790028,27.7875343,16.04037898,-4.801618885,9.346331596,83.91195679,6.226222992,10
element_294,463.5957964,0.803548424,24.85753749,1725.988335,2708456.8,2.673717837,32.67575096,15.59541988,-2.131352949,16.52807999,68.15694427,12.37056828,7
element_295,378.4703253,0.5548324,25.54875208,1537.716577,894486.6,2.449079867,26.47209535,16.63317602,-3.025749318,17.24605179,70.03190613,9.541118622,10
element_296,378.2353696,0.321293335,25.55987749,1542.639542,753338.7,3.244131183,25.27305676,16.92351239,-3.454447997,19.94956207,68.89857483,8.992873192,10
element_297,379.0425493,0.267976926,25.33235359,1659.670205,136174.7,3.329867036,27.42841444,19.9373111,-2.750275911,27.0833168,62.44074249,9.226704597,10
element_298,670.4390509,0.636983656,23.99180828,1467.444955,477509,2.332804137,23.95780424,19.65095706,-6.012062395,22.02020073,69.76781464,7.322891235,10
element_299,804.427083,0.789835409,23.14456725,1512.404549,270904.4,2.119145367,24.5874714,17.77231278,-7.174402419,18.47634315,73.95515442,6.738325119,10
element_300,290.6282738,0.02446178,26.1450856,1618.714245,285042.8,4.921257708,24.20386112,16.76018472,-1.277823995,8.222222328,37.26388931,5.138888836,10
element_301,311.7230911,0.088572915,25.60572927,1726.811695,2355752.5,4.236221207,26.95222919,17.82695413,-0.918156208,20.92326736,62.74194336,11.98945427,7
element_302,398.6566038,0.311854634,24.92920968,1652.613366,71886.2,3.230612582,27.96709929,15.41583287,0.100221735,23.82896996,53.57686234,19.99654961,10
element_303,298.2010444,0.040067515,25.99802208,1653.222041,213061.6,4.763030551,24.77609829,16.95311089,-0.958125371,18.60909081,52.09999847,18.73636436,10
element_304,342.2820455,0.143243539,25.2348176,1616.591117,182222.2,3.827978756,24.8003985,16.64245861,0.967955929,20.43252754,54.00296783,23.25660133,10
element_305,327.5821376,0.089460606,25.25479013,1648.11233,29980.9,4.363245634,23.91968225,17.312578,1.197313355,18.94237709,53.86595535,23.26365471,10
element_306,306.0970676,0.08136793,25.1750879,1710.000287,1693384.5,3.979430943,28.06721563,18.0823673,-0.155475049,19.56655884,63.83116913,7.464474201,7
element_307,373.6418747,0.283703145,25.25692436,1651.902771,648280.5,3.339161079,24.68147446,18.43500553,2.655689199,24.97881889,59.56511307,12.93432808,10
element_308,311.9709592,0.078337372,25.07375649,1698.658084,1501982.5,3.810628867,24.78937168,18.33097591,0.492087263,21.46604919,62.09876633,8.123456955,10
element_309,398.344358,0.236131728,25.1329333,1744.204051,189724.2,3.368257374,32.66361203,21.65281198,-1.283985562,27.53539467,64.34472656,7.545221329,10
element_310,424.1087655,0.359528275,25.23222327,1601.702966,1417851,2.917905689,26.85276822,22.24004952,2.654789399,36.04112625,52.15397644,10.43366718,10
element_311,393.6549589,0.295630693,25.22067965,1792.346898,82953.6,3.189478662,31.28026909,21.36400421,0.842080084,27.4301281,65.40140533,5.912294865,10
element_312,736.4260951,0.497724267,24.024638,1351.680801,149479.8,2.379781584,24.13286799,23.46320728,-6.374809107,36.25011063,51.34978867,11.71131802,10
element_313,483.3912419,0.699965619,25.41001022,1510.078688,246371.9,2.086577762,23.37957521,21.13320556,-4.624243715,44.1436882,42.33026886,12.96292877,10
element_314,957.4382781,0.54664047,23.07591032,1380.191409,165579.8,2.298083286,22.51975517,21.1018304,-8.962251114,20.72881889,71.45314789,7.076851845,10
element_315,834.8888212,0.485957043,23.61812728,1353.838697,70612.5,2.449586348,22.84478715,22.56464797,-7.872205141,36.14008331,50.92142487,12.17955875,10
element_316,433.0134273,0.689003401,24.7356853,1575.012926,74854,2.267801461,26.91561519,15.49427781,1.857580695,33.94984436,44.22400665,18.39864159,10
element_317,650.1455469,0.5745584,24.21932509,1512.887401,84196.9,2.36221757,25.58253059,15.20969367,4.418707166,34.0206604,46.61053848,16.60193443,10
element_318,604.8640083,0.405106701,24.30109816,1612.282455,39860.3,2.699327618,27.61121307,13.49829061,2.792257854,33.74433136,46.81446075,16.52094841,10
element_319,582.5355096,0.45680663,24.20186503,1585.350684,27340.2,2.432215192,26.33968772,14.75259791,3.141331818,34.76057053,46.54000092,15.38403511,10
element_320,506.7529062,0.471862623,25.23705468,1430.077795,527728.6,2.586788043,24.95800526,18.64253609,5.130514056,30.82322311,54.3429184,12.01149368,10
element_321,614.7100653,0.738188237,24.75148074,1457.317572,31448.7,1.906806755,23.18057854,16.84801849,4.544203237,22.90750313,61.95759201,12.69579887,10
element_322,551.6167172,0.443178292,25.46184065,1305.060114,40460.3,2.544256007,24.44729108,20.88015215,6.151677007,30.07984543,53.91124344,13.4517374,10
element_323,467.1506705,0.511700288,25.29025655,1489.709278,416404.4,2.425486282,25.0626477,21.08747973,4.663623281,32.18667603,51.15211868,13.67937851,10
element_324,776.7117394,0.545634533,24.02598777,1513.49575,121167.9,2.599092971,27.90662839,27.63572484,1.681214951,42.60603714,43.08085632,13.02527428,10
element_325,414.7565079,0.253057836,25.0005971,1627.321833,1145166.3,3.402680347,31.35177713,23.76988714,0.842449375,31.36378288,56.65224457,9.533654213,10
element_326,753.9698719,0.920394331,23.81204595,1474.439701,1034755.8,2.647130071,32.06217455,26.96941609,-2.064697711,36.80541611,44.60661316,17.0509243,10
element_327,621.7972514,0.365127084,24.79181647,1402.984418,104166.1,2.916070202,29.37200106,24.89621303,-3.816426762,35.77890778,51.61890411,11.93557072,10
element_328,695.959601,0.44445144,25.1077675,1239.74692,80942.3,2.531088993,23.66799909,22.53933562,7.167861026,26.56288147,54.52886963,16.65383339,10
element_329,451.0048023,0.24726303,25.35908146,1475.85743,311653.2,3.23569386,24.84318546,22.32561942,4.284929517,30.11458397,51.07149506,16.20833397,10
element_330,626.2870103,0.333432342,25.40400089,1338.799882,168609.6,2.79377594,24.97217723,24.62734213,5.731916781,32.94471359,47.30002594,17.83750534,10
element_331,741.5081625,0.287434011,24.92798385,1515.387001,140156.2,3.083048163,25.21476428,27.60297839,3.583651065,45.07971191,40.1007576,13.93455219,10
element_332,642.3822191,0.338523423,25.42676221,1106.377719,453089.8,3.119557354,26.81668302,26.7558046,-6.086653793,28.85858917,43.64781952,26.5657692,11
element_333,660.5111186,0.59120448,25.03780052,1125.87766,266514,2.897729099,25.29365906,27.4107291,-5.745164135,30.70300865,43.10694504,24.89120293,11
element_334,800.7853762,0.637912614,24.65035262,1064.272421,9655.3,2.096996789,24.09518562,28.11405616,-6.328838608,34.34419632,41.90922546,22.72366142,11
element_335,957.9159118,1.216491364,23.81842207,1089.964746,252965.4,1.787934908,23.86828802,28.64891775,-5.950289326,33.97653198,40.35444641,22.16490555,8
element_336,627.9270246,0.444705957,25.72865809,1054.21586,430933.2,2.707217083,23.26366082,27.02400924,-6.650251361,28.68455887,42.45661926,27.90294075,11
element_337,768.5206291,0.720091228,24.97892101,1083.877721,11312.4,2.337084458,24.58517101,26.31349723,-6.961489773,35.17114639,42.3507843,21.38083076,11
element_338,1086.5623,0.872210175,22.81825965,1180.934132,165265,2.327085085,23.94217224,26.13723776,-9.68109951,37.80230713,42.35628891,18.46891212,8
element_339,1025.589169,1.126173649,23.30492171,1039.807093,263088.7,1.988113948,23.75792927,28.37232935,-7.826508752,32.0863266,43.60252762,20.02592468,8
element_340,1055.208122,1.59092905,22.89788549,1064.511987,175034.5,2.385486411,24.12676771,29.91323876,-5.858909329,29.08391762,42.04133224,15.18864059,8
element_341,1189.292288,1.330098174,22.22990329,1034.241656,59911.4,2.152351825,23.81443641,30.36866112,-7.704420489,29.38666344,46.22832489,17.43462181,8
element_342,1194.948216,1.24218028,22.64929033,1066.222728,133507.3,1.835794472,24.94987723,30.29880857,-5.259407221,33.65855408,46.4070015,15.32077789,8
element_343,1312.843499,2.398513589,20.25491181,1287.78218,35581.5,2.203993415,24.70918762,29.29643763,-3.643719711,39.42765808,33.42214203,19.29976845,8
element_344,1201.065271,0.491075997,21.53777401,1231.10135,182972.6,2.829222659,23.94648088,28.97014798,-11.44295606,34.24414063,42.56781769,19.7684021,8
element_345,1237.394232,0.782144714,22.45165864,1146.129045,27097.4,1.986015487,22.48223341,29.77262973,-9.13684656,30.90629768,44.32620621,18.11143684,8
element_346,1209.329275,0.639914391,22.52651454,969.995539,66866.9,2.706316484,23.98450639,31.48163497,-4.054387416,37.827034,42.46333313,17.92410278,8
element_347,1169.976345,0.380013614,22.77205634,920.4793619,53172.5,3.442867517,25.06275248,32.28956115,-5.871572802,34.986866,46.83405685,16.84308434,8
element_348,1210.996564,0.262976021,21.68527745,1378.141519,18273.3,3.731780426,23.55071573,29.88942274,-10.91895719,25.41536903,45.64017868,22.2521534,10
element_349,1320.202636,0.496546118,21.54317724,1165.917157,63620.9,3.037541899,23.65911479,31.39928066,-10.4700358,28.38950729,46.17658997,22.18942642,8
element_350,198.5482798,0.879130987,25.06073644,1277.521986,20434.1,1.952873511,24.01431557,12.63605907,-5.000526757,27.01721764,47.83351135,19.49328423,10
element_351,374.2497129,0.733738819,24.2687197,1649.864354,59761.9,2.264450481,29.59807124,13.17351145,-3.584253372,29.97684097,50.65240479,17.25505257,10
element_352,185.4687441,0.662093583,25.12893065,1785.300574,53029.1,2.528466806,35.92954751,10.81588342,-2.569671205,27.81773949,45.53027344,20.90020943,10
element_353,35.89928724,0.278604115,26.34458278,2094.801164,215217.5,3.046225255,40.52341509,9.805921014,-0.86617838,21.45386314,45.78070831,23.53280258,10
element_354,330.4822947,0.775303787,25.40282963,2171.448636,171926.1,2.268995566,34.12451468,10.81611616,0.260274877,29.72782326,46.37798309,21.51911354,3
element_355,352.3420744,0.952379304,25.0272477,1925.747098,32636.7,2.115643445,37.90316685,11.22554513,-1.649765426,30.69027519,46.04465485,20.98723602,10
element_356,407.8732957,1.092082517,25.24650672,1921.440524,147694.8,1.806306198,30.09776535,11.69551831,-0.511771666,31.1779747,45.77245712,20.88480186,10
element_357,474.0756578,0.665167262,25.34375817,1828.206655,11257.3,2.39097367,31.22051013,11.54062933,0.722732841,32.98483276,43.75605011,21.02755356,10
element_358,466.4092768,0.685683205,24.55566436,1817.669848,67140.4,2.282925771,35.71109644,13.31281612,-1.243958436,28.24148178,54.36801147,15.24691391,10
element_359,510.1803862,0.314796942,24.69543731,1652.224074,63201.4,3.138483459,30.78254731,12.99858324,0.801326109,33.25371933,43.63570023,20.79226875,10
element_360,516.7841944,0.278128706,24.36087579,1612.349783,10150.8,3.604103705,31.74720655,13.9908871,1.496562148,30.71484375,46.14855576,20.43690872,10
element_361,550.0262242,0.288191496,24.32086045,1612.568299,14421.5,3.16397895,30.967861,13.25412061,2.052790921,32.93663025,44.69521713,19.6698494,10
element_362,155.9397718,0.530437734,25.74867615,2330.011287,19159.5,2.615444851,41.95052779,9.882871606,0.125918943,24.14017296,44.84260559,20.99499702,3
element_363,333.0743397,1.007678812,24.75726607,2513.435098,7433.1,2.420542208,47.58220983,10.13304344,0.991618788,28.12860489,49.13261032,19.92267609,3
element_364,46.3239372,0.388521876,24.17688673,2660.994589,1959.2,2.739840031,47.87757669,9.623487033,1.271081394,19.02430534,50.96180725,13.04791641,3
element_365,555.3734043,0.814528185,24.88178375,2072.373707,13559.5,2.823544643,41.32133679,10.69817449,1.63053988,28.21283531,49.90951538,18.51597786,10
element_366,112.9404751,0.711285729,24.91449801,2323.249947,2086,2.326804729,45.00900702,9.911269726,1.91026806,21.26549149,53.84401703,15.62446594,3
element_367,571.2051861,0.392263288,25.00881039,1941.980924,30962.8,2.948120793,35.33360773,11.43597699,2.284830174,30.65591812,47.23813248,18.55101395,10
element_368,311.5591649,1.130913012,25.57177089,2237.131241,9968.4,2.458375298,44.13765852,10.41138813,2.965060847,29.49312019,47.13875961,17.91087914,3
element_369,572.5184456,0.35930174,25.01398649,1860.236098,27887,3.032063043,32.84799315,11.74348972,3.691410115,31.65862846,50.17838287,15.09841347,10
element_370,18.96830626,0.102427591,26.99572676,2855.000427,342.9,3.470728917,41.56160461,9.853110236,3.437965061,13.91304302,41.66304398,14.8488369,3
element_371,430.7888406,1.061044955,26.02303109,2310.72076,133624.4,2.141940854,36.27608048,10.78152986,4.140865172,28.408144,50.54318237,17.58703995,3
element_372,922.7312015,1.164988808,23.54892794,1685.408517,43209,2.326291104,30.81936254,11.33842211,5.733548005,33.30554199,46.45266724,15.91070938,10
element_373,644.2966598,0.356126363,24.56787354,1502.511089,79657.9,2.798608445,26.0175098,12.58968041,4.768536071,33.54910278,50.26399231,13.08620262,10
element_374,783.6973921,0.414422702,24.16383572,1516.761683,30612.8,2.657815039,26.55914394,12.77498445,5.890130112,33.63911819,47.26828003,14.60746098,10
element_375,885.9016788,0.523172499,23.72427089,1477.695881,20268.3,2.28458623,26.59867698,13.9682977,6.004173252,41.81431198,35.49219513,19.37161827,10
element_376,1058.540801,0.99270635,23.14086753,1556.067349,7986.2,2.34913952,31.41060404,12.52334673,6.827685404,30.81259346,45.90814972,14.78624058,10
element_377,905.4116453,0.496864353,23.59038984,1544.078969,12391.8,2.764073444,30.32450845,13.0839397,6.482319439,41.7622757,34.8772316,15.50372219,10
element_378,981.0346042,0.563132045,23.24186418,1461.635236,5824.1,2.426947136,29.16053658,13.76488263,6.686046061,49.58124924,28.45375061,19.03050041,10
element_379,1133.797505,0.605746572,22.84080324,1451.183655,4595.9,2.362843287,30.19163696,13.5827203,7.084396674,41.88317108,34.90441132,19.61029053,10
element_380,356.6033341,1.799307926,24.91321143,2534.735848,34694.8,2.329348749,47.36148375,9.49072271,4.718042166,27.76868248,44.05493164,19.70195389,3
element_381,207.0498369,0.98782703,25.58511597,2068.417137,52698.8,2.713222731,42.48221255,8.571521436,6.158650362,31.29597855,42.00958633,23.32042885,10
element_382,15.44942867,0.178570173,26.24401748,2883.008923,264.3,3.36540013,42.19556676,8.23970721,4.699478081,21.46999931,47.76499939,16.875,3
element_383,44.0442333,0.171604823,26.41643064,2521.814561,26836.6,3.941624886,41.83490307,7.078018283,5.049924492,25.71648216,40.81913376,24.74641418,3
element_384,161.8732302,0.658024223,26.74598259,2011.452044,2098663.8,2.515103527,35.58891387,6.805724048,6.799380523,26.12417221,43.33198929,25.88473892,7
element_385,231.2175143,1.04279658,27.27689958,1168.836082,1730224.9,2.005455494,24.72653343,6.559066988,7.992374621,26.99156761,43.79960251,27.16641235,7
element_386,269.0945725,0.666723137,26.83700454,1316.489445,338967.7,2.517170227,26.98187942,8.0056292,8.338216423,25.00220299,47.96562576,25.16159821,10
element_387,223.952656,0.531175473,27.75628501,1170.770471,1712299,2.59060444,26.02165928,6.196802538,8.715924958,26.16223907,46.12350082,25.47188377,7
element_388,426.9747342,0.675621313,26.81810849,1311.414426,15286.4,2.358955939,24.88467698,7.315671781,9.120294199,24.78817368,47.77264404,25.38147545,10
element_389,259.9097756,0.5249117,27.54976336,1156.920964,1625808.6,2.505036938,25.5882598,4.965269287,8.820803516,27.90059853,46.57461929,24.73052788,7
element_390,516.701171,0.473273452,26.66564345,1197.822321,65667.9,2.573021013,23.40776361,7.043701566,10.3897659,24.27727699,49.92628098,23.38749504,11
element_391,597.797248,2.213239884,24.79862497,1750.826422,23061.4,2.071978729,34.69106558,9.78249973,6.815073378,30.33890533,47.50602341,19.37449646,10
element_392,294.7100471,0.745468719,26.87607971,1300.864838,277429.3,2.81728026,25.98961582,9.26196233,8.537556698,22.86982346,50.42688751,25.80715179,11
element_393,201.4002767,0.574380004,28.22593748,1070.840411,1589735.8,2.026928715,24.037175,4.497221826,9.580296681,27.16153908,46.93525696,24.45078659,11
element_394,351.454557,0.411823016,27.34487343,1108.934524,10081.2,2.682096349,23.16242833,3.804647831,9.197421799,28.01549149,47.10443497,26.23757935,11
element_395,262.8528765,0.372325926,28.34242302,1025.147516,1575805.9,2.759533818,22.46454373,4.871548614,10.73498154,25.31426239,50.72864532,21.36342812,11
element_396,321.9801651,0.352659121,27.97448271,1049.623804,11693.3,2.889605233,23.09689561,3.702678063,9.931488863,26.29922295,46.21480942,24.45902061,11
element_397,368.4121369,0.820870397,26.99822411,1195.02663,233149.7,2.882760085,25.13977972,9.915589279,9.043395998,22.5,47.42614365,28.53133774,11
element_398,577.6101227,1.50991677,25.06914672,1505.790714,19973.5,2.420380657,29.47506451,10.57798377,7.316345242,26.71923447,49.19469452,18.81394005,10
element_399,313.3245777,0.824667488,27.25500924,1062.327482,204322.2,2.418405412,24.49308792,10.9744724,9.379881742,23.51969528,50.64982605,21.23863983,11
element_400,534.9916513,2.260772237,25.59575981,1372.420496,22071.9,2.158187823,26.58938692,11.30776309,7.832360053,24.21961594,49.3841362,19.17268372,10
element_401,349.8630812,0.341054443,28.12953773,917.182637,182447.1,2.795761124,22.06471908,5.304348135,11.63616565,23.92454529,53.66579056,21.76518059,11
element_402,181.6074832,0.364353284,29.21054757,888.8592118,1360282.5,3.137382493,22.34133194,4.042308517,11.5620955,26.52000046,39.8125,31.82999992,11
element_403,210.8093491,0.315760601,29.24880566,873.1581671,1355608.8,3.105351862,22.95210689,3.726479711,11.57588402,21.58673477,50.83864975,25.30148888,11
element_404,256.3286564,0.372132779,28.68762818,980.7652948,4039.5,2.535071816,22.85795931,3.810743089,11.03971513,23.94117737,53.42086792,22.05637169,11
element_405,184.9706108,0.309371888,29.43222276,810.7549744,1280657.5,2.767967011,22.45576759,3.495388967,11.8298939,20.1222229,49.04166794,28.28055573,11
element_406,337.8802957,0.273811513,29.10920906,467.3694797,71458.3,3.015651986,22.37516228,4.911717703,14.32234756,12.19447994,72.80661774,13.91215324,2
element_407,471.0790017,0.95896504,26.28021064,1092.287998,113153.4,2.562682883,24.66035628,13.65200372,8.890902047,26.63503456,45.61826706,22.77442169,11
element_408,493.7283929,0.663347175,27.03178826,949.4051733,52868.3,2.322984866,24.38821529,11.26756672,10.4871616,21.68166733,50.94660568,22.03652763,11
element_409,262.7502873,0.253054373,29.12142318,691.793731,152004,3.217859761,22.01582788,4.777561134,12.70605676,14.59944916,64.91859436,18.957901,11
element_410,323.9934291,0.30241878,28.3413128,837.7986664,17403.9,2.845724386,22.07721678,5.3678436,12.10879994,21.31447792,56.80164337,21.15201759,11
element_411,295.8864306,0.341852,28.43120467,975.7357378,13583.2,2.737814424,22.2467555,3.156449853,10.7886648,26.19848251,50.75935745,23.63306427,11
element_412,191.7021538,0.286307125,29.45088499,780.0619658,1266567.5,2.950604694,24.68979631,3.346428168,11.91227222,14.78571415,67.46875,16.07692337,11
element_413,217.4830233,0.269461022,29.51578448,720.347211,1252304.6,3.096361922,21.37873732,2.932357177,12.16561214,20.29750061,59.90874863,19.15074921,11
element_414,284.0605849,0.270463299,28.51313033,947.873566,13974.6,3.085170868,22.47581509,2.59339728,11.03868365,27.89417648,47.52904129,24.9397068,11
element_415,270.0214452,0.253138996,29.62849818,637.3813523,726920.2,3.020117529,21.8997581,1.850805311,13.05300931,18.38138008,59.76631165,20.62760925,11
element_416,239.3501426,0.233705348,30.10385386,465.6894398,520941.9,3.323970385,22.01387479,2.91754232,13.52107491,10.39293957,76.40439606,13.32824135,11
element_417,389.0315943,0.273264486,27.86130969,770.2997112,12364.4,3.10768358,21.69475023,6.198349681,12.56874983,20.03239632,58.62691879,20.29089737,11
element_418,320.3022159,0.361797708,29.27588903,483.1615261,124660.3,2.835230961,23.39926182,5.483828176,13.70475188,11.02468967,73.47328949,14.38707447,11
element_419,353.420621,0.198495213,29.9287954,237.4349914,42280.6,3.419921394,23.3557846,2.434130457,16.77504545,12.45318317,67.38433075,18.14407349,2
element_420,387.2459517,0.174002833,29.27881564,195.9620137,464197.7,3.589348718,24.67408388,4.062605293,17.17686609,12.28004837,67.44947815,15.70858765,2
element_421,299.7662201,0.879158281,29.08985069,513.1737892,86942.1,0.633860052,24.1404573,5.725528804,13.52868889,14.65625,59.9375,21.12903214,11
element_422,441.8699212,0.26256459,27.72168438,693.2209182,31108.5,3.151643391,22.44941629,6.990387065,12.81168571,16.6903286,65.70147705,16.92457008,11
element_423,453.5470498,0.232057746,28.89333857,316.8593387,48311.3,3.171091805,21.87962994,7.492607307,15.05392642,8.247722626,82.21556091,8.695288658,2
element_424,433.423501,0.19342187,28.37129407,458.8341712,38932,3.340562317,22.17326115,7.852342417,13.87474897,10.18969917,78.63799286,10.42228603,2
element_425,281.1563586,0.212858839,30.35073848,292.2939609,626523.4,3.198930666,22.45856864,1.241212815,14.89641484,11.40159607,72.84554291,14.99856567,2
element_426,285.6471481,0.194823927,29.86830046,590.4041532,39260.9,3.340101577,20.86487009,-0.046875083,13.22229865,19.95288086,55.21206665,22.6080761,11
element_427,286.6995312,0.184792875,30.4890526,243.8991079,541106.8,3.178803813,22.17897961,0.430150799,15.81342376,10.12941456,72.54069519,15.62807465,2
element_428,287.0820679,0.204421197,30.31939575,369.9353434,54138.3,3.397763404,22.27927263,-0.966507883,14.79207835,12.61472797,68.92617035,16.22629166,2
element_429,291.059151,0.188611663,29.8533444,203.2540323,429898.9,3.654696866,23.95359231,-2.176689958,16.38091203,9.628764153,71.76807404,14.42475891,2
element_430,442.4836075,0.207639167,29.39153045,137.9550426,87306.6,3.553254566,23.20075781,1.113427707,18.52141336,15.86038876,52.53633881,28.1784153,2
element_431,419.6872807,0.1790048,28.54402728,94.91024701,243693.8,3.54075227,22.24498589,5.992775254,18.38430368,11.40563297,68.21014404,11.31829453,2
element_432,580.7368326,0.262888856,27.56353691,63.68551298,63509.3,3.300551298,23.23573937,5.01052936,20.50534887,17.24866486,47.32690811,25.42113113,2
element_433,504.6691904,0.307595221,28.61746377,147.3888513,43161.2,3.629236393,25.24651343,7.596992499,17.18112189,10.69851017,68.04886627,13.33189011,2
element_434,350.508653,0.116661574,29.01965885,108.9270655,174551.8,3.594078362,29.07565872,5.927183921,18.10468324,7.375,84.75,6.428571224,2
element_435,579.9072567,0.539546729,27.52431239,64.92051383,65443.9,3.451546341,24.33955984,7.628274359,18.94030622,12.86662674,58.64010239,15.40571594,2
element_436,777.9615255,0.484987468,25.82495533,38.76508101,113585.4,2.99711009,23.75435135,7.196110933,21.61533813,16.34030533,48.6245575,18.86034203,2
element_437,301.0002152,0.103698683,29.34057314,437.4321683,303671.3,5.314904078,23.11788856,-4.59643172,14.69273109,21.56202698,40.05895615,34.39475632,2
element_438,282.7136293,0.09051204,29.34277173,429.1391773,32991.1,4.379134242,22.86987416,-5.82701916,14.88792763,19.87649345,51.39041519,28.06996346,2
element_439,316.484397,0.234225074,29.16414667,583.2157081,129494.4,3.653011162,23.50523506,-4.239608248,13.81729346,22.37150383,38.75072861,34.38047028,11
element_440,267.1078684,0.013438659,29.3024581,476.4019631,145807.1,6.313619337,20.34275416,-4.38510569,14.3819951,22.1763401,24.8325901,48.95981979,11
element_441,303.637576,0.148280124,28.89261921,653.8441966,135568.4,4.035753967,22.48559526,-6.433271749,13.42020856,23.61294746,47.66024399,28.55199814,11
element_442,273.8625872,0.012270255,29.08685107,643.3093818,9718.9,6.273960436,23.60011665,-5.269997983,13.65665688,26.0982151,35.68353271,36.70262909,11
element_443,283.9521935,0.110046076,28.83272191,738.6778629,112987.1,4.048491745,21.62420075,-5.17408245,13.21121216,27.41605377,40.47549057,31.49019623,11
element_444,327.7009559,0.230506137,28.71582173,802.2164157,6954.8,3.466079885,23.59304398,-4.660875543,12.88605019,25.08581734,48.29831696,23.97576904,11
element_445,306.7853787,0.169622439,28.51732831,789.1994693,102429,3.623167159,22.3427991,-6.086879507,12.89245076,28.35395813,44.90333176,27.70395851,11
element_446,321.1699346,0.202940839,28.40866955,834.184213,8385.2,3.446761022,22.26253863,-5.373094323,12.67393603,28.44153786,45.17922974,27.23846245,11
element_447,304.1508644,0.21696426,28.55000022,774.0978632,76216.9,3.083537135,20.64545327,-6.550492452,12.71693692,29.13690567,43.6071434,27.81547546,11
element_448,356.5973553,0.41577637,27.96823658,972.6579443,19653.5,2.674091283,22.94060978,-5.410582597,11.85412823,28.7167263,40.74172592,28.69479561,11
element_449,377.1695754,0.390307737,28.50370759,805.4514357,4953.5,2.642207764,22.36776734,-7.78140631,13.1039317,12.57164001,67.25765991,18.7123394,11
element_450,370.760707,0.401801372,28.18064861,931.2069948,119259,2.822582315,23.07354069,-7.97219643,12.42728055,20.90021706,56.39768219,22.80976105,11
element_451,366.3218479,0.235109194,27.47152984,1109.412729,32653.7,3.17917216,23.76266001,-7.437817361,11.23070063,31.54650307,43.25588226,24.8835659,11
element_452,363.1296291,0.314310586,27.48143137,1100.337642,43099.6,2.992456023,23.43746163,-6.476654053,10.84365967,29.56805801,42.68052292,26.9690094,11
element_453,378.4150318,0.248726142,27.09926414,1223.144768,76421.9,3.085242137,24.44184349,-8.796668645,11.40552633,28.44919586,43.125,27.68321991,11
element_454,464.6521957,0.380288422,26.29891312,1370.705456,33399.3,2.847518768,26.6008731,-8.366267003,10.11788863,31.50228119,42.58132553,24.9196434,10
element_455,461.3097312,0.769179501,26.00225522,1401.28512,19350.5,2.626727219,24.2989471,-10.38374015,11.18006628,28.22948265,43.5956192,25.13604164,10
element_456,483.8531003,0.45661464,25.4723163,1758.590901,48725.4,2.774447898,28.58621128,-9.882338866,9.999719926,31.16221237,45.24455261,21.17878723,10
element_457,44.08350895,0.168062509,26.90536387,2548.384952,25595.8,4.060544075,43.37186662,5.891884337,5.664118573,26.56615448,33.05105209,31.06988525,3
element_458,258.2257393,0.581750602,26.85600882,1656.002571,14099.9,2.432169764,36.31586334,5.644371643,7.145415739,28.23862839,45.89338684,24.36875725,10
element_459,123.4315465,0.401151741,27.16652264,1675.633706,10951.9,3.145677199,36.32179087,5.005263116,6.691515748,27.41137505,43.17354584,23.54853439,10
element_460,213.4570627,0.406303771,27.16639812,1348.469578,48394.1,2.692654933,30.48724034,3.880030777,7.557632036,27.24399948,45.89240646,23.59775925,10
element_461,2.513511285,0.021386755,27.37413675,1479.429097,217.9,4.23729682,12.9305685,3.017687622,6.409213767,4.114130497,37.81884003,7.344202995,10
element_462,232.6641938,0.342032377,27.56006877,1134.088795,59907.9,2.923207511,24.3975889,2.394218665,8.380747827,28.02007103,44.7894783,25.95391083,11
element_463,96.62891138,0.397628014,27.75259615,1095.497563,3983.6,2.712020175,24.7511329,1.904854501,6.972346171,28.85209084,37.45883179,29.64278603,11
element_464,260.7466253,0.548779567,27.09916462,1188.149185,24089.4,2.727722193,24.36971572,1.304935452,7.899513494,29.26841164,43.07410049,26.63925552,11
element_465,101.0374701,0.407429943,27.11695446,1131.206379,9712.2,3.135243639,26.02712964,1.111453622,6.552405839,27.96974564,36.93444824,27.67221642,11
element_466,197.2441958,0.781602359,27.18576343,1315.305633,412648.8,2.877894758,25.34318909,-0.041278285,6.918668531,26.24874687,41.30882263,23.27707672,11
element_467,150.2225596,0.299881488,28.04349806,1162.298357,301109.7,2.974008082,24.95189297,-0.70473411,8.313869392,25.16180038,46.84862518,23.77600288,11
element_468,238.1430402,0.500817911,28.17029948,1092.569995,75691.8,2.834049322,23.97286906,0.803398485,10.34643486,26.41286469,45.37137222,25.23425484,11
element_469,120.8728794,0.22079201,28.44850301,1065.334649,111517.5,3.23992004,22.97485942,-1.197179049,9.108321383,25.81573486,47.56470108,24.40213966,11
element_470,256.5702502,0.404163747,27.89941504,1060.362901,154022.9,2.640710889,23.48747335,-2.495196948,8.97260549,27.31578255,46.8496933,24.28598976,11
element_471,233.1741575,0.504056131,28.13902689,1023.518898,5999.9,2.528981545,23.66583389,-2.003908019,9.500327443,26.15393448,45.47360992,25.63163185,11
element_472,174.4541518,0.341576528,28.6256553,1061.552101,100971.9,3.09204311,23.86193275,-1.069837358,9.734404328,24.43832207,47.27713776,26.81605721,11
element_473,174.7699773,0.301040258,28.84135657,1058.088976,5351.5,3.23134346,25.6335961,-0.488526145,10.21453094,23.28772354,51.38299179,22.18699646,11
element_474,133.5047119,0.151422827,29.02036359,1034.670009,87314.1,3.778480396,23.3574462,-1.001337689,10.20185691,23.68888855,50.15555573,26.16527748,11
element_475,271.9295694,0.326081129,28.81116794,967.7784533,23789.4,3.018490571,22.55469566,-1.857650864,10.71994473,21.6629467,53.96332932,18.71403122,11
element_476,191.8095273,0.362949065,29.13631288,1001.849609,62224.3,2.82013068,23.63172047,-0.997691085,10.7549417,22.89484215,55.69075775,18.1941185,11
element_477,296.2130577,0.224992244,29.15966406,881.9111149,11402.4,3.302121866,21.55854136,-1.418556769,11.69407384,24.10527229,53.35790253,19.35733414,11
element_478,294.7717615,0.24596743,29.41554206,768.3458556,45482.3,3.164199193,21.66787527,-1.15668138,12.44503074,21.39710808,55.96437073,19.9639473,11
element_479,315.8405043,0.335510455,28.62671612,989.3912056,15300.9,2.912248487,22.66117156,-3.692724057,10.90856044,28.4099102,41.871418,28.28658485,11
element_480,291.3452696,0.229601591,29.17365607,847.447645,86226.4,3.245025534,22.5081661,-2.82791107,11.97819384,23.53242111,51.82203293,22.6375885,11
element_481,290.3833713,0.179645604,29.57661536,582.4971636,31189,4.173380912,25.51280631,-3.165665389,13.74695962,15.73978043,63.37844849,16.52618027,11
element_482,346.8097895,0.357805195,28.52251151,929.9216386,20527.2,2.953671066,23.21426501,-4.24398196,11.88846071,26.19638252,41.84175491,28.71060371,11
element_483,154.6865926,0.490224432,27.01963699,1394.662103,74783.4,2.701353767,25.84255398,-1.885335565,6.035181737,26.99989891,44.05417252,21.2547226,10
element_484,256.3388579,0.367491898,27.47634907,1161.340287,83110,2.828447006,24.32480429,-4.005256849,8.537279055,27.35040283,47.25502396,23.69144821,11
element_485,81.64953825,0.276040761,27.18670576,1317.17878,11237.6,3.054644812,28.53404386,-4.272616283,5.899667505,25.81476402,46.31732178,23.27409172,11
element_486,262.664714,0.340376053,27.05959873,1194.888635,99253.8,2.845711632,24.25632135,-5.426642342,7.975653595,27.53442764,47.84619904,23.07971191,11
element_487,117.5867457,0.328294612,26.68390969,1334.811936,12590.8,3.096720241,27.53336057,-5.49683041,5.602043194,28.88449287,43.82825089,22.2930088,10
element_488,340.7875132,0.508251314,25.88533108,1562.798934,75334.5,2.855300481,26.25768713,-7.144969136,7.380433963,29.44819069,46.78342819,22.13788986,10
element_489,81.13640107,0.304088168,25.91394111,1790.396604,8656.9,3.102099649,34.61726001,-6.851786884,4.961383197,26.24607468,45.31974792,21.45682335,10
element_490,214.0065549,0.338150368,25.56058258,1933.271034,29623.1,3.066355646,37.95732637,-7.73197194,5.940776652,28.45986366,46.82813263,21.45994186,10
element_491,182.4027541,0.352256351,25.41907423,2485.966901,58638.9,2.911960107,43.92677907,-9.027377628,6.167032955,28.86042976,46.1795845,19.86633301,3
element_492,395.0249412,0.674263325,25.02086322,2375.869516,20408.1,2.587140188,42.25917068,-9.53369182,7.645981981,32.19111633,42.38087463,20.21494675,3
element_493,288.330971,0.625042777,25.57421684,2657.572038,21543.4,2.541018013,45.39284404,-10.47723941,7.535171311,32.12398529,43.18447495,19.12376785,3
element_494,401.4151339,0.745653444,25.33584854,2504.244141,19649.5,2.267127283,44.45713871,-10.48202376,8.398239061,33.13388824,43.34339142,17.80753326,3
element_495,220.0347216,0.876350313,26.4196862,2394.463359,126608.8,2.662853729,42.69598533,-12.75511597,9.665199114,26.1874485,42.55319214,18.0685482,3
element_496,248.9694633,1.14665123,27.19148763,1829.474701,24399.9,2.375558802,29.22183881,-13.45174921,11.79790617,24.93532944,44.83975601,21.08926201,10
element_497,28.88514576,0.166847764,28.09974754,1218.879448,48813.9,3.519286257,23.667572,-15.33456583,12.67125463,24.04101753,50.83875656,18.34165764,11
element_498,119.9676694,0.430783442,28.44491318,1124.429141,72618.4,3.091194744,22.01622634,-13.39476877,13.30316182,21.88073349,51.57353973,20.43409348,11
element_499,31.16446868,0.095178124,28.45465562,575.0365756,41748.7,4.123594794,22.31555016,-15.90881475,14.59989245,14.22808075,69.18991852,12.48165512,11
element_500,7.397946518,0.043410514,27.43898519,304.4171683,443989.5,4.960677851,25.18894056,-16.17038643,16.19943014,10.63007164,73.88418579,10.29383087,2
element_501,20.12849885,0.069233546,28.3777213,237.9391603,393519.7,4.322524819,29.39538823,-14.99881203,16.74633264,15.15948772,68.70819092,12.21205235,2
element_502,47.77057191,0.103667971,29.22242668,467.1352387,45291.9,3.900112821,22.43261131,-14.53942768,15.38167452,15.53542995,68.4158783,13.53730202,11
element_503,45.71853097,0.153679345,29.50246762,287.7248728,379222.6,3.609928013,24.05367882,-13.7825967,16.50477221,18.06134224,59.54296875,16.59028244,2
element_504,30.40414983,0.06582843,28.91247759,306.3209776,6609.6,4.437718516,26.85313297,-14.48196759,16.25185018,15.42539024,70.53340149,11.38421822,2
element_505,40.98455659,0.192902203,30.29724136,392.8879748,345456.5,3.493653741,22.67883132,-13.17740664,15.67758978,26.38415337,47.25371933,22.79880905,2
element_506,99.80420373,0.342944836,30.61780035,229.7241747,21669.5,3.157123177,23.17344546,-12.55900444,16.57160476,14.4493885,57.2599144,26.4916954,2
element_507,93.38785552,0.407755287,30.55192913,350.7247703,6107.8,3.188378913,22.57231879,-12.33804336,15.69162269,16.12423897,51.68357086,28.10389519,2
element_508,52.95370653,0.206447321,30.27438174,541.9826553,335269.5,3.38809306,22.39664796,-12.50459594,15.1257624,22.77499962,45.10730743,27.22011566,11
element_509,50.2551635,0.205096165,30.20384632,558.5446581,297769,3.345094157,22.13010278,-12.11214839,14.86181933,21.6049099,47.97544479,26.34112167,11
element_510,204.8158282,0.650654991,28.59093431,974.8603868,29992.9,2.685679809,23.20460277,-11.6410001,13.1036208,22.41489792,45.09121704,26.06130981,11
element_511,193.572121,0.382602943,30.40550623,287.2102746,44344,2.957621615,27.58951241,-11.21093429,16.65944178,9.79870224,76.58322144,12.27516937,2
element_512,91.31265044,0.356538393,29.87695156,673.0151416,255072.1,3.064508517,23.50310837,-11.6868945,14.48443272,25.06176949,45.67945862,27.65479279,11
element_513,167.8968895,0.448089445,29.63989067,588.087831,102685.1,2.86289362,23.51954652,-10.87508193,14.70601014,26.07565498,48.90325546,23.00304413,11
element_514,217.2255077,0.672776499,29.20226014,793.5360658,148278.6,2.068501803,23.48272835,-11.01695828,13.96000355,25.13541603,40.88052368,28.72641563,11
element_515,249.4129967,0.579477634,29.02498245,766.614546,102170.6,2.697271834,23.2861669,-9.995814293,14.00974403,27.09365273,41.90112305,26.98035622,11
element_516,473.5534601,1.01014261,26.97951195,1224.906232,38996.7,2.097366219,24.58794035,-10.90814296,12.09764134,23.49874878,45.23959732,25.16115761,11
element_517,206.7563936,0.283025511,30.20573137,324.1369992,80380.6,3.079441906,23.74346245,-10.10718832,15.91391254,7.56769228,84.25272369,5.387992382,2
element_518,245.616876,0.381395371,29.43272419,532.7603541,9014.6,2.950709446,21.97342544,-10.04242372,14.99129251,18.53506088,65.82896423,15.8391428,11
element_519,366.1313067,0.662412858,27.8206592,1011.476354,16795.8,2.583607991,23.05800322,-9.412478172,12.38244751,20.02352905,49.51941299,27.37294579,11
element_520,253.4153277,0.502001996,28.99327479,814.1477138,73835.8,2.57557053,22.41532087,-9.684501744,13.62106661,22.36618614,42.97756577,30.64073372,11
element_521,365.9994446,0.518468499,28.458478,903.8076297,5478.6,2.5834107,21.92459073,-9.188982192,13.10805931,16.38572121,47.49853897,31.67691422,11
element_522,287.9980011,0.314756051,28.95891155,677.3847756,66828.5,3.015236479,22.28411652,-9.150141538,14.1552056,15.82631779,59.39118958,22.17776299,11
element_523,222.1996778,0.136926816,29.95304044,327.1878135,10068.6,3.698965157,23.37664318,-9.003329351,15.74659516,5.995931149,88.90901947,4.029601097,2
element_524,221.1569172,0.174698286,30.57854207,216.0186104,50526.5,3.753879926,26.57838994,-9.609850047,16.73859943,5.147656441,86.20999908,5.277612686,2
element_525,218.8689809,0.058147654,30.75027999,151.5562831,35175.8,4.920706857,32.02766831,-9.243811275,17.35554317,4.737760544,86.6098938,6.214580059,2
element_526,247.1567198,0.070054555,30.66087869,139.1323665,10882.6,4.838185834,31.81581142,-9.886685674,17.6582166,4.631567478,85.76313782,6.273786068,2
element_527,284.4455511,0.20693079,29.12710943,496.0322692,38139.6,3.219543724,21.22550394,-8.605058528,14.74417433,7.139322758,86.213974,5.990695477,11
element_528,377.1619929,0.469791469,28.44599396,827.692726,17856.3,2.602078484,22.87860525,-8.479155184,13.38760599,15.13057709,59.23413467,23.57401085,11
element_529,219.1351772,0.05178012,30.86069151,139.6488529,15730.3,4.962810282,29.2720269,-8.533906502,17.34157402,4.313322544,87.56414795,6.337179661,2
element_530,229.018463,0.098975469,30.1385612,280.2052087,10612.9,4.069749495,26.30170159,-8.386995203,15.99893304,5.669481754,87.9730835,4.400470734,2
element_531,341.8094611,0.326572547,28.72948079,549.0065069,5158.3,2.978277664,22.37566921,-7.822495832,14.26180532,14.53993034,70.80332184,15.99213219,11
element_532,308.7894314,0.184833015,29.03630809,484.3749933,25516.4,3.449936976,21.99103684,-7.306018933,14.51836045,14.50349426,70.52960968,15.37128353,11
element_533,1.945474072,0.034920769,27.22295394,273.9727473,124.3,0,3.163030788,-16.48806231,16.2753579,4.53125,15.5,8.285714149,2
element_534,4.128884971,0.034920769,25.6,214.9102564,9.9,0,0,-16.44392843,16.56777171,17,60,30,2
element_535,51.56985011,0.079099596,29.3142642,169.9108542,33884.3,4.327524076,30.46429624,-14.36526244,17.50806325,12.38593769,66.49324799,14.93726063,2
element_536,114.5781282,0.237892342,29.39663902,118.7846207,47679.3,3.606501668,27.90003746,-13.74455582,18.73830918,9.729493141,71.75798798,14.37899303,2
element_537,167.1685349,0.476721671,29.08003201,82.13103303,21551.7,3.252838517,24.7693989,-13.75629999,19.74888836,9.627333641,72.07720947,15.4010191,2
element_538,49.1690316,0.094958024,28.56375499,77.85412167,34394.4,4.37922009,26.19184568,-15.12904819,19.27214348,10.47061253,68.50737,16.46868324,2
element_539,175.1763219,0.146584451,27.11401998,50.95470931,39705,3.901378969,24.72923242,-14.20431534,20.92401508,11.86210442,62.86238861,18.5925293,2
element_540,12.50677387,0.093142263,26.35146459,47.09590018,1753.6,4.160765581,17.39528452,-16.21289901,19.77137852,9.421791077,53.12299347,13.17398262,2
element_541,189.261022,0.133665773,26.12464103,43.67675861,27695.5,3.685037616,23.49218384,-14.64602317,21.5927925,14.13302326,55.18088531,21.69584656,2
element_542,163.9804035,0.180586998,24.86212007,37.87354301,118035.8,3.479073128,24.34074598,-14.97882395,23.38616711,15.28590107,49.54800415,26.87331009,2
element_543,96.0369821,0.347409783,22.67096084,28.27114219,69516.2,2.523165499,25.77899956,-13.1738223,26.97764268,17.80277824,48.26944351,27.53606606,2
element_544,330.5865635,0.377643334,22.9007921,36.04082343,36203,2.937365907,24.96357409,-11.06276206,26.76499266,21.25784302,39.64186859,29.13966942,2
element_545,124.0140578,0.563130513,22.75555601,27.2457265,32337.2,2.121789909,24.14677089,-13.07622567,26.83440081,19.98999977,40.46500015,31.89714241,2
element_546,266.4186769,0.209870857,23.15136914,27.71767543,6311.5,3.486578027,24.38102839,-12.50086843,26.31848504,20.49081802,42.20183563,31.78607941,2
element_547,198.9888503,0.223868906,23.27532939,25.44783173,25741.8,3.281843687,25.016888,-13.11949669,25.90532427,19.35833359,44.23269272,32.61403656,2
element_548,252.9400431,0.179863422,24.06944123,28.62142025,6448.2,3.715413419,27.33747906,-13.3082873,24.83901308,20.22390556,42.28871918,32.19243622,2
element_549,301.6998572,0.241100944,23.44901618,26.84431853,12111.9,3.489380643,26.68098406,-12.71035131,25.44226584,21.09976768,42.18400574,34.01501465,2
element_550,393.1857317,0.362362871,23.28968332,33.93522546,4613.9,3.112341326,25.818677,-11.888402,25.63571948,19.36476326,42.42510605,29.99592972,2
element_551,376.7194998,0.327026775,23.04778011,30.27064308,1947.5,2.901613353,24.6166983,-12.04930618,25.98297003,20.70855522,43.17981339,30.43756294,2
element_552,190.3581759,0.427883474,21.9527316,50.17832568,26682.9,2.744857091,24.22407025,-11.93906057,27.63426986,19.287714,41.44007492,27.63136864,2
element_553,850.1018618,1.455922281,20.13586455,157.4747264,95886.5,2.414776293,25.12845789,-7.609402696,29.64026852,19.76475143,38.78239822,36.65431213,2
element_554,719.2718336,2.078727154,18.67165967,250.68742,74061.5,2.230624676,24.99752611,-8.925141231,30.8250581,21.50067139,37.2719574,35.57717896,2
element_555,1028.960375,2.138358702,16.73691503,370.5610216,38046.5,2.372797397,25.20340452,-6.773570491,32.35108381,24.35459137,36.28038788,35.20486069,8
element_556,491.6095256,1.089509333,17.77514536,450.6363009,20099.4,2.030620626,24.02686799,-6.829684437,33.3565566,27.31723213,35.04961777,32.44034958,5
element_557,694.9043528,1.982611938,16.57133156,503.4280326,37813.3,2.177505973,23.98434931,-5.156834157,34.10797547,28.33294487,32.9555397,34.17066193,5
element_558,185.6994813,1.583928575,17.96938383,696.3077007,7415.2,2.142460239,20.05861807,-5.846688221,35.12110484,30.14092445,27.84872627,33.02243042,5
element_559,549.6734426,3.531709919,17.15608333,564.5131878,12941.5,1.466280279,20.0277705,-4.166346656,35.12769548,23.95601463,33.4200325,32.17900085,5
element_560,1143.173177,1.461350998,16.35790052,337.0392114,54237.1,2.218097202,25.67793465,-3.242115332,33.64101241,22.86079788,37.26377106,35.95094681,8
element_561,639.1733064,1.469075154,17.18964601,361.4777716,30252.5,1.979922084,22.89616629,-0.788551827,35.03639269,23.61032104,34.68104935,35.8269577,5
element_562,759.9696958,1.330116163,16.92910882,361.4859832,44493,2.294456248,23.66848245,1.807232417,35.45298227,20.88043404,42.11213684,33.49621964,8
element_563,603.5241063,2.330581276,17.22815347,518.2215531,66780.9,1.79594461,20.77229788,5.755145094,36.38819689,25.37385941,34.17055893,33.36478424,5
element_564,585.0276519,1.491774154,17.33821042,522.4797298,23171.7,1.862997892,22.83124668,8.673345809,36.13054051,28.15731812,34.81288147,31.78648376,5
element_565,148.5464453,1.027143126,19.08705017,476.350576,7103.4,2.016319532,20.00930294,10.36446531,36.56788635,25.85149002,33.24799347,26.65361214,2
element_566,488.0104678,1.168058012,18.32329173,335.4533822,15261.5,2.317523607,23.68049392,9.442040975,35.54839356,25.05659294,43.88806152,27.68625069,2
element_567,141.1221076,0.567732445,19.64732292,255.8786639,21684.8,2.503555947,21.93047123,10.12899854,34.91484866,21.85039139,44.49413681,25.20127296,2
element_568,93.5208296,0.415392229,21.03476324,166.4050122,7404.8,2.905941508,23.40380356,10.49913789,33.5023609,15.20229244,46.46154022,21.51566696,2
element_569,223.9105268,0.478342555,21.50061143,113.1282448,9281.1,2.909709123,24.70368247,10.63982499,32.64788577,15.47217274,55.95282745,24.79887962,2
element_570,8.393989242,0.137157168,21.80967375,153.3784425,190,3.171957955,4.222376424,11.3528327,33.17539824,12.34451199,37.34756088,19.91752625,2
element_571,173.9177503,0.46658631,21.615524,120.565164,16913.2,3.654017123,27.5770537,11.56985431,32.35289089,14.23534298,54.79852676,25.47921562,2
element_572,179.9439191,0.550155718,21.1343933,150.8274699,17628.3,2.971023729,24.84913557,13.37487619,32.45689776,15.6403017,50.1536293,28.3455925,2
element_573,263.4643398,0.356005807,20.70377678,86.56622711,7074.5,2.863874613,23.21300865,16.22636009,30.2143498,19.115942,35.81793594,41.73482132,2
element_574,123.8313548,0.173854651,20.87653938,110.9530791,3178.3,3.835995069,25.29731495,16.38521829,30.78659033,19.52237701,34.70331955,42.54917526,2
element_575,195.1179672,0.190839441,20.50669509,95.49001141,5365.9,3.559825786,24.699417,16.72115145,30.41416566,19.26986504,34.8648262,42.67340469,2
element_576,162.2107994,0.341491563,20.97598922,72.42381124,85852.4,2.945242912,23.8513211,22.02376463,31.07598446,17.78695297,46.72257614,30.44672012,2
element_577,73.42730722,0.224923356,21.00796621,58.42482855,16374.7,3.472218112,22.66191726,30.17052868,30.5179741,21.00281334,43.54018021,29.08295631,2
element_578,311.8731914,0.539349344,22.92826472,19.16936863,2916808.3,2.816477155,25.215068,32.37871804,26.33627071,18.21580696,46.17434311,26.57880592,7
element_579,348.885795,0.272479092,26.98968643,10.35885651,2671798,3.094796186,23.73903584,30.07909523,20.11240125,12.04915333,66.57824707,18.04143906,7
element_580,430.1446095,0.506404557,26.81970318,13.6316638,76028.7,2.709230605,24.31498857,33.80837638,21.58149425,15.04090786,56.1023674,22.09241676,2
element_581,470.8532303,0.211389889,27.9760639,74.24017535,60939.1,3.483430808,25.55121147,28.47418967,17.15719073,13.23605251,64.79432678,20.05173492,2
element_582,285.8565648,0.169253473,29.24656858,32.39953449,2510629.8,3.586545335,26.97786502,30.9301431,18.24749886,15.01617622,59.73161697,22.45084,7
element_583,517.2963727,0.261787534,28.18786924,146.4367277,125491.4,3.274367281,25.536183,29.39326962,15.31442553,15.39194775,62.49884033,20.0545311,2
element_584,299.2411326,0.236737167,29.42071333,37.17573333,2413542.5,3.144220719,24.72053979,31.28873655,17.94522765,15.24571419,56.38249969,25.82081795,7
element_585,429.5431337,0.230066551,29.37468744,81.9609676,36180.7,3.284232866,26.20295982,31.607604,16.34323958,17.88902092,54.03403854,25.20784378,2
element_586,414.4317608,0.253222221,28.78491979,38.10361135,2372681,3.507542658,23.9539103,33.49883325,18.93547471,16.62652397,52.73267746,27.52588463,7
element_587,375.7608509,0.07270697,30.01834449,51.95877712,205095.2,4.683697825,22.06458386,34.4181589,17.78392384,18.95104218,55.26354218,23.200634,2
element_588,435.4494834,0.140247769,29.59487573,161.0473688,2045604.9,4.13615253,26.85118172,34.06183916,16.19230988,33.96908569,35.37385559,26.71662331,7
element_589,485.1561743,0.266070297,29.0968535,65.87921735,7229.3,3.848925652,22.78247972,35.22647036,18.17250826,20.18243217,44.03188324,31.42243767,2
element_590,384.8189734,0.027204272,29.57047022,101.7393434,195880.1,5.686775174,25.94253189,34.86099285,16.72077689,27.75382614,45.29829788,23.79294205,2
element_591,784.6955582,0.732259627,27.68531173,251.8862875,73361.7,3.690173126,26.05260116,36.67183106,16.45073232,27.04016495,35.4425087,31.82971764,2
element_592,505.192344,0.196622678,29.16700461,248.6698676,117731.3,4.044312157,26.43501529,35.92254658,15.40806169,34.4988327,30.82471275,30.11737061,2
element_593,444.6428306,0.105693042,29.63550064,219.4253857,308194.6,4.379822115,27.5627159,33.67339135,15.2230084,46.90848541,20.64395332,27.74933815,2
element_594,405.527039,0.073268118,29.71163354,214.422659,1670930,4.875604696,24.940343,32.66865194,14.78435556,39.21546555,32.89021683,23.97216606,2
element_595,457.6301888,0.102218125,29.17225887,230.2910477,36071.5,4.356079179,28.34786805,31.044152,14.14462063,16.09098816,63.358181,18.61993599,2
element_596,412.1949967,0.040260348,29.4215618,278.5264362,1618231.8,5.398950561,28.00699522,31.93875541,13.68888814,25.0867157,53.74020767,19.04269409,2
element_597,971.1914619,1.627015824,26.71085015,761.4579258,30208.6,2.386276125,25.0569691,36.64714929,13.33485539,36.74180222,28.76892853,31.24249649,8
element_598,1448.082253,2.373963794,24.29779659,645.9715562,67134.3,1.779637637,23.87014364,38.11929332,13.90103925,30.47789383,37.61111832,28.58032417,8
element_599,410.1337982,0.062067654,29.37243701,309.6836341,243412.5,4.63988293,21.34163041,33.57745052,14.27453308,46.67592621,18.49845695,29.88888931,2
element_600,581.1214984,0.399756453,28.74293523,627.7717912,41683.4,4.112869991,26.85366262,35.12295659,13.56972305,41.71702576,22.72998238,30.50497055,11
element_601,453.0323382,0.156850751,28.88294748,496.2366342,1571240.8,4.425898728,26.57258695,32.62622439,11.85946004,39.90029144,29.04524994,26.88426399,11
element_602,563.7201323,0.309893527,28.73125291,442.7763582,34203.7,3.765329233,26.26491437,30.79166893,12.48086358,30.2632103,41.55178452,23.41484833,2
element_603,621.1447911,0.535830932,28.22218132,777.1002662,36624.4,3.956456167,24.87011314,35.16201299,12.33446686,41.85321426,22.5627861,30.81307411,11
element_604,917.4384833,1.127831687,26.65654711,954.2915467,206033.4,2.892816972,25.93053643,34.87876613,11.12894433,40.75791931,24.91646957,29.96920967,11
element_605,387.6285663,0.011833877,28.99081186,627.5479345,1468764.6,6.100392419,25.34718919,32.26475422,10.51150663,46.70486069,17.71875,30.50347137,11
element_606,478.1713624,0.203188367,28.89507626,694.6553631,14999.3,4.018321443,24.51756217,31.29784466,10.61735525,42.70862961,22.96242523,28.7749424,11
element_607,395.4695715,0.019118515,29.12985626,738.9047875,1426241,5.88732633,23.02719473,32.04489855,9.638229615,39.88089371,25.01184464,30.75619125,11
element_608,563.4190936,0.62693022,28.07768313,774.0977737,42106.1,4.6485169,26.08016248,33.61926384,9.631135984,41.63722992,23.89254379,30.10684776,11
element_609,2100.695976,3.760234393,19.87719135,779.8243924,7592.7,1.589915025,21.9367761,39.22670568,12.80469694,31.88949203,40.52844238,25.71626663,8
element_610,2121.951036,3.54537884,19.43142201,895.1220356,21317,1.74124595,23.85585413,38.43254161,12.47174042,36.54234314,35.08272171,26.70308113,8
element_611,390.2190995,0.022404005,29.34593998,766.9452991,214881.2,4.788948774,21.29968671,31.59086165,9.340416512,43.58333206,20.83333397,29.45833397,11
element_612,404.4128105,0.020010106,29.00931427,809.4094089,1197395.8,6.369831034,23.83987716,31.22437199,8.181055769,37.47052765,29.02192688,29.79597282,11
element_613,400.2109679,0.008577918,29.26743996,788.6380315,195178.8,6.733929626,23.11447818,32.48009232,8.385517118,40.81788635,24.43836784,30.88718987,11
element_614,404.5190909,0.009799265,29.09714679,801.0847363,19603.7,6.694090976,24.48720267,31.88085586,7.967193756,41.01285934,26.15048981,29.56070137,11
element_615,1637.091704,2.31409045,20.41016603,1616.480024,28207.7,1.628503469,29.3241289,36.4218242,8.98555543,42.37548447,28.2165184,26.37272072,8
element_616,1960.387394,3.184554331,19.55380567,1326.519085,110706.9,1.675942434,25.94983446,37.35608312,10.02054115,38.13612366,34.5455513,24.68030739,8
element_617,502.3866375,0.368854025,28.85876357,708.5707203,608100.9,4.161665824,24.96945894,30.16326395,10.51018775,33.06618118,31.67645836,27.92358208,11
element_618,574.2886074,0.329720205,28.10483067,928.4719939,552637.4,4.02921536,24.59952583,30.92597469,5.683938523,34.19785309,34.18572998,28.21726036,11
element_619,392.5243359,0.009906653,29.27843876,792.5805765,538984.7,6.042950042,23.3499125,29.60786043,9.066691746,33.16622162,32.19582748,30.88383675,11
element_620,467.7662119,0.189504381,29.1525674,647.5033743,43523.2,4.440501111,24.65963662,28.93516523,10.64650283,24.67795944,53.38590622,18.13114357,11
element_621,521.2951403,0.227484756,27.52553314,1090.235157,153964.8,4.081280643,24.31535626,28.6314744,6.620948127,32.1056366,38.6925354,26.18035316,11
element_622,392.3188055,0.019350726,29.36132514,786.4633013,377202.2,5.160318859,21.23198203,29.32147641,9.146404281,29.46562576,32.97187424,33.2857132,11
element_623,400.7691877,0.012478098,29.18030822,775.3545187,301641.3,6.045250954,22.25123981,28.50482178,9.265735154,35.30472565,31.53947449,29.92001152,11
element_624,579.4261457,0.2942847,27.1540878,1033.421003,75140.9,3.36912876,23.7136435,26.35286419,8.265338056,30.65994644,35.90990067,29.98662949,11
element_625,758.7386773,1.211171203,26.90993035,1143.942672,137130.1,4.734487347,23.60592205,34.04700711,7.378736708,44.47272873,22.70066833,28.45359612,11
element_626,1258.479496,1.666644658,24.50670379,1248.612658,38731.5,2.897792116,26.5695946,34.97374923,8.288658262,44.79183578,24.09905052,27.04768181,8
element_627,625.143834,0.278455843,27.5857945,530.934436,148942.6,4.268121363,26.69057258,25.30912339,11.06954896,17.25006676,61.29386902,18.69288826,11
element_628,582.1431271,0.200576179,28.18806638,409.1306872,153055.7,3.956847407,25.41847326,27.32124392,12.64793093,15.87193775,67.31056213,14.67590237,2
element_629,426.9392177,0.071001918,28.86287058,966.8950321,94232.9,5.614119422,24.27784766,33.51068957,6.892472411,44.56097031,21.1648941,29.71356392,11
element_630,791.1321153,1.375212305,26.42337457,1252.785982,22806.4,3.244369048,24.01182916,34.67442233,6.845371153,45.49992371,22.17068481,27.90342522,10
element_631,2427.598029,3.666635732,17.49940075,991.8679962,15352.4,1.681252651,25.35391423,39.20637448,9.980702394,37.84755325,35.40129089,24.52933693,8
element_632,2226.181486,3.271181678,18.83718222,1116.035488,47770.5,1.874425301,25.06112549,38.19508865,11.33630238,36.11493683,35.45269394,25.2911129,8
element_633,683.1234982,0.99322025,27.24111283,947.5226132,39093.2,4.560320923,27.82010231,32.83559947,4.932792856,33.93900299,33.65339661,29.02380753,11
element_634,554.4194978,0.468207806,27.64341584,973.7068516,37286.3,4.23938388,27.57913155,33.90690183,5.616149996,39.50301743,29.06439972,28.03592873,11
element_635,906.6720912,0.805484926,24.68194384,1229.836399,430645,2.12496774,25.90422551,31.50925548,2.997373566,28.01314163,39.88285446,21.23568916,10
element_636,1067.725837,0.85728955,24.56888536,1134.158022,31604.9,2.440076818,24.51728509,33.07702397,3.133679702,29.30762863,45.12331772,20.20851517,8
element_637,1082.116732,0.371746359,23.55452014,1235.795155,351575.5,3.056613481,23.73919146,32.28146626,1.46267744,31.64690208,41.57074738,18.98178482,10
element_638,1229.691665,1.865458612,21.6553554,1185.599742,57037.1,2.303722006,25.66941883,30.3370291,0.440516881,35.11261368,39.06893158,19.83328629,8
element_639,1215.546286,0.792945298,23.71587499,1160.830022,43184.3,3.177884144,25.52472533,34.01196618,1.736568859,30.94709015,44.13766098,19.46755409,8
element_640,1412.100368,0.714374248,21.49148251,1264.536698,269105.6,2.679656587,25.15592544,33.55534805,-0.341174635,33.3799324,37.08146667,20.87061691,8
element_641,1502.173444,1.385144529,21.12900856,1147.862048,63965.4,1.805172399,24.54401839,30.61358295,-2.012457211,35.76182556,39.36050034,18.4407692,8
element_642,1264.40623,0.405209238,21.95421224,1049.897786,85724.3,3.045524535,23.92682505,33.2598255,-2.354413539,32.40786743,37.97199631,21.58143234,8
element_643,41.93946613,0.154461212,21.49295533,52.70981236,20936.3,4.907448303,21.35475481,31.51639688,30.81054915,24.51058388,35.93344116,30.48929596,2
element_644,488.9972401,6.369145176,25.05951128,2540.308043,3132.1,0.691979354,44.88830338,7.982823087,2.403317558,12.6261034,19.94705963,18.54259682,3
element_645,509.6756196,5.481947276,18.78309891,281.0611296,8752.8,0.726065685,13.63776642,-15.79712633,28.8113375,12.89217663,21.76804352,18.99755478,2
element_646,289.2027546,3.209610951,26.82058506,113.936544,3938.8,1.130920571,17.65524215,53.78961268,12.49005236,7.810688496,37.70471191,8.100968361,2
element_647,20.59277674,0.244609714,26.51016959,1462.176975,2943.8,2.483201649,15.41498445,39.51752338,-5.741046629,14.08755302,31.40242577,8.16031456,10
element_648,251.7171508,0.449105516,22.93664155,560.3300802,26209.6,2.586959379,23.17042804,44.66085479,-24.500663,20.00010872,49.63321304,25.62980843,11
element_649,653.476115,1.039001652,21.62551929,742.7294837,32381.6,1.998571274,23.87991756,45.28734279,-23.30578547,23.61021423,50.15687943,24.22556114,11
element_650,328.1116062,0.868020102,23.51201077,676.4747519,18124.7,2.300758596,23.85926823,43.93303488,-22.56597978,16.92051125,59.37396622,19.6079216,11
element_651,725.2415286,1.453507451,21.90048937,932.0334868,54938.5,1.866701684,26.20399391,45.7091041,-21.67177596,24.28903008,50.21868134,22.74296379,11
element_652,195.6256019,0.450608642,24.55946546,888.2863155,21658.1,2.847052804,24.60970267,44.60988902,-20.78013483,21.50393295,50.34508514,22.71295547,11
element_653,882.3760185,1.702808694,21.3754608,1282.047787,48011.9,1.9009461,31.73331781,46.16320004,-19.80891253,28.80071259,44.2449646,23.90424538,10
element_654,298.1657304,0.773236703,24.81630536,1348.1413,79095.8,2.347534373,32.1784377,45.21893439,-17.61447514,26.93202019,42.57699966,23.9615097,10
element_655,800.9493668,1.4150524,21.90696623,1426.608272,56180.2,1.893447153,37.21477999,47.14570649,-17.67075077,29.59900475,43.7648201,23.31531334,10
element_656,103.9303075,0.521706399,26.03666183,1403.107632,10827.7,2.604461546,33.79575556,47.03385636,-15.85521756,23.03265572,46.7477684,23.52371788,10
element_657,507.9255022,1.79589478,23.57702182,1397.106446,28533.6,2.066931238,40.06444119,48.28310014,-15.85668106,27.6401844,43.70162964,23.80639648,10
element_658,475.2798775,2.124054725,23.90395517,1672.577467,86923.3,1.88540294,38.37116815,49.13154892,-14.62181533,26.43471718,41.56797028,21.73734856,10
element_659,797.7656418,1.160934423,21.51830429,1565.08309,12771.2,2.30265042,48.60933886,48.57974412,-17.44086732,27.9940834,45.34954834,20.04917908,10
element_660,466.2958198,1.51341331,22.3091906,2052.791876,21979.2,1.853927919,42.25896498,48.82891402,-18.56194225,27.09959793,46.09401321,18.33945847,10
element_661,1084.094667,1.522849857,19.71011172,1697.721052,17765.8,1.832802849,34.60367237,47.92957058,-19.48963719,30.34775543,45.38724518,20.5287075,10
element_662,362.2541259,1.262958062,21.49374223,1921.608005,32440.9,2.152811621,36.07002816,47.76598366,-21.53733942,27.96074867,44.99597549,19.820158,10
element_663,773.3005297,1.856608806,20.96530049,1424.008559,16946.9,1.855750696,27.50001227,46.78734634,-23.08663378,29.96504784,42.78556061,22.80142593,10
element_664,304.6143001,1.787318314,21.91645696,954.1653337,30527.9,2.235477902,26.32071657,46.36463922,-24.53324444,26.08062553,44.80565262,23.76490211,11
element_665,-13.5524106,0.453249883,25.01752164,405.950641,41.7,0,0,40.36362387,-22.36589733,20,61,30.5,2
element_666,9.571224531,0.034920769,26.6,913.0692308,8.6,0,0,42.72540474,-17.05487614,24,49,24.5,11
element_667,369.6941655,6.926956974,24.96331063,1795.226012,2263,0.609729197,26.97078763,43.98860627,-12.09029078,12.30978298,18.66195679,12.70051384,10
element_668,-22.88850362,1.689149559,27.44435941,997.232634,279.5,1.251302883,4.365525066,46.57726464,-9.568883484,2.081632614,5.408163071,27,11
element_669,-16.02430956,0.017455065,26.3,1209.024359,31.3,0,0,51.06855382,-9.838479545,20,60,30,11
element_670,6.502712839,0.034920769,26.3,1969.785755,40.4,0,0,53.28247635,-5.845441733,22,0.888888896,27,10
element_671,-82.38726044,0,25.8,1067.684615,2.3,0,0,54.52356234,-15.89181103,22,55,27.5,11
element_672,294.2290935,0.023261263,28.87922492,362.529018,980211.9,5.682583656,26.50262987,15.37856385,13.05107535,16.69566536,63.10098648,17.64797974,2
element_673,351.014678,0.177705354,28.16168991,621.3363629,89012,5.033943799,25.70632357,13.31279506,11.88268292,22.14395332,51.21896744,22.54822731,11
element_674,287.5981688,0.012251181,28.32512611,434.6433826,609863.6,6.113722546,21.60100403,14.86181844,12.6005543,23.83675003,49.76874924,23.88563156,2
element_675,299.4069588,0.033595818,28.9265885,253.1456236,249808.1,5.40947755,26.66078449,14.21371641,13.8683439,10.24268055,72.06638336,8.479063034,2
element_676,292.6134288,0.017484865,28.23816255,529.94,604000.8,6.100372791,14.34461432,14.95786934,12.11944131,37.625,27.5,32.5,11
element_677,316.3308246,0.053826419,29.04276075,198.4010043,18273.8,4.831990502,29.14533117,13.75474212,14.60111035,10.11436272,75.73516083,8.52124691,2
element_678,277.4381217,0.049688656,29.11410253,270.9840456,213535.4,4.222035766,21.15958339,13.38454868,13.67709823,17.44444466,52.94444275,7.391304493,2
element_679,384.041177,0.11971257,28.24132098,520.8700236,154717.4,4.363915664,25.67755074,11.2198963,12.52154443,15.46507645,64.8983078,17.39763832,11
element_680,372.186975,0.062642474,28.7757314,194.8555212,58723.2,4.975986669,28.32878261,11.67671935,14.65290145,8.584924698,80.00421143,9.904724121,2
element_681,585.9565291,0.559040122,26.8380258,972.2252564,88321.4,3.546966535,25.07023672,15.52854979,8.570384835,29.7701931,43.24604797,23.63131523,11
element_682,345.2152889,0.063045582,28.29160857,784.1139227,515498,4.959381471,23.59972665,16.85210699,10.28731579,29.57332611,42.87062454,25.32914352,11
element_683,394.369317,0.122484736,28.28087601,443.2412058,67532.1,4.513973129,26.16735712,9.772448732,13.31061657,10.8789854,73.96794128,13.87517452,2
element_684,353.1629167,0.041975073,28.06842877,606.6109696,57418.5,5.421256826,27.66339307,10.88647381,12.41281113,12.03432465,72.41905212,13.62102795,11
element_685,532.6060597,0.304276922,26.82841487,866.8023263,24069.7,3.414712202,23.32350438,8.657489171,11.64255193,16.38895226,62.70721436,19.13490677,11
element_686,515.6836664,0.374205713,26.87790998,877.6267532,23988.9,3.702311758,26.49841652,9.588940362,11.2908939,15.51701355,61.21077347,19.41446114,11
element_687,406.4883879,0.134502782,28.32737742,851.4631564,144860.4,4.291278957,23.14225206,19.23246429,10.23474252,34.36976624,36.7575531,26.39724922,11
element_688,412.9867389,0.384748771,27.71394749,961.5214685,322359.9,2.950468884,21.58964911,18.19792831,9.318165175,31.54924202,35.42676926,30.90909004,11
element_689,555.0501523,0.355982789,25.82049874,1190.074007,83237,2.918807689,23.94559485,17.2733389,7.027226203,28.60062981,48.21989059,20.66282463,11
element_690,362.7523696,0.066598762,27.94914534,969.718661,236669.6,4.124214136,20.80380869,18.32653846,9.215528791,31.125,32.625,34.25,11
element_691,405.6896251,0.052180713,28.27002476,833.9492627,24253.7,5.479298574,24.1915029,19.9236915,10.00888435,34.72677231,34.94466019,27.51605415,11
element_692,385.3652929,0.061098662,27.28626295,1020.318938,212123.7,4.648384047,24.09543219,18.36946661,8.533158103,24.68235588,47.42849731,26.75707245,11
element_693,454.0323812,0.272535074,26.50706609,1103.284695,64648.3,3.231077806,24.04721762,19.63384531,7.693300539,28.79867935,47.003479,21.56399345,11
element_694,464.3367446,0.22851541,27.87806369,854.9863104,136569.8,4.167442006,24.09260897,20.68479774,9.439181359,31.13536263,39.94583511,26.17643547,11
element_695,466.0118039,0.206770358,28.85944753,698.7835613,36377.8,3.750238597,22.47946004,19.68851562,11.6365161,33.40016174,39.19011307,25.20248985,11
element_696,441.6519379,0.052255094,28.64260546,772.2187942,95324.8,5.137762399,22.63454474,20.46146477,11.09555564,41.93712616,27.6917572,26.94837379,11
element_697,493.3513716,0.141893467,27.65948799,766.130563,35402.9,4.384752135,23.97586562,21.96710336,10.86721998,26.54938316,46.50055313,24.85791969,11
element_698,553.4079729,0.370174574,27.04030056,788.5661832,75846,3.359627612,23.8439874,22.69789648,9.89385071,24.85814285,48.54161072,24.43458176,11
element_699,578.0078246,0.407271832,28.09240962,651.7510344,82855.7,2.890751754,24.55471699,21.98620476,11.98211043,25.44993019,53.49842453,19.89610481,11
element_700,562.4753555,0.339736278,28.35345244,628.3275371,8361.5,3.078049693,23.53965799,21.42321018,12.23050984,25.13937569,52.16218567,22.26176071,11
element_701,826.5583114,0.431554641,26.86406752,528.1934186,42853.7,2.647974056,23.35214052,22.43846791,13.38912789,21.98729515,41.79026794,26.55447578,2
element_702,929.663899,0.663706253,26.28468553,568.0504997,35399.4,2.640427758,25.60289915,23.34397042,12.8544033,23.62980843,40.35328293,28.27272797,2
element_703,948.7201561,0.351449645,25.79351445,332.5839316,6057.6,3.291000943,23.59567987,23.67981397,14.14660132,18.90636253,43.41711426,26.25903702,2
element_704,938.6719346,0.267719873,26.07024344,301.3431702,16036.6,3.345465109,22.89945931,23.23358497,14.54952453,20.26732063,47.12178421,23.1521492,2
element_705,1006.647931,0.121042675,22.11575557,429.8953184,644114.3,4.314109196,26.93697832,26.22633232,-20.41212259,14.25486851,77.12440491,8.008708,8
element_706,996.3300993,0.061976188,22.83181386,402.3515636,424641.6,4.813545064,28.44787868,23.72227988,-20.74245984,8.742955208,83.34296417,6.726670742,8
element_707,981.2773356,0.072130751,22.63026365,322.7713967,136520.9,4.60928076,29.69342667,24.35202894,-21.7788925,6.545762062,86.80146027,5.067033768,2
element_708,983.4787661,0.110493933,22.50625796,312.4326618,61071.6,3.466046857,18.97036856,23.76604719,-22.27848436,5.494897842,86.19004822,5.118812084,2
element_709,1071.860749,0.080075654,21.53985302,336.0653737,60979.9,4.841915681,31.80260507,24.66035478,-23.2418303,8.293910027,85.05259705,4.807476521,8
element_710,1003.558201,0.085872519,22.31885641,328.7564103,50731.7,4.082900463,24.18116676,23.25964498,-22.35815137,5.3828125,86.87760162,4.961309433,2
element_711,1091.026115,0.064967742,21.7904713,329.8260122,9449.8,5.172539869,33.72459172,22.8647002,-23.05621065,5.070416451,87.97624969,4.087608814,8
element_712,994.4224962,0.060454517,23.06403982,514.3365518,251264.6,4.975184355,27.10657874,23.22255491,-18.81677824,9.936650276,81.06246185,8.46581459,8
element_713,994.3994493,0.074095059,22.99711604,393.7011119,129704.1,4.892894528,25.95023488,22.71150131,-20.40760067,7.504768372,83.99128723,6.764759541,8
element_714,1092.33901,0.086312893,21.83900706,355.4522227,46205.1,4.515959904,30.59600751,22.2427378,-22.57405828,5.734217167,86.88194275,4.730118752,8
element_715,1091.396436,0.077165101,21.81033848,338.3259589,3388,5.040858724,34.70151272,22.51204798,-22.8079323,4.851052761,87.96399689,4.327649593,8
element_716,1216.504656,0.150045149,21.11735016,363.7238371,25433.6,4.034628972,30.11660774,20.77929909,-22.55055348,6.267001152,86.9618988,4.274651527,8
element_717,1324.718025,0.177863598,21.0757214,388.8670001,13035.3,3.476023903,24.97565318,20.250371,-22.00357885,6.495614052,87.02522278,4.462351322,8
element_718,1061.014375,0.141029034,22.47543834,390.0498386,105444.7,4.047901967,28.94371105,21.75676388,-20.92467757,6.113425732,86.61933136,5.454316616,8
element_719,990.6383384,0.045786867,22.94343283,444.6393248,9276.6,5.448240197,30.11944214,21.98861915,-19.25412853,6.514914513,85.55892944,6.400360107,8
element_720,1262.793723,0.209384107,21.51653353,414.6064719,26753.9,3.543606325,29.08001521,20.15582316,-21.20932803,5.057879925,89.2124176,4.307435036,8
element_721,944.4323858,0.019933611,23.26134608,369.185755,65931.7,5.607039458,26.22081442,22.0770979,-20.11445631,4.972222328,88.41512299,6.047468185,2
element_722,1098.691197,0.088565818,22.67248657,478.8671905,23294,4.497362809,31.42320646,20.87308704,-19.3012053,5.980205059,87.27553558,5.392634869,8
element_723,1046.172695,0.159202367,22.83129575,425.4789016,41798.2,3.809733707,30.89712537,21.29984614,-19.88111453,6.374551773,85.54958344,5.446000576,8
element_724,1237.528161,0.169701117,21.72611105,443.9121684,19428.4,3.765597236,27.34906195,19.65295647,-20.32797257,5.170397282,89.11048126,4.480196953,8
element_725,1311.013717,0.234044753,21.26628563,423.159411,11712.1,3.27763879,29.01018882,19.58035301,-20.92169174,4.71258688,90.15118408,3.984531641,8
element_726,1083.744269,0.115566432,22.62591528,596.7426233,169166.2,4.234202512,27.23628056,20.58469415,-18.13081431,7.097027779,84.875,7.208916187,8
element_727,1293.634825,0.594685554,21.68646265,963.8894059,58303.5,2.431759082,24.04359367,19.00233002,-15.17775171,7.883020878,86.93370819,4.891540527,8
element_728,1344.931396,0.24166841,21.68620804,497.9154672,60249.9,3.671713801,30.6680053,18.21623592,-20.2325271,9.433320045,80.85147858,8.17090416,8
element_729,1136.320108,0.120509006,22.46917319,623.3285253,107643.2,3.992761896,27.83053633,19.40543824,-17.84592902,8.438824654,83.49437714,8.060051918,8
element_730,1154.683556,0.128710638,22.48701208,723.6538721,77782.2,3.997805138,27.56197121,18.60418442,-17.15847513,8.561395645,82.46749115,8.094661713,8
element_731,1151.05206,0.043065402,22.58003015,702.858068,11895.5,5.148833504,27.17721741,18.11897039,-17.55015314,7.316945076,85.53742981,6.387297153,8
element_732,1236.772574,0.310191817,21.46719678,928.8859909,12178.4,2.863853077,26.28321868,18.2453249,-15.9539273,8.239735603,85.81268311,5.638139725,8
element_733,1231.107865,0.44154399,21.53983131,936.3522633,57090.8,2.353682082,23.72218964,17.84651992,-16.00760897,9.185883522,85.38995361,4.83140564,8
element_734,1245.060428,0.78011532,21.58299153,955.6274217,38832.8,1.625665356,22.75923406,17.40366506,-15.60698832,13.81875038,81.96875,3.633758068,8
element_735,1413.646563,0.817239029,20.47486051,1178.415719,10897.2,1.577141689,21.80420679,17.78503203,-14.65208162,10.55445671,86.66934967,2.856850147,8
element_736,1544.044498,0.633685218,20.09008491,1454.397488,16915.6,1.876496197,22.65884022,16.44535196,-13.98060778,23.65709686,70.79296112,4.879236221,8
element_737,1499.39658,0.695654553,20.18695479,1408.645149,21259.1,1.713667705,21.64664825,17.03813928,-14.16078077,15.66576481,80.477005,3.433168888,8
element_738,246.4008472,0.05918336,29.60377825,48.45224432,450953.3,4.618484159,22.85859003,17.88982432,16.14421265,4.96222353,86.83660889,7.14078331,2
element_739,468.6950801,0.358760588,27.47254308,54.1795321,186753.9,3.961053052,26.21912933,16.31481344,17.82283579,8.573383331,74.23599243,11.65990543,2
element_740,193.2474964,0.128505885,29.11287997,21.78107448,258310.8,3.702895087,25.91267034,17.98476642,17.24491305,7.264676094,77.68269348,13.65129662,2
element_741,422.2452323,0.213041977,28.91853284,114.5586827,166650.9,4.276212186,25.04587328,19.80434106,15.68806171,13.09950542,63.40842438,17.63477707,2
element_742,462.4319993,0.24597303,28.31140142,61.96657716,88794.3,3.787727582,25.09980782,20.49453888,16.72407009,12.01543999,63.91743851,15.38422298,2
element_743,423.5100467,0.118833709,29.1635594,200.9283957,47002.6,5.085699565,27.11233445,19.51160982,14.74709158,15.19903183,59.95723343,20.75408936,2
element_744,284.8798207,0.040048715,29.75723565,132.7466659,81039.7,4.710582109,25.2240433,17.18516906,15.13699938,6.348871708,85.1124115,7.256646633,2
element_745,413.4010631,0.140971504,29.62685673,321.4612188,30707.7,4.92405809,25.94006522,19.55954073,13.9628837,16.57016754,61.42587662,18.95419884,2
element_746,302.8895889,0.036699126,29.62202454,226.0086302,38683.6,5.259297158,32.21184864,16.39096602,14.13156709,8.6266222,81.20059204,9.01428318,2
element_747,27.98046394,0.09533028,22.14827645,23.70280079,305376.1,4.255776317,25.66302969,21.54500685,29.73511527,13.96541691,55.18534851,28.90027618,2
element_748,443.8910773,0.311867537,23.30044971,7.338379067,199579.5,4.286058194,27.33755929,20.47359055,24.88038911,12.03032589,62.82169342,21.91346741,2
element_749,186.2266426,0.054153323,22.94999582,2.97905938,112408.8,5.139846997,27.83653453,20.8009437,27.3610342,15.97967148,47.1559906,34.29080582,2
element_750,333.750406,0.197851894,23.43910193,0.607122507,62871.8,3.414294162,22.63827251,19.08072793,25.70943114,14.58333302,50.75,30.14315414,2
element_751,960.2701338,0.935429617,22.92362609,24.93430237,27196.7,3.392566465,27.12317725,17.96526436,22.63129066,14.30798626,57.25226974,23.503582,2
element_752,529.5950529,0.188867106,23.71693054,17.85124333,52712.1,4.049298552,26.19072115,17.69002336,23.84566143,13.04925919,61.29184723,22.8000679,2
element_753,459.5429213,0.128485576,23.93534685,5.637363944,10134.3,4.156943293,26.40476262,17.52666112,24.57777297,14.08796024,58.36878967,24.9875145,2
element_754,1084.806409,1.018780234,22.81543448,63.86612259,22767.7,2.421082938,26.30788373,16.82597246,21.88535088,13.11579704,60.36227036,19.34980011,2
element_755,753.6665505,0.359765428,23.65531863,61.46243461,13546.3,3.270162153,24.71390324,16.15981535,22.80274145,11.673913,63.29483795,19.57408905,2
element_756,427.572435,0.045435742,26.75212141,16.39442344,211532,5.664140561,27.67740064,11.22298237,19.16937163,13.86515045,57.38728714,25.96420479,2
element_757,411.4709814,0.018815594,26.48966784,9.275094017,117480.1,5.820212189,27.61704958,11.31509623,19.85662419,18.75,42.875,37.42856979,2
element_758,634.1125656,0.190750228,25.75755613,16.8136172,75802.4,4.449772606,29.31229248,9.65145494,21.05076959,17.0996685,45.63939285,30.77490234,2
element_759,420.5715692,0.021952839,26.43439865,8.746568247,106595.9,5.580449615,27.92299738,11.42008216,20.12727288,18.75,42.875,37.42856979,2
element_760,453.8735427,0.0959362,26.21717619,7.233985806,9602.5,4.910868707,25.70331976,11.96053966,20.53134483,18.1999588,43.71162796,34.21807098,2
element_761,545.592476,0.192555278,26.04563185,7.880286973,90973,4.648573814,27.59789313,11.04260584,21.59570844,18.42593765,42.36411667,35.46760941,2
element_762,669.4566118,0.485407394,25.4900095,10.88280269,15327.5,3.155784301,24.03513121,11.62621804,22.02176273,17.92027664,44.0139389,33.23946762,2
element_763,997.3876611,0.492559083,24.02230654,18.00488104,49499.7,3.148908193,25.71440046,8.697433686,23.69457812,17.32674789,45.86705017,26.08714294,2
element_764,873.4523506,0.554285466,24.54868483,12.78266793,28360.4,2.921313229,24.84772733,10.07198933,23.45974609,16.67868805,47.06110764,26.26794815,2
element_765,1185.229255,0.249210477,22.32219114,488.3838547,174242,3.945597154,29.99931322,16.51950083,-19.31176965,33.09895706,36.24571228,27.7685833,8
element_766,1201.077781,0.176413896,22.41555194,567.7806854,46347.6,4.422802844,32.33604229,17.68511585,-18.82358601,13.87078094,72.49504852,12.03407574,8
element_767,1085,0,22.6,424,124059.1,0,182.1008305,16.1843114,-18.84650706,0,0,0,8
element_768,1089.360546,0.069448579,22.55183709,452.5082362,112442.7,5.041989726,23.75935004,15.97199458,-18.76566336,17.76666641,51.01666641,27.91666603,8
element_769,1225.501246,0.229930095,21.5737181,427.9786649,11615.8,3.847670451,29.73234452,15.93727762,-19.55448076,26.59678841,46.30241013,24.3365593,8
element_770,1089.002231,0.05632138,22.80904692,494.7871543,36884.3,4.789723204,20.35423264,16.05273428,-18.35993595,15.37615776,69.75347137,12.88574791,8
element_771,1169.310631,0.152259099,21.31095872,668.3072755,74941.6,4.62833965,26.50790204,15.41388418,-17.48405676,16.38699722,70.47544098,10.64178944,8
element_772,1157.669327,0.054269159,22.68987651,739.6766637,15988.5,5.019811098,24.28994022,17.08970036,-17.33015191,7.639928818,86.02944946,4.827776909,8
element_773,1156.620934,0.067566969,22.63622592,760.7087878,20069.3,4.921179685,24.83553257,16.66096508,-16.97186998,8.734080315,85.08122253,5.032301426,8
element_774,511.6766495,0.262509227,23.52790847,5.813953312,170153.4,3.345805709,25.27204085,23.46913313,23.19748885,10.06600666,69.97346497,17.32205772,2
element_775,394.3605728,0.858260812,29.60299154,188.2419872,149328.6,12.15800762,25.23559536,36.21377808,3.374486434,28.625,42.25,24.75,2
element_776,952.4240078,1.774528545,24.05349184,663.9329591,48215.9,2.457624501,27.41075737,35.66097164,2.260776745,29.83643341,45.50968552,19.7644825,8
element_777,495.9128455,0.56040206,28.47704658,339.3286536,101061.3,2.663263752,26.45232096,36.03165474,3.884838978,21.20863533,45.50582504,23.79558945,2
element_778,1163.751161,3.314489546,23.03837879,1124.199231,73205.3,1.971899579,25.35131945,36.52636994,6.220608218,31.96591759,32.54352951,30.88383484,8
element_779,620.4080864,1.404514304,26.83479573,1027.882306,12183.7,3.011882891,26.64156254,35.56282107,5.118477467,32.17323685,36.93395233,25.77519226,11
element_780,2071.892665,3.201784251,17.9078578,1154.355435,23584.2,1.657130955,34.91255405,37.78243253,7.932102275,44.80744171,26.05595207,25.47553253,8
element_781,1850.218854,4.31885782,18.84540083,1566.782896,7047.7,1.586269765,27.36869312,36.53511001,7.417043412,39.01467896,30.19157028,27.84852982,8
element_782,1989.953493,2.717950076,18.66275445,1476.579518,5171.9,1.675942348,31.29353172,37.09612986,7.746987363,40.26272583,29.51272774,27.29538155,8
element_783,1905.701602,2.275189217,18.18687199,1311.625436,10527.2,1.801920329,32.90982466,37.35232372,8.596295178,43.82955551,28.10451126,25.00657463,8
element_784,564.1678038,0.231573826,26.16010632,290.7293627,140784.3,3.585040261,29.42916022,46.6111061,7.40598454,21.50614929,43.03754807,33.82910156,2
element_785,801.9485897,0.406005509,26.27395532,130.2209125,131166.8,2.954868194,24.90323767,25.1029434,15.93690166,14.15337944,61.61359406,17.89053726,2
element_786,442.8332704,0.21249232,24.8755432,3.624990415,104484.9,4.142379765,27.1668135,27.53207903,22.33733106,10.47973061,71.35641479,15.16537857,2
element_787,836.171886,0.712360557,21.45574247,93.97635677,108825.6,3.027521966,26.78354745,-1.836522312,31.33378677,14.60793972,52.65545654,25.3640976,2
element_788,724.6800172,0.367789658,26.90534699,37.59144966,95083.7,3.569529066,24.00868713,3.821827631,22.3805446,16.93056488,44.75590897,31.95159912,2
element_789,1205.849944,1.629161117,22.54276931,681.4587969,99445.3,2.339293716,27.82658136,40.58037714,10.11452616,29.11318588,36.79206848,29.09428596,8
element_790,230.1730971,0.113742149,23.30439822,28.30749348,90161.1,3.958809163,26.44671009,7.722344012,30.7015129,8.957028389,72.42636108,15.71597767,2
element_791,453.6596955,0.726652342,19.58435342,152.5412647,89137.9,3.292640352,25.98184922,5.561013725,34.13978068,16.59844398,47.9446373,29.45281792,2
element_792,687.890662,0.179974315,25.9064045,32.73740124,90003.1,4.02445626,27.29216835,24.6754883,18.30444794,10.91431141,68.54892731,15.22329712,2
element_793,451.0872294,0.21925182,29.21172054,475.7551402,84585.5,4.133580216,24.16611934,19.43622476,12.93002398,24.2266407,50.42043304,22.22207832,2
element_794,1262.05934,1.077150714,21.87862651,936.3701775,79610.5,2.410470017,25.10797955,32.38187665,-7.725371297,31.37498093,47.61073303,17.33300591,8
element_795,301.1885253,0.030356529,30.09356323,128.8222293,78588.5,5.911385916,28.3545931,-6.173331696,17.52486285,2.940196991,91.9464798,3.53427887,2
element_796,520.1592319,0.216161401,26.52748152,322.9722712,74557.8,3.68318381,28.53716778,45.56377116,6.040950643,20.16858292,45.99530029,31.962286,2
element_797,290.3503259,0.02486628,29.70556787,50.60642069,70156.8,5.672336,27.90858233,-3.775638743,19.28047627,3.126657724,91.49819183,2.748538971,2
element_798,544.7447528,0.236067715,23.25174258,10.39417447,64664.3,3.437430764,28.05436209,13.39628996,26.68403337,8.822487831,73.36466217,15.4165926,2
element_799,1048.515612,0.942421502,22.99122982,21.22580711,63821.2,2.989088086,26.32250043,5.899258187,25.11057813,17.42197037,45.06022644,29.42583656,2
element_800,522.3251558,0.278326439,26.83205238,14.80586081,61611.1,4.196247225,24.6120148,2.456203248,23.66360252,17.04041672,45.79162216,31.23087692,2
element_801,1280.565741,0.632944895,22.3136739,742.9555926,64129.7,2.87502342,26.51403328,34.17579491,-4.376647442,32.33386612,44.67585373,20.36778641,8
element_802,350.430061,0.283329692,29.99773842,82.94318802,91741.5,3.587437867,25.70071241,-11.17518888,19.14216002,3.319662809,90.46816254,4.994585991,2
element_803,381.7678399,0.191861215,22.96862416,23.79739491,58965.4,3.689249314,26.58412909,4.055134817,29.59017317,14.27696419,53.2820549,22.26522636,2
element_804,353.4645469,0.15376342,28.83031586,664.8667869,53358,4.627095505,24.11523324,17.38801832,11.40504543,28.92418671,44.18371201,24.05478477,11
element_805,392.249944,0.334438573,21.18157719,69.45032182,133724.5,3.263430673,24.52616524,14.250287,30.32848364,18.67374039,39.41115952,38.54514694,2
element_806,762.9072768,0.791850676,25.59339827,9.679752927,53601.7,2.872278465,25.20872918,19.99719431,20.26405782,13.12524509,60.78175735,17.36120796,2
element_807,430.1497574,0.158991553,22.49033277,34.72430502,51946.6,3.925596238,29.25047541,1.240935924,30.03104402,9.371759415,70.39641571,16.30618286,2
element_808,453.7785218,0.124501883,28.5100104,104.464256,50197.1,3.957957635,25.47874045,10.16779593,16.0761586,3.68659997,91.98409271,3.033490896,2
element_809,1037.705536,1.31532646,20.04374724,125.2735544,52431,2.54903855,25.33723835,-4.680147868,31.05451377,19.599617,37.87376022,37.24520874,8
element_810,274.0787728,0.242329637,23.52690203,22.92979535,47584,3.479582563,27.17118804,5.660386772,29.8778283,11.8302412,61.4324913,18.59601402,2
element_811,114.5507385,0.151384751,22.29001402,72.3516411,47307.5,4.467918468,27.99401603,8.518379956,32.94333012,9.564795494,75.39063263,13.11227989,2
element_812,778.6570682,0.940766589,25.48363113,377.0701436,48974.3,2.628674268,28.89841377,37.47327675,3.436008418,29.76984406,40.53546906,26.7567482,2
element_813,673.5541856,0.172737201,23.92896452,20.26898682,45608.5,4.169487337,27.73859182,13.51646673,23.77708004,11.10241795,66.02620697,19.80712128,2
element_814,490.9869491,0.791938664,25.82367569,7.346089127,45570.3,2.735993867,25.24561121,3.391061965,26.36856305,17.81153297,44.50502396,32.87959671,2
element_815,490.8186092,0.127800043,22.77667955,56.91354431,48625.8,4.224645218,28.00518935,-7.99800466,28.01035244,19.34911156,37.93534088,37.8956604,2
element_816,415.6768588,0.084411638,27.81015587,59.20608018,97314.8,4.241436857,32.60552264,13.9400165,16.95786158,5.680677414,84.06064606,8.977794647,2
element_817,192.908521,0.112419078,22.74100592,4.233381713,40503.4,4.173357378,28.65442342,23.2523397,27.4418065,6.863059998,78.08443451,12.85682297,2
element_818,738.3894335,0.555708383,26.37816923,39.64984771,39028.9,2.91073063,25.15687816,22.53271711,17.88500374,15.82698822,48.96229553,20.44526291,2
element_819,254.9947525,0.130904616,26.07476518,6.0600259,37739.9,4.076800958,26.30832952,-0.235414836,26.88367399,15.76779556,50.82405472,31.02179909,2
element_820,182.8367069,0.090408702,22.68979743,8.907717314,35150.2,4.388439798,28.46684326,24.63390792,27.64848764,10.23269272,67.7470932,18.63154221,2
element_821,376.866561,0.536375789,26.32060569,6.21387195,46267.9,2.922877388,24.37151561,2.536170867,25.37431578,17.45281219,45.19296265,30.09081459,2
element_822,445.8513951,0.203518158,28.73618317,71.9720462,68959.3,3.455581577,23.53595962,0.904300747,20.95201593,16.09954643,48.98079681,29.16301918,2
element_823,734.7720678,1.132694487,26.85943648,689.7968607,31900.8,3.312433518,28.82740515,34.73636599,4.197203442,27.28593254,47.3364296,22.22613525,11
element_824,342.6613926,0.18853181,25.99346493,4.701855743,62699.9,3.452703075,25.50611686,29.08612107,21.52822062,10.8194418,70.42315674,15.82623768,2
element_825,567.1007164,0.167892981,22.03800182,30.44016332,29700.2,3.907712528,24.84578993,11.09752539,29.77810619,18.44365501,40.51405716,39.7905159,2
element_826,648.3478796,0.610539099,26.42584067,37.28075962,28057.9,3.844850052,27.28826346,9.820674121,18.74366135,11.18244457,63.32617188,17.61851501,2
element_827,497.1553427,0.283096785,22.72603187,2.550618446,26958.8,3.571386653,31.22282733,25.64745929,25.30563436,5.939516068,83.84070587,7.867538929,2
element_828,1136.483467,0.368351598,16.68594632,272.6005258,48908.3,3.080786443,26.11481649,-0.046595912,33.90133113,18.95537949,45.53978729,31.6124649,8
element_829,831.4280929,1.174151284,17.36674837,274.2615473,34051,2.428513404,24.87927526,4.146447932,35.30833073,19.7158432,43.21861649,32.38024521,8
element_830,901.4263146,0.717825486,23.81576245,18.40338818,30377.5,2.39500587,25.23033485,11.16940112,24.00754781,12.35747147,61.36735153,14.97566605,2
element_831,753.5088171,0.190911644,23.67470306,14.71546086,25136.7,3.951745447,29.48948033,12.83291624,24.54654252,3.592207909,89.84100342,5.669202328,2
element_832,915.3261682,1.240421421,23.03332026,18.24945079,24791.5,1.988997466,25.6228622,7.712622047,26.20946068,13.96723557,56.62734985,23.2148819,2
element_833,144.6862996,0.148490376,20.61105347,96.01252549,77669.7,3.816651677,24.23614321,22.35264623,31.14068104,21.17444229,36.26668167,39.18847275,2
element_834,1230.693349,0.916301115,21.82906161,635.3041606,26940.8,2.368697762,25.33126183,35.32945826,-5.475974458,34.74528885,43.79118729,19.99545288,8
element_835,773.9155096,0.69025219,23.02748509,18.28837384,24276.4,2.588464274,26.28580747,8.427512722,26.45515897,14.39506435,55.6814003,24.34456444,2
element_836,344.3271129,0.266211609,26.49359424,7.267586987,52298.8,3.57718855,24.74747173,1.188653205,25.79232835,18.16044617,43.37072754,34.40543747,2
element_837,259.3294187,0.128973077,22.46210392,4.385021412,23263,4.174453594,27.33018529,19.29847311,27.23047123,15.12626553,50.19862747,31.96595955,2
element_838,507.3727492,0.188546586,27.01844416,39.87829032,22211.5,4.266184625,32.39667871,10.78460569,18.02078582,5.225176334,82.83383942,5.372735977,2
element_839,288.4894446,0.044377039,29.7235104,105.8435924,54256.8,5.293736817,33.2490161,-2.865859619,18.07238941,5.652792454,83.31417847,4.767437458,2
element_840,330.7374031,0.142074144,26.41602135,24.84624993,98432.9,3.77256737,26.16683036,-10.71835341,24.61591778,12.49830437,61.2778511,17.01268005,2
element_841,478.7792822,0.121664551,27.43729728,42.44662692,20638.9,4.181586885,38.11146724,10.96196246,17.56362148,2.824076891,91.37202454,2.548177242,2
element_842,368.7229968,0.127595288,26.34549429,10.116777,20633.5,3.818041964,26.79151289,-7.050857795,25.20394066,17.30579758,44.36309433,27.01344681,2
element_843,665.6446594,2.183260708,26.86754906,366.2333448,62220.1,2.197276334,27.59310572,40.50106041,13.29065181,21.03695869,42.95886993,30.51599312,2
element_844,323.6283653,0.050675398,27.86372287,13.91986642,77392.9,5.107743827,25.28857052,-0.715848238,23.29270056,15.60081863,53.09939957,28.22518921,2
element_845,1628.825687,2.508210451,20.23196705,950.4918293,54894.2,1.971068577,27.0008261,37.88478137,6.380583479,33.22803879,32.15966797,30.43745613,8
element_846,568.3255198,0.242189674,22.02635447,7.313791135,18576.6,3.390332309,26.96890969,16.65383443,26.52743489,17.52985764,40.44736862,35.18522263,2
element_847,626.9408078,0.215898421,23.49477367,9.172615312,17999.8,3.452165262,28.90548776,13.22952303,25.34385822,4.111211777,88.25216675,5.97329092,2
element_848,290.9292418,0.026908579,29.71214529,33.67768281,28467.8,5.936858905,26.93461669,-5.195744487,20.07968426,2.764756918,93.381073,3.496334791,2
element_849,208.1957045,0.395727234,22.45429254,1.825320417,16948.8,2.799482871,26.93607453,28.29344641,26.69565971,15.97546673,56.69143677,23.73014641,2
element_850,739.3431416,1.164400203,23.53585341,12.86108177,24616.4,2.460034017,25.43883122,6.510309535,26.5422146,15.17362213,52.52722168,26.87278748,2
element_851,102.8592464,0.288981077,20.82055938,70.06216194,44501.8,3.260417278,24.07157727,28.0834324,30.09177942,17.87134743,52.52689362,24.39686966,2
element_852,294.8885874,0.081482372,29.30467875,27.33146958,39228.9,4.34620341,27.44177509,-6.190996922,21.26949474,8.543955803,75.82447815,13.62453365,2
element_853,1450.393567,1.922758555,20.2067404,761.9206034,54919.2,1.994092457,27.54718284,36.01179038,-2.785341922,36.02914047,36.35585022,24.13889885,8
element_854,666.2323463,0.755577368,25.61935503,12.31729989,16308.2,2.405249707,24.06128646,12.70452541,21.28051212,18.40815353,43.37422562,35.6573143,2
element_855,263.060402,0.309962165,25.20829592,0.479593301,48737.5,2.925193952,24.74687281,30.82298565,23.98567094,15.88076878,56.63275146,23.73999405,2
element_856,474.0173747,0.085278817,26.60383748,32.30033855,15514.9,4.700574966,27.09715446,14.62141435,19.65400044,6.165484905,81.82714081,10.61238575,2
element_857,714.2115684,0.3848757,20.31351505,78.49188743,20232.3,3.034452479,27.39600709,2.018306049,32.01074496,10.91052818,64.25798798,15.09173203,2
element_858,323.4899621,0.099274003,26.36150448,12.72916041,17431.8,3.98619429,24.78867134,-8.709670426,24.69012831,16.67124557,46.22756577,28.51511383,2
element_859,449.6289461,0.306464654,21.49047935,68.5374608,14815.6,3.198709091,25.33192244,4.20847497,32.64040466,18.34308434,38.24002457,36.74252319,2
element_860,752.7307229,0.75022197,24.98988518,46.25138134,27641.2,2.873722457,25.94253836,15.65259469,20.76773156,16.40300941,49.12788391,29.76330948,2
element_861,293.7729854,0.051949159,29.2643059,29.11204165,39688.1,4.738420402,25.72440259,-3.833722967,21.07272578,8.965356827,76.11431885,13.15906811,2
element_862,430.0414245,0.949265275,19.9717751,160.1646426,16883.3,2.656894608,25.16528314,8.252146588,34.47156951,18.51000023,50.47359848,28.13589287,2
element_863,707.3658213,0.494843339,23.23669932,15.61201042,18290.3,2.575864925,24.75442128,9.339306822,26.42941559,16.87418938,47.87026215,30.29648018,2
element_864,849.2490553,0.762564449,23.21080584,21.2721144,19878.4,2.667741688,25.94998988,19.75415098,21.74522225,13.83277225,59.62073135,20.3943119,2
element_865,108.5380438,0.12968424,22.25925406,21.28739854,28590.3,3.887898734,30.37966541,25.30352834,28.57067623,7.691132069,78.71947479,11.43745327,2
element_866,362.3910211,0.200873654,26.28167495,7.607205732,22189.1,3.486779249,24.91320636,-4.143012121,25.92815362,18.37613297,41.71252441,33.66093063,2
element_867,599.5132419,0.484053826,23.49784558,8.040687981,15288.8,3.445794608,27.95373109,11.96043719,26.22304339,5.866666794,82.38440704,8.821549416,2
element_868,685.9045546,0.688529856,24.94707685,20.47120981,13569.3,2.908371152,23.81981983,13.16510405,22.03079277,18.61099434,42.95534515,36.86467743,2
element_869,807.8289202,0.492710083,19.89184321,101.5584666,28658.6,3.234025096,28.07314169,0.845940408,32.33570578,14.86388874,50.66991806,24.88922501,2
element_870,1495.898685,2.253160021,20.47208302,751.9772597,27095.2,1.949881853,27.49713618,36.24812619,0.675584309,34.14208984,39.08250427,23.29649925,8
element_871,1015.330481,1.426624333,25.57164813,604.7194913,12871.8,2.439073513,27.76754223,40.96957072,9.726463993,25.15508652,38.39733124,30.55686569,8
element_872,592.3191593,0.170536927,25.44921547,2.129485829,15210.4,3.883781944,25.86011324,21.33816033,21.01715543,9.429350853,74.46923828,13.23155308,2
element_873,454.3839496,0.300157788,21.19402196,22.34289447,74525.3,3.090690973,25.54459178,16.48886536,28.23370778,17.81829453,40.91302872,36.39118958,2
element_874,433.7013602,0.152382369,22.99969497,29.80171402,38674.2,3.989481612,27.73236496,0.426468765,29.14820316,11.20243263,64.39003754,20.05762863,2
element_875,573.5033003,0.176726681,23.96153484,29.41698179,21551.8,3.787699762,27.28605981,16.43121162,24.06539694,13.28580189,60.05326462,19.9920063,2
element_876,896.5424309,0.725406537,23.2648669,14.87361303,23808.5,2.278839655,26.14864546,10.11393716,25.3179452,14.75619793,53.77577972,20.25942612,2
element_877,371.7475281,0.020714164,29.77964709,39.76523379,17680,5.802601758,25.59164469,-8.771517631,19.63325536,1,98,1,2
element_878,552.4271444,0.241551227,23.10205601,12.19306719,87466.4,3.154185346,25.97693921,11.47316869,27.74445227,10.42101765,67.75946045,19.05978966,2
element_879,333.4769646,0.015963833,29.83150027,40.10186805,37649.4,6.198145411,24.41178624,-7.065734443,19.5980335,1,98,0.995145619,2
element_880,525.746713,0.256139808,22.47617184,2.413301282,15322.5,3.328546902,31.24244486,26.28805661,25.15526953,2.75,93.08779907,3.15121007,2
element_881,297.4327078,0.048871496,27.30057159,4.464051618,27839,5.102474755,25.97790589,-0.110830932,24.89969579,16.76215172,48.55699539,31.8821373,2
element_882,291.8482207,0.051514484,29.84949039,112.9754122,24966,5.022023671,38.01877501,-1.859091253,17.53011883,6.709609032,80.20875549,5.646968365,2
element_883,736.5528338,0.381517987,25.36250872,7.614191582,18282.4,2.988905295,25.05684703,23.75463777,19.72134208,10.96883106,70.22502899,15.51451302,2
element_884,402.2643241,0.292034135,22.70534256,2.207239192,20312.1,3.033030943,25.91230562,18.19481574,26.24778771,17.3381691,42.82909393,36.90949249,2
element_885,269.4573852,0.237736948,30.54098741,123.9454226,31120.6,3.425659232,25.46333311,-8.011640127,17.72406687,3.132659197,91.18206787,3.668963194,2
element_886,272.1809852,0.159679274,29.77384724,277.889423,29844.2,3.47707184,23.90784413,-6.910164532,15.83164314,9.292695045,77.46537781,11.77254009,2
element_887,460.3889646,0.201986391,26.55178456,19.23585165,29634.8,3.579433332,24.9282496,13.4270062,19.68933574,11.22839451,66.03588104,20.68502617,2
element_888,384.8965267,0.312361878,25.13516866,11.74237908,34454.7,3.355562933,25.16249963,2.925341349,27.37870591,18.08286476,43.6187706,33.10827637,2
element_889,254.8287178,0.227472491,28.77867219,19.88652422,29281.2,3.14216861,26.3395498,-3.973403819,22.37090871,15.95819759,52.00803757,29.42752838,2
element_890,1016.821197,0.16988989,20.93521583,207.4743013,26114.3,3.928742306,28.48616986,19.32202823,-26.05201046,7.983121872,81.53916168,8.947212219,2
element_891,296.3685666,0.234070085,25.30588057,35.5097245,38498.9,3.480397325,25.96610164,-12.80115035,23.61723457,16.75538445,47.53115845,25.58551216,2
element_892,533.7875949,0.245925649,23.39884406,6.494402752,15269.8,3.46631782,27.32821184,15.34328545,25.57148518,15.4318037,52.38310242,29.33461189,2
element_893,630.6615324,0.356957656,27.77309838,119.6783724,13156.5,3.104513077,25.47253323,8.897863073,16.77425481,9.94614315,66.45640564,10.99004078,2
element_894,421.7514451,0.053645718,27.397447,37.65720847,15701.5,4.697915923,36.79923066,12.20916273,17.38935896,2.21415472,94.37705994,3.002495766,2
element_895,364.5129318,0.278110476,28.21141869,33.2183728,46544.7,3.59309413,28.63995514,-11.07225775,21.8157147,4.522042751,87.27426147,6.421282291,2
element_896,316.0023218,0.15232947,28.15990834,17.13881001,26695.6,3.417362996,23.91846753,-6.708580365,23.16327374,13.96687889,57.61607742,24.92188835,2
element_897,671.8448468,0.445913027,24.5889696,25.65222039,24007.1,2.746180622,24.87223928,14.36128804,22.39373597,18.46339226,42.96464157,36.70499039,2
element_898,322.2169608,0.117700949,29.14168069,44.60017435,35347.5,3.837961129,23.92546799,-1.545690269,21.37151504,11.78143406,68.05867004,17.21201515,2
element_899,384.6553991,0.037108329,29.2989032,30.60086554,34136.8,5.134606639,36.47204987,-9.759025119,20.76316822,1.646533608,95.89556122,2.178679466,2
element_900,729.4636718,0.87686622,22.86546243,1163.956974,8783.6,3.246128624,29.57729209,35.70781823,-15.42328135,30.42499924,41.88153458,18.85003471,10
element_901,317.7649865,0.111552439,28.45839183,19.14383288,21767,3.961807951,25.5697562,-8.849282433,22.28766138,4.519415855,87.72016907,6.247299671,2
element_902,46.80899931,0.174930069,21.64067205,50.76332455,14934.4,3.69895496,25.0483307,19.95221205,29.82845187,19.7209034,37.21144104,38.2533226,2
element_903,346.717123,0.254120436,22.38538473,32.39659997,14275,3.311393771,25.75526788,3.885024452,31.26390026,17.77637863,40.70127869,32.23303604,2
element_904,603.562849,0.45687771,22.83656815,2.709709459,9554.2,2.57424951,24.25281091,27.06495927,23.59185288,11.59065056,68.61699677,16.04998398,2
element_905,576.3687809,0.457018274,26.45887125,6.710141211,13550.2,2.711739319,23.71957177,21.97378363,18.79474575,11.57201099,64.21503448,11.89548969,2
element_906,630.9798625,0.183259637,25.01780642,2.712067043,8433.9,3.669835799,26.64543177,23.42788064,20.86578112,12.02536201,67.78659058,17.69271851,2
element_907,363.6294583,0.043160823,29.09928371,24.9781552,27007,4.896482516,30.6859939,-8.094073442,21.14030821,1.781096578,95.65394592,2.091977119,2
element_908,427.3843633,0.231045781,24.86440282,16.76883556,33947,3.221776373,24.5602214,-4.57406229,27.79597548,13.06480885,54.56773376,20.84278107,2
element_909,378.2631026,0.231419917,21.69005521,8.003980311,16608.1,3.264702808,26.50436716,18.53841954,27.62405525,16.03167152,47.04385376,33.08869171,2
element_910,627.0218908,0.393800724,23.08036261,50.63650541,9550.4,3.594416412,30.12004196,-2.814264592,30.19692024,15.66538143,46.27679443,27.31944656,2
element_911,368.5019502,0.221004577,22.41072195,24.52381255,16446,3.380715416,25.5297173,3.353672213,30.34134543,14.8234005,52.14144897,22.20152855,2
element_912,534.8523291,0.199894466,22.67674485,24.29383314,22964.2,3.481402944,25.7690063,9.682635527,29.3475516,17.01348305,46.15604019,35.24332809,2
element_913,141.6189856,0.131680049,21.18751717,49.00457221,17959.7,3.868007445,23.415108,24.91079647,30.34753212,17.74341393,51.57783508,27.25041962,2
element_914,369.3445277,0.160651162,26.19566991,10.62957964,7730.7,3.380194611,24.40978612,-6.045750359,25.66024712,16.92910957,45.40089798,26.38077354,2
element_915,303.4651633,0.142573746,28.3718048,19.37913189,26117.6,3.414511959,24.47881508,-5.503209096,22.95936977,16.40749931,49.41766739,31.99527168,2
element_916,253.4672466,0.262044734,22.66283329,3.88239747,78489.2,3.241556775,24.12244739,30.13790145,26.86637227,18.99383163,49.68283463,27.67156601,2
element_917,627.9533462,0.833434194,25.90009816,19.93419379,10439.7,2.615502493,27.43937358,18.53767808,19.18421935,18.41322517,41.52301788,35.95946503,2
element_918,777.752549,0.413399919,19.60717279,99.47728691,17134.9,3.079206205,28.55950797,2.26865459,32.68645155,13.47593212,54.78937912,19.51401138,2
element_919,296.46622,0.339687491,22.86876023,1.46274253,14125.9,2.98879172,25.69583792,28.08422897,25.45398193,9.443609238,74.8578949,12.9140749,2
element_920,284.0501858,0.116862072,27.46395718,9.393375922,15641.6,3.815281027,24.14930454,-8.547744138,23.64784699,11.54512691,65.4932251,20.35077667,2
element_921,909.1985447,1.219993263,18.32380945,85.61805214,59273,2.014317384,26.58335426,15.92693543,-25.757889,10.67966461,66.40267944,19.2768116,2
element_922,584.1880412,0.366369018,24.09335821,15.62470842,12088.6,2.988473019,25.88767816,21.23283024,23.03428578,8.145059586,78.02407074,11.21637535,2
element_923,511.6634448,0.260425227,21.76748061,57.55465413,14686.6,3.085768586,23.78702404,10.82344084,31.07565022,16.53121376,47.27514648,33.99349976,2
element_924,428.9477505,0.079597581,28.11430002,61.34420242,12959.3,4.301862148,36.68072079,12.1529014,16.54253348,3.408783674,90.58968353,4.696881771,2
element_925,375.8582381,0.285532056,22.09523925,45.95981183,15879.3,3.239295492,25.35906648,4.122711561,31.96300588,18.28125,38.33556366,34.39086533,2
element_926,592.9228483,0.372763187,25.26800053,26.56706184,27642.8,2.855068241,24.25702021,14.57171353,21.36281287,18.55566978,42.76150894,36.71617126,2
element_927,512.0563871,0.368024195,23.8653024,31.63415029,36156.7,3.073499556,25.86964129,-2.877431225,29.3104702,9.913609505,66.8012085,12.51028728,2
element_928,553.0437419,0.427960836,26.24193456,3.397728231,14937.2,2.712302505,23.81792875,21.47592073,19.5234907,9.985827446,71.36564636,12.61936951,2
element_929,124.0999897,0.246378256,21.99463536,18.67472959,74862.8,3.031639374,24.20442301,27.40032307,28.46200733,13.47724056,65.13567352,17.49554253,2
element_930,291.071566,0.248943818,27.24785697,10.97215573,26602.6,3.073481,27.05824618,-5.445013255,24.6283712,17.33296585,45.85754776,28.93594551,2
element_931,456.1161282,0.255399538,24.19771234,0.528744939,10168.5,3.502438616,30.02291532,22.25188754,24.34756519,8.930827141,74.45967865,11.36715412,2
element_932,654.4973397,0.415035521,24.08138706,27.56379294,17606.4,2.643762085,24.69317989,15.03213654,23.49850554,15.32118702,51.82446289,29.2845974,2
element_933,421.5764472,0.336811138,23.48049134,18.13585948,18846.4,2.704740359,26.60416882,8.315544685,29.04263387,14.67974377,53.08128738,30.25524902,2
element_934,476.965517,0.114276561,22.64478962,7.033444128,7625.5,4.00340888,26.40527816,15.63830657,26.66383674,15.86746025,48.33809662,30.79727364,2
element_935,294.9466515,0.024882146,29.52550996,349.4766619,6188.7,5.515447203,29.16149648,16.84077244,13.24091442,16.4502697,67.71505737,12.85901451,2
element_936,156.8138488,0.351330828,21.31781157,33.11225045,9247.7,2.712144026,24.59521637,18.92591023,29.33394882,17.75818443,44.02666092,34.94586182,2
element_937,458.4508681,0.140753095,23.53810917,6.03546402,6115.4,3.773340604,23.90823773,14.76174218,26.17585241,13.69433594,58.13899612,25.04324722,2
element_938,383.9298695,0.255734214,25.45419742,10.50228592,32863.1,3.049388995,24.87583435,-3.010087641,27.69697675,4.45668602,85.81815338,4.587337494,2
element_939,98.61397726,0.083843227,22.36123496,13.00749879,16842.1,4.441320628,27.09322208,20.92537647,28.8971916,16.4121151,45.77085495,36.25024796,2
element_940,430.3075046,0.178781353,24.05615885,28.55205923,16346.5,3.579222815,25.67482825,-8.547872769,26.80992858,19.68591309,40.3515892,25.13276482,2
element_941,64.45147053,0.126256828,30.32449576,196.4884335,5788.5,3.801455173,22.54797212,-13.55835033,17.12022214,12.48408318,60.93548203,18.87672997,2
element_942,284.1301423,0.251590328,28.572271,15.88644444,33838.9,2.871050821,22.50568276,-3.049433518,23.13867485,15.55713272,52.78882217,29.11271858,2
element_943,448.1961745,0.26720602,24.20789993,7.093955586,18185.3,3.134979024,25.55591367,7.275270741,27.88900238,9.992902756,68.48730469,19.27989006,2
element_944,298.7577126,0.482879597,23.45578556,0.787698022,17769.3,2.706521703,24.7002047,29.29525701,25.10303435,15.03279686,61.72018433,20.55560303,2
element_945,601.6751888,0.135822125,25.53311182,11.17466951,14632.8,3.861020218,25.25900458,26.27998095,20.03838771,12.15601349,67.45079803,18.01549911,2
element_946,388.0225161,0.290966499,21.08251004,82.56750928,13103.3,2.951570813,23.96738809,4.642020092,33.05629388,18.26395607,38.31468201,37.87654495,2
element_947,698.1254635,0.358622224,25.49773847,4.522898213,14387.4,2.863309152,25.0622288,22.95936585,19.85455884,10.32545757,72.21437073,14.74268913,2
element_948,511.0914982,0.135114786,24.21935541,30.29451567,24241.9,3.989315574,26.86646836,-5.311200608,28.78018341,15.94728279,45.78559875,25.31950951,2
element_949,765.4091838,0.238002167,19.8174547,94.20881353,8757.6,3.486199471,27.15530471,2.832915492,32.99821182,17.17165756,41.30739975,27.46979713,2
element_950,416.8081581,0.118760351,24.60457782,28.06255355,11918.3,3.777888452,23.51547468,-6.41565018,27.71917917,16.98074722,41.63807297,36.01811981,2
element_951,391.3956169,0.184212846,26.10246115,8.605347896,14758,3.427540165,24.15296929,-5.280571539,26.088698,17.9705925,42.69272232,30.19939613,2
element_952,391.8582332,0.145419451,25.54181114,10.86468312,19003.8,3.620318808,24.11053008,-6.834387378,26.30792906,16.74720001,46.58696747,25.29390335,2
element_953,135.5883595,0.489234475,27.48605669,332.2179837,7759.2,2.394973449,30.90405488,47.10513499,3.874062078,14.01092815,55.54543304,17.79049492,2
element_954,363.5546495,0.299880815,21.00824464,89.57251282,5313,3.200691163,26.62770713,4.86554128,33.43112042,18.40198326,37.17301559,43.13918686,2
element_955,541.5443997,0.294321309,23.61694356,8.00843957,13726.3,3.105149119,25.23246358,16.07160179,24.94697716,16.00053406,50.0893631,26.43266106,2
element_956,530.1214124,0.297005633,23.27814748,13.93227354,21934,2.809166707,24.0596808,9.137379543,27.91829491,14.11279774,56.71400833,26.83741379,2
element_957,380.5955001,0.315227218,22.05838756,60.725458,13750,3.00922033,23.88201455,10.1066938,31.68712719,13.05678654,61.32028961,22.40825081,2
element_958,283.1281621,0.171782942,26.11380132,4.914795313,25196.4,3.242152801,28.17902338,-1.360413152,26.72280761,2.295522928,93.81456757,3.450340509,2
element_959,210.8757727,0.111652894,22.91614371,1.720716294,9243.4,4.214241556,28.17982778,20.18396638,27.38227488,15.49646187,48.52156067,33.30791855,2
element_960,251.0256319,0.083460087,26.8294823,18.33888389,35379.5,4.022233416,23.85089494,-10.00549447,23.653913,13.62938595,57.99326324,23.09182167,2
element_961,301.0455146,0.211407973,23.05896529,1.125931405,5433.7,3.353510901,26.19660789,24.68372336,26.19392992,14.99706173,49.91506577,29.00391006,2
element_962,362.6169611,0.243753835,25.29014866,14.61397966,12611,3.108148082,23.103946,-6.598978775,27.12384372,16.35406685,45.70692444,24.96478844,2
element_963,336.2490321,0.210190769,26.04133992,8.11311987,44212.8,3.136785598,26.6885776,-2.454863353,26.62593387,5.895163059,81.77445984,6.63884449,2
element_964,257.3197364,0.259675245,22.41598344,2.291945,17359.9,3.309656053,30.75524809,26.93816026,26.7002221,6.669715405,82.54907227,8.695444107,2
element_965,578.1654254,0.403335556,23.42172623,4.645985853,30150.6,2.874741265,24.73867275,24.75550785,23.36883059,10.19083118,72.55505371,14.52857304,2
element_966,379.4716912,0.260780438,22.62013548,1.976443914,16839.5,3.239540913,29.53101139,27.1905019,25.64258224,3.78681016,90.16483307,4.961167336,2
element_967,160.5974702,0.133652443,21.10123991,69.97303905,14324.8,3.949888101,24.47995688,25.74644735,29.90916249,18.74245834,52.9565506,24.35923386,2
element_968,605.6073127,0.262968347,25.7320339,3.022268045,9937.6,3.182869765,25.34074028,22.34235993,20.19524036,11.04864407,70.32436371,15.98362446,2
element_969,72.35884018,0.090388133,22.12600097,12.13069491,6474.8,4.057885426,27.49498966,22.61557839,29.63706327,6.76434803,78.30477905,13.24456978,2
element_970,281.7104748,0.333614136,21.58546614,102.5122289,11714.3,3.101606661,25.75691901,9.679244462,32.88432547,12.91660595,65.4941864,18.67795563,2
element_971,182.8815783,0.047298286,20.52743868,69.60010588,9810.2,4.588039513,23.78612619,24.53378111,31.20798953,20.75130272,44.49739456,30.50766182,2
element_972,369.1455559,0.129756635,26.58744876,9.660609223,15091.6,3.556784797,23.97005333,-7.652906188,24.59044317,16.65945053,46.37574387,26.03396034,2
element_973,470.5954914,0.290839443,23.30008331,2.510856377,12751.8,2.930920823,23.79707417,17.14619884,25.52919485,17.54195976,43.91352463,34.81337357,2
element_974,280.2980536,0.470268274,22.40170821,1.62038123,8202.8,2.379515009,25.06958247,29.13856854,26.36977995,18.81723404,49.64899063,27.98295212,2
element_975,149.8889812,0.341080181,21.90167525,16.33786962,9196.7,2.790920901,24.44620878,20.09907574,28.81176117,13.24895954,56.42741776,25.85030746,2
element_976,422.832097,0.106333093,26.46774717,10.80718095,14426.6,3.862180195,23.44083248,12.30102365,19.42113053,16.98112488,48.07576752,32.72380447,2
element_977,428.2274558,0.269849292,23.97004167,7.63117284,14332.4,3.245720697,25.68177771,5.708012897,28.06833878,15.06933689,51.94803619,29.53747368,2
element_978,533.6503464,0.606781987,26.68960283,8.906675824,12248.4,2.753177944,25.2623428,19.34147622,19.20624552,18.28472137,41.70486069,35.37265396,2
element_979,129.0314284,0.091710493,22.82134217,45.82812775,8196.4,4.1073346,22.96272899,6.02852416,32.41022285,16.91155052,46.02016068,30.94200897,2
element_980,552.2624619,0.307113791,22.60061694,2.334500126,12291.8,2.876148472,24.0698461,27.24341248,24.36875973,7.101004601,80.97767639,9.642624855,2
element_981,503.0229956,0.201326902,22.95998828,23.77791355,9969.1,3.603071266,26.78191151,2.155600721,29.14103531,18.36532021,40.43013382,37.37878036,2
element_982,197.3307669,0.141164582,27.87403053,280.6911441,6889.3,3.865007691,28.89541157,47.09033997,5.090041788,19.18854713,54.19581223,25.68714142,2
element_983,359.0471366,0.258173593,27.94156221,12.8701696,15724.7,2.996641622,23.98470933,18.43201339,18.28716644,14.79082966,52.45474243,23.12227631,2
element_984,435.6754347,0.384810914,27.29452896,7.336388359,6921.2,2.745856077,22.96650275,20.49318664,18.54475874,17.78273773,42.68712616,33.16666794,2
element_985,587.2921342,0.211676289,26.49498411,32.81343806,11355.3,3.11055064,23.24106673,26.61023043,18.31261751,10.49748135,71.40155792,15.20714474,2
element_986,195.1345472,0.342930179,21.66186553,13.66371041,10996,2.652430898,23.91297035,18.75509062,28.59438396,13.84191132,54.12426376,28.75240135,2
element_987,504.6747035,0.360934693,24.18996517,9.938066704,14294.5,3.238551055,25.72385917,4.824750002,27.56224737,18.19263077,42.57443237,34.73633957,2
element_988,479.7552594,2.258920453,28.262034,190.9112539,16877.3,1.683498091,27.60707242,42.07182212,11.83673794,18.23574448,45.53651047,26.90983582,2
element_989,625.1328475,1.511171331,27.79827035,341.1715598,3766.7,2.216930676,25.88992398,41.08875112,10.79218147,19.00661469,44.41402054,29.24567032,2
element_990,356.8143985,0.204880108,29.57983296,90.29306206,35112.2,3.200334248,23.68421241,-0.82504204,19.41346261,14.41887474,55.68215942,20.12790871,2
element_991,606.623317,0.171174827,21.11081314,70.96898696,18746,3.610221206,23.64072237,11.94901544,30.8412459,18.11151123,42.41640091,37.60263062,2
element_992,312.0486589,0.152047264,28.0974839,14.10591552,17292.1,3.312092994,22.42590019,-7.471193073,22.91667518,11.40290833,66.44035339,20.16266632,2
element_993,569.8471762,0.180573903,25.97716532,16.89615639,10959.3,3.502549715,23.77528565,26.20818422,19.28544953,12.25,67.25,18.1428566,2
element_994,709.7239301,0.421335922,25.66386379,18.42783202,3722,2.676555634,23.39388918,24.03782592,18.42348858,14.3080883,54.95294189,15.9679718,2
element_995,696.3115835,0.199524805,20.82361823,83.69519139,13548.5,3.87980564,30.13786075,0.311444865,31.61933127,16.38541603,45.0068512,28.8611908,2
element_996,566.7836133,0.338959553,24.15066225,19.89284872,7070.9,2.809092872,22.95926743,14.76820604,24.02903919,17.56947517,45.38462448,33.91155624,2
element_997,940.7860724,0.275959869,18.5194463,169.2354777,10561.7,2.83240304,21.68927321,19.58867084,-30.17282115,28.04263878,48.26229858,23.63805962,2
element_998,537.8597292,0.899361981,27.70634705,304.5969697,3734.3,2.260346427,28.52233002,40.83782848,12.10734494,18.25699234,46.8505249,29.25850296,2
element_999,388.221677,0.305414584,24.17097429,6.529642857,6243.9,2.782818749,25.46382416,7.113794921,28.60819281,14.95089245,52.0986824,30.89858055,2
element_1000,275.0564844,0.188850047,27.72263923,7.120676751,21530.2,3.234433864,24.18728301,-2.624492274,24.35607969,9.406653404,71.38092041,16.28463554,2
element_1001,361.5199523,0.207501201,28.04097044,8.229770115,6781,3.073409976,22.58907802,19.4458164,18.27801644,15.69821453,49.18333435,23.80137062,2
element_1002,371.1037923,1.12786698,20.16008079,165.0195584,2041.8,2.243567707,24.01557156,5.285660571,34.96727943,16.02631569,49.66886139,30.78362656,2
element_1003,547.6049042,0.590010227,25.8236599,6.586093305,3816.8,2.334186171,22.87146684,12.36515968,21.04559895,17.67874336,44.56642532,30.34469223,2
element_1004,60.83297177,0.084810533,22.12381133,11.5659965,2131.8,3.933227343,26.14247632,23.385813,29.63224142,7.407986164,76.04904175,14.65402031,2
element_1005,199.7187374,0.21230541,27.22327086,383.9558514,1951.1,3.192570013,28.68474725,46.12484601,3.427386787,12.11908245,70.16641998,14.8612318,2
element_1006,278.5758325,0.205785866,27.65689199,9.418450882,19312.6,3.065356687,28.1338372,-3.910680669,24.59575821,12.99145412,59.63380051,23.92243958,2
element_1007,409.5306303,0.347668777,23.54661756,0.981261421,9185.7,2.662573886,23.9278917,23.15907893,25.16667473,13.6827774,58.68486023,21.04151535,2
element_1008,465.9642481,0.316782717,27.02476096,4.182991905,4372.1,2.666025362,22.17802936,20.58358956,19.06941493,15.42261887,50.28731537,20.13212776,2
element_1009,1290.553652,0.751549305,17.24859922,218.5233476,1667.2,2.016282144,26.77567877,-1.673051381,32.80900824,16.73194504,49.85694504,29.51456261,8
element_1010,871.6646693,0.394029661,24.92487154,238.6991524,1614.3,2.716101201,28.9300633,45.88581581,8.783407888,20.29886436,49.78409195,29.38276291,2
element_1011,472.2802488,0.427498479,27.86814465,25.88968691,7932.9,2.484981951,22.09482401,20.72618886,17.86418428,14.14533997,54.34898758,17.17852783,2
element_1012,187.8364173,0.283852125,25.69907286,0.033931624,1408.2,2.869734424,24.09810382,30.02975716,23.50447462,15.11874962,58.49895859,23.15952301,2
element_1013,358.3989147,0.254312076,23.57689388,1.489364775,12684.8,2.823631853,21.97980673,28.42418067,24.38502972,10.84821415,70.97109985,15.6851368,2
element_1014,514.4541251,0.560909274,23.48187363,1.957806268,4303.8,2.327983119,23.19674917,27.05437365,23.18465247,12.22666645,67.28944397,18.00317192,2
element_1015,392.0701863,0.13626309,28.68095373,42.16780872,2394.1,3.40039391,21.84241661,0.86140449,21.97343887,16.43700218,50.27188492,30.92918777,2
element_1016,879.94313,0.877556408,21.98996984,5.128426435,3303.8,1.644007249,22.09153116,25.76880075,23.7952012,10.22173882,71.86050415,13.08993435,2
element_1017,485.5627379,0.378649532,24.36033699,1.080510197,3012.3,2.644096165,24.95031523,22.5634549,24.02017046,13.04946518,63.39572144,16.87034035,2
element_1018,981.4873659,0.253193614,22.82912078,358.2573675,1239.8,3.046557721,23.39840366,22.68391377,-20.72539069,8.762987137,81.79869843,7.184501648,2
element_1019,975.8122147,0.469838567,23.56765449,15.1855244,2482.6,2.327932864,22.86562026,9.123636336,24.22705777,6.253496647,80.9733429,5.917201042,2
element_1020,356.6878456,0.483977692,23.07445379,1.690598291,956.1,2.274928872,26.3468231,23.83319993,25.5242667,19.375,36,43.7142868,2
element_1021,249.0681428,0.16050738,25.12652475,0.090555556,663.2,3.555244772,24.21545869,29.55909821,23.58487316,12.49166679,65.42500305,18.43809509,2
element_1022,404.1917331,0.576537833,22.99050488,1.564234057,1305.4,2.124403104,22.74616401,23.67983912,25.90667047,19.29108429,36.2281456,42.08474731,2
element_1023,649.7447897,0.347648255,26.16226539,180.0233925,1992.2,2.49890654,19.9481317,48.47495015,7.914794062,21.8214283,43.96607208,33.77142715,2
element_1024,46.80349297,0.11814322,22.09218583,10.88562271,484.4,3.896822591,23.20938523,23.78041662,29.59526021,6.923469543,77.09693909,13.47272682,2
element_1025,678.4397705,0.300343656,19.50113448,132.0323947,979.5,2.689774866,17.88149279,3.958776034,33.82543121,18.375,37.125,44.5,2
element_1026,310.9609423,0.148899231,22.93379666,0.772370487,426.7,3.543399993,20.79099849,23.97274984,26.4291396,19.375,36,43.7142868,2
element_1027,1850.043288,1.924156667,19.4170946,856.4113248,151.9,1.692829408,8.31535838,39.05267729,8.194016388,20.4375,41.203125,24.9375,8
element_1028,481.063618,1.478195175,18.6268803,295.3197513,91133.5,2.326258755,25.79642986,34.9882782,32.67463189,22.86964035,39.53423309,27.35650826,2
element_1029,1123.406552,3.459488697,12.5850175,553.7717708,74073.4,1.898676627,23.0075708,34.83956399,37.39451179,26.32578468,32.47708511,33.2786293,6
element_1030,675.7011917,2.97601449,14.13521466,661.9678301,135473.7,1.769754902,21.31499981,28.72568925,38.47214788,21.46097183,32.72075653,32.75156021,5
element_1031,157.1193203,0.962634446,14.36165418,810.4196628,3161.1,1.440935033,20.39439743,29.71322912,41.03682181,30.3214283,29.95371628,26.68104744,5
element_1032,971.6640256,2.032271723,11.41632853,547.2373351,62833.9,1.815621558,22.54752446,31.3481776,39.69534616,24.40763664,33.65897369,37.40679169,6
element_1033,807.0627158,3.304855257,11.05461514,647.9576903,29837.1,1.434828094,22.21541854,32.85248624,41.30077087,22.57679939,35.02204514,36.07437134,5
element_1034,1167.974986,2.215754726,10.37580854,514.4400604,80780,1.637629022,21.9733561,34.89239024,39.90464742,24.94010925,33.98028946,35.69047546,6
element_1035,447.8924675,2.159716084,13.2125856,668.5971845,2945.6,2.422801124,21.49303402,36.20918941,41.22632938,20.76778793,32.99279022,33.84075928,5
element_1036,1212.259236,3.347464388,10.26056847,582.8766927,36321.9,1.520673807,21.22717332,36.71847417,40.31899268,23.3351841,35.74715424,35.38220215,6
element_1037,1204.838725,4.845763977,10.38321894,784.3058555,24038.1,1.690724074,23.9164151,39.06670722,40.78739938,21.17603493,38.70560074,30.72177124,6
element_1038,1839.176722,5.713090309,8.042597612,814.3679887,22011.6,1.393285226,23.29292516,41.47868755,40.73764154,19.83781815,38.78019333,30.31596565,6
element_1039,1103.105966,5.359548195,8.327729702,1296.673565,30076.7,2.087948543,32.38803411,42.27254062,42.60844239,21.40703964,42.10556793,26.79742813,6
element_1040,435.4897476,3.205282774,11.81779727,987.5246519,9747.6,1.779226659,23.79862074,38.75793544,44.30937853,22.84527206,35.31018066,32.78013229,5
element_1041,687.948185,2.107838514,10.5016491,912.8575751,52440.8,2.675283562,24.97392207,40.47462272,44.45416126,26.15407372,33.22763062,34.96274567,5
element_1042,15.03954761,0.034336354,12.19355334,641.0215421,11633.1,5.301033885,21.93968347,38.51626146,45.4997924,28.50440025,21.34218597,41.1747551,5
element_1043,48.45608805,0.151188582,11.80214566,608.5660758,13494.1,3.518283248,23.63232786,39.45386538,45.90214993,37.4430542,11.77584553,44.17922592,5
element_1044,18.20698641,0.061508648,11.72869621,555.2060449,1706.5,4.030135338,16.00862509,38.18169679,46.5316922,31.57692337,9.825854301,34.54380417,5
element_1045,62.3197621,0.204568761,11.53898007,591.2943258,9190.6,3.168943933,22.11699322,40.01772424,46.32842484,40.49830246,9.819290161,43.60123444,5
element_1046,39.58567685,0.162816905,11.3064774,576.1382635,2333.9,3.472677202,19.59683896,39.09859204,46.81993159,36.04196167,12.11351585,38.97217178,5
element_1047,67.92053888,0.221076784,11.06491258,578.3141824,4993.8,3.090672867,21.82397239,40.16167194,46.81951446,40.3757019,10.57997227,43.01688385,5
element_1048,2.701771468,0.069926812,10.85299161,567.3589744,16.2,0,0,39.29274458,47.07404406,14.375,59.25,20.5,5
element_1049,84.27078849,0.4544816,10.42018158,557.9080158,437307.8,2.503207829,21.05367349,39.89649279,47.526398,29.40090752,23.90464783,39.839077,5
element_1050,125.3524368,0.384774779,10.87876787,473.7091069,50350.4,2.712144605,21.55048205,42.25854486,45.97224275,29.9817524,25.74397659,39.51654816,5
element_1051,93.79204609,0.253374878,10.49148371,452.796086,379756.5,3.071562018,20.75964718,42.94758738,47.09873503,29.00287819,27.64403725,38.2936821,5
element_1052,107.0610697,0.355714363,8.857392776,429.7622453,259243,2.732184565,20.14599919,43.22340297,48.75373293,26.67221642,29.59949684,37.77720261,5
element_1053,147.6291555,0.486262703,8.46779926,532.8070077,98720.5,2.220020111,19.98732688,38.64654083,49.3711039,25.96517372,21.89829254,46.89039993,5
element_1054,177.1474032,0.359613163,7.24473024,456.9252101,34914.3,2.7071301,20.0977036,44.40610015,51.03088147,25.77948952,25.2615242,42.83008957,5
element_1055,107.4004527,0.733080325,8.402706648,447.3005291,168577.1,1.421665394,19.01038379,42.4988975,49.5886791,26.31770897,38.08854294,29.86458397,5
element_1056,150.0736567,0.516641797,7.94431547,512.7599609,107149,2.131444929,19.06574943,41.00228678,50.03084873,26.4375782,24.74511528,43.25473022,5
element_1057,159.3458827,0.271699921,6.943923932,502.8415789,61053.3,3.007323319,20.17562325,42.82887849,51.64099409,27.43726158,23.46074104,44.09000015,5
element_1058,157.5031832,0.520991726,7.839030584,534.2419265,5706.7,2.23944508,19.1379622,39.37927117,50.33089203,27.06145859,20.38437462,47.4006958,5
element_1059,149.0476011,0.433048267,7.689603879,522.2704173,84413.5,2.437988879,20.33206808,40.36058283,50.57414768,22.12238312,28.35950089,44.1924324,5
element_1060,145.2776482,0.217357897,7.148405405,521.6688321,8818.3,3.303409557,19.78284906,40.56541245,51.53056336,23.18879128,28.18249321,43.4223175,5
element_1061,154.0550634,0.434086425,7.410317886,546.6122256,72119.2,2.443529962,20.26129918,39.09108041,51.01424411,25.48929787,24.69426346,44.67657471,5
element_1062,175.6249942,0.394325698,6.828879613,569.6485107,37907.7,2.522891936,20.32784859,38.81201246,52.01244702,30.35768318,25.30749512,40.25013351,5
element_1063,148.5114366,0.159515471,6.573038847,551.023283,21286.3,3.544926137,20.05526101,40.07915508,52.5884879,26.84816933,27.72840691,41.05981064,5
element_1064,203.884667,0.293867045,6.090085042,571.7817532,13011.9,2.83845262,19.67949431,38.57370163,53.31038642,35.36804199,17.73345757,43.36580276,5
element_1065,207.1587881,0.30945485,6.612777832,585.9700089,17138.9,2.846152904,19.94232346,37.63346908,52.27743866,34.24806213,18.28262138,43.50509644,5
element_1066,94.80908138,0.457504605,10.89678882,525.0654268,75451.4,3.142539693,20.04777224,35.51820297,46.43494103,27.44169998,19.48467255,41.27051163,5
element_1067,87.84687675,0.25668199,10.1740455,475.5984212,509823.5,3.280257253,21.5148221,33.8867191,47.66353389,27.365345,19.37790298,46.34345245,5
element_1068,118.0707338,0.2529496,9.304512317,526.6669601,441579.8,3.163469719,21.70542464,35.19023372,49.08371229,21.95224953,24.54963684,48.46457291,5
element_1069,138.3419047,0.316660567,9.77509715,515.115209,22733.9,2.818096704,22.06575391,36.39793724,48.20183357,23.07174683,18.23794556,52.78030014,5
element_1070,120.725445,0.413395776,9.105174126,506.094302,414096.7,2.461473552,20.75371848,33.6983657,48.84117236,23.4966526,18.6328125,52.87574387,5
element_1071,146.2930248,0.297231037,8.594454863,560.2308586,14511.5,2.897673781,20.49758542,35.10035714,50.02304979,22.94638443,23.70220566,48.37955856,5
element_1072,133.840452,0.340572166,9.03543553,522.6506531,388881.7,2.988670387,20.91838913,32.45460568,49.10356336,21.38868332,20.9975338,46.07784653,5
element_1073,153.7428043,0.289852411,8.326695895,568.9455126,22782.3,2.941875374,20.55628212,34.58229888,50.39520849,23.6440506,23.20999908,48.22157288,5
element_1074,154.9226923,0.22460633,8.766067725,565.3607371,362518.2,3.3980996,20.93237199,30.87764722,49.84181646,20.40363693,27.29652214,46.67979813,5
element_1075,135.1252595,0.192000701,8.513398415,561.6378829,19218.2,3.421126409,20.74579614,32.88321061,50.43613424,21.66423988,24.56112099,47.41280746,5
element_1076,189.0818737,0.167598865,8.524318781,596.3325429,245633.6,3.462784619,20.94813719,29.28607782,50.42844436,18.28250694,32.58687973,45.69823837,5
element_1077,176.4358759,0.206954277,6.884718712,627.7505549,88491.4,3.33799624,20.22372176,33.83467703,52.20896359,18.70171165,33.92248535,44.04423141,5
element_1078,111.3525977,0.047688129,8.404131633,595.1670343,119911.4,4.929843685,21.5634849,30.25870497,51.47284955,13.71063995,45.57352829,37.17517471,5
element_1079,124.9331472,0.085000031,8.245425114,596.7501087,105812.5,4.383484082,22.18895256,30.52195208,51.72252615,13.3452692,46.10525131,37.39952087,5
element_1080,135.9393575,0.104067049,8.069515656,639.1453835,110566.9,4.139100267,20.6532493,29.30949775,51.88225825,11.50422764,51.04074478,34.55182266,5
element_1081,169.0777683,0.142183586,8.371798393,622.0945303,8128.9,3.607509898,20.59997634,28.92544222,51.11103879,15.17786503,39.68260574,42.64315796,5
element_1082,129.7175837,0.076617721,7.886864943,624.4731819,59389.9,4.236889172,21.54929721,30.3660671,52.28931213,10.55831432,53.9084816,32.54157257,5
element_1083,172.6294903,0.142458752,6.816504937,644.8966838,42199.1,3.579819323,20.26100134,31.78921141,53.40667915,12.85195065,42.50685883,42.02464676,5
element_1084,155.453233,0.082643648,8.08658112,633.2203575,89606.3,4.41285356,20.81226587,27.60782622,52.03790269,12.47195339,50.56164169,33.93894196,5
element_1085,153.5672394,0.084008746,7.634896608,649.6685676,9516.2,4.210157279,20.18991966,28.29068251,52.92316705,11.06232548,52.65081406,33.40225601,5
element_1086,173.3278443,0.13641752,7.210724977,664.6750903,24894.7,3.681787101,20.20354623,28.72163163,53.80029494,11.92985725,47.72130966,37.54385757,5
element_1087,196.6734724,0.173663096,6.298058473,668.4784239,31851.5,3.341766948,20.19648793,31.59789309,54.48715682,12.57521534,42.22894669,42.52627182,5
element_1088,144.9658595,0.060985816,8.385110696,617.5888872,27064.5,4.58164218,19.18103754,26.78443367,51.71222076,15.11017799,48.13586807,33.08109283,5
element_1089,173.473958,0.115119046,8.226190506,614.6429653,39420.8,4.260025769,20.45000848,25.4896809,51.56008248,16.19099426,43.61392212,37.05324936,5
element_1090,234.0767873,0.255572606,8.325745962,614.9029775,11992.1,3.08391861,21.34374104,26.31758793,50.47025603,18.63516617,34.43782425,43.60118103,5
element_1091,232.1921916,0.145474555,8.307903302,623.2617227,13675.2,3.642213561,21.21586525,27.2714698,50.41974563,18.16711807,33.94215775,44.75033951,5
element_1092,35.64747021,0.114512573,10.29298211,417.3417582,1092.9,3.775025688,15.95609715,32.16390319,46.74874874,31.09451294,20.27134132,36.37347412,5
element_1093,193.6868332,0.341041113,9.572152101,530.7412984,63568.9,2.649410321,20.76130901,30.29595028,48.51837752,25.83160019,20.38539124,48.6739769,5
element_1094,53.24615762,0.174497997,10.54221999,433.086714,2856.5,3.430455046,19.15675119,31.52578336,46.91393429,31.64999962,18.82132339,39.63235474,5
element_1095,104.7562897,0.49080329,10.34207266,479.714685,5381,2.249118223,21.20176658,30.59863003,47.33394453,24.60380745,19.05692101,50.71108246,5
element_1096,90.17850557,0.473039507,10.60380784,477.7348772,7214.1,2.310276453,20.67719418,30.38416196,46.92987711,26.96719551,16.88725853,47.52555084,5
element_1097,290.0774252,0.685310046,8.981838336,639.4569755,73158.7,2.319067773,21.60420343,26.64905468,48.50436089,24.83895874,27.33361435,44.39482117,5
element_1098,51.57464081,0.220667607,11.16178608,458.168902,3048.3,3.213094254,23.37516571,29.96816335,46.05792594,33.66289139,9.492918015,36.57188416,5
element_1099,111.1067276,0.580234573,11.05659463,496.3396771,5387.6,2.2287912,21.54145627,29.26734015,46.3237706,37.91321564,12.4115181,42.89014053,5
element_1100,24.66861373,0.10917962,11.59959527,403.0907006,1240.3,4.443312414,20.81132964,29.49120231,45.6207666,27.04381943,17.98662376,31.86704063,5
element_1101,216.8089136,0.805027284,9.345137731,570.0844597,786750,2.280410862,22.27848439,27.34617962,47.10217733,26.43157768,27.16358185,42.90286636,5
element_1102,495.3041319,1.537607653,8.789224784,573.1367391,45856.7,2.345403671,22.09861594,26.6089745,46.5762467,24.65311813,30.888237,42.15542221,5
element_1103,49.22326568,0.278702284,11.84971694,471.4598556,701229.5,4.042674601,21.75111135,27.7736908,44.97557755,27.04925728,22.69024467,48.72803497,5
element_1104,272.1848725,0.863466034,11.31064364,526.2428259,12622.2,3.462355414,24.89719636,26.53679883,44.86661098,28.50390434,23.12709808,46.97637558,5
element_1105,133.3006613,0.377991549,12.09843183,516.594224,683875.3,2.964004929,23.54097022,27.49060755,44.0382634,30.28295326,16.85069847,49.93074799,5
element_1106,243.4147807,0.940827531,11.60910565,579.2044935,655934.5,2.42619639,22.85525757,25.50333263,43.60957243,32.17422867,22.1538868,43.91281509,5
element_1107,380.0048642,1.079475976,10.60612216,585.7664637,12651.8,3.536179111,23.40960933,25.45862076,44.71156573,29.9734993,24.56496239,43.77738571,5
element_1108,397.2244988,1.649258168,10.73960671,667.7204966,605103.6,2.16862231,23.27523013,23.0106431,44.03928341,25.84605217,36.7947731,34.87009811,5
element_1109,624.6117007,1.919053672,9.731280914,608.0612784,24130.3,2.327706953,23.71825547,24.79674513,45.41136217,27.49838829,28.59518623,41.74125671,5
element_1110,253.5610138,0.934451469,11.48153576,690.393699,511671.7,3.57262815,22.08293542,21.40868714,45.27739563,22.35870552,36.37552261,38.51916885,5
element_1111,623.0142345,2.252824208,10.59620764,758.2748275,37809.9,1.805498995,22.1016464,21.25028655,43.35269074,23.1096077,44.31903458,29.85957909,5
element_1112,92.08607111,0.185073111,12.75707949,630.3956502,412149.8,3.660320443,22.54443195,20.30394244,45.05680591,20.40922546,40.16368866,36.81101227,5
element_1113,531.4720373,2.04275507,11.43308549,977.200575,95460.8,2.244341098,24.59107549,17.55056051,44.77716877,21.89076233,40.25819397,30.30749893,5
element_1114,103.3632112,0.199014952,12.20175802,618.2006393,257414,4.215472951,20.95700148,19.21680606,45.55065548,22.87393761,40.23905182,34.7693634,5
element_1115,114.3702255,0.163888823,11.81322597,622.0529435,154073.1,4.613747525,21.95179359,20.46544945,45.80455486,24.74131012,32.69542694,40.45284271,5
element_1116,232.1467841,0.809995473,11.07322793,648.2273385,211258.2,2.752834309,21.29888806,18.63682101,47.23204065,22.74770164,39.88376617,34.66152573,5
element_1117,759.0064214,3.062283548,9.726902204,1066.641787,40250.1,2.606377215,24.58430462,15.43724975,46.62532092,21.39941025,42.64780807,32.01125336,5
element_1118,94.79472459,0.039945392,11.94085466,553.6063821,108436.1,5.071115658,22.92798691,20.14411227,46.55928815,25.95204163,50.21530533,22.75829124,5
element_1119,569.7133025,1.754909291,9.808600291,653.6422678,30190.9,2.180476568,21.62756651,23.57493448,46.25539541,25.27817535,32.95428848,39.60735321,5
element_1120,217.9899713,0.664160107,10.98870877,609.3691814,27123.2,4.096237146,21.85695706,21.76414882,46.9780659,28.27131271,36.25444412,33.92737961,5
element_1121,154.8237287,0.435769245,11.4225568,546.6581966,75517,3.913417789,23.10214605,20.1302427,47.56332275,31.84114647,40.78313065,26.02792168,5
element_1122,97.47995776,0.062239101,10.71996914,573.0607265,49600.6,4.04140322,20.32542859,21.3510697,48.02943693,27.26893997,46.56060791,24.67992401,5
element_1123,415.4354124,1.704909876,8.92895064,690.7810292,12869.6,2.032720577,21.22243207,20.71599794,48.59247514,21.77198601,39.14764404,36.71815872,5
element_1124,486.9406941,1.692816893,9.15329328,783.296209,34810.3,2.914951068,22.34861754,23.4596358,47.64665195,22.91077614,37.68945313,37.48397446,5
element_1125,346.0681067,1.701350845,8.948307551,850.5208654,14310.6,2.615211452,20.93322633,22.22437658,48.74576986,20.13143921,39.40404129,38.55243683,5
element_1126,179.7554332,0.339987513,11.12317662,580.6872717,150792.4,3.217996899,22.48600607,17.94251694,47.58692387,23.85807228,38.88237762,34.69618225,5
element_1127,479.9503859,1.667189491,9.115504228,755.2096727,19484.4,2.924632236,22.72150878,18.47939949,48.76447942,20.20792389,34.87876129,42.30382156,5
element_1128,314.698498,0.880229099,10.20551657,740.8185614,17740,3.271945796,23.11434957,16.67426013,47.44245209,22.03416634,41.9738884,32.54546738,5
element_1129,138.6105376,0.20536278,11.04204784,606.126485,131624.9,4.551919232,22.72588654,17.33577575,47.98893559,22.37916756,32.38541794,42.50833511,5
element_1130,656.3574246,2.492322216,8.494994408,977.6442564,104350.7,1.947361265,26.09669028,14.82643507,48.07668388,20.7300148,41.25940704,34.45036697,5
element_1131,382.0495583,0.873786443,9.067355119,642.8200203,26558.8,2.112542212,21.58507742,16.71467169,49.17140692,20.82555389,37.48642731,38.57461929,5
element_1132,1247.366834,4.907755665,6.520960575,1152.659553,25920.8,1.773786347,27.44546969,12.11259917,47.54259071,17.89544868,46.02902985,31.33291435,6
element_1133,618.6011077,1.099554334,8.644880026,973.4552156,50388.9,2.344033279,24.57697336,11.24484838,48.52289984,22.60345078,40.11588669,33.18515396,5
element_1134,175.0494943,1.013082079,12.60404288,541.5983803,28146.4,2.201690128,20.60807573,27.86923337,43.31008542,30.10334015,24.34332466,39.56281281,5
element_1135,116.4641322,1.147687744,14.3462977,666.8483926,6072.4,1.511947513,17.15046894,27.56581252,40.86161951,25.35231781,27.17015457,28.10577774,5
element_1136,409.7583303,1.586349498,12.36924352,618.1040733,52512.1,2.237617605,23.28332647,25.84666883,41.8824767,29.22133636,36.94371033,27.76512718,5
element_1137,658.0634666,3.060451312,11.76286895,607.3585116,12458.2,1.86299948,20.64297423,24.63575867,41.31043209,24.3399868,42.61752701,27.36314583,5
element_1138,721.6685594,3.551073967,10.72321002,590.4863877,16801.7,2.022603266,22.17052346,23.20550224,41.70553962,22.74757957,46.45944977,27.21269226,5
element_1139,267.673903,2.338914491,14.34035646,498.0006933,7252.8,1.460255346,15.942443,23.36939748,40.53961163,20.8330574,32.29346085,25.63010025,5
element_1140,749.214194,3.307378321,11.19958455,615.5207402,24524,1.855728778,21.838799,21.82010138,41.60052136,19.47027016,48.43360519,27.28935051,5
element_1141,559.9201983,3.731116287,13.98930129,736.6172273,109443.9,1.84173163,21.42857447,21.64898488,39.29834068,20.5785141,36.3695488,25.28635788,5
element_1142,870.6846671,4.457429239,11.75702802,1098.490848,17534.9,1.736040654,29.93902356,20.13016646,42.13265024,22.59107208,41.70645905,27.15704918,5
element_1143,587.259921,3.07797557,11.8850138,1025.749124,47203,1.534421118,24.14612753,16.20569831,44.11276709,21.92395592,38.00179291,29.93969154,5
element_1144,644.9940694,3.856918299,10.95697894,1167.464193,13514.2,3.129870226,28.38435283,12.53656481,46.07515059,18.14856529,45.69278336,28.81592751,5
element_1145,642.411683,3.923047632,11.2463496,842.5121448,4811,3.170213617,25.05709162,11.64304524,45.75066464,18.79446411,50.25285721,28.67984772,5
element_1146,-1.107742943,0.014836859,14.05448755,712.6175214,45.6,0,0,12.28329677,45.2027133,6.025000095,14.67500019,9.300000191,5
element_1147,1274.127561,6.388586043,8.37405096,802.3540933,14459.7,2.286673068,23.14363665,11.33237234,46.23528712,16.09889793,52.60305786,26.50930023,6
element_1148,-2.20086357,0.025764385,14.17122885,643.9316239,167.5,5.008357257,14.5237718,12.35026752,45.03126318,12.359375,30.1015625,25.5703125,5
element_1149,761.1610469,3.832627426,9.802101233,917.817319,73289.8,2.92502526,28.86319359,9.110931574,45.28899854,18.18004227,48.04596329,28.46874809,5
element_1150,-0.606695261,0.022363297,14.25683816,610.396769,1561.8,5.12146576,17.31998489,12.02609766,44.82802521,16.62792015,36.68983459,34.68056488,5
element_1151,242.1333442,1.264196191,13.31747896,804.8449182,5615.1,3.641636318,22.97268213,11.48070031,44.42663065,21.86972809,42.68622589,32.260952,5
element_1152,398.4138428,2.009260366,14.06404006,791.1450345,53210.1,1.998433453,22.40175126,14.88415169,41.95478038,22.02705956,35.58408356,29.93047714,5
element_1153,444.8160028,2.872865537,15.15048651,762.9888348,86469.6,1.769629521,23.86832649,13.20783537,41.80926209,20.59858513,34.43498993,30.29623985,5
element_1154,564.0227287,3.155587116,12.89801243,768.401959,12884.2,1.68477398,23.28524527,6.343024924,43.61085864,22.41924286,34.45549011,33.95898819,5
element_1155,781.9478946,3.205203066,10.03499767,948.1665149,96637,1.925365946,25.57631171,5.725779552,45.72037627,22.24090576,40.20835114,32.42550278,5
element_1156,414.8367266,2.113860431,13.36692282,752.025579,35262.1,1.907028212,23.86022177,2.622316192,42.58335475,23.07873726,36.91716385,32.40546036,5
element_1157,780.446569,2.179338132,12.24770248,622.8715039,85458.8,1.682008557,23.71073419,-0.878488454,41.93315032,25.57473183,37.99595261,32.26092529,5
element_1158,770.8026537,2.018127324,13.84215304,455.6789903,15820.8,1.73994185,22.49280967,-0.596383091,40.10331571,24.63165474,37.08658218,30.85898972,5
element_1159,817.9077839,1.170934877,13.86325364,428.0784005,21899.9,1.985415283,23.06273128,-1.571474661,39.38790173,25.80618477,38.13684082,31.94466591,5
element_1160,395.718841,2.77869162,17.19044397,355.2403757,3693.9,1.493540808,19.44121814,-0.317718563,38.6602235,21.73316193,31.84417725,30.13128853,5
element_1161,688.4744486,1.930020421,15.4391354,378.227529,17467,1.69789921,22.38495182,-1.618728326,38.23763405,24.19872093,37.83353043,31.81899834,5
element_1162,577.6093998,3.267175762,16.38569732,487.1574159,21476.5,1.553881487,21.00451803,-3.255755685,37.02339134,26.42997932,36.19198608,29.74521446,5
element_1163,207.3337376,1.304230111,17.91908166,663.3645082,5869.8,2.006056878,20.1062417,-5.768937372,36.599738,32.74297714,28.83567429,26.97549248,5
element_1164,566.6411805,1.630008214,16.16410387,518.937958,57025.9,1.978879585,22.79738416,-4.441966408,37.74091359,26.18110466,40.47142029,29.4564724,5
element_1165,181.5158524,0.827478777,18.06888419,525.0520665,5061.3,1.666858172,21.07766103,-6.842083231,37.50211524,16.72552299,54.16563797,22.73571396,5
element_1166,506.2448187,0.783625826,16.02476631,527.1451833,66926.8,2.280371452,23.02492005,-5.321310151,38.79579913,23.3028965,45.15480804,28.48168564,5
element_1167,148.8525509,0.598127849,17.42962803,627.5906488,22751.7,2.174921449,21.50170731,-8.274755109,38.27332497,18.03125,55.83111954,19.11619759,5
element_1168,649.7819856,1.444328898,14.42933733,645.9158263,71139.2,1.765504354,21.98015376,-5.159394515,40.08473056,21.42391586,48.09786606,27.02367783,5
element_1169,268.4827931,1.412158717,16.256824,947.6461885,14857.3,1.781441709,25.56751226,-8.444041848,40.14418586,14.70064926,62.81700134,16.83817863,5
element_1170,880.2550741,1.237497239,12.35162662,832.0277778,97239.7,2.116866388,23.63130082,-5.360010216,41.62252123,21.81464767,47.023983,28.31801033,5
element_1171,532.6942902,2.745465468,12.32985294,908.840123,60291.6,1.43447003,28.30198654,-6.65949996,42.8422758,21.14993286,45.2129364,28.16036224,5
element_1172,27.12485693,0.424474816,13.30747905,1220.433333,13.6,0,0,-1.541693276,43.49293048,18.25,41.75,30.75,5
element_1173,406.7516169,1.861934414,12.83727338,1129.652501,16838.8,2.411447406,29.12577275,-0.504303896,43.42915522,19.65430641,42.66036987,33.35865402,5
element_1174,39.78709892,0.139901027,14.13196598,976.2036253,8097.4,3.466704819,24.43855279,-0.98143423,44.52032289,9.12684536,62.99507904,18.66597748,5
element_1175,473.6521532,1.41895881,12.28096223,891.0593156,56056.4,2.036363631,24.21817822,1.539336968,43.96640532,21.86320496,40.81927872,32.65273285,5
element_1176,3.485357835,0.052407779,13.77264981,890.0807692,12.5,0,0,-0.569922573,45.02165102,15.4375,47.875,24.25,5
element_1177,356.7835536,0.862708626,11.95856439,881.3122846,23784,1.961887073,26.64236629,1.273911525,45.16962651,21.35963821,44.5583725,31.06715584,5
element_1178,22.6243389,0.194859411,13.62964703,850.443519,2220.2,3.187682191,19.80246617,-0.838436493,45.5536857,21.4217968,39.72765732,22.79465485,5
element_1179,98.96356386,0.352682308,12.95299757,852.9100218,9773.5,2.758639695,26.41920527,-0.080801864,45.79735279,27.05553436,35.72635269,32.27561569,5
element_1180,49.14100208,0.249899341,12.92499371,787.1950254,9257.5,3.188678083,24.43251661,-1.129690901,46.5381642,22.82133675,34.40732574,31.11504364,5
element_1181,72.36024543,0.283124852,12.65199121,776.9876204,116722.9,2.887914384,24.62992273,-1.128980474,47.16285737,20.41913223,41.43355942,34.3981781,5
element_1182,94.98345617,0.302494911,12.36863449,734.6738006,86269.2,2.884383437,21.54832698,-0.180037395,47.0807516,23.57814789,39.01314926,34.49754333,5
element_1183,127.3552652,0.346732419,11.75557479,704.7716874,22240.5,2.767467132,21.93702638,0.212303148,48.07300931,23.01327133,32.5546875,41.81095123,5
element_1184,147.7824606,0.32236905,12.15198492,706.5599431,59951.4,2.80140088,20.60406166,1.210794558,46.9977711,22.99615479,42.03057861,32.41741562,5
element_1185,255.0568616,0.52651932,11.89852079,801.4679803,21027.9,2.38336331,22.33245274,1.091839207,46.34823538,22.18869019,43.21111298,32.33078766,5
element_1186,229.8319816,0.424523936,11.7405284,743.4572776,13664.2,2.565696673,21.89428913,2.224820469,46.88288741,21.45049095,44.11404037,32.18455124,5
element_1187,142.4889506,0.258724957,12.02607734,688.5848383,42572.4,3.037891069,21.37179201,2.048837988,47.5557368,23.53900719,39.23508835,34.86758804,5
element_1188,501.7670015,1.050274887,10.54933421,791.1989183,18223.1,2.128254091,22.75999325,3.981871974,46.20368074,20.57853699,46.4296875,30.31988335,5
element_1189,654.4639525,1.395045413,10.12247504,776.0444104,14308.6,1.96516811,24.22769987,3.272116019,45.72753946,19.52187538,46.23469925,31.78222084,5
element_1190,99.50936317,0.464553643,11.92121755,832.7651331,48373.1,2.264554419,25.37399846,-1.9646233,48.44807444,20.7604847,31.88427734,37.0933342,5
element_1191,172.5021143,0.464930876,11.37769662,723.919013,73249.2,2.444827915,21.47543602,3.331332098,48.66074331,24.63837242,33.02004242,38.52070618,5
element_1192,124.7213834,0.377933432,10.94946382,763.5246903,76120.6,3.06751679,22.92619697,4.121146523,50.48980651,22.30782509,33.81364822,38.6107254,5
element_1193,182.2178077,0.606808699,10.23873605,869.8167859,163008.5,2.75099781,22.20266229,7.104098499,51.29311418,16.05211449,45.82481384,34.91491699,5
element_1194,340.3093802,0.810080978,10.07034541,874.8693108,28101.4,1.93455759,22.6749321,6.568291214,49.23292241,25.55904579,37.28916931,34.49353409,5
element_1195,319.1391919,1.053723656,9.939872179,814.7414733,109585.3,1.551659364,20.73907702,8.068932848,50.21195273,19.50931931,41.47204208,35.83269882,5
element_1196,343.9926309,0.809269611,9.387892442,809.5740097,27405.1,1.934119347,21.03165551,10.21958198,49.91304039,24.81450844,39.61774063,31.61662865,5
element_1197,168.4889384,0.598756041,10.67629019,680.1588068,70590.9,3.470916771,23.92018837,8.39619153,49.66446787,19.56920242,40.63261032,35.60229111,5
element_1198,372.8064647,1.333229435,9.871317839,996.3293269,53864.9,3.07275842,25.84992775,7.808635966,48.38158367,23.43130493,40.40415573,32.61090851,5
element_1199,430.0296803,0.911911179,9.527253506,887.9432372,13946.2,1.791121024,22.59495252,9.238941522,48.88914597,29.07644653,32.26213837,34.70562744,5
element_1200,1059.881995,4.56570496,7.424431984,1258.917954,17568.6,1.414841652,29.59197655,7.845593609,46.91587364,19.54699326,45.1164856,27.51415253,6
element_1201,1098.683923,4.09107522,6.864216792,1278.706062,15847.8,1.638769942,30.27108038,9.326830643,47.30332606,17.37806511,50.5583725,24.99316025,6
element_1202,104.9507276,0.378533447,9.887423271,814.5971756,90031.6,3.772355944,21.38505697,8.283470314,52.35956967,15.25700092,48.93951797,29.47200012,5
element_1203,46.91681632,0.182924314,9.640863088,644.4443958,138382.3,3.501029775,20.58734428,11.23343661,53.19726905,10.78515148,67.24732208,19.34817314,5
element_1204,71.81805,0.179202844,9.8012838,593.0188229,22892.7,3.524454261,20.5302742,13.37196242,52.348621,12.89885044,60.20042038,24.19321823,5
element_1205,68.75226703,0.174954311,9.797293455,568.0197312,97924.4,3.618738466,21.16163536,11.77692175,52.26801426,13.05072498,56.76334,27.50149345,5
element_1206,312.0225651,0.804410714,9.119371047,668.2074888,70137.5,2.462511666,21.29663188,13.29986286,50.96438237,17.27879906,46.99323654,32.63350296,5
element_1207,288.2682983,0.751270449,8.969858928,706.2232829,23580.2,2.063259378,21.07931588,11.51647629,51.1651467,20.67200089,38.40774918,37.78591537,5
element_1208,381.0797182,0.866027969,8.449918515,583.6724636,13700.3,2.097128639,21.81483527,15.59104373,50.22998437,21.31191444,43.40921021,31.75775337,5
element_1209,287.4997436,0.588004296,9.282008575,555.3884615,28095.3,2.191035511,25.05278264,14.2912238,50.16889359,24.08977318,35.13181686,37.73405457,5
element_1210,485.233814,0.935647259,8.291139872,734.1725688,8870.7,1.620309398,20.83199409,13.35699261,49.77168972,19.55659485,43.60202026,34.01810074,5
element_1211,552.9834157,0.909448273,8.344320444,741.8883978,17717.4,1.878343934,20.82607115,14.53739046,49.27794954,18.8969841,45.48926163,32.6984024,5
element_1212,12.42082402,0.080782922,9.636057768,802.9883413,917.5,4.137027686,21.27017912,9.746251813,53.71138821,13.16071415,57.3883934,23.6540184,5
element_1213,28.74759323,0.203663692,8.847603394,756.1101142,76316.8,3.21090668,19.0391629,10.62331236,55.16793917,11.06229973,53.21838379,19.92240524,5
element_1214,20.62825991,0.185362102,9.823006031,544.9472705,425,3.528990139,17.86464735,14.42871789,53.5607167,10.60648155,59.74305725,17.34722137,5
element_1215,51.40271944,0.237709793,9.714829359,562.1717824,118791.1,3.168267484,20.74018558,14.60292779,53.04140995,15.12132835,59.3400383,22.84663582,5
element_1216,55.99559156,0.30019357,9.867936526,546.5865954,55537.7,3.171168495,20.99453521,15.02434358,52.60132695,13.61838245,64.43933868,20.02057648,5
element_1217,232.3579776,0.544740551,9.053045627,599.3329526,52609.2,2.988801631,21.01695628,16.7513207,51.0018216,17.0484333,53.57106018,26.1564045,5
element_1218,103.7194147,0.1765206,8.975866269,576.0030762,17158.6,3.376035557,21.23030114,16.88437797,53.13254259,14.34293461,62.18128586,20.6971035,5
element_1219,32.24820784,0.121661415,9.910755243,542.5378205,36199.2,3.626405864,21.91303338,15.44197804,52.65879249,14.90277767,59.27777863,22.9375,5
element_1220,87.5282913,0.140938876,9.528429741,537.5105316,30394.4,3.504339369,20.08010445,16.94567499,52.51343524,15.04284286,62.014328,20.29084396,5
element_1221,84.97708772,0.163600096,9.654990123,538.7945845,5666.4,3.499103696,20.88435827,16.2834206,52.18092862,15.78886318,60.40840912,21.32329178,5
element_1222,153.9968662,0.190527533,9.330154969,552.8032952,4837,3.335187054,21.10624433,18.16363018,51.54166302,13.34743595,64.85031891,19.27948761,5
element_1223,172.2197841,0.194102147,9.224661326,562.4794863,16269.4,3.415397126,20.33749434,18.80494714,51.58071385,13.7410717,63.88365936,19.6741066,5
element_1224,77.10535761,0.306057249,8.694971402,636.4043159,19259.2,2.82030903,20.39085057,16.69092097,54.16146949,14.92292309,54.87796021,20.45878029,5
element_1225,105.523949,0.192789327,8.535553137,578.825516,192632.1,3.229642259,20.54208688,18.75385753,53.32838508,17.14318466,56.72206879,22.96939659,5
element_1226,126.4941147,0.165868043,8.900748094,528.1229251,7147.4,3.599532879,21.50906147,20.03931483,52.06252733,16.4589119,56.53616714,23.58680534,5
element_1227,95.62076044,0.276068248,8.941107823,500.4860454,159843.5,2.489572514,20.40682092,20.42095977,52.42071048,20.11538506,44.81730652,31.55769157,5
element_1228,286.681062,0.587618833,8.472202619,661.5637558,84670.6,2.830316054,21.09992995,21.29774427,50.56376199,17.03853416,51.00872421,28.47605896,5
element_1229,104.5639919,0.117129675,8.959455282,494.7728632,74714.1,4.181376457,30.29006068,20.59491742,52.47893323,19.9375,45,31.25,5
element_1230,108.9223362,0.114438387,8.71190845,484.1814487,68693.8,4.01330384,23.86602991,21.27967825,52.35794496,14.94290829,59.57211685,22.01262093,5
element_1231,135.0344628,0.160389952,8.297406025,543.5180575,5918.5,3.592394727,20.20746631,20.2884116,52.95271632,16.94527054,58.07423782,22.48726463,5
element_1232,175.143601,0.155918145,8.404284208,587.78999,38675.7,3.756878002,20.85927483,23.50887348,51.6347793,16.68370628,48.85812759,31.33948708,5
element_1233,136.8738582,0.162521941,7.763627407,560.4884618,28644.8,3.536334049,20.02698767,22.26286923,53.33128183,15.30235672,56.57258224,25.13971138,5
element_1234,74.13353226,0.220337107,7.986834905,661.6308704,26005.9,3.197625864,19.46119946,20.88792388,54.34910037,17.21087074,47.6190834,27.39755249,5
element_1235,140.0873825,0.205506079,7.329815608,639.8505809,92523.9,3.28934624,20.59330001,24.92537288,54.4076456,14.37461376,49.24946594,33.6136055,5
element_1236,62.88755221,0.12791697,7.10399201,689.3671911,43642.5,3.817836992,22.00568219,22.9675942,56.44575608,17.78717232,49.00126648,27.99772453,5
element_1237,159.5046833,0.153724989,6.131903459,687.892765,85615,3.497004403,19.95662894,29.02387085,55.86894614,14.59967422,43.51544952,39.03284073,5
element_1238,2.192138911,0.0689895,6.998077295,654.9683761,29.8,2.672212601,0,24.12849825,57.08297518,3.625,67.8888855,5.972222328,5
element_1239,110.8055836,0.231665878,6.297050342,706.8409355,9160.9,3.132579786,21.05068045,25.90729135,57.38584063,16.15736961,55.57129288,24.54349136,5
element_1240,52.06370268,0.112488321,6.369768986,701.7696195,5852.6,3.800347058,20.1347411,24.95419835,57.72805189,14.31163883,56.22489166,24.21849442,5
element_1241,50.47860058,0.098509645,6.219675076,714.9776836,6886.7,4.208443087,21.34810662,25.23055661,58.54725118,13.97292805,51.86581802,31.28837013,5
element_1242,41.75757908,0.101838091,6.017520813,673.1812632,15244.5,3.96282945,17.81856701,25.03546023,59.09985437,10.92028904,49.41091919,25.39964676,5
element_1243,84.36713702,0.148337484,5.880170602,690.685482,56229.3,3.614107857,20.05595239,27.99342441,57.87822877,14.71165752,44.7771225,36.22059631,12
element_1244,13.06275969,0.185520918,5.496138438,668.0856227,193.5,2.430781106,7.347549191,28.08330785,59.72835681,4.19382,40.27668381,13.56360912,12
element_1245,68.82599842,0.112681837,5.510537851,697.5137232,13363.6,3.789707549,19.4951407,29.70390864,59.07430292,15.20249653,39.73365021,41.80049133,12
element_1246,66.88651546,0.345797788,5.372416307,711.6064999,1645.8,2.451577512,16.90016488,28.8704928,59.67814132,12.31935978,41.09527588,30.12905884,12
element_1247,53.66818493,0.282343638,5.432258215,695.6688448,1661.3,2.767852445,16.73896017,29.66686163,59.82260936,11.9751873,36.38529968,28.89552879,12
element_1248,42.35489168,0.104894891,5.364516472,679.2120501,285331.2,3.989359105,19.45067995,30.88709059,59.78565232,13.51336193,42.84048462,34.55142212,12
element_1249,31.58459543,0.053007626,4.120344828,668.8379086,181433.9,4.011547948,14.75955907,31.77590326,61.0215751,5.32865715,62.17780685,18.6079216,12
element_1250,110.1306234,0.22963405,3.599648444,657.8575703,94629.6,3.076656491,18.47577024,29.23885622,62.33532346,7.556235313,64.64775848,15.4509449,12
element_1251,106.9674024,0.220860282,3.401033293,674.7873204,84914,3.167966157,19.15923685,34.47201441,61.583478,9.394016266,53.73935699,28.45763588,12
element_1252,57.06178175,0.100735458,4.783404928,707.353088,88736.9,4.013953916,19.59819645,32.5218534,59.44683422,11.8050909,47.27166367,35.56898499,12
element_1253,68.7316293,0.114228507,5.627569339,693.1577897,11910.1,3.932478152,20.28866435,30.19805521,57.9742716,13.58234596,39.37342072,42.77165604,12
element_1254,17,0.114228507,4.1,576,55249.2,3.932478152,97.51817648,31.2867338,58.42534969,0,0,0,12
element_1255,115.9051332,0.165868317,5.395864224,700.0425813,32017.6,3.72323287,20.57867983,31.28853062,57.17546166,13.19569206,39.81666565,43.05887985,12
element_1256,154.2824085,0.192931076,4.821031632,692.7534403,23231.6,3.262402575,19.91427328,33.59166608,58.20382629,12.58773804,42.28845215,41.57907104,12
element_1257,44.03586357,0.17699588,5.108609248,672.1070547,9293.4,3.284022408,16.0419236,28.3838524,60.64191922,6.193533897,59.12614441,18.23968124,12
element_1258,123.8434558,0.279856248,3.929946854,640.4879039,26798.3,2.891046023,18.20825506,25.90727797,62.35143826,9.244561195,68.20426941,14.16774178,12
element_1259,49.31636566,0.176708363,5.168658073,645.6562469,28341.6,3.187223178,15.01766609,23.68454923,60.54336119,11.0570097,56.79033661,14.98043919,12
element_1260,117.4110896,0.251173625,4.350911266,636.1622329,24568.2,2.884932118,17.86883019,23.77557994,61.64819587,11.5894289,67.58927155,16.82121277,12
element_1261,60.55459704,0.160883727,4.425170779,605.3976083,8998.1,3.395900966,14.87513691,21.85179391,62.3037831,11.80860233,56.12850952,18.31351662,12
element_1262,86.03236584,0.194401624,4.092801583,592.8953988,4437,3.343107968,17.23155186,22.46043964,62.66538913,16.07016182,59.28935623,21.94626617,12
element_1263,18.82777667,0.129887948,4.116085911,533.6149482,864.9,3.390316644,9.778673495,22.30474819,63.2770867,11.94062519,51.96437454,18.28909302,12
element_1264,92.927868,0.153805441,3.731840837,578.6209349,4987.3,3.545550857,15.85080067,23.22576512,62.81946228,12.40601921,66.3085556,17.94634056,12
element_1265,95.41852586,0.150241117,3.305273427,579.4562816,10738.4,3.580417247,16.45504671,23.82961233,63.42388155,11.55984592,64.60886383,16.93413162,12
element_1266,105.4122795,0.166708564,2.82743507,586.6968027,4641.3,3.330516411,17.06167479,24.83039486,63.85754634,11.10649872,70.09655762,15.93640137,12
element_1267,84.42214419,0.141202361,2.729843486,586.945332,11497.5,3.611043399,16.79242242,25.52583132,64.35040855,11.53881454,65.43282318,16.29727936,12
element_1268,183.6433086,0.260109853,1.709271977,637.685089,25804.2,2.982408509,18.76022633,28.4666783,64.58834009,10.94268703,65.78466797,17.39161873,12
element_1269,164.376603,0.249887874,1.2748086,636.1372302,21435.1,3.134571309,17.61973183,27.09581871,65.59470838,11.84932995,62.40673828,17.88059807,12
element_1270,235.9568507,0.434026873,-0.246696438,579.6585879,53537.6,2.541751341,16.80034375,26.81383299,67.30955416,10.81620026,64.90745544,19.91139603,12
element_1271,39.88673071,0.148247435,1.5803206,621.7383349,295,3.742433075,19.69878093,24.37334393,65.98700947,16.25625038,54.3125,23.08142471,12
element_1272,11.21069441,0.09869339,1.833333349,619.7943948,141.9,4.06657429,13.85930284,24.29006405,65.84859474,17.69444466,34.61111069,27.75757599,12
element_1273,403.0719755,0.983447425,-0.804698352,583.5305471,40545.4,2.173908626,17.21637068,22.11077435,67.81640998,10.85448265,63.08515167,23.44088745,12
element_1274,70.91290253,0.35709304,1.507199904,597.8734989,2092.7,2.601662066,15.06844711,23.39798845,66.06253007,12.27586937,55.17630386,23.89112282,12
element_1275,409.7073477,1.090742959,-0.67628439,594.6624912,17095,2.009621231,19.10440123,21.14135487,67.16803977,11.52615356,57.78872299,27.70744896,12
element_1276,193.6317271,0.519126296,0.929194097,596.552525,6621.3,2.302234149,16.273945,21.6765096,66.27933293,11.27589607,54.62119293,26.00351143,12
element_1277,605.3434558,2.052477916,-1.123443252,633.9867332,24955.2,1.673699782,23.2291441,18.71010689,67.03975874,10.87790394,59.9502449,26.50477028,12
element_1278,375.9245501,0.989527911,0.009788534,618.56085,21160.1,1.889644901,18.18433471,19.54926951,65.85739434,11.7387104,56.54862595,27.54825783,12
element_1279,465.2530308,1.117482281,0.040850797,636.0881171,12531.3,2.082234976,18.97711387,18.36925669,65.68227087,12.09322166,56.78190231,28.4299984,12
element_1280,143.9569643,0.3833686,2.880868447,652.223414,5356.1,2.598955096,16.77187967,20.45025098,64.31544232,12.1671648,51.02871704,25.92903709,12
element_1281,525.1890317,1.428482506,0.510871713,686.6910033,27547.2,1.620015697,21.14310214,17.11166517,65.36836588,11.766819,57.46837616,28.19506836,12
element_1282,255.0472988,0.826395614,2.421447028,669.7348595,15556.3,1.657146229,17.14864326,18.44443665,63.77952166,11.69272709,53.73316956,27.76371574,12
element_1283,464.6902071,1.258662249,1.552255752,712.0173244,31436,1.567842262,20.97995731,15.84572802,64.33646005,11.66031742,57.29579544,28.03898811,12
element_1284,417.4346749,1.094338795,2.600007848,708.3892188,72159.3,1.670808742,19.09039245,14.96927776,62.58386799,11.24111938,57.94440842,26.27500725,12
element_1285,400.5551548,0.918237295,3.232075791,719.5039471,28435.4,1.811134776,17.40380874,14.35011606,61.06671847,10.94797516,60.81427765,24.00577927,12
element_1286,22.93520226,0.130220085,6.651226142,584.3635492,7384.6,3.445781252,13.82185939,18.1947105,59.98266477,13.98532104,45.1187973,25.2130661,5
element_1287,88.18426624,0.339163709,6.001079724,653.5420765,22700.2,2.728664102,18.90538726,16.18881029,59.65707476,14.05407715,53.29574203,28.14128304,12
element_1288,41.69821199,0.219544855,6.935625321,608.7008308,8852.7,2.891989796,16.54457763,16.96710874,58.98048198,13.25700283,46.78719711,24.97558594,5
element_1289,141.1118697,0.347145564,6.666986722,655.3196835,15124.2,2.569500344,18.9163403,15.04841023,58.2615468,14.19594765,52.56346512,26.61581993,5
element_1290,107.4896655,0.245598716,7.29261479,647.496828,27169.3,3.040796586,18.16761657,15.67911553,57.13535152,13.2961998,50.42943573,25.48419952,5
element_1291,105.3471022,0.253851939,7.756261789,829.0512965,4578.9,3.027972199,21.43606738,14.00309662,56.35139104,13.09391975,56.56810379,26.39095306,5
element_1292,65.61495244,0.363366338,8.434357386,770.6091882,7910.2,2.522034876,21.07303467,13.36583391,55.86070045,14.08178806,44.60533524,26.65901756,5
element_1293,179.6475853,0.266664476,7.194345694,908.9414684,6275.1,3.01882651,21.58836809,13.9510855,57.06807717,12.914608,57.32094955,26.4703846,5
element_1294,136.3506571,0.42484357,7.517612017,952.2752109,13812.3,2.368950966,23.26634655,12.89843318,57.41972446,13.2320118,52.42733002,26.78118515,5
element_1295,248.9063888,0.720066043,4.175842114,772.8804235,49859.1,2.199549361,18.38782319,12.96182518,59.70422406,11.47629356,59.81772995,22.47732544,12
element_1296,81.98818157,0.451335534,7.269474885,917.5557056,6208.2,2.144392037,17.84678118,11.63055238,58.58407366,13.56523609,49.50603104,24.74030495,5
element_1297,35.22776114,0.471231177,6.684971553,838.4653134,223.9,1.923371342,12.83170576,11.15747477,59.17713068,8.559027672,60.96875,15.80952358,5
element_1298,749.1107922,2.475036323,1.876261793,901.1277017,41121.9,1.429619122,20.01010573,10.47453085,61.36188071,8.851406097,73.13034058,14.00577259,12
element_1299,169.6137407,1.026235722,5.941055555,905.4623377,3247.6,1.785225777,19.26105065,10.66632264,59.70671046,7.66879797,59.75511551,14.9854517,12
element_1300,759.2286513,2.840264645,1.725116673,919.9744547,17189.2,1.295717302,20.83577543,9.309031301,60.63651576,7.769672871,76.30046082,11.7650528,12
element_1301,638.6272165,1.874472382,3.021397108,1013.969677,7741.9,1.444104039,21.65562782,9.153990125,59.85374997,7.433579922,75.0856781,11.7854557,12
element_1302,809.8451229,2.640907094,2.335683791,1121.38897,11109.4,1.261557449,25.98397652,8.415016227,59.70514399,7.285984993,79.01805878,10.8681612,12
element_1303,564.5599653,3.230564954,3.574831373,1263.804672,108812.4,1.24775917,27.18426604,8.039723907,61.33604709,8.115368843,67.3363266,13.89395905,12
element_1304,482.1178245,2.37969843,2.667302442,1251.818488,6557.6,1.372400512,32.74618753,12.92162342,64.67410834,8.111879349,73.6102829,12.25195694,12
element_1305,436.8071201,3.516806995,1.427429354,1023.319781,45412.9,1.150728761,23.48046999,14.93091117,67.08711952,8.537343979,59.74673843,19.00660324,12
element_1306,382.081196,1.812709038,-0.270215143,580.6609308,74795.9,1.613739869,16.06047362,24.36834993,69.77145471,7.96498394,64.70483398,15.76732159,12
element_1307,214.32885,0.5670757,-0.937066834,509.2905757,17831.6,2.250609931,18.33845229,27.61851568,68.95466024,8.56126976,67.33764648,18.56645012,12
element_1308,166.6898283,0.868219214,0.766675374,546.7188161,9070,1.468368815,13.53930224,31.79603553,69.38289788,7.86865139,53.44318008,25.28108978,12
element_1309,203.5231146,0.907077655,-0.149818647,541.0630079,26402.9,1.87007348,16.58733463,30.84025608,68.46746697,8.346692085,60.03255081,24.02403641,12
element_1310,213.2619921,0.496489754,0.13617421,514.7471017,34543.5,2.286816412,16.14380828,36.75109996,68.26159363,10.69252396,52.56419373,28.37064743,12
element_1311,208.4142908,0.395969563,0.222973888,484.8796572,14246.3,2.521877081,16.60264897,38.28273177,67.28821644,12.6500721,52.47948074,29.36387444,12
element_1312,161.4379746,0.319429841,0.726935316,458.2700639,12523,2.556158507,15.04414429,38.94776356,66.52588172,10.41342354,55.35609436,23.21909332,12
element_1313,157.2552434,0.294917641,0.758358324,492.1028783,10012.5,2.880317007,16.77176449,36.22477742,66.93679585,13.7507534,53.92379379,25.83501053,12
element_1314,157.0148852,0.736707455,0.546101281,525.290399,11886,2.589252795,15.28752511,34.28238413,67.12938123,9.923291206,55.77361679,22.85264397,12
element_1315,262.4636586,1.188488956,-0.127766167,560.3518456,12478.1,1.861742842,16.75282565,32.23856301,67.7088489,7.592572212,59.47185898,24.22839165,12
element_1316,182.7762663,1.293036359,0.283803764,561.5467673,1845.7,1.520420358,11.66254117,31.97278277,67.09499112,5.967989922,57.12428284,20.00093079,12
element_1317,150.9978244,0.67477791,0.399941796,572.2663715,10344.3,2.25538322,20.86089511,31.2584338,66.66079981,6.483564854,58.06573868,22.50552368,12
element_1318,68.86956148,0.149895987,1.379608192,540.0147441,13935.4,3.534068688,17.77544561,33.49712281,65.8086179,7.657153606,60.15206528,17.53685951,12
element_1319,176.8486973,0.307624846,1.222173181,600.2572319,41492,2.83254579,19.72129989,31.20164053,65.28780443,8.076539993,64.38272095,18.33583641,12
element_1320,46.12562688,0.130849025,1.998865327,529.4163696,1647.9,3.853121687,15.83881127,34.46281169,64.72913726,14.67100716,50.97395706,22.49650383,12
element_1321,142.7099745,0.196146239,2.311612647,620.225627,31323.9,3.344556935,18.97623946,34.41624853,63.51633478,7.709434509,61.15160751,20.48832321,12
element_1322,87.2003159,0.27050631,2.21669049,570.745484,10087.8,2.943294238,14.84713162,35.97244468,63.8904459,10.53969955,47.38004303,24.83010483,12
element_1323,38.06584669,0.179339374,2.41858589,602.8283984,1047.7,3.29131927,13.45494859,37.74625246,63.70876461,12.18069267,49.39727783,32.14109039,12
element_1324,129.4464108,0.187453335,2.521871192,626.8391435,63771.5,3.358582936,17.74977061,39.22145325,62.17060062,11.99943161,49.38418579,34.0426712,12
element_1325,76.29101489,0.251239565,2.002469529,539.1749307,12788.4,2.845514426,14.31617223,38.50849644,64.50393866,12.7084856,42.16976166,31.17663574,12
element_1326,51.18711368,0.184975729,1.667643755,551.2918095,346666.1,3.165953549,17.00916484,41.31644617,64.35090244,15.0853281,47.9346199,33.14197159,12
element_1327,122.0504433,0.264646247,1.207787767,587.5476346,41003.7,2.890575472,17.87209637,45.00931918,63.51551296,10.60625553,55.81048203,30.02809906,12
element_1328,75.18396875,0.16719578,1.940191322,592.7153271,300756.8,3.453626989,18.37550911,41.82026446,63.27058003,10.8848877,56.33443832,28.87542915,12
element_1329,98.78476185,0.241130378,1.69410272,599.3741949,230073.6,3.24171421,21.73782257,45.23415694,62.08325947,10.68875504,55.47032547,29.92750549,12
element_1330,137.1766916,0.214980442,2.282432521,620.4819279,43456.8,3.151144754,18.08101548,42.92814637,61.24814708,10.80755615,51.20359039,34.671875,12
element_1331,124.3543289,0.255409777,1.495477647,602.5695083,119888.3,2.97876864,17.65286228,48.59862697,61.79585692,10.65198612,52.54612732,33.35494614,12
element_1332,152.8132626,0.223190175,2.834589095,611.6068549,85821.9,3.046411155,19.94623549,44.24635924,60.04346935,11.77284908,46.16855621,38.6803093,12
element_1333,155.5987691,0.177626457,0.231866893,618.6916249,27018.7,3.36801761,18.66531112,51.51643871,63.30820022,11.81291485,53.04260254,31.75476456,12
element_1334,153.4179776,0.252130683,1.37184347,631.357609,68898.1,2.964698994,17.29747731,52.56539557,61.54289737,9.72143364,55.7101593,31.14197159,12
element_1335,68.36509688,0.189325585,1.061192103,515.7232957,34207.7,3.297539236,15.87524586,42.30410064,65.41440013,10.95650291,53.07749176,27.09338188,12
element_1336,124.6867256,0.257015666,0.329497372,587.7551466,76753,3.004467853,17.67862329,47.69034445,64.43551791,11.62769985,52.89026642,32.17089844,12
element_1337,52.74802798,0.215931878,-1.365964274,485.9400303,60914.4,3.205780659,15.7387248,47.91741342,67.43601386,13.78540134,43.98045731,32.64223099,12
element_1338,30.41488243,0.168787449,-2.386008432,472.7045813,312705.4,3.483052136,18.57538082,52.82477366,67.53222505,12.97465706,50.42316055,30.70601463,12
element_1339,79.17842438,0.255116804,-1.648068218,488.3488635,12235.6,3.073651157,18.43502601,50.49761197,67.03406794,13.72568703,47.38319397,33.71603394,12
element_1340,73.33170441,0.246450284,-1.996129173,516.0044394,288135,3.126957072,20.57561002,53.21970179,66.48841289,13.67855167,48.66085052,33.37643814,12
element_1341,105.8064009,0.334972332,-0.724422702,576.8791105,242873.9,2.540014259,24.00507323,52.56954937,65.0854201,11.53592205,54.6183548,30.038517,12
element_1342,138.6341994,0.292986935,-0.959713507,574.5475722,25106.7,2.748149315,18.76842156,50.58300503,65.58224632,14.29102898,45.92883682,36.39200592,12
element_1343,91.10981369,0.252140805,-2.132838657,525.3719354,208498.3,2.985528599,20.93439431,55.19241412,66.36392587,12.9982748,49.74665451,33.04873657,12
element_1344,133.991635,0.238164402,-0.354291597,621.090377,29905.4,3.062280617,19.41041075,53.81970994,63.97872578,11.42598724,53.57571793,31.62694359,12
element_1345,180.5629562,0.586661198,-4.389014107,548.1984531,91134.6,2.799795298,20.22654207,60.43690754,66.63120982,14.02197075,46.48667145,34.03019714,12
element_1346,198.9991149,0.554344089,-1.343395069,651.6833643,93177.9,2.796453307,19.73475316,57.17197015,63.64286058,11.90458488,51.30722046,33.08459091,12
element_1347,104.0567246,0.356320373,-5.660652595,475.5029985,75597.5,2.713527616,17.17981229,61.22754399,68.56797781,13.3398695,39.85536194,35.67053223,1
element_1348,286.8117891,2.087223816,18.95748412,495.7681246,9452.7,1.685844314,19.79033442,33.23078562,35.05257685,21.89385796,22.6271553,25.40897369,5
element_1349,285.4445913,3.820572613,16.53890028,643.6266162,21105.3,0.897858234,11.10729747,25.4941777,36.799903,16.35720253,25.98195076,23.23677444,5
element_1350,413.3250168,2.638884208,17.7168739,528.4705241,26322.7,1.415823538,19.78171551,14.15828914,37.57274294,21.90865326,23.32648659,33.15378571,5
element_1351,390.2618418,2.916884381,16.01694897,642.6301543,33396.8,1.655378494,19.99705503,9.050446204,40.65444607,17.83405876,35.14369202,29.48006058,5
element_1352,128.7109835,1.391003231,17.16554412,568.2813466,5270,1.544953146,15.37076825,2.903021879,39.56905748,16.04345894,23.38754463,20.38937187,5
element_1353,149.4582216,0.990058372,9.827816621,996.1784597,72491.2,1.92695219,26.76863696,-3.034087975,52.17800078,23.2534256,34.14003754,31.68142319,5
element_1354,241.2598273,1.813473383,8.190129525,1475.478475,76262.8,1.431935792,26.03759174,-4.133098005,56.65913155,14.43837929,45.4237709,23.66113663,5
element_1355,96.10436423,0.493021106,9.962824039,806.9513568,78341.5,2.732930075,22.12321755,-0.633056557,52.83525379,26.98613167,33.68921661,33.0799408,5
element_1356,127.4366679,1.804801792,9.61929671,1002.859169,610.2,1.127213355,17.36317338,-4.540330162,54.2265877,12.55624962,26.73749924,21.42333412,5
element_1357,67.54245453,1.076008043,8.639087555,1638.158445,3614.1,1.555800087,19.06637909,-6.879618376,57.89710423,10.54257679,31.41430092,13.9151001,5
element_1358,-26.40750885,0,8.5,913,1.3,0,0,-4.406737751,59.08648097,0,0,0,5
element_1359,38.31606865,0.877082581,8.320843611,1096.503082,1254.1,1.476598286,6.767864087,-3.019839099,59.03267515,7.83614254,18.96535492,13.93262196,5
element_1360,106.989055,0.870412531,9.698078376,1299.913008,85561.3,2.22411241,26.60697818,-7.915187046,53.42587345,18.38869858,39.26515198,28.37328911,5
element_1361,-1,0.017455065,9.7,1224,0.3,0,0,-13.68834076,57.59657878,0,0,0,5
element_1362,64.68990642,0.494412193,8.474582623,570.3146402,610.9,1.441621543,11.97093917,14.91140682,55.12524342,9.982639313,36.26909637,15.5152607,5
element_1363,24.30514323,0.161829695,7.973537262,555.2166307,3306.2,3.104360104,11.94413645,18.55048079,57.51656501,11.8570652,30.52336884,22.15413475,5
element_1364,9.558628477,0.218040969,6.170989171,570.2199204,1442.6,2.480064479,2.366875026,20.05620435,60.18397792,2.811855555,27.50343704,6.411764622,5
element_1365,11.32690602,0.098530981,7.072957381,613.7334593,4206,3.585806434,11.23534975,22.57167167,58.52470574,6.728070259,34.84685516,18.19287872,5
element_1366,195.4901239,2.137572207,3.933815265,1075.580805,2524.3,1.333869267,26.04740134,-21.82922789,64.18839346,9.994764328,53.16055679,12.45153904,12
element_1367,459.2048343,1.927304633,1.528318832,939.4538578,3652.7,1.977334962,29.86691652,-20.90155347,64.74614243,10.73408413,54.73032761,16.61495018,12
element_1368,450.9023284,2.343034805,1.620315723,907.9157302,39708.4,1.677904063,21.92099041,-20.05816832,65.46714015,11.33024025,45.75613022,17.58644485,12
element_1369,737.4425881,1.082270167,0.690500622,972.576099,7550.5,2.016338506,30.59467493,-16.41837019,65.20086979,12.06476021,49.35396194,19.81656837,12
element_1370,526.7941536,2.125696249,1.787412816,1124.941397,32252.9,1.816501813,35.12629312,-16.22870047,64.76223905,11.0028553,47.61001587,18.48967743,12
element_1371,660.0528922,1.143405562,1.855986989,1251.938396,8277.8,2.148779741,36.79616173,-18.92184112,64.32677302,10.91022491,50.3757782,20.58463287,12
element_1372,123.4226705,0.720574145,3.745704076,1187.921112,1290.4,2.952682338,31.29173167,-20.41488132,63.9817563,9.789017677,61.52384567,16.14815903,12
element_1373,488.997086,1.660200308,2.092564914,1080.486754,5769.4,1.87857332,35.37349374,-20.25286206,64.40224971,9.753472328,57.32364655,18.04751778,12
element_1374,205.0660158,2.041633957,4.056082414,1221.84697,828.5,1.547161039,31.85987967,-21.60423651,63.92684465,7.516587734,64.07227325,10.58885288,12
element_1375,52.24253901,0.89195964,7.831425618,1247.411605,1668.3,1.09965926,5.491186227,-1.259468939,60.3716878,9.524845123,29.77950287,13.13442802,5
element_1376,186.6793384,3.132052694,6.588308958,2870.932091,1717.9,0.861600809,11.2346684,-6.883465292,62.06974283,6.649180412,34.03360748,8.53125,3
element_1377,436.983535,6.843068138,-1.885561645,814.3295663,384.4,-0.144257451,6.737814388,-8.384324942,71.01520525,1.523809552,10.30952358,26,12
element_1378,361.4900923,2.082002982,-6.536614846,458.5638362,61158.1,1.534526507,12.16245396,18.52905288,78.88557958,3.335579634,21.98837662,28.5,1
element_1379,169.0279562,1.525949323,-11.23370772,241.894859,16035.6,1.129270655,3.242483813,56.1639697,80.72024944,1.318401933,22.1785717,2.714285612,1
element_1380,315.8454135,1.487232898,-8.647280008,314.0550397,79657,1.640123089,13.74306541,58.22998471,74.01529656,11.76523781,37.51875687,35.72333527,1
element_1381,422.8268063,3.973495277,16.85579928,379.8586895,3147.6,2.676135608,23.89392751,54.01667444,36.76999946,26.74498367,25.97801018,31.74535751,5
element_1382,756.082265,3.176053998,16.38927805,269.8686225,11589,2.937550635,23.47040023,55.32631843,37.19252957,26.33066559,34.35637283,31.69388962,8
element_1383,-18.21424632,0.027167419,18.57946772,306.2323982,1605.7,5.337699748,22.28924663,54.26263589,37.25168137,36.83080673,25.82070732,33.79748535,2
element_1384,800.5923204,1.888466459,15.63100203,260.3758274,36401.2,2.661239146,23.50760547,56.38468616,37.78821379,21.77528572,42.59700394,26.31088829,5
element_1385,62.10026579,0.225722203,17.56435331,177.3840671,21400,4.015439231,25.57929754,54.43203503,38.67386818,18.66002464,54.96657562,17.84664917,2
element_1386,126.4069869,0.590795828,16.24584883,128.7658983,51498.9,3.007404009,24.89890425,55.72975004,40.25991002,14.58792973,63.96106339,16.28075981,5
element_1387,64.64853927,0.429216976,16.08003876,111.7681555,4426.2,2.706801269,19.5500523,53.14694749,40.25498241,16.73336792,55.47057343,13.21759129,5
element_1388,92.1951634,0.301593575,14.34526038,116.2636099,58201.4,3.214426197,22.64513221,54.08971557,41.76757736,18.69760513,48.63153839,27.02104378,5
element_1389,115.4645224,0.42190805,13.01644147,127.4371497,38781.8,2.705479369,21.42499184,52.51791531,43.40685169,21.65979958,40.50801086,29.12018585,5
element_1390,-0.301689419,0.15611542,12.06407985,132.9148727,14912.3,4.41010927,19.31684491,52.06493982,44.95501491,27.03502274,33.76105118,26.65131569,5
element_1391,41.08417421,0.308381966,11.63774882,139.7916279,23806.2,3.819655625,22.2097181,53.65343478,44.81773715,27.1257515,38.23329926,29.43880272,5
element_1392,-14.10179789,0.040346698,10.81674348,150.1457783,19955.5,5.224492465,20.35478927,53.97620033,46.30142173,27.35070229,44.82024384,21.69189072,5
element_1393,141.5353745,0.255511354,7.988846351,208.5845761,73153.5,3.270471185,21.19334687,55.75073324,48.10321714,22.35905647,46.35938644,27.29668999,5
element_1394,-26.17182431,0.01502173,10.27080514,153.2092439,937.3,5.406232113,13.3134822,52.75312493,47.00468925,21.52444077,36.22276688,18.08291435,5
element_1395,79.87900434,0.16388736,7.958678527,225.9313865,74239.9,4.20050296,21.8203529,53.83097088,49.21230203,21.61588097,45.71361542,29.31625938,5
element_1396,-26.28617176,0.009817645,10.30825943,163.1335491,2009.2,6.16036841,15.12426152,52.14483289,46.9890973,26.9303627,27.96657372,30.30351448,5
element_1397,65.14303554,0.19770188,7.90999882,255.1635649,210581.2,4.000905757,20.96216619,52.07029094,50.64324043,23.82411003,41.41786194,30.96381569,5
element_1398,228.3609471,0.367115582,5.96730857,310.8258148,41875.4,2.781425155,20.14863763,56.00511894,50.4833072,25.38994217,32.2324791,38.95061874,12
element_1399,137.9743452,0.389116607,5.841468799,344.748759,119052.7,2.600775187,20.47931466,54.45247095,51.5600462,33.75551605,18.78707123,41.34666061,12
element_1400,332.6530087,0.735418214,4.15499505,453.1687268,31039.6,2.002887344,19.54479812,56.45899113,52.26646275,27.16580772,20.90877342,46.52559662,12
element_1401,252.010671,0.561345567,4.956290294,373.9934746,82528,2.344232504,20.20066952,56.92533197,51.2683342,30.91375923,21.79718971,41.97261429,12
element_1402,315.5010527,0.25733453,4.828057222,286.9302554,18532.6,3.131172882,21.72012247,58.86236599,50.31736694,23.5542717,34.34963989,38.42761612,12
element_1403,225.3851616,0.417044589,4.620940129,319.0954487,45909.3,2.655452266,20.25139407,58.63458997,51.27754168,17.3392849,48.7142868,29.7029705,12
element_1404,317.4260521,0.287705823,4.049648872,314.3819636,8027.8,2.761950839,19.1147686,59.90435084,51.37704009,26.01920891,30.24881744,40.32191849,12
element_1405,409.7620046,0.528984597,2.841415691,421.7674289,37656.7,2.403626061,19.04262157,59.0983295,52.81865125,27.11567879,25.21194077,43.72307587,12
element_1406,-23.97216139,0.011259205,10.13173647,172.3070217,3036.3,6.06013638,16.98108829,51.43466401,47.24171369,33.78336716,26.28934288,32.44882965,5
element_1407,-16.09913602,0.010759206,9.795764886,182.5394025,8909.2,6.433446621,21.81445776,50.90101956,47.77344147,20.61363602,57.84680176,19.1777153,5
element_1408,-21.21688464,0.011141723,10.35368605,175.5633069,8536.5,6.286901015,19.88980142,49.96105836,46.9661581,18.28166008,60.58994293,10.17109394,5
element_1409,-17.48914073,0.012522268,10.52012967,197.4540654,5390.1,6.227383313,22.84922504,49.02929006,47.00762644,9.750562668,75.60101318,10.82053661,5
element_1410,-26.07096452,0.013991163,10.9316306,179.1563097,886.7,6.155918235,12.66942877,49.25175667,46.41469249,19.54669571,16.68606377,26.06738281,5
element_1411,-19.29497068,0.016520847,10.80798386,203.1440309,2562.2,5.831874243,21.90242481,48.56064698,46.70244034,9.401315689,72.50784302,14.9357214,5
element_1412,-25.52415329,0.011718667,11.1489317,180.8958662,1308.2,5.801016148,16.79927371,49.01447968,46.22581049,12.96141338,21.06358719,22.4883213,5
element_1413,-13.52213637,0.014162057,10.54757292,223.7646463,8293.6,5.940268279,22.10515998,48.03307324,47.20822636,12.28774452,65.46630096,18.96172333,5
element_1414,-25.23169705,0.009622222,11.24663402,195.6480858,8134.9,6.246872039,15.61321396,48.27048804,45.93062951,14.66232204,37.37618637,25.04036522,5
element_1415,6.822336142,0.086651102,9.775398242,298.5986341,1404107.6,4.711225135,22.22148829,46.25298353,47.76245963,22.41728973,40.06546021,34.10217667,5
element_1416,48.62164515,0.099405287,8.003108807,369.0403095,12125,4.212912966,20.58580993,46.72032601,50.4616333,22.18788528,34.77981186,37.3895874,5
element_1417,110.7445075,0.492727588,7.027098509,457.4103422,1341251.8,2.771758929,20.41439641,46.71595643,51.7808312,26.39756012,28.59408379,39.42598343,12
element_1418,87.91884828,0.286667317,6.509926142,429.6662671,24010.3,3.094030152,20.51996527,49.60011047,51.83652972,28.71861076,26.39128494,40.43121338,5
element_1419,110.6043471,0.445559446,5.975253111,491.1147265,1290950.4,2.662016238,19.05212591,48.81057692,52.76505107,29.73686218,20.48913574,43.92422485,12
element_1420,146.4798773,0.656610749,5.197450503,511.5652066,1218995.3,2.027931006,18.99203361,50.33594733,53.80227409,28.56712532,19.17386246,44.84899139,12
element_1421,159.0265668,0.557479166,5.096631154,468.6066718,46454.4,2.117363842,18.64962708,52.5912291,52.90753178,29.99343491,18.37136841,45.9639473,12
element_1422,123.3398241,0.34091703,5.020789599,525.2510783,15320.1,2.960377863,19.07478132,50.28218299,54.38874808,28.4672966,20.18548584,44.57860184,12
element_1423,98.8344145,0.335394321,5.265925261,486.8077418,1185442.9,3.192751298,19.55379485,49.01936104,54.54962871,23.9054203,20.42462921,41.68220901,12
element_1424,136.5703363,0.475040848,4.61529261,541.1955393,523324.3,2.342631971,18.26764336,50.68533509,55.33466422,25.15228844,23.69706345,45.39595413,12
element_1425,135.6162843,0.306530435,4.233270945,557.8082284,653336.5,2.874649152,19.46386557,47.12331836,56.8176965,17.26383018,37.72324371,41.08892441,12
element_1426,178.0379519,0.596724748,4.004781436,517.7143152,375862.8,2.046978527,19.05662944,53.02853151,55.33427421,25.01416206,26.03300095,44.60813904,12
element_1427,162.8280897,0.311743762,3.35426852,578.4673919,128713.4,2.784535483,19.10112143,50.35600955,58.09787699,12.85612297,44.26711655,39.75263596,12
element_1428,119.1221492,0.269722706,4.667939015,589.1602209,493758.1,3.199627704,20.59708359,44.57369805,56.38208198,13.22210217,44.70196915,39.44511414,12
element_1429,195.2149624,0.494532354,5.225306982,531.7003883,67240.1,2.208356846,19.26103934,45.83141812,54.26930375,25.59742546,26.64297104,44.18289185,12
element_1430,317.7561171,0.831098871,3.065824524,527.7324917,141609.2,2.02336562,19.39226157,56.79899962,54.91187598,23.64409065,27.7710743,44.07225418,12
element_1431,158.7484558,0.493955047,3.279296478,552.009965,198524.1,2.328995554,18.69561803,54.89663196,57.11756679,13.37924767,40.15808868,43.34318161,12
element_1432,111.743366,0.167304468,4.758348728,591.6254535,235214,3.590704709,20.23804926,43.54490355,56.8373752,10.28705406,50.46857452,36.65313339,12
element_1433,134.74419,0.197925452,5.291846917,596.7300379,244308.3,3.297684882,19.89905447,41.14131928,56.13498189,12.72161865,45.13477325,39.22830963,12
element_1434,130.493381,0.190527545,4.384411653,597.1194811,197426.3,3.201224212,19.47109575,42.33815194,57.70800817,12.12061214,44.03344345,41.03580856,12
element_1435,155.505314,0.222119121,3.544449485,606.7491802,29156.7,3.042432531,19.450323,44.09403046,58.67509359,11.77499962,45.61496353,40.09577942,12
element_1436,134.1038707,0.240960478,4.850379534,613.4283514,163176.7,3.012869386,19.93883606,39.61424572,57.53181231,11.81092262,43.65572357,40.65414429,12
element_1437,146.5252306,0.25148099,3.975669677,602.4476561,19838.7,2.891729449,19.99713419,41.44234202,58.510199,12.97848988,41.54358673,42.7261734,12
element_1438,164.7552712,0.263077525,5.740094845,543.7929013,50378.5,3.080810346,19.63471939,42.80325618,53.77976864,24.07954597,28.88353157,43.46123505,12
element_1439,123.5345691,0.147514905,5.623616188,583.5382883,130724.4,3.604806154,20.34605723,41.08920381,55.0454655,11.9852314,47.41727829,37.3756752,12
element_1440,294.9808237,0.625508329,2.184703799,640.767018,46811.8,1.972339768,19.79202477,58.04273834,57.66510988,14.07511711,42.72397232,39.10217667,12
element_1441,227.2546133,0.544392787,1.904440544,683.9660146,120031.6,2.348343437,19.05445785,56.27634175,59.03658652,11.40233135,47.8090477,36.68589783,12
element_1442,122.764678,0.083672396,5.66525046,588.5646069,5158.4,4.064626321,20.38406704,40.27952056,55.25104244,9.392463684,61.19439316,25.96161461,12
element_1443,134.411472,0.178831543,5.912187882,555.477378,118439.4,3.492843575,19.68621739,40.95549421,54.1309791,19.5024128,37.78710938,38.99793243,12
element_1444,162.9035271,0.174123224,5.092487916,645.653397,65813.6,3.412051042,20.07291226,36.59217798,56.9455455,12.6456213,41.56182861,42.34128952,12
element_1445,151.0902477,0.137298859,4.009161931,653.2397038,84047,3.676665275,19.3053022,36.8748809,59.14562883,13.00133896,42.64490509,38.62540436,12
element_1446,133.2157248,0.189185902,5.804653204,575.3323764,100441.5,3.423188173,20.8603776,39.56684234,54.77760905,14.7822485,48.10083771,33.38282394,12
element_1447,157.9252834,0.235494948,5.936970167,557.463562,10179.5,3.072305066,20.17890048,39.68223331,53.9146106,27.89823723,25.22934532,43.15509415,12
element_1448,307.0491003,0.922608185,0.083556898,745.9978162,31285.8,2.128671039,18.2543607,57.75775896,60.72653803,11.42139912,54.80084991,31.10483551,12
element_1449,183.6273113,0.258202752,2.117922392,625.6554726,49790.5,3.028010089,18.71469157,54.00507241,59.97108199,10.87446117,47.67154694,37.51374054,12
element_1450,179.699937,0.223376137,5.718884291,642.749662,17618.1,3.082141475,20.39441915,37.26690085,55.61819717,12.3879385,41.36487579,43.51292038,12
element_1451,191.5813797,0.314935637,5.875349173,620.6806864,73999.9,2.673867459,19.58608427,37.30822117,54.84756306,16.28122902,35.10564041,45.49478149,12
element_1452,214.7863319,0.156879335,5.261999552,659.8127168,7023.4,3.466564988,20.54816675,34.51906024,55.7509605,13.09555149,37.88776398,46.78526306,12
element_1453,233.7075048,0.21065784,4.835718748,703.1707106,12702.9,3.074727121,19.88092723,33.37646037,56.77626872,13.31358528,38.30957031,44.90473175,12
element_1454,206.4023234,0.225973072,5.684083034,657.1345818,15699.1,2.953709521,20.24929806,34.9298542,54.78236572,13.06006432,40.04646301,44.28377914,12
element_1455,212.8133932,0.318170154,6.148872583,617.886784,38797.9,2.759726096,19.27136031,36.36840494,53.55123551,25.22494125,26.86743355,44.52722168,5
element_1456,-25.95510354,0.026884582,11.56217983,211.5129274,114,5.484807134,6.255177916,47.64176207,45.59050716,10.82954502,15.07954502,18.18840599,5
element_1457,30.54301566,0.168788992,10.58798352,294.5222012,51386.4,4.054313879,21.9530265,45.17973716,46.4890721,23.08144188,39.9449501,34.15314484,5
element_1458,153.8497192,0.343241715,11.04517044,379.6778538,63661.9,4.188213121,23.53192942,45.09775041,44.52886231,23.62155342,36.47657013,34.46294403,5
element_1459,1036.588985,3.529056358,8.442815438,688.4593567,42927.4,2.794733083,24.53875737,44.77070123,43.26683051,25.27674675,38.64043427,31.15021896,6
element_1460,1188.846682,4.059148711,11.44259961,410.013823,48324,2.018900874,21.98624975,47.78147861,41.73992688,26.53784752,35.55400085,28.33848953,6
element_1461,-25.44889811,0.061696612,15.7645884,320.1465335,188377.7,4.3389309,21.0601371,48.79778419,39.72268212,30.43581772,27.59977531,33.51540756,5
element_1462,280.06539,1.405748641,13.94442676,418.9993251,6007.7,3.288126336,25.01645244,48.33452213,40.44202322,27.12191391,36.0969429,27.69251633,5
element_1463,-22.1455835,0.043351021,15.48197702,291.5043357,179963.1,4.20098646,22.94523254,48.6614824,40.04085146,31.15454483,28.29772758,36.43408966,5
element_1464,599.986102,2.084445601,12.70513923,465.3271886,83523.1,2.945511824,25.49252129,47.18012678,40.37753637,27.20562935,35.31930923,29.28977203,5
element_1465,1660.097129,3.220089398,9.51337615,495.4207701,96131.5,1.876027173,23.92281461,45.20960758,39.4882571,23.73185349,35.7675209,32.53254318,6
element_1466,911.1933968,2.73860691,10.29032597,628.4675793,49058,1.815097703,22.46298479,45.63283603,41.08386116,25.27713013,35.78305054,28.77144814,6
element_1467,895.3348807,3.990775332,9.410502727,666.4312748,11836.1,2.2536009,24.34504555,46.25987536,41.66497773,26.00819588,39.68512726,27.528368,6
element_1468,1523.448297,3.588912673,7.791916089,695.9271203,8317.1,1.585639367,21.92621104,44.35987697,41.23456164,22.18934059,35.94539261,34.39910889,6
element_1469,1635.427673,3.795001943,7.639001369,876.330229,23251.9,1.575825519,23.19249704,43.74085012,41.72235089,21.70246506,37.7857132,32.04618073,6
element_1470,477.3684432,2.483257835,13.39136045,520.1190259,18917.6,3.089559342,23.23532773,48.71418631,38.5326761,26.57377434,32.49262238,31.03901672,5
element_1471,1769.41377,2.847134851,12.17038966,409.759367,58651.8,1.575551734,24.06480675,48.15712492,36.559883,25.96126366,34.78577805,34.70891953,6
element_1472,1404.229007,5.432988607,14.8609795,481.248834,27965.1,2.265785914,22.10850009,52.13234191,36.43482658,24.18794441,33.20385742,34.41546631,8
element_1473,163.4855672,1.60597889,26.49751795,222.321571,1638.5,2.928681248,22.14484749,65.91484092,25.616292,16.13385773,35.50688934,26.41308022,2
element_1474,941.3041411,1.719897282,23.184043,178.2584475,34558.4,2.051073849,25.31565405,65.56347224,26.81807373,17.15056801,42.13262558,29.64522743,2
element_1475,178.386125,1.088084332,26.34804892,159.7131803,17779.7,2.656952264,23.88122608,63.64213247,25.52518929,16.88967896,36.58503723,29.64076996,2
element_1476,586.8230448,1.321191136,25.0604765,142.0743575,33814.3,2.292940196,25.68796505,62.94779649,26.19771312,18.39580917,38.29111099,30.67525864,2
element_1477,493.5193499,1.638480748,25.32057914,156.0145088,87522.4,2.427376298,24.72230474,58.98072357,26.45363314,22.77318764,36.39601517,31.19864655,2
element_1478,1134.099527,3.278376634,21.86492803,235.6045068,42103.7,1.947922984,25.18129329,55.40588774,28.06579667,27.05710602,33.87769699,34.81683731,8
element_1479,350.1543743,3.106591418,24.86421888,228.9826432,21327.6,2.159878003,21.06585769,53.94453278,27.13182589,28.77488518,28.31440926,36.80097961,2
element_1480,1031.515268,3.054768951,21.17987897,224.8894706,47607.5,1.964553918,23.3933008,52.99143949,28.41366813,28.57575798,32.08744812,35.52838516,8
element_1481,720.4948169,2.408504687,21.97898273,233.194832,57162.1,3.075641892,22.89405597,50.58397159,30.17772588,28.64048004,29.61658478,33.69287109,2
element_1482,1.762520397,0.008458825,26.37314904,139.5140284,829646.9,6.392448132,21.32774695,48.26811234,30.19370486,37.14149475,21.90798569,31.37044144,2
element_1483,1416.397396,3.606060259,18.11779624,256.0809376,72431.9,2.718092318,24.1737857,49.70959576,32.06173404,23.81217003,35.41559982,33.5727272,8
element_1484,97.75809076,0.080053308,26.04687916,119.4953148,756435.6,4.702207742,27.71243371,46.95883146,30.21070238,17.37655449,53.33460617,23.31106567,2
element_1485,1.976090173,0.017455065,25.96602572,135.0044872,685210.5,0,34.33338851,47.45876703,30.99658714,30.625,27.25,36.5,2
element_1486,1328.568343,2.900280278,19.87280953,307.488239,50661.6,2.471089167,22.30475756,47.71738572,33.56656622,25.03986168,35.01774597,36.23828506,8
element_1487,3.955741297,0.011463378,25.76962603,125.3362152,463867.1,6.075099663,21.92281836,46.86061369,31.27878184,30.10186768,32.09835052,34.43413544,2
element_1488,220.0794837,0.837921403,23.81769537,236.3559479,221327,4.049736807,24.34575676,47.11768334,32.31758813,27.22250366,33.4201088,36.35079575,2
element_1489,3.536187808,0.014586549,25.9209404,90.11410256,437774.1,4.875195026,19.03459538,46.3368712,30.96842384,33.125,28.5,37.42856979,2
element_1490,15.0462875,0.014681639,24.97723281,121.5911875,18020.2,5.749935289,22.41269964,45.53048989,32.10740414,29.52933502,30.01718521,37.36603165,2
element_1491,4.552315798,0.012878517,25.54807766,97.40153846,423898.6,5.630859001,20.80524867,46.23649549,31.08403269,33.98611069,26.45833397,36.54615402,2
element_1492,173.171312,0.137092329,25.77185103,115.307057,13825.4,4.010919284,26.93465281,45.93891763,30.02652375,12.12438297,66.78286743,17.79055595,2
element_1493,210.6853908,0.141107452,25.3962977,92.8166586,13215.6,3.739942497,25.14696037,44.99887434,30.37740098,20.39283943,46.04578018,32.64230728,2
element_1494,7.287887167,0.011132028,25.57884001,105.5250067,414075.1,5.942367436,22.09199637,45.73192798,31.32942363,33.58062363,26.21406174,37.0164032,2
element_1495,103.2447966,0.111863958,24.80270048,85.19436386,395650.8,4.276797565,25.81339362,44.21116867,31.82835783,25.28119278,37.66381073,35.22953796,2
element_1496,247.2995629,0.157372452,24.89205805,85.9984521,19581.2,3.713793266,26.34725291,44.24188371,30.75390463,22.03172493,41.91976929,35.94352341,2
element_1497,24.83738886,0.016822249,24.56589601,148.249323,172297.8,5.529844214,23.15141333,45.03278902,32.88735586,28.89966202,27.75568199,39.15585709,2
element_1498,307.513631,1.008202137,22.87236849,248.610439,22658.2,4.249114976,24.50448712,45.6827625,33.41126708,26.75114822,31.14942551,38.62245178,2
element_1499,45.64831232,0.082929046,24.11615333,107.7971154,305975.6,4.189498358,21.40587501,43.98098736,33.03189709,26.29821396,31.83392906,39.00866699,2
element_1500,445.5911468,0.176087554,22.07440029,85.18064083,69877.8,3.790541394,24.87710374,41.69720024,32.19165806,20.76518059,44.57756805,33.71282578,2
element_1501,235.8363067,0.472313059,23.32745024,247.9894041,134982.6,3.577547968,25.00305395,44.27865302,34.62704457,26.17847252,31.85079575,38.61921692,2
element_1502,1025.637017,2.627933474,18.00397438,415.9659859,32976.5,2.310944075,23.05153621,45.90774416,34.79889927,25.4668293,33.50681686,36.7729187,8
element_1503,251.6492031,0.194999732,22.47847083,103.9317253,275493.1,3.645259844,25.79509168,42.31470253,33.43361729,20.83229637,42.45630264,35.85671616,2
element_1504,191.9670752,0.203948923,22.19209823,228.8571472,32825.4,3.455976331,24.61280557,42.70058841,35.02802228,22.89276695,35.79166794,39.40097809,2
element_1505,421.8079647,0.284666594,20.37909244,145.0799058,245825.4,3.306713062,25.47135488,40.36303958,34.37172397,19.96800041,42.21819305,35.56875229,2
element_1506,589.6955465,0.237703645,20.76418608,98.38438369,17601.4,3.343093064,23.82758313,40.68455238,33.07702013,19.51515961,48.03171539,30.99665642,2
element_1507,1000.381742,2.854618917,18.08496006,567.6145644,20022.6,1.957377599,23.22644521,44.89680052,35.95503002,28.45034981,30.98509407,34.84031296,8
element_1508,235.6723246,0.339419677,21.90938783,349.824355,87818.5,2.876227491,20.8654737,43.19000952,35.78237349,26.1644516,30.63224602,39.42123032,2
element_1509,1118.9802,2.826059329,16.31876165,577.5426185,56827.2,1.757164973,25.25551137,41.77594349,37.702563,28.84954643,29.98921394,34.50186157,8
element_1510,1411.805029,4.521335341,13.48240449,605.9766297,26328.3,1.786144083,22.21018642,44.03947723,36.99667333,26.50951385,32.70069504,35.12224579,6
element_1511,760.673474,1.418110866,16.06196831,424.9297846,146019.9,2.389850695,23.97694752,38.56280934,37.05476463,28.87755203,31.19285393,34.01641846,5
element_1512,455.9887697,0.522023013,19.48972286,351.7670635,36299.7,3.077018407,26.03839006,40.72655636,36.61089832,27.17347717,30.66492462,38.25271225,2
element_1513,1745.174376,3.191705921,8.631546302,672.7989519,40392.1,1.742851889,23.78162563,41.19678987,39.17471066,25.64955521,34.24868774,31.3105545,6
element_1514,1812.43489,3.937823782,8.71438304,635.1509539,22704.5,1.598170905,21.82903403,39.3131058,39.59281836,28.51659584,32.92876053,31.49497223,6
element_1515,133.0141667,0.155300392,26.29628656,129.4609933,99750.9,3.760122735,24.26877797,48.85341766,26.96761238,15.53891945,56.98519516,21.79697037,2
element_1516,86.67928245,0.055437645,28.66561645,53.02535779,17553,5.188448853,27.35762568,51.35121478,22.87934864,9.929114342,73.91874695,14.17300415,2
element_1517,242.6765422,1.139274428,28.1582421,93.37240218,98658.6,3.399740046,26.9580916,55.96236459,23.71389419,13.11296272,59.90674591,18.57008743,2
element_1518,327.4326663,0.572826813,27.65912217,101.9972859,23465.8,3.74248606,31.2793708,58.16935227,22.12528761,13.26767159,60.22569275,17.17995644,2
element_1519,65.57306723,0.125597819,28.08393889,85.86672635,3644.6,4.12649883,25.69863616,58.11770951,21.01121118,13.21351528,61.76110458,17.91221428,2
element_1520,110.0469575,0.171867354,28.23466301,87.60763394,17164.5,3.936984701,26.30201696,57.55990201,21.02632657,16.7445507,55.37892151,23.4100399,2
element_1521,251.6502408,0.869139066,27.3752952,85.48465806,42475.6,3.21508497,23.90587741,55.73036396,18.39132775,16.2726841,56.34957504,23.86284447,2
element_1522,646.2780526,0.753289922,26.10875692,71.84740446,17961.4,2.372673185,26.76619434,51.15713857,16.49078139,19.54245758,46.80906296,32.29468918,2
element_1523,442.7103051,1.918023851,26.78536625,64.46237243,9349.8,1.966156791,26.04346287,51.6164265,15.74555626,17.80692291,46.9365387,27.21494484,2
element_1524,52.61699322,0.385125473,26.79423102,31.71025641,44.1,2.640833974,14.4076681,51.15757758,15.21528159,6.875,19.75,9.428571701,2
element_1525,951.3150839,1.105538366,25.70874195,71.57916177,46349.2,1.892547794,25.18892954,49.28683462,15.73892178,18.814394,49.25893402,30.15741348,2
element_1526,656.8630242,2.962830498,26.39302332,66.93509047,13231.6,1.68071368,25.12392505,49.66542888,14.92304086,16.4067955,48.3538475,24.86602974,2
element_1527,1107.595724,2.082453219,25.21189763,69.64900312,9219.6,1.611956986,25.09716493,47.99419865,14.67982947,17.55334091,52.57933044,24.4704361,2
element_1528,838.8313184,2.52978314,25.78196364,138.1564619,87052.6,2.146298896,26.93446104,44.86191881,14.00652452,15.83163834,49.45650864,24.17732048,2
element_1529,1344.868444,3.674183155,26.02593608,107.7418629,8758.5,2.041322618,24.9341201,43.592621,16.05877658,17.67686462,45.84243393,27.76060677,8
element_1530,399.7819429,1.935828478,28.90246895,96.20013521,15052.4,2.896168913,25.63425232,42.98930403,16.67326471,15.31633472,39.51733017,25.48904228,2
element_1531,1176.471075,3.821366332,25.35347826,149.8405684,6259,2.035279245,24.57475647,42.96857161,17.65673703,17.89456558,42.57913208,33.16227722,8
element_1532,455.7306812,2.261122361,26.6452893,168.6855811,49629.2,2.446313365,25.20993477,41.10018784,19.5993952,18.02233315,42.73498917,28.09428596,2
element_1533,732.6643566,1.4418738,27.64491106,91.05831067,5239.5,1.909606504,25.25585988,40.01512843,21.65179281,18.33902931,41.04085159,31.95458412,2
element_1534,210.0272127,0.638174095,28.39418651,83.23444403,5057,2.563606686,26.03353863,39.42659207,21.81989017,17.01023483,40.73501587,28.532444,2
element_1535,705.0257775,1.382255624,27.69997812,78.39601051,5219.9,1.706029015,27.71831723,39.8193182,22.26040143,18.07765198,40.65467072,33.24077606,2
element_1536,434.1255573,1.584184648,27.59984946,74.12869448,23482.7,2.405514242,25.82794199,39.25865754,23.27810051,17.84337807,40.85883331,30.38188744,2
element_1537,653.3970849,2.739820856,26.16131196,73.48103914,6454.4,2.070300591,24.15683543,38.45777999,24.60860554,17.841259,42.25087357,28.786129,2
element_1538,249.7160807,1.176554175,25.87127446,47.23843598,12154,2.214573242,24.26898922,37.58264918,24.89976793,16.33361053,39.18932724,24.11660957,2
element_1539,532.2891673,1.936078609,24.94871276,36.97248478,104464.3,2.114270275,23.36178788,37.65679872,25.77931044,17.44355774,41.86187363,25.65857887,2
element_1540,1000.937949,1.371351199,23.14743644,49.93458694,20801.5,1.773334624,25.30508487,37.87454329,26.62908747,15.75266171,51.78168488,23.14766121,2
element_1541,716.7240966,1.355153576,25.06545825,58.36980339,74264.4,2.065723773,26.03693097,38.17121669,25.18191187,18.09924316,42.6750946,26.94632339,2
element_1542,774.462683,1.604628575,25.89649064,71.65802401,54390.1,1.901461392,25.40001647,39.09416729,24.89504401,18.10013199,41.45748901,30.03786659,2
element_1543,983.4397938,0.995294803,24.31493123,75.93270193,16612.5,2.167403473,27.46540206,39.35043642,25.77366146,17.40286827,43.89154053,28.34474754,2
element_1544,970.1577981,1.292149548,26.2462638,79.96294422,5131.3,1.926939983,26.91648516,39.63027697,23.96087424,18.25400543,39.41933823,33.99233246,2
element_1545,823.8820181,0.728893332,26.56798969,74.8346908,37779.2,2.116273226,28.39362921,39.88691213,24.51148938,18.0202198,40.57536697,27.06570816,2
element_1546,959.0347241,0.403452967,25.5271178,93.39209685,16136.4,2.892195861,26.45758422,40.58829561,24.80087111,19.10173607,46.91545105,27.29895782,2
element_1547,944.3814297,0.364237493,26.02418591,95.62554206,18769.1,2.928445623,25.30529034,41.10955518,23.87964266,19.35727119,47.86742401,26.872715,2
element_1548,600.3865526,2.148746589,21.96267451,23.82493719,63996.6,1.761939366,23.03949943,35.08447249,28.31971944,16.21756172,46.45538712,24.3439579,2
element_1549,214.2684035,0.715750534,16.64462163,182.4800888,281499.6,4.276327826,26.45785026,57.22939216,38.97853425,12.21491432,68.60617828,11.2377615,5
element_1550,554.5458767,1.558638294,15.66746012,229.5955974,11410.6,3.692800366,29.73344298,58.76956247,37.86763984,18.4281826,52.69474792,21.44465256,5
element_1551,105.0220513,0.027741049,17.38765316,125.6244617,234167.3,5.383857358,25.73424954,59.22225459,38.90707051,5.272983074,90.17120361,3.346334696,2
element_1552,115.9778661,0.027418497,17.5238266,135.9218821,214524.1,5.379879775,26.82552809,59.58792626,38.63858308,7.846785545,84.79821777,5.504874706,2
element_1553,464.2931485,1.083807689,16.34885671,195.9945948,17015.6,4.383169972,28.02438811,59.79621412,37.4508728,19.05167389,54.02604294,19.62109947,5
element_1554,722.7106055,0.958949151,15.8457089,220.9155283,137842.6,3.57739342,25.70139593,62.72269039,36.67909562,14.1695261,61.14604187,20.61036873,5
element_1555,373.8098255,0.632834979,17.08889492,176.5790846,85319.9,4.234017402,25.1057521,60.64929048,37.03495944,19.12723351,55.02151489,20.1235218,2
element_1556,1729.143072,2.332174715,12.40085152,286.2318189,54576.2,1.969308563,25.3837424,62.58028884,34.67494791,18.70479584,42.79882813,32.75573349,6
element_1557,1342.409689,1.962599767,14.26811923,261.9504052,16841,1.967315322,25.83770071,59.67507545,36.33209576,22.29144478,40.18321228,29.60045052,8
element_1558,288.3362617,0.136240915,28.07540204,67.744776,237160.9,3.969612766,27.48553895,48.73892137,23.23933236,12.21951962,67.94764709,18.30631828,2
element_1559,401.8750787,0.144202884,28.00087058,72.66300879,25816.3,3.915781497,29.22083288,47.82734514,22.61549153,12.31944466,68.10398865,18.78371239,2
element_1560,256.8100299,0.043039631,28.75329795,61.94306064,185238.8,5.18145335,28.72828416,48.74031414,21.98094457,9.889286041,72.28214264,14.45918369,2
element_1561,578.9292711,0.302310311,27.72557293,81.41671882,29261.7,3.660679975,30.35892709,46.84051797,21.92217975,12.81500626,66.19498444,19.4440403,2
element_1562,602.3995466,0.216264401,28.06865922,73.15232542,158918.4,3.707146836,30.18815031,46.3268648,20.87553512,10.316576,71.89130402,15.75452042,2
element_1563,788.6712855,0.319467437,26.64474649,118.1958453,114482.7,3.421232328,29.7852643,44.84603827,20.87148317,16.1081543,57.36513138,22.40080833,2
element_1564,1077.646666,0.593416246,25.87309656,101.2011065,23377.2,2.898214013,28.37354804,44.58108315,19.20338462,12.06499958,66.12127686,16.3001194,2
element_1565,1453.984195,0.734864458,23.64173733,161.9332763,26049.1,2.671618563,27.67688825,43.46123782,19.1764406,18.36387634,48.68273926,24.94059563,8
element_1566,1271.787432,0.666563183,24.74448512,175.9102961,57987.6,2.839297557,26.43954363,42.85227224,20.3110952,18.41948128,47.95736313,25.65916634,8
element_1567,111.5768069,0.034924704,28.90184823,54.32576098,210104.7,4.885814203,30.65987529,52.60542041,21.20851531,5.936274529,80.74182892,12.18020535,2
element_1568,138.5808,0.042170496,28.78166404,51.89447449,193807.2,5.247000018,29.77905013,52.77996142,20.56729089,8.312009811,74.46446228,15.50854301,2
element_1569,110.8942836,0.04674386,28.80230801,56.32912262,15392.8,4.90627763,28.57696106,53.04583724,21.85987347,7.910946369,74.29174042,16.398489,2
element_1570,291.3324267,0.044795621,27.81765473,56.81433701,105043.1,5.463828615,34.25210281,50.3802154,19.6165411,8.283871651,77.20806122,12.61652374,2
element_1571,585.9492996,0.29524854,27.69108704,55.78035398,72206.2,3.503870934,27.86504366,50.2803912,17.9168053,10.92068863,69.88041687,17.32274437,2
element_1572,413.310046,0.07615251,28.57204696,48.21251685,45590.1,4.362983017,49.2856732,49.14533054,18.70485126,4.97723484,87.33872223,5.738158226,2
element_1573,652.6567071,0.236966007,27.4992598,55.934166,36181.1,3.8367318,38.57723801,48.5409982,17.66934059,12.00951767,67.4776535,18.33507729,2
element_1574,854.7570856,0.215058947,27.09681736,60.01850348,19846.7,3.605646951,40.56282529,46.88865676,17.24938032,9.566116333,74.30213928,13.80313206,2
element_1575,562.6892934,0.104376475,27.55987691,55.95143815,19503.4,4.583452273,55.71503639,47.87997579,18.36088618,7.922492981,78.80477905,11.07467461,2
element_1576,492.1268501,0.227322623,22.75413146,53.65808477,204445.1,3.571818045,24.35813853,61.69242936,31.56127429,28.82291603,30.34895897,32.10118866,2
element_1577,477.8912498,0.018976594,22.95128304,51.20009497,192283.5,5.393736304,21.15313179,61.75848916,31.25166943,32.99147797,28.71875,35.07629776,2
element_1578,814.1115667,0.985182861,20.85774001,75.90639648,11970.2,3.450757966,25.97193306,62.59319087,32.05066226,20.26257515,36.51520157,40.0764122,2
element_1579,867.6589884,0.691267868,20.15463594,90.30831964,33232.5,3.221476959,26.14970887,63.07620263,31.43920048,18.76190758,42.21219635,36.13280487,2
element_1580,874.6047858,0.419871958,21.68270043,75.5314811,165723.6,3.119931776,28.00553393,63.87733345,30.7094203,17.71077538,47.91125107,32.7506752,2
element_1581,1072.656771,0.914454424,19.56402471,138.9021917,76617.5,2.533919245,26.89462796,64.99731009,31.57443067,13.92988491,56.00373459,27.20601082,8
element_1582,2289.600616,3.784491186,11.06268875,271.1760329,62032.5,1.835673371,22.28857726,65.94737653,33.30400797,17.58922577,41.2612915,35.25813675,6
element_1583,2165.385901,3.099821056,13.1244242,257.367221,15197.2,1.767389397,22.95520289,66.59752086,32.50094679,17.72958565,40.90933228,34.45661545,6
element_1584,1976.985993,1.476557621,13.17386967,263.5947821,55415.1,2.292429077,25.43703055,67.45494288,32.15993039,17.63387299,41.39625549,33.72861099,6
element_1585,103.8649407,0.035991239,28.87908554,46.36146612,135645.4,5.685470892,28.76616661,51.59295138,22.13335361,5.19358778,83.72524261,10.35157681,2
element_1586,131.4157939,0.038156046,28.80431033,50.62467063,26028.4,5.431578601,29.80532112,52.0633631,21.68004454,5.881944656,81.71003723,11.26026344,2
element_1587,148.7444654,0.03886841,28.85102062,47.88215959,106558.8,5.464352034,27.7724155,51.18622293,21.57595732,5.033279419,84.25597382,10.05771255,2
element_1588,375.655754,0.059594512,28.1905811,55.49135337,46755.2,5.290602416,41.02385539,49.11597105,19.63284668,6.699782848,81.3516922,10.12361813,2
element_1589,495.759537,0.086689668,28.32991703,59.28367329,47014.6,4.940622283,44.32066517,47.9005121,19.64427654,5.665061474,84.55460358,8.098006248,2
element_1590,1167.900917,0.547914289,25.90823203,72.40386578,5537.8,3.236730994,38.23357441,45.45474122,17.13209867,9.993835449,72.77721405,14.90651894,2
element_1591,825.91596,0.159485873,27.05494802,60.76303896,14627.3,3.675840085,45.11865421,46.05114035,17.72642871,7.309457302,80.10231018,10.32648659,2
element_1592,1177.237052,0.669171393,25.6575937,75.14571516,7802.6,3.568428861,37.74135334,45.27094577,17.3084749,10.11881065,72.12709808,15.11573982,2
element_1593,808.9971615,0.156881154,27.14989745,65.73595947,6016.7,4.014651273,38.87181301,46.06321474,18.27520673,6.740524292,80.64414978,11.46028137,2
element_1594,701.6050665,0.718466248,25.36579631,36.48856974,116685,3.231150555,35.17450705,62.82730811,28.68352426,20.81107903,40.27840805,31.16287231,2
element_1595,497,0.718466248,25.4,55,67118.6,3.231150555,459.4112567,62.99375,28.23125,0,0,0,2
element_1596,938.1545223,0.985332546,22.8531256,94.56356278,45761.8,3.170096839,28.67665908,64.55107271,28.45691772,15.96205807,49.21546555,24.77342796,2
element_1597,756.6900193,1.021556613,24.8651058,60.15340545,34541.4,2.816453525,25.52069169,63.74862859,27.58557669,13.04340267,59.0750885,20.57115746,2
element_1598,1101.690339,1.407527714,23.07948968,52.86291671,32577,2.666551851,28.71426499,62.11462093,28.27325731,18.05016136,43.85373306,28.39483261,2
element_1599,1125.314985,0.822493894,22.99232458,107.908518,12659.6,2.432089945,26.76923788,64.16961768,27.01336438,18.75467491,40.456604,28.27863693,2
element_1600,1147.914052,1.264184037,23.05527873,75.83119658,15737.6,1.735571226,26.21049104,62.87961443,27.00770234,19.5455246,39.01157379,29.77320862,2
element_1601,1366.81572,1.375675954,22.16930213,65.59695638,7646.3,2.205009716,25.71832135,61.89846009,27.51120516,20.52651596,37.73011398,28.27126312,8
element_1602,1348.730853,1.025487712,22.66138277,75.90235043,4392.3,2.06211711,24.90507947,61.77266751,27.11200454,20.56532097,37.49956512,29.6349411,8
element_1603,85.58092603,0.08758025,28.89491086,90.15618895,103186.7,3.968501772,25.13674819,54.97142386,20.95415443,11.13555527,70.77388763,14.33248711,2
element_1604,106.7703941,0.140787301,28.85487972,64.68028063,79906.2,3.594768817,31.05852218,53.86952678,20.75593902,11.4053154,65.03440857,20.94338608,2
element_1605,106.3468846,0.19204063,28.8229486,82.4072323,17402.2,3.212106371,30.18332966,54.26597679,21.82783442,13.1657753,57.81116486,26.16424751,2
element_1606,118.2712918,0.108605671,28.74779657,52.04464784,55470.5,3.784515613,27.51499672,53.79905246,20.06356044,12.08282852,65.17668915,19.69673729,2
element_1607,141.7224121,0.070191884,28.54001021,67.22161359,9268.4,4.518791408,27.85837174,54.24670034,19.66639665,13.99787903,64.21881866,19.19723701,2
element_1608,344.4806323,0.225468022,27.53531412,62.46181169,34089.3,3.347131356,28.19509758,52.70202462,18.74527728,14.47921848,60.63776779,22.84615326,2
element_1609,256.905188,0.137849754,27.72784018,65.79021616,14959.7,3.847854965,29.64144079,53.244846,18.8797478,14.62404823,62.06258011,21.08384132,2
element_1610,419.5533909,0.252321327,27.25913904,59.6718098,11813.3,3.347107103,28.93384451,51.82826582,18.51455723,14.18333626,60.94222641,23.1455307,2
element_1611,439.3435647,0.258145492,27.05601467,61.95021498,14904.8,3.313973675,28.6548667,52.1682269,18.39518778,15.42583179,57.81424713,25.16539192,2
element_1612,1142.139922,1.284176829,16.81808291,206.3524113,93374.3,3.02823,26.78656802,56.90648769,35.82535663,23.38020515,37.73319244,32.6965332,8
element_1613,917.0481715,0.328445155,24.77002833,131.2754421,91073.8,3.14485136,25.71806035,42.21078248,25.61754181,16.93228912,56.234272,23.27470779,2
element_1614,1622.933527,1.866012315,14.34873224,239.5296279,92395.2,2.684788485,26.01036769,50.29074055,34.90012302,23.59958649,36.91604614,33.00301743,6
element_1615,17.1767996,0.052246059,8.518076872,290.0417624,133282.4,5.168837142,21.27502088,48.80716381,49.37153367,21.29543114,44.73937225,30.53874588,5
element_1616,120.3706085,0.106898578,14.89888358,120.3723326,156251,4.223421068,26.19518164,58.69016649,41.05114607,16.98013878,57.13990784,18.9744854,5
element_1617,990.9243021,1.196062925,19.69573759,115.7699056,71698.3,2.453601191,28.51123674,58.06080637,31.78807064,21.7721653,38.70345306,28.48859215,2
element_1618,1009.50567,1.517886815,22.7320586,144.0478332,72749.5,3.127914157,27.90261601,59.00038135,27.77454586,21.05373764,40.34716415,30.5034256,2
element_1619,1423.74594,2.11636742,18.05878272,134.5801487,65621.1,2.580427139,24.22077733,62.35494167,32.75413376,20.03310585,39.80382919,34.52820206,8
element_1620,397.0938486,0.088329848,28.30601355,63.68806585,62643.7,4.935105828,36.4237709,48.2171755,20.704423,7.242854118,79.95651245,11.08069801,2
element_1621,833.6387176,0.436809828,25.85679773,128.4991753,57540,3.018217265,27.11528761,44.97726253,23.36538354,17.36981392,55.23692703,25.43940353,2
element_1622,481.4443813,0.347104166,26.90041772,91.29774424,56306.2,3.552685867,27.46663332,53.75180272,17.97747963,17.08807564,55.49433517,24.91578865,2
element_1623,1141.219756,1.392704889,21.2570814,113.6641538,55304.8,2.463524827,28.87231968,59.35926007,29.13413861,19.19379807,43.75180435,29.61897469,8
element_1624,1742.529495,2.185047233,11.79416762,413.8833329,52200.3,2.593711175,23.29104647,46.01281309,37.36275583,25.5443306,33.27484512,35.40208054,6
element_1625,1683.039681,1.883826146,17.90813439,122.883097,86961.5,2.393903473,28.39908417,54.77240291,31.68103276,22.75313377,38.58089066,28.96982956,8
element_1626,200.9192663,0.38377739,28.46505825,86.55290022,88615.1,4.051665424,28.62024065,55.63286453,22.56190937,12.90497303,63.13089752,19.3665123,2
element_1627,552.1514076,1.641992332,19.12435678,219.7859017,43272.9,2.068974564,26.42776214,35.67669513,31.58369331,25.79509163,37.49429703,29.70270348,2
element_1628,1923.603225,1.430305306,17.83400533,160.8796398,98654.5,2.501767949,28.29120541,53.31503651,31.17439609,23.74687958,36.85005951,30.39259529,8
element_1629,1143.736965,1.547553916,18.80423883,147.0720073,37530.6,3.174540386,26.84841462,52.95690899,34.86314177,24.85275269,38.31813049,33.17040253,8
element_1630,1355.473939,1.30655493,19.64681718,143.2057722,46140.6,3.029565558,26.84676343,65.93019959,29.84501698,16.60983658,48.20171356,27.55968475,8
element_1631,1371.977526,1.300068765,23.77263348,131.1747754,92262.9,3.005364111,29.06376045,45.79411349,15.41939241,16.57846451,54.72638321,24.48776054,8
element_1632,1182.874322,1.173679649,17.57557267,186.4110782,33599.2,2.804601589,28.42702198,58.34275485,34.59309709,21.0422039,40.22280121,30.18344307,8
element_1633,644.544193,0.6250782,26.56079243,106.4715121,32964.9,2.642727148,25.57141928,46.85578898,24.16047496,15.36163139,59.59732437,23.57295609,2
element_1634,205.4337172,0.063662429,28.4922769,60.60491807,32771.6,5.003117758,28.97922572,49.56008251,22.45585408,9.333724976,74.70571136,14.03814793,2
element_1635,1175.630173,0.527320713,25.54251583,145.9892788,29801.4,3.12607825,26.61785592,42.30592355,21.51597538,17.448246,52.62473297,22.49995232,2
element_1636,917.9638988,0.899026589,22.04738064,53.69347048,38614.5,2.738692801,28.68124371,61.75684069,29.81380031,19.53771782,44.68212128,29.47993279,2
element_1637,1076.349495,1.237125186,17.44795726,191.268512,40198.9,2.45909013,28.29240256,60.28987911,33.92696031,21.51917267,38.24811172,33.50883484,8
element_1638,1356.316535,0.86356219,24.2030332,108.1972625,35383,2.986051228,29.35342022,44.57355211,17.78346179,12.70750046,62.72328186,17.6728344,8
element_1639,504.0509393,0.197862085,22.9088234,79.48961109,78300.3,3.426332883,23.34606754,42.04423006,30.31436545,18.15841484,52.50014877,28.60560799,2
element_1640,786.3674667,0.570529711,18.15514217,159.3618306,40041.4,3.04818429,25.57861181,37.57063253,33.01236251,21.87748909,40.81239319,31.1223793,2
element_1641,868.6452459,0.824823343,20.80033082,97.33437597,25914.2,3.765703706,26.5044449,55.50269293,33.86231385,22.53723145,40.62894821,31.93101883,2
element_1642,141.5890266,0.09887922,12.01029831,132.2631561,24306.5,4.475840776,25.88972336,57.39660532,43.76497835,22.47055435,38.25372314,35.83411789,5
element_1643,729.8380801,0.35565509,20.1848036,68.38183118,77287.8,3.031624368,26.35771138,37.94358397,30.94415665,17.66684532,51.97796249,25.64884377,2
element_1644,997.374631,0.698356455,21.33137082,36.70488261,38351.4,2.356165997,25.93948735,36.62064079,28.55030279,14.2276907,57.88039398,20.91741562,2
element_1645,2034.647233,2.796826131,16.60235466,177.4575208,31554.1,2.38572909,23.88175681,52.99190235,30.00985547,23.48433495,35.79129028,29.00469971,8
element_1646,771.50163,0.12110739,22.80537366,104.8709532,42691.4,4.153510392,32.44888951,41.53899804,28.63052474,9.665680885,73.4071579,15.79877663,2
element_1647,1225.876538,1.468225729,11.33973276,506.4837651,58373.7,2.824747532,23.93926608,32.86421029,38.0551802,24.46895981,34.18798447,35.98993683,6
element_1648,899.3827634,0.297927107,25.13460076,146.1330803,18061.1,3.161520506,28.07223308,43.8851363,24.69278286,17.93078423,57.31404877,23.00974083,2
element_1649,1476.296488,1.798457939,16.00279295,193.6497361,18006.6,2.653518045,28.15192518,54.61613829,36.00487421,23.85073471,37.45281982,33.71312714,8
element_1650,2073.156536,2.505523427,7.61972008,578.0046748,17316.3,1.776889558,21.54646917,43.35094877,38.7157514,20.93212318,35.10577774,34.33047104,6
element_1651,111.753931,0.258657269,8.887141974,178.7244884,25406.5,3.433646388,21.56060512,56.84815038,47.0260098,27.56838036,43.43379974,23.63039398,5
element_1652,162.3902517,0.104000943,11.63731815,143.0970161,15265,4.116823315,25.49695875,55.03054774,44.19787214,21.21759224,40.51938629,36.52817154,5
element_1653,711.134926,0.63739971,18.15084404,106.7394207,22187.4,2.827260292,25.54935646,38.13987254,34.06229321,19.59525871,42.360672,30.61699104,2
element_1654,1003.165831,0.437944926,19.64392828,51.48690143,13649.2,3.238354441,28.96806541,36.3044987,30.11535186,17.97986221,54.53659821,26.64566803,2
element_1655,1147.315231,1.288606774,18.46666801,124.6549236,13310.8,2.161191004,26.85360177,60.62705758,32.85084694,20.84502602,37.12866592,35.78964615,8
element_1656,430.6416508,0.503594704,18.0748048,347.2109065,18559.6,2.691311252,24.65228247,37.35896172,35.881969,30.2445755,31.75579453,32.51263046,2
element_1657,1005.124431,1.455541519,20.0807567,112.0402825,13686.3,2.324061684,28.33524502,56.86627979,33.23269328,22.80264282,38.58922577,26.92784691,2
element_1658,72.38606695,0.247487933,10.65539661,156.396833,29838.6,3.488216048,22.74918416,55.81695183,45.63998151,29.09962845,37.86971283,29.65901947,5
element_1659,1063.032312,0.345464391,25.55149166,118.1290849,55971.1,3.314776768,28.83470918,41.33391427,22.53609807,17.83712006,50.85338974,23.44684219,2
element_1660,142.7153633,0.110089861,10.0858594,148.8355378,24933.9,4.054404145,25.4660321,57.58683747,45.46739731,21.37333298,42.13166809,30.5075016,5
element_1661,1018.299193,1.176292007,20.53106592,83.04063039,15719.7,2.765148456,26.6269332,60.54107626,31.17710795,23.26991081,35.50811768,31.30167389,2
element_1662,813.5193208,0.332217144,26.20881276,122.6262759,12608.1,3.189087578,27.66933536,45.16020349,22.0709436,17.91889572,52.85922623,27.06721497,2
element_1663,1066.840112,0.344896582,21.25277671,91.35544684,13302.8,3.075500167,28.42102179,64.74938657,30.22765671,13.19941807,60.87940979,25.3898735,2
element_1664,304.3085285,0.249922587,27.22204404,118.1927929,13522.8,3.533622967,25.76066285,55.25219432,18.37876261,19.31863403,48.08979416,27.49512672,2
element_1665,448.6360815,0.205260764,26.11421526,148.1151337,85379.9,3.422658504,24.85982452,46.54127193,26.8456861,13.74712086,63.44443893,20.52781296,2
element_1666,987.4895049,0.499009972,22.8211981,118.8848401,35419.1,2.645837629,25.23473649,40.82505781,27.39164303,13.30195904,64.03713989,18.25357819,2
element_1667,946.1384638,0.320008691,22.28395066,54.82068417,46020.1,2.924443745,25.11946212,38.87233711,27.90448194,10.95925522,68.64194489,18.16222,2
element_1668,1136.692982,1.728440453,20.09847088,81.85786961,13264.4,1.962248301,27.13109075,54.81033053,32.826426,25.51579285,38.18220901,30.62900352,8
element_1669,191.0541191,0.180404955,27.95174711,67.80551174,14316.1,3.648924201,25.17694811,50.02029812,23.95201587,10.41462994,70.340271,15.00062847,2
element_1670,904.7690367,0.44176823,21.49608759,38.34003837,16805.8,2.686504946,25.24853265,37.78775718,28.91598384,12.4910717,64.02310944,21.12770462,2
element_1671,611.3384389,0.202185935,24.76039368,163.8156135,29154.6,3.396939027,25.63001087,44.23598302,27.36828104,13.60500908,63.24767303,21.63555527,2
element_1672,757.6447511,0.254106902,25.36675429,161.6967738,9077.6,3.19505165,28.23598786,44.50465351,25.29289072,13.37627506,62.85565567,22.10726357,2
element_1673,849.6400946,1.986358731,20.36877006,115.2905302,17426.7,2.392906154,29.74228785,58.13800184,30.02312242,19.90097618,43.08851242,30.49526405,2
element_1674,121.3034889,0.097440329,28.48466379,92.08490863,17746.7,3.917703846,25.53592911,55.36212943,20.06312749,16.25318909,60.58719254,21.58601189,2
element_1675,1212.524049,1.183150774,19.71060058,105.4892594,11553.3,2.086996521,28.00190631,59.57111065,31.30712828,16.11021805,47.2115097,23.9421196,8
element_1676,406.2014648,0.141787143,24.99664737,135.506199,37216.9,3.646041777,24.57275613,44.80337852,28.91851188,16.058918,57.6360321,25.1865654,2
element_1677,941.1125508,0.176740396,26.09950741,121.7461182,5435.6,3.489859619,26.00590688,42.76162213,22.62606047,15.96827698,63.41429901,18.00054169,2
element_1678,839.9077031,0.319598189,23.33512448,152.7192018,16680.2,3.292771719,26.43666065,42.68114379,27.27198347,14.51920033,60.84606552,22.4544487,2
element_1679,143.7628636,0.08680041,28.56851025,96.13589337,19645.8,4.333433629,26.07118569,56.78746183,20.73769907,17.95207405,55.82511902,24.50165939,2
element_1680,1425.486176,1.033381186,17.50824855,159.9991255,11842.4,2.469118908,26.89297739,58.60155567,33.32620107,19.57111168,40.28543091,26.08556938,8
element_1681,1216.732215,1.519816138,19.22897911,86.8153623,10408.7,1.896635957,25.44284306,56.0056444,32.53664256,21.96689796,39.94367599,28.38375092,8
element_1682,752.6758012,0.303821959,21.97658725,62.82402347,24013.3,3.094834144,25.48500658,39.90958911,29.74615729,12.71806812,65.51390076,19.5140934,2
element_1683,985.7820845,0.364955659,25.45816661,125.9445459,8082.8,2.744242042,23.47228196,43.39457207,23.38445558,18.73456764,55.02553177,24.38031197,2
element_1684,321.1868844,0.169048502,27.18189831,84.84140027,12912.2,3.453436142,23.69984768,48.91557766,24.71522125,12.02322769,67.26987457,17.4519043,2
element_1685,878.5018452,0.716353156,20.83015623,102.3823936,11858.3,3.269736466,25.34062928,54.1596513,33.99111948,23.76573372,41.1784935,31.24314499,2
element_1686,340.1541658,0.202080856,26.65763302,109.9609893,55514.1,3.404285844,24.67016947,48.18577761,25.89797274,13.4523344,63.41537094,19.74046707,2
element_1687,758.0428644,0.253411397,24.27156673,157.9439911,12698.3,3.140348278,24.29933367,43.32775275,26.6133094,14.22626877,61.46051407,22.77858353,2
element_1688,977.1614638,0.243797891,25.97332866,63.25212454,6926.1,3.336269454,32.34198962,46.09620655,16.69476684,10.92922783,69.9892807,15.91316509,2
element_1689,200.7144108,0.121346456,11.69867679,140.6131966,4375.5,3.791277839,23.94293861,53.89360576,44.3924496,21.05916595,41.00541687,35.7036171,5
element_1690,157.4223119,0.086979888,28.20179724,98.29301282,6124.7,3.962736429,22.58822912,56.07852379,19.67471279,19.11369133,53.77753067,26.96292496,2
element_1691,828.007769,0.774117922,24.71017388,36.56847662,2264.9,2.760597021,31.65129629,62.53882747,28.85158013,18.55997467,40.80934525,34.3829422,2
element_1692,179.1253167,0.091404827,11.81231352,142.3504805,10221.8,4.21315841,24.45381956,56.09388303,43.7675996,20.75,40.625,37.2857132,5
element_1693,932.7591172,0.576974561,25.11522767,131.0003561,4415.6,2.492954467,24.46758681,42.72004167,24.89614092,17.18217659,59.16458511,21.78068733,2
element_1694,932.8763759,0.210678684,26.11467293,127.4180128,2209.4,3.175012248,23.80149611,43.21068183,22.35236571,14.94322872,62.14218903,17.37604713,2
element_1695,864.3868876,0.894887921,19.82499773,149.8876593,6596.8,3.042273447,25.24061668,54.32963489,34.98771587,29.88834,31.56030655,38.145401,2
element_1696,3337.454476,2.338624638,5.384394206,404.130093,1591,2.904043725,23.93135522,67.78903497,33.62141682,17.77529716,41.11458206,38.62427902,4
element_1697,1126.970186,0.875873558,20.03078999,93.94971917,2555,1.651248157,24.3276242,56.50753146,32.48457928,17.45912743,43.02261734,24.23010826,8
element_1698,721.0472967,0.21109209,25.91541701,138.3552969,4386.6,3.00087497,22.28792195,45.70338632,24.52842214,13.42345715,62.4459877,22.00987625,2
element_1699,193.6382019,0.144207708,12.87286321,124.18277,1668.7,3.431671474,21.74956428,57.36762633,42.82419011,20.846838,40.50345993,37.25860977,5
element_1700,984.9515812,0.354416899,25.37383485,129.3923077,1232.6,2.643047781,21.42299384,43.55677343,23.83934891,18.19318199,54.30568314,25.01298714,2
element_1701,146.0579791,0.116655409,12.76639992,120.4499038,752.5,3.71403611,18.5216617,58.14544196,42.85878983,23.01988602,38.13920593,36.95779037,5
element_1702,150.1134758,0.696564214,-7.388234028,398.9821027,7144.1,2.491489727,20.38155813,67.66676913,68.147833,14.89673901,38.318573,36.92329788,1
element_1703,33.2942188,0.150298388,-7.453946505,344.7856071,5062.5,3.393023312,17.73647603,69.73894096,68.2128906,14.95584583,41.36816025,38.75902557,1
element_1704,16.17565134,0.116131161,-7.656035142,331.0577137,2164.9,3.611586192,15.5398512,69.54406954,68.64819489,14.55840015,42.22623825,36.50257874,1
element_1705,34.11414103,0.128446468,-7.912502827,329.7468913,9951.2,3.498977222,17.61310294,71.0777655,68.45720164,14.99298,40.75394821,38.61476135,1
element_1706,22.23549139,0.122007427,-8.347617027,304.613958,11581.4,3.697871075,15.57674712,68.78797578,69.55402034,14.67337227,40.56695175,34.87419128,1
element_1707,23.6946449,0.121023852,-8.799943227,293.8333689,7998,3.866311607,16.93112447,69.28674747,70.1884484,15.4932785,42.21808624,35.34352112,1
element_1708,22.04656518,0.087006568,-9.287805533,280.0390082,50906.5,4.157922008,15.92948437,70.38815647,71.43953971,14.15492725,40.47224426,34.38055038,1
element_1709,20.4461444,0.087681298,-8.630558625,307.9994519,5039.8,4.075955005,16.89417758,71.37666273,69.31145421,15.47856045,38.86026001,37.81256104,1
element_1710,25.74155717,0.099265835,-7.65587737,341.7483534,17407.4,4.102786444,15.13679823,71.79928585,67.74872154,14.60810947,38.97473145,35.86686325,1
element_1711,104.8531236,0.526530849,-5.371954111,482.1538405,2467589.3,3.368208674,19.54501355,68.06983937,66.43133443,15.35687256,47.29973221,31.33867645,12
element_1712,129.2455569,0.648369024,-4.578972505,560.1430818,130409.3,3.284904668,22.02417976,64.44555917,65.91369905,14.34531689,50.85691833,28.28859711,12
element_1713,23.40888557,0.121758256,-4.194117864,495.7842479,2278501.5,3.69616674,20.50749142,66.16487458,65.53883295,14.47916698,53.32026672,27.85662651,12
element_1714,145.0413351,0.535947117,-3.703160839,547.5065083,13244.7,2.740575237,20.00075396,63.51420644,65.07715323,16.55500984,47.8208847,29.29820442,12
element_1715,62.80262063,0.17720729,-2.614462603,530.6373274,102307.2,3.645514175,19.7850397,64.44778129,63.9772921,16.02555275,52.6900177,26.39664268,12
element_1716,55.7397134,0.166277509,-3.814475553,512.9914644,12817.5,3.540559681,19.13065978,67.47167266,64.78613025,15.73002434,49.19135666,30.03189659,12
element_1717,29.93326004,0.132423884,-3.114904562,527.0491337,2258665,3.915483469,19.66517764,66.20875954,64.42148723,11.30010319,57.95277786,25.79182053,12
element_1718,46.50716241,0.186648925,-1.793056901,554.0713452,2217226,3.672150375,19.59723536,65.45020595,63.08458299,13.23011017,58.36826706,23.63034439,12
element_1719,88.46219757,0.172335687,-2.973542786,542.2402531,34368.5,3.6346692,18.77909988,68.47788697,63.54611081,13.30836391,54.25867081,27.38825989,12
element_1720,88.03980681,0.256911397,-1.077952925,538.7969651,10897.9,3.157809688,17.68482135,64.13180294,62.2172376,11.34279919,61.2896347,21.37152672,12
element_1721,65.57035525,0.236281075,-1.647948374,527.1130528,76652.3,3.11059858,18.16837243,62.98793334,63.1726894,13.89051628,56.30479431,23.83451462,12
element_1722,81.12182625,0.331058828,-1.283407316,575.4870091,2203817.3,2.979708582,20.00196177,66.45297335,62.32629134,19.40308189,46.64106369,29.57484627,12
element_1723,75.71611925,0.251632796,-1.023207908,568.1564884,4653.6,3.156908476,19.78338631,65.37153917,62.11669634,17.22358704,50.84759521,27.01832581,12
element_1724,124.7380637,0.410796954,-1.65630106,556.1821337,37416.5,2.865864867,18.25933963,61.18108907,63.0172951,15.12026501,52.03595734,27.25232124,12
element_1725,230.1808485,0.928326447,-3.610888886,575.6808191,27125.9,2.776582771,19.44042719,61.44477209,64.47842969,18.0254631,40.99494934,34.62674332,12
element_1726,58.82569899,0.285380056,-0.744332547,549.9003341,2183977.3,3.163493483,17.9854454,67.92768115,61.64435247,16.5882988,53.70817947,24.95678329,12
element_1727,52.04097888,0.120044512,-0.270596056,545.5101026,14364.7,3.92210745,19.0188892,67.05598289,61.22791519,18.75290489,49.944664,26.61939049,12
element_1728,194.5888697,0.643833844,-1.271791982,583.0262035,9831,2.746736616,18.30283495,60.27902852,62.3724709,18.87709618,46.09749985,30.75862694,12
element_1729,102.6133573,0.290869948,-0.668691651,538.5888614,9936.6,2.886181193,17.38602669,61.97629663,61.85273569,11.07120132,61.32392502,21.63079643,12
element_1730,32.32877333,0.061367923,-0.279496211,535.0927875,1139612,4.393912571,18.56916053,69.12408793,60.85565709,17.06316185,53.56624603,24.36899376,12
element_1731,73.46286421,0.081310157,-1.294422529,541.609991,1037761,4.3702328,18.10757408,73.18630095,61.36537936,16.64016914,49.91833878,29.24746323,12
element_1732,50.92804642,0.116190563,-0.097241544,519.7680833,1060417.6,4.057812291,19.11350478,69.8226385,60.07955801,17.43017197,46.69331741,31.66453552,12
element_1733,67.30805333,0.077119146,0.475520111,521.5943829,73286.9,4.274378645,18.72246506,65.78054246,60.24599664,17.90031433,47.70847702,30.08237267,12
element_1734,49.89671271,0.07841715,0.579939464,504.0518429,1020244.6,4.274149035,19.39215524,68.7576866,59.29090554,18.46319389,43.15625,34.73746872,12
element_1735,90.48055118,0.086621374,0.140209533,511.3114639,34893.6,3.982469227,19.43658676,72.1773214,58.81109424,19.42536545,41.52206421,35.36191559,12
element_1736,53.95590856,0.047397261,0.97560769,493.5651136,1003872.4,4.8072193,18.07547454,67.80759043,58.78831828,20.62812233,43.31445313,32.29853821,12
element_1737,87.07299346,0.098593069,0.509676253,482.1887727,12660.1,3.933570053,19.25183559,70.12820931,58.57497463,20.48412323,40.65927505,35.04990005,12
element_1738,56.74515194,0.035905819,1.319176981,492.249438,8260.7,5.014645521,19.19073608,66.92576889,58.31663468,19.8881073,41.81824493,34.41149902,12
element_1739,63.32311369,0.105803643,0.921774306,484.5221175,989682.1,4.266200585,18.85633594,68.37557064,58.39465924,17.58195496,44.55131531,34.16396332,12
element_1740,88.08005693,0.096569498,-1.219018912,568.0604465,770382.6,4.006160521,19.32242974,80.89851957,60.17372781,15.48464966,50.45733261,30.09044838,12
element_1741,98.62623273,0.090046393,-2.609128226,575.3921608,82130.3,4.119050985,18.41864272,81.19158543,61.69501174,14.86911392,51.62464523,29.12226295,12
element_1742,54.48018114,0.066946508,1.42398593,486.8840794,385683.5,4.439899911,19.32886856,67.84034272,57.82401938,18.90469933,42.934021,34.46212006,12
element_1743,136.8934053,0.061297016,2.451820552,383.9662234,600578.8,4.528537115,19.3703528,67.65495218,55.44279787,27.53330803,26.82486343,41.68222809,12
element_1744,67.79649952,0.05538069,1.932213317,486.0814108,294816.6,4.655694082,21.77249551,66.52822802,57.52576868,15.91442013,43.84477234,37.062603,12
element_1745,148.5058818,0.37338189,0.907408303,534.4724224,87134.5,3.302305111,18.90081017,62.07594717,59.79926766,16.55143738,46.30793381,33.26450729,12
element_1746,148.5667529,0.237889609,2.313473839,507.7200131,79135.2,3.220689619,19.30312004,62.43360937,57.72727312,17.29791451,40.14128494,39.01315689,12
element_1747,84.328649,0.088064953,1.920057845,461.6661009,210215.5,4.21222028,20.55988007,67.07031395,56.89892659,17.58239365,45.8345871,33.23129654,12
element_1748,133.5748649,0.114352257,2.303538922,384.7094013,139340.1,4.089543073,20.61094783,69.42144911,55.56367066,27.08716774,26.29051018,42.61485291,12
element_1749,99.80823563,0.145149292,0.65068208,482.6263399,428450.8,3.629345416,19.21334445,73.52260314,57.57707125,16.57220078,41.34036636,38.77786636,12
element_1750,192.8925848,0.243992205,2.96945766,450.9825833,58259.6,3.295054228,19.3839231,62.46143188,55.85371662,23.49322128,32.12530899,41.0691185,12
element_1751,132.8833119,0.127364259,2.906201781,396.0385394,143823.7,3.882131334,20.56544386,65.18055029,55.37455321,26.02321053,29.32134438,41.31244278,12
element_1752,107.0446939,0.09737183,-0.079591429,516.305489,638850.2,4.047393843,20.36404897,80.38458398,57.96997424,17.14836502,46.40660477,32.98965836,12
element_1753,100.9941996,0.114169934,-0.166598883,528.5354806,62119.7,3.707406583,19.85999264,77.51706573,58.43023589,17.66280365,43.16168594,35.70090866,12
element_1754,135.0755984,0.112590845,-0.060065102,534.8336718,95020,3.912718921,20.30980997,86.77671221,58.73007277,14.98824215,45.82364273,35.88038254,12
element_1755,106.3503926,0.080217083,0.427910121,510.792244,514077.7,4.304392525,19.75444404,82.24511274,57.43904366,17.06670761,45.79439545,33.88758469,12
element_1756,121.6489999,0.090948837,1.8659621,388.7771198,376678.9,4.218970343,19.86420824,73.97590968,55.92284175,25.90106201,27.48502159,42.14545822,12
element_1757,112.2517133,0.035635204,1.706968403,412.3868924,33398.6,5.046182774,19.95268175,71.95750808,56.15008225,24.35936928,29.64936256,42.32585144,12
element_1758,168.2239438,0.174454057,4.382510907,318.963775,30549.4,3.691093677,21.88468125,64.55753674,52.82893502,29.2604866,25.25492477,42.2541008,12
element_1759,254.4573509,0.20335436,3.757669155,353.1387738,80596.5,3.424827233,20.10443953,61.68923016,53.40599629,29.48163033,23.83749771,43.36343384,12
element_1760,666.9650925,1.568462581,1.256156107,511.2380615,342096.3,2.490481717,21.28143483,85.25282456,53.04512967,20.21677399,37.63436127,38.10360718,12
element_1761,289.0825855,0.526880878,1.289115401,511.0839507,133651.7,2.856235439,20.4976764,88.4893982,56.41682145,19.92007828,33.44088364,43.20282364,12
element_1762,122.995972,0.033987195,1.23416243,415.3051701,63357.7,5.057486916,19.93706923,77.67350153,55.78474356,23.50517464,31.76375008,39.8878479,12
element_1763,132.297795,0.090883113,3.091250493,316.68632,251832.2,4.405171007,21.58595023,76.11187863,52.68922234,23.8464241,32.44533157,39.24168015,12
element_1764,326.3006805,0.324437324,2.835737863,332.0534268,6605.3,2.622487331,19.19620211,67.53698156,52.65860534,39.46615601,11.03470802,45.15130997,12
element_1765,281.7704191,0.210409202,4.883646341,290.2697814,88343.8,3.155513494,20.41025531,66.5058994,51.67183906,28.42104721,27.02894211,41.62041092,12
element_1766,316.2322759,0.21546831,3.277078228,308.1144343,50843.9,3.344044928,20.44665498,67.69608718,51.67394758,31.54055214,23.4425869,41.17363358,12
element_1767,343.5482808,0.196945455,4.528998051,253.0088161,19388.1,3.494374323,20.80030244,67.73590936,50.54945626,26.23716927,33.4899559,37.03551865,12
element_1768,298.6832582,0.155289816,2.8222865,302.4914404,35666.2,3.619378329,20.21187392,68.70796039,51.59492286,26.09739494,30.18124962,40.39947891,12
element_1769,371.4690743,0.293650273,2.3974297,328.0652592,8750.9,2.790591312,20.11569388,68.56279189,52.27785508,38.4743576,12.87110806,44.34752655,12
element_1770,365.4523168,0.219683336,2.736486123,322.6458333,17137.3,3.263463901,20.60149523,70.14446198,52.12220506,37.36666489,14.59297657,43.30298615,12
element_1771,387.6429611,0.226963374,3.361839621,308.2067045,19072.7,3.448475693,20.74171968,70.96269922,51.10700427,26.32435417,29.97793961,40.36738968,12
element_1772,777.0484881,1.887490022,1.755536523,428.3000529,195709,2.182476037,21.16673121,82.95636677,49.62895409,20.4133091,39.55200958,33.48657227,12
element_1773,600.9857581,0.497206693,3.454046298,322.1765376,35287.5,2.69609075,21.71077619,79.32966372,49.19343161,26.75386238,33.93619156,34.34363174,12
element_1774,1326.074362,2.308960709,2.503432844,238.5588957,130903.2,2.281220087,22.60825698,87.66966547,47.44144883,17.4293499,41.0968399,36.3669014,6
element_1775,804.7571296,0.881152066,2.379290069,345.4446319,24240.9,2.959057405,25.11337547,82.34572778,48.06590494,21.78477097,34.66474533,34.65488815,12
element_1776,41.10984138,0.143987839,-5.437853373,452.994795,15307.8,3.609423293,17.31101178,70.64853737,65.912347,15.38023472,45.52160263,28.42568779,1
element_1777,68.70587437,0.078972092,-4.830559073,507.5537591,54542.9,4.340289622,18.71110427,72.98146003,64.78907933,14.24399853,53.5821228,27.46204185,12
element_1778,35.06674814,0.123493149,-7.351071358,395.275431,27785.2,3.851662129,16.51118522,75.18229976,67.52530759,14.13508892,43.66022491,32.32448578,1
element_1779,17.32199627,0.201345467,-7.038034262,454.1557692,111252.3,3.489151712,19.27448321,78.05058659,67.22244214,15.46428585,47.9330368,32.61309433,1
element_1780,44.22204103,0.082562212,-6.137045714,490.8728879,94993,4.181063015,18.80635963,77.87785033,65.99022778,13.59431076,53.4157753,28.80257797,1
element_1781,42.80567012,0.084966886,-6.888623745,426.7476062,15956,4.047294484,18.09279495,76.16680951,66.99893238,15.16172218,47.04684067,32.20351791,1
element_1782,53.6071501,0.07540389,-5.24993847,515.5666356,6131,4.129934148,19.21030651,76.60521575,65.16651951,13.2396822,58.09632874,24.43663025,12
element_1783,39.23450412,0.09320868,-5.200131701,530.9113417,61549.7,4.157856976,18.66292523,78.15362909,65.08431123,15.89166641,53.52371979,25.68783379,12
element_1784,73.68051129,0.060419974,-4.084668059,543.8384821,28794.6,4.696089187,18.06043406,78.44474437,63.56434175,14.83067799,52.09574127,28.60609818,12
element_1785,63.89313054,0.070361982,-4.703523162,527.3428761,31050.8,4.272619165,18.47624112,76.1163694,64.48392519,15.3655901,51.98092651,28.82421875,12
element_1786,88.81734052,0.069751612,-4.103229941,541.1353484,14787.1,4.453482332,17.83829124,74.93866445,63.68824294,13.91074085,53.09759903,28.49070168,12
element_1787,79.43292546,0.058493756,-4.09309933,542.5711854,7265.5,4.612731702,18.19726887,76.54033548,63.65057587,13.41153717,51.78456497,30.41784668,12
element_1788,29.93114364,0.149236604,-6.859256824,481.6732152,3761.6,3.442411177,17.15850224,78.7916723,67.18659999,14.15972233,49.58076096,31.33720016,1
element_1789,40.50492212,0.109577593,-6.345047828,502.3633606,150289.2,3.82570322,18.44699044,81.2521157,66.71818661,12.57781124,51.24945831,31.58147621,1
element_1790,28.45721463,0.078925582,-5.48106523,520.6626442,96893.7,4.058330357,17.42119726,82.35525024,65.704978,10.71565914,56.9107132,27.73123169,12
element_1791,58.66926543,0.168780791,-6.257241714,521.5889817,19057.2,3.407052791,21.11961191,84.31275389,66.47678161,14.64184666,44.97392273,35.50869751,1
element_1792,78.89404998,0.223719348,-5.129128756,549.8192098,12288.9,3.020196005,18.63899937,84.0378663,65.19450461,12.7175169,52.23443985,29.31525612,12
element_1793,42.52472601,0.106697798,-4.971182964,539.3869196,83445.4,4.006737761,17.42650909,81.30590791,64.90987638,12.99571133,54.49573517,27.7306118,12
element_1794,94.08885712,0.256489785,-3.994488028,583.2763864,43539.1,3.179996488,17.264186,82.3968141,63.46144139,14.77074432,52.11918259,27.86176109,12
element_1795,69.17100825,0.122827036,-4.212181596,556.578518,14520.4,3.878585141,18.04206474,80.50280257,63.87867279,14.03399086,54.08423233,26.8641243,12
element_1796,90.73227768,0.169002991,-4.383593816,576.6792821,10353.7,3.332475711,17.96665129,84.70039254,64.27941736,12.90495586,51.99652481,29.27807617,12
element_1797,114.0041466,0.26030958,-3.677086933,599.5938268,18686.4,3.024313316,17.15371867,84.54340451,63.24892897,14.07418633,48.82431793,32.30595016,12
element_1798,19.04801086,0.126311477,-7.126237496,462.3483672,3383.9,3.869035263,15.25463302,79.05270647,67.59197257,12.4331665,51.12165833,26.5838089,1
element_1799,50.25507,0.117156933,-7.864988951,435.0070509,24517.7,3.912613093,18.77169158,80.54934498,68.42036806,14.75205994,42.20025635,37.60800171,1
element_1800,31.30806235,0.147575087,-9.120540362,315.7582424,46488.9,3.636717624,15.24742053,75.87384662,70.25130483,13.47868538,38.1635704,35.88494492,1
element_1801,40.18253881,0.181597973,-8.73440372,405.0855069,94410,3.32044487,16.94618134,81.06779746,70.11933984,13.97023964,41.28288269,36.81520844,1
element_1802,36.05061166,0.341128574,-8.909971787,464.9364514,2489752,2.67875708,17.02930285,84.87598239,69.73571445,15.44290161,40.95679092,38.39408112,1
element_1803,115.1843947,0.399749158,-8.719441451,509.703919,2473593.3,2.704516003,20.6700871,86.6104723,68.94628669,15.02938366,40.32804108,38.63523865,1
element_1804,72.14832027,0.223655441,-9.474429167,441.7449007,15514.3,3.089771396,19.86217353,85.80193932,70.63333045,13.93885422,41.94229126,39.84682846,1
element_1805,375.2058765,1.935128749,-9.697611112,532.0641853,29374.3,2.381187799,24.60729157,89.84255706,68.16753844,12.87979794,42.49766159,38.87914658,1
element_1806,65.26218879,0.196448895,-6.786350568,542.3666702,2429256,3.15927237,21.13600782,86.17484466,67.31268441,16.18047333,42.15135193,36.21105194,1
element_1807,571.6372954,2.190872024,-10.06075096,523.3750313,63504.6,1.709503649,21.42985405,92.84671458,67.46498799,13.47381115,44.38612366,36.77381134,1
element_1808,36.52843724,0.183048575,-5.541604415,572.7596923,2349679.3,3.212411594,23.78138178,87.57529624,66.27567676,15.58564854,48.12268448,30.86310577,12
element_1809,49.66376281,0.157302991,-5.306663278,561.0241617,13447.3,3.459248371,23.22825106,86.16319979,65.69388251,14.76023865,49.90526962,29.65267944,12
element_1810,97.14275585,0.296003779,-5.726322333,584.1902056,2335248.3,3.027958182,23.38122649,88.09151146,66.14181323,15.69273853,49.3109169,30.60347939,12
element_1811,62.69393178,0.228622983,-4.976262068,594.7249057,1875384.6,3.261927574,23.49441506,87.93014749,65.43953971,13.99023438,52.29833984,29.27246094,12
element_1812,374.4401938,1.269232467,-7.332766386,556.7246442,456464.2,1.611130076,19.05998463,92.36621115,65.11645165,11.43451309,52.76414871,31.69033051,1
element_1813,296.9376562,0.757532815,-5.664814649,626.9636077,7428.4,2.023814273,21.3427415,88.92781065,64.86910354,10.11597443,57.09006119,28.98166656,1
element_1814,58.06362179,0.133792621,-4.289232175,596.6766548,1865771.9,3.73116746,19.68384946,86.93814423,64.59936489,14.00720024,53.28086472,28.39966393,12
element_1815,230.2705795,0.576016666,-4.58135231,628.2358955,5595.5,2.259678775,16.74343344,88.73990026,64.01423779,12.01017857,58.97357178,26.02093506,12
element_1816,72.21788357,0.188141206,-3.660477129,609.9260283,1844205.8,3.342321083,17.18498359,87.30385476,63.54242859,15.60052395,48.6370163,32.38473511,12
element_1817,109.6532257,0.288775089,-3.19339021,622.311653,1809286.6,2.899978434,16.99330627,88.34092304,62.63571826,16.06847382,41.1456871,40.350914,12
element_1818,118.3741937,0.250065604,-2.946541663,615.5564785,23459.6,2.973601869,17.76305138,86.16135233,62.30642859,15.02316952,43.26699066,38.33562469,12
element_1819,338.7356075,0.816757526,-5.408412139,608.6428651,36763.7,1.773047788,16.83072338,90.86395387,63.4107893,10.96425724,58.39984512,27.08428383,12
element_1820,152.7222845,0.447011056,-3.113167567,628.8263605,1765395,2.290186828,16.85941923,89.55577626,62.06737799,12.22157478,55.89012527,29.89167213,12
element_1821,307.1122248,0.90660711,-4.334657097,608.0186508,237673.4,1.674695835,19.12848825,91.72685086,62.07540751,12.8240118,54.16594696,27.99681091,12
element_1822,128.3653761,0.482886823,-2.41775375,620.5071795,1519703,2.294881204,18.45572485,89.73684283,61.32896912,13.52037811,52.13067245,29.89167023,12
element_1823,406.2334754,1.97969038,-7.613502001,468.2292799,358332.5,1.601363421,14.6975838,97.40066176,63.51551985,12.16126537,48.43772125,34.0190506,1
element_1824,430.1532772,1.097935323,-6.950546729,539.2877101,21343.7,1.664151497,17.97773307,95.28246581,63.05967669,12.22352886,51.75766754,31.34191895,1
element_1825,146.5364769,0.272037012,-2.413105182,618.8919889,15271,2.908585359,18.37085527,88.20594181,61.48391979,13.38579559,48.00111008,35.36336899,12
element_1826,216.6661091,0.639687604,-2.539145817,615.7718653,1500612.3,2.610580578,20.44562735,90.32542913,60.7517202,12.37236309,56.72200775,25.86874771,12
element_1827,377.0333054,1.112619031,-7.680178019,397.3318468,33267.6,1.897211529,16.98910125,100.746989,62.78649033,11.55983257,51.82889557,32.4913559,1
element_1828,316.0141097,2.447246298,-7.638053601,439.3602953,319519.8,0.553242727,13.35007223,97.91497757,63.82131079,11.60984802,41.60984802,42.57954407,1
element_1829,522.9594647,1.91118965,-9.348326903,488.6189335,27985.9,1.574603781,17.72951052,95.36985054,65.4511988,11.79497719,48.79259872,34.21089554,1
element_1830,476.9222304,1.492634025,-8.716688645,405.5739775,291347.6,1.68688039,16.51917366,100.0121804,63.9037263,10.02436829,52.05876541,32.86269379,1
element_1831,276.1695994,1.00564616,-2.50275095,613.6415173,1459463,1.878950612,21.34484962,90.75062335,60.2963569,10.41061783,60.93279648,25.44944572,12
element_1832,134.1708416,0.144669806,-1.589701973,600.273787,32674,3.611098422,19.02530245,87.49748832,60.44747869,13.71872139,50.57003784,31.81881714,12
element_1833,138.4195684,0.173095044,-0.745149445,560.7599118,10480.1,3.457877,20.14872295,89.67399534,59.31007296,13.88111115,46.10017776,36.99426651,12
element_1834,241.5212596,0.803235637,-1.98211211,572.3688877,1445490.6,2.164675877,20.72470062,91.39524555,59.5466264,10.69907379,57.210186,29.24009514,12
element_1835,465.8202684,1.385499762,-5.913666731,560.2929801,182596,1.589126646,17.21958123,94.83467123,61.91295919,13.0692358,49.1866684,32.31283188,1
element_1836,371.7406707,1.162503737,-4.191283767,581.9446069,34079.4,1.52688321,18.60122523,93.27184242,60.81339537,12.59528637,51.65694427,29.29405212,12
element_1837,387.1719286,0.635981777,-6.317227364,374.1216304,171775.2,2.188144821,17.77430946,106.1545116,61.67182571,12.47416687,51.10658264,31.82121277,1
element_1838,576.0087812,1.420176486,-10.49213699,394.4999757,93971.1,1.617017722,16.47113571,99.74193191,65.69542433,12.635746,47.86414337,34.3876915,1
element_1839,451.3366131,1.132279714,-2.928392564,543.1132206,21566.6,1.370263343,18.71287968,93.70910283,59.41957185,12.37294483,55.0856514,28.28170013,12
element_1840,168.1646989,0.338426766,-0.197571018,497.2136106,1410548,2.851374918,20.02204741,92.17271144,58.17050429,16.90315437,37.42360687,43.22441864,12
element_1841,260.4714468,0.891709225,-1.337945587,488.1137431,1034536.1,1.64229637,18.758378,93.63494541,58.36114058,12.31394958,50.77989197,34.91582108,12
element_1842,239.197968,0.566367204,0.26772087,463.0603799,359329.2,2.209178069,20.17573346,93.41576596,57.08572555,18.61956596,33.53368378,44.33362579,12
element_1843,415.5742439,0.536579496,-6.639450776,419.8012576,62475.2,2.30295483,17.32697185,99.86635551,61.73198946,13.37695313,51.55142975,31.40044975,1
element_1844,389.5617432,1.180339828,-5.476498414,508.5017339,99737.2,1.571790711,17.48891224,96.43672722,61.07823401,14.63712406,48.84774399,32.14292526,1
element_1845,375.1293305,0.780547234,-1.877683807,425.7673441,904084.2,1.875170026,19.3235991,100.3042956,58.07430149,14.95420551,44.69018936,35.88594055,12
element_1846,545.8023542,1.168835056,-1.808055408,466.905584,126371.8,1.931599701,20.04869781,97.65608907,56.01278016,13.92312908,47.07136917,34.73288345,12
element_1847,411.2769907,1.365674514,-4.444224841,497.723193,14584.8,1.467795698,16.98340906,96.33637254,60.2118445,15.73716164,42.38976288,36.35349655,12
element_1848,363.9290901,0.544707117,-5.122012741,407.3849395,76813,2.365625848,18.08728309,100.4828394,60.44737697,13.60121632,53.016716,29.40531731,1
element_1849,527.3253863,1.455660629,0.565128285,498.5582486,307506.1,1.531762004,19.28272632,92.36176635,55.0446478,21.60840607,31.38630676,43.09191895,12
element_1850,593.0651826,1.369473278,-1.406049206,527.1829549,36799.9,1.959539855,20.24568968,95.32496205,55.43615568,15.39443398,44.58251953,35.96755219,12
element_1851,437.0014744,0.493953747,-4.013609128,407.3317511,23982.6,2.388006311,19.35743741,103.9954546,59.16456468,18.0204277,42.89756393,34.86921692,12
element_1852,394.5540313,0.37457327,-5.212864643,393.7628755,14036.1,2.551942978,18.81330617,104.3138881,60.08481045,16.70821571,49.53871536,30.75097466,1
element_1853,367.17083,0.583227635,1.925906195,387.6829772,227879.9,2.829278311,21.04551693,91.12649714,53.76159905,29.52968216,21.28219032,44.27884674,12
element_1854,870.6036816,3.013422335,-2.087385368,580.0718066,37222.5,1.636856329,24.25015464,94.13569719,53.80242324,16.92568398,44.42783737,34.27502823,12
element_1855,1045.334249,2.907665348,-0.163062587,583.8732053,32873.3,1.820348052,21.38510196,89.77554939,52.65779607,17.388834,44.67111206,34.01171875,6
element_1856,1326.400334,3.462814568,-1.707811514,487.6129864,194157.4,1.684635131,19.82283612,91.89107158,51.87168508,19.77606392,43.06502533,31.83155251,6
element_1857,963.4722165,1.734563633,-2.882076594,418.1712945,71933.6,2.152360328,19.98127071,100.7344383,54.00581996,13.38070965,43.92577744,38.40827179,12
element_1858,812.2667887,2.060602402,-2.134931326,437.5613892,661622.1,1.960253861,20.20630764,103.3589519,52.96141033,13.73243809,42.99765778,36.26261139,12
element_1859,1746.890531,3.21017629,-6.120720655,341.5121229,59598.7,1.656485628,19.60554225,97.43708111,51.1818003,17.34843826,42.7280426,33.02980423,6
element_1860,1437.637124,2.861107603,-4.90826306,504.669495,56913.8,1.577929498,20.74321258,96.32425826,52.60410399,16.06694603,46.94122314,31.43487358,6
element_1861,948.5474391,1.71173685,-1.887300125,352.4376073,443782.2,1.863743899,19.7448028,109.3873813,51.68808341,16.67014885,50.03300858,27.69943428,12
element_1862,789.3507002,3.388317531,-4.370828726,389.7895055,101799,2.179296837,19.26446281,109.7194284,54.44875275,10.73689747,52.24969864,29.1139183,1
element_1863,1209.417883,2.228603652,-1.395607392,529.6805795,313278.4,1.688100908,19.84666067,104.5949569,50.66618222,16.32484055,44.25042343,32.25785065,6
element_1864,1231.197626,2.315371007,-2.044516105,374.8779029,44854.3,1.673861991,19.86497566,108.8553974,49.93742189,16.72902489,45.05033112,29.87111282,6
element_1865,1021.804021,2.056216678,-0.169245471,388.3842573,148134.7,2.086593692,20.07978428,104.8387176,49.74980113,19.00368881,34.73189926,38.11453247,6
element_1866,756.0730827,1.155064393,1.262219067,327.9273279,131779.3,1.870311326,21.10186052,106.2720125,50.12137367,18.53564835,38.89120483,34.70598984,12
element_1867,958.6144793,1.474400585,0.477538798,308.503623,119475.9,1.580802329,18.9309877,106.3436516,49.49420661,19.50092506,34.40000153,42.73166656,12
element_1868,1259.065522,2.358011964,-1.021856497,327.0334629,10668.2,1.660131909,19.57344069,107.2599503,49.21134109,19.06182861,34.97643661,37.83435059,6
element_1869,1010.706549,1.488422399,0.337708651,315.4834709,101468.2,1.707442381,20.45153758,105.2275999,49.10994879,19.55595398,34.73828125,38.17554855,6
element_1870,1184.465797,1.745963566,-0.420113448,293.6102988,14476,1.785764491,19.94444085,106.3032806,48.68203909,19.42222404,34.29781723,40.29231644,6
element_1871,1109.738278,1.497034405,0.44527325,285.1987799,49995.4,1.398441989,21.35296333,104.6389938,48.50434147,19.86985207,35.85125732,37.92882538,6
element_1872,1742.019793,1.925493118,-0.489868954,285.099092,42960.7,2.061438544,20.25109,102.4497312,47.69909777,20.46883965,35.10838318,38.55253983,6
element_1873,1334.570388,2.57179352,-0.461975471,352.3232569,95502,1.698923264,18.71913598,103.0573718,49.21877961,19.49081993,32.89718628,45.16248322,6
element_1874,1661.782831,2.431088503,-3.439712787,450.5398955,42163,1.616341895,20.92453837,101.4858999,50.47663193,16.42219162,40.02780914,35.60188675,6
element_1875,1391.502528,1.422903815,-0.106948728,233.3578515,37186.6,1.763731531,20.62751591,105.8074493,47.65041334,21.47408295,34.85747528,38.11732483,6
element_1876,1402.863288,1.235484273,0.298271763,262.8040472,12545.9,1.730249848,20.7623111,103.5890796,47.56388509,21.70509338,34.87098694,37.49174881,6
element_1877,1700.548656,1.729590129,-0.661066798,292.4493211,15359.2,1.833853171,20.2276768,101.5313319,48.45951535,20.06003952,34.75136566,39.65133286,6
element_1878,1456.009393,2.393619893,-0.384793144,312.2277592,74104,1.733632337,19.39126907,101.4369508,49.434818,19.5,33.98913193,44.98115921,6
element_1879,1964.483974,2.217909832,-5.617838652,292.6021616,23537,1.621777129,19.71431227,99.10034911,49.87449881,18.43922615,36.67500687,38.28864288,6
element_1880,1493.202575,3.894679005,-0.035897442,255.4485043,43083.3,1.461359406,21.48745919,100.6345869,49.21194145,19.5,35.25,44,6
element_1881,2093.047675,2.669449304,-4.964244977,239.6914947,22961.5,1.790121478,19.40791532,98.65115233,48.57195546,19.51198769,34.44161606,38.54380417,6
element_1882,2275.576026,2.821771825,-4.58242793,245.6921282,20002.6,1.783988889,20.53311624,99.83886261,48.06480274,19.54753494,35.61756897,39.5503006,6
element_1883,84.5622136,0.391089469,-9.620599734,392.5186523,20288.8,2.364786722,16.32667882,82.96899904,71.6956821,13.17690277,40.15745544,37.84781265,1
element_1884,105.8265358,0.434798728,-10.68385898,349.3963115,5204.3,2.076887068,14.40847157,83.77655811,73.5227262,11.9958868,36.06124496,36.05924606,1
element_1885,64.0862614,0.40171146,-10.74159269,325.84546,169628.7,2.549281174,17.51324415,87.06908287,73.53392669,12.22535229,42.15531921,35.21469116,1
element_1886,93.66655503,0.383435517,-10.2889889,372.9906419,25881.2,2.616574853,18.21206082,85.24517897,72.49343313,13.89945889,40.01464844,40.81553268,1
element_1887,105.9921372,0.489378171,-11.31909745,305.8418657,135644.2,2.251463867,17.19904072,90.42737656,73.51673238,13.74401951,41.36677933,38.81794739,1
element_1888,49.70321679,0.209701198,-10.31888255,352.6099252,100541.5,3.110038976,16.98741772,90.09852051,72.12347814,13.709342,42.39153671,40.31341934,1
element_1889,65.12004705,0.25466711,-10.86647941,326.3395937,13152.3,2.937271766,16.69231601,92.64321837,72.34907182,13.5978632,43.04397202,39.68322754,1
element_1890,58.28096957,0.284346075,-9.820840689,390.8480595,73005.2,2.615165876,17.88293887,89.71361398,71.23165175,13.71370411,42.55981445,40.67981339,1
element_1891,65.46735198,0.235400667,-9.95275753,397.1756458,15667.2,2.930457559,18.29275719,87.6791769,71.48119046,13.36581421,43.03092575,40.05329514,1
element_1892,307.3834782,1.907003378,-10.34899478,471.0219376,35859.9,2.312640806,24.68312851,89.51546178,69.65640428,14.21958828,38.47557068,41.7388649,1
element_1893,166.2522746,0.485875432,-11.02182046,358.8140898,34539.6,2.943135093,16.44589835,93.44470579,71.27384303,13.94883537,41.70791626,40.45314407,1
element_1894,121.6006638,0.509332722,-12.45376171,273.1631043,38890.2,2.032185525,12.33562954,91.5483074,75.12854566,12.03886604,36.65975189,36.28327942,1
element_1895,67.96005544,0.401350305,-13.06790841,274.0488364,123854.8,2.531897656,15.47827181,100.090963,75.89581584,12.99305534,37.65593338,39.51114273,1
element_1896,65.12307482,0.526892355,-12.98978346,292.7666952,101065.7,1.858341325,19.51735118,99.63290267,75.48089212,13.88541698,38.85416794,43.07551956,1
element_1897,179.4281238,0.544326569,-13.10730995,276.1646846,17465,2.00215008,14.65374362,95.76630421,75.05174487,12.89267731,39.76304245,40.12229156,1
element_1898,192.303332,0.678134922,-13.47784375,272.3146055,8175.1,1.950872841,15.08465449,102.4924385,75.48167839,12.20611095,39.33177185,38.02083969,1
element_1899,181.9887342,0.725787132,-13.09647504,287.8434249,92684.6,1.945979638,15.39060804,99.28868174,74.8843149,12.45585346,37.46939468,37.60345078,1
element_1900,163.6790451,0.95371817,-12.55866819,290.6454604,46592.8,2.16816965,16.33590604,97.74680564,74.08451554,12.49365997,41.49901199,37.40000916,1
element_1901,189.2461167,0.870319596,-13.38247064,250.5403312,37746,2.206150689,20.95545413,104.8894731,74.77461342,12.43018818,38.7456131,36.990345,1
element_1902,118.7930911,0.542778377,-11.70756226,301.9284438,21406.1,2.552936022,16.33105333,94.39662482,73.26183436,13.46419239,42.17967987,38.95209885,1
element_1903,83.56588939,0.294658243,-11.86090011,293.3856455,10564.2,2.699232369,15.67667893,97.89948503,73.23954403,13.20057583,42.52531815,40.37666702,1
element_1904,144.860672,0.627933158,-13.22380567,238.8748709,88967.6,2.368272682,13.88762848,106.5381003,75.38748923,12.2023325,38.97694778,36.6205864,1
element_1905,84.39969516,0.387048526,-12.12820782,258.5055929,300825.8,2.618243797,16.41611205,104.768837,72.28579789,13.94612026,42.41697311,39.23295212,1
element_1906,66.15742228,0.251062846,-11.83033673,289.8446254,18860.7,3.003951789,17.00749911,100.4735645,72.57657103,13.70484447,42.86531067,38.30472946,1
element_1907,70.67545271,0.295013046,-11.8390973,272.1153898,272745.3,2.925947291,17.00671221,103.0234111,71.98388777,13.36418533,47.64487076,35.07453156,1
element_1908,245.5500253,0.754533179,-12.33261641,287.097001,169239,2.071330729,15.96721069,103.411626,71.18757867,13.71178341,41.37714767,40.3872261,1
element_1909,433.5598945,1.313928263,-12.11182286,374.2165939,98773.6,2.325121458,16.21644365,97.49643911,70.33025297,14.30468082,40.71057892,40.81680298,1
element_1910,321.5764689,0.593446505,-12.22637815,287.0939576,124316.3,2.074937436,16.03911992,103.2504193,69.34487067,14.58936501,39.4248848,40.78500366,1
element_1911,488.4806434,1.055024831,-12.95585275,292.9086107,24199,1.421382722,14.98180259,106.3629661,70.15254669,13.35418987,40.14776993,42.18575287,1
element_1912,582.9893386,1.618743169,-11.88615882,382.7923032,64746.2,2.000064175,16.48035348,100.1471501,67.80200402,14.93146515,43.15662003,36.60482788,1
element_1913,415.4560228,0.533215739,-11.23313796,293.156772,30631.8,2.366157837,16.41675865,104.1693814,67.25290298,15.72028542,40.35234833,38.36616898,1
element_1914,68.76658761,0.302397492,-12.18816645,241.1527923,3255.8,2.71497771,14.88330406,106.5287141,72.51377225,13.55433846,41.27995682,38.73880768,1
element_1915,242.1130582,0.600010356,-12.42714422,249.054022,48933.6,1.997642912,15.49794852,109.182167,71.6299242,13.08449459,42.30676651,39.95431137,1
element_1916,26.87325197,0.15830327,-12.44020049,203.491263,9680.4,3.305392838,12.6817514,110.6304199,73.45549463,12.17612743,37.82148361,35.70119858,1
element_1917,36.70430521,0.15367221,-12.20831944,204.0145157,9077.6,3.271390642,15.86670033,110.7912467,72.94112245,12.85626602,44.53900146,37.36700058,1
element_1918,27.80126825,0.153810366,-12.47265468,180.1178538,368.4,3.49457508,15.81953935,113.2187636,73.07717554,10.0546875,60.94140625,24.95882416,1
element_1919,192.3962268,0.537945458,-12.35089637,240.8281433,89819.9,2.312310494,15.91199949,113.5424808,70.62204945,13.30983162,42.78542328,38.47038651,1
element_1920,5.888197021,0.091055935,-12.53908778,170.7933566,169.7,3.306939934,6.970865163,113.8083641,73.25274794,9.596428871,61.90000153,21.59285736,1
element_1921,48.34570681,0.175650932,-12.89869333,182.0284151,19464.1,3.324537573,15.86214822,116.3541197,72.59547154,13.4265995,41.67217636,39.49272537,1
element_1922,41.73986207,0.290959087,-13.1596879,172.0597035,7956.3,2.758810428,13.41808712,116.8603857,73.34455529,11.26608086,41.4067955,33.1468277,1
element_1923,101.2430995,0.446224753,-13.35246883,235.2916844,217722.9,2.529015705,15.86588972,121.3382174,72.17384778,12.71935844,42.79318237,38.97751236,1
element_1924,92.72840873,0.283047156,-13.01879885,227.0510423,15204.1,2.855022936,16.48317002,120.7197759,71.58990425,12.30193806,45.04145432,38.4640007,1
element_1925,194.8585613,0.716703778,-12.12715423,264.9686958,181162.9,1.902112173,16.80313343,118.6511931,69.61965496,15.04904079,43.01172256,36.03789139,1
element_1926,232.9750431,0.896769347,-11.35200164,294.3949686,94428.2,1.52822845,16.01061347,113.4886629,68.35214896,19.69813347,36.24772644,40.93112946,1
element_1927,332.9773615,0.875350544,-11.65012115,307.0490313,12048.3,1.557521376,16.02360511,113.0247623,67.3637084,17.07908821,40.53074646,36.69046402,1
element_1928,300.2850043,0.566915712,-11.39095018,286.1626409,47301.4,2.066108177,15.85251223,108.8784496,68.46461689,16.06893158,39.94826508,39.69602203,1
element_1929,307.1830545,0.973094117,-10.95896797,305.6043427,41042.5,1.515110358,16.63731369,111.3978807,67.69343085,18.37809753,39.51623535,37.3746376,1
element_1930,398.142591,0.987384307,-11.09780666,313.9925198,17234.8,1.783291699,15.48710487,107.3894564,67.09786472,14.5375967,45.68554306,33.52061462,1
element_1931,411.3280538,1.071928495,-11.13673428,335.3290583,11838,1.511323513,15.62111111,110.3980782,66.5692904,17.28104782,42.02563477,34.30913544,1
element_1932,40.39778468,0.496747585,-13.40344312,193.3571551,937.7,1.587701382,6.598757828,120.9088159,72.95739079,10.86347103,35.31371307,32.70658875,1
element_1933,42.47073879,0.250545138,-13.81374002,274.1526387,23514.2,3.991259342,14.48655758,125.6477152,72.91485915,10.79032135,45.14857101,32.26280594,1
element_1934,275.2031937,1.053707157,-13.996486,330.6034267,2453575,2.246516477,16.23856721,126.7712241,70.74032804,12.7450285,43.83639145,36.38611603,1
element_1935,174.1249169,0.420409774,-12.10669136,290.7578315,27803.5,2.416479805,15.98758001,122.1287689,69.48828369,15.07618332,44.92067337,33.42520905,1
element_1936,294.8985701,1.227819467,-13.73018989,374.9547992,2364893.8,2.505133885,16.70468111,125.2868737,68.6335194,13.13844204,46.28959656,35.97480392,1
element_1937,206.1518332,0.476303985,-11.77026795,289.6410773,2324940,2.175334872,15.90293398,120.605738,68.54699266,18.08700371,40.77008057,36.23532104,1
element_1938,584.0724611,2.493553327,-13.82165378,393.1438464,16357.1,2.030540357,16.88864958,126.1649409,67.84453469,13.80283451,43.2381134,38.04415131,1
element_1939,272.3232265,0.648767633,-11.66771918,292.2505798,26935.3,1.876107505,16.22062628,118.5219627,67.64429142,18.12053871,41.54469681,35.36723328,1
element_1940,346.2336816,1.206300717,-11.94921428,350.6562776,2288653.5,2.754853915,17.23121834,124.5345569,66.59042979,12.00886917,50.51873779,32.57627869,1
element_1941,547.1725197,1.867366272,-11.58252232,347.8274813,2195294.8,2.676280038,16.90434226,126.5423232,64.99288427,10.6416111,55.79141617,29.54738045,1
element_1942,194.7599385,0.224624799,-10.07846288,301.9766496,20008.5,3.222132744,16.69103941,121.5951919,65.93796579,11.84483242,53.8741188,29.10632896,1
element_1943,248.628018,0.572820113,-9.831358873,307.951468,1703181,3.115203515,17.40189149,127.3577863,63.21211134,10.41170883,57.72512054,27.39119148,1
element_1944,158.9074357,0.159788592,-8.596669356,289.0016859,455223.4,3.572524017,18.5149429,123.6337918,63.59312317,10.67569923,58.77932739,25.01685333,1
element_1945,663.521653,1.627099527,-12.80254501,333.3407585,728242.7,2.513534683,17.526539,134.0575492,63.7350332,10.30598831,56.49847794,28.07716942,1
element_1946,192.402644,0.323898225,-9.063712132,286.6225466,917135.4,2.907272713,18.32043933,130.2492129,61.89508646,10.55972099,58.78947067,25.12096977,1
element_1947,210.8248058,0.222672017,-8.612554624,283.2144523,380889.1,3.307018146,17.55296251,119.9337653,63.88660576,10.04257107,59.84807587,23.89693832,1
element_1948,234.9947443,0.242885472,-10.13828978,286.5755978,50592.8,3.247661,16.81099609,119.1291883,65.75506494,12.35730839,53.27492905,27.72373962,1
element_1949,259.0179211,0.380655165,-7.818219185,309.7117007,241620.8,2.584198029,18.38105377,116.1899351,62.61026505,9.556155205,58.64991379,24.78162575,1
element_1950,360.4413274,0.661841285,-10.3500254,309.4417787,98085.1,2.117135281,16.41550176,114.2820255,65.25535547,12.36200142,51.11485672,29.89701271,1
element_1951,241.4394498,0.62721093,-8.340419953,298.3361004,871318.1,2.030464311,17.01116641,127.6979834,61.35354988,10.96573448,54.86046982,26.71678925,1
element_1952,419.2327614,0.804953007,-8.014407243,354.5559476,12508,1.799666745,17.11686283,126.5716477,60.6104906,11.92587948,46.96920776,29.77802658,1
element_1953,696.8485068,2.069077173,-10.6746454,349.4736054,542990.4,1.953366533,17.51647123,136.8903037,61.55177113,9.351779938,59.32490158,25.80155373,1
element_1954,394.4506445,0.765140278,-7.798194347,356.9542453,69036.4,1.934506417,17.11996736,128.6746713,60.2899133,10.66482735,53.83700943,26.93149757,1
element_1955,341.7837475,0.795635908,-8.076099347,335.7724176,834969.2,1.978347316,16.52594902,125.3144333,61.02082659,11.27871418,51.48657227,27.13991928,1
element_1956,280.0898739,0.385263396,-8.265951743,310.2921685,30844.3,2.458429455,17.65200331,124.7444612,61.98382168,9.177444458,60.54866028,23.52971268,1
element_1957,372.7523946,0.675428217,-6.978351006,358.0811002,809266.3,2.311460712,17.53347299,122.5853209,60.97395602,10.93006039,51.30175781,28.06323814,1
element_1958,483.9228502,0.915347909,-6.437479814,443.9760958,15776.3,1.672724873,17.31259521,123.3228232,59.86618954,11.78791714,45.93041611,30.52824402,1
element_1959,255.0048956,0.820706536,-5.493515638,327.6366364,766947.6,1.659635536,17.86569049,120.711469,60.60347262,12.02994823,48.85894012,27.71873474,1
element_1960,286.8614799,0.421225104,-6.647447244,317.1006623,17058,2.447940635,19.70774871,120.626757,61.65329486,9.625817299,58.50400925,24.43748093,1
element_1961,277.7078715,0.871385171,-5.257459353,328.0112887,208376,2.095146846,19.098015,120.7178089,60.21494244,12.11647701,42.93181992,32.13408661,1
element_1962,300.3002537,0.823399606,-5.660861914,323.1556371,557028.5,1.995803788,19.25709574,120.0918495,60.50523084,11.67129612,48.8267746,29.62246895,1
element_1963,682.3119291,1.847347862,-8.665116934,436.8406761,169148.1,1.818130716,18.51190834,136.6397412,58.71315391,8.118644714,60.97320557,24.31252098,1
element_1964,344.0090929,0.724115805,-7.644073878,361.6226816,277112.3,1.979150907,17.76286523,131.5276657,59.54608074,10.50519753,53.31868744,27.12590981,1
element_1965,798.2531286,2.345409825,-7.840845573,429.5483649,87094.6,1.539077716,18.63318858,118.3912374,58.39488994,8.789916039,56.76577377,27.17345238,1
element_1966,639.8908456,1.629959889,-6.433895998,442.1660287,120760,1.497169404,18.29316404,121.4907553,58.50350065,9.47913456,51.0423851,30.05495644,1
element_1967,427.3174453,1.316435896,-6.501472198,345.5289279,542872.8,1.651259481,18.37564528,117.8731444,59.92281054,11.7343874,47.71915817,30.38340569,1
element_1968,321.0222081,0.49843076,-6.28039294,319.0444182,9763.7,2.489293663,18.52134146,118.9253859,60.90118867,10.83814812,53.52520752,27.57676506,1
element_1969,360.2052185,0.430723859,-8.942338002,327.8569718,137536.4,2.367029603,17.56248814,111.9381313,63.686765,9.353470802,54.09210205,30.20219612,1
element_1970,361.775627,0.334966228,-7.287637478,360.7999902,16097.5,2.680767049,18.57135021,112.3731073,61.76362734,11.88582802,49.68130112,32.00168228,1
element_1971,766.8799885,2.219094623,-7.613624976,433.6568944,26659.8,1.346372327,20.21883729,115.0070934,59.48016129,8.429545403,56.85011673,27.17017746,1
element_1972,304.0535438,0.713504942,-6.328196287,335.5999777,503571.3,2.019871169,18.10260191,117.1908006,60.56517966,11.70789909,49.71875,29.46826172,1
element_1973,343.0340278,0.351867047,-6.459133766,376.1510431,40498.3,2.597182115,19.15678806,109.9972866,61.52875157,11.25443554,49.94240189,31.03868103,1
element_1974,454.0223012,0.705207468,-9.581185121,341.9408238,75345.4,2.0853503,16.55833418,107.9730658,64.90332734,11.37536812,50.7448082,33.12325668,1
element_1975,365.2088073,1.144198455,-6.640848899,418.2013533,459505,1.447432172,18.69638461,114.1528049,60.24096598,10.75886059,50.63298035,29.95801353,1
element_1976,368.5481443,0.539481388,-6.530370229,390.4378894,37643.3,2.280694571,18.22496933,113.0413696,60.7984808,11.41652966,50.04859161,30.18489075,1
element_1977,977.1181411,2.686207865,-7.84057045,515.4309781,112920.1,1.572908536,19.110582,130.4645034,56.71504486,8.743442535,56.31014633,28.15366173,1
element_1978,642.4195514,2.129336926,-7.489415609,442.5546929,114195.1,1.537721348,17.70661109,128.748725,58.5479516,10.04861069,50.69356537,29.6697998,1
element_1979,919.2912874,3.346378485,-7.646287955,522.6346329,83388.7,1.397673672,18.53390001,120.9200987,56.65798658,3.755952358,78.36268616,15.31910992,1
element_1980,1160.643863,3.969367188,-8.700205143,527.2233868,5379.4,1.35658681,18.38333854,120.1827094,56.96424551,7.708921909,64.35092926,25.08197403,1
element_1981,398.1562163,0.706087268,-5.101688905,419.4368318,14204.3,1.917955142,19.21096984,110.9548046,59.57254452,13.74081421,44.60909271,30.66221046,1
element_1982,324.6398498,1.179525156,-4.885726611,454.8796154,430976.9,0.978149178,19.94352601,112.5159832,59.52516503,12.1833334,49.78749847,29.0387249,1
element_1983,819.6803769,1.775391218,-6.174827673,541.8566982,32009.7,1.569291805,19.5321624,122.7867243,55.59839645,6.289618492,68.87335968,19.73402405,1
element_1984,819.2626144,2.351438555,-6.579047509,530.6533724,46651.6,1.671397886,19.15730733,121.2134268,55.92350637,6.110844135,72.82961273,16.39429665,1
element_1985,335.9298329,1.200296705,-4.637243797,455.2497436,197264,1.775092686,24.1188851,112.4700101,59.36319663,12.44499969,48.88000107,27.82513618,12
element_1986,628.8260555,2.593453516,-6.301870169,486.988547,233372.9,1.44074416,22.64431191,113.0787049,58.91703555,8.156439781,56.79734802,28.5011425,1
element_1987,712.694179,1.984672809,-5.580311433,450.5252164,18216.2,1.505205172,20.85941068,111.6530143,57.96118741,7.23805666,61.45313644,24.49200058,1
element_1988,406.5822894,0.948554779,-4.649682262,411.8926724,178711.8,1.534497411,18.93730528,110.4786026,58.79702423,12.18313503,47.881073,29.05882072,1
element_1989,774.5912939,1.330801715,-6.694392168,555.8539705,52041.3,1.56538709,19.17430363,124.2583457,58.02593501,8.652397156,55.21843719,28.36772919,1
element_1990,997.8852057,2.167240875,-7.203379166,579.4872485,44283.7,1.52589883,20.11122228,126.1761644,57.29189626,8.032698631,58.23594284,27.99329185,1
element_1991,1042.201725,3.597480515,-6.523007747,466.5069745,18756.6,1.518194076,20.67698247,112.3068406,57.09239341,6.265897274,64.05344391,24.17576981,1
element_1992,1052.095278,3.786945248,-8.63713822,468.0486549,208171.5,1.45505058,19.88718232,115.3787557,57.26114021,7.291998386,62.84575653,24.33491516,1
element_1993,922.0033451,1.934703223,-7.187164661,482.111214,22504.4,1.59957871,19.13458209,119.1541228,54.9687115,8.958454132,62.06531143,23.57047081,1
element_1994,797.2178951,1.562560794,-5.999235716,491.0373677,14630.5,1.844181064,19.03701068,120.4276372,54.66397641,9.953412056,60.00325394,24.16542053,1
element_1995,531.2981887,1.342688356,-4.285760439,394.7659896,150107.3,1.638767228,19.22085283,109.0793018,57.86251475,11.06172466,48.57878876,30.70763969,12
element_1996,921.222037,2.329363617,-5.813426085,451.5807766,11188,1.544924778,19.71780312,110.2588354,57.25270761,6.724999905,62.22661209,24.40872383,1
element_1997,774.8186568,1.638713474,-4.074559184,410.0378819,46440.2,1.622156787,20.15919745,108.0290647,55.88157974,10.10076427,48.80885696,32.30078888,12
element_1998,545.3744298,1.178788946,-3.858429857,423.6071786,90964,1.541792742,18.97055565,106.7027512,57.12289568,11.04970455,46.87911987,33.64088058,12
element_1999,1239.95186,4.33448803,-8.411515163,456.8439812,11916.9,1.808364496,20.21871195,113.9580347,56.09795599,8.512610435,59.04387283,25.85116959,1
element_2000,1159.671865,3.63724739,-8.273436082,440.7372369,149045.9,1.701050307,18.56358845,115.6205737,55.82791361,7.178371429,62.61040878,24.99984741,1
element_2001,795.0381568,1.714867474,-3.12791452,385.2752378,58411.3,1.583288033,19.0266128,105.7939158,54.67879919,11.96547031,44.19312668,34.15919495,12
element_2002,521.2210594,0.912293993,-3.625629205,449.2314316,12436.6,1.587099739,17.98737622,104.9947612,57.16440006,11.50615406,43.72798157,37.42210007,12
element_2003,1176.279719,2.137037079,-6.94629086,415.9056259,42045.9,1.828376725,19.17505363,113.9477405,54.78103286,7.753550053,61.71970367,25.27230072,1
element_2004,908.7908533,2.276008696,-7.534572797,409.1837322,95751.4,1.272758896,18.66540762,116.1539546,55.36917547,4.793749809,66.140625,24.4642849,1
element_2005,1073.606552,1.421138179,-5.835093926,413.9534769,77800,1.760962627,19.45006377,114.3433584,53.84981976,12.79609966,55.75879288,26.56049347,1
element_2006,1381.730379,2.945439432,-9.380882801,499.3755718,17476.3,1.555393019,19.27275533,118.4938368,56.07610387,7.628539085,61.20939636,25.59002876,1
element_2007,348.2290052,1.332092702,-15.13496932,346.2803185,9994.4,1.933834032,16.96561073,129.2468961,70.84482882,13.21287918,35.93774796,38.58416748,1
element_2008,359.2398537,0.913258832,-15.03902421,267.7346535,48105.4,2.706892799,17.75477978,131.6283949,69.88943301,12.69310474,43.7414856,37.05930328,1
element_2009,170.7546962,0.840647892,-14.46897766,222.864087,233392.9,2.787772305,16.58690467,135.1030702,70.13523406,12.95116138,42.65897751,37.69710922,1
element_2010,741.5780254,1.658179133,-15.78481505,316.0357707,40239.8,1.857319315,17.37710012,130.5845015,67.55346797,11.94926929,50.50754547,32.71865082,1
element_2011,493.7107716,1.529119436,-15.38679732,235.8656596,162002.7,2.041225275,16.93135387,136.672375,68.54756721,11.89396763,49.080616,34.88988876,1
element_2012,373.6746327,2.354977207,-14.53355814,217.2932532,89452.9,2.526698083,17.41703879,135.1851874,68.07976439,4.87890625,79.49687195,13.78214264,1
element_2013,633.6241497,1.618997229,-15.52189426,316.346386,54040.7,1.723750723,16.69003965,132.2777218,66.37903965,10.07304573,55.82034302,29.17697334,1
element_2014,796.6060968,2.820142529,-16.24186746,270.9909092,19864.5,2.168634831,16.63434176,138.0092955,67.28399164,12.19536304,47.87697601,34.98967743,1
element_2015,639.785255,1.87891017,-16.06312823,264.4010012,68724.3,2.008812633,16.61830005,136.1550949,66.76324854,10.70104885,52.2169342,32.06290054,1
element_2016,825.9281931,1.607845979,-15.78155711,286.1425637,15116.4,1.791116772,17.80571695,134.5337796,65.74961721,8.279943466,59.53546906,27.2312088,1
element_2017,940.9621799,1.963022114,-16.56157875,294.3722887,28618.5,1.68616543,16.88845533,136.9391192,65.62177293,9.657645226,53.75992203,31.64468575,1
element_2018,10.64352112,0.075464892,-13.61559846,200.5216463,4867.6,4.402753409,16.17372352,137.5101553,71.02412708,14.57925034,35.59726334,36.62166214,1
element_2019,168.8106388,0.692023023,-14.29597737,211.0820892,20718.9,2.76736209,16.62767922,138.7677292,70.37362189,13.67686367,41.91852188,38.66233444,1
element_2020,18.07969745,0.167067252,-13.38900414,166.8869391,20188,3.690380021,15.86631219,141.4844107,71.9674111,14.35181904,34.09889984,39.37944794,1
element_2021,15.9215848,0.112225241,-13.42088049,163.6031441,7152.9,4.229693215,22.63120738,143.6909046,72.17265486,14.17019939,32.11343002,40.38252258,1
element_2022,1.877598643,0.105104235,-13.16923088,175.7448718,7.2,0,0,146.9129332,72.30671234,10.875,28.875,34.125,1
element_2023,45.33848391,0.215127008,-13.26853965,183.9966278,42763,3.835254938,16.28426411,143.8039134,70.87028495,14.93399048,37.7215538,41.12413788,1
element_2024,11.18456095,0.081754949,-12.92319315,178.5242648,5090.2,4.370465545,13.64252082,148.299964,72.04347278,13.41274071,31.63690567,38.16402435,1
element_2025,10.67311849,0.065141741,-12.71059459,186.0583586,5527.4,4.52799105,16.68363183,147.6670194,71.51406605,14.92714214,35.41997528,43.44862747,1
element_2026,3.115516962,0.026413513,-12.61052467,182.9772238,6537.1,5.60446035,13.71850195,149.9620421,71.31211823,13.95058823,38.54362488,34.83189774,1
element_2027,74.51139037,0.440188763,-12.47075377,207.4407523,341227.4,3.125151122,16.85770751,147.9060454,69.90632779,14.65161324,40.85481262,39.8207283,1
element_2028,266.2571979,0.869250728,-14.3719779,237.8916196,41142.5,2.678639449,16.54486304,142.2673418,68.96125362,14.09003925,43.19259262,38.10816574,1
element_2029,220.3339784,0.68543787,-12.79759642,257.0997444,241357.8,3.248011998,17.1632245,146.5829568,67.6145872,14.96763515,43.34588242,37.79790115,1
element_2030,520.7715413,1.592910474,-14.91105082,248.7000746,29892.9,2.447969427,17.31302309,140.1147977,68.19343698,13.63402176,45.01484299,36.91317368,1
element_2031,492.1637103,1.541131992,-14.95515929,261.8565168,196842.3,2.844033177,18.21525439,143.4027514,67.07487068,13.62871647,47.76335526,34.36464691,1
element_2032,1160.474199,4.110234663,-17.52525154,288.5607527,132227.9,1.570132262,16.74040956,142.1346986,65.54886487,12.11586571,47.16383362,35.4944458,1
element_2033,1011.106581,2.593504725,-15.99997344,290.570256,30056.2,2.068490818,16.88095887,145.5160352,65.57528866,13.2140522,46.06263733,35.72599411,1
element_2034,1153.976781,1.827428669,-16.21755404,304.792247,24120.2,1.703877796,17.70198739,145.3539944,64.11515921,12.71840763,47.21080399,35.81726074,1
element_2035,1179.968263,2.140913572,-16.51425873,322.0623401,83888.5,1.905238948,17.05061267,141.852086,63.56967977,10.7140131,52.79417801,31.58119965,1
element_2036,52.23724011,0.297908183,-12.55027441,193.0761494,8710.9,3.476890274,16.50193083,152.7226412,70.29444301,13.65903568,40.72979736,38.31282806,1
element_2037,57.29616259,0.227819305,-12.0926398,214.8286658,64313.7,3.726628314,16.9752062,152.2249956,68.86645361,14.81105614,41.81285858,39.35930634,1
element_2038,20.58473786,0.069336321,-12.18642215,184.3776707,49076.2,4.361327045,15.84608897,157.473167,69.85639398,15.63821697,40.42536163,36.76652908,1
element_2039,92.2159504,0.608978924,-11.8853491,176.9526282,652963.8,3.314023789,16.51742905,161.4501108,68.79738623,14.27594852,44.60128021,35.33206558,1
element_2040,12.48063057,0.06919363,-11.7093713,182.9452724,536994.7,4.467715691,18.10857196,159.5759383,68.73422405,15.23920631,44.58480835,35.81509781,1
element_2041,429.9784466,1.477039861,-12.51731572,235.3252377,108245.6,2.207667307,16.33565332,164.6530201,67.45783757,13.43626881,45.63270187,35.8132515,1
element_2042,219.4998282,0.773148756,-11.98083838,252.1805719,419463.7,2.796843335,17.24342724,152.7516614,66.90729951,15.05677414,43.36903763,37.1088829,1
element_2043,590.5431704,1.672831642,-11.7038059,279.2670592,113948.9,2.094023063,17.04082826,160.6052873,65.32136711,12.95795059,48.42613602,34.41054535,1
element_2044,637.8151505,1.744278408,-12.86306266,310.9458397,41462.2,2.708222831,18.50494875,149.5149396,64.52357141,13.31453514,46.90387344,34.83379364,1
element_2045,292.3872861,1.325038159,-11.25147252,305.6381295,254959.9,2.254330345,16.82194313,152.4373886,64.79853219,14.57724857,44.58567047,35.36976242,1
element_2046,465.7677298,1.342084283,-11.65347576,285.5035676,42307.6,2.12241333,16.9863808,156.2427132,64.96469087,13.17073536,46.14781189,35.98910904,1
element_2047,769.0979648,2.007094703,-11.61063094,370.5572102,189158,1.911111003,17.6325656,151.4114178,62.48443487,10.81790924,53.14426041,31.02423286,1
element_2048,229.7048261,1.411318865,-13.01545246,172.72556,8211,1.850342023,13.47831971,163.6987996,69.38725853,13.25534439,36.42529678,36.27824402,1
element_2049,429.1936559,1.801707323,-13.45396673,199.8129133,14003.4,1.890401988,16.39767693,167.5867223,68.61881507,13.60866547,40.15161514,38.34888077,1
element_2050,141.5312816,0.778079612,-12.66195935,193.5402851,9764.3,2.767618607,15.04988546,168.7753731,68.85033907,13.93886375,36.37792587,38.0569191,1
element_2051,342.6277826,1.170768537,-12.17537662,257.0413164,19522.4,3.040630604,16.52226991,171.410403,68.0384791,14.37828636,39.66915512,39.84113693,1
element_2052,1.116671689,0.019114063,-10.94850474,193.7242165,30.6,5.139969587,0,170.6055707,68.87253058,11.72916698,53.5625,32.08333206,1
element_2053,545.3597016,1.798349414,-12.53095113,263.5946219,11880,2.180648643,16.47794918,174.5247077,68.4168129,14.8226757,38.83534241,41.13138199,1
element_2054,219.5583,1.455617151,-12.00402103,201.3200957,15226.1,2.27526914,15.13729731,172.2767747,69.45393712,13.20865822,37.95756149,36.5205574,1
element_2055,529.0896887,2.126422098,-12.68682766,254.5629591,20819.3,1.805479823,16.1338109,176.1066081,68.92792444,13.81887913,39.02230072,39.90287781,1
element_2056,74.99111569,0.931899017,-11.36014982,201.8732425,1890.2,2.60778794,11.49132358,175.6480133,69.72504808,12.12983131,34.53683472,35.8363533,1
element_2057,468.6541051,2.089232869,-10.61627073,363.7684658,36294.9,1.951355309,18.44933012,178.8769385,67.52123068,15.63776493,37.35069656,38.93802261,1
element_2058,138.6177659,0.831980169,-7.144106682,418.4891848,4871.5,2.328019005,17.87937998,178.1595202,65.13310659,16.92598915,37.51300812,37.44171143,1
element_2059,258.7225357,1.238440599,-9.193094058,378.3487002,39692.1,2.331224591,18.49446983,176.9949029,66.05036983,17.2906971,38.76398087,37.3599968,1
element_2060,28.38606264,0.203656176,-6.594056777,372.1837554,1309.9,2.912794128,12.62177398,176.2291653,64.86255868,15.61827564,38.70095062,26.00554657,1
element_2061,372.5721178,1.359880854,-9.72301021,352.3816502,172111,2.402943952,17.35230938,171.4363607,65.50691707,14.41031742,44.47443771,35.67177963,1
element_2062,129.1236498,1.014926014,-6.759871984,387.8170987,1158.5,2.273592229,14.29748558,175.776152,64.68736022,14.59375,39.63132477,27.7469368,1
element_2063,307.4327444,1.184712102,-6.9194333,436.827818,31254.7,2.601653761,18.20140896,174.0796827,63.46252487,14.15017605,44.11626053,35.84537125,1
element_2064,168.0140598,1.504610441,-5.654152418,491.9416107,30586.1,2.659867534,21.81796283,177.5769532,63.2794368,14.78150082,38.9179306,32.85817719,1
element_2065,360.0141638,1.832250693,-6.809020214,479.587313,15392.9,1.891485936,21.88053518,174.1344437,62.59811532,14.40810966,39.69503784,39.39279938,1
element_2066,422.8880808,2.604376509,-5.657692402,486.4846379,69506.5,1.871869951,20.18893685,169.8508076,61.26557191,11.72520161,48.34745789,31.76124954,1
element_2067,284.2455495,2.474607586,-3.452554379,611.8340633,28668.4,1.926550695,22.97020507,162.6354725,58.89599226,9.705541611,47.40855789,30.26769447,12
element_2068,274.9374003,1.254218,-1.984395692,642.8415861,7216,1.75564808,26.69729516,161.7110156,57.23905407,6.367278576,62.85955811,24.5509758,12
element_2069,204.3554344,1.727100224,-0.677223828,689.6138588,6226.3,1.90955286,25.25888149,162.6601067,56.64194163,7.435606003,46.62920761,23.32176018,12
element_2070,546.4037466,2.53237632,-2.078868806,700.9489649,53172.3,2.394205936,27.59777354,159.7264416,55.75178982,10.0676899,54.94357681,27.10120964,12
element_2071,528.0861394,2.902071771,-1.167652715,856.1318942,16942.2,1.61610523,30.98807917,160.9386626,54.954629,6.345798016,58.22100067,22.59527016,12
element_2072,589.4292961,2.51837953,-0.871317067,971.4416993,6545.8,1.562243246,36.33257888,159.1879855,54.09072948,9.432840347,53.65616989,27.86460686,12
element_2073,323.3312224,2.559055525,0.800827863,1075.421644,5051,1.691290649,33.0327107,159.2732222,53.3701351,4.980247498,56.39504623,20.8753376,12
element_2074,631.1354051,3.479094048,-0.536786804,950.7957595,5030,2.049132587,32.74210788,158.2498817,53.50260537,11.23057461,52.26773834,29.80164146,12
element_2075,366.4270339,3.385000068,0.924050082,939.4238018,8581.8,1.509202728,26.61508881,157.9342949,52.19378548,13.64263725,40.39468765,31.00566864,12
element_2076,260.0477292,1.9337537,1.44601866,918.9714632,11360.4,2.415983404,28.96700336,156.9630442,52.02568934,15.65730381,38.89308167,33.87395477,12
element_2077,518.6503444,2.607730037,-0.153094379,892.7947644,10727.9,2.375251406,30.59215332,157.3521613,53.16278852,16.2319088,40.69000244,34.36455154,12
element_2078,344.093265,1.466730382,-1.023199818,724.5509149,45780.8,2.558229037,27.11802036,156.6578904,55.03974006,16.50891113,42.02745438,33.66625214,12
element_2079,464.3285193,1.749658434,-2.831660781,546.7790349,11534.3,2.099778927,22.1484883,157.8158426,56.50691994,11.41417789,54.428936,27.61329269,12
element_2080,133.0710757,0.845945527,-2.000143951,483.7453055,4450.3,2.298937639,19.01649438,157.3462841,57.45119892,6.533177376,67.68240356,18.92078972,12
element_2081,375.2552521,1.456770183,-2.922204791,506.2170008,17604.5,2.001145504,22.79941849,158.9099677,57.26000841,8.237784386,65.55406952,21.76860809,12
element_2082,124.8391086,0.622805979,-2.166108935,439.6003037,2597.8,1.976692482,18.16030647,158.9632003,58.03344362,2.972685814,77.60697937,13.22523308,12
element_2083,389.8249277,1.887771054,-3.577851271,532.9844847,8001.9,1.698831217,22.48060137,159.9728427,58.0836142,10.0176363,60.09435654,26.63836288,12
element_2084,319.5287535,1.802217116,-4.366267968,544.3095362,31796.8,2.100645206,21.01249996,162.3522292,59.93243133,9.273667336,50.72735977,27.09316063,12
element_2085,382.3322376,1.525814883,-8.151564561,405.3010665,99630.6,2.454575115,18.11645252,166.3350039,63.0742893,12.02114201,50.78269577,31.79560089,1
element_2086,465.0218719,2.296986494,-8.381856992,406.6135778,113496.9,1.827004741,17.52966516,157.7652792,61.49029072,10.82064152,50.48143387,29.79473686,1
element_2087,635.2546323,2.389064507,-8.664844965,487.7578467,162623.4,1.985402741,19.69562051,143.8605706,59.8488477,6.695147514,65.73307037,20.6783886,1
element_2088,6.475054384,0.075165382,-10.74234671,271.6615219,498.2,3.661114232,0.054790713,82.14100177,75.5365253,5.858455658,18.44761086,19.32088089,1
element_2089,253.8718083,0.975859111,-14.8538553,189.6455167,36524.5,1.924483084,9.698224311,97.58168698,79.57878655,5.651938915,31.45196533,19.65841293,1
element_2090,39.15573823,0.283021316,-13.13055757,172.080193,1923.3,2.801473089,10.99596339,112.5481741,74.32932866,10.67584705,29.73622894,33.24172211,1
element_2091,27.49310106,0.168436966,-14.33605759,140.805729,38365.2,3.88190759,13.02242354,142.1297355,75.09384872,10.33217049,35.91341782,30.34647369,1
element_2092,24.57663908,0.165148006,-11.9411614,138.0671322,2060.8,3.146903534,9.742231787,168.6558762,69.78383213,11.03233433,38.35488892,30.94861603,1
element_2093,177.0857902,1.492833301,-11.98013355,139.7318859,2498.7,1.647773382,11.89763319,179.4009671,71.12185168,11.65763855,34.45069504,34.55389786,1
element_2094,279.4901416,4.112084864,1.555227945,1220.682335,4066.6,0.854697943,23.80148127,155.0720371,49.77669286,7.960737228,21.1967144,18.05302238,12
element_2095,-62.76466751,4.112084864,-2.3,624,0.6,0.854697943,23.80148127,143.3863313,56.40466573,0,0,0,12
element_2096,168.4617151,2.438165719,3.26011971,920.3559097,3831.9,1.09715345,13.34252855,171.9798525,53.40940761,2.052593708,26.11293221,12.33439064,12
element_2097,1978.600863,2.135022425,-1.987317885,179.6286396,185501,1.939317412,22.13037012,93.35860954,48.31428559,19.20121765,42.02388,30.4194088,6
element_2098,539.7317473,0.350470323,3.717923308,279.6671717,109701.1,3.035901798,20.53481882,71.88528655,49.7615004,25.06777382,33.21126938,38.75244141,12
element_2099,1542.294815,1.946697852,-3.87206412,246.8406012,73575.4,2.402021667,22.03610375,94.35924604,50.04132776,20.05816841,40.78913879,30.14838982,6
element_2100,120.9644636,0.042713028,1.897353221,363.2496349,66895.5,4.694917075,20.27886017,78.01520454,54.61063582,25.78864861,26.51030159,42.22047043,12
element_2101,274.4702004,0.266115959,3.168405676,312.1575017,205699.6,3.333765729,20.37081385,73.62487651,52.22237007,26.39295959,29.55963516,40.05188751,12
element_2102,144.4910973,0.102293176,2.380122908,331.8399073,27703.6,3.922383996,20.70746813,78.73567316,53.67087768,26.57035828,26.31655693,41.96208191,12
element_2103,1864.380647,2.26540051,0.128559373,116.7367985,43506.8,2.041573781,26.89991646,94.41773988,46.53896102,21.16040611,46.54900742,24.35066414,6
element_2104,153.7271514,0.123164633,3.118631662,343.7268525,35964.9,3.82831663,21.35056276,79.84039381,52.75320737,23.26780891,34.83995438,37.51957321,12
element_2105,234.4842263,0.08186827,4.215520302,307.4670343,13573.8,4.036807973,20.3537043,62.78651682,52.09389339,27.39901543,28.70775414,40.81105423,12
element_2106,229.8625667,0.176132536,3.505884235,354.2049739,22286.5,3.480245191,22.17538913,80.38738916,51.59270662,21.08510208,40.41641617,34.59786224,12
element_2107,1518.142152,0.962759724,0.520036534,214.8867072,5144.4,1.858961299,21.92239864,104.7710025,46.84812813,22.25564194,34.68098831,35.25189972,6
element_2108,150.6843105,0.098652203,3.63000403,299.6852348,19166.9,3.858808339,19.52760338,78.00878503,52.00272642,17.50054169,46.42225647,31.94945145,12
element_2109,2063.541938,1.599162912,-5.732767692,263.8795299,1693.7,1.779891015,20.27233142,98.998995,49.1927228,18.69473648,31.33684158,43.29999924,6
element_2110,448.0108351,3.553486015,-5.245584268,666.0884718,892,1.549702863,17.68845585,135.7509652,55.24126732,3.793604612,48.639534,16.52631569,1
element_2111,743.692687,3.27587167,-6.027835002,666.5617545,2796.2,1.493334078,20.05512627,135.2772123,55.41889373,6.397727489,54.93989182,27.43522644,1
element_2112,339.3784171,2.630636978,-3.533857853,675.777103,690.1,1.522204293,20.08850613,135.1551077,54.96471642,4.964285851,36.63169479,14.99531651,12
element_2113,684.4578819,2.517615933,-5.847097348,616.6810575,60970.8,2.110669774,20.73543587,133.0402596,54.49775639,7.990738869,60.35900116,25.46744728,1
element_2114,512.3252354,2.408915737,-4.038402172,695.7093447,1973.6,1.856122423,22.38250145,135.3453601,54.35972915,7.782379627,53.81438065,29.9969368,12
element_2115,606.540591,2.079509327,-4.716500068,694.0405261,4290.1,2.072797782,26.25420542,135.4700934,53.95440054,8.80279541,54.79394531,32.28016663,12
element_2116,263.3665907,2.208370628,-2.966306699,629.7411164,4575.2,1.930297821,19.00198654,136.363301,54.26605144,8.10892868,47.29598236,26.08504868,12
element_2117,485.5215248,1.739716811,-4.382042977,657.6386017,12049.3,2.657223131,23.49335381,135.8350628,53.3711507,10.02243233,52.029953,31.65348625,12
element_2118,167.393849,1.547972273,-1.862543422,585.0513584,14679.1,1.98182798,17.14929266,138.7088446,53.61531393,9.002980232,46.18414688,27.15266418,12
element_2119,131.2051315,1.2269988,-1.526321792,597.4729634,1998203.4,2.152262287,21.30820234,139.702318,53.5262219,10.72938633,51.81776428,28.93220711,12
element_2120,246.8645919,1.551555682,-1.22959,602.9867185,1935203.8,2.368572347,20.39259987,139.2770332,51.7524653,11.26313305,57.21881485,25.54239845,12
element_2121,488.9464642,1.954659519,-2.946582751,641.5159554,54602.8,2.428652414,21.06466272,136.3200854,52.15151978,10.32561684,59.11277008,26.58494759,12
element_2122,250.7610668,1.123110123,-0.690775822,697.6806294,1872988,3.211417711,26.4527816,136.9053037,49.95828831,15.45354843,57.02590942,24.42536736,12
element_2123,285.415281,1.233213971,-1.74079369,603.6215153,21953.6,2.479178536,21.18407019,136.7482859,51.28452555,11.49211025,61.10369873,24.09236145,12
element_2124,71.09634563,0.286706961,2.346354121,705.6526732,1813547.1,3.851047045,28.08659669,135.5040929,48.64573032,21.49124336,41.95576096,33.42202759,12
element_2125,428.0627147,1.572328281,-0.061209761,786.1401248,22626.3,2.924236645,29.28856343,137.1993345,48.87746981,16.10621071,56.25144958,25.42262268,12
element_2126,448.9713136,1.63535762,-0.234965808,714.9257103,30070.7,3.047089048,27.98354294,134.1202566,49.56109221,17.8631897,51.76998901,27.16507721,12
element_2127,47.64287339,0.343882766,2.560455921,685.4524038,1774391.4,2.740097651,25.48469981,135.0083345,48.53009414,18.10833359,34.94166565,44.43333435,12
element_2128,173.3973073,0.671962354,1.813622284,642.6596543,1578542.9,4.14286419,21.79929121,132.8893006,48.37773357,21.86856651,40.71866226,34.54983521,12
element_2129,77.41637934,0.333737374,2.782773825,680.6726609,195730.5,4.479376052,22.56594196,134.4138701,47.84959331,21.91469574,36.61335754,38.5782547,12
element_2130,143.4943813,0.725497425,2.767459927,716.1004933,162894.3,3.086087841,21.85883608,134.8779628,47.49711166,26.92030907,35.51887894,34.18418884,12
element_2131,616.551973,2.162354049,0.814648053,829.6377093,24565.6,1.903561354,23.64375889,136.6770133,47.68546163,16.34535217,54.71518707,26.91788864,12
element_2132,129.1733198,0.521232813,3.773220851,590.3821807,23215.2,4.314291927,21.54611158,132.4725138,46.6901543,23.00492859,33.29264069,40.3173027,12
element_2133,367.3815867,1.361202473,2.188779168,774.6370364,134220,2.565722092,21.99828833,135.1574121,46.59620707,18.19404984,49.69941711,29.11096001,12
element_2134,61.4431419,0.015820121,3.488160384,568.2651282,999994.4,5.979484005,20.85050818,131.793801,47.53245767,18.96577454,40.22529602,38.64500046,12
element_2135,299.2040351,1.063804871,2.506503182,607.2368415,552629.8,2.929214308,21.25731983,129.9792321,47.14716701,21.10452843,36.06292343,39.12478256,12
element_2136,201.6605833,0.839159425,1.736583048,613.2266886,7718,3.40097281,21.59801807,131.9619063,48.45323423,25.42539787,36.71805954,34.324646,12
element_2137,240.3928305,0.855864936,0.962782933,623.7041537,990330.4,2.775081361,21.40094687,130.633379,48.4559734,21.7854023,41.96284866,32.87752914,12
element_2138,69.73206555,0.195747117,3.966631144,649.8859585,71451.6,3.871909067,20.22268589,133.6045007,45.89805512,26.63194466,38.61805725,30.73611069,12
element_2139,520.3676601,1.832800883,2.342065463,791.5986373,29728.4,2.072242503,21.47604748,135.2516226,45.66840809,18.90782356,54.73165512,22.52501488,12
element_2140,298.3228845,1.152707552,4.083919275,704.2779638,53630.6,2.95277806,21.81438429,133.1697147,44.60570701,24.96597672,40.46030045,29.98855019,12
element_2141,350.6673381,0.942954388,4.32876873,630.2311532,17493.3,2.634318358,21.20235019,131.1539725,45.13598315,23.23007584,34.87927628,36.35548782,12
element_2142,539.4200619,1.607252234,3.327669015,620.4715617,37178,1.800275419,22.0882566,129.1559596,44.52581328,19.68795776,36.14025879,39.8455658,12
element_2143,243.1913895,0.66457965,3.587858414,570.359705,462740.4,3.272322557,21.63883707,127.3051699,46.01152201,21.27054596,33.78355789,41.6661911,12
element_2144,141.1505888,0.314996847,0.520280297,557.7699386,958964.8,3.702126049,21.81407971,129.67798,49.31160299,19.68321037,47.86703491,28.94462585,12
element_2145,335.2179016,0.791214829,-0.904297157,619.4350028,8643.6,2.136140954,20.38021756,130.8552602,49.69618306,21.69535637,45.82375717,29.87947845,12
element_2146,664.5252929,1.854861959,-3.064087434,693.464628,70141.4,1.816529635,21.33941848,132.4193075,51.02211591,13.94386196,58.02925491,25.6389122,12
element_2147,317.163065,0.466954465,0.407407095,588.4601974,887468,2.755594108,20.90447723,128.9506921,49.09183498,22.52131844,37.75426483,36.57369232,12
element_2148,372.2431621,0.570200337,0.383182848,572.320149,15624.9,2.181552819,20.23468522,127.7190416,49.02047418,21.19279671,35.40362549,40.07044983,12
element_2149,223.4187675,0.338308111,0.299350638,556.2147302,864019.8,3.267290678,20.82216014,128.0869191,49.92586352,26.22517586,35.10599899,35.93056107,12
element_2150,305.1628688,0.580621902,-0.475147762,523.4933647,616425.4,2.247546735,19.38959657,126.9874384,51.03669414,26.91227341,35.85289001,33.94960785,12
element_2151,191.3176289,0.195259221,0.414962686,564.742132,232076.5,3.885532106,21.1637304,128.3693557,50.52332417,25.07701683,35.14492035,36.87208939,12
element_2152,274.9608386,0.434433088,-1.084403018,607.2323312,15409.3,3.343472392,20.09191837,129.8164651,50.96885361,19.88896561,44.08886719,33.52286148,12
element_2153,224.5383476,0.251546002,-0.727287682,554.411345,208989.6,3.508500687,20.9774714,128.3450198,51.48210823,22.41074562,40.35833359,33.36054993,12
element_2154,128.089103,0.025472887,6.062051492,464.6953602,323415.1,5.36443957,18.10880567,124.7953281,45.46059899,22.02499962,35.79285812,38.68458939,12
element_2155,187.4252177,0.132235746,3.96891177,494.2033016,41586,4.501204853,21.48072332,125.1904844,47.1174932,22.87296486,32.56623459,41.94279861,12
element_2156,312.6976319,0.366314783,5.824368734,417.3852075,248988.3,4.095025629,22.52345621,122.6815609,45.0053172,19.19321442,41.35216141,36.58695984,12
element_2157,444.8137961,0.963869776,4.613930653,673.8794273,74102.8,2.566128092,22.51927413,126.4697633,43.3284335,20.21557617,34.3758812,41.64247131,12
element_2158,608.7336247,1.308676108,-3.048247377,512.3956931,31029.4,1.765440411,19.28604755,124.6054497,51.9512391,22.65396881,34.7183609,39.27298737,12
element_2159,370.9575576,0.724575898,-2.534533785,502.4839134,570243.9,2.04458675,19.20339584,125.3478041,52.88957312,24.16333389,36.39284897,36.32913589,12
element_2160,525.9051717,1.12106179,-3.998842851,644.4168808,68389.7,2.512928437,19.7918989,131.1053172,52.73238004,12.0847187,58.17812347,26.40649605,12
element_2161,325.6655699,0.532217716,-2.043586069,537.298461,127806.9,2.489593898,19.092937,127.8884825,52.98872256,22.25431061,42.29536057,32.55588913,12
element_2162,473.8981969,0.811557447,3.988805496,421.2610401,42301.1,3.094109782,21.24563947,121.7701284,46.08293487,18.98989487,40.30223083,37.12034988,12
element_2163,478.7824645,0.907033873,0.772814696,490.5573918,167289.4,2.488342231,20.40175352,123.9039888,49.01627426,21.12260056,34.85379028,40.48456955,12
element_2164,554.6893672,1.170391156,-3.717862111,537.1123786,16015.5,1.992583572,19.90662691,125.5697956,54.0367781,15.12915421,54.29007721,27.61115837,12
element_2165,403.597273,1.239009728,-2.83959879,548.956266,83981.5,2.428935886,19.55910736,127.2198913,53.74366758,12.40377235,59.03100967,26.39719772,12
element_2166,709.4637374,1.503279814,-4.982169646,563.0327462,22408.8,1.556847403,19.14760806,125.3275418,55.05534887,11.32012463,58.05791092,25.9915638,1
element_2167,640.9707222,1.235027472,-5.171962824,566.0059049,58862.3,2.157241826,19.70611551,128.9637144,54.85701898,13.18533897,51.2824707,29.3787365,1
element_2168,628.3112268,1.252464517,-4.270089449,473.018619,16106.1,1.514788372,19.09191886,122.7107393,52.87221533,20.94729042,35.58238983,40.67297363,12
element_2169,458.4213864,1.083851275,-3.448939938,475.0799181,529765.9,1.603136146,19.72441076,123.8977907,53.73285501,20.25887489,46.18078232,29.85830116,12
element_2170,589.2084477,1.369229176,-4.679995023,470.3052012,516408.8,1.456929444,18.89896493,122.4486942,53.92157028,19.03776741,51.14921951,24.44556236,12
element_2171,641.7752133,1.502137716,-4.712124641,496.4992658,9878.2,1.613339574,18.65059336,123.4857407,54.3433583,12.9822979,60.42686462,22.70072174,1
element_2172,545.3808918,1.602182787,-4.2255278,439.7832031,495882.5,1.534138253,18.05770793,121.7860535,53.31869498,22.08756638,36.83957291,38.23220825,12
element_2173,731.8773811,1.677144552,-5.208237306,466.7102082,11031.4,1.647521591,18.60459956,120.8039097,53.93055991,20.10060692,48.84454727,25.78396225,1
element_2174,640.4498278,1.743906526,-4.130327133,427.4356847,200833.4,1.606578221,18.64703957,119.9825098,53.39516302,23.95192909,41.31493378,29.66919708,12
element_2175,743.558044,1.641291774,-3.607009747,426.3661491,293767.5,1.562648346,19.89102999,119.8132272,52.25880271,22.55783844,40.07504654,33.32517242,12
element_2176,747.0269064,1.490183353,-3.628696203,399.2217128,180637.4,1.536204718,19.14335259,117.617166,52.45484116,25.77412415,41.39350891,28.40674973,12
element_2177,817.4257416,1.839017232,-5.201649843,431.28117,12100.8,1.490365818,19.4602094,118.3585149,53.37135778,24.06257057,44.38631058,26.56272697,1
element_2178,739.4878243,1.299099596,-2.550228522,393.8062107,243145.9,1.81767682,20.02916346,119.2467985,50.8160255,20.33411217,39.61463547,36.08519745,12
element_2179,870.1063484,1.601519569,-4.77516285,485.8824456,15771.7,1.732210788,19.64164023,121.7789165,51.73757265,22.37475204,33.22011566,41.90688705,1
element_2180,913.0636611,1.643891211,-5.061083616,407.1220883,27445.1,1.679087169,19.84946368,116.2819421,53.1121531,17.33733749,50.1122551,28.02498436,1
element_2181,733.8365408,1.391071465,-2.564707071,362.1128826,132755.6,1.46372389,19.46669104,115.9962842,51.88569193,24.4668808,38.00908279,32.74900818,12
element_2182,779.3568909,0.962993648,-1.369529629,342.0487265,91984.4,1.678421206,20.66085543,114.9019337,51.22489805,23.60688591,31.42557335,39.9484787,12
element_2183,996.51991,1.536003809,-2.0783618,365.0292262,37605.9,1.678217748,20.55347918,113.1537148,51.43967372,20.3728466,42.89242554,31.86657906,12
element_2184,626.7349878,0.628247996,-0.762256334,332.2587302,194730.8,2.552845662,21.65786391,118.8829754,49.81664155,19.78955078,39.03214264,38.42326355,12
element_2185,842.7040582,1.27526371,-3.180181626,449.5530174,15787.9,1.775844088,19.29696479,121.2514277,50.57092482,21.69251633,34.72622681,40.74998856,12
element_2186,1119.635413,1.485308138,-0.982254,328.1021101,73874.1,1.875742865,20.71292308,112.5255654,49.69197805,19.15396309,40.57040787,34.42239761,6
element_2187,881.4483116,1.541273069,-3.105026477,377.9809597,9138.9,1.528766871,19.07716862,117.1476026,51.44521714,17.31166267,50.17131805,27.21040535,12
element_2188,675.9083364,0.704978621,-0.354959148,287.8361772,136123,2.282201588,21.6818478,117.6220163,49.61327715,19.759058,35.97681046,39.67028809,12
element_2189,816.7976823,0.781116351,-0.902582004,384.4333635,54661.5,2.264309936,20.39036266,120.2105458,48.96315573,18.8134613,40.18097687,37.98381805,12
element_2190,793.252336,0.449544657,0.477493562,293.2491548,69250.1,2.974643345,22.25429288,118.0795377,47.3510035,18.73369789,42.04068756,35.70767975,12
element_2191,1122.411574,0.816868308,0.202205047,260.8714784,90327.3,2.27031865,21.39548562,111.855726,47.80165408,21.81279373,35.7118187,37.88155746,6
element_2192,215.1008766,1.90628365,-0.35408843,615.0042398,9126.5,1.698704602,16.39858036,140.7345614,51.54410949,9.156824112,47.3745842,19.89803886,12
element_2193,583.8473119,2.339328109,-1.491265522,733.7310188,21655,1.533716659,21.77956249,139.4892073,49.99022343,10.27971268,62.45230103,20.90300369,12
element_2194,548.4621386,2.39775573,-0.324705018,832.0381066,16995.8,1.494297826,22.78842783,139.2768473,48.43361583,11.83896637,57.58242798,22.98275185,12
element_2195,710.9776112,2.903774831,-1.033024183,903.1200162,7666.6,1.548479208,22.54751866,138.1757871,47.89364799,10.40823364,64.34740448,21.22660446,12
element_2196,434.4588899,2.526181485,3.294143383,756.1810989,44978.8,1.543919427,20.27156017,135.4747098,44.66832584,20.29881859,46.00285721,28.33067703,12
element_2197,420.027406,1.304505195,4.496379308,657.924635,16787.3,1.826377049,22.51267675,131.1369173,43.87984627,23.75185966,35.47142792,34.94039536,12
element_2198,145.777083,1.523256151,5.801738702,720.6757727,4266.8,1.611001736,16.41960127,131.1695022,42.93787196,23.89867783,26.8261528,29.26704216,12
element_2199,663.114401,2.216169165,4.051384767,684.6745931,33171.1,1.637646088,21.26773457,129.5941079,42.75615163,19.74385834,36.5538559,35.58457184,12
element_2200,536.5267277,3.067505263,5.092965419,755.9392169,6872.4,1.649820259,19.93975819,129.62002,41.6885962,17.88024902,33.48736572,28.53222847,12
element_2201,274.9681553,2.16413433,10.62714102,1202.187744,99062.1,1.716014098,23.61270003,127.8210673,36.87255484,19.45249748,34.51858902,27.17499924,5
element_2202,439.8428735,2.367193412,10.70455182,1314.763626,25245.3,1.544579204,28.52101956,127.929744,37.64024912,21.18778419,38.24326706,29.48246384,5
element_2203,260.7461015,1.764096874,9.570067528,1104.63877,53777.1,1.878256542,25.68989249,126.0705531,39.04200555,19.82240295,36.20211029,28.93548203,5
element_2204,784.776315,2.526045255,5.28282679,898.3976312,62213.4,1.497962534,23.29316385,126.3169904,41.09405458,18.5110817,38.58184433,37.26786423,12
element_2205,136.4060224,1.0493526,10.00102936,754.636907,25682.6,2.168187702,18.93957633,122.7038123,39.9324742,16.4822998,31.91248512,35.17601776,5
element_2206,242.0612559,1.040638354,8.022063378,754.5937439,27825.1,3.488618906,21.89768484,123.6677952,41.41831412,18.87082672,38.51267242,39.58615494,5
element_2207,2.411059427,0.015517493,10.20785882,597.6203649,470.8,5.606265643,14.57616016,121.9738973,40.8639836,36.22023773,16.9464283,43.17330551,5
element_2208,155.5234963,0.44589986,8.082904204,610.8077369,191233.9,3.617779017,22.84716928,123.0416322,42.35508216,17.42246246,42.97917557,36.89375305,5
element_2209,221.3482641,0.308177561,6.979358037,587.5353509,11137.1,3.450739138,22.18390273,124.5823965,43.41712465,20.86872673,32.34431839,44.12874222,5
element_2210,170.5575564,0.089907123,7.707968565,480.2382556,136925.2,4.367099986,26.65553664,123.0121514,43.24141426,11.17022991,60.27154541,26.33823013,5
element_2211,216.0383305,0.068985449,7.769872054,434.3224852,84306.8,4.890459354,23.47668102,121.9127341,43.55444868,10.84347439,60.57109833,26.9710865,5
element_2212,441.7012212,0.694045922,6.451132787,407.8816127,46629.8,3.496347795,23.00893652,120.8281918,44.2877339,16.50738144,46.3952446,34.78434372,5
element_2213,250.4605602,0.055723103,8.004356079,411.1376882,58902.4,4.851730226,19.83860997,121.2277076,43.48463557,12.08516502,55.95192337,30.39422989,5
element_2214,421.3647355,0.393885369,8.011894532,439.8508747,12667.3,3.643409889,24.48744196,120.741417,42.78244958,12.44877815,55.39782333,30.0206337,5
element_2215,1040.936156,1.468299066,4.711024822,367.5389073,29305.1,2.206870903,22.21822572,118.2455203,43.33472174,15.02064896,49.71833038,32.98457336,6
element_2216,803.8769719,1.41315915,6.708680397,423.2247856,29420.7,2.269775844,22.19425239,119.0265756,42.26474061,15.06419754,47.30244064,34.93197632,6
element_2217,306.9321823,1.094822173,8.906958042,493.3733116,37116.3,2.048543326,21.40053489,120.4801708,41.31332083,17.03792572,40.14602661,37.17871094,5
element_2218,130.1093081,1.140278291,10.73573807,588.7879015,3744.2,2.96081283,22.68083525,119.3043482,39.91700934,15.48017216,37.56293106,34.38741302,5
element_2219,911.87424,1.67973745,7.878016068,470.5120653,45724.5,1.913965218,21.86444229,117.5846505,41.31247925,16.72353935,41.94287872,38.24906921,6
element_2220,17.29420275,0.109247908,12.47479979,560.780795,10034.3,5.250340832,20.84697305,118.1272239,39.46357371,16.62270355,38.12490463,37.77774429,5
element_2221,107.1330164,0.810056095,12.49881099,541.5697159,9825,3.892443355,23.41815487,117.6007706,39.94347177,17.36854744,39.88249207,39.43739319,5
element_2222,1.303509575,0.012708201,13.37094023,542.3911859,117.1,5.630449772,11.60525443,117.7074588,39.04606026,14,48,24,5
element_2223,0.740544428,0.011665039,13.61521665,527.2388773,211331.1,5.748623286,20.87343697,117.4024061,39.01562806,20.45499992,18.93499947,37.1769104,5
element_2224,8.040902278,0.030719464,13.78416871,503.2102157,139831.4,5.172437101,23.57666228,116.6745661,39.1978642,18.46590996,36.14318085,42.35113525,5
element_2225,1008.522345,2.035099528,7.672661243,427.2746404,70424.7,2.474609551,22.53172492,114.9301306,40.32105649,17.33426666,40.87771606,38.62165833,6
element_2226,455.4925943,1.686910634,11.27079682,466.6722133,33105.9,3.762692712,23.55250991,115.0796039,39.07839392,17.03632545,40.89028931,39.289608,5
element_2227,2.235362967,0,13.85064123,512,105061.9,0,38.14691885,116.8948549,39.04264111,19.5,29.875,47.875,5
element_2228,456.8574815,1.198405308,11.79190506,492.5743626,65199.9,4.352704668,22.64413794,114.5467817,37.89597043,16.31767464,40.7796402,40.33164215,5
element_2229,24.44374347,0.019079387,14.32007078,484.3305028,39855.2,5.473218202,21.68442985,116.0390881,37.33202798,17.5052166,36.26117706,43.55539322,5
element_2230,995.9132008,1.66800959,11.96928183,561.4655272,19912.3,2.030357983,21.18220907,113.3643105,36.62164108,16.14018822,41.74750519,39.53846741,5
element_2231,315.436271,1.106129663,13.88938537,578.2460426,15162.1,3.824516852,23.70077373,114.0154839,35.70634336,16.11997032,42.85638046,38.14518356,5
element_2232,15.14459476,0.014277076,14.19236359,548.0202389,20335.7,5.920283016,21.42541288,116.775363,37.69339032,17.37319565,37.69718552,41.34801865,5
element_2233,21.32402353,0.014240229,14.24215654,582.9599354,14362.5,5.995519689,21.70067788,116.8319108,36.99427356,17.38755226,37.77626801,41.97612381,5
element_2234,3.619635196,0.013343658,13.3478676,577.080962,3784.3,5.918056946,18.91456938,118.48135,37.86116192,19.66985512,24.67612076,45.098526,5
element_2235,527.2798448,1.430898851,13.32513506,620.3937429,761253.3,2.980848458,23.16595351,113.5116864,35.30664108,17.38628387,38.81351471,40.52692032,5
element_2236,563.0642386,1.430556455,13.64013048,566.854608,548969.3,2.594621142,24.92425227,110.7574543,35.13808028,17.68038368,35.8392868,42.85781479,5
element_2237,606.3472204,2.315235329,13.42927361,612.7811355,135138.9,2.73699933,25.85182197,110.1824149,34.57931542,17.48958397,36.52083206,42.61413193,5
element_2238,629.4444265,1.772283864,13.54156685,607.0257737,107657.4,3.138721152,25.51969658,109.6363201,34.63561035,18.45609474,33.17045593,45.4418602,5
element_2239,1234.262119,1.107533467,10.61002761,529.3180295,27259.2,1.576414665,22.02046397,108.9582078,36.07070091,15.92883301,37.86737061,42.82279205,6
element_2240,1121.640724,1.896255394,9.597524032,509.31628,40072.6,2.246857503,23.83539804,111.9450292,37.11890076,15.95786667,39.60743713,41.72344971,6
element_2241,1127.112475,1.453772922,10.61352965,518.1644914,506503.3,1.718303919,21.87619415,110.1077504,36.5014267,15.65388298,39.33222961,42.0332222,6
element_2242,457.4191387,0.967124257,14.15901695,629.5250916,98186.9,3.274392532,26.44521322,109.1527387,34.48568218,21.292593,24.85555649,51.835186,5
element_2243,917.7911504,1.614231639,12.53778692,606.3622325,4548,1.909745406,25.31771985,108.9333172,34.93998454,19.55065727,27.76184273,49.28220749,5
element_2244,1387.411016,1.307635439,9.68523561,512.8339796,45411.7,1.684307927,21.79070309,107.4816637,35.8151893,16.00525856,36.59324646,43.8211441,6
element_2245,1213.096078,2.975471385,11.12558671,648.4672724,51783.5,2.257290532,23.69923797,107.5352133,34.39542979,18.37869072,33.22050095,45.44374847,6
element_2246,1270.813887,1.254494275,7.989573026,421.0120986,441119.7,1.775088628,21.89533284,111.0616119,38.98021349,14.19425297,47.2970047,35.54071426,6
element_2247,1301.801151,0.539365598,8.618843335,370.4866538,52816.1,2.73472472,24.05020513,108.8352778,38.18111252,10.85499191,59.05602264,27.53286362,6
element_2248,1868.575127,1.492030701,7.881136662,498.3282073,10713.7,1.664410559,22.73036887,105.7591221,35.40401364,17.578125,29.56271744,49.13771439,6
element_2249,2148.6341,2.407477551,6.983505824,556.6033459,12643.3,1.538866383,22.55668486,104.7317771,34.88357141,17.71372795,31.16908455,47.72850418,6
element_2250,1256.169359,0.812367178,7.185359344,292.5275856,369069.1,2.675059784,23.48116962,109.7579865,40.37898636,14.63905525,47.27222824,35.54841614,6
element_2251,1424.380783,1.545294325,5.598622823,314.7953959,17620.5,3.098207699,23.41563101,111.5488085,40.78149184,16.56394958,41.3632164,38.75634384,6
element_2252,1318.278543,0.757489726,8.721629974,239.9703727,322172,2.736832568,25.35147152,106.8901729,38.74608848,11.95378494,55.10499573,30.53034782,6
element_2253,1311.800864,0.800762863,7.085903755,197.911983,26569.8,3.399841634,22.82265899,108.2946153,41.21448894,14.46822739,46.22031784,37.01617813,6
element_2254,1725.547122,1.513399671,7.941823617,227.7573551,261233.7,1.850756613,25.24238174,104.6140684,37.20217575,15.26727295,41.42980194,40.51622772,6
element_2255,1753.700723,1.407129715,7.933701307,334.5534945,14473.7,1.836833394,24.21706971,105.919718,36.65381999,14.19417191,43.14603043,40.08959579,6
element_2256,2186.183255,1.940925505,6.012571995,361.387187,232183.9,1.75616946,24.19050423,103.7406291,36.47356441,16.6460495,34.24843979,46.38644791,6
element_2257,1960.334853,1.394258573,7.219351989,377.4660925,10682,1.577834483,23.90665518,104.9108356,35.90480426,16.63284302,29.50367737,49.94839859,6
element_2258,2058.288821,2.582229754,6.503767221,417.8523037,184333.3,1.571711652,22.99212575,103.134402,36.01966543,17.08508492,31.57247925,46.59033585,6
element_2259,3432.465604,2.67071902,0.55133249,389.4479498,62487.2,1.882670485,23.05178439,100.5929224,37.20826395,16.10944366,41.11281967,39.04529953,4
element_2260,3043.88693,2.765473176,2.785314682,571.4310453,25428.9,1.576728765,23.01356537,103.1769625,34.81208995,16.76497459,35.68379593,44.88835144,4
element_2261,2040.912462,2.142472663,7.142735225,446.11415,157660.2,1.957396989,27.66220925,103.3015965,35.81196286,16.86111069,29.42129707,48.46759415,6
element_2262,3302.00588,3.615723186,1.063284196,475.8669264,149921.2,1.573224535,23.47587637,101.198922,35.78721708,16.60946846,41.04062653,40.05596924,4
element_2263,3153.95292,3.259621966,2.682267562,564.0819347,7199.2,1.518918796,23.8141321,102.7289863,35.25463306,16.708992,36.02190399,44.55998611,4
element_2264,4244.079739,3.380637776,-2.998758377,465.7588825,6539.8,1.585855603,21.03526128,99.45680063,35.17826645,15.73611069,42.11851883,40.72784805,4
element_2265,3873.183423,2.943716894,-1.401467632,583.8470736,111964.5,1.657815771,22.14878675,100.8228971,34.7049292,15.59918308,41.59270477,41.46147537,4
element_2266,3553.751861,1.005569907,1.681495454,690.4411084,7670.5,2.479113093,22.890605,102.8621928,33.49857644,17.34495354,38.90921021,42.14568329,4
element_2267,4264.576904,1.681209048,-1.722043381,582.4437536,78356.2,1.906023967,22.8805758,99.33845437,34.0646782,15.39139748,42.29248047,40.53624725,4
element_2268,3.943262802,0.013271636,13.50439915,601.7083849,2732.4,6.00892394,18.55209971,118.6536265,37.45234222,18.22735786,24.40188599,42.96196747,5
element_2269,123.9380273,0.643187226,13.59773027,679.9963332,10846.4,4.099464234,24.39159307,118.0256721,36.84071093,17.28250885,40.19940567,38.82536697,5
element_2270,121.179575,0.535515944,13.33322652,695.9121699,5908.6,3.823739414,24.68751608,118.8522884,36.69315873,17.83723259,37.21434784,38.61092377,5
element_2271,123.4745079,0.503562678,13.26890261,723.8112027,6596.8,3.000278242,23.42818567,119.1895145,36.19728518,18.27939606,38.13131714,40.0271759,5
element_2272,68.11890839,0.57303779,13.21267062,720.5997628,43516.7,3.083494516,20.58192333,120.3219441,36.42248809,17.43694305,32.33332443,36.23763657,5
element_2273,96.01402998,0.335230803,14.76564889,729.5728449,58813.1,4.428705256,22.82487249,117.438394,35.05362745,19.35640907,36.82885742,39.56531525,5
element_2274,4.276447223,0.016308262,14.94516664,817.4257298,3305.9,5.893622103,20.58792605,119.7401568,34.1237467,21.71568108,25.46679688,42.1953125,5
element_2275,2.557444074,0.009285483,15.45287396,922.434918,12134.9,6.326684586,21.25397154,119.8627982,33.2379357,23.90615654,23.92229652,45.8041687,5
element_2276,3.078824257,0.007310507,15.85680742,1010.42491,17536.2,6.526949789,17.8938409,120.8200028,32.59754701,17.97980499,25.16760063,39.20243073,5
element_2277,3.577023806,0.013893231,16.05683204,1004.336282,1909198.6,5.977595562,23.35478345,120.0090464,32.34554981,20.41937065,31.27332687,42.29411697,7
element_2278,114.339474,0.950144688,16.41877155,1249.271392,1732696.8,3.080038497,29.939564,117.766835,31.08381704,26.50996399,26.03407669,42.56315613,7
element_2279,24.3213789,0.069609015,15.7584956,808.4085802,172079.4,5.021987355,22.9241933,118.3131919,33.47366783,24.21844101,27.93745804,42.95936203,5
element_2280,49.39794206,0.253387788,16.2463955,894.8685861,144656.7,3.328691792,23.62183109,117.9657249,32.66399328,24.26200867,24.24681664,45.23220444,5
element_2281,29.27656988,0.133857411,15.74724997,749.5197836,9853.8,4.834588787,22.26215349,117.6169081,33.72285518,22.89860153,29.49100494,40.99892044,5
element_2282,31.56691589,0.017848697,15.82647011,745.0599956,13146.2,5.847187518,21.64207983,116.6771367,33.81226652,24.03116417,30.47333717,42.38890839,5
element_2283,36.70521414,0.190681129,16.28929544,837.6879274,125401.2,3.807882957,21.76128855,117.5530348,32.92066095,25.71354103,25.06315041,44.22558594,5
element_2284,49.61981841,0.017302455,15.73855307,741.5452457,15266.9,6.107556682,21.50882938,115.3679125,34.13768409,23.19831276,32.50283432,40.972435,5
element_2285,35.30521162,0.08557388,16.20046907,875.0467279,107010.1,5.061124028,22.78320944,116.4367696,32.91318407,26.23433685,25.01661873,45.43548965,5
element_2286,164.1326046,0.560088814,15.60312709,770.1651108,38140.8,4.286448833,23.15451055,114.002113,33.77793975,23.84065437,31.40509415,41.66349411,5
element_2287,139.1973473,0.717828769,16.21236852,1019.405318,52241.1,3.711864041,24.32339253,115.008531,32.280002,25.50413322,27.4159584,43.66532898,5
element_2288,149.5182735,1.326786257,16.95330432,1327.560215,1493199.4,2.658054572,30.63051708,114.9951091,30.50211577,24.52857208,31.14728165,39.05732346,10
element_2289,65.45843845,0.816154565,18.02554849,1428.782849,162424.3,3.146164178,40.91096726,116.188093,29.60010473,34.88472366,19.66388893,43.70972061,10
element_2290,190.380386,1.323201826,17.99563657,1664.614174,61821,2.572791752,37.3974119,116.9793052,28.46717375,34.07056427,24.53348923,37.92660904,10
element_2291,114.6353323,1.22685634,17.83056465,1441.939302,99532.7,2.609804269,38.20086126,115.7622423,29.38315167,30.76656532,19.39231873,35.42565918,10
element_2292,52.72609028,0.452182885,18.54039417,1513.122186,82708.3,4.097638766,34.77471432,115.8899165,28.75264106,24.31691933,25.06881332,33.10989761,10
element_2293,326.0938999,2.451487185,17.40308566,1511.693988,14793.5,2.073757382,35.33326933,114.9329142,28.98378508,34.08165359,23.16928291,38.29735947,10
element_2294,160.0362391,1.089674225,18.39568749,1534.105718,73126.6,2.371184675,35.38471427,115.1006354,27.63483444,33.50059128,25.39769745,39.34105301,10
element_2295,161.5331317,1.082294394,17.97963045,1526.625543,7856.2,2.674042563,35.59077504,114.8990719,28.33784943,32.7431221,25.85765457,39.70484543,10
element_2296,71.63765689,0.437036056,17.59230824,1200.031172,1293973.9,4.177323038,28.89461566,113.434487,30.00144902,26.30068588,27.15377235,41.83329773,10
element_2297,24.7589194,0.074813478,17.55822661,1220.484188,165306.1,3.942766786,25.18069975,114.0799945,30.56689666,24,27.53385353,41.87760544,10
element_2298,152.1542707,0.766867022,16.70493943,1026.799261,145336.2,3.34636888,24.27100622,112.5173638,31.27367413,22.25595284,33.78599167,40.4838295,5
element_2299,125.0579574,0.677500276,16.75195496,1052.587517,19461.8,3.025386852,24.94451923,113.4431584,31.37669936,21.94388771,33.2628479,40.85036087,5
element_2300,298.8613765,2.025957739,18.01784956,1492.90467,9095.2,2.000398458,34.39488554,114.3421331,27.08523009,32.84731293,26.37400436,38.84482574,10
element_2301,353.0865792,1.86218647,18.89867582,1547.975794,47088.9,1.71729831,34.73404287,115.1515827,25.95993974,34.07731628,26.01618385,37.84679413,10
element_2302,794.7126719,3.875544497,15.59425388,1203.426517,1011219.9,1.814351393,29.22250518,109.9485377,30.73329561,25.94207764,30.58856392,39.96894073,8
element_2303,77.0149417,0.471370305,17.90846653,1260.981876,260551.3,4.06211782,29.18973191,112.9660489,29.29304748,28.35621834,26.263731,40.33502197,10
element_2304,27.28126311,0.019668299,18.1434402,1279.350919,151410.1,5.348813554,29.42574815,112.6551654,28.9491381,27.40575409,26.85019875,39.65304184,10
element_2305,312.0050806,1.73607629,17.64243322,1432.081115,102149.7,2.139609047,34.16130476,112.6071219,26.83825846,32.00645065,26.39661217,39.54924011,10
element_2306,32.97608455,0.043164267,18.0547007,1284.994639,120755.1,5.112861153,30.13010622,112.4231928,28.78583383,27.0089283,26.82738113,35.54053879,10
element_2307,433.9669355,2.104769598,17.1454524,1372.006276,29520.8,1.910211127,33.15240351,111.2386049,27.51335691,31.83892822,26.17123222,39.96886063,10
element_2308,210.2962972,1.15776583,17.04959312,1326.428085,93287.1,2.610236407,32.51876443,111.2834944,28.88174308,30.80296326,25.2816658,40.39762878,10
element_2309,437.4492977,2.251153162,16.32186447,1288.772533,26906.3,2.696577774,29.89985921,111.0707879,29.64992925,28.07741547,27.81060982,40.91186905,10
element_2310,236.6374723,0.875470833,15.87659166,888.8261971,24051.7,3.462718872,24.3310734,112.5348432,32.8296994,26.28160095,27.52260017,42.7849617,5
element_2311,617.5300233,2.33801671,14.7210688,990.8553936,106322.6,2.374672568,24.27324325,111.292857,32.10330661,23.30569649,33.35626602,39.82941437,5
element_2312,416.8761443,2.157774399,15.16726924,906.871872,78452.9,1.424273568,22.55929061,111.0145166,32.62701593,20.33026314,40.74341965,33.65758514,5
element_2313,790.608283,2.602350139,13.48913193,807.1855735,16148.9,1.585892839,23.52074414,110.8511131,33.47708965,20.4470005,37.47756577,38.23736191,5
element_2314,630.2205862,2.112504302,15.84648037,1239.709351,60454.6,1.430218934,30.79054448,109.2844534,27.14482323,33.1072731,25.34881401,39.56902695,10
element_2315,628.0038533,2.492743702,15.63816337,1366.798553,19393.4,1.313606787,31.32432649,109.4610522,28.88207573,30.89416313,29.10508919,37.73104095,10
element_2316,1097.365764,3.922725787,12.80665319,888.5253583,61423.3,1.560952744,24.2423357,108.4597644,33.05652359,20.6181736,37.66473389,37.87493896,8
element_2317,1031.223702,4.237421569,13.33225368,1040.690525,12477.5,1.497179714,23.26625204,110.0196342,32.10354931,20.4485054,39.35739136,36.53596878,8
element_2318,1128.698965,2.642450835,15.64228777,1128.414177,87461.9,1.391855404,29.86956362,107.1578968,27.90965525,30.98021317,26.54349327,39.94261169,8
element_2319,466.8319696,2.071049251,16.9718268,1190.096223,850335.5,1.747979094,30.28850873,107.1332024,30.02969896,26.53218079,29.47405052,40.89794922,10
element_2320,1267.707329,3.437281753,12.47261837,939.8486419,159180.3,1.761433177,26.2459953,105.6935065,32.23158571,21.86641121,34.19981384,40.73550415,8
element_2321,697.6076552,2.045447886,16.47243791,1064.726686,680016.5,2.153469635,29.2282605,105.3884396,29.06285863,26.38131905,29.21053314,41.44174576,8
element_2322,2942.471206,5.782256415,5.6782218,826.0030129,135296.4,1.780443687,26.65480857,102.4407026,31.03920727,18.66382408,37.69196701,40.66219711,4
element_2323,2015.196539,4.72671487,13.94488237,908.1580964,471454.3,1.456935324,25.48758223,103.0447186,26.717181,30.26268578,29.23726463,37.61470795,8
element_2324,4286.005429,3.667637115,4.43875182,916.0135789,269985.3,1.770171846,23.49301376,96.14774338,32.03534164,19.47737694,40.61311722,36.73149109,4
element_2325,3813.009137,5.072959047,3.926226573,799.6497971,128186.5,1.527327186,24.09329849,100.3339316,30.38733084,18.10792351,39.35696411,39.72753525,4
element_2326,3.741089979,0.033417465,16.34586501,1038.032294,4430.5,5.471184116,20.08133101,120.7205047,31.68333,18.38196564,23.16122627,38.08463669,5
element_2327,43.64514702,0.456354508,16.6336609,1122.430998,26251.8,4.568873428,26.73594431,120.1366702,31.1242505,21.9379425,22.76929092,38.33382034,5
element_2328,3.009086754,0.014445802,17.05415584,1056.390913,4645,6.109904509,20.86616213,121.1945736,30.78322421,21.16479492,18.71533203,38.26060104,5
element_2329,318.7985123,2.256466133,16.79259312,1554.941317,43614.7,2.048692613,35.02307523,119.2541352,29.43591228,31.75341415,27.62936974,37.47692108,10
element_2330,173.0773393,1.848072618,17.15039723,1371.585976,29366.5,2.417462868,26.71808856,121.2084666,29.33456023,23.45971298,20.3549099,29.28861427,10
element_2331,552.0230956,3.651424863,16.8596342,1656.283617,17206,1.470275765,32.22221092,119.8158149,28.24476003,31.72059631,24.8480587,36.06071091,10
element_2332,459.0136739,3.034456877,18.00412232,1662.659062,22521.2,1.617538247,28.51406374,119.7787162,27.15289437,29.57065201,19.58525848,31.49965668,10
element_2333,527.1563441,3.056826878,18.09717423,1678.016962,60893.1,1.443482514,32.96870657,117.9564302,26.69306657,34.71184158,24.10765648,36.30574417,10
element_2334,132.9994614,1.730742796,20.31056521,1316.164808,3407.2,1.822003721,19.11552944,119.4057139,25.6483776,18.12352943,16.43897057,20.57759285,10
element_2335,352.7751361,2.74792935,20.32183569,1370.305175,34316.4,1.716669809,26.33997711,117.7500161,24.80537513,27.98538589,23.64927483,31.22677803,10
element_2336,390.9891976,2.202969005,20.15468319,1539.780125,29397,1.509965945,29.7564508,116.2345656,24.57389989,33.46184158,26.50844765,35.76875305,10
element_2337,121.7404713,1.567338488,22.26640423,1672.136209,18089.8,2.509140954,29.79832152,115.5069441,23.08446309,30.04817963,25.9622097,30.74584198,10
element_2338,254.1523798,1.830142169,21.17212423,1662.428707,33311.3,1.946510878,36.70492796,114.6851356,23.79109659,33.34597778,28.00574875,34.47810364,10
element_2339,73.25078187,0.732612886,22.42778216,1753.091526,8124.2,3.262496789,33.1348946,113.3996824,23.07487412,26.6970768,27.60715675,32.21191406,10
element_2340,48.09603806,0.696990889,22.68666928,1815.178366,389565.5,2.791136697,35.57320969,112.8804557,22.77191528,26.19924545,30.17198372,37.40436172,10
element_2341,294.1911716,2.117898003,20.16737767,1621.926252,338898.8,1.685796208,35.13196248,111.1342077,23.78922454,33.33607483,27.05953217,37.39683151,10
element_2342,359.46139,2.503100553,20.23851576,1619.325027,47780,1.738858309,36.54822106,113.1339885,24.47919371,32.26311874,28.90711403,36.6763916,10
element_2343,216.0804794,1.798627149,21.4771684,1350.944344,186660.2,1.904878406,33.96532554,109.7479195,23.53711624,32.39935684,26.25091934,39.30101013,10
element_2344,475.9378206,1.546721153,21.4923932,1507.638852,89442.5,1.85723947,30.8333271,107.1382936,23.08627986,32.29217529,29.38598251,35.07622528,10
element_2345,643.2447755,1.759619142,19.15860108,1372.564083,125625.8,1.568128633,32.20356865,107.5486015,24.65937763,34.15313721,23.48962784,40.26578522,10
element_2346,524.6101014,2.362143213,18.66433388,1471.428233,58422.7,1.625113332,34.02312628,108.9837967,25.19242156,35.35129166,21.61507416,41.09421158,10
element_2347,1518.445742,2.842322946,15.42011784,1111.139567,26768,1.301911171,30.63538254,105.0793451,25.89708124,35.5407486,23.12941742,38.88666534,8
element_2348,1623.199139,2.394851236,17.26094314,1100.995745,56768.6,1.548796596,26.8261526,104.0109811,24.5833169,36.64096451,22.69393921,38.57698441,8
element_2349,106.6893343,1.000775865,23.05408796,1710.825512,89832.6,2.742423202,33.40143931,109.4105826,21.71613759,28.79206085,30.00416565,30.1219635,10
element_2350,102.5798163,0.819443205,24.16032092,1648.327826,138855.5,3.922004332,32.39630984,105.7697147,21.16417126,29.56912994,34.45738983,29.76000023,10
element_2351,892.6422679,3.394205003,21.94322791,1559.038112,36067.6,1.471841795,33.72378364,104.9160669,22.84117708,34.50375366,32.22497177,30.06685448,10
element_2352,14.98435503,0.068406944,25.48910283,1633.363248,100038,4.016152704,35.78449132,105.3667413,21.29445126,27.72222137,40.70833206,27.54166603,10
element_2353,804.8318974,4.556818785,23.83727724,1633.049209,51221,1.318891931,32.38521962,103.9960205,21.50699148,33.37673187,37.20124817,26.07669258,10
element_2354,1388.999948,4.855747233,19.54407506,1294.025925,48788,1.513181719,27.83003926,102.6365838,23.59977364,35.41983795,29.00823784,32.98310852,8
element_2355,1017.742094,5.028109048,21.49071263,1469.640743,26319.2,1.326082066,34.57304127,102.5087354,22.41162767,35.01420593,32.98526764,28.69211197,10
element_2356,1252.772927,6.84310411,20.89701027,1419.592592,6341.2,1.483078513,34.89243007,102.9653075,22.72352159,32.84973526,32.77526474,30.55456734,8
element_2357,1534.655203,4.34472024,18.69199459,1162.246207,8976.8,1.443161464,29.54825313,101.2068417,23.61173004,35.02858734,28.24549103,34.73277664,8
element_2358,1502.675058,4.658636429,18.69260289,1112.256641,7093,1.351210377,26.27882485,101.6073618,23.53094904,34.52484131,28.07567596,35.66532898,8
element_2359,52.01140007,0.65986516,24.6662651,1685.246313,7175.9,4.168024678,34.01026092,105.8355545,20.49921669,27.92325974,27.98789215,32.20252991,10
element_2360,4.623139781,0.111590296,25.47222235,1663.389402,137.6,4.614214409,27.20003972,105.9070409,19.85657717,23,43,21.5,10
element_2361,742.914879,3.524149645,23.59361199,1528.258788,29596.7,1.632073441,30.47217067,104.3663312,20.50430798,32.85630035,35.94621658,27.13899994,10
element_2362,40.70726912,0.617454357,25.59208934,1511.873708,3927.1,2.891811729,33.13982147,105.6148004,19.33583968,23.21057129,19.898489,22.65486717,10
element_2363,624.5430353,3.285157401,24.12078026,1788.480726,27328.2,1.796874762,32.6122846,104.5975251,19.29474442,32.81282806,35.65196991,26.04589844,10
element_2364,333.0390539,2.447481058,25.59861799,2015.585308,79690.4,2.144078083,38.05051955,108.015326,14.38824999,33.63955688,33.74616623,25.40129852,10
element_2365,381.2844208,0.967680205,25.93979933,1969.745317,29759.6,2.580423615,42.88664972,107.2797025,11.53293749,34.8940506,35.6617775,24.05452919,10
element_2366,0.436884173,0.057845206,27.8710467,1445.947436,40.7,3.647541761,35.36084686,106.7161369,10.51474481,35.125,19.875,37.3571434,10
element_2367,10.65194105,0.051669115,27.90866925,1735.04239,15587.5,5.53458448,36.51160322,105.9544006,11.09830889,37.40368652,29.53723335,30.16174698,10
element_2368,2.545449435,0.015357176,28.07251906,1470.17602,8231.7,5.868276811,32.36423287,106.1978009,10.16308103,37.58081055,19.15108109,34.03583145,10
element_2369,53.12164288,0.384586065,27.85278428,1672.955949,774281.5,4.407041229,32.01111749,104.9109432,11.094466,34.83271027,27.50602531,31.62476921,10
element_2370,82.77715418,0.485280617,27.55259049,1665.073013,88254,3.944314205,33.1416365,104.0493032,13.12863774,31.35589981,34.05901337,28.05222702,10
element_2371,98.95969751,0.294482561,27.2093635,1929.716607,665658.8,3.157648127,36.58535017,106.2069847,12.60525074,34.82236481,33.76848602,27.31768036,10
element_2372,493.019091,1.67772609,24.95060647,2152.830424,79015.2,2.323724174,41.09228868,107.3000792,13.99154556,35.71207428,34.70517731,24.84998131,3
element_2373,243.2628569,1.034099807,26.54689089,2052.203594,560097.6,2.992308608,41.84770211,105.8962267,14.86437345,33.59889221,35.24644852,27.3508358,10
element_2374,222.4542633,0.83795313,26.62963422,1720.33543,420814.6,2.278492565,38.05546329,105.5451125,15.7835616,32.96498489,37.21540833,26.36488724,10
element_2375,175.0506328,0.352346652,27.40777099,1908.431242,119867.8,3.25330222,39.06245457,105.3564481,15.07016013,31.99609375,37.73899078,26.71555328,10
element_2376,144.4982336,0.146792581,27.3428823,1497.253079,111118.6,3.734374129,32.72370834,104.7057248,15.73617887,27.79249954,42.7733345,26.28750038,10
element_2377,187.6486525,0.405304725,27.5778768,1732.6081,4796.9,3.498572699,37.77543234,105.0397766,14.72242347,28.38324165,43.97871017,24.97733498,10
element_2378,204.074134,0.317987205,27.56866832,1273.268567,53397.3,3.785386819,25.5574231,103.0586434,14.99357402,29.87953377,38.59308624,28.03692818,11
element_2379,158.1862194,0.213396468,27.26715958,1380.908473,49403.6,4.037084335,27.7351425,104.0663829,16.0501024,29.89125061,38.30770874,28.11187553,10
element_2380,243.2390261,0.978728909,25.90576808,1981.765151,395917.3,2.674178363,35.50491782,104.9300716,17.07941316,30.69496727,39.36707687,25.88556862,10
element_2381,333.9361441,1.399295166,25.44453704,1977.871094,19977.9,2.421765304,37.29778886,105.9903179,16.4946015,32.00034332,38.85428238,24.99870872,10
element_2382,160.3841294,0.133196069,27.51381879,1195.920504,32406.2,3.900019044,24.83500021,103.2504703,16.18654638,29.05515862,37.82857132,29.50872993,11
element_2383,198.1695914,0.359288883,27.21364413,1227.337584,8182.4,3.259136429,27.91656833,103.3555758,16.82311799,28.44728088,41.22065735,27.10692978,11
element_2384,176.6256375,0.233436724,26.71490175,1966.628594,12987.4,3.408091482,37.75986361,103.7305533,17.64448587,28.9502697,42.28382492,25.63342285,10
element_2385,201.4300666,0.851033244,26.22207627,2566.53956,356836,2.698811372,40.5848461,104.2387727,18.03643375,33.46008301,35.70220566,27.25453568,3
element_2386,326.0459979,1.033750717,26.65712293,1155.145769,15118.1,2.861647203,24.15021221,102.2487757,16.74923282,29.67816734,40.54689407,26.53780174,11
element_2387,303.5929156,0.903581698,27.13920447,1103.841655,13810.7,2.979616152,24.25305624,102.0317708,15.94685084,30.08934212,38.42097473,27.99789619,11
element_2388,740.0792022,3.19888639,24.74227387,2117.856201,14807.4,1.708641437,35.49395307,104.7462119,18.37029561,33.21157455,35.79281616,25.92476273,10
element_2389,643.0435278,3.268569679,24.64311976,2189.017982,339970.6,2.137801808,39.0953034,103.4498862,18.70626809,34.07918167,36.82242584,25.64125824,3
element_2390,575.2556664,2.274419323,24.59068479,1581.826373,311669.1,2.062090132,29.71584632,102.1404412,18.65720409,34.27566147,36.40235519,25.84892082,10
element_2391,711.1011184,2.892980856,24.3430456,1959.800945,16807.8,2.079340608,38.34107419,102.6445708,18.88595389,35.29563522,35.13740158,26.00926018,10
element_2392,757.6628184,2.752395817,23.58520386,1439.122789,231704,1.875465443,26.49655717,100.4486025,20.26044888,35.38479614,34.91155243,26.15797043,10
element_2393,882.3723313,3.167761905,22.79564662,1623.669838,26058,1.333271883,30.79612986,102.2792469,21.22676696,36.34150696,34.53696442,25.70918846,10
element_2394,1224.684799,3.745791718,20.91713245,1473.009228,15209.3,1.485853113,29.7732771,99.88281292,21.81094601,38.88841629,28.51821709,30.45569038,10
element_2395,1366.753166,4.001939544,19.42112033,1300.50903,161606.9,1.38871237,29.78298557,100.5906276,22.89196389,36.63850021,28.24890709,32.91557693,8
element_2396,3662.163529,6.586672006,10.01819139,1292.029555,94926.6,1.515819993,24.4586441,98.26025374,28.86613359,22.58834839,37.87899399,35.65074539,4
element_2397,2345.765988,5.093072782,14.39200184,861.5107201,12061.1,1.519931256,27.29043132,99.91378509,25.79248114,28.10468674,31.08687592,37.29267883,6
element_2398,4617.065102,3.830466719,-0.641836426,625.7875944,16904,1.49814206,21.65420944,95.65035606,32.11421002,15.67516327,41.38037109,40.99959946,4
element_2399,4311.449616,5.166531089,1.631193393,587.918155,36709.6,1.523943583,20.36788553,97.29405728,31.52737387,15.73288059,41.32255554,40.86738968,4
element_2400,4624.163882,3.351546907,-2.325284447,584.3973171,19112.4,1.441013192,22.24834913,95.31509479,32.91481529,15.23233414,42.5995903,40.26190567,4
element_2401,4465.280871,3.581228635,-0.684431541,593.0406002,12878.4,1.474295039,21.56927929,96.92303805,32.41955508,15.37495422,41.83834076,41.03882217,4
element_2402,6.26261665,0.043690082,28.1368486,1771.33238,2031,6.334871788,32.63420051,105.9667443,9.359344059,28.38366318,13.78094101,27.04059601,10
element_2403,1.890057893,0.005265176,28.11143278,1790.991989,6032.5,6.779468627,37.61700993,105.5739349,9.658040395,38.75080872,17.4941349,34.31204224,10
element_2404,139.6820999,1.060371387,27.70204373,1836.66235,47125.8,3.338690733,37.01538101,103.4703304,11.27717774,32.49884415,28.47696495,28.2043705,10
element_2405,100.679928,0.615583258,28.04379287,1363.785738,22003.6,4.067488594,33.00999309,101.5073762,13.82269141,33.82162857,34.94655609,27.02053833,10
element_2406,1.495569574,0.0093721,28.89688086,1343.946205,519.6,6.089413812,23.09155824,100.7591369,13.55476011,42.18999863,16.31500053,32.77500153,11
element_2407,364.2626334,1.698801205,26.1935997,1384.405294,144310.5,3.002452417,25.12617632,99.99899477,17.19240059,33.03692627,36.17730331,27.0885601,10
element_2408,1.832562212,0.009221517,28.88677035,1273.947244,466.3,6.031994295,25.6793851,100.4187721,13.57607404,38.16576004,11.05706501,29.16477203,11
element_2409,50.70943439,0.290333864,28.32516284,1046.399769,12931.7,4.516478438,26.96690652,99.93546883,14.4275145,33.57359695,30.83275604,29.95951462,11
element_2410,1.990010653,0.034920769,28.64230816,1115.356838,19.4,0,0,100.2301374,13.47903167,3.916666746,0.583333313,2.083333254,11
element_2411,1.706182121,0.023001704,28.44978665,1038.317436,123.2,4.966947113,20.47875599,100.0577167,13.44378694,6.375,1.375,1.8125,11
element_2412,444.3243738,2.245997551,26.28234272,1828.598405,28650.9,1.98623659,34.23214814,99.07889853,14.68490515,30.98002434,37.32158661,27.4499836,10
element_2413,179.7894065,1.581572412,27.2655356,2359.732942,96703.5,2.636645263,39.74785942,100.7271202,7.754056992,31.00288582,31.34913445,24.62016487,3
element_2414,260.8987816,1.881766187,26.99336306,2687.55602,28865.8,2.283742986,39.31696555,102.3206443,3.853832848,31.47676468,36.86104965,25.21628189,3
element_2415,76.32773238,0.770883635,27.59989978,2577.222845,43859,3.098196451,38.88254777,102.7471986,2.568442295,27.60306549,33.64027023,24.43452072,3
element_2416,424.3044455,2.830680074,26.28649976,2794.052911,14874.4,2.499853004,42.50272753,101.199196,4.879494673,34.03559875,36.02999878,26.17222404,3
element_2417,108.5075275,1.352881894,27.50356836,2414.355123,46615.1,2.459603558,37.04941544,99.55161269,7.984942656,30.07958221,29.52412224,23.53642654,3
element_2418,352.2728346,2.335988253,26.6429237,2261.303919,17738.5,1.625531647,44.93013299,99.0270499,12.86187773,32.87540817,35.27054596,25.27216148,3
element_2419,168.0448221,2.173752008,26.09769806,3623.723637,11562.6,1.925654802,52.21892797,98.36445997,13.85507314,30.70441437,30.48744202,24.62495232,3
element_2420,153.1340162,1.388429337,25.43203056,3344.945339,10641.8,2.621939866,54.82872724,97.9989173,15.74875768,32.44586563,32.93740082,28.43420601,3
element_2421,212.6286244,1.778633789,25.68037503,2825.68591,9410,2.928772482,51.63516195,98.15497643,16.49374058,34.10406876,34.0944252,28.12120247,3
element_2422,312.3631976,1.912825119,25.9451492,2529.215256,265228.4,2.272052081,50.67359223,97.48369259,17.54815465,35.63979721,33.17422867,26.70806313,3
element_2423,550.5243808,3.150045467,24.65735528,1524.749995,242490.9,1.274180335,33.36897286,97.50765717,18.37819985,35.74062347,35.76517868,25.1049099,10
element_2424,618.7993473,2.917919267,24.93564762,1729.64399,14978,1.680925486,34.81352957,98.29494938,17.40246388,33.92935181,35.51724243,26.77861595,10
element_2425,1105.928417,2.670185503,22.52098367,1480.325705,19390.5,1.696899708,32.16080256,97.13683599,20.15734764,35.71034622,36.84555817,24.61618042,10
element_2426,725.3751471,3.301085754,23.83144374,1166.961781,218871.3,1.398920097,27.23948205,97.91395171,19.2608478,35.72265625,35.1508255,25.58516121,10
element_2427,2709.357722,5.451894515,15.34428841,1363.974652,191593.2,1.481496657,27.70808957,97.68130901,26.17596763,28.19417572,36.22151566,31.94745445,8
element_2428,955.5597046,2.032500046,22.59131427,1417.622994,15341.6,1.829482873,33.0120648,97.90689037,20.79747216,36.16636276,35.99884033,25.03987122,10
element_2429,4805.517221,2.29065162,-2.51148042,543.8444203,29243.3,1.669237061,23.37872752,92.33708773,31.74081622,15.06490135,43.12345123,39.50528336,4
element_2430,4858.162773,3.513086306,-2.431475597,591.8848471,13938.5,1.464857869,22.57766724,93.49718523,32.20735332,15.51242161,42.24394608,40.23809433,4
element_2431,194.0185982,1.868368626,26.40717614,3300.830941,5214.4,3.318458219,51.78796113,97.25273696,17.35552694,34.895298,31.53569031,27.21374893,3
element_2432,13.0663372,0.14979128,27.57350403,4601.856838,67,3.946302652,46.6313381,96.9509943,17.34916666,34.3125,31.6875,30.3125,3
element_2433,337.0460991,1.627355594,25.83895962,1873.05603,34265.1,2.853880005,38.17280319,96.44880554,18.98005427,35.99834824,32.42982101,28.06511497,10
element_2434,28.26187544,0.157327149,27.34378917,2651.751172,29950.4,5.066465577,46.05633135,95.92036613,17.00947922,32.87811279,27.90839005,31.44694519,3
element_2435,292.0682087,1.245414066,26.11913598,1803.172303,376349.6,2.474447843,33.33172858,94.95746295,19.86879549,34.28552628,31.86997414,29.27160645,10
element_2436,207.2700334,0.533777759,25.91759892,1154.112262,196427.5,3.181280357,31.74195436,95.49005501,22.97909475,36.9112854,32.32062912,27.67487144,11
element_2437,671.556733,3.08686463,22.9118176,1899.522817,114686.9,2.173262237,42.03605125,95.06059504,24.57247022,34.90210724,35.14193344,26.70734787,10
element_2438,751.879003,2.261740996,23.44114587,1386.334432,47023.2,2.136481135,29.70866863,96.90842417,21.96656052,36.08654785,35.06396484,25.68260384,10
element_2439,357.4946046,1.739762365,24.4719029,1497.275477,125180.2,2.248748835,38.4266189,96.14598009,23.28649309,35.67687988,34.23451614,26.42263412,10
element_2440,1054.502027,3.530963192,21.14820671,1701.717641,22908.3,1.785854376,41.586679,97.56930508,24.04157603,34.04322815,33.18011093,29.32252121,10
element_2441,599.132506,2.55231756,21.25996687,1845.397172,84669.6,2.512692123,50.43618814,97.18051848,24.84360307,33.38175201,33.54278564,29.44646454,10
element_2442,2532.443471,8.390131044,14.57324769,1792.962165,24336.7,1.445628379,40.88770003,98.17213989,27.11647316,26.38373947,37.42474747,32.02236938,8
element_2443,1092.528895,4.885698602,18.65369719,2547.223888,23220.8,1.563121168,56.4248582,97.6132656,26.81027476,31.31940079,38.11190796,26.36057091,3
element_2444,43.18313444,0.329375082,27.11406512,2904.395455,16617.7,4.084611307,44.99806976,94.8514225,16.91014558,32.83611298,28.0026226,30.15919685,3
element_2445,350.032975,2.243163742,24.57623311,2446.838301,96502,2.347096123,47.22127554,92.97326633,21.39826778,29.66753578,34.15877914,28.29159546,3
element_2446,3.229569382,0.017619528,26.08824847,2136.719103,1574223.9,5.544024587,43.29886597,90.69310777,23.20987507,22.625,34.25,40.875,3
element_2447,302.3330757,1.649993565,23.51957194,2417.994181,85401.1,3.747116573,48.71497075,91.73876799,24.51170318,29.26709366,35.2734108,31.78109169,3
element_2448,5.303159507,0.024287478,26.0619967,1883.591493,1488646.5,5.220274711,39.43469927,89.97504992,23.56189501,24.36050797,31.3643322,34.25091171,10
element_2449,7.176940077,0.032039701,25.89145264,1624.961795,539868.5,5.001861906,40.47820942,89.67987685,23.88837041,22.125,34.25,40.375,10
element_2450,127.3025514,0.547933699,24.75280864,1894.487323,944594.9,4.792160904,35.58309559,88.02894464,25.68033636,25.69314194,32.70626068,37.79424667,10
element_2451,1025.10527,3.314088956,19.81593978,1898.173153,521928.7,4.406828059,37.94514778,89.07082353,26.32671451,24.54327393,36.07549667,34.33086395,10
element_2452,24.88273117,0.026170763,25.16794273,2088.060898,17760.7,5.600995624,37.38623098,88.99015166,24.93767833,26.4502697,32.29285812,36.05492783,10
element_2453,2481.421235,6.606898298,14.57332746,1938.426439,23673.9,3.039153863,30.53713344,89.64704989,27.22367136,24.71599388,38.48256302,30.63279724,8
element_2454,256.4075751,1.312668395,21.77611987,2812.351719,469146.5,3.642795041,40.12783811,90.48671878,26.27783956,26.28437424,40.58493423,28.38267899,3
element_2455,558.9221353,2.247669602,20.87483807,2539.606828,420326.4,3.729996315,49.28617821,91.59352065,26.33711943,28.09090996,40.95274734,27.85097313,3
element_2456,3185.765654,6.987912035,10.80829911,1342.456319,33154.5,2.440005895,26.64972303,91.20129668,27.59425228,21.88428688,41.90646362,30.89486694,4
element_2457,2457.936355,4.592417824,14.07033184,1203.068403,89251.2,3.399891713,31.66061173,86.73057277,27.42047106,21.74570465,38.23833847,36.26576233,8
element_2458,831.8393,2.25272522,21.45089873,1100.021293,821166.3,3.208633101,30.82101424,84.03293166,25.44258629,23.88536644,40.26988602,31.88706207,8
element_2459,858.8155985,3.543483472,19.66953483,1871.657416,391733.7,3.255851343,51.30470281,93.15857379,26.72408526,30.61629295,36.5569191,29.88960266,10
element_2460,461.6870003,1.472129433,22.45958788,2255.536009,19705.7,2.519874886,52.79269028,92.71796415,25.82700457,33.27347183,36.81416702,27.06468773,3
element_2461,1593.462311,4.262930278,16.3796965,993.1291177,131948.1,3.763327246,30.29872734,81.9994044,28.40305002,21.48999596,41.22489166,33.17544937,8
element_2462,148.7225776,0.168608086,24.59371606,1099.380549,522571.8,4.510153755,24.7444818,82.08323155,25.84365487,23.95627022,40.6272049,33.0190773,11
element_2463,414.0490765,2.094924088,21.53676556,2525.410748,320576.3,3.984531445,59.44487574,95.10189455,27.14411793,33.33545685,35.75488663,27.58659744,3
element_2464,2551.666549,6.895508653,11.37948775,1375.963683,33952.7,2.210596612,48.15156184,93.42240397,28.00849299,24.28576851,37.60435867,34.74768829,6
element_2465,2797.089624,8.505088099,12.47706418,1660.140455,41500,2.119264506,48.74886217,96.45842303,28.46763113,23.19908333,39.40399933,33.06583405,6
element_2466,2318.018779,9.296591965,12.05442157,1335.069641,256374.3,1.703069101,53.12462537,94.96470198,28.86766834,22.9986763,37.7075882,35.33654404,6
element_2467,983.6079917,2.522020524,19.35577021,981.6375417,93854,4.360116166,26.73426945,79.15972782,28.87126883,22.81656456,41.77910233,31.82460594,8
element_2468,289.9161364,0.253957195,25.88090535,947.4579663,346499.2,3.553254669,25.0122501,79.03698428,25.13969487,31.51646996,36.9128685,28.40637016,11
element_2469,3913.615762,11.72620092,6.507884674,700.4824027,205981,1.607761708,33.20640636,94.84562596,29.57654951,18.17638969,39.47407532,34.34180069,4
element_2470,4554.934266,8.659378074,1.631218905,674.1653868,28909.2,1.47201144,29.08538049,94.93200053,30.22453661,16.29171944,41.19493103,36.63557434,4
element_2471,4481.304828,6.504565785,2.095002957,452.9910938,185895.9,1.66506629,25.49920414,92.67381812,29.16682211,16.10936928,41.91537094,38.84225464,4
element_2472,4684.890004,6.827929782,-0.199331712,577.0396553,17928.7,1.650623104,28.36135263,93.4427312,29.92500709,15.34475613,42.38879395,37.53697205,4
element_2473,404.2896409,0.309093916,26.08370179,827.5504028,142339.4,3.190375339,23.94341108,75.82388745,25.00342875,36.76682281,29.77374077,29.66892815,11
element_2474,514.7344721,1.161840297,23.06865164,875.3774725,79530.1,4.137648646,25.10007089,77.21526025,28.47253194,22.92997932,41.16459274,33.36886597,11
element_2475,4837.280369,4.462458405,0.381878889,327.6381976,125633.1,1.67106969,22.27223367,89.54912837,29.11419112,15.43633747,43.32464981,37.49866486,4
element_2476,4886.493297,4.628818593,-1.154830058,462.2213263,32627.5,1.63153087,22.78381361,91.6214388,30.23509143,14.80314064,42.54457855,38.8094101,4
element_2477,5052.194168,3.524676655,-1.181990286,287.5239304,51753.6,1.874667315,24.73235427,84.54334808,29.70355108,15.01707745,45.92635345,35.13694,4
element_2478,5156.634987,4.220275596,-1.332591727,226.6826131,20256.6,1.671315073,22.54503738,87.14360165,29.76952974,14.47215748,44.12290192,39.08713913,4
element_2479,4.170023038,0.015485682,26.28450751,1917.17167,48172.5,5.810385308,31.61361651,89.44100672,22.65493986,28.46139908,25.08495712,34.69262314,10
element_2480,76.82646921,0.182662443,26.29626137,1307.842222,29785.1,4.263452941,31.77287828,87.74228565,23.84924264,29.21671677,34.09363174,34.43632507,11
element_2481,6.579214116,0.018444271,26.93524449,1393.76664,979.7,5.464978731,29.39357575,87.99293642,22.56852297,47.46805573,18.28611183,33.44227982,10
element_2482,227.9020712,0.411256921,25.69797658,1251.285414,37787.4,3.16431114,31.10995637,86.49284659,23.45886491,27.99206161,40.32089996,27.56769371,11
element_2483,9.319213313,0.031016228,26.82793793,1532.557906,6219,5.483647921,32.47508359,87.65759371,22.08076312,32.58984375,26.83637238,30.96640396,10
element_2484,269.9273615,0.777331741,25.90624262,1391.776758,19433.9,2.725387459,33.46081957,86.12243884,22.66083724,27.56199837,39.59758759,26.54048157,10
element_2485,134.5825479,0.84225889,26.55077074,1649.572939,10384.2,3.567782547,34.08942796,86.68117754,21.59833123,25.77016068,37.24749756,27.95510864,10
element_2486,351.2123976,0.849931697,25.86688042,1446.799005,51414.2,2.606221205,33.46174126,85.25736247,21.86110327,24.26074409,46.27860641,22.16388512,10
element_2487,2.501748143,0.018671635,27.4124839,1571.155804,887,5.745776689,22.03744077,86.72321287,20.53006117,24.25,29.72881317,25.70550919,10
element_2488,229.5794078,1.14059102,26.68317457,1527.846071,135526.1,2.451616451,32.05049124,84.81347321,20.54025024,24.77113342,50.14928055,21.00362778,10
element_2489,364.2543686,0.960767513,25.88412319,1452.651296,23015.1,2.66470828,29.17880262,83.11062392,20.19289433,28.28570557,46.59236145,22.57222176,10
element_2490,217.1449934,0.500142936,26.75392185,1445.908773,95217.4,3.018142149,29.57234427,83.44909004,21.1758669,33.507267,36.7212944,24.98430634,10
element_2491,328.165967,0.738010854,25.98895479,1381.756103,72492.7,2.771644744,30.19479859,83.23101645,22.03006295,24.40795517,48.94791794,21.71635246,10
element_2492,394.122861,0.756126861,25.49517294,1452.91855,12700.8,2.536342656,31.70123731,84.02465592,22.22244418,21.24068832,52.57603836,19.96730232,10
element_2493,322.0907523,0.426533461,26.7755325,1350.774763,48813.2,3.066836092,27.80533175,82.54078617,21.2907975,26.67825508,45.5103569,26.05029678,10
element_2494,477.6243393,0.856015571,25.75521083,1271.256347,9986.6,2.289755745,29.08344653,82.53343827,22.80577463,20.22393799,55.62722397,20.75695419,10
element_2495,345.9962684,0.4191669,26.43267568,1334.466778,31108.6,3.508261044,28.84272096,81.49502913,21.60581182,26.94764137,46.68982315,23.9027195,10
element_2496,391.7880571,0.504898793,26.66046074,1334.824181,13253.5,2.932415796,28.80326371,81.94677655,20.69085075,26.53505898,47.83060074,24.985466,10
element_2497,238.0578968,1.490011751,26.33192067,1439.835371,57148.5,2.859291907,26.82369413,83.89377057,18.90017347,24.45328331,47.93780136,20.65208626,10
element_2498,194.2797469,1.115547593,27.95118053,1279.225227,310380.1,2.6864784,26.12483632,81.69427858,17.25195926,32.03941727,37.0349617,23.91773415,11
element_2499,188.6972419,0.81445997,28.0749275,1241.005507,282910.8,2.410590543,26.58888693,80.69523967,18.05803001,33.94432831,37.25199509,23.92023468,11
element_2500,536.8399713,1.441089386,26.03093817,1473.799318,21506.4,2.206253344,31.35954032,82.05364433,18.35251209,24.99271774,52.92549133,19.27385521,10
element_2501,136.514011,0.341224922,28.36936687,1156.088485,226574.5,2.687779641,27.64337602,80.07735732,18.62772541,48.06591034,21.62727356,23.46585274,11
element_2502,493.4929423,0.788731301,26.33313482,1506.968113,40768.7,2.544807955,26.56098082,81.34063671,19.44393538,26.37665749,48.58455276,22.91056061,10
element_2503,369.1969538,0.466527391,27.05400403,1184.183174,108513,2.840695026,26.414689,79.00910331,20.72486104,46.14590836,21.08065605,27.77705193,11
element_2504,334.0578994,0.447496352,27.71882365,1084.712605,116578.2,2.827612279,25.5147512,78.88184924,18.65562675,41.74960709,25.51415634,28.2286129,11
element_2505,538.0983458,0.464786028,26.61812171,928.3290045,55543.4,2.863573522,25.7635845,75.55949783,19.583131,46.62403488,19.32536507,28.71689796,11
element_2506,560.4409997,0.336012587,27.16617648,961.091545,30995.5,2.928267736,23.19460265,77.21803485,18.23402922,46.8434906,19.67595482,28.43360519,11
element_2507,48.27965157,0.183386877,28.45324511,1178.711338,13671.6,4.404825718,23.82772424,81.2609668,16.67739889,30.29209137,31.42819214,25.66885376,11
element_2508,144.8298325,0.333270778,28.51833407,967.9583268,258782.4,3.282284971,24.08874571,80.10891912,17.10494641,36.58652878,28.8939743,28.59995842,11
element_2509,426.9333539,0.343753393,27.44364249,856.2745503,11328,2.982201043,24.47696214,78.85659289,17.3663292,33.13093948,32.05363846,31.32164764,11
element_2510,380.3695429,0.72138526,27.88251632,765.125019,226467.1,2.664054583,24.7324017,78.79797433,16.56042888,35.61574936,30.0414257,28.93949318,11
element_2511,583.7200883,0.514882402,26.46987905,977.5906642,71293.2,2.787846953,27.01388401,76.38211472,14.70427006,38.29315948,29.58635902,27.88234901,11
element_2512,411.3806457,0.395589956,27.78397325,800.4532821,135485.3,2.778933067,24.3030926,77.7380498,16.51951786,44.29761887,22.44166756,28.93695259,11
element_2513,623.8116683,0.693147949,26.63929431,1222.040564,55641.3,2.504844908,28.24929387,75.05638562,16.48166225,44.12592697,22.69636726,28.13812828,11
element_2514,490.0697439,0.372974904,27.46036065,868.3003709,70662.7,2.790288816,23.2330329,76.73589555,17.24959668,48.42839813,18.35756493,28.31997299,11
element_2515,611.2871369,0.671537274,26.07859567,1184.356151,33562.8,2.583088136,27.87725035,74.57969931,18.15139563,44.6771698,21.41568184,28.48532486,11
element_2516,570.6842749,0.400405311,26.72409468,700.27145,12404.2,2.928769687,24.27273673,75.43009426,18.37675195,50.48132706,15.5470314,28.3104248,11
element_2517,27.64459007,0.133488202,29.03299112,957.3390886,5979.6,4.679241285,24.85772294,80.33445541,16.05128327,36.42516708,21.98962975,27.83257294,11
element_2518,217.8317034,0.905521933,28.72102243,802.8345348,8819.5,2.876720081,25.84976437,79.42463417,15.84020307,36.37294006,29.19977951,26.63208008,11
element_2519,101.4673522,0.429282295,29.26239811,851.7992562,10274,3.32799928,24.52656335,79.63319224,15.21360077,34.64733505,28.63899994,27.78082657,11
element_2520,414.3543545,0.827945003,28.12773988,748.5468938,54905.1,2.669429011,25.36618472,78.3289939,14.4514913,35.37179947,30.18720055,26.68398857,11
element_2521,103.7026253,0.686739535,28.92062554,1066.871461,17401.7,3.569279304,25.64114639,79.79213395,13.56511996,29.26360703,32.26634979,25.74772835,11
element_2522,430.4654821,0.827287459,27.4085842,954.5807047,17994.6,3.124202672,25.58434141,78.96135931,12.90087534,33.67081833,31.14501572,27.88382149,11
element_2523,62.72267871,0.23864762,28.73794248,1159.615708,4844.5,3.575078627,26.4439572,79.60932856,12.2001242,25.97463799,33.55344391,27.91866875,11
element_2524,554.9053661,0.786195322,27.0919478,927.8015217,13816.3,2.87197199,24.98673967,78.36785995,12.47508142,34.63787842,32.24428177,28.10461617,11
element_2525,204.2126915,0.908086937,28.39408283,1081.162222,9830,3.460069193,26.81251636,79.00883909,11.58379238,30.47515678,32.85426331,27.87848854,11
element_2526,613.0703943,1.147650414,26.61634709,1253.933245,78369.8,2.633587164,26.20506454,77.27566944,11.82756764,31.94272804,34.16669846,28.09838676,10
element_2527,146.8089853,0.783145012,28.0074169,988.7882635,45136.8,3.78680745,25.89745054,78.35785165,9.752621217,26.70344353,34.6515007,26.25510216,11
element_2528,172.2748337,1.43999227,26.65736096,2019.505661,15114.4,2.610850422,38.47810936,76.85106147,9.176995702,28.95961571,37.50288391,24.9826355,10
element_2529,734.8054055,2.66793091,25.98962882,2488.995045,6376.9,2.050180654,40.32917573,76.85070744,10.05502612,30.50664711,37.61001205,27.01962852,3
element_2530,233.5600777,1.439673617,26.42066486,1474.733862,92286.9,2.32376192,45.77732913,74.35237285,15.85279674,40.50641251,25.77802277,28.15621948,10
element_2531,375.7746716,0.705792969,26.9419853,1036.071473,64337.5,2.69054539,27.31429782,75.75359263,21.06011961,46.78133774,19.2882061,29.1292038,11
element_2532,30.59417599,0.112174799,27.94703474,1253.859562,2498.5,4.23964204,26.04762949,72.92522136,21.45050728,48.37142944,15.76706314,29.93346786,11
element_2533,412.5318734,0.702260997,26.20008654,1103.624086,96047,2.617434333,28.64627421,77.45722993,22.44407163,45.05640411,21.80448723,27.68547058,11
element_2534,31.7037562,0.092053107,27.71254491,951.0756559,6081,4.787374965,23.11821317,73.04410281,22.09537642,37.41399002,25.24314308,31.47623825,11
element_2535,299.4767662,0.486786006,26.59577384,877.2952619,34075.5,2.633800994,25.38442421,74.17305711,23.39897995,40.18679428,26.57929611,28.54074478,11
element_2536,11.1943912,0.087488664,28.0380338,787.2782051,28.4,0,0,72.88137594,22.26740063,24.84375,34.625,35.22580719,11
element_2537,23.16028572,0.044227364,27.89777007,828.7006652,1892,5.127459571,24.48014974,72.7406744,22.42611534,23.08004379,35.36951828,35.84769821,11
element_2538,166.5140236,0.366513789,27.19750708,701.7085719,29977.5,4.059441687,26.52260289,72.67888067,23.28794014,27.44835663,37.2101326,31.75495338,11
element_2539,85.02362592,0.29423696,27.11138999,725.9967173,23549.7,3.306452336,24.32897549,71.39108706,21.49027693,34.58070374,25.67782593,26.08131218,11
element_2540,116.0644993,0.323113085,26.82815772,781.2588086,10473.4,3.273246223,23.45545503,70.54746946,21.74522803,41.85290146,24.38921738,26.61880684,11
element_2541,54.40678312,0.225598788,27.03955455,650.0826347,14719.8,3.396743794,21.94393288,70.0330752,22.2700876,33.77182388,25.34606934,27.75092316,11
element_2542,108.720748,0.32131652,27.42602593,612.6627913,29277.9,3.981155537,26.77646093,71.75868501,23.56223283,26.90595436,37.13062286,32.35104752,11
element_2543,51.04032309,0.24020018,27.18646201,428.8582733,11393.5,3.248423525,23.39031599,69.36229006,23.23737321,29.17191696,31.02901268,32.05459595,2
element_2544,6.372157729,0.014832194,27.66363071,247.4331646,319156.4,5.817362297,23.88929586,68.5511195,24.5518941,21.91656303,41.15322495,34.51293945,2
element_2545,21.32153444,0.051536586,27.33251802,246.6918443,205391.9,5.216784151,24.59554694,69.21723785,24.9788257,15.87613678,61.01477432,22.75584412,2
element_2546,157.1919253,0.245874902,26.74634122,419.9669682,112435,3.791533343,25.87913277,71.78306208,25.18960843,20.35938263,51.46432114,27.04164696,2
element_2547,85.66223258,0.065275993,26.62826289,188.9494274,178044.7,4.773998877,26.15024579,70.05005264,27.30265626,12.46254539,67.39611053,18.95233536,2
element_2548,118.1316901,0.15758866,26.47870367,242.6932236,13193.7,3.443699211,25.83599866,70.39653877,25.6475144,6.44380331,82.11453247,11.54444408,2
element_2549,192.3912385,0.021452092,25.55289029,313.7036756,22146.7,6.058493934,25.65328377,74.37115806,29.97948919,17.4936409,56.15920258,24.91072273,2
element_2550,157.5311619,0.045909335,26.33245082,188.622576,76576.6,5.087664948,27.59989847,73.01932638,28.99857172,10.82414722,73.79321289,15.1863308,2
element_2551,265.2741594,0.205064881,24.77646265,565.7770148,20049.8,5.249615993,25.56033999,75.98320508,30.04152527,18.68340874,49.88719559,29.79517937,11
element_2552,256.0047062,0.097491936,25.60178424,427.5113607,37983.3,4.743151949,25.86025152,75.44718211,28.81012239,16.03574944,58.47452927,25.28894424,2
element_2553,2.297098689,0.009901307,27.31649614,269.2709856,5868.8,6.164168426,14.44152795,68.10394409,24.05295601,26.40935898,32.65956879,33.3150177,2
element_2554,101.4828775,0.447691881,27.36497414,180.5567617,854649.9,3.596129664,23.65862465,68.07653684,25.62887267,19.29249954,47.0990181,30.39907265,2
element_2555,353.5721604,0.796493605,25.84604307,162.7167945,740522.9,4.039595588,25.80068102,69.51848524,28.77092015,16.65047455,55.26312256,23.13243675,2
element_2556,783.1549259,1.943978043,23.26780735,182.9121409,97710.9,3.500404687,24.51746969,67.90276049,28.74984851,17.97741127,47.04408264,27.46928596,2
element_2557,279.088506,0.713931413,25.07787069,239.462742,419633.3,4.41764272,26.79394704,70.61967378,30.14370477,21.47497559,47.26693726,27.42780113,2
element_2558,102.3575827,0.017737246,26.07194411,194.745482,287889.8,6.004134678,23.84079942,70.86753903,29.35448717,24.67638969,42.5027771,29.49708366,2
element_2559,1276.27102,3.236744401,17.97634374,601.0295496,161747,4.38877695,26.44576033,73.92081932,32.50737766,21.16490555,44.35391998,29.86842346,8
element_2560,105.9395911,0.01623695,26.05747947,147.2214815,125286.4,5.642744147,23.05268189,71.17785021,29.34206604,26.77499962,34.40000153,35.27331161,2
element_2561,167.5221207,0.023917022,25.10784893,335.326947,110580.3,6.053048815,24.32644505,73.47996054,30.24884805,18.6081543,51.94961929,27.48633575,2
element_2562,156.9160132,0.027599726,25.35875927,254.4921945,14381.6,5.791479793,24.29672962,72.86591149,30.480071,19.75029755,50.52462006,27.57881546,2
element_2563,570.2185538,1.232872433,22.60307092,276.7990576,407621.6,3.76908845,27.05904926,70.43270305,31.18443114,17.78870773,50.98298645,25.66454315,2
element_2564,1189.938283,2.512069536,22.02474467,280.991969,4884.6,1.710528781,23.59105393,69.98005695,30.59573517,19.86365318,41.37983704,32.01151657,8
element_2565,1740.316868,2.235056181,17.07127158,286.0907583,39412.2,2.162434933,23.78477098,69.01250206,31.58036674,19.2795105,40.62191391,31.93605423,8
element_2566,566.4135547,1.289123359,22.5219997,337.658554,357911.3,3.783339913,25.76886649,70.75111032,32.2785188,18.61651039,50.86083221,24.41893768,2
element_2567,1453.377191,2.751823871,16.48496471,510.1079494,25831.5,2.068940204,25.15176257,70.14688326,33.16455973,19.79610443,39.97016525,32.92904282,8
element_2568,406.8575596,1.783600473,23.62371205,433.7331731,319466.4,2.948887912,24.25672885,71.3978809,32.90506114,21.46213913,38.50720978,30.39588547,2
element_2569,501.7990635,0.813097431,22.50573623,620.4074498,11224.9,2.209952266,23.72349702,72.60218078,33.19518904,23.08718109,37.44921875,32.98523331,11
element_2570,665.6583526,1.775721005,21.50559005,647.2065279,306199.2,2.048463154,24.60921539,71.88825243,33.55552384,22.49156952,37.71035385,33.45468903,8
element_2571,1443.425046,3.874985166,16.51408232,1027.79047,66670.9,3.488559118,26.09194446,76.73714566,31.321161,22.47726059,40.74446106,31.78365326,8
element_2572,1669.542703,5.078778872,16.59238806,1121.624985,17156.5,2.486618497,32.16180698,76.53525769,31.92343478,22.48273849,40.65773773,31.28863716,8
element_2573,2518.744902,6.476537044,9.198682369,611.6994585,92571.6,1.823220556,24.44677434,70.73904701,34.95459977,19.57072449,40.57424164,33.36120605,6
element_2574,3583.155582,9.924946954,3.29103638,431.1575329,201574.9,1.642883051,22.5612248,74.15685441,35.68662671,18.90799332,41.97374725,30.67400932,4
element_2575,4918.075207,7.641465743,-1.611585313,325.4098362,10140.9,1.480922955,27.73414668,78.31820107,32.29382714,18.19244385,43.41151047,30.01428032,4
element_2576,4827.281954,3.676007562,-1.459473608,398.4266883,30987.7,1.637591603,27.61136199,80.26761313,31.28324377,14.67858982,48.59600449,32.7159462,4
element_2577,5054.18979,6.371680461,-3.105488471,117.3364588,66467.4,1.576624184,21.37220773,78.75147569,34.1987607,15.96484089,47.87415314,28.32446289,4
element_2578,4785.031231,5.872266785,0.951353225,370.4906491,72730.3,1.633560354,23.95726382,78.41943429,33.1720527,17.217062,46.40252686,30.13132858,4
element_2579,418.6398935,1.48392692,25.87051421,220.8800695,35396.3,2.766745689,23.48247273,66.8760183,25.85242874,19.26060677,39.00103378,32.45039368,2
element_2580,60.41664573,1.685048226,27.34747486,4523.924166,4076.1,1.23886513,13.88897293,98.20885788,11.61622765,22.10656738,19.4108963,17.83348846,3
element_2581,162.3460917,1.660775117,-2.508602531,610.3457232,2359.3,1.3529293,13.25972613,137.5930722,54.94358732,6.379687309,29.796875,23.76177788,12
element_2582,189.2815699,1.194698781,0.551853492,740.0884011,74997.4,2.391140772,23.83024215,142.7061462,50.32979085,11.29544258,50.62598801,23.55701256,12
element_2583,300.4162872,2.091815931,5.93182554,1181.170819,85506.2,1.841310689,30.60997201,142.9866662,43.51627961,16.12128639,31.88874435,30.56527519,12
element_2584,286.5122998,2.40969309,16.48095263,2263.474718,39397.8,1.717140769,36.18429265,130.831003,32.65199353,19.77676964,28.16947174,25.70463371,3
element_2585,394.9327367,3.188296132,15.7426908,1933.179052,18969.6,1.590386718,32.84844644,133.4581049,33.66037564,22.21117973,26.88594627,23.36540794,10
element_2586,110.1816019,1.865719696,16.34001575,1475.138703,642.5,0.981513193,18.23785512,134.8388595,34.36238637,24.67008209,20.05942535,15.76754379,10
element_2587,424.052806,2.475145778,13.07095645,1721.896045,231936.1,2.04553363,33.82788065,137.9371704,36.63500357,21.47253418,32.49165344,31.41657257,10
element_2588,283.4180673,4.892320122,18.1867511,2608.409034,1303.6,0.369070402,21.54524975,130.571115,30.6388101,15.1848402,25.44794846,25.35527611,3
element_2589,69.62437345,1.255441417,16.50953677,2059.978472,1977.7,0.675362801,11.39621124,129.162485,33.60418729,16.68176842,20.28002167,16.95248604,10
element_2590,257.8004244,6.026154468,12.63034212,1344.095238,88,0,4.195562022,130.8786495,37.49896241,19,42,21,5
element_2591,100.6640509,2.092985285,14.55575361,1729.633547,418.2,0.840865886,12.86729929,133.1992653,36.19145073,20.95833397,16.125,12.75,10
element_2592,225.8815646,3.636800165,12.78980426,2346.251518,908,0.939771389,23.26319929,138.3902259,38.04480561,8.234375,14.046875,14.20833302,3
element_2593,177.4166727,5.604438552,15.67309837,2320.830629,264.2,-0.093961209,1.25980092,139.3991273,34.38319347,6.706521511,6.586956501,7.887754917,3
element_2594,65.00844826,3.599357321,21.57197972,1920.162704,276,0.54622604,1.113429348,141.1288614,28.95206609,1.633333325,2.299999952,24.5,10
element_2595,79.21861936,1.562268056,23.03185463,2300.731927,4339.1,0.602481769,14.30723613,127.6341373,26.68961247,12.23177052,10.73363113,8.818118095,3
element_2596,755.8913143,4.762301667,21.42102965,2410.760057,36790.4,2.4638085,38.054869,120.9645299,23.74595904,22.21916008,28.25203705,32.07582474,3
element_2597,-3.795431852,0,25.5,1459,4,0,0,116.7221567,20.70384178,20,59,29.5,10
element_2598,183.8750992,1.479485327,25.04591805,1589.931564,34604.3,2.285644472,33.62443624,109.7523924,19.19137155,26.59522247,30.39922905,30.5809803,10
element_2599,49.13866221,0.782185111,27.24230766,2839.283775,8463.1,1.492031014,26.73494413,92.96731589,11.23166245,12.6976881,18.94799232,12.63527489,3
element_2600,169.1969615,0.996460001,27.5047046,1932.349907,66904,3.00040342,31.18877517,80.69681584,7.629654974,23.36001778,36.60292435,27.49056625,10
element_2601,1242.433658,0.755939716,9.468856445,34.00273921,909036.8,3.04465956,25.86834833,91.53096415,40.49443939,12.64521027,49.42870712,36.31126022,6
element_2602,2036.448522,2.414756284,7.124519544,46.33984862,767613.7,3.135313596,28.37468227,89.62066963,39.15616599,14.81990814,48.65045929,34.63370895,6
element_2603,1753.808576,2.264176284,8.636098776,113.5593799,90827.4,3.026476534,24.86565267,86.74691422,41.84879506,12.23658085,50.81175995,34.8848877,6
element_2604,802.5251465,0.013243415,12.89850438,28.93376068,723020.9,5.088020836,23.47157209,88.49988937,39.44488808,21.83333397,51.75,24.47619057,5
element_2605,2217.280173,2.899755569,6.445555552,64.7567358,22738.4,3.203405997,27.51041676,87.90204981,38.57451964,15.07347107,45.07371902,37.89422607,6
element_2606,2877.875369,2.271934658,4.185412071,71.58788674,53708,2.85640133,26.52527821,86.6067346,37.83316177,11.82988358,56.49227905,29.31013107,6
element_2607,831.9970378,0.029439294,12.41524024,30.92554396,669373.1,5.558712038,20.70152101,87.99214738,40.30055148,8.100427628,70.46910858,21.10461998,5
element_2608,874.9133665,0.302563485,12.52519145,31.04932255,7376.3,2.818204219,25.4240741,87.41568688,39.85406144,9.711914063,70.08227539,19.57805061,5
element_2609,944.5507483,0.201826056,12.24184261,33.33958283,658672.5,3.398989237,27.69064847,86.51370059,39.9028345,8.096003532,71.32928467,19.88998222,5
element_2610,1894.286209,3.057497655,6.753822155,181.124439,40359.9,3.522695397,23.88121421,82.96710079,41.8416419,14.99407196,40.28276443,41.58980179,6
element_2611,885.861558,0.034496162,12.62373594,40.31294261,590473.9,5.144462384,23.69770883,86.30021176,41.0032719,9.755952835,65.07887268,24.9017849,5
element_2612,983.667656,0.164679726,12.21256831,35.04095132,203047.7,3.706962078,28.14086832,85.64839616,39.87734769,4.895075798,83.46287537,11.78901482,6
element_2613,1203.344276,0.852085132,11.67593291,74.60392606,386911.3,4.983212956,23.7892696,82.17153919,41.09734933,9.073979378,65.07395935,24.28222084,6
element_2614,1135.788524,0.20452737,10.81241383,36.46433527,9132.7,3.575057779,30.77635014,85.17626253,39.0095373,6.587424755,73.42118835,18.59055519,6
element_2615,983.8407116,0.104111342,12.34431878,42.51631018,187507.4,4.804852402,27.84996051,84.78437908,40.02745601,5.178636551,82.41352844,12.3994751,5
element_2616,936.6189158,0.015530994,12.77391994,61.526628,84610.1,6.197273595,22.6586069,84.13621489,40.49796479,4.573908806,84.65823364,11.0292654,5
element_2617,2257.772159,1.522980574,8.250780937,42.28840589,86345.9,3.161354475,29.7474322,83.9173686,37.73133143,8.333882332,67.92690277,21.93387985,6
element_2618,1074.3058,0.046369451,12.68371318,40.63346529,22327.1,5.69595076,31.49706018,81.70478662,39.64997584,5.212827682,82.09986115,12.33961582,6
element_2619,1049.062838,0.098248526,12.56100334,40.22191504,60966.4,4.488697379,31.31395246,83.28483566,39.54603762,4.375,85.85178375,9.750185013,6
element_2620,2253.51764,1.76403104,8.077264786,37.12462211,40644.4,3.57131232,29.91495214,82.08478992,37.45670569,8.127640724,69.72779083,19.82376862,6
element_2621,1060.353872,0.050070627,12.75494351,41.80230855,15019.4,5.51893364,30.57760729,82.32135688,39.60257343,4.599321842,85.15270996,10.0740633,6
element_2622,2242.644466,2.873351264,6.924775515,138.6381354,277748.4,3.40732567,25.2465525,78.84113949,40.57515787,12.8001318,52.28110123,29.94499397,6
element_2623,1138.885371,0.053952763,13.03106802,35.5566688,76059.7,5.433238885,27.51480863,80.95368398,38.97386273,5.512156963,80.42372894,13.03100872,6
element_2624,1098.302015,0.103695371,13.11217951,39.11048951,113684.5,4.245490534,18.45740403,79.20880312,39.7055548,11.20250034,55.62250137,32.03749847,6
element_2625,2543.950399,3.439517361,5.988646678,140.0120986,76777,3.312294192,24.79844726,75.81355994,39.3318132,13.51023197,49.50923157,32.72688293,6
element_2626,1120.043065,0.32395302,13.10427372,41.86004274,90287.4,4.659133876,17.26494449,78.94920804,39.62791918,13.55555534,50.76388931,34.02777863,6
element_2627,1596.03414,1.166763284,11.95811458,31.9029304,23071.8,4.055202922,29.23007796,79.00468719,37.96761265,7.197895527,72.81212616,18.45976639,6
element_2628,1148.297919,0.029912829,13.06857552,45.73789174,62158.7,5.378863795,21.31946493,78.04376952,39.28641271,9.975876808,62.32492828,26.13605881,6
element_2629,1684.269782,1.348488904,10.49132369,34.26957675,28022,4.285782932,28.69814221,78.08107635,38.08085318,9.05599308,64.7686615,23.72147179,6
element_2630,1247.991996,0.150395694,13.49108698,34.21061419,7001.7,4.981266688,26.83257921,80.03190281,38.08951895,6.811598301,75.42288971,15.96954823,6
element_2631,1251.221285,0.070181721,13.43410176,34.29101269,62794.1,5.047194839,34.25613478,81.03635114,37.80833048,5.0859375,83.52213287,10.83677769,6
element_2632,2051.084676,2.285090068,10.72070039,36.42650678,4914.6,4.036822291,33.50941357,81.01865327,36.88746291,8.912963867,63.96021271,24.51311684,6
element_2633,1206.774469,0.062764134,13.47501461,32.54331502,56802.8,4.951896232,26.6955834,80.72463805,38.1269903,4.391666889,85.55833435,9.741666794,6
element_2634,1242.175235,0.052437804,13.64737239,33.51981907,43710.5,5.230333577,27.95325222,80.17442619,37.91212346,6.0625,77.00723267,14.68949032,6
element_2635,2057.961092,2.07998275,10.0634234,33.99983211,12697,3.393575274,29.87223782,80.58500219,36.83673587,9.355600357,61.14042282,26.70055008,6
element_2636,4389.105086,5.935622466,2.413369457,28.99324241,24574.3,1.988745367,21.02738223,78.83794091,36.21420235,12.1755228,53.44264603,29.27800369,4
element_2637,4013.714649,5.446020329,5.920038431,31.17193821,18639,2.651218443,21.4516474,80.29905741,36.23727208,11.0385046,56.9887085,27.11976624,4
element_2638,2830.903087,4.453161149,7.216459935,35.45521014,10687.1,2.29059761,23.30329525,77.07896358,37.33994433,12.92487717,49.38831711,34.5188179,6
element_2639,2302.17292,3.713197179,7.602505574,39.9860755,48852.6,2.793927669,22.67457625,76.67405711,37.99174862,13.13057423,47.76783752,37.31495285,6
element_2640,4245.683682,6.748311925,-2.14727509,78.51212765,11553.1,1.604980572,21.85417838,75.33277844,37.57909214,15.45904732,42.76944733,35.53385544,4
element_2641,4824.76145,7.367781213,-0.768116772,49.05032067,29586.3,1.59226156,20.86125259,76.73107007,36.40425399,14.47857857,45.07945633,33.99134445,4
element_2642,82.27136841,0.057470805,12.4729401,117.0754822,622506.9,5.141142078,21.53444329,61.54431401,43.76012016,16.09279442,60.81665802,16.70189476,5
element_2643,52.7303935,0.108216235,11.39938171,126.4875051,45425,5.108920026,21.21288796,59.35237313,44.74874714,21.27785301,41.2800827,21.80238342,5
element_2644,158.4113218,0.074044764,14.89693625,133.2445949,463252.7,5.126464689,22.95075183,62.0597162,40.55437406,13.63195801,64.91490173,15.3482914,5
element_2645,74.75948736,0.03506207,12.40083408,121.0768467,53924.2,5.38984064,21.78636123,62.08284353,44.04350332,14.02969837,67.16929626,14.12602997,5
element_2646,189.5673841,0.01631551,16.77517108,128.6557692,405848.4,5.48596609,20.80961839,63.57800507,39.10257728,10.32499981,62.02000046,24.64999962,2
element_2647,1056.051005,2.457813827,12.76339621,368.3177497,69512.4,3.168501115,24.99475188,66.35032942,39.40357947,21.37633705,41.6257515,31.35293961,6
element_2648,201.2545524,0.052445889,16.99364511,132.8919132,337555.5,5.165582411,23.41982594,63.87120579,38.85316818,5.768939495,79.40341187,12.85511398,2
element_2649,1007.486016,1.685788273,15.4892272,255.1777441,39510.2,3.003459523,24.34953341,65.19965478,36.4302916,17.6871624,50.90518951,28.26206398,8
element_2650,394.8694209,0.407343795,16.93435451,225.6506038,298325.9,3.774837716,24.43475623,65.41847251,38.25989572,18.53086281,50.34184265,26.92176819,5
element_2651,472.7220317,1.198687138,17.66802856,225.6293952,255203.5,3.855839873,25.51706701,66.32641851,37.43380403,21.46860504,41.51051331,34.07723236,2
element_2652,1873.142322,3.72647274,11.27412882,306.6121628,24340.7,2.255082456,23.66233719,66.70339034,35.89581938,19.02689743,44.92892456,32.38748932,6
element_2653,1252.18869,3.730219011,14.11957249,417.6984689,231658.3,2.282959097,24.14846711,68.00066264,38.028802,23.12156487,36.97867966,34.5547905,8
element_2654,1330.672587,2.47869409,13.45017289,289.0966106,14547.1,3.043467344,25.10261617,67.61890497,36.40653022,18.70491982,47.24747467,31.42207718,6
element_2655,2321.503485,5.696638767,9.764997678,522.700763,37759.2,1.881554122,22.2699311,68.76784847,35.84006356,18.40581131,43.13573837,32.34614563,6
element_2656,361.5037141,1.227116704,17.83340469,188.2253561,155605.2,0.490197743,18.01129363,68.29125741,37.05270234,21.875,35.75,42.875,2
element_2657,540.7805456,1.494484843,17.41784423,318.3647848,116798.5,2.735367835,25.38059269,69.01567298,37.17292936,20.22694016,38.86444092,36.04278183,5
element_2658,2897.660547,7.007581804,3.881045341,537.4844395,38706.7,1.756820541,25.1304574,71.00404558,38.88834361,20.86723709,37.96736908,35.00527573,4
element_2659,548.9771134,1.350418205,16.09957318,454.5881868,91524.8,2.168164163,26.56358024,69.48719639,37.21601642,18.82857132,39.87857056,29.59375,5
element_2660,3122.813302,7.928545765,4.77081264,685.1380191,20930.3,1.566007714,20.62300912,70.65749825,36.58543512,17.9979744,40.9667244,34.97807693,4
element_2661,1226.60923,3.053732136,12.35223147,703.6655076,9065.7,1.921431402,28.2772872,69.70754608,38.08313188,23.14019012,34.55425262,37.16126251,6
element_2662,2881.010083,8.164952064,5.356045209,622.3606601,82201.8,1.558648723,23.38108011,70.844136,37.95296656,20.20224762,38.90817261,34.88419342,4
element_2663,4002.468483,11.07603788,-1.051399739,581.599424,27800.8,1.774272448,18.76632464,72.08418943,38.08365251,18.31521797,41.2104454,31.77173996,4
element_2664,4294.872561,7.352212915,-1.799269085,344.544541,31355.3,1.563211046,20.70626275,72.66459332,37.31798993,18.13778114,41.25292969,32.05126953,4
element_2665,4476.11501,7.951613958,-4.345964658,473.3346006,4453,1.529978502,21.16709169,72.86991812,38.56421807,18.23928642,41.37529755,32.45561981,4
element_2666,4373.66483,5.095321601,-3.285222854,235.0602319,19777.4,1.713730398,21.11073414,74.05280338,37.9901562,17.40566826,41.27742767,33.61660767,4
element_2667,345.997215,0.011061628,8.431356198,171.8083452,404800.5,6.297169606,21.5000567,74.94164267,46.03670967,3.873569727,90.80491638,3.16140151,5
element_2668,341.7813734,0.00519594,8.310912096,150.0783679,216797.8,5.999030205,21.08641733,74.5086543,46.13240003,15.40889835,52.9830513,8.699999809,5
element_2669,423.4835863,0.188895919,7.63349884,190.7732159,185990.7,3.976810898,21.62552281,75.0700054,46.66463097,15.09313107,58.06381607,18.77185631,5
element_2670,654.7640784,0.390585064,5.418787498,202.4333653,18973,3.005631961,21.5835499,74.0511121,47.63826004,24.8231144,36.99051666,31.69524574,12
element_2671,392.4425493,0.143320247,7.534348818,155.4517587,196700.5,3.646104657,21.44138475,73.95467656,46.50728909,22.68725395,37.09215546,23.79505157,5
element_2672,502.3287634,0.296333253,8.415752521,216.1002879,52472.7,3.426247351,23.46623105,74.12314299,45.34278241,19.80834007,49.89355469,23.20460701,5
element_2673,393.0038089,0.10070109,9.733001685,245.1826284,141350.3,5.519622169,22.74049577,75.55425601,45.15900073,9.011538506,70.50370026,16.90038109,5
element_2674,489.5143716,0.216654051,7.570871561,239.4079954,152320.8,4.106626042,22.68321988,76.19501293,46.77770713,16.18406296,59.0957756,19.6563015,5
element_2675,787.3486363,0.536891074,4.568558968,237.3224313,21732.7,2.900956113,22.56716602,75.73143912,48.2629718,24.54433441,38.37879562,33.13063431,12
element_2676,498.0717155,0.274867378,7.643050072,250.3238427,118565.8,3.532921335,22.49834079,77.08317506,46.68793144,17.8623848,56.46804047,19.5555954,5
element_2677,423.2355667,0.13554909,9.252198745,261.4288789,14146.9,5.186845918,26.18319686,76.72136961,45.43103898,10.93541718,68.54491425,13.58063984,5
element_2678,692.2705839,0.959555741,7.029824624,317.2315153,82144.9,3.64903237,23.71988227,78.77850688,46.16556793,20.63750458,47.07061005,23.68717003,5
element_2679,1192.720089,2.459619292,7.544679837,362.2662233,18213.5,2.705522239,23.33795047,78.31581845,44.99404054,19.41849327,48.61255646,23.16033173,6
element_2680,669.4053566,0.568156046,5.384776409,315.8015156,22260.7,2.830819042,22.24275332,80.23728564,47.39135082,21.88048172,40.81256485,27.4327774,12
element_2681,703.8031126,0.378174457,4.587920513,296.629987,27440.1,3.048463323,22.23807017,78.40012611,48.02058967,24.33867264,39.93029022,29.1566143,12
element_2682,971.6469487,1.781358071,7.932854469,465.3231948,115833.2,2.365960139,27.21483627,77.13651258,43.75790017,21.69666672,41.84555435,28.49740028,6
element_2683,952.4234754,1.521469972,8.928524751,414.2369575,12918.6,2.503822368,25.82157123,75.95349964,43.51434724,22.79717064,34.85080719,35.04488754,6
element_2684,1417.687989,3.070754563,7.474076014,484.0319763,99651.9,2.30371732,25.5628353,78.51996242,43.6081021,20.50950241,44.1281662,25.9398632,6
element_2685,1282.028797,3.26734285,6.611386617,513.8985674,6435.6,3.153628143,30.10088378,77.63148243,43.47088036,24.89940453,33.19940567,31.32990456,6
element_2686,1347.98218,2.79429689,5.481835812,378.2521623,76920,2.791822037,27.85938403,80.48609121,43.98545349,19.78283882,37.80718613,36.48648071,6
element_2687,2195.119727,3.296924699,5.121813511,459.4214829,8218.7,1.745946599,23.77379265,79.40670049,43.0166802,23.99652863,35.42750168,30.56058502,6
element_2688,1147.506414,2.69642895,6.593050223,266.7805556,38026.8,2.374028248,26.64147077,82.10106886,43.53382129,17.58288002,34.27219391,44.65184784,6
element_2689,2295.966418,4.715144221,1.052721684,338.5658516,9595.5,1.749884008,21.56549629,83.24207616,43.80851973,18.66206741,36.6092186,39.16366196,6
element_2690,1871.334571,4.847616449,-0.385006076,305.6745238,7663.7,2.314284992,22.28876031,83.68955713,43.39242094,17.97351265,38.16637039,39.1721611,6
element_2691,2573.776177,5.030525424,1.113924647,370.063725,27577.8,1.876399377,22.15220449,81.44441659,42.8582558,19.5561142,36.36579895,38.45017624,6
element_2692,89.62469564,0.246365783,8.987499115,135.2544685,325885.8,3.106079626,20.05053,60.74997887,46.57585205,18.10025597,44.10253143,20.96637154,5
element_2693,233.4617831,0.286286243,12.30719943,175.069137,293530.9,4.53587406,22.73036765,66.68612756,44.10717583,17.91876411,57.30334091,20.71676064,5
element_2694,106.3859593,0.162362979,9.490568858,128.84014,14788.5,3.620371289,20.71388271,63.38615649,46.19177303,21.57442093,47.54427719,27.29696846,5
element_2695,270.408715,0.198047789,15.22807427,317.1391043,209275.2,3.810665168,23.88875971,68.22843435,41.8713584,24.44833946,36.5103302,36.09292603,5
element_2696,819.8601027,1.756470196,11.75519694,471.5739769,14379.2,2.508803172,23.80833249,69.67590092,42.42294712,23.44533348,34.05097198,38.33945465,5
element_2697,574.2313908,1.142601306,14.89075394,340.2573179,31438.5,3.602038565,28.20197438,67.60371796,40.49284669,21.88589096,41.28496933,32.90917969,5
element_2698,1443.474893,3.754353498,10.0617131,451.3232624,167952.2,2.684384832,25.11332437,70.34925922,40.80328817,24.95096588,33.45537186,37.21712494,6
element_2699,2058.789831,4.796086464,5.855463933,430.7790685,28600,2.057256112,22.6830369,73.23477463,40.63122641,22.46038055,35.08369827,37.09220123,6
element_2700,2674.257219,5.275393024,2.854293117,400.5466616,60782.6,1.605093052,22.76541713,74.63413418,41.57478554,20.78396034,36.62787247,34.87561798,6
element_2701,218.0343685,0.210911187,6.567619128,202.8278745,147526.1,3.574362885,21.74366829,63.73739674,49.30502136,23.7684288,38.44247055,33.8780098,5
element_2702,739.4927673,0.388739651,2.373164966,197.462715,113024.7,2.419897992,19.89217702,115.1860551,47.73991702,23.04895973,36.13127518,38.51147842,12
element_2703,920.4779074,0.469381311,1.898790586,214.0152853,12063.6,2.404269964,21.16043972,114.3465054,47.26670463,23.66648483,34.27823639,39.40654755,12
element_2704,675.6665213,0.335302928,2.631019192,189.0408628,102012.2,2.770392408,21.70672699,116.0120107,47.35060735,23.64621162,34.29999924,39.39067459,12
element_2705,981.8637695,0.49630694,1.781317494,215.1450784,32616.3,2.523498983,22.58064253,114.7746925,46.40301482,22.94516373,35.50173187,38.62568665,6
element_2706,907.6254907,0.578185954,1.966830411,218.1676531,80157.1,2.564764434,23.83315574,116.2920007,46.17487528,21.75022697,36.67934799,39.18212891,12
element_2707,1123.611455,0.620012936,2.027260297,250.4929071,36839.2,2.333164665,23.14096506,116.1098282,44.53593945,18.09223747,44.25035477,35.43245316,6
element_2708,941.8408499,0.716252839,1.769480096,238.1101538,36115.3,1.949868012,23.36006052,116.8686036,45.5361344,18.61151886,42.26593018,36.99937057,12
element_2709,1065.018142,0.708910259,2.070649894,291.9181538,7701.7,2.34457228,21.85546698,117.52643,44.70181047,18.80963135,43.98583221,34.63923645,6
element_2710,988.2462696,0.603127337,1.45760371,322.2732008,28277.3,2.725879905,22.26325609,118.6374226,45.46479413,19.03181648,42.21471786,35.85652161,12
element_2711,3628.236976,2.292634163,-0.475572962,218.3956464,110037,3.109238925,24.81333687,96.00354109,36.27043837,16.65158081,44.89871216,35.99617386,4
element_2712,2342.101677,2.041522571,4.181454053,100.0362178,91361.4,2.573417344,29.48642427,95.48731767,39.88835795,13.18657398,45.48010254,39.78422928,6
element_2713,1100.403815,1.926774884,5.746774967,223.2242964,87577.3,3.192601001,25.87154786,86.01170209,45.07370334,13.94879532,47.05932999,36.18353653,6
element_2714,1016.029608,1.883594767,9.356731329,305.036783,75346.1,3.782776165,25.90535438,72.9730092,43.57660008,21.24663925,45.35584259,26.37384987,6
element_2715,491.6445157,0.318457282,6.963849593,185.1313612,73166.2,3.273904307,21.22550018,69.70860132,48.13764751,27.2339344,36.10856628,32.79876328,5
element_2716,2249.606258,2.503414205,5.259032494,151.5806005,71257.7,2.815779098,27.05623792,99.79918068,39.78671073,13.96158123,48.37850571,35.82909393,6
element_2717,910.4277929,1.835439701,4.656667416,315.1449987,63346,2.829564235,25.71448575,82.02696768,46.42232725,19.68875885,39.37420654,33.11428452,6
element_2718,1283.280557,2.991457507,4.497266427,304.090914,53030.7,2.663531342,26.38384175,83.15053977,44.75650104,16.78786659,40.30101776,38.63061523,6
element_2719,929.3686425,1.767728786,9.939796228,344.1198361,45343.4,3.28455571,25.55630965,71.00107625,43.27537391,20.41492844,48.92961884,23.02909851,6
element_2720,146.0389988,0.068549529,12.76394174,127.150075,43160.1,4.411688817,24.75928989,64.79764086,43.64495309,9.963402748,79.05278778,9.005389214,5
element_2721,1221.352705,0.429768512,8.692828692,71.83933915,98548.2,2.964073804,26.92532244,101.9543816,41.03183071,13.40666771,55.55589294,29.4203701,6
element_2722,1174.930371,0.590615365,8.306735503,81.79504435,46481.8,2.396023538,27.63980842,104.8208691,41.69965703,18.4158802,47.88490677,31.96520996,6
element_2723,1486.849371,0.738942578,3.577846142,146.8766475,82554.9,2.174219113,22.94421801,103.9038685,45.29652156,21.96294212,43.09808731,27.82947922,6
element_2724,244.0956568,0.130055367,26.25058203,259.6630168,75049.6,3.805059293,25.82157977,72.90011261,27.59344982,9.348677635,74.69676208,16.16768074,2
element_2725,1255.617091,2.623043529,8.305280123,116.3557496,54725.1,1.98005647,25.73849194,88.9646204,42.58607572,12.38276958,44.20330048,41.85353088,6
element_2726,3550.037555,1.740203492,-0.364439201,94.86016635,65664.7,2.525710633,24.0216494,92.11442736,37.33187801,14.03106117,51.12030792,32.21231079,4
element_2727,2050.396109,1.768292786,-1.498182073,149.5324676,56958.4,1.944977608,23.92476428,98.85433264,46.18641588,21.26246262,42.69742966,28.04566002,6
element_2728,1760.218428,1.729302964,1.614611561,127.8082646,34195.3,2.127560056,24.35456806,92.3880052,45.70049054,21.74840355,44.21004868,28.66148186,6
element_2729,1233.891829,0.541355488,7.037242144,96.58145577,30565,2.631057652,27.53430267,106.4316328,42.53870936,20.10301781,46.86951065,29.77158546,6
element_2730,4927.825543,1.93332882,-1.945607852,369.4304661,64450.4,2.050005124,23.55600788,89.17040388,31.52463295,14.53781891,46.15967941,35.04055023,4
element_2731,1389.554339,0.648835407,7.395524086,56.50314579,77224.9,2.325026771,26.25430504,98.40069548,41.98767256,15.25797462,45.26187515,38.34781265,6
element_2732,806.3950061,0.595428148,0.093592157,298.7821971,50525.5,2.35465558,20.40841886,114.8262191,49.53082606,20.90476036,36.44855499,37.00902939,12
element_2733,4234.063653,2.034385736,-2.068620645,120.0452537,76172.3,2.046074347,25.59781552,89.66792619,37.37819143,14.49558449,46.98986435,36.0524292,4
element_2734,1051.124112,0.45589428,5.714786328,127.8041627,76737.4,2.494435878,24.43697633,108.9469693,43.61604891,19.60969734,47.7116394,29.51429749,6
element_2735,1603.219179,1.279988771,4.434917927,102.3881371,31317.2,1.947842011,27.95689422,100.9774205,44.36746848,22.45960808,45.98627472,24.85859489,6
element_2736,225.5337515,0.066047272,14.67199521,200.7622748,22224.4,4.728585225,25.80451938,66.62734526,42.17763864,8.591896057,83.26302338,6.6847229,5
element_2737,2057.80714,1.85580059,5.572073362,241.02727,22951.4,3.162286802,26.95395279,102.7561543,38.11120688,11.93810081,53.45589066,31.98402405,6
element_2738,1146.978564,1.220077831,8.672183391,60.10862189,89555.5,2.231180308,28.02769577,93.09359395,42.4681015,12.80762482,42.98899841,42.77573776,6
element_2739,2318.56945,3.773371216,1.477393361,416.790696,21917,2.107297366,23.31257884,77.53561233,42.42372476,19.19176102,34.45731354,27.30650139,6
element_2740,1255.690963,1.485427693,6.731057045,62.4572797,44285.5,1.908628555,28.13749213,95.40096161,43.61149049,16.92700386,46.63814926,34.87747574,6
element_2741,966.536351,0.98165222,6.073286215,151.9456762,86008.4,2.928589692,27.91263139,89.36187343,44.78449871,14.04279232,49.83898926,33.79514313,6
element_2742,3385.673959,1.86527757,0.546210548,98.75321208,48192.6,2.473719023,26.34977413,94.54471059,38.43697951,13.97381687,51.12267685,32.5580864,4
element_2743,5074.32172,3.08831267,-2.152599564,164.0235014,64120.7,1.843205275,23.6653948,85.20114486,30.89678759,14.15940666,48.5833931,33.72234726,4
element_2744,1445.48489,1.071356998,5.047327317,72.77390642,35568.5,1.944100058,28.55028623,99.19251055,43.90501063,23.14146042,47.17089462,25.01961708,6
element_2745,471.6510262,0.411685618,10.20187346,209.0426445,18657.3,3.16627818,23.54259258,72.93217664,44.77547448,22.42860222,48.11651993,23.90555954,5
element_2746,429.8646353,0.218984177,5.961760007,184.6756854,17990.1,3.53051707,22.37090126,70.15969789,47.67746953,29.05545044,31.94855118,34.4323082,12
element_2747,206.1799082,0.185012877,7.362560884,174.3090489,35437.4,3.474229526,19.78439117,64.7698418,48.86707388,25.02625084,36.64347076,34.09674835,5
element_2748,1767.277018,1.435924124,5.523800801,115.3952221,19291.1,2.448168863,28.16719999,97.84412687,40.17922434,12.88260174,45.74718475,40.14391708,6
element_2749,3753.136628,2.68945365,0.021492718,216.8185553,26590.4,1.975219465,23.37414394,97.19184228,37.48475695,16.97317886,43.12228775,37.38233948,4
element_2750,133.5148227,0.185520345,8.904168239,137.821854,56519.9,3.469104536,21.47523927,64.32419241,46.71545665,23.25969315,45.14941025,26.10397148,5
element_2751,1360.458454,1.808344713,6.032235842,97.81551282,33604.5,2.037821796,27.98032555,93.07496148,44.41567539,16.18634796,43.42009354,38.41256714,6
element_2752,4861.980536,2.124544194,-1.886679044,154.5993575,41195.2,1.763750883,23.55045052,85.82371993,32.10060095,14.11458588,50.94353104,32.09100342,4
element_2753,1595.090738,1.175031854,6.181124394,87.67391179,23642.1,1.937511451,27.02774738,102.857606,43.2334167,22.79826355,47.64811325,24.27766609,6
element_2754,5018.788758,2.835768372,-3.693084222,106.138556,72912.2,1.786917464,23.06492049,82.27444252,32.62124541,13.57000446,51.942379,31.15356445,4
element_2755,1825.890217,1.825500585,1.404452373,180.1996596,28616.4,1.944107452,23.21887099,101.1994195,45.54183475,21.35553741,42.59525299,28.40669823,6
element_2756,1307.478206,0.505376985,5.508828016,195.435854,47756.4,2.374235485,24.31166032,110.5895145,42.20394821,17.46131897,42.75375748,37.38827515,6
element_2757,1479.917423,0.356023492,8.985596363,160.976907,21703.1,3.52717429,26.90048206,104.1024058,38.29011568,9.70359993,64.39343262,23.86079979,6
element_2758,515.2921479,0.317883689,7.192575247,182.4282543,26410.6,3.091510285,21.44365889,71.56860467,46.58008044,27.87829018,37.3620491,30.98806953,5
element_2759,1101.154589,0.417096803,4.531012443,181.0039965,54732.1,2.44814137,22.19630597,112.530351,43.88578575,16.36728859,49.34384155,31.74946785,6
element_2760,4874.984503,1.808157881,-1.467266145,429.4776043,30238.7,1.971301759,24.30914677,90.61743443,31.22211575,14.45531464,45.59275436,35.48094177,4
element_2761,1232.858923,0.482171123,3.941381228,262.6750432,67679.5,2.478575429,22.73121048,114.2261782,42.78823105,15.68529224,49.46852112,33.08058548,6
element_2762,5048.758058,1.598601686,-3.663732492,333.1548152,55657.6,1.781516925,23.92015292,89.1336293,33.08135259,14.48956871,49.53260803,32.6840477,4
element_2763,362.9658674,0.696847474,15.37480812,185.8288517,17557.1,2.555604539,26.15927249,64.95533648,40.81558956,16.46050262,50.28472137,29.83617592,5
element_2764,889.3301209,0.565550438,0.959414587,284.3415388,14949.4,2.40012081,20.57280859,113.5901791,48.57478653,22.19411469,35.0044632,37.98041916,12
element_2765,5089.934347,1.151343261,-5.760106906,64.02945272,44799.5,1.754740708,23.57493729,84.0743574,35.34529069,13.34781361,54.34834671,29.05171585,4
element_2766,1838.952698,1.434107587,5.162600248,234.0882597,17732.6,2.315862823,28.75048417,101.8173801,38.78366201,12.40772724,49.4032402,35.64738846,6
element_2767,1248.41418,0.630626013,9.144930693,142.0071012,18927.8,2.837613059,28.68153681,105.7712675,39.63106553,11.69584179,57.93490982,28.02223778,6
element_2768,1942.198604,2.10329993,2.277056969,92.59081982,28844.6,1.73492612,25.89449478,96.05288623,45.14676558,22.7428627,47.698246,22.21999741,6
element_2769,1390.208606,0.664150102,8.47777083,105.359265,12767,1.991993176,26.27449802,104.9782202,40.51472317,12.36209106,53.79336548,31.38620377,6
element_2770,5302.896726,2.182374202,-6.103918173,26.7221165,26018.3,2.094498513,23.19444986,80.01156065,35.00510818,12.47890663,53.61334991,26.90769386,4
element_2771,1243.752428,1.025411928,6.182281066,48.98992588,21718.6,1.913526006,24.80642794,97.45203217,43.7721079,23.63723946,48.37918091,24.90795135,6
element_2772,330.3061162,0.179362813,7.800931772,159.3090654,29261.1,3.479239751,22.20407533,69.19392256,46.70382268,24.80998611,41.07247925,28.89802742,5
element_2773,5082.388234,1.306556021,-5.154352335,244.1623236,24221,1.612759569,23.1649635,88.65628963,34.40077454,13.96516037,51.99176025,31.28244972,4
element_2774,316.9756775,0.528838085,11.1993218,175.651509,20837.7,3.385685892,28.40148456,69.11292254,44.42739285,18.62570381,58.43445206,18.48261833,5
element_2775,1091.586565,0.484201106,2.25430595,183.6323795,82811.2,2.319736205,22.67027546,111.536005,45.79679904,22.75169563,38.07933044,35.48992538,6
element_2776,5043.945953,1.960561157,-3.896132922,124.9313084,70208.7,1.679610668,23.06299251,85.69055,33.45059329,13.67472553,53.21990585,31.21953964,4
element_2777,750.5139085,1.460275381,8.181585887,346.0741455,7621.3,3.319215115,23.62511074,78.70937768,45.46696039,22.19060326,42.79487991,28.83946419,5
element_2778,5005.526003,1.167070393,-5.659917636,252.5012637,27238.3,2.018808811,25.18440403,90.12161375,35.20378772,15.6580286,47.38261032,33.04466248,4
element_2779,208.3742824,0.416730361,14.58096096,115.005254,26647.1,2.785695089,24.8776472,63.37936688,41.81549228,10.29880047,67.49811554,19.4135437,5
element_2780,226.5520963,0.252519465,15.79821024,123.4509677,13336,4.216089148,25.6005612,63.62055509,40.57458318,16.97600174,48.22704315,31.77153397,5
element_2781,1348.230628,0.551629181,4.94826411,96.45596137,14262.9,2.086306776,22.46170585,106.2567745,44.06852635,21.08025932,50.46824646,21.85965347,6
element_2782,136.1373024,0.229900372,7.606382443,151.2510517,20034.6,3.189198769,20.21251276,61.0406178,47.79865569,21.80435944,44.88965607,28.63484573,5
element_2783,1342.42633,0.392631139,9.466592569,126.0876636,6997.4,2.792440265,26.83603017,104.7112092,39.48011298,10.37177277,61.94802856,25.53098106,6
element_2784,3452.420522,2.416958963,-0.062850374,363.4925702,10833.2,1.907751308,27.80540332,99.5413596,36.42661867,14.65962696,45.92238235,31.05825996,4
element_2785,1443.389451,0.572618178,4.310016381,341.6920127,18565.3,2.351671747,22.22913501,114.3769694,41.54914065,18.95433426,42.32884216,36.53843307,6
element_2786,188.0899874,0.187264588,7.904863419,173.3701456,31419.3,3.373167679,21.82179417,58.94362982,47.29239654,24.01227188,41.25798416,27.02915764,5
element_2787,266.1170783,0.117707852,9.752373304,146.0444747,17534,3.911880149,22.90352522,68.97874729,45.67319601,26.13605499,40.78121185,30.43013763,5
element_2788,1325.458174,0.410857325,7.916458215,249.2179882,15243.4,2.466550313,22.92933656,108.0257482,39.91011434,10.55769253,59.52870941,27.97042274,6
element_2789,1428.319481,0.69362229,9.485288351,184.1063933,7391.4,2.683380188,27.87985871,105.3544639,38.42283375,12.92101669,53.28605652,31.65185165,6
element_2790,250.3969321,0.243392176,15.23210239,162.6659972,13304.5,3.68607124,27.2793857,65.47345012,41.66805773,5.599588394,82.16954803,10.39202309,5
element_2791,5047.733693,1.23980811,-5.510334382,159.1366269,35342.8,1.749095062,23.80325708,87.01850625,35.00458544,13.55797386,53.53721237,30.25835609,4
element_2792,5166.272456,1.831474276,-5.363476717,56.29401867,21636.1,1.728929529,23.4759441,83.32242517,34.32303734,13.28518772,53.58887482,29.89620209,4
element_2793,4307.947063,1.604449093,-4.718589942,312.0304468,4737.8,2.136744572,24.47056666,97.56618699,38.2482661,15.54374981,44.36875153,35.40584946,4
element_2794,1339.869926,0.471877199,2.092802656,334.3347242,4666.6,2.889164519,25.15099676,116.8457965,43.3066583,13.23444557,56.58695602,28.06964874,6
element_2795,1417.575897,0.800706225,8.524246436,99.34504662,7274.6,2.454513622,26.80883568,103.0676693,39.51322923,8.409188271,63.94062805,25.63959694,6
element_2796,1561.642175,1.014057591,4.446646048,332.1226686,4634.9,2.144497293,23.56980156,113.0342409,41.05030754,19.17276764,37.92232132,39.81340408,6
element_2797,1142.966464,0.676957482,10.69614689,23.37102461,4566.9,2.107398086,27.91223399,93.24843238,40.66793086,10.55861092,48.42722321,39.48036575,6
element_2798,239.7611701,0.197329416,13.5847167,119.4879736,24336.6,3.444453674,25.68095661,64.08890458,42.81798727,5.493141174,83.58222198,9.436841965,5
element_2799,4508.011346,4.722359586,-4.748738283,347.1586355,4460.3,2.009674667,21.80711477,73.37485931,38.95138632,16.85181808,40.62454605,31.36032677,4
element_2800,193.1719194,0.176746909,5.764940109,198.6489413,21175,3.262939191,19.75301336,61.42851236,49.5605077,23.88657379,38.53226471,34.03110123,12
element_2801,1580.321395,0.797339611,5.116500867,112.7808955,4909.4,1.949893344,25.86968168,104.87281,43.30830668,21.46732903,46.45833206,21.48239517,6
element_2802,5032.729179,1.104989882,-6.353792753,155.5087637,28429.3,1.782210352,25.02573057,87.53125961,35.96306879,15.12392902,48.19796371,33.38497162,4
element_2803,1215.447854,0.494567464,3.093246851,121.0846857,48923.1,2.150123667,21.0892534,107.2376993,45.25515013,23.5499115,42.20083237,30.10939026,6
element_2804,204.6971862,0.247815694,10.10465512,143.0864388,6417.2,3.420864131,22.1434431,67.49282613,45.50966184,27.42613602,39.46022797,29.44866562,5
element_2805,271.9942727,0.119310503,4.452742039,274.8794059,16989.7,3.807467076,20.72131517,61.95989469,51.12508199,23.83521652,33.38173676,39.7461853,12
element_2806,5264.51157,1.730708233,-6.40358146,33.41594747,10394.7,1.833417103,24.05182456,81.67206494,34.75361613,12.31182957,54.23073196,26.32945442,4
element_2807,1406.382021,0.569037397,0.55751649,181.2643149,24503.1,2.092559923,20.59440587,107.1750031,46.6886187,23.14451218,34.78006363,37.97560501,6
element_2808,366.284124,0.254362142,9.130632413,157.9085502,15001.3,2.87552985,19.57721634,71.27358017,45.49115656,27.4041996,39.93138504,30.79872131,5
element_2809,151.5564497,0.106372044,15.15146302,119.4143986,4571,4.037617103,22.05892506,62.14912791,41.07555697,7.201571941,76.06376648,11.32256603,5
element_2810,4998.946703,1.65253181,-5.590836659,49.6565286,7121,1.339949601,23.74005282,83.46277302,36.14895165,15.87752533,44.80134583,36.94659424,4
element_2811,1387.277698,0.586580846,8.866232542,105.3304204,6848.5,2.501032239,26.10771777,104.0215088,39.76625865,10.2276268,60.13074875,27.47937965,6
element_2812,153.3235438,0.067718481,10.05671439,138.5766496,3409.3,4.946903837,24.23839363,66.82663145,45.5431371,31.51714325,30.2589283,33.2767868,5
element_2813,1225.065962,0.896325206,8.436558198,120.6380403,5859.9,3.675745657,24.5467115,106.5005124,40.57690757,13.57964325,50.70267868,33.39478302,6
element_2814,5009.013482,3.50875934,-1.096396614,320.2049596,2381,1.803814399,36.54526446,85.6724471,28.7784815,13.69025707,50.28262711,33.03115082,4
element_2815,470.2656155,0.22731843,4.694496442,203.8060784,3895.1,3.26617568,20.21197432,68.67710868,48.86056438,28.31568718,30.65048981,37.79215622,12
element_2816,5185.320421,5.071868528,-3.294074566,186.18694,2331.6,1.4378423,32.93810892,78.17663098,32.90343346,17.53708839,41.64972687,30.71395302,4
element_2817,260.612258,0.097828451,4.790379359,246.5345362,4926.2,4.067307371,21.17655939,61.16677448,50.38024364,23.48413277,35.62384033,37.15247726,12
element_2818,97.33168966,0.077020346,8.429273605,139.6283718,2151.4,4.10321847,17.91841371,63.71699191,47.62989545,15.70763874,60.59999847,19.95557213,5
element_2819,442.3356589,3.250999999,25.10180674,2527.694073,1227.3,1.040697809,34.5990282,104.8839457,17.77491528,36.1494751,33.98164368,26.10106468,3
element_2820,1310.035744,1.397215212,10.48235832,29.81508876,762.2,1.217825419,21.08309658,93.10959765,40.98543519,8.628205299,56.91987228,32.21929932,6
element_2821,454.9440354,2.845528535,27.15456185,2811.766987,42219.3,2.176776534,45.36415616,101.4990805,-2.32248799,26.75807953,37.70100784,24.25256538,3
element_2822,571.1763772,4.029251423,26.59478696,3330.083817,4887.2,1.643167297,44.04726018,99.39551717,0.991115531,35.91897964,35.54128265,25.56560516,3
element_2823,586.1758525,2.43564994,25.99777608,2914.679458,8724.6,1.833052259,43.39164567,98.81116414,1.867874425,33.86445236,32.41402817,23.41165543,3
element_2824,853.0472099,3.860723961,25.57541099,2806.705772,11947.9,1.983459831,42.73426361,98.00818755,2.948807674,30.41824341,36.81951141,23.4899292,3
element_2825,533.752903,2.968397708,26.1380425,2573.664057,67785.1,2.558234907,39.01334514,97.3650266,4.14611864,29.77211952,33.69327164,23.44241905,3
element_2826,869.3361427,2.544375243,25.37045806,2353.06987,5632.3,2.28080628,41.56063101,99.07982497,2.600970074,31.36323929,37.13808823,22.68551254,3
element_2827,355.6110204,1.536416627,26.56416536,2421.199785,8484.3,3.290324764,39.28971854,99.68099802,2.297711359,30.94260979,35.76886749,24.66279984,3
element_2828,234.1801098,1.379276809,27.15950115,2812.086775,9202.9,3.064034992,40.15649495,99.85666766,1.673302885,30.36186409,37.75782013,25.32426834,3
element_2829,12.4447286,0.080266958,28.02247532,2768.036138,2971.3,4.332417699,33.16537088,100.4964602,2.046733453,21.92115974,35.22549057,23.80383873,3
element_2830,183.5886773,1.161960494,27.53997372,3186.183708,19228.5,3.52047976,38.68690653,100.4759333,1.116711893,29.25128746,40.97920227,25.61203384,3
element_2831,17.33663047,0.113489359,27.85831202,2707.830235,31206.2,3.77913537,35.81604757,101.8042493,1.050815969,23.39015198,37.17010117,24.28819847,3
element_2832,121.5299249,0.805392709,27.3586125,2628.41975,20388.8,3.05815286,40.08939684,101.4970813,0.060805215,29.86496925,41.0844841,25.21080017,3
element_2833,144.55341,0.737594718,27.44807473,2554.776755,40839,3.681210538,38.51501035,102.4921417,-0.540947889,28.58084488,38.58062363,23.09729385,3
element_2834,323.4226701,1.41717411,27.5255819,2716.508998,42681,2.758301825,44.62188026,102.2454458,-1.686712339,30.36270523,39.42604446,24.44462013,3
element_2835,14.51122043,0.092120257,27.9462831,2619.976383,21273.6,4.167387373,39.98391419,104.1788765,-2.170153929,27.37085152,38.04909515,25.320261,3
element_2836,240.609354,1.092337137,26.94698495,2826.075387,54847.9,3.426667934,48.4437973,103.6886019,-3.462389995,27.78055954,41.59431076,25.48243332,3
element_2837,105.8167411,0.645000725,27.10016661,2557.810743,48401.6,3.675844733,43.09561466,105.2286341,-4.289183409,22.88161278,40.43958282,24.00151634,3
element_2838,68.95560388,0.918324779,27.02274088,2897.896426,14967.5,1.48460362,35.86695006,98.35918606,-0.268642957,27.15389061,35.67330933,24.23718643,3
element_2839,20.65275152,0.545149929,27.62614646,2495.83559,6824.8,2.478234877,18.91039067,104.2555819,0.489057517,5.281673431,27.11043358,5.566369534,3
element_2840,23.13020792,0.267865497,27.58456749,2681.325559,17360.7,3.1132041,39.9367628,106.5647258,-2.453097001,11.8993082,46.60978699,14.15284443,3
element_2841,324.2382704,2.056856358,26.61297387,2383.007383,128700.4,2.566906945,47.82461964,109.9378117,-7.298430038,27.34555626,30.68616104,24.93708038,3
element_2842,16.36196633,0.869286738,26.9,2121.952564,86.3,0,0,110.4246363,-5.821536587,1.5,4,19.5,3
element_2843,109.3519959,2.891094943,27.51282007,1977.981026,233.2,0.921992583,16.78114513,112.6606466,-5.796110187,31,35,17.5,10
element_2844,69.48770678,0.736125168,28.01516592,1610.12333,4713.5,1.641549199,27.26626394,113.3665108,-7.037985221,23.52891731,20.38479424,16.48352242,10
element_2845,23.50786162,0.592638408,27.87606904,1475.706993,212.8,1.437362739,6.682788594,114.417382,-7.12264841,1.509615421,1.490384579,0.142857149,10
element_2846,21.72221452,0.729168548,27.4115383,1548.879241,815.3,1.63328514,5.096479086,115.5037005,-6.967409371,5.504807472,5.471153736,5.5,10
element_2847,435.4405586,3.689052928,25.95712134,1894.450561,5544.4,1.208079701,39.48218427,115.1151087,-8.356177731,11.93163013,31.67023468,24.33981895,10
element_2848,172.7154585,2.944190531,26.70965806,1497.595513,233.6,-0.039838995,13.78388311,115.5347231,-8.734776054,7.525000095,17.70000076,12.80000019,10
element_2849,354.939913,3.435814659,25.45326248,1484.226021,53151.3,1.223732207,26.79472816,119.7641586,-8.836083105,18.52648735,29.61556435,19.73339844,10
element_2850,347.1997953,2.878945898,25.59171124,1486.438364,40813,1.551007749,21.31101925,126.055076,-8.928603819,17.86583328,27.32805252,18.08753395,10
element_2851,97.94695206,0.765661026,26.49800389,2499.245658,19957.2,3.737234833,38.0854782,115.1440528,-2.84280107,29.79669189,42.19563675,21.81180382,3
element_2852,191.9074547,1.11660006,26.06471145,3098.455913,60622.8,2.916797159,45.11410813,114.534803,-0.963651766,27.68916321,45.1672287,23.51995659,3
element_2853,2.533122519,0.01342934,27.33141043,2398.763968,258.4,5.628391147,30.69099188,114.1741139,-3.323495063,29.11458397,36.921875,28.2408371,3
element_2854,90.84506097,0.54010267,26.48617378,2934.78277,15993.9,3.358074086,45.76827185,113.7446824,-1.577201174,19.78926086,57.11778259,19.31316185,3
element_2855,8.677452777,0.050673264,27.10551409,2399.276437,6989.6,4.556771236,37.95525902,113.7741424,-2.876371034,21.08693886,47.63742065,23.69316864,3
element_2856,122.938632,0.783767867,26.79374988,2950.292212,19132.4,3.283001811,43.80947346,113.0408174,-1.573209363,21.28807068,56.95452499,17.51659203,3
element_2857,4.67339982,0.031495353,27.64978531,2434.403476,340.7,5.190765473,34.96220817,113.1584619,-3.024956062,18.5234375,45.37890625,21.5870018,3
element_2858,46.68284254,0.330496052,27.18777525,2794.567012,14606.9,3.518018735,43.81154563,112.7060369,-2.029963311,20.21899223,60.72945786,15.58856583,3
element_2859,64.94369793,0.411510894,27.14765647,2913.433217,20348,3.723988629,44.23714706,112.154139,-2.416867108,24.72350883,52.01461411,17.48169708,3
element_2860,117.357827,1.023113921,27.25602326,2956.014478,13709.5,2.736274925,45.39611116,111.5078285,-1.918696719,24.92186356,56.89345932,15.94855213,3
element_2861,60.51409821,0.606061425,27.48730679,3062.097209,42534.8,3.324535624,45.70217444,110.4429421,-1.543186636,21.97558403,49.73160172,18.192873,3
element_2862,219.1051847,1.53954904,26.41963973,3556.123216,83879.4,2.669028762,48.60602893,111.9190077,0.295237545,28.85972404,42.96079636,23.60003281,3
element_2863,78.43323731,0.819160625,27.00013635,3367.490676,46482.8,3.112829229,49.12839158,110.239965,1.129929549,24.82521057,42.73076248,23.39267159,3
element_2864,412.7803072,2.280296922,25.61549573,3862.668655,45413.1,1.696367928,49.46599758,113.5386233,2.110290528,32.69801331,34.79202652,27.961689,3
element_2865,63.03580216,0.615850161,26.60182244,3628.4478,27227.5,2.91770689,49.23544618,112.967725,2.968603731,29.9330864,34.37055969,27.91981697,3
element_2866,445.7343869,2.61680507,25.26197218,3547.100205,22371.9,2.007785885,41.85084324,114.7629716,3.545888752,32.98913193,35.44320679,27.89055252,3
element_2867,373.0196518,2.317609173,26.08959535,2839.969367,48959.8,2.352759677,42.50883323,116.2212143,5.428856412,29.87884521,30.72420692,25.9510746,3
element_2868,271.0179403,1.987063987,25.73613739,2552.826839,16091.5,2.053714207,39.65745347,117.2983441,5.220037126,31.67492867,31.72378731,27.40922165,3
element_2869,256.1676857,1.700397572,26.0708625,2635.785461,35684.4,2.231842136,34.97086559,117.4664231,4.54061641,30.08747864,30.98266029,26.24236107,3
element_2870,585.5121935,2.753542481,25.59837791,3299.463472,15879.9,1.737108434,40.44631354,116.2421358,3.480288389,32.16931152,33.14679337,27.61447716,3
element_2871,65.22941248,0.608986376,27.37982256,3284.685209,5880.6,2.962257577,36.00543362,117.2002465,3.244824566,21.39446068,24.5348053,21.50290298,3
element_2872,774.5866173,3.250764399,25.3278207,3437.662278,29917.3,1.527444446,44.54021263,115.8361178,2.376631163,31.02360344,35.57121658,27.14078903,3
element_2873,162.8927557,1.224563995,27.37881832,2468.454716,43518.1,2.199854523,33.66779726,117.4848499,1.449886065,25.94722939,38.2107811,24.92682266,3
element_2874,325.8674873,1.705974833,26.02844165,3233.024084,76429.7,2.567586702,41.86556277,115.8672805,0.442116197,29.48131943,39.14446259,26.01778984,3
element_2875,110.8914916,0.924504478,26.76287563,2586.010487,33146,2.753602738,35.00152987,116.0523908,-2.395617105,29.4002037,38.63525009,21.29215431,3
element_2876,14.65775318,0.223504379,26.7445041,2517.647279,199.6,0,0.802540914,116.1661459,-5.013940511,27.94092369,38.37808228,20.0928688,3
element_2877,35.52535691,0.765316569,27.59496532,2676.250169,3350.8,2.407728193,20.26103545,107.6023855,3.425962028,12.11220646,34.74653625,15.25911713,3
element_2878,-128.0365287,0,27.17034849,1840.668974,39.1,0,0,116.817167,13.68252296,17.49294853,20.3326931,18.25298691,10
element_2879,148.0262133,2.53363206,27.25609867,2306.418702,16000.2,1.276590265,23.6735244,118.7936375,10.02109056,17.09370995,18.93087578,17.07655144,3
element_2880,72.6549974,1.832384045,27.02363895,1979.205542,4806.5,0.926848785,13.36918633,121.0464204,5.910477576,8.942846298,8.894911766,12.50633907,10
element_2881,392.8234441,2.765064294,26.48022466,2894.343431,98528.7,2.020044649,38.13648762,124.8417271,7.703175733,27.49569893,27.09360504,24.39328957,3
element_2882,133.958274,1.687162459,27.34550373,3037.444073,26460.3,1.553115955,37.72621803,124.7169013,11.65424208,21.16270065,21.41436386,19.52728081,3
element_2883,218.7833901,2.203736592,27.38217217,2617.32162,35259.6,1.735176106,37.79030186,123.0548295,10.45755233,22.55891418,23.35513496,21.44923973,3
element_2884,322.5565766,3.606498869,26.90296222,2582.893344,13064.9,1.917292527,35.41922493,121.2493861,12.93423819,20.37573242,21.83119583,20.235466,3
element_2885,339.1314799,2.565513682,26.32338998,2582.335597,107832.7,2.204250327,43.93442078,121.4398804,15.91865987,27.21937752,26.81996155,24.00351906,3
element_2886,190.4499676,2.458129511,26.57136741,3699.05694,1570.1,0.778400366,37.63621616,124.2377979,13.78559404,12.64473724,11.98684216,9.631579399,3
element_2887,38.68166787,0.880597334,26.19145261,2903.582571,948.6,0.275813831,31.14876599,122.0074862,14.8531993,7.762499809,7.493750095,5.888888836,3
element_2888,121.1437712,2.975808863,26.18711662,2735.388928,951.2,1.581303877,14.98872747,121.6805668,19.51963297,8.93999958,11.27000046,8.214076042,3
element_2889,549.7088525,3.746194031,25.0320571,2213.608451,172671,1.841296478,35.60449435,121.1254987,-2.005259892,26.61706543,29.12242699,22.57229042,3
element_2890,84.62579511,1.951442842,26.5634009,1605.668882,1358.3,0.678586959,12.29306666,120.7318001,-6.584547085,10.0896225,7.061320782,8.476922989,10
element_2891,142.9390208,1.957776679,26.09201304,2013.922158,9903.8,1.612516675,18.61563116,122.7026637,-4.992597723,22.55868721,24.21002769,19.44078445,10
element_2892,40.11022093,1.097157131,25.64102574,1741.683497,557.7,0.404372754,5.707030359,123.7970612,-5.572753931,5.060344696,3.769396544,6.263157845,10
element_2893,217.5556457,2.835421907,25.54646394,1989.228478,3480.9,0.46000287,14.53527676,123.2503937,-1.485542424,15.61908531,13.23895931,14.88072777,10
element_2894,229.3654479,3.39382869,25.34768892,2194.861258,5122.8,0.968946104,19.98609138,125.161514,-1.873191277,19.61005402,23.84510803,14.74293041,3
element_2895,41.21391755,1.099701602,25.68284089,2068.184553,968,1.01478462,8.190837811,121.9748769,-0.373476337,8.629032135,9.232526779,8.634091377,10
element_2896,124.6989045,3.274909353,26.3877428,3090.569316,2137.9,0.601238256,10.1289593,126.1866271,3.777557404,14.37903214,11.00633621,11.58728981,3
element_2897,280.8384662,2.689494138,25.77781643,2785.472969,39095.3,2.048247187,31.7229998,130.0433707,-4.049971069,22.25724411,26.93013,21.53099632,3
element_2898,236.0899956,2.923256259,25.68005718,2193.480616,28035,1.249403668,27.46190157,127.9546997,0.567835581,16.35364914,29.87544441,15.29940701,3
element_2899,15.95437608,11.4300523,26,3315.398291,42.1,0,0,126.3279428,1.238534122,25,44,22,3
element_2900,104.6484832,1.80220899,26.87123279,3356.721518,7199.4,1.161491227,21.23875931,130.4494932,-0.854533662,18.25523758,21.16336441,16.57446098,3
element_2901,658.4370655,3.462890867,24.61944526,2955.212031,48441.6,2.27885984,37.96181238,147.1295463,-8.692837932,20.8633976,34.95304489,29.21847725,3
element_2902,1576.5351,4.442470911,23.20090891,3607.267984,33079.6,1.5373252,44.87296875,144.730633,-6.400904496,25.72517967,37.00727081,30.86558151,3
element_2903,374.2173371,1.182529841,24.84451152,3805.980089,56152.3,3.088268546,50.09542139,143.325597,-7.217250972,29.03066444,33.87129593,28.36614037,3
element_2904,521.7307107,1.994972106,25.20538296,3741.326562,64319.9,3.205661871,52.09500856,141.8738045,-6.395453017,31.09926605,34.25961304,28.33895111,3
element_2905,16.90547629,0.069160928,26.88048324,2311.936999,26467.5,4.415930113,32.72833559,141.9876,-8.775155103,24.48547554,32.49535751,27.86475563,3
element_2906,17.565831,0.067382905,26.3577808,2295.387364,8100.6,4.377163611,37.02316512,140.930759,-7.958021914,28.81236458,38.42401886,30.8108654,3
element_2907,15.00948129,0.070024934,26.22207735,2568.341044,24648.3,4.318991702,35.3271243,139.9497951,-7.632583444,26.7211132,40.09106827,29.18090439,3
element_2908,299.0354694,1.207370558,25.30328956,4191.889862,25598.1,3.365880354,57.32787725,140.3921198,-5.97283237,32.34802628,36.333004,28.07435036,3
element_2909,9.087550574,0.045015593,26.14175704,2872.558556,3658.3,4.680009278,39.94655603,139.1781264,-7.031753446,30.23383713,36.09734344,29.30387878,3
element_2910,18.40583015,0.122972918,26.19427451,3844.587044,9566.8,3.770074241,48.7130953,139.6358052,-6.271528348,35.30341721,34.08787537,28.20272446,3
element_2911,6.465006236,0.032271025,26.20814901,3714.015076,12060.9,4.885914707,51.66024891,138.8268299,-6.178611541,23.98751259,41.59700394,28.72055817,3
element_2912,1107.684785,3.31773366,23.39237751,3700.847509,27956.1,3.480789901,47.55483283,139.262639,-4.839537595,24.37377548,42.7169838,29.25322342,3
element_2913,478.4953986,2.696943158,24.89935366,3203.915187,175386.7,2.675310246,45.36028561,134.8751148,-2.941284104,23.56990242,36.40679169,25.49502754,3
element_2914,754.1458995,3.429693471,23.56774594,2994.595473,79016.5,2.563642372,43.85145398,138.8619393,-3.349858948,24.88635254,39.75048065,29.67812347,3
element_2915,217.5837843,1.821187236,25.60726312,2594.203237,32183.7,2.199144399,35.32674402,140.4229628,-2.69360731,26.60689926,34.90026093,29.12669754,3
element_2916,511.4134031,2.584751416,24.84506754,3297.036601,80131.2,3.041217464,45.81520072,142.732359,-4.412044043,26.4948616,35.78314972,31.57340431,3
element_2917,797.5985348,4.454162377,24.64846161,3219.72524,88694.4,2.139121116,42.2856167,146.989587,-7.120168214,21.95135689,32.50548553,28.64372826,3
element_2918,97.4154399,0.485370941,26.42465415,1302.047948,111719.6,3.316756977,30.27205899,143.1028179,-13.86106428,23.74913597,51.53454971,17.62640953,11
element_2919,5.597699399,0.024449629,26.2286508,2208.431243,12697.3,5.508359184,38.99005786,138.3904151,-7.930738338,16.40575218,46.44491959,26.78121185,3
element_2920,178.4098104,2.761944,26.3350207,2950.661478,5811.8,1.508490881,29.24843358,135.9478769,-1.307424716,16.85135078,19.27153778,16.97092247,3
element_2921,166.8923164,3.960117483,26.13467182,3464.343485,6716.7,1.268037219,27.32684939,151.7897029,-9.929623372,9.082766533,17.09920692,15.43149853,3
element_2922,347.8919611,3.262621462,24.87994849,3300.429869,51068.2,1.404218765,49.55550888,150.6110977,-4.891615109,22.68663788,29.16318893,27.31184387,3
element_2923,231.7189499,2.94880969,26.05568113,3752.642385,39842.3,1.475035489,36.41983437,158.3269373,-8.151784439,19.51542473,18.85398102,19.13389778,3
element_2924,33.03873949,1.973007439,27.75449371,3680.881532,1801.4,0.97273834,12.53802894,146.82923,7.190211174,4.759259224,6.425925732,16.5,3
element_2925,-451.71875,1.973007439,23.9,1783,4.2,0.97273834,12.53802894,136.0943742,20.42449391,0,0,0,10
element_2926,87.88084629,1.547869963,27.54517668,2130.667875,1187.9,0.625969708,18.58168151,145.1896355,14.71711336,26,46,23,3
element_2927,-305.4858398,1.547869963,25.5,1007,3.1,0.625969708,18.58168151,153.9804768,24.28896804,0,0,0,11
element_2928,-42.87371535,1.916731715,28.17470203,2414.734706,1720.9,0.625969708,0.284366625,170.8771614,5.238484638,1.369230747,2.507692337,27.5,3
element_2929,-131.3999939,0.827122852,28.37287067,3167.832538,172.2,0.625969708,23.47334774,177.8854804,-9.526699794,0.785714269,1.428571463,24,3
element_2930,233.0649273,3.288761101,24.04725989,2592.442259,14263.2,0.972319435,23.47334774,167.6270938,-15.82600999,19.05150986,17.62001038,14.17346764,3
element_2931,218.0097634,0.447093072,16.38176818,608.8692195,61996,2.551799649,23.29866613,116.6695291,-33.70149363,19.70080948,59.25429535,15.47245121,5
element_2932,223.7424308,0.657650583,17.9726363,661.0421312,99518.7,2.149024614,22.95935305,116.2328916,-31.73999961,19.21120262,64.50513458,14.58910847,5
element_2933,290.2039083,0.365813623,18.6693258,349.253291,16836.7,2.758528562,21.58267121,117.0872912,-31.09591384,22.34373283,57.40427399,17.30887794,2
element_2934,282.9369126,0.443190202,17.22657888,396.0183041,77370.1,2.4953626,21.88672232,117.2286568,-32.25840415,22.48727417,58.33153152,16.77895355,5
element_2935,337.1290048,0.394997799,18.5417165,296.7420828,44883.1,2.651316077,20.91366744,118.0652105,-31.20718974,21.84687424,58.73891068,16.84103775,2
element_2936,329.338039,0.34585386,16.94513541,338.9025125,32198.9,2.8121616,21.21374711,118.8199478,-32.74066782,22.92344856,57.99316406,16.09648132,5
element_2937,427.4445514,0.361354731,18.94614259,254.7071061,12186.7,2.682822591,21.33196836,118.8165034,-30.28923764,20.58698463,59.75833511,17.63761902,2
element_2938,370.4451394,0.377982498,18.32789597,293.2988733,23298.9,2.64564631,21.15124272,118.9185158,-30.98955128,20.8881588,60.54668808,16.44291115,2
element_2939,396.5106006,0.342892807,18.03047493,317.707966,4688.6,2.763299662,21.23222708,119.224614,-31.42842647,23.06862831,56.78594589,17.6239109,2
element_2940,408.6039774,0.341970793,18.03969114,294.1039114,8622.6,2.698424769,20.56621621,119.7122546,-31.28614218,20.1235466,61.80936813,15.89442921,2
element_2941,219.4176947,0.391946618,19.72835086,386.3167386,51776.1,2.730983042,21.64854666,115.5935171,-29.50541179,15.96078968,66.13700104,13.06634808,2
element_2942,268.1148115,0.231282078,21.8408275,232.030241,65654.1,3.28938041,22.57703129,115.4287227,-27.16068948,17.73414803,65.81968689,14.23539257,2
element_2943,351.2993823,0.198892434,22.1552572,209.7592243,46551.8,3.527611848,25.25770097,116.5440635,-26.83204781,22.40960121,57.07821655,17.90337753,2
element_2944,381.0106505,0.236648853,21.65278029,228.3162092,9635.4,3.452961992,23.05501916,116.7947176,-27.4337566,23.41546631,55.08453369,18.89696503,2
element_2945,421.3496294,0.196695601,22.21209702,213.3120065,5661,3.573304097,26.16421585,117.2587204,-26.42407315,21.87654305,58.15035248,17.44024086,2
element_2946,395.7030761,0.181078357,22.76428389,207.8546181,29699.8,3.933233643,26.59558798,117.1791846,-25.89443795,24.15781212,53.9222641,19.53330612,2
element_2947,432.4021833,0.137562655,22.76119932,207.6692171,17307.8,4.127239996,31.04476708,117.9143071,-25.96577172,23.35367584,55.09705734,19.17503738,2
element_2948,504.443818,0.227666082,22.94558995,231.3085768,6240.2,3.594464017,22.95721969,118.3695138,-25.71914128,26.35623741,50.46669769,21.40535164,2
element_2949,516.3738615,0.213125524,22.63148455,226.7445701,6084,3.531777363,26.85534523,118.7648848,-26.18083289,22.8404026,54.59263229,20.12511826,2
element_2950,499.1463431,0.203690663,22.02715448,220.2115764,17747.2,3.436836349,25.37022705,118.6202035,-26.87432854,23.57213402,54.57950211,20.12534904,2
element_2951,144.7102337,0.172429251,22.39864012,214.6716603,48217.5,3.645283975,23.27184739,114.7285301,-26.12960439,20.6005249,57.66010666,15.87702656,2
element_2952,392.1610203,0.260622487,23.47643441,229.7570367,73672,3.52336263,25.15273377,117.0034291,-24.82793345,27.86184692,50.00479889,19.87822533,2
element_2953,93.46916978,0.192945083,24.13618665,237.6092875,51089.2,3.923070161,26.24350912,114.5039533,-23.47641995,27.95461845,46.83652496,19.57219696,2
element_2954,428.8599662,0.577246214,24.62194267,292.2361598,77969.7,2.799176191,24.53144766,117.469683,-23.32771174,30.02433395,45.89558411,21.74336433,2
element_2955,73.86481498,0.158151301,25.52232014,315.745767,8288.7,4.093436306,26.83155957,115.6013784,-21.91128573,29.437994,43.41180801,23.45977974,2
element_2956,346.5117776,0.587835213,25.61758193,350.2917031,7587.8,2.507878996,23.92338183,116.5541397,-21.90446189,26.96242523,46.51512909,24.47718239,2
element_2957,41.60357423,0.165556674,26.11781878,298.528346,1722,3.919654669,26.12430282,115.9604798,-21.35304525,30.08843803,37.83003998,26.15319443,2
element_2958,504.8343204,0.461847192,25.30321253,323.6831582,47927.6,3.369213216,25.59203378,118.9924794,-22.59410953,29.07807922,45.64241409,22.96891022,2
element_2959,122.1960013,0.436479829,26.56210278,338.4003808,19749.6,3.109844545,23.06157994,117.4017007,-21.0743549,30.10536385,36.82833481,24.30039024,2
element_2960,264.2777392,0.447701755,26.52906428,338.778184,8637.6,2.995091085,26.43333291,118.5844486,-21.56218837,33.30047989,40.48569107,24.46162605,2
element_2961,93.86060866,0.179847462,26.74371475,318.5221805,8981.4,3.93486766,26.76902032,118.7610044,-20.74078591,31.33917999,39.47420502,23.22949028,2
element_2962,299.2050776,0.340879915,25.87016301,319.801105,53454.5,3.116836667,24.50648348,120.2514315,-21.54155797,21.95252228,58.32732391,17.39143944,2
element_2963,67.59620359,0.195511361,26.91776085,411.1834969,19026,3.431119778,23.04154775,120.8796359,-19.71915747,10.9174633,73.67855072,9.811377525,2
element_2964,74.30979117,0.257188372,27.16692969,720.8748127,23538.1,3.094882046,21.70485454,122.7771481,-17.63807566,12.70513153,66.23526001,9.033787727,11
element_2965,249.0287598,0.426477994,27.05843779,688.1928289,95695.6,3.072926715,24.2565093,125.668847,-18.1714518,19.72808266,62.36286545,13.42092228,11
element_2966,43.51486213,0.176377867,27.84479547,752.6153783,4907.6,3.487656003,20.30588939,123.9418834,-17.44469452,28.125,55.55513763,14.19310379,11
element_2967,154.8134909,0.537233937,27.3108453,893.518402,10069.2,3.012863831,24.41200256,124.8478532,-17.29325089,24.50682831,59.11087799,13.75295448,11
element_2968,207.8070703,0.819432915,27.22243505,1090.710703,57990.4,1.961355361,21.39001313,125.3250834,-15.70737707,17.35690689,58.1725769,12.97447777,11
element_2969,368.9535365,0.517949556,27.0387026,1124.416726,15723.5,2.406311048,23.02437739,126.6074592,-15.46564335,15.35999107,66.11248016,12.48236465,11
element_2970,174.5418755,0.70395181,27.64984723,1035.60666,15621.7,1.929380036,22.13106459,127.5372176,-14.73741809,14.83832455,61.54351044,12.34438038,11
element_2971,395.2621028,0.669543174,26.83974506,867.8295068,14238,2.044528086,22.78349032,127.1047366,-16.25551616,15.66279507,68.93619537,12.82776356,11
element_2972,321.190767,1.150141259,27.2287293,845.0594349,12021.8,1.769004991,22.91796331,127.7521497,-16.22033014,18.88270569,63.36853409,14.35233784,11
element_2973,301.4016093,0.678414435,27.15136719,730.5428234,52663.1,2.455537913,24.08727611,128.5356269,-17.18650173,26.3793602,52.88367462,18.4726162,11
element_2974,73.20763802,0.504715377,27.97012999,917.0210439,15978.9,2.928148669,20.78339942,129.0954556,-15.3934527,22.40505409,55.49180222,14.89820671,11
element_2975,117.3118996,0.955246649,27.70367035,930.9910484,99412.5,1.454119998,24.26977928,130.0561951,-15.38357698,22.19780159,59.32829666,15.59847355,11
element_2976,139.9787205,0.650288973,27.20576096,847.1793998,82309.5,2.556459598,23.5882035,131.0378762,-15.73602028,30.16920662,49.02134323,18.75209045,11
element_2977,158.1339845,0.560009898,27.34984466,811.7429131,16043.1,2.729084336,25.29466773,129.8287687,-16.28104784,25.61779594,53.50980759,18.35567856,11
element_2978,263.7173968,0.481210447,26.97358146,747.3476393,8018.8,2.526834733,23.65850358,130.3855878,-16.7379086,34.36538315,42.76021576,20.73482895,11
element_2979,184.9356124,0.260356405,26.93409181,684.1604981,55276.7,3.192958632,23.11562235,131.4587416,-16.66395469,35.46030807,41.48892975,21.27640152,11
element_2980,292.8107351,0.291944937,26.57072772,635.2210401,10765,2.94608783,22.79325393,130.5460728,-17.56281364,37.0459938,39.10370636,21.45628166,11
element_2981,228.0882688,0.16094329,26.66462028,589.4531964,33602.8,3.770978086,24.14660516,131.5230252,-17.50669511,23.68528366,58.5168457,16.20913315,11
element_2982,318.6977152,0.155527835,26.27312611,557.5788799,6872.2,4.13250206,25.58271007,130.7160647,-18.36462167,14.53561211,71.20014191,12.4261961,11
element_2983,290.9422199,0.188718396,26.18453505,521.5186981,12501.6,3.519260022,23.10255103,131.1481746,-18.70386085,12.5678196,74.65003204,10.95472622,11
element_2984,104.9965382,0.586697426,27.33627896,1216.249819,19099.9,2.559578944,23.67146636,130.1342009,-14.50723439,22.68557549,56.52366257,16.55471039,11
element_2985,170.1775853,0.355928742,27.0322918,1008.86831,54522.9,3.026823264,24.83428726,131.7922592,-14.47352824,23.10657501,57.76874924,17.25016022,11
element_2986,51.89327908,0.255603834,27.33874776,1444.089531,30265.5,3.361767476,29.46233134,131.3991906,-12.94840932,26.35843658,49.31264877,17.74664307,10
element_2987,127.4716828,0.65275209,27.13000068,1350.628007,11228.9,2.880111586,28.69219997,132.6139058,-13.1171496,16.39718056,69.53639984,12.60734367,10
element_2988,10.72440353,0.161485255,27.75691546,1511.586848,914.8,3.473548929,24.46833456,132.5453683,-12.23948741,40.34217072,37.21338272,19.89494133,10
element_2989,160.396749,0.709873271,27.02075508,1351.688956,7674.2,2.478893315,32.18962723,133.1440644,-12.66588188,12.36933327,76.89066315,9.706599236,10
element_2990,99.43482497,0.327886164,27.19649628,1254.296937,32468.8,3.000688994,27.1203149,133.7533185,-12.33839985,17.19723129,62.40470505,11.06564236,11
element_2991,85.45067187,0.336134469,27.07351362,1060.811898,10416.6,3.057371907,26.94955385,135.0755012,-13.0360546,15.80287075,69.9862442,10.12713432,11
element_2992,44.46861491,0.304247723,27.03814428,1061.775588,31031,2.956307481,21.98498584,135.9204735,-13.12608799,13.07103539,50.89471054,8.944423676,11
element_2993,161.6017968,0.290045217,26.99217019,886.6275078,77474.5,3.259609674,23.61558288,133.7957835,-14.97236283,17.33911896,67.62779999,12.61031628,11
element_2994,58.62263451,0.19441745,27.30442605,797.2837122,5853.9,3.677432391,23.35713345,135.0204699,-15.22563194,13.25360203,71.28872681,8.045812607,11
element_2995,134.8850956,0.327696119,27.05452948,748.1451064,15335.5,2.939965903,24.18516756,135.1668902,-16.00953036,13.29467487,74.5072403,10.05586433,11
element_2996,44.68328495,0.227808975,27.18640406,842.5106056,5777.8,3.773646037,23.63450187,135.9754011,-15.60713182,14.66210938,60.67838669,7.376446724,11
element_2997,146.2104068,0.331790969,26.89409843,717.0542652,17973.1,3.026817827,23.38164767,135.9155272,-16.68311258,13.83599472,74.02718353,10.08601856,11
element_2998,92.48372272,0.249413374,26.8020783,831.5721035,45961.8,3.78122408,22.95076533,137.7553242,-16.97431537,20.43624496,56.3519516,12.71284103,11
element_2999,201.1618088,0.271735391,26.2501745,545.5902587,44026.7,3.40745953,23.19008932,138.1898199,-18.56654009,35.05758286,44.87646484,17.89151382,11
element_3000,23.24256497,0.038733404,27.09272277,716.1161859,4545.6,5.164232157,24.50633153,139.5096173,-18.07387324,48.83938599,27.04469299,18.32051277,11
element_3001,172.7071877,0.318241184,26.21622227,559.163817,32658.4,3.580978557,23.68372756,139.7607957,-19.38607722,41.27165222,35.74819565,19.98070335,11
element_3002,17.8152355,0.079157322,27.27358422,691.9596958,6512.4,4.764502497,22.26526706,140.4180856,-17.9933278,46.19168091,29.66769409,19.62300873,11
element_3003,15.31693249,0.057223618,27.38152108,711.5123191,107783.5,4.743406359,23.82168994,140.834617,-18.03463501,37.18000031,39.49625015,21.26124954,11
element_3004,23.22625313,0.017455065,27.2558403,655.8666667,95685.1,0,31.80769982,140.8394123,-18.44899511,44.20833206,38.95833206,14.54166698,11
element_3005,166.3003419,0.099235033,26.08168685,568.100957,10309.6,4.89765087,26.40771,142.1055965,-19.70257062,25.24670792,58.20214844,14.76176548,11
element_3006,174.240635,0.192213666,25.92624121,485.5460867,47148,4.195901633,25.40867623,140.9321327,-20.55598136,42.41490936,37.13726044,18.45601463,2
element_3007,65.7511771,0.027651601,26.64068217,554.3900187,48505.1,5.598282011,25.03664655,141.0836377,-19.35864579,32.48480606,50.18898392,15.9386282,11
element_3008,149.9053272,0.080022839,25.61208999,464.0972701,33164.3,4.636157349,25.36227851,142.3121154,-20.36096544,44.4744072,37.05846024,16.68265152,2
element_3009,179.9386631,0.086509336,25.21036241,421.2613221,12601.2,4.426582389,26.16423351,142.5709655,-21.05354646,52.39782715,26.92010689,18.71661949,2
element_3010,403.6975769,0.378916928,24.18734179,481.0811238,20589.6,3.109374138,26.0363157,143.9413902,-20.62412261,38.01402664,39.63432693,19.81756592,2
element_3011,541.066097,0.52023017,24.06171163,529.3750196,8738.6,2.860635083,26.11754576,143.5838417,-19.95045199,29.87760353,48.55072021,19.00227547,2
element_3012,1.824832106,0.017455065,27.49102553,819.5448718,43.4,0,7.873676033,140.7798873,-17.4963394,34.95833206,40.79166794,21.75,11
element_3013,120.5449946,0.111624674,26.49828001,666.7529921,49405.8,5.003938314,27.79056115,141.984595,-18.6778423,21.32379723,60.25540924,16.60416985,11
element_3014,14.06329675,0.02755772,27.42466667,860.4405725,4751.1,5.564681559,26.60240893,141.2795132,-17.15611225,36.80848312,40.0513382,20.96383858,11
element_3015,412.3780415,0.480154735,25.76204799,751.0450426,40549.1,2.986289497,25.25548609,143.5663234,-18.44504304,23.02049255,57.25345993,17.8076725,11
element_3016,22.1569666,0.029720428,27.36142873,893.1001175,2139.3,5.639731468,23.81179576,141.6234371,-16.81629953,34.23493195,42.38735199,21.80607796,11
element_3017,91.09657412,0.069999069,26.87408868,883.2736877,25532.2,5.126997646,26.53560509,142.6081927,-16.88032596,26.48250771,51.35604477,20.36511421,11
element_3018,18.46069957,0.027008238,27.13012862,1067.92131,8031.4,5.614513595,25.85816101,141.8352644,-15.90323709,30.53731537,47.64741516,19.91440964,11
element_3019,277.004798,0.540614225,25.831121,1007.470705,63660.7,3.348511884,25.29889832,143.8143463,-16.42220997,24.81558609,53.92320251,18.48015594,11
element_3020,359.9862449,1.775979629,23.43794123,1180.530958,26957.6,2.550344544,29.21769824,145.9781505,-18.2886776,28.72076797,43.23467636,18.0358181,10
element_3021,139.970094,0.809604229,23.7744145,845.2334244,129696.2,2.780205381,25.02280759,147.4265683,-20.11267158,30.6320076,38.98123932,18.53752136,11
element_3022,320.8374335,1.2138257,22.76919248,844.6012248,9431.2,2.239040226,24.47754918,147.9755243,-20.84057319,34.94816589,38.32063675,19.53931236,11
element_3023,268.2617504,1.196180622,23.55304063,659.3865268,115611.6,1.435345914,23.43874525,147.1704504,-20.51873682,31.46212196,48.81666565,17.91742516,11
element_3024,309.9905116,0.328794514,23.15786406,552.686102,74314.2,3.302356824,24.24215917,146.6645905,-21.93691686,33.44443893,44.35744476,19.38012314,11
element_3025,300.5674402,0.486189141,23.64460515,683.5370064,40333.2,2.724832679,24.58032032,146.4232905,-20.07374125,29.55680847,49.26757431,18.44274712,11
element_3026,535.4640824,0.41560832,23.26243851,623.6988782,3440.4,3.020520351,27.52185314,145.3415501,-20.03793712,28.97317696,49.66692734,18.0354538,11
element_3027,455.0911861,0.742392624,23.25661053,780.1054274,28947.2,2.344916082,24.7202245,145.7788086,-19.4065126,28.83673668,47.04790115,17.77231979,11
element_3028,610.1761124,0.613243939,22.93992214,662.1157899,6511.8,2.202202855,25.22261784,144.8582431,-19.57176297,32.74020767,45.64400864,18.78626442,11
element_3029,555.9910725,0.49510549,22.96717306,831.40337,10646.2,2.401720694,25.36187041,145.1071495,-18.74672867,28.8839283,49.44585419,19.11014748,11
element_3030,87.35174653,0.98034744,22.75936283,807.2101142,23350.6,2.543503573,19.4608207,149.1905161,-21.46819333,33.85643768,37.03018951,18.43175507,11
element_3031,96.25305223,0.683584574,22.25016296,775.5702885,140914.3,2.382601255,24.2348469,150.175505,-23.25248123,33.14996338,39.90958023,19.22800064,11
element_3032,148.1490475,0.630301734,22.28565343,598.0499014,80608.2,2.843958558,24.64053462,149.4128409,-23.37883264,35.40769196,41.53437424,19.96120453,11
element_3033,287.6239139,0.60617152,20.94726034,600.7747918,50840,2.438969702,23.5883372,149.68851,-25.05166604,34.71463776,44.08403015,18.40047836,11
element_3034,241.37775,0.642505949,22.34629245,724.0834994,22654.7,2.932030659,24.18527705,148.6403749,-22.13538543,35.73006058,39.20660019,19.38108063,11
element_3035,181.3003756,0.351625203,22.51811771,565.3242357,52727.1,3.133770755,23.5403326,148.8142166,-23.23335682,34.83488083,43.47446823,19.11285019,11
element_3036,213.0401756,0.267943528,22.8250394,560.4144512,27822.2,3.354953031,23.86201407,148.2957433,-23.25509068,38.91875076,37.65192413,21.03990364,11
element_3037,330.0012872,0.780710322,21.35431759,582.8863649,17337.7,2.835790119,24.3827011,148.5698579,-24.47036833,32.14704895,49.93943024,15.67151928,11
element_3038,296.5944369,0.399790335,22.66200569,562.7679408,8626.4,3.001138442,23.25688958,147.7317581,-23.08942542,43.85057831,33.69577026,19.90280914,11
element_3039,394.9253719,0.700928621,21.61507641,556.4249202,16772.9,2.406542039,23.28965295,147.5093246,-24.25645314,34.90211868,44.41006088,18.23606682,2
element_3040,110.9377637,0.925716016,21.91742873,804.5247819,14751.2,2.392294311,21.5855211,151.3881677,-24.27528095,29.82163811,41.39011765,18.70285606,11
element_3041,315.429195,0.709366441,20.40785457,708.2791206,33211.9,2.092672645,23.50510453,151.3348742,-25.69382752,33.45120239,43.48610687,19.81431198,11
element_3042,164.8216062,1.086699792,19.45802131,992.6624695,48498.6,2.330376677,23.46225959,152.738419,-27.11911519,28.67355919,43.61532211,17.53547668,11
element_3043,534.8072981,1.847116857,17.06514109,1080.357911,22150.7,1.674359907,24.50567244,152.4935008,-29.51505099,33.77251053,41.08041,19.38924408,5
element_3044,474.6110949,1.916822925,16.83219719,1102.485447,32229.3,1.996297487,23.34811264,152.2006383,-31.30820465,31.8290062,41.0157814,20.19978142,5
element_3045,368.7774806,1.580516619,16.57900182,839.716988,21294.4,1.85070094,22.9632106,150.8546501,-32.33722543,30.21447754,48.651474,17.54306984,5
element_3046,85.5533111,0.923925189,17.84407444,1102.962577,2011.3,2.000398977,15.36269644,151.4294983,-33.20448293,16.73500061,33.77500153,10.97999954,10
element_3047,515.8943125,1.468057848,15.3106007,894.0827147,20989.6,1.597271647,23.21170096,150.3803136,-33.79673822,24.61288834,52.7519989,17.06865311,5
element_3048,333.1069485,1.69729324,14.18798889,835.1307224,28475.2,1.661176312,20.5296973,149.9386995,-35.95296139,26.80460548,47.3271904,18.70992279,5
element_3049,818.9455675,2.12456222,12.0665112,850.1989539,15086.1,1.480926306,21.7888872,148.6693483,-36.88953479,28.17897987,46.52828217,20.33557129,5
element_3050,264.6068007,1.136546687,13.66755972,778.5165723,67981.2,2.388391259,22.10828407,145.0400874,-37.94717598,28.91199303,44.56109619,18.99280548,5
element_3051,178.3644947,0.545471767,13.99921442,656.6762666,13227.5,2.633408555,23.12722448,141.6886661,-37.54018982,28.6589222,52.02382278,16.94674492,5
element_3052,34.06742826,0.133698014,15.27638479,500.7286297,18400,3.989541772,21.44411177,140.1929359,-36.78295896,20.18026161,60.01121902,14.36839771,5
element_3053,128.8718252,0.236509324,17.47435447,257.0830448,775219.9,3.365833325,23.09110417,140.6273453,-33.54362443,28.81635094,47.37176895,21.38166618,5
element_3054,57.64804303,0.109747424,17.26375311,279.4148833,249850.2,3.659676325,22.0599201,142.5287429,-34.43192312,30.99925995,44.47000122,22.70703697,5
element_3055,117.3074435,0.171820245,18.94270613,275.9920317,495472,3.797191288,22.74311565,143.8474122,-31.94005629,34.52493286,41.20956802,21.9323864,2
element_3056,58.70189404,0.070321682,17.15986472,317.3557265,234105.2,4.136934967,26.04028292,143.102966,-34.72503148,40.5,32.3125,25.77083397,5
element_3057,110.2099453,0.117438223,18.12063256,311.884518,50540.7,4.347036837,21.872366,144.4102353,-33.2436405,38.21766281,37.39104843,22.27492142,2
element_3058,76.26638843,0.021278516,17.44479184,336.1345486,120393.4,5.978125843,21.50862043,144.2037444,-34.65940311,52.0703125,27.07584572,19.20583725,5
element_3059,296.4333056,0.947348999,14.82240097,642.7407596,113432.9,4.160839072,22.770776,145.5486867,-36.15127632,37.63859177,39.64763641,20.9334507,5
element_3060,248.4943965,0.548756798,16.51545642,463.3238535,40691.9,3.411851779,21.80410074,146.8784173,-34.891026,40.88221359,36.82554626,20.46781349,5
element_3061,309.852499,0.455549427,16.74366188,490.306589,76643.4,3.590899345,23.01247055,147.2359435,-33.76780074,35.52888107,41.8302536,20.61431694,5
element_3062,167.3252506,0.152587606,19.80875998,332.5243973,409833.9,4.064482539,23.54170866,146.0639654,-30.66826643,36.03256226,39.07057571,23.40829659,2
element_3063,367.8750036,0.236671362,21.15209829,416.3810031,53422.7,3.749916686,23.38944097,146.2598902,-26.38534802,39.06894302,37.57362366,21.05867386,2
element_3064,814.6795112,1.594719843,12.37125702,826.0546548,17351.1,1.60052699,21.88934284,148.9567665,-35.4051878,28.24076843,48.78699493,20.03594398,5
element_3065,859.0238894,2.732919744,12.16965257,1109.385524,3742.1,1.505851229,22.16187415,148.3605807,-35.49771056,28.26416206,49.13854599,19.07832909,5
element_3066,108.4632149,0,20.92329099,398,243195.9,0,60.93132525,146.3274861,-29.95668493,59.25,21.5,18.375,2
element_3067,144.0306259,0.044957933,21.13515091,392.4950671,146317.3,5.574156105,23.10229687,146.4891397,-29.03832013,44.60571289,32.75139618,20.22012329,2
element_3068,212.7743541,0.151975081,19.18228247,439.1009456,32196,4.544112528,24.17474938,147.2292533,-31.7116145,45.25197983,32.85979843,20.08808708,2
element_3069,137.576074,0.04012267,20.28673245,408.6862968,210995,5.599012346,22.98944271,147.462208,-29.82993741,51.63480759,27.22810173,19.38473892,2
element_3070,235.7637903,0.112241958,21.14211831,409.9088679,35156.6,4.66760267,23.71739386,146.7866107,-27.7009233,36.97105026,37.84295654,22.59141541,2
element_3071,352.4990803,0.304792453,20.02651254,587.1210032,95584.9,3.637388037,23.8503646,149.2444496,-27.11122029,37.55526352,40.02522278,20.02450371,2
element_3072,424.6476356,0.634091955,17.27306185,609.8906523,56307.2,3.644370287,23.49823203,148.8264706,-31.89829458,37.34889221,42.08604431,18.79001999,5
element_3073,150.1589245,0.036475449,20.79727691,441.7039999,140906.2,5.674396275,22.24204292,148.1803664,-29.34559342,49.95383453,28.48019218,19.5769043,2
element_3074,410.3214091,0.58123808,18.19895602,625.7075998,92244.3,4.110301727,23.80646535,150.0199217,-29.82325549,40.66760254,38.59509659,18.5555439,5
element_3075,428.7988907,0.871581904,17.23239102,662.0995726,39118.4,3.286702506,23.59182809,150.0253793,-30.84265074,38.19965363,40.15005112,19.61345863,5
element_3076,410.092686,0.531344262,18.92507793,619.5384809,48670.1,3.726641314,23.69725918,150.664407,-28.77965432,41.95351791,35.63092041,20.01420784,5
element_3077,239.840289,0.154301235,20.29059757,543.9189963,15906.6,4.287199383,22.48918338,149.4308992,-28.01974395,45.3384819,31.37017822,20.90923691,2
element_3078,131.5945009,0.60088494,16.42803412,437.8203709,27853.3,2.386647137,20.68387934,138.1062314,-34.75688633,25.03990936,42.34895325,18.76206017,5
element_3079,366.1325891,0.812344458,16.4340744,413.0075403,5460.8,1.902696301,21.77358298,138.5002399,-33.37965203,34.75160217,38.75463104,24.15226746,5
element_3080,161.3053745,1.470584858,17.68590081,354.9594849,2102.7,2.193457525,23.10755001,138.0045563,-32.87011007,37.984375,36.16287994,23.21503258,5
element_3081,99.33572769,0.631786392,18.60359779,242.2432776,3976.1,2.90337964,23.96017046,137.603769,-32.23493383,32.70652008,40.29143906,23.37399483,2
element_3082,152.408185,0.446370487,17.71470539,279.5006899,10505.3,2.66118243,21.80062631,137.0954057,-32.97033313,25.81298256,41.57878876,20.32037926,2
element_3083,244.1257075,0.62741248,17.27780083,315.268954,2080.1,2.292891812,22.29963989,136.7678335,-33.46582343,19.11227608,51.10628891,15.8684206,5
element_3084,104.4175662,0.752032831,17.31706658,311.0572297,1029.7,1.669252103,17.49149462,136.6591279,-33.76538738,13.4460783,31.74754906,10.30163002,5
element_3085,193.979104,0.518417663,17.13916573,344.1847603,2465.7,2.399417239,22.89976642,136.3343975,-33.52904628,23.78022003,51.08241653,16.91888046,5
element_3086,64.42537545,0.292022048,17.50903438,291.0669338,35142.1,3.060816671,20.75615219,134.6282206,-33.07906642,18.96556282,53.51380539,17.76325417,5
element_3087,89.9342908,0.068551591,18.56190994,177.4766349,2208.3,4.729346046,25.07303506,130.8948173,-30.92976216,26.11805534,43.68774796,29.09399796,2
element_3088,81.46939562,0.061500486,18.54248394,180.3534292,2251.5,4.32879773,23.40234592,130.8025022,-31.12623603,25.46810722,42.16306686,28.40200615,2
element_3089,105.7336412,0.049298157,18.58104114,177.4781744,4154.8,4.673707217,25.2390639,130.3831364,-30.91306273,26.84976387,39.77574158,30.09168816,2
element_3090,84.87236158,0.065221317,18.50115238,187.8873175,1690,4.598004606,24.10259565,130.4039454,-31.25184297,26.34177208,39.65980911,29.45332336,2
element_3091,187.3729518,0.069932677,18.78585996,177.7613348,22795.6,4.454726999,23.83093239,129.0433769,-30.01029483,23.98752785,49.20830917,25.06875229,2
element_3092,85.9859832,0.068578228,18.29839765,203.2784154,1907,4.332624881,23.59267346,129.9468452,-31.39550079,25.99479103,38.7578125,28.33463478,2
element_3093,119.1492639,0.054362234,18.30140451,200.21887,2377.3,4.585340838,25.66092828,129.6104478,-31.09820121,26.75595284,39.57143021,29.55853081,2
element_3094,76.00131284,0.076685088,18.17841887,231.6807692,39.3,2.98372519,1.675830681,129.6971567,-31.59824418,5,10.33333302,8.041666985,2
element_3095,132.3312201,0.046180481,18.26297432,202.6852564,2930.3,4.945226555,24.9839104,129.2485302,-31.05582581,27.32065201,40.23964691,30.34213257,2
element_3096,83.48049995,0.152793782,17.94948182,253.83526,27691.4,4.154672957,23.25031572,126.7274781,-32.16645871,26.3810463,41.35824585,28.09408951,2
element_3097,156.8120351,0.145119345,16.74036006,415.2707613,5011.7,3.790667556,24.53114696,123.2369832,-33.22944487,22.00919151,51.89930725,21.56365204,5
element_3098,112.3009951,0.197607519,16.6116837,512.5424872,5270.5,3.534437281,24.87960694,122.586802,-33.65839737,20.1812706,51.68943405,16.62796783,5
element_3099,168.6640889,0.180358213,16.69129377,465.8015582,4123.4,3.696050519,26.0878124,122.1562578,-33.39232354,24.31046104,54.88179398,18.84733772,5
element_3100,182.4630064,0.378847383,16.828143,395.8539608,23590,2.79620851,22.29036022,120.2811419,-33.65714322,22.98300171,54.45885849,15.3233242,5
element_3101,235.3959021,0.477942168,16.10870679,413.2030498,6956.6,2.701693878,21.73537469,118.2925237,-34.16949555,22.23807335,58.05521011,15.4458313,5
element_3102,143.1462001,0.508679234,15.95082457,606.6530039,5390.7,2.596131983,22.25169443,118.0978029,-34.66276541,13.4713068,55.73608017,11.28730869,5
element_3103,14.31858034,0.298208993,26.7015466,311.2283952,351.7,1.518395399,5.269273276,115.4428094,-20.70778528,27.64738464,36.51624298,19.51991463,2
element_3104,-8.496588631,0.298208993,27.3,992.4517094,45.2,1.518395399,5.269273276,122.8778657,-12.9939655,27.64738464,36.51624298,31,11
element_3105,26.69492593,0.32516691,27.46099917,1588.833481,7795,2.526055137,26.69864893,130.8117276,-11.55872659,20.49435616,39.57674789,13.55654907,10
element_3106,352.6557455,2.010583161,11.74743951,1207.50576,69406.6,1.57031195,26.08617864,146.5988228,-41.93362902,22.49841309,45.90651703,16.39724731,5
element_3107,33.1034381,-14.30066626,19.38867545,1538.042308,29.8,1.57031195,26.08617864,159.0808832,-31.55342012,25,45,22.5,10
element_3108,58.73298039,1.041444039,19.05534167,1301.153846,51.8,1.57031195,26.08617864,167.9523561,-29.04037874,22,51,25.5,10
element_3109,-97.70503675,1.041444039,22.90881553,971.4942543,32.7,1.57031195,26.08617864,152.4740756,-20.57776225,28.85975266,35.95988846,17.4695015,11
element_3110,-17.11458344,1.041444039,24.3,2518.449359,14.2,1.57031195,26.08617864,158.4002744,-19.7016318,0,0,0,3
element_3111,228.9500746,2.874778326,22.81623987,1778.105357,19706.5,1.613343263,23.49220611,165.7076188,-21.3056137,27.57958794,18.85806656,16.92209625,10
element_3112,192.4517232,2.217969955,25.0042081,2662.086806,175335.2,1.613343263,33.47702475,178.4428825,-17.4538929,23.15269089,16.93524361,21.52508354,3
element_3113,312.6898999,1.853563124,9.179741126,1271.918952,13635.6,2.529352152,29.08448431,168.6165265,-46.01579778,19.73142815,40.07564163,31.59194756,5
element_3114,629.5400935,4.270991761,8.15370446,2008.391941,8200.6,1.637164132,39.01635334,167.7133751,-45.45616831,17.81556129,44.48801041,31.21036339,10
element_3115,587.7918083,5.4927491,9.009257268,1869.355789,27055.3,1.454262841,41.95390395,169.2640339,-44.00910775,15.79510021,48.63077927,27.62900925,10
element_3116,736.7953048,4.593663102,9.163532844,2636.123666,6409.5,1.522921996,36.38217127,172.2642169,-41.95291608,12.9942255,63.03804398,23.398386,3
element_3117,589.0030177,3.511452743,10.09944669,1796.638764,54525.3,2.111274186,30.43162937,172.4221124,-42.62885406,14.11035252,49.40594101,24.71426773,10
element_3118,940.3799861,4.565278447,8.395037052,1702.029952,11928.2,1.864831115,33.69533009,170.2646403,-44.28052999,17.70396042,46.237854,30.42162514,10
element_3119,421.6688299,1.989272881,9.284334158,818.1530176,9860.2,1.723136568,22.8815073,170.2614846,-45.51123662,19.49815559,34.48154831,30.35869026,5
element_3120,787.3372969,4.541272969,8.335955705,1725.733445,20630.5,1.45893408,31.73002902,169.1791077,-45.07831102,18.72388268,43.64686966,32.19038773,10
element_3121,140.4899263,1.245820069,9.922221844,910.2802707,252.9,2.127645396,27.43082412,169.6702551,-46.3590036,6.818181992,10.01136398,8.829545021,5
element_3122,145.0554514,2.25031951,9.613939946,1448.198725,1911.3,1.188774925,18.86466295,167.8454406,-46.99679886,9.79565239,25.99021721,28.97216988,5
element_3123,269.6224616,2.126873359,12.01439148,1292.097647,6228.5,1.948629797,31.72739562,175.3159599,-41.04962457,17.9142704,38.60084915,31.93164825,5
element_3124,293.003769,1.521592308,12.00956452,1222.351253,5848.4,2.3093642,33.13529529,175.8180456,-40.34253402,21.83272743,37.2881813,33.35268402,5
element_3125,15.04076654,0.13975135,13.1504274,943.9009615,130,2.850412198,30.21982259,175.2887585,-40.38621766,19.5625,41.48958206,35.64044952,5
element_3126,670.9032655,1.992838061,10.99834459,1364.009422,3919.7,1.874635428,31.78454172,175.8146539,-39.69429859,15.98054028,49.950737,31.44459343,5
element_3127,458.3666592,1.552262491,11.89056274,1219.382864,3218.6,1.751297356,33.17108514,175.4207608,-39.68930137,15.69470596,49.59852982,32.31733704,5
element_3128,410.3164802,1.688159362,11.76888657,1554.5512,7114.5,1.496035302,36.714715,175.1864115,-39.11684859,9.50836277,59.66842651,26.00117302,10
element_3129,210.1029093,1.312481823,12.88180608,1614.869135,12082.1,1.46090799,38.39011856,174.6201238,-38.95041224,15.87584972,44.2759819,31.94498253,10
element_3130,343.3568192,1.264578094,12.52616525,1565.493006,14398.6,1.942784493,35.95849228,175.6173532,-38.24938081,8.889071465,58.53842926,24.6565609,10
element_3131,270.9433849,1.656128572,12.80984558,1532.323442,63709.7,1.731275712,30.40418768,176.0091652,-37.87662199,16.08676529,41.29950333,25.68440628,10
element_3132,61.87200662,1.997870286,7.119658164,821.3333333,33.9,1.731275712,30.40418768,178.8002642,-49.49324589,16.08676529,60,30,5
element_3133,154.3767669,2.455030246,5.886581201,1471.479167,980.2,1.054552573,8.094484753,165.3401177,-51.64838973,6.842857361,20.51428604,29.5,12
element_3134,82.19069573,0.203663397,20.61984194,138.1152917,736713.1,3.79283735,24.21441419,137.3437981,-29.34995228,33.01438141,44.23865128,19.80815506,2
element_3135,-15,0.203663397,21.4,145,442135.8,3.79283735,476.1404943,137.2065336,-28.42263304,0,0,0,2
element_3136,53.70989855,0.133276052,22.82049365,142.4257249,247816.1,3.846859632,25.0172159,139.9028716,-27.48559218,30.8186779,52.08244705,14.9332037,2
element_3137,-15.5,0,21.80769245,106.7425641,81906,0,21.80619357,137.1656119,-28.3059046,8.800000191,79.80000305,0,2
element_3138,24.41174384,0.115581546,22.52973772,131.2115419,360229.6,4.028722903,23.13014826,138.3675047,-27.59150906,25.47824669,60.06374359,12.19812012,2
element_3139,-8.789762143,0.063037673,22.02496079,119.4811254,49424.1,4.222988044,22.93056784,137.170558,-27.94920248,14.81655884,74.98538971,6.739047527,2
element_3140,142.4176691,0.195597249,21.12284729,140.1121165,41197.8,3.703309177,24.48091657,135.2702561,-28.23200592,38.83568954,37.19547272,20.83226395,2
element_3141,9.743668417,0.139687228,22.15169222,128.2159763,44166.5,3.5082017,21.08879622,136.960225,-27.7287162,23.70138931,64.53472137,9.486989021,2
element_3142,14.22097459,0.135967687,22.5607807,138.4997766,6194.5,3.435712546,22.69822623,137.8759655,-27.24728788,25.17881966,61.09437943,11.63064098,2
element_3143,79.12523682,0.284761419,22.01706148,121.4567447,2459.2,3.288111425,23.78876067,136.2392361,-27.60237692,38.28359604,43.53507996,16.20203018,2
element_3144,94.00260414,0.220508343,22.07603323,130.0879833,40957.7,3.983555265,24.36535607,136.0724781,-27.30920755,34.47870255,48.23287201,15.32630539,2
element_3145,374.7854163,0.21480552,21.05919349,183.9498649,17154.5,3.732958274,24.25567968,133.6514537,-26.78753688,32.44622803,47.2861824,17.74131012,2
element_3146,284.3300593,0.177233037,21.44977653,170.0711602,20480.4,3.884805052,26.04063333,134.398626,-26.4777032,33.2328949,47.15713501,17.14758682,2
element_3147,52.03287767,0.088423005,23.5471099,134.5279713,121112.8,4.320944193,24.68681939,139.4155379,-26.02393254,44.31727219,35.32007599,17.52682877,2
element_3148,54.56638591,0.035988072,23.73696449,122.1837265,227236.3,5.278689588,30.58536105,138.6759585,-25.49043122,36.61672211,46.97007751,14.65133762,2
element_3149,59.74835722,0.075629616,23.84064166,175.8234965,94838.3,5.13478118,23.28074355,140.0951541,-25.55687427,45.73654175,34.96082687,16.74969864,2
element_3150,109.8609346,0.092201809,24.33662102,214.2453403,12761.6,4.325506364,25.3901878,140.546965,-24.18058464,48.52449036,30.5806694,18.25209236,2
element_3151,105.6875461,0.087515532,24.35001427,187.9548196,201456,4.935514101,24.27823466,139.6876838,-24.19408558,49.25894547,30.37367058,17.98806381,2
element_3152,130.7486732,0.119105572,24.19082779,173.3666948,26770.9,4.232187386,28.51323852,138.4995234,-23.74523086,30.27945709,52.77867126,14.97614098,2
element_3153,125.2023933,0.121159708,24.36735985,237.315944,64434.6,4.44122222,24.59596586,141.149884,-24.03741779,43.89159012,33.15655899,19.8558712,2
element_3154,134.0803884,0.153755355,23.9598419,229.5441317,30559.9,4.030833978,25.07059956,141.4320747,-25.08552854,42.90313721,33.87036133,20.45680618,2
element_3155,118.4396075,0.19233007,23.34662379,213.0511524,201556.9,4.09073858,24.97001362,142.128059,-26.94524151,42.97987747,32.18447113,22.74923134,2
element_3156,124.3281208,0.173300843,22.77724481,207.2207822,25836.9,4.048147254,24.18158752,142.3891981,-27.75437754,42.43375778,33.72523499,21.6522007,2
element_3157,130.426424,0.133157999,23.70441158,231.6541359,16877.3,4.473180564,25.6568844,141.950624,-25.74011296,42.94904327,33.24766922,21.15895081,2
element_3158,132.923583,0.158708357,23.50311573,236.0522002,173492.9,4.476354305,23.40761591,142.4321183,-26.13367205,38.71775055,34.84945679,23.56801605,2
element_3159,196.0786358,0.182600151,24.5330051,285.1749106,8018.5,3.635095746,23.64482557,142.1999636,-23.58034821,40.67702866,32.87689209,23.08349609,2
element_3160,189.3501289,0.198177411,24.75704844,323.3453507,43831.9,3.636748682,23.90674223,141.8509103,-22.49752026,46.6553154,29.80288887,20.44641876,2
element_3161,135.5830938,0.179226023,24.70121364,223.7251479,169344,4.223985592,21.51422047,139.5753272,-23.42891959,54.31890869,25.99038506,17.61618614,2
element_3162,204.4039911,0.145821217,24.84872525,285.4516232,15725.2,4.242446779,25.18764177,140.576999,-22.56532193,47.79682541,29.50348282,19.62899971,2
element_3163,278.6804237,0.21472533,24.85323221,322.3916688,17135,3.623857534,23.29784575,139.9198688,-21.98647777,42.45005417,33.33740234,21.01169205,2
element_3164,170.3697674,0.158364485,24.75053151,267.4531432,150758.7,3.895958298,23.23911569,139.3225849,-22.83697688,41.86470032,34.58735657,20.42120361,2
element_3165,182.019648,0.148190348,23.17599326,287.3086973,18702.7,4.079877348,26.0001519,143.4106344,-26.12154593,35.91784286,37.55467987,23.9051857,2
element_3166,140.6225744,0.081900173,23.56458566,289.8310523,149390.8,5.216917967,24.80990468,142.7570477,-25.2588519,39.82559967,35.31340027,21.60234261,2
element_3167,229.3659554,0.161321559,24.25420438,249.0748689,25272,3.848950954,23.72161722,137.474055,-22.35992858,29.11590385,47.4910965,20.01611137,2
element_3168,233.786454,0.138556333,24.8325209,302.8470494,118078.2,4.26953819,25.50833003,138.6256197,-21.53918471,38.18175125,37.11252975,22.13274002,2
element_3169,303.6047563,0.255399895,23.14017364,411.6233582,53564.2,3.485415348,24.3611137,145.0564161,-24.41987992,42.15034485,34.81363678,20.48087502,2
element_3170,261.5475968,0.179673027,23.91403658,420.7386005,95272.9,3.746992243,24.3255579,144.3190288,-22.74432616,43.62405777,33.64640427,20.2068882,2
element_3171,219.0032381,0.134007529,24.71182046,382.1019963,6625.5,3.801141602,24.56360224,143.0002609,-21.79936095,56.79533005,21.78537178,19.54704666,2
element_3172,229.7117681,0.186175348,24.53989699,379.2939459,9342.5,3.54533444,23.41641371,143.2708329,-22.26436108,55.40332031,22.72485352,19.64165306,2
element_3173,427.1246597,0.206836357,23.84130757,266.6640736,34628.4,3.981327074,24.78907112,135.492712,-22.02128987,22.46497536,58.46957779,15.61843395,2
element_3174,266.0256535,0.122874908,25.5123047,361.4291449,51614.6,4.254816414,23.15637005,137.3767736,-20.39660378,35.94314194,42.53522873,19.35305214,2
element_3175,404.6668676,0.192988172,24.494562,311.9941907,78249.7,3.96034688,26.70088994,133.5904505,-20.72810993,16.8333168,67.48317719,12.82331181,2
element_3176,167.3568432,0.177909073,22.21717326,271.3153752,87902.1,3.841797258,23.32745554,143.4097186,-28.311179,36.5875206,39.35555649,21.59581566,2
element_3177,267.85663,0.115259238,25.88218224,372.1983076,64371.7,4.474523116,24.82606667,135.8892126,-19.62682317,37.19534683,42.65691757,18.36828995,2
element_3178,162.6676402,0.14876982,21.72573608,295.2408145,67244.8,4.014686002,22.61269329,144.6957815,-28.80138361,32.47499847,43.0616951,22.21091652,2
element_3179,378.3352586,0.21599098,25.99920503,486.2863606,80788.8,3.475742192,23.77869633,128.4900996,-19.46233045,17.4494915,67.28839111,12.48419762,2
element_3180,357.8070122,0.301481177,21.68665529,192.1087933,161182.2,3.641042035,27.93271283,134.4672683,-25.15250377,18.02218437,67.08931732,12.05647278,2
element_3181,463.3722204,0.135443424,23.86883388,336.573547,53170.8,4.125914822,29.78396606,129.6735908,-22.57384124,11.53084373,75.60203552,10.26199532,2
element_3182,452.7334217,0.231262593,23.90428406,251.8089791,52882.2,3.2926506,24.54593051,122.3483888,-23.9841757,14.15109062,71.68533325,11.91784096,2
element_3183,398.8205278,0.184118925,24.67072311,348.1959473,45837.2,3.848751987,25.12281072,131.7440863,-20.30817543,11.51340675,76.21526337,10.05844784,2
element_3184,377.7548103,0.234118623,19.898339,233.8698831,47423.1,3.233574786,24.83869713,121.9918389,-29.47966265,23.68935585,54.59049606,19.77109718,2
element_3185,132.4003786,0.25548168,20.09455378,178.9617453,134656.4,3.699090192,25.15927176,140.2874868,-30.33288936,31.45574951,46.75265121,19.16217041,2
element_3186,480.6013082,0.257289186,20.81678322,252.4654519,73779.3,3.248522679,24.7372333,127.9894374,-26.85125585,12.67128944,73.68399811,11.59735012,2
element_3187,251.2338107,0.107362613,26.27285375,427.1746617,39641.9,4.50102948,24.31553489,135.1981359,-18.38750679,38.1545639,42.03607178,18.35330009,2
element_3188,352.8854183,0.19942847,24.92320447,286.6548507,38808.2,3.233234103,23.4525784,124.9980237,-22.69032732,9.042499542,81.78166962,7.598000526,2
element_3189,360.8608717,0.288143203,20.17133776,271.9882659,65879,3.019072588,22.72082928,117.369543,-29.09585257,20.74787521,59.68808746,16.73484802,2
element_3190,221.9327569,0.149567676,26.69674301,444.8709445,35899.4,3.789556087,30.29789799,125.3693014,-19.75343203,9.757766724,78.49230194,9.940300941,2
element_3191,188.9439943,0.516361033,18.6009946,218.0809576,33357.6,3.300109757,23.7699645,137.9876249,-31.23220195,31.87779427,40.81478119,23.3734169,2
element_3192,241.9449191,0.128915729,26.56046227,545.5793243,64813.4,3.916513729,22.91559819,133.6012792,-17.44414927,28.42077827,54.16397858,15.95267487,11
element_3193,505.221675,0.175454545,22.44454633,239.9299019,31076.7,3.5565685,24.52343447,121.8638998,-26.20305759,23.05397797,55.8757515,18.00109863,2
element_3194,272.1606359,0.153976387,20.26481012,187.3048803,30186.5,3.679141272,24.36461862,133.343991,-28.19792261,24.83484268,54.25583649,18.74537277,2
element_3195,334.6049936,0.239742383,25.71697083,349.7960889,27500.1,2.990755798,24.93298592,125.5120379,-21.51214271,8.978905678,80.52295685,8.704862595,2
element_3196,469.4708125,0.283311274,20.29760884,239.94057,42892,3.308750955,24.57294286,129.0620296,-27.23801194,13.10407066,72.88525391,12.08952045,2
element_3197,558.8830812,0.284919522,21.73864922,334.1975105,89261.1,3.542822988,27.33814486,130.1189954,-24.45899125,13.34380913,71.96928406,11.29198933,2
element_3198,430.3302084,0.158905649,24.52032813,342.6035523,25921.7,3.858211549,26.80329821,130.9929095,-20.72981554,11.25669956,76.61360931,10.10963821,2
element_3199,460.0723001,0.15940342,24.14938506,333.4299967,25655.1,3.941230839,27.583645,130.7343133,-21.36793934,12.00986862,75.3792038,10.42013836,2
element_3200,645.1415177,0.332878845,21.82341815,279.2697652,22726.7,3.929262699,29.38811217,132.8411146,-23.0530728,18.66322327,62.2220459,14.01980305,2
element_3201,586.170093,0.344236796,19.96666248,263.2426235,19611,3.557538192,26.07633094,130.9190196,-26.68631742,16.59722137,66.38639069,14.35299778,2
element_3202,165.7858751,0.109774297,23.13278585,161.6211465,98577.9,4.733572885,35.1179252,137.1376317,-24.55912467,19.53464127,66.72405243,11.65859127,2
element_3203,445.1191043,0.253527772,20.87712562,205.7174237,17067.6,3.092955078,23.72399291,123.725441,-28.00901875,15.96938801,68.00940704,13.92092609,2
element_3204,310.9971539,0.193695569,25.67578409,301.7007461,16957.5,3.61274794,28.8319638,121.8877795,-21.62384626,13.82973385,71.07930756,12.59471989,2
element_3205,307.1563988,0.2190413,25.63119306,305.0610538,15776,3.527098938,27.20894295,122.8140155,-22.02395362,12.92627811,72.87414551,11.53960323,2
element_3206,149.7025476,0.264908551,18.20191535,221.6009498,80717.2,2.937374526,21.70266996,134.8182238,-31.45146756,20.81599998,54.95834351,19.62379265,2
element_3207,459.3012078,0.211385124,21.6787148,222.0966682,14987.6,3.353805088,24.7579969,118.0953055,-27.53452517,25.45503044,51.2959404,21.59348488,2
element_3208,482.4797821,0.172488393,22.77711991,231.4551792,23011.7,3.470298766,23.34449957,123.0180497,-25.52933025,23.70654869,54.17066956,19.37989807,2
element_3209,317.1624328,0.241315922,19.52428686,207.9360213,50967.7,3.093964828,23.33991888,130.7607447,-28.77845788,16.22192001,66.25348663,15.89181614,2
element_3210,434.8387615,0.25409064,20.18686172,255.9870673,14036,3.050458822,23.11060308,119.453373,-29.22795739,23.22873878,52.9285202,20.26350975,2
element_3211,375.3642334,0.178189625,25.02837005,390.5070078,13961.1,3.462880561,24.79591379,129.179646,-21.0003192,11.01728821,76.61421967,9.688499451,2
element_3212,467.7967478,0.262317969,20.25583008,222.9660944,13925.2,2.921268213,21.36979081,122.9471797,-28.81740975,17.91888809,64.70689392,15.07437897,2
element_3213,492.588238,0.187996039,21.33910497,236.9287455,13736.7,3.482572905,26.57495144,121.1693986,-27.46791157,23.30475426,56.27048111,18.65036392,2
element_3214,347.6822517,0.161733678,24.88650405,273.6426977,16501.4,3.639263365,26.17625263,123.7189183,-23.04525259,10.7832346,77.68893433,9.368570328,2
element_3215,503.0453719,0.23154844,21.49533467,217.7059824,18707.4,3.129090149,22.19426878,122.7602557,-27.11254807,14.79695225,70.87823486,11.62515736,2
element_3216,86.26242449,0.116069498,15.31994702,460.425311,18529.2,4.197646546,24.36452195,140.6702171,-36.27615348,21.99111557,60.68823624,14.44730377,5
element_3217,604.4134625,0.278428194,22.31169109,317.4856263,11835.8,3.99252399,28.84427892,131.564188,-22.79518672,14.5038929,68.82855988,12.23024368,2
element_3218,556.5830727,0.226389975,22.19636467,255.7159967,11630.4,3.390492738,24.78008826,119.9826419,-26.54262128,20.54587555,59.26241684,17.58184814,2
element_3219,453.8012223,0.199230001,20.53221619,224.3132513,11255.4,3.411657087,26.40811144,122.2765332,-28.62081515,20.15283203,61.6520195,16.4816227,2
element_3220,436.6837779,0.25447051,23.67394976,291.1175998,83025.1,2.994609214,25.03838055,126.9306483,-24.07915211,11.10253906,76.66310883,10.09317493,2
element_3221,419.7819535,0.277774591,19.69381719,243.8024943,10273.4,2.94896132,23.21805288,120.5799909,-29.55577299,28.51648331,44.71099091,23.9410305,2
element_3222,168.2925509,0.05651702,18.66654078,213.9132132,87105,4.505989375,23.6793694,126.420144,-31.12968572,25.6127758,45.24799347,26.4992485,2
element_3223,303.2395652,0.195871033,25.88303884,326.202772,9883.2,3.345031603,24.51841617,124.0478815,-21.73807104,9.70473671,79.4510498,8.379669189,2
element_3224,129.190079,0.142179385,18.80538838,189.5859218,38921.6,3.846839397,23.73685675,131.0315989,-30.44731049,19.90552902,56.89028549,20.47981071,2
element_3225,453.8804861,0.227454719,20.87448604,261.2975357,9697.5,3.252234768,24.78769241,119.3129067,-28.48616845,25.51998901,49.48493958,22.08142662,2
element_3226,170.6331067,0.219097384,26.61684829,410.5270805,31126.7,3.219498758,28.3509901,122.8863092,-20.02013728,8.728431702,80.51760101,9.007479668,2
element_3227,111.2259495,0.17745361,15.78365348,381.8919013,52169.7,3.990973112,22.35427896,142.2748142,-35.83812328,32.62537766,46.84020615,18.54745674,5
element_3228,439.280921,0.210278614,22.9024845,231.7207831,21366.4,3.199344095,23.51467618,125.2618071,-25.43989838,17.56128883,65.80735016,13.64277554,2
element_3229,128.0505142,0.231205826,18.75143863,190.7316196,32333.8,3.184518087,21.34750126,136.6409381,-31.15278907,28.42406082,46.76729584,20.39785385,2
element_3230,447.5203747,0.261553462,24.55505709,247.0886917,8423.2,3.180182302,25.6970113,121.7302533,-23.01566696,12.84798527,72.69390869,11.74393177,2
element_3231,437.7472687,0.259730793,21.24369577,205.4544618,8977.1,2.990864287,23.0875445,124.1649484,-27.29144636,13.69363403,72.21800232,12.22360039,2
element_3232,533.5420024,0.31526487,19.81644904,240.5684519,12394,3.495030521,24.83229158,131.9399473,-26.94769001,15.72368431,66.44799805,14.90208817,2
element_3233,358.593817,0.236663935,20.34199876,210.2112439,20918.9,3.12205711,22.56335709,124.5546074,-29.03584603,16.12183189,67.81370544,14.19161797,2
element_3234,279.4257961,0.240595878,17.59076001,293.5312043,81473.9,3.098243196,22.64638335,122.2949797,-32.07444786,28.80501175,44.94977951,23.52682304,2
element_3235,360.2160423,0.200872863,20.82553526,210.8773448,92283.7,3.217356764,22.88415687,126.1309452,-28.03028223,14.48909187,70.779953,13.02995491,2
element_3236,319.1980751,0.216357671,25.91708237,390.6445147,11758.8,3.251120736,28.42898097,126.2907893,-20.8066115,9.721106529,79.71942902,8.870256424,2
element_3237,550.1230234,0.301956377,23.32655701,251.2690079,11095.3,2.807844855,21.45854325,121.1749318,-24.66275126,15.86846542,69.61943817,13.16709518,2
element_3238,447.3313666,0.204267969,22.30741917,212.354512,13679.8,3.277559869,23.07887619,124.1746591,-26.29595166,19.87520981,61.36426926,15.96401119,2
element_3239,521.8266073,0.22809472,21.65494249,240.6918544,7602.2,3.199967627,25.39164018,120.0649112,-27.30023916,23.4375,55.05582047,19.57339478,2
element_3240,369.2004602,0.212441879,20.030503,210.0190958,10219.1,3.585130953,25.18415847,132.64678,-27.69432253,14.0021143,70.01280212,13.81810379,2
element_3241,386.852247,0.219342888,24.99844566,360.0492411,13739.4,3.213700896,26.15131959,127.453688,-21.55185308,10.70573616,78.19999695,9.456483841,2
element_3242,243.919164,0.223025207,26.26572506,367.2077145,17375.1,3.007317625,23.51843071,122.5578274,-20.72141282,8.808302879,81.72867584,7.965497017,2
element_3243,572.1033624,0.174639748,22.70512214,253.4782805,18658.2,3.560201489,25.57134253,120.3373316,-25.72694641,24.23484802,54.375,19.18362236,2
element_3244,469.2044192,0.18276766,20.91198667,219.1198897,6350.6,3.485730777,25.65496226,121.5844515,-28.1314419,29.24705887,45.72555161,25.21096611,2
element_3245,415.9339535,0.139043141,23.98631634,254.8034316,11891.2,3.628939644,22.85849294,125.1115498,-24.20458463,12.43759441,75.07678223,9.500867844,2
element_3246,142.7233694,0.1903862,26.77875729,514.9998065,18468.7,3.286068561,27.35120388,122.7706344,-19.15446568,8.331327438,80.9232254,9.045269012,11
element_3247,520.5400294,0.241409087,21.46904134,232.132566,5500.2,3.077286915,23.09168545,119.4679903,-27.64041261,27.86135864,48.3990593,23.16864204,2
element_3248,174.5183011,0.123058713,20.06884629,163.6883254,23867.2,3.797632173,22.49207431,134.3113661,-29.54886273,29.96399117,42.29907227,25.31013489,2
element_3249,251.9297519,0.117563434,19.58782005,208.5258372,19323.3,3.946712614,23.92601633,124.8856157,-29.92757527,24.80033684,51.0510788,22.56838036,2
element_3250,408.323125,0.274545274,19.7563413,226.4508753,8910.7,2.970525309,23.22206648,131.0236041,-27.88740219,11.57112026,75.26766968,11.55497169,2
element_3251,601.2958892,0.316292927,23.44742951,251.2858774,12982.1,2.943252161,22.88334522,120.2095436,-24.5837176,14.87455177,71.88071442,11.78814888,2
element_3252,381.7356581,0.185178254,24.79480274,352.9103059,14209,3.465632087,27.39459277,128.2683083,-21.87033792,12.32770443,73.21125793,11.02881908,2
element_3253,445.2044575,0.144803689,23.27242631,235.6504179,10188.7,3.709054041,23.50363262,124.0908707,-24.90735071,18.7159996,62.92449951,14.23268604,2
element_3254,84.05750552,0.083184023,24.08719684,187.7865345,6520.9,4.253171055,24.20552294,139.9606679,-24.94279638,43.25771713,36.7173996,17.29277802,2
element_3255,249.2759444,0.202885707,26.09414824,342.1665668,5293.1,3.238158379,25.56328644,121.3575405,-20.8292555,10.03674984,79.95703888,8.757780075,2
element_3256,339.2278385,0.19443135,25.39510478,311.0253765,4881.1,3.329537835,25.2700313,132.3406758,-20.17571013,8.481902122,80.63130951,8.911416054,2
element_3257,242.4710721,0.152135267,26.25742482,432.7515204,6983.8,3.522793784,21.73414198,132.6150228,-18.57144955,9.333957672,80.70333862,8.418626785,2
element_3258,273.9945129,0.167935125,25.89894798,332.6995713,3435.1,3.654089886,29.47324328,122.5790684,-21.71342805,10.3125,78.92460632,9.35521698,2
element_3259,236.5638222,0.119492538,26.30547607,463.0929675,5784.3,3.767212957,21.42045722,132.0054033,-18.55950956,8.310714722,81.35223389,8.468114853,2
element_3260,425.8887233,0.298307957,17.68506686,298.7077002,14119.7,2.764227153,20.54169455,120.2333429,-31.61822372,24.01019096,56.8683548,16.47133064,2
element_3261,380.7487063,0.290187384,18.39467983,270.8512515,16188.8,2.785295249,22.09808265,121.6341509,-30.72570415,30.20246887,44.46450806,23.42995453,2
element_3262,400.7050408,0.26808819,19.50421593,256.8741202,10182.4,2.835282332,21.79497028,121.3260072,-29.96489585,29.91126442,42.85865402,25.23773193,2
element_3263,322.6188355,0.24160649,26.03315265,369.5742027,8800.5,2.809518055,29.46159241,125.5075745,-20.97163718,8.76841259,79.87213898,9.373044968,2
element_3264,380.199973,0.239781974,24.53737675,265.9742441,3714.9,2.881688496,24.99743153,123.7487217,-23.5338341,8.800419807,82.662117,7.52135849,2
element_3265,286.1340622,0.221073591,26.32666695,379.0663855,5505.2,2.89867222,24.69025277,124.266376,-20.55158025,7.923062801,81.23227692,9.121299744,2
element_3266,238.479669,0.202241002,19.49573845,189.9200005,14652.4,3.150489972,21.8407287,132.1129248,-29.19169075,18.3848896,62.46181488,17.32842064,2
element_3267,450.6597809,0.315885055,19.0141046,248.2702797,4044.7,2.671230496,21.52714041,119.7669481,-30.01120563,23.40511322,53.93863678,20.06693459,2
element_3268,308.4340489,0.25705379,19.74410908,202.9292918,8713.8,2.792054269,21.93496854,131.8044638,-28.48320022,10.41715145,77.10077667,10.50382328,2
element_3269,417.5074174,0.140647579,23.87620921,251.4157265,3141.4,3.599023171,21.50348607,124.1643808,-24.17164489,10.40789509,79.75411224,7.706566811,2
element_3270,461.0730712,0.333596574,18.62321404,271.5825251,3587.9,2.522124138,21.07436005,120.3878821,-30.42000178,26.91304398,51.31385803,19.79272652,2
element_3271,423.9131354,0.248481999,19.85315929,227.7681391,3631.6,3.00654691,20.05448329,123.5364161,-29.39153855,18.09792709,64.5758667,15.67632866,2
element_3272,316.7854094,0.192910868,26.0512394,435.9922894,1534.3,3.312808438,23.15625899,126.7169239,-20.24733286,10.26333332,79.73166656,8.630872726,2
element_3273,417.533686,0.197828375,25.28129279,434.6399542,2811.4,3.172414645,19.90810095,129.2220711,-20.24512129,10.10394764,79.93376923,8.761089325,2
element_3274,179.7050136,0.202697661,19.14620536,183.2882972,6842.4,2.938589388,20.3621862,133.100579,-30.10744287,24.91899681,48.56060791,25.60099983,2
element_3275,517.7787881,0.272190745,23.52717131,252.9976903,2419,2.861423577,21.90897011,121.7852272,-24.59858823,14.21527767,70.75320435,12.85783768,2
element_3276,317.9204226,0.211794076,19.09918555,223.753897,6770.2,2.954004347,20.99968475,123.75825,-30.34252196,24.01851845,56.08007431,18.42103386,2
element_3277,378.3223798,0.381378792,19.75581511,214.6755744,3565.1,2.362781306,17.532488,132.0189422,-27.94880084,8.005952835,80.91666412,9.293948174,2
element_3278,322.2580822,1.753493482,25.34868143,2813.530502,72363.7,2.71277175,46.19762862,-76.47836388,7.745644345,30.75615311,34.74727631,26.22709656,3
element_3279,69.65079929,0.320551704,28.2048064,1461.842751,260739,3.294294909,26.17777371,-74.6287248,9.803585819,35.90116501,33.35541153,27.99140167,10
element_3280,141.1612753,0.660184331,26.94230089,2331.995466,17105.5,3.932415841,35.24294819,-75.29599451,8.448814793,34.32511139,36.11201477,27.71150398,3
element_3281,17.05965207,0.018317886,28.65303935,2349.057123,225687.7,5.55818809,28.28012675,-74.60840839,8.922862648,38,27.375,34.375,3
element_3282,1380.070257,4.193592531,22.56528458,2553.025627,61901.9,2.195145812,41.88021568,-75.59158675,5.770095295,27.26199532,42.09024811,28.21131134,3
element_3283,51.14798616,0.401130295,28.67874644,2322.582625,163175.3,4.133867346,25.8442315,-74.17853989,8.88344262,38.42370224,27.58279228,33.60389709,3
element_3284,561.7350758,2.536767027,25.68479171,2396.319585,139272.1,2.998662527,34.80178392,-73.76708723,7.794296291,31.25180626,39.46221542,27.70496941,3
element_3285,518.7300986,2.662444341,25.53718376,1634.141899,22211.6,3.416232222,32.14778997,-73.53700793,9.955563438,29.67715263,41.18416595,28.01041794,10
element_3286,2258.60682,5.547121741,18.6297693,1781.651567,22559,1.642515576,33.24753023,-73.16062215,6.225834209,26.35887718,43.27257156,28.24061584,8
element_3287,1401.622643,4.107042042,21.21933556,2279.674726,91669.7,2.021839385,38.36646636,-74.92259493,4.563843204,25.12427902,44.97389221,27.81238174,3
element_3288,390.8021699,2.16588615,27.24105786,1230.458109,53087,3.07741941,26.16495422,-72.67209705,10.84022416,30.10181046,36.63236237,25.98439789,11
element_3289,747.5210462,3.455120827,24.05763069,1821.10859,27553.5,3.081104773,34.34785404,-72.71160818,8.512471836,30.19584274,38.57971191,28.77868271,10
element_3290,535.6319114,2.596998458,26.59681418,1091.320097,52530.4,2.750439967,26.89598786,-70.62151896,10.15516306,36.69937134,25.05701637,32.38634872,11
element_3291,664.538051,2.578911352,25.64427855,984.2931248,17722,1.98454618,25.4951022,-69.70945099,10.32838452,34.02991486,28.88074493,35.73810577,11
element_3292,462.5921771,3.348994371,25.37886434,1085.106048,19353.5,2.147987006,23.75257242,-67.26193016,10.34771815,28.75216866,29.97575569,33.31877899,11
element_3293,135.7563946,0.352047601,26.98380485,1079.242732,22318.1,3.063094583,25.05343823,-65.27539166,9.401351689,37.91884613,38.90608978,22.66127205,11
element_3294,269.295706,1.691007314,26.71462509,1190.746225,32719.1,2.711999285,23.41206307,-63.57441317,9.9879951,30.69932365,40.67667389,20.95245361,11
element_3295,84.80098841,0.15740843,27.33850181,1202.379467,21625.2,3.954471816,24.66893217,-63.05145213,9.041498589,26.95498657,52.55953979,20.3191185,11
element_3296,4.629398986,0.027976187,27.2422231,1659.409045,18935.5,5.170297341,22.97690391,-61.50700723,9.233570893,39.08154297,14.19902611,38.23571014,10
element_3297,163.0034674,0.665729739,26.72849905,1543.303702,938384.3,2.996205171,26.65256904,-61.78496352,8.28862608,36.8433342,34.83089066,27.48842621,10
element_3298,110.6966394,0.408991244,27.64575244,1213.768321,830662.3,2.663132772,24.36729251,-63.65922172,8.213389032,23.34142494,58.57114792,16.94903183,11
element_3299,626.5884949,1.744746339,24.60303923,2093.703504,92047.1,2.168214251,43.02054895,-62.65547775,5.578882693,32.14651108,44.65322113,21.55752945,10
element_3300,238.7299342,0.530048488,26.12742003,1814.709501,15091.1,2.549435393,35.14675706,-63.95393467,7.077967945,32.90720367,42.8591156,22.70225716,10
element_3301,122.9101107,0.427901628,27.19714757,1357.041142,801334.6,2.82252354,25.84731264,-64.57426349,8.063826646,32.15970993,45.90118408,20.70046997,10
element_3302,103.4246548,0.277167032,27.62911655,1270.626999,742417.7,3.453893037,27.25496309,-65.69977398,8.349713962,36.83691788,38.54079819,23.92738342,11
element_3303,428.2752266,1.713513583,23.85067485,2417.738783,47861.7,2.434892708,44.77699218,-64.5981721,5.730175498,34.18440628,43.34262466,21.66417694,3
element_3304,70.5013984,0.49745532,27.26072473,1729.994414,700682.4,3.414493778,36.13783486,-66.19149018,7.472461695,23.2843399,53.85371017,21.17101669,10
element_3305,416.1219361,2.013954808,23.67578091,2068.872583,17320.6,2.108630474,40.1575341,-65.76096951,6.609998585,34.15355301,42.56547546,21.52074051,10
element_3306,30.98718107,0.140070848,28.34679501,1524.02906,685590.4,3.100355148,23.61405947,-66.31177,7.640148929,38.75,10.625,46.75,10
element_3307,68.24750847,0.102703465,28.31591019,1414.803794,13613.3,4.49111001,29.28731393,-66.82239589,8.269207551,49.65625,8.098889351,41.39055634,10
element_3308,38.85287961,0.01783591,28.42052386,1598.143841,136723.6,5.613617141,33.33395775,-67.1085513,7.707436277,42.90761948,8.43612957,47.28755569,10
element_3309,323.7353965,1.005878845,25.76915795,1991.177149,548819.1,4.649887917,40.81537222,-68.69624922,6.868346352,26.99366188,42.4131012,29.15085983,10
element_3310,49.50422176,0.019507725,28.22605779,1656.992077,114079.3,5.499511313,32.60707231,-67.85039532,7.873544766,43.22603989,5.113541603,50.61041641,10
element_3311,260.6315998,0.735503202,27.3498744,1250.231981,19463.6,3.251875805,25.12359934,-66.97180281,9.362188382,45.52169037,17.19207954,36.03969574,11
element_3312,48.71448601,0.015221901,28.23386794,1527.692023,63018.8,5.98958352,34.14642495,-67.83515962,7.969956172,44,4,51.125,10
element_3313,284.144808,1.007903907,26.60505593,1295.821268,49730.7,3.924609892,28.48542902,-68.63670639,9.256567776,38.42276382,19.71079445,39.99872971,10
element_3314,397.5894169,1.368919084,26.79191829,1503.878857,55106,5.231945986,31.98968308,-69.83294287,8.149937713,38.13932037,19.76096535,40.6146431,10
element_3315,75.55763526,0.026756803,27.92406405,1483.548293,7511.9,5.728008454,29.16355858,-68.90303398,8.320286094,47.00101089,7.034469604,44.32759094,10
element_3316,85.14757351,0.145551447,28.5422153,2334.882169,109267.2,3.505892856,45.39067466,-68.78354762,6.092579235,16.20410728,56.24505615,26.68395042,3
element_3317,170.0942948,0.492114377,26.8437144,2635.388617,352421.6,3.261674535,47.88777415,-69.10651335,4.855607756,22.46784401,50.34521103,26.54592705,3
element_3318,82.7318573,0.140540835,27.5,2942.871795,151606.9,0,45.31466061,-67.72361417,4.063871908,28,49,24.5,3
element_3319,104.2578642,0.134201901,26.38694025,3039.764714,100975.1,3.696196597,50.76155655,-67.34233419,4.002548765,12.70220566,73.41176605,12.79632378,3
element_3320,87.11703106,0.044622979,27.497308,2968.923504,139064,4.41310788,54.93850236,-67.80827421,3.961249109,28.61249924,49.13750076,20.66250038,3
element_3321,99.58922044,0.071365209,27.22720899,3221.106433,12532.3,4.116365291,53.55145905,-67.35652396,3.28625421,14.18192005,74.91936493,11.38355637,3
element_3322,522.6489009,2.24601442,24.65554565,1595.292289,14045.4,4.279653649,37.48343071,-70.99501171,7.889453522,36.5267868,22.34656525,39.47299957,10
element_3323,719.5987365,2.627628226,24.95381253,1758.471909,13619,4.329830913,40.00501092,-71.48293529,7.523457351,34.74200439,24.81820679,38.70324707,10
element_3324,437.8692381,1.220515565,25.32453219,2151.422677,21147.9,4.92417992,43.52738018,-71.23731185,6.302634103,25.8594017,46.14793396,26.38908195,3
element_3325,332.321023,0.788268845,26.57145794,2484.273737,79639.4,4.892266614,44.79380397,-71.35315313,5.423381344,23.33147049,47.07709885,28.34053612,3
element_3326,127.6551936,0.129739235,27.49219332,2888.626665,84883,3.943733766,47.42058071,-69.24839587,3.736752257,22.47775459,61.89664078,17.44314575,3
element_3327,166.0779309,0.241660654,26.78292338,2904.196471,53816.9,3.36207548,48.64490946,-70.22254149,2.597633457,23.25519371,58.85638046,18.68843651,3
element_3328,131.4181132,0.398806698,26.55525159,3245.205932,57850.9,3.399650117,53.04165971,-66.51249256,3.503933188,19.9092083,66.02822876,13.49557781,3
element_3329,478.9678031,2.182814072,21.71517309,2727.093805,40860.9,2.606607535,46.95867354,-65.95858016,4.842468163,31.88276291,50.10912704,17.67683029,3
element_3330,232.2110228,1.493836198,25.81865971,2907.869163,40897.4,2.696590248,50.79314227,-65.59718277,3.124824661,25.4375,57.43236542,15.93840599,3
element_3331,709.4873067,3.218547601,23.45955678,2981.072489,6205.4,1.79435617,49.01818846,-65.70569251,3.737747032,33.99892426,46.84105682,18.28053093,3
element_3332,730.7205114,2.482431563,24.96779408,2575.614937,5202.2,3.680487581,47.6249233,-72.48934804,5.058723501,26.71777153,45.1785965,26.20756149,3
element_3333,152.4074921,0.125839354,27.34361027,2508.841809,41726,4.371526865,46.899472,-72.00290165,4.484223224,14.92063522,59.06944275,23.93650818,3
element_3334,222.2475488,0.358549684,26.80312709,2740.731765,31166.5,3.994245138,48.94639165,-72.53804958,4.442238551,23.78218079,46.02306366,28.77336502,3
element_3335,204.5607295,0.23841177,26.73777927,2690.646035,10052.6,3.121936003,47.09020177,-72.63160797,3.58680366,20.88431358,44.33308792,34.00465775,3
element_3336,705.3875145,2.057106655,24.0947742,2837.087113,9985.6,1.814349479,46.10763849,-65.00736475,3.587344473,34.66500092,47.51366806,18.59066582,3
element_3337,132.9802616,0.187455347,26.94038464,2562.289316,26857.5,3.509617058,45.5896054,-65.22601025,2.848651573,53.25,20.625,24.25,3
element_3338,426.3009647,1.673283666,25.35878793,2585.943194,17297.7,2.370509146,39.68449864,-64.61214585,2.242237538,37.03244781,41.70511627,20.94132423,3
element_3339,630.2166535,2.203159322,24.48140746,2773.436069,9409.5,2.110976065,41.82679492,-64.53399673,3.049599649,37.48407745,43.07306671,19.81860161,3
element_3340,184.8228483,0.234540977,26.65590678,2680.077093,62622.1,3.340295897,46.15934486,-71.33227501,3.049846718,25.59809685,47.45676804,26.64526558,3
element_3341,159.9155753,0.2074757,27.10191541,2601.817659,9221.6,3.246951596,47.58725196,-70.5891889,3.686631117,25.36265945,38.29262924,36.10144043,3
element_3342,945.2822621,2.981932681,21.99136289,2579.733831,14630.1,3.296548681,53.29905707,-73.4629282,4.128453274,23.95608139,44.37077713,29.88467026,3
element_3343,1988.111688,6.02526447,18.94976714,2205.563743,8799.7,1.527905223,37.20165604,-73.28328468,5.00762964,23.72055244,46.63236237,27.49683952,10
element_3344,588.6746205,1.681744111,24.4589497,2366.99083,24345.9,2.815811245,42.95664355,-73.91690469,2.63045845,25.34891891,48.13153458,25.23056221,3
element_3345,764.9177572,2.323533007,24.41418178,2613.15485,11638.6,2.956858177,47.71987168,-73.61698818,3.281583863,23.05994415,46.66623306,29.11860085,3
element_3346,46.39672306,0.213452857,26.47497656,1895.541682,38300.7,3.640701306,37.02469699,-59.82035144,7.669358493,32.53847885,42.11161804,20.83683777,10
element_3347,4.426700115,0.176326981,26.2,1646,154860.6,0,97.18320236,-58.58860348,6.442816438,28,47,23.5,10
element_3348,55.55365237,0.344099326,26.23617304,2032.409937,69650.4,2.688606632,45.90905779,-58.62477528,5.775284864,15.45897388,79.43621826,5.553525448,10
element_3349,297.863708,1.043993854,25.10142204,1940.546962,85209,2.640985236,37.17852114,-60.79259443,6.531213099,28.74180412,51.8996048,17.57291794,10
element_3350,451.743524,1.59032492,23.70337359,2204.883788,6842.4,2.174546774,47.76152805,-59.47856613,5.224860983,26.12592506,58.81759262,13.60487652,3
element_3351,165.573296,1.711325378,25.00358215,2272.51917,58785.4,2.247378714,50.09312688,-58.99767589,5.05350786,23.53141022,67.00384521,9.44679451,3
element_3352,102.1226903,0.441208343,26.42058534,2205.686237,49193.2,2.885328243,38.72239645,-58.59167788,4.44208031,20.83806801,70.96448517,8.116950989,3
element_3353,215.8264861,1.536619039,25.28640473,2094.060248,6762.4,2.353485471,40.25905804,-59.10528074,4.457999377,30.27096367,52.39544678,16.3747406,10
element_3354,238.5329767,0.477151053,26.69025411,1865.985493,22679.1,3.106452979,36.69350136,-58.6162113,2.369755137,31.87184906,51.09333801,15.70572853,10
element_3355,175.8217725,0.557015568,26.96487495,1810.092381,23684.5,3.221275329,35.41596694,-59.01168972,3.117495371,28.31237984,54.29013443,15.52300549,10
element_3356,43.92151428,0.198605772,26.68294711,2093.233225,30805.5,3.881648586,36.05826154,-58.02637085,5.565394601,23.60120773,62.32051086,12.22641468,10
element_3357,202.6866117,0.400516551,26.43776649,2070.162951,64285.5,2.95372007,30.16510535,-57.2498763,3.194281693,35.71276855,46.07009506,17.91262054,10
element_3358,76.83858403,0.40077781,26.73578702,2315.317033,70315.5,3.519547501,35.9168603,-55.84419503,4.878271632,35.90644455,43.2816124,18.0980835,3
element_3359,178.9514621,0.540380569,26.52667363,2406.403238,66409.3,2.781616135,37.43064329,-54.48542456,3.437997015,38.46472549,43.63023758,16.46534538,3
element_3360,81.04672601,0.299616127,26.27916272,2641.52623,96410.4,3.263232051,46.27648427,-52.32406964,3.552546519,41.07982254,36.63503647,18.65248299,3
element_3361,117.7851593,0.280049301,26.60424198,2431.328805,42497.1,3.305022188,40.16689935,-51.74720365,1.358560261,45.05619049,27.68104935,23.38286781,3
element_3362,4.482729013,0.036006517,27.27743071,2471.276623,742.5,4.830832151,36.43895184,-50.08831776,1.09403247,40.3075676,11.20888138,33.79787064,3
element_3363,38.65891878,0.191388247,27.36413061,2510.405414,37353.9,3.625736547,36.51680155,-51.26083122,-0.002047762,38.69778061,29.51058388,25.45403671,3
element_3364,7.914637883,0.09053113,27.56906534,2428.374403,5912760.5,4.160455558,40.06996636,-51.36640715,-1.165214894,38.48664474,20.01869583,39.26358032,7
element_3365,2.960919535,0.191835158,27.60466556,2340.540659,5393040.5,2.20274882,44.99422902,-51.94773192,-1.48850355,37.17708206,14.625,44.875,7
element_3366,133.025355,0.351132587,27.00693013,1921.075056,513313.5,2.856496932,35.20362585,-52.04528024,-3.690572152,41.71421432,39.68935394,17.51133537,10
element_3367,44.99063136,0.543138111,27.47594672,2195.29468,5333427.5,2.812033872,37.09405863,-52.42355605,-1.322805231,41.37457657,27.26743126,29.66709137,7
element_3368,233.3700765,0.579216535,26.55916263,2300.265134,59471.8,2.54507649,33.43364248,-53.39551967,0.748097743,46.9013176,31.29498291,21.06116867,3
element_3369,171.1261425,0.551226633,26.8957744,2033.940628,5291239,2.989443133,30.74118076,-53.89592787,-1.507023083,43.58135986,31.82042694,23.49004364,7
element_3370,290.6187081,0.591026615,26.5363928,2238.960333,39823.5,2.564071933,31.11051453,-54.27657292,0.408951424,47.34163284,30.52444077,21.40317726,3
element_3371,31.47542677,0.232937078,26.94135226,1792.998974,5222672.5,4.695540695,34.50463636,-54.36203184,-2.406119292,30.12202454,32.09771729,35.23511887,7
element_3372,159.2229893,0.589634892,26.87175951,1766.602216,31253.4,2.016810757,32.8725793,-54.2250668,-3.43616078,39.54672241,42.55213547,16.86121368,10
element_3373,21.05289618,0.444066938,26.97679525,1978.394872,5191667,3.146894466,36.11634957,-54.70268539,-2.419138369,29.3125,25.61249924,40.77500153,7
element_3374,266.1106638,0.488252584,26.72727604,2174.932325,28404.6,2.558241568,31.01485559,-55.16377374,-0.843614024,46.75907516,25.19837952,26.85763931,3
element_3375,100.3933995,0.451833175,27.20075324,2042.766127,494551.3,2.599343828,36.23029431,-55.64834547,-3.639414911,39.43591309,42.09297562,17.41976929,10
element_3376,32.15974727,0.198647465,27.19198559,1922.189279,4696940,3.914050896,36.60037404,-55.44952676,-2.078762149,35.93040085,26.21809196,35.2035408,7
element_3377,266.5276517,0.405234476,26.13815151,2030.605201,142352.3,2.651889123,33.0061652,-54.10790981,-6.964776636,30.71553993,51.80609131,15.99062729,10
element_3378,225.1634329,0.464448329,26.36291773,1849.936747,303574.8,2.710644847,31.26270215,-52.55614798,-5.563948486,34.31975174,45.79514313,18.62100792,10
element_3379,28.75893554,0.20827298,27.69208962,2173.570148,4533945.5,4.041139579,37.16795998,-56.30257501,-2.345459863,36.59659958,30.91970634,30.472826,7
element_3380,203.8854685,0.460145021,27.02564572,2162.336426,156960.3,2.622945269,36.52678701,-57.03421211,-0.028210978,48.83552551,29.38552475,21.01103973,3
element_3381,17.58774431,0.087166242,28.00404906,2315.967092,4395904.5,4.411359254,38.0763455,-57.26369751,-2.574222094,31.7288456,23.47532082,42.39166641,7
element_3382,81.31737954,0.242946752,27.01667888,2216.028576,133363.2,3.20911785,40.04957355,-58.39538267,-5.129397189,42.47149658,38.87836838,17.86309814,3
element_3383,179.3305633,0.478071057,26.70034814,2248.596189,393097.4,2.378073874,45.33451476,-57.33642568,-6.52733597,41.77772903,42.25985718,15.26315308,3
element_3384,243.5627509,0.484596541,26.28215462,2284.998058,58771,2.459344354,41.74653781,-55.88809816,-6.808119536,32.92968369,50.93243027,14.92455196,3
element_3385,114.9849981,0.406327156,27.39872918,2202.41336,68223.1,2.813726516,40.86717649,-59.19683768,-1.068897982,48.81678772,31.23745346,19.20186615,3
element_3386,12.56100123,0.048181797,27.83814078,2072.153263,4323699.5,4.53848772,36.96261634,-57.74679167,-2.702826533,33.91477203,23.32196999,40.04640198,7
element_3387,69.89085369,0.261612932,27.65394485,2248.983107,12881.7,3.206824382,40.17829252,-59.15516509,-2.634232361,51.95480347,30.12807846,17.04975319,3
element_3388,17.67146882,0.059673416,27.51441613,2125.094942,4310109,4.385099586,38.62914856,-58.30636692,-3.235085108,37.73647308,32.03409195,28.31520653,7
element_3389,335.890775,0.742632862,26.04107842,1909.112433,43970,2.360336615,30.8932414,-51.36777421,-7.800140642,36.2528038,38.74688339,23.11995506,10
element_3390,306.951967,0.547742807,26.04725187,1956.521867,211278,2.457666788,30.66855859,-52.52384483,-9.400030669,31.24271011,51.47190094,15.88159752,10
element_3391,48.76144194,0.210661436,27.67550576,2285.031371,2937678.5,3.433723702,40.29910899,-59.54205442,-2.971537353,48.42325211,28.23789787,22.1141243,7
element_3392,35.08291785,0.064178842,27.36889365,2342.150092,1368840.3,4.321683306,40.0946724,-60.63810339,-4.475674054,34.77326584,29.54850388,34.89882278,3
element_3393,31.27112878,0.08234885,27.66979428,2439.002104,2216711,4.176431535,41.82761335,-61.35668928,-3.251560271,34.26524734,22.64981651,41.92312241,7
element_3394,48.00937353,0.137649077,27.51162358,2457.044419,714735.3,3.892292816,43.20709139,-61.41690088,-2.241863435,37.00961685,27.00129509,35.43942261,3
element_3395,361.3769438,0.446334413,25.97221908,1967.149928,191780.7,2.475139063,31.16853907,-57.94114735,-11.93978379,38.46877289,46.31066513,13.87098122,10
element_3396,272.1458835,0.507080367,26.01840019,2147.255782,141987,2.27869049,40.17511221,-56.75896915,-8.709575956,25.65087891,60.6206398,11.73538208,3
element_3397,62.67347234,0.090219533,26.78343431,2327.504737,1166348.9,4.117845141,46.0359834,-61.78275233,-7.012902807,37.26548767,31.45214653,30.68504715,3
element_3398,187.7889337,0.408403546,26.46617796,2095.624373,147160.3,2.691534809,37.79741381,-60.17449419,-9.522950758,42.26988983,37.81291962,19.17240715,10
element_3399,48.9282266,0.081456491,27.11594049,2545.894139,1815792.5,4.170685746,41.65017536,-63.93295396,-4.033408331,32.17798996,20.93232346,46.335289,3
element_3400,135.2182207,0.150438151,26.32982455,2257.253142,378762.4,3.679276633,35.60415657,-66.77212973,-7.977331538,33.60571671,30.05202293,35.74004745,3
element_3401,41.8023381,0.0544027,27.28329825,2634.592631,622946.8,4.538325838,46.72077558,-63.36792981,-1.860840237,30.41308212,21.05489349,48.41856766,3
element_3402,69.39380425,0.139503116,27.5053709,2217.043003,39823.5,3.907532078,40.34089393,-60.72548983,-0.087859868,40.97858047,36.2927475,21.8752327,3
element_3403,37.01550642,0.045238632,27.12978094,2467.205487,403679.9,4.73719914,42.47431327,-63.16546849,-0.925891206,26.94747543,36.56302261,36.01872253,3
element_3404,265.5837608,0.841893548,26.04614111,2283.213004,190789.9,3.181447085,34.91763237,-61.46451942,2.64502469,34.14147186,41.12969971,23.83648682,3
element_3405,289.8023303,0.380538943,26.11813007,2035.901691,16091.5,2.68354232,34.31999104,-57.05040786,-10.17474022,39.29151535,45.21480942,14.19996357,10
element_3406,301.7547695,0.413146897,26.01593287,2138.643396,91476.7,2.575344455,43.45566947,-55.99468554,-9.710199688,40.00360489,45.39068222,13.0242672,3
element_3407,325.4170884,0.2927543,26.09099525,1713.09186,103919.9,2.924729875,25.2020721,-52.58010362,-12.1288512,24.4585495,63.22122574,11.36160469,10
element_3408,336.4645271,0.328636113,25.85632358,1878.144849,28126.3,2.79849213,27.9721375,-54.51407562,-11.58335137,32.85856247,55.39940262,11.0288353,10
element_3409,97.56785746,0.398090445,26.44213799,2855.481505,328089.7,3.907843292,42.9037136,-66.10299306,-0.412344151,21.20243454,46.76337051,31.41059875,3
element_3410,140.2033765,0.790332317,26.73530848,2308.403184,39769.6,3.892417651,37.57611384,-63.30389074,0.947919861,27.67514038,47.63306046,23.80861473,3
element_3411,385.8255742,0.375987113,25.43277608,1779.598893,30435.2,2.656737062,25.82134337,-54.36620472,-13.00256751,26.36617279,59.81361008,12.94968891,10
element_3412,385.6732354,0.381305909,25.63288894,1890.330584,52499.9,2.715334466,28.86159703,-55.53504997,-12.48214082,36.94681931,48.97158432,13.19113064,10
element_3413,390.714811,0.426729611,25.40641193,1675.675404,44899.4,2.602403854,27.43700238,-53.17140683,-13.50305044,22.40934753,64.60401154,12.11569977,10
element_3414,354.8635305,0.464254637,25.70912928,2143.45356,19512,2.461088083,32.88535321,-54.79829216,-10.22736986,40.16856766,43.41030884,14.90813923,3
element_3415,243.5275528,0.538249765,26.02841363,2952.009398,270156.3,3.401390534,49.51568293,-71.6890829,-0.30267603,28.22731209,44.91380692,26.1093235,3
element_3416,65.59167022,0.097873161,26.78568884,2707.09181,1459340.9,4.017127046,46.13955922,-65.60408889,-4.018042635,31.73702621,22.60168839,44.98003769,3
element_3417,208.0706884,0.357421023,26.21000001,1957.692986,75038.6,2.824717664,37.44278255,-61.92094553,-10.63188936,34.40736008,46.00844193,18.62602806,10
element_3418,148.000661,0.277118412,26.42988983,1967.94371,1013282.1,3.179292879,40.24900484,-64.89302971,-9.917856703,35.56364441,35.43718719,28.14278412,10
element_3419,220.767799,0.406151002,25.66733355,2745.075788,1233304.8,3.512823919,48.69949445,-72.12793895,-3.313240171,29.7091465,37.84032059,31.47354698,3
element_3420,188.7250135,0.176426542,26.19046857,2401.146397,189725.5,3.52638307,39.42474505,-70.45417431,-7.35747439,33.1038475,30.40717316,35.82947159,3
element_3421,179.0884874,0.360960084,26.45191149,3102.041811,127417.4,3.608904028,51.51874251,-67.30951569,1.698681025,21.87562752,60.08904266,18.19598579,3
element_3422,169.471396,0.202457889,26.33623827,3110.82002,64371.9,3.457253499,50.91149872,-70.14084025,0.80776025,25.00995827,53.60061646,21.00231361,3
element_3423,165.2588438,0.251901877,26.8451406,1650.232986,637401.1,3.535986426,31.48056242,-65.2502918,-11.71132952,30.99791718,41.00740814,27.16149712,10
element_3424,984.6191733,2.527287132,18.80718124,1488.169103,282431.2,3.038325195,35.35276657,-68.6867829,-13.29453189,26.30147362,40.26382446,32.1052475,10
element_3425,291.1756925,0.402730467,24.96452777,1293.086247,354282.6,3.647240317,27.00251945,-62.10832902,-15.13521201,28.93525314,46.30605316,23.59750366,10
element_3426,928.4864462,1.737242962,21.86424304,1353.388095,235711.3,4.105044787,31.61801907,-65.00374579,-16.49643249,28.27200127,38.49398041,32.11352158,10
element_3427,1774.411061,3.333220099,20.4968788,1662.240999,353729.3,2.640644169,40.03765012,-74.01195992,-10.60958679,26.60905457,40.14027405,31.54992485,8
element_3428,1218.104962,3.256590009,22.42332023,2005.57891,364873.4,2.883777936,41.83478209,-76.99060228,-5.132260523,27.6859436,38.63904953,31.44578934,10
element_3429,6.143316574,0.042913549,27.59991993,2447.500513,374,4.736332008,36.89672357,-50.92586725,-0.646537918,34.0234375,14.98046875,41.25196838,3
element_3430,8.170422585,0.037768118,27.59530346,2551.41357,7585.9,4.837619081,42.09157524,-50.60356957,-1.220295818,33.03455353,34.34349442,31.25101662,3
element_3431,7.936627575,0.032083103,27.59284244,2511.07574,744.6,5.248566594,42.54796908,-50.65213445,-0.8140568,34.30729294,21.515625,39.26094437,3
element_3432,8.184428934,0.018337803,27.65889099,2723.339692,5465.7,5.376842143,44.91912034,-50.09817733,-0.832644459,27.68078613,50.38286972,21.10310555,3
element_3433,7.3360572,0.025839873,27.71339813,2841.063278,6618.9,5.21785145,43.47158406,-50.07594896,-0.375066339,29.23690414,39.07123184,22.54036331,3
element_3434,6.166370965,0.019489672,27.83053608,3187.465851,6395.2,5.729472188,47.09636764,-49.28598568,-0.651256104,27.87996292,53.73416901,15.97230625,3
element_3435,5.990542093,0.02766926,27.71153313,2861.574635,17624.3,5.263927082,40.33179774,-49.46698138,-1.217384713,29.27175903,40.49956894,22.24485779,3
element_3436,72.41606653,0.190474928,27.39034687,2225.032972,52965.8,3.482925105,42.89909881,-50.86411094,-3.146849754,43.94721985,36.33171844,18.30770874,3
element_3437,11.22037951,0.055890873,27.75818673,2659.283643,11060.2,4.48620366,39.61149238,-49.90523465,-2.284430403,36.73600388,44.32758331,13.47721386,3
element_3438,92.08516693,0.241518272,27.70172828,2255.442666,772470.5,3.290484191,34.54386647,-49.65872301,-4.191626069,40.97056198,42.48368073,15.81045532,3
element_3439,141.771113,0.243162433,27.66139564,1686.261695,699576.1,3.325770435,30.20158695,-48.83076605,-5.283804502,40.99949265,35.92342758,22.03651047,10
element_3440,249.5196726,0.724680866,26.80099913,1775.677574,41529.3,2.575221868,28.49954049,-50.05185645,-6.157313869,37.59096146,37.85268784,23.50076103,10
element_3441,200.9025945,0.466004751,27.13443042,1690.136738,386073,2.628499241,29.94033884,-48.71670838,-6.680305827,31.27361679,46.91059494,20.84929085,10
element_3442,235.2699435,0.501207505,27.19652288,1461.350905,308344.9,2.538745067,31.38212042,-47.44053845,-6.242259048,26.44124985,60.53985214,12.27360821,10
element_3443,226.8749447,0.438266005,26.54296782,1841.204773,13504.6,2.91588405,34.41442722,-50.00270547,-7.998234567,28.7155304,45.01548004,25.19654083,10
element_3444,228.1110093,0.442370148,27.14507695,1771.582716,336390.8,2.60932464,36.9972556,-49.0148592,-8.235352531,29.02742386,47.38127136,22.69355774,10
element_3445,244.5161194,0.408834949,27.43334565,1636.651998,258782.5,2.51132993,33.0235612,-48.0106081,-8.255596397,25.21690178,60.94931412,13.28165627,10
element_3446,307.7680175,0.514985129,27.07793886,1342.2998,16564,2.53923559,27.38150705,-46.99315015,-7.950812975,22.12389755,67.29390717,10.12399769,10
element_3447,195.7438468,0.243472982,27.2730463,1742.403199,315540.5,3.1050009,37.44312348,-49.58327584,-9.308398304,27.26546669,49.09627533,22.91714096,10
element_3448,243.6430889,0.436714553,27.30171859,1732.570161,6038.1,2.745902953,38.13848789,-49.13874896,-9.204564235,26.88958359,50.90486145,21.39907455,10
element_3449,202.2673826,0.295322744,26.75526374,1792.350797,302715.6,3.108966258,33.96202824,-50.14240525,-9.002638679,33.33453369,44.8878212,20.65144157,10
element_3450,244.407881,0.483417544,26.31047513,1833.903592,6214.9,2.879612739,34.04358372,-50.45378813,-8.666187308,30.76757813,43.36653519,24.2914505,10
element_3451,230.7324966,0.477340885,26.49468574,1808.466253,293659.7,3.111811233,31.2160329,-50.6491951,-9.431627916,36.74571228,43.64522171,18.20147133,10
element_3452,227.6587983,0.3378063,27.318423,1698.952719,6697.3,3.040398181,35.97028335,-49.44102362,-9.926275338,26.32556725,53.26165009,19.69608688,10
element_3453,339.3519374,0.619878009,26.89370214,1483.555581,191244.1,2.63481129,29.61862487,-48.36033189,-11.53095711,26.8680706,56.2218399,16.32331085,10
element_3454,398.9551347,0.620648244,26.77253293,1345.048313,45772.3,2.326595445,30.07143865,-47.22561863,-10.1338845,24.30797768,63.79508209,11.35535622,10
element_3455,217.2921031,0.249335427,26.81951899,1698.583382,228748.5,3.853269964,31.10880937,-51.17709433,-10.88775343,28.7224369,54.17911148,16.14468002,10
element_3456,217.9096269,0.171492969,27.38147379,1598.541955,52758.7,4.411915437,31.71842163,-49.81893261,-11.59095382,32.44760513,46.72404861,19.99751282,10
element_3457,403.7877181,0.430101169,25.45483242,1665.786136,61613.7,3.130368764,28.73897704,-52.57476385,-14.38175617,26.41691399,59.02064133,13.78347969,10
element_3458,203.3472973,0.015508418,27.34926757,1549.170937,134697.6,5.901859529,25.83122657,-50.71947956,-12.35033207,40.37824631,30.19480515,28.5401783,10
element_3459,245.4944227,0.208835862,27.22114984,1536.867191,119958.6,4.224539678,27.26085515,-50.43894135,-13.13007315,38.25183868,36.14411926,24.54117584,10
element_3460,235.8543496,0.040242992,26.74340018,1525.921062,11804.2,5.676191129,25.06165678,-51.19579307,-13.86623384,34.7212944,40.25547791,24.09699059,10
element_3461,671.2218652,1.456743946,25.74596361,1461.247834,64795.3,1.894028775,28.82340537,-48.2047688,-13.96808741,29.34653664,47.70113754,22.37531662,10
element_3462,576.1950938,1.166848932,25.42415888,1373.978453,60335.1,2.402566075,26.90034854,-46.94754632,-13.46194943,25.23669624,54.74388504,19.31158257,10
element_3463,338.1278288,0.513289009,26.7538904,1505.268264,23196.3,2.71930009,27.46708566,-49.90252742,-14.01030687,31.01544762,51.9952507,16.18820953,10
element_3464,377.0683295,0.561535836,26.33721714,1550.592161,93871.9,2.930485118,26.0626419,-50.84610472,-15.4218183,33.79515457,48.28764725,17.12198639,10
element_3465,699.6443557,0.964790791,25.16611045,1546.761527,18969.4,1.897808111,29.0951527,-49.48269421,-15.48539996,37.05975342,40.22784042,21.78626823,10
element_3466,782.5005454,1.205357488,23.81632849,1451.730497,15699.5,1.699337224,27.38300121,-48.36155311,-15.20446956,34.19385529,35.26583481,29.82426071,10
element_3467,360.4271985,0.681495523,25.53854742,1515.980142,37940.1,2.252301013,28.71480965,-52.06846188,-15.92635039,29.01749992,57.91999817,12.51500034,10
element_3468,572.4604993,1.035535692,25.17266278,1565.241137,12177.4,1.996164606,28.52580774,-51.62919158,-16.6069433,36.35771942,51.37071228,11.80036736,10
element_3469,516.6060716,0.845490957,24.03164844,1613.458344,13484.6,1.822681428,29.4849104,-53.22224804,-16.04622944,29.98178291,60.69260788,9.05807972,10
element_3470,604.9517817,0.873795777,24.07507588,1586.057304,23383.8,1.871593167,28.86631787,-52.77136149,-16.82174747,38.63768387,51.22890091,9.902154922,10
element_3471,77.19432708,0.257880617,27.51701052,2328.721937,82901.6,3.229240725,35.09726498,-48.27287403,-2.902449097,40.2440567,46.25496674,10.081213,3
element_3472,33.66237399,0.159998575,27.29877589,2542.208237,18906.2,3.520359607,40.7315096,-47.00261347,-1.28369243,29.78668594,50.29716873,15.3408556,3
element_3473,128.4985668,0.403761716,27.26976967,1912.16366,34830.8,2.798532807,29.05545083,-46.96373287,-3.300244792,46.85506821,40.01371765,12.58851624,10
element_3474,30.67984723,0.15362877,27.60249529,2154.267656,36049.4,3.601756753,35.66724031,-45.39906292,-2.298865702,28.52284241,38.80289078,25.49751472,3
element_3475,171.2137373,0.53299027,27.33796653,1452.35012,40534.7,2.478079668,25.30639673,-46.2620676,-4.314878109,41.02396774,43.17946625,15.20637321,10
element_3476,4.651464367,0.017455065,27.96538465,1668.712821,11.4,0,0,-44.81504385,-3.308450439,52.125,16.75,26,10
element_3477,178.4413628,0.45031774,27.19110054,1339.697585,55843.1,2.63560521,26.89458811,-45.43445012,-5.242834026,31.38470459,52.57659531,15.44102097,10
element_3478,13.57267204,0.125052544,27.83698532,1854.197191,3088.6,4.159796096,31.591805,-44.41282566,-2.984596101,30.56038475,32.07894897,24.58453941,10
element_3479,204.5579322,0.508278735,27.51922231,1427.906601,52991.7,2.472733294,25.24284194,-44.19727379,-5.396603602,23.89481163,56.99642563,18.33263969,10
element_3480,59.50636728,0.195483513,27.68366809,1623.040845,30706.1,3.395483425,32.99746946,-43.31509318,-3.246565886,19.44405365,57.34822464,19.46752548,10
element_3481,144.5048721,0.426696249,27.38654049,1323.732143,332986.5,2.8570254,25.57478586,-42.14429498,-4.058469302,19.65627861,63.22454453,16.04409409,11
element_3482,203.7730532,0.634193133,27.78735821,1288.725288,238319.6,2.049642114,23.88141237,-43.07279169,-5.94572823,22.45490265,64.60961151,12.26814556,11
element_3483,356.790744,0.742792152,26.98802557,979.968221,52199.6,2.242996909,24.76864799,-41.43543725,-5.577177208,19.27551842,65.45307159,14.98591614,11
element_3484,320.9377598,0.505551622,27.50731571,894.0095444,152536.1,2.383249395,22.69134258,-43.20745355,-7.490885182,21.79084015,67.27439117,10.68940163,11
element_3485,369.0416542,0.647171221,27.25202898,696.3225846,75430.1,2.194958866,23.82432176,-41.99693689,-7.920077692,21.15773392,62.72076797,15.70284653,11
element_3486,442.1399513,0.842690813,26.74665089,940.0678065,48641.7,2.006839698,23.56009227,-44.32006002,-9.281643878,24.70887184,62.17880249,12.6800642,11
element_3487,299.7548625,0.671277509,27.37503277,1030.278481,89132.4,2.103081034,23.42070978,-44.10199969,-7.099458396,23.47739029,63.80729294,12.20478249,11
element_3488,446.253605,0.880008996,26.71566577,1091.179142,51976,1.815141391,22.29860266,-45.47243216,-8.754469047,21.4691124,67.56977844,10.63071442,11
element_3489,376.9719289,0.680107945,26.85059435,1156.266347,25645.9,2.151266593,24.10629182,-46.00969644,-7.69545964,20.63576317,68.59860992,10.45748138,11
element_3490,123.3883466,0.879424146,27.30980149,1150.951201,12633,2.971666938,25.39144625,-40.90476458,-3.252045583,19.18615341,61.16617966,15.00045013,11
element_3491,244.3927571,0.950805348,26.95715156,946.5689772,14578.8,2.835772042,25.85797812,-40.30326391,-4.144371957,22.30544853,58.80570984,17.68109703,11
element_3492,138.8043948,0.728904647,27.03555572,926.5134662,32471,2.936546553,25.04883073,-39.1416089,-4.005887809,21.06338501,59.51564789,15.30172729,11
element_3493,352.103535,0.751498502,26.51528148,779.6450638,73490.9,2.475745837,24.84798094,-39.31185072,-6.052385658,24.57578659,52.33692551,22.35239601,11
element_3494,152.5100788,0.552388422,27.77381833,799.5114796,18573.5,2.834559515,25.12860764,-37.61917444,-5.581338574,24.26862907,49.36101151,24.14789963,11
element_3495,321.9666341,0.868637575,26.52185303,727.7359815,41203.8,2.546747967,25.417393,-37.42795086,-6.653152002,25.2881279,47.60888672,25.79980278,11
element_3496,188.6950703,0.616291085,25.88524417,780.5588607,30866,2.545101783,25.79094072,-35.74747203,-6.094707439,20.59827042,57.17251205,17.46278954,11
element_3497,465.2739656,0.64908548,24.64622908,769.2165313,19753.8,2.539619462,24.92257782,-36.31163135,-7.483214111,23.3139286,54.10291672,21.28375626,11
element_3498,325.5727962,0.9055849,24.51479623,974.0618113,43552.8,2.089776176,29.90782212,-35.84520743,-8.63185281,25.54006577,53.81354904,17.00142097,11
element_3499,362.7274525,0.826250124,25.20768141,660.5542983,637199.3,2.168096749,25.04100072,-37.50277118,-9.290122466,19.1055069,60.13775253,19.62269592,11
element_3500,522.3522417,0.752378827,25.16782184,655.8739267,16914.7,2.455772545,24.84381812,-38.12680298,-8.058851949,21.62426949,55.62540054,21.00980759,11
element_3501,420.9397603,0.406982235,26.03790538,505.0994503,573961.3,2.848486478,24.45639217,-39.18439698,-8.812579721,22.55112839,53.56194687,22.78162384,11
element_3502,555.7178762,0.688654151,26.05462959,613.9821838,13822.9,2.494054691,24.54337802,-39.99757308,-7.844177111,23.0535717,56.38772202,19.83426476,11
element_3503,448.9984412,0.397540492,26.24312161,448.3822926,542772.7,2.931506506,24.42274143,-40.24660771,-9.104772761,20.81982613,56.13175201,22.33143997,2
element_3504,694.8403869,0.905116984,24.49594434,461.4290044,14495.8,2.433059947,26.01711783,-40.91986179,-10.56284452,29.6732254,49.37596512,19.5931282,2
element_3505,483.9483968,0.65642574,26.53607823,507.6969645,502501.6,3.173832645,25.49765243,-41.51898859,-9.514003767,22.40104103,56.60283279,19.93813896,11
element_3506,731.5500035,0.927739597,24.10491948,555.4689146,17659.9,2.557742682,24.67175803,-41.74396782,-11.12654372,30.49495888,46.95331955,21.22377777,2
element_3507,545.5071846,0.657543011,25.77906892,659.4656324,463251.9,3.032103438,25.91265001,-42.79082632,-10.59382466,25.14786148,56.07476425,17.68764687,11
element_3508,655.4305425,0.524135109,25.5405317,1011.530011,77451.6,2.891577735,24.75772824,-45.01690852,-11.68880191,21.424263,66.49903107,11.22032166,11
element_3509,639.3146767,1.169064276,24.82305595,747.0962435,347822.7,2.719467118,24.77809401,-42.96457208,-12.6014223,29.58504105,49.80659103,19.03039551,11
element_3510,618.1284386,0.59193757,24.84780625,924.2102528,272102.7,2.796610599,24.47138866,-44.18730406,-14.29398492,25.02311707,60.80241776,13.42546749,11
element_3511,734.6070071,0.495731351,25.0348187,983.8272763,34406.2,2.542400565,26.07328574,-45.05605477,-13.59710996,22.35817337,66.177742,10.82355022,11
element_3512,663.174473,0.736440835,24.15125788,1122.393179,204214.2,2.464251906,24.56321203,-45.37762845,-15.67934933,28.54006386,60.3205986,10.802742,11
element_3513,633.7193759,0.919895357,23.91341914,847.4094977,30808.9,2.690055177,25.23684657,-43.40904618,-15.57991105,33.02182388,48.21234512,17.81042862,11
element_3514,717.8225682,0.692475867,23.35480049,1025.699876,107018.5,2.095029399,22.56765055,-44.5338556,-16.68687813,34.03225708,53.56619644,12.23168659,11
element_3515,688.6793561,0.730159859,23.59842159,1254.771871,45168.8,2.254903031,26.41307179,-46.36564725,-17.16394813,38.20244598,46.57201767,14.71940899,10
element_3516,776.0509043,1.387154562,22.73145998,1001.919611,8690.8,1.898151415,24.44232553,-44.16767589,-17.3024991,32.17966461,50.42806244,16.76859856,11
element_3517,624.5631728,0.732475948,23.70876112,976.1182418,91106.9,2.475108696,25.51985756,-44.94385798,-17.17224316,43,44,13.125,11
element_3518,830.1592155,1.345995509,22.0111509,1224.850227,27927.6,1.878736656,26.35916399,-44.13489272,-18.75547091,28.22134209,58.00009537,12.68422794,10
element_3519,697.3831624,0.875444042,23.4712454,1029.028496,62671.4,2.065218347,25.60444483,-45.06532778,-17.76957695,41.91567612,33.62847137,23.95039749,11
element_3520,846.8973338,0.909505201,23.16735277,1294.854233,5856.1,1.652581278,28.0523125,-45.88963477,-18.57957705,48.5762558,25.97823143,24.68883514,10
element_3521,754.4524268,0.884870342,23.08708734,1279.597035,51403.3,1.98557487,26.12111574,-45.49787565,-18.72669424,46.56484222,31.58320236,21.06220627,10
element_3522,834.795846,0.90836945,21.75988726,1375.382471,13683.2,1.940423074,27.06059098,-44.38950705,-19.78066185,32.63659286,57.68243408,8.856185913,10
element_3523,786.1210158,0.800760987,21.92534222,1432.474536,29394.9,2.082760258,27.82994173,-45.39748436,-19.90844119,45.37473679,42.8276825,11.06347084,10
element_3524,137.492828,0.503964838,25.85310858,1034.810401,5872.5,2.537979116,25.47314635,-37.22326404,-10.55440388,29.08411026,46.13576126,19.81120872,11
element_3525,390.1712204,0.746685314,25.26032492,625.5427569,16214.2,2.17733559,24.38884274,-38.51802989,-10.18691514,22.30785179,56.25056076,20.5837822,11
element_3526,187.9322048,0.587406549,25.35522559,966.0141461,9604.3,2.474337444,25.8123195,-37.81787377,-11.11062763,26.19166756,53.36847687,17.66279984,11
element_3527,387.5602686,0.740792932,24.83560362,648.5435869,36065.2,2.333804509,24.572479,-39.39068827,-10.91660474,25.30962181,55.07971954,18.74855995,11
element_3528,156.6312505,0.458630652,25.20620459,1215.489423,16991.4,2.37636716,26.74605284,-38.42035274,-12.1525866,19.34653473,62.92409134,9.788160324,11
element_3529,528.2616729,0.956100065,23.79322795,726.9230151,54759.6,2.146692226,24.27848481,-40.48957421,-12.33390522,32.61157608,48.14169693,18.30056572,11
element_3530,136.8392295,0.433308418,25.02868506,1290.592647,3669.1,2.646526544,26.7152355,-39.09511675,-12.94417689,40.033535,36.49477386,12.14590549,10
element_3531,561.4520351,1.280603624,23.91387411,1027.266926,7042.2,1.699602515,25.06771618,-39.83208947,-13.18448439,42.05413437,42.04308701,15.65609264,11
element_3532,213.9191477,0.832593289,24.40727068,1498.363151,7427,2.000854447,29.23124897,-39.33096476,-13.67185854,46.50776672,35.01848984,16.32266998,10
element_3533,592.1481014,1.47792632,23.59282278,846.3049679,55394,1.87682729,24.45687033,-41.07021891,-14.20487383,38.57223892,43.73965073,17.18281555,11
element_3534,568.0669858,1.124716373,23.49418934,861.6391604,41325.6,1.860175014,24.37929992,-40.72155088,-15.32471288,41.17243195,37.24135208,20.6925602,11
element_3535,684.5597659,1.622395432,23.46916644,998.3900257,70981.5,1.651201507,24.78303267,-41.97631915,-16.77505681,40.04931259,42.99758148,15.35025787,11
element_3536,254.3606139,0.776250058,24.11764184,1036.372081,66863.6,2.62858561,26.50489401,-40.35560674,-17.67304621,42.22113037,41.73297882,14.05853748,11
element_3537,566.3168863,1.588881033,22.65155205,1215.007112,82937.2,1.743526157,26.82529602,-42.23908717,-19.44472085,40.19109344,46.33099747,12.24714088,10
element_3538,435.7381864,1.786830004,23.05792505,1173.814171,21133.6,2.077696598,26.44372377,-41.01887587,-20.54556402,42.33456802,42.27809143,11.50635624,10
element_3539,610.2935043,1.803098434,20.97274868,1465.056735,57234.2,1.893062398,28.64360581,-43.49801382,-22.0504075,41.05081558,43.02483368,12.61712551,10
element_3540,236.1626487,2.404021971,21.12041958,1514.439029,22525.3,2.666731776,25.4464588,-42.97790896,-22.65446701,39.21831894,39.234375,14.09490395,10
element_3541,361.1891382,1.884717151,18.88774349,1607.77708,94497.1,2.169410275,31.52997782,-49.26424843,-27.03490787,41.61931229,32.79011917,21.13956833,10
element_3542,371.5088591,0.910790221,19.0998944,1611.705677,71807.9,2.152468254,33.67520565,-52.47428485,-29.42353836,41.86497116,29.54402542,25.65665817,10
element_3543,182.4020004,0.690586637,19.0861589,1464.881451,24361.6,2.34887861,32.38040967,-52.61597073,-30.94304822,29.33850098,38.22866821,26.6738224,10
element_3544,93.00070947,0.415910902,17.8723817,1313.918751,56212.3,3.184680309,30.34741111,-53.77939557,-32.82212962,31.69688988,30.31121063,31.83501816,10
element_3545,69.22205256,0.308631784,17.78581497,1243.670652,39407.1,3.141842538,26.46683918,-55.90593348,-34.10459788,32.13595581,28.67107201,32.01525116,10
element_3546,131.598561,0.270040882,18.19757784,1298.353989,71073.9,3.212503574,27.17390006,-55.95039552,-32.56369936,34.51303482,31.07729721,31.1601696,10
element_3547,19.53450012,0.224631203,18.25774203,1094.427053,495.6,2.740643882,11.369298,-58.19542204,-33.11811334,34.20978928,22.88199234,34.41009903,11
element_3548,94.10829058,0.248994808,19.03369825,1318.661019,266131.6,3.308513039,28.06355382,-57.50100334,-31.4857427,35.73808289,28.10959435,33.06420898,10
element_3549,38.50935745,0.069926812,19.7,1394.323077,205056.7,0,49.28936396,-57.64963742,-30.18152517,32,42,21,10
element_3550,151.3106889,0.324566762,19.41355964,1435.957843,14641.1,3.102256478,30.6907389,-56.60227685,-30.46520839,35.23619843,31.92526054,30.49821091,10
element_3551,69.4832989,0.155981657,20.59296867,1441.766865,192578,4.004866313,29.0016205,-57.02324396,-29.57403057,30.35943985,30.52610588,37.21129227,10
element_3552,70.57930758,0.098346905,20.67366673,1354.82854,12473.7,4.383601586,25.38993659,-57.60789937,-29.34081117,29.56992722,29.56218147,38.76135254,10
element_3553,412.6468533,0.74245995,19.94165112,1702.85549,138725.3,2.330663451,34.87740696,-53.89045014,-27.77592407,49.53965378,21.95742989,27.10660172,10
element_3554,174.1775683,0.433459517,19.49635017,1534.990797,47203.5,2.808716739,31.47462708,-55.12376234,-29.98331436,32.12161255,37.37420654,28.02939034,10
element_3555,959.0682074,1.075243423,17.08596572,1622.727818,14884,1.812251668,33.74353196,-50.43779444,-27.5151485,55.91409302,17.2453537,25.87598419,10
element_3556,1032.423673,1.084580764,16.72891693,1616.983692,13379.1,1.662630793,33.41908416,-50.47223369,-28.22148452,57.1919632,16.73418808,25.49469948,10
element_3557,26.53787227,0.098062599,18.25129162,1080.567486,12638.9,4.683523322,22.26937867,-58.71272738,-32.94546765,34.04302216,18.30810738,43.1906395,11
element_3558,2.952947824,0.019728215,17.72100277,1023.761372,2594298.3,5.454302471,22.45883382,-58.87308893,-33.91075185,21.13975716,31.60590363,43.53645706,7
element_3559,52.12541754,0.095102618,17.16078479,1001.813514,21657.1,4.047214742,21.56394911,-60.25385335,-33.97983643,25.95035172,22.54947281,50.35333633,5
element_3560,3.062933509,0.008573469,17.64371099,1053.406834,2571434.3,6.855764398,22.15168236,-59.44573359,-33.46974097,19.88707924,41.73897171,35.97111511,7
element_3561,3.980811051,0.010626695,17.91047003,1013.713654,2547838.8,6.202978654,23.0467991,-59.69555058,-33.22837631,17.81150818,50.81745911,29.38690567,7
element_3562,55.62316295,0.108715381,18.68309212,1095.049447,21794.5,4.261648888,22.5019183,-59.10887023,-31.87372399,37.63676834,13.52719116,46.93828964,11
element_3563,52.74990919,0.073279005,17.58424798,950.4327102,2538072.5,4.468174158,21.64851496,-60.89208034,-33.22298788,26.66198158,20.68649101,51.55132675,7
element_3564,43.19555364,0.157246823,18.17025791,989.2472701,9334.7,4.189008506,23.09310069,-60.00055704,-32.52951087,29.9111557,23.45188141,45.0030899,5
element_3565,37.44639207,0.19400549,18.66007194,1012.230929,2478025.5,3.770440141,22.10179828,-60.60552735,-32.07588299,31.56175613,13.44084835,52.9787941,7
element_3566,214.871303,0.222683521,17.69634374,815.2262787,76390.7,4.312340695,25.8839835,-62.80399782,-32.69987681,19.98007774,27.85608864,50.71382523,5
element_3567,54.84279071,0.113219828,19.56368794,1071.853031,2249533,4.401340146,22.75438527,-59.25782203,-30.62635406,33.87010193,14.95633602,49.68250656,7
element_3568,12.94110532,0.020871935,19.24465796,1008.627607,225844.4,4.945214227,27.70429928,-60.57523388,-31.65492539,28,12.3083334,57.02916718,11
element_3569,30.66910304,0.043027471,19.93288255,967.0904089,15259.7,5.139614073,22.04605052,-60.17864016,-30.43039307,29.33395576,12.66491222,56.63272858,11
element_3570,64.35568963,0.057120082,19.62560497,911.410507,210368.1,4.708198481,22.9432963,-61.11963444,-30.60070694,27.78450584,13.67948437,57.52217484,11
element_3571,48.49108303,0.032624724,20.90808692,999.7589073,2197461.3,5.509240023,23.17328202,-59.8654702,-28.83982248,27.83538628,16.35402107,54.70362854,7
element_3572,61.59187486,0.051228943,21.00632721,1266.095964,26872.9,5.323987405,25.67965656,-57.94022914,-28.67543184,26.53485489,35.20067215,36.43323898,10
element_3573,113.4430943,0.045027415,21.67890916,748.568293,70446.3,5.526185655,25.36941903,-61.68140762,-27.70927343,15.68437767,38.88644409,44.1596489,11
element_3574,80.69408156,0.019080091,20.56945468,810.5650639,113308.2,5.934060336,24.5685551,-62.00193735,-29.28849501,15.8103447,34.06754303,48.81300354,11
element_3575,88.46382067,0.024306324,21.83354715,848.6734414,17440.7,5.919386463,25.59493809,-60.47892726,-27.45218836,18.3633709,35.29866409,45.49837875,11
element_3576,73.76187276,0.03215378,21.87432196,1039.496358,2168611.5,5.560507555,24.62760164,-59.37086777,-27.51857184,21.82595634,34.14268112,42.79380417,7
element_3577,52.87483897,0.239760399,22.102137,1366.214103,2110624.8,2.030861139,22.95114733,-58.8176543,-27.45659482,26.625,8.75,64.2857132,7
element_3578,122.268224,0.02661594,22.41777665,837.1004054,21121.4,5.722388217,26.34779665,-60.77254782,-26.191597,19.69108772,36.84898376,42.46994019,11
element_3579,54.08778594,0.094288053,22.1021371,1364.880662,2088927.6,3.637396803,22.69850968,-58.69978617,-27.39635489,26.39999962,9.668749809,62.27272797,7
element_3580,168.4615936,0.034137761,22.56208415,809.046339,21657,5.632622912,27.50872454,-61.58839073,-25.55186913,19.69641304,36.59057999,42.4195137,11
element_3581,61.44709405,0.024563274,22.2959853,1278.210992,1136980.4,5.608317773,23.85663795,-58.80739141,-26.82240995,28.49727631,21.95043564,47.09260178,10
element_3582,212.0155835,0.505592812,21.77672548,1552.145114,951736.7,2.912477837,30.94543074,-55.62002154,-26.68217768,41.27100372,24.49050522,32.51547241,10
element_3583,177.5597345,0.031949795,22.04170936,580.5416524,21223.6,5.645578182,28.15122204,-63.11872029,-27.01221256,16.59929657,40.60536957,41.06204987,11
element_3584,136.0016096,0.027297143,21.24730643,560.3762026,76368.3,5.569697218,23.81269537,-63.46280855,-27.99750745,9.081216812,45.45638275,43.0750351,11
element_3585,992.8035426,2.154517105,21.97658656,724.8477717,107168.8,3.820543286,26.11929066,-63.67608182,-23.85693608,24.00894928,35.9641037,38.39862442,8
element_3586,159.8197211,0.175920781,23.30332194,1004.394758,1024647.6,4.874278626,24.73936369,-59.60054599,-24.96828627,30.02575302,30.6247673,38.12048721,11
element_3587,1971.105987,3.610239661,16.84003104,484.899317,56623.2,2.695986335,26.02329819,-65.35359279,-25.73272072,16.18566704,47.66363907,33.09632874,8
element_3588,337.783473,0.513386785,20.97588984,631.9989629,16672.5,3.725798493,28.71667221,-64.34030601,-26.88558044,10.57291698,45.18538284,41.55491257,11
element_3589,2311.987851,2.876287265,20.43650916,631.3969977,114707.3,2.906391626,24.16308263,-64.03439259,-21.50107126,25.58626366,39.06984711,33.83327484,8
element_3590,155.7645494,0.222684681,24.12706629,963.520532,789174.2,4.561487526,23.68003295,-58.45106935,-22.74194229,32.10980225,32.70345688,34.20734787,11
element_3591,312.3945295,0.487628071,21.82242115,1606.74574,834183.6,2.519497097,32.17257157,-54.7469834,-24.80224413,47.14048767,29.871912,21.90920258,10
element_3592,792.8370829,0.873587694,18.53322279,1708.937938,67537.3,1.88756709,34.92160643,-51.65877363,-25.87714542,50.15844727,25.06136131,23.77732277,10
element_3593,515.1941987,0.756743362,20.75838808,1539.622412,26049.4,2.021210886,32.79118914,-53.03000753,-24.44317588,48.12402344,32.68461227,18.22274208,10
element_3594,369.9932377,0.548671481,22.93002544,1501.959259,779237.4,2.260542098,22.20809201,-54.7536248,-23.3075429,26.54287529,62.26996231,10.16394329,10
element_3595,322.3088059,0.463498562,23.31836192,1412.212679,719068.4,2.707819823,22.46230695,-54.02700813,-22.95815587,20.27013969,70.07187653,8.727083206,10
element_3596,563.3300586,0.984910914,20.51811654,1503.307095,36699.6,1.886640806,30.79056224,-52.0229672,-24.05209962,47.16968536,32.9512291,18.80983162,10
element_3597,297.3382404,0.417453353,23.60486481,1279.602756,679113.7,3.014885398,22.88029735,-53.31352557,-22.67500196,18.36966705,73.40733337,7.15500021,10
element_3598,392.6388231,0.46026017,23.7054773,1419.637806,37870.7,2.584933566,22.97012838,-54.59843464,-22.01176917,40.80221176,44.51676178,14.00504398,10
element_3599,338.4579916,0.544341856,23.81549454,1164.316636,574726.6,2.654534859,21.44821843,-52.52707907,-22.11625772,19.14787102,73.58989716,6.640398502,11
element_3600,426.5914451,0.676952016,22.58000662,1238.792306,101738.7,1.933948294,22.67928233,-51.72120959,-22.73623638,38.81000137,47.22928619,13.22051048,10
element_3601,239.748934,0.443633498,25.40793238,1088.335992,446841.3,3.843969102,25.689926,-57.04090524,-19.28139279,30.0365696,47.40430832,21.99177933,11
element_3602,293.0828716,0.148496655,24.90152398,613.2680512,78297.3,4.528677198,27.5169292,-61.35738677,-20.48986196,27.02220345,40.37373352,31.39598465,11
element_3603,442.1116107,0.573830062,24.50935276,1311.133853,33608.6,2.183709091,21.24792378,-53.72826989,-20.90384663,20.60616302,72.13405609,6.444318295,10
element_3604,391.7010461,0.552176918,24.09029457,1146.601053,530297.3,2.43488317,21.22707938,-51.40090936,-21.77008638,15.14360237,79.688591,5.142533302,11
element_3605,402.6543112,0.490361332,24.16225903,1138.094511,492045.9,2.486617075,21.88495681,-50.76656074,-21.53452407,14.91445065,80.38507843,5.084732056,11
element_3606,449.1533004,0.604542617,24.71525911,1329.655033,22470.9,2.112293372,20.94963666,-53.04409276,-20.10841122,16.27886009,77.29529572,5.408000469,10
element_3607,398.0990586,0.504763516,22.40319741,1225.798192,52688.7,2.361847145,24.74367757,-50.70404974,-22.87794596,66.1102066,12.05325413,21.38165665,10
element_3608,790.9204115,0.863227925,19.84230668,1430.657389,24892.9,1.842703648,30.98580905,-50.57164638,-24.35609838,43.23944092,36.84960556,18.83656883,10
element_3609,505.3241159,0.608887836,24.6299033,1379.267176,25220,2.109229619,23.63057495,-52.50605906,-19.52310551,20.43096161,72.49634552,6.093070507,10
element_3610,339.9725737,0.49861813,25.10552397,1166.522727,452183.8,2.246092547,24.71419275,-51.60187537,-20.65446053,13.37656212,81.61093903,4.079687595,11
element_3611,412.1044268,0.452694572,24.936306,1199.038937,379371.3,2.570632617,23.61791383,-50.99267252,-20.30518413,19.73916817,73.6570282,6.143141747,11
element_3612,588.7412691,0.687307538,21.89230635,1332.758768,72168,2.256182544,26.49484527,-48.44023498,-22.25751285,36.72793579,51.54032898,11.18243599,10
element_3613,619.8032158,0.917940796,20.50885205,1321.586655,9645.5,1.747039079,26.07680598,-50.18085529,-23.65906781,36.98342896,45.14559174,16.71122932,10
element_3614,482.3429964,0.528214933,22.3799149,1173.14885,41311.8,2.428486177,23.33233599,-50.17206319,-22.74326965,56.21415329,24.36167336,18.61075401,10
element_3615,609.53988,0.683160185,24.65999951,1452.046118,223581.5,2.159334678,25.03324918,-51.49447902,-18.58346134,39.99816513,47.76221085,11.54206371,10
element_3616,431.695147,0.448993214,25.02613209,1172.772246,143484,2.533772253,23.65722574,-50.33524961,-19.95879793,25.10303116,66.2869339,7.9435606,11
element_3617,622.9699373,0.566806177,22.08018533,1248.690013,9033.7,2.199747253,22.15890975,-49.2695656,-22.76231387,32.01515198,56.6791954,10.25976086,10
element_3618,514.3314519,0.979541563,21.69532326,1282.330734,28613.3,1.759446335,23.38979907,-49.86734074,-23.10981495,54.32561874,22.30246925,22.21450615,10
element_3619,698.0508216,0.667748781,20.40463942,1316.090289,19215.8,2.02323924,24.35031903,-48.64297343,-23.69213182,32.86558914,55.95240021,10.55399418,10
element_3620,726.3224763,1.014425878,20.07796288,1303.824239,8511.4,1.704450895,24.58116361,-49.52965425,-23.93206684,35.86787415,48.23666,15.07949543,10
element_3621,520.1466265,0.547589415,24.68983068,1319.50543,125244.4,2.249316507,25.88679383,-49.13816159,-19.93810067,28.98295021,61.19769669,9.018202782,10
element_3622,511.7777199,0.431663011,24.48112874,1234.883746,9913.9,2.661615864,24.28298942,-49.21604159,-20.6774552,21.01460648,72.23698425,7.366653442,10
element_3623,310.977453,0.611651859,25.58073944,1477.140761,109240.8,3.42517514,25.91834,-55.3950455,-16.48413047,28.62365913,54.58150864,16.47818947,10
element_3624,224.4687407,0.521089692,26.3445995,1329.721591,125982.6,3.510936136,25.98325998,-58.1405681,-16.28967248,28.29361916,52.18236923,18.85234642,10
element_3625,431.248623,0.40065925,25.44451557,1417.018519,148832.6,2.03629426,25.26838308,-50.10546656,-18.55767903,50.46354294,31.97395897,15.890625,10
element_3626,656.8187376,0.559248721,24.09916751,1428.215037,14430.4,2.322831841,24.29552382,-49.04557254,-19.16987321,22.82164001,69.61959839,6.668533802,10
element_3627,691.7014937,0.832492002,24.52247698,1506.893263,113799.5,1.917251821,25.06664062,-49.2763199,-17.67603727,44.61137009,39.20460129,15.42122746,10
element_3628,645.8558269,0.638181744,25.03091289,1563.225669,34881.1,2.290487483,24.09694011,-50.2964919,-17.38296973,53.40925598,28.93504143,17.03527641,10
element_3629,692.4458098,0.622936014,23.73222361,1494.787701,77355.9,2.42223008,27.27396958,-48.1989671,-19.75741153,51.62408066,31.10876274,16.42218208,10
element_3630,735.3729309,0.971379893,21.7184994,1426.734402,35673.2,2.064166778,28.50232209,-47.40083493,-21.56108497,47.06938934,39.83102036,12.65608406,10
element_3631,816.9173495,1.302014657,22.06960429,1518.780233,68118.9,1.85999628,29.20589587,-47.19354948,-20.36888669,53.93954468,31.14426231,14.36000443,10
element_3632,762.5818164,0.895305785,22.47225703,1474.466501,6671.1,1.912238331,29.5510564,-47.55802824,-20.66925276,56.96454239,25.42367744,17.15637016,10
element_3633,870.9844371,0.867233969,23.40638987,1479.833124,34071.4,1.718154675,25.29560816,-48.37723761,-16.8200928,33.86740875,50.93202209,14.61080933,10
element_3634,666.8787756,1.104137443,24.00683814,1414.995062,60012.3,2.392488418,22.89206073,-48.79126859,-18.44260388,30.54861069,58.88425827,9.238426208,10
element_3635,958.0178896,0.908235215,22.62434876,1520.56142,22096.7,1.879546718,25.94707686,-47.29159106,-19.34020721,46.75865555,41.64572906,10.87384605,10
element_3636,855.1157618,0.801979886,23.24216476,1421.421763,37235.9,1.906171465,25.29358015,-47.43155175,-17.99010213,39.6920929,47.76046371,11.91542435,10
element_3637,997.346532,0.953239192,20.10779889,1540.471079,26432.6,1.837860625,28.84830756,-44.77482535,-21.21411677,41.84560394,46.54296112,10.95494556,10
element_3638,1000.782478,1.640474065,19.65727659,1581.320859,25200.1,1.80691062,28.70231565,-45.67810863,-21.85398646,41.8171463,46.67019653,10.98103619,10
element_3639,19.44744746,0.05885854,16.96384679,1058.98799,19412.8,4.560883545,21.90728007,-58.47040244,-34.84710555,30.48996925,22.25623322,40.98063278,5
element_3640,1.902643323,0.017455065,15.5,913.7512821,1.8,0,0,-57.36124335,-35.73742742,32,41,20.5,5
element_3641,92.70848025,0.070145122,15.85620733,951.6461177,86110,5.08970867,27.12998457,-59.99346282,-36.13588215,26.60212708,36.12906265,34.40791702,5
element_3642,3.186104955,0.010867562,15.7945216,905.0930885,1780.4,6.360940113,22.72531998,-57.37511985,-36.17416416,41.5622406,16.44553947,30.97548294,5
element_3643,58.00484966,0.077629032,15.04823873,908.9770309,17421.2,5.21524805,28.68932857,-58.19489204,-36.94123386,29.29732895,33.72031403,34.24528503,5
element_3644,44.19254123,0.150123747,14.83391825,890.5008756,17652.6,4.618390654,26.51338424,-57.72916157,-37.56300165,28.27048874,34.28890991,30.98739052,5
element_3645,170.0722739,0.178560796,14.16962122,822.2236927,10322.1,4.329222954,30.26275779,-59.37739533,-37.86923871,28.36784363,38.1128006,30.97485352,5
element_3646,89.09371055,0.120011889,14.26753494,809.110176,11733.6,4.288241442,28.89710366,-59.87252587,-38.41879696,24.31878662,42.06612778,28.66332245,5
element_3647,202.7139775,0.159320697,14.48067988,804.5103861,9897,4.625402863,30.34222002,-60.88829016,-38.02109222,25.49382782,40.76677704,30.75449181,5
element_3648,115.91482,0.368852077,15.20813106,529.6568617,43879.3,2.932004795,22.56140622,-62.87431615,-38.58977215,20.33719254,50.83305359,25.05803871,5
element_3649,105.2433028,0.165705661,15.45796162,357.5301137,294183,3.600224089,21.74306278,-64.17395749,-39.44672211,15.76109314,56.76992798,24.28316498,5
element_3650,1121.871095,2.146383847,14.26818153,335.7740214,41850.9,2.321691808,25.08420768,-68.61282652,-37.34732459,13.71509171,61.86884689,22.68557549,8
element_3651,360.2825088,0.23908713,15.8769272,358.5247061,251775.8,3.901632484,25.41661242,-66.31352904,-37.18330633,12.98262215,63.08847427,22.59068298,5
element_3652,849.2303755,0.948342636,14.53266562,326.453976,189763.5,3.769856249,30.508814,-67.70005156,-33.84429546,14.41649437,60.67736816,23.48228836,5
element_3653,1356.56026,1.932096494,12.86754579,348.5766664,31857.6,3.151887579,27.99059192,-68.53796817,-35.12020014,14.50269604,61.41388702,22.80032349,6
element_3654,2354.923881,4.723521041,11.45679342,236.8827821,55089.2,2.635248179,25.09590574,-69.244862,-31.88954175,16.54328918,55.57782745,26.59494781,6
element_3655,783.8777066,1.503441547,18.31520394,312.6590965,67995.1,3.779194409,28.88001792,-67.6249189,-31.64988387,16.89981651,55.74724197,25.62156296,8
element_3656,3022.111513,4.001096892,9.870800752,133.8098106,37026,2.034255047,25.2392467,-69.10289712,-29.71995909,15.58933735,58.24836349,25.83143234,4
element_3657,2194.847707,3.781493094,13.22464001,155.251018,27497.9,2.155615934,26.79683595,-68.29727947,-29.24511155,15.97262669,57.16337585,26.6966114,6
element_3658,28.42398155,0.09431376,14.68698925,349.5684839,9572.6,4.098970119,21.29915722,-62.84709988,-40.3739017,12.11878586,58.70204926,21.23218346,5
element_3659,180.8669873,0.293658303,14.82958067,289.5303597,112937.9,3.341078465,22.99782414,-65.5656956,-39.72153196,14.53219986,58.03263855,24.70596123,5
element_3660,580.4847245,0.816473836,12.20493033,163.2579586,59804.7,2.155250043,25.31258301,-68.78524157,-39.37215504,15.18214035,56.56589508,25.79716492,5
element_3661,1231.399064,2.651774071,12.23572694,348.9825692,38327.7,1.703749732,25.24145973,-70.102317,-37.99485796,13.94993496,60.73742294,23.14112091,6
element_3662,878.4783892,1.369096951,11.12433805,210.4655282,4280.6,2.239620071,24.77607628,-69.92447024,-39.31763603,15.94666386,66.03218842,16.82887459,5
element_3663,850.2691967,1.226549477,10.48415438,235.9080771,45328.1,1.69522285,22.19716737,-69.76064334,-40.01737813,13.81074905,64.80138397,18.93299294,5
element_3664,827.4291837,2.197638057,9.411464227,400.1259615,26865.8,1.82443142,22.35435134,-70.3869352,-40.53767224,11.11111069,64.66864777,19.66191483,5
element_3665,1068.39202,1.796010842,8.689288103,359.8749457,4531.2,1.464238782,22.82596625,-70.22327638,-40.98927193,10.765625,68.93887329,16.7031498,6
element_3666,1144.488338,3.294777246,7.486349204,874.1852098,10010.2,1.523248789,30.70477891,-71.19477023,-40.91623829,13.7946701,62.57207108,22.4825573,6
element_3667,1235.807002,3.289337893,8.503984146,843.2472885,16192,1.45382658,29.4954291,-71.02237394,-39.71830651,16.72543335,53.91423798,27.84279633,6
element_3668,234.0365777,0.37659601,14.07473601,229.5768527,45420.8,2.905092859,22.13884178,-65.3517017,-42.03754401,12.46812057,62.86883163,16.8621788,5
element_3669,184.0346048,0.436295598,13.25675439,184.2206821,95222,3.132749203,24.86221599,-65.86262928,-43.57326627,13.63715267,66.72360992,12.27569199,5
element_3670,749.5636818,1.71071001,9.748029171,247.9363745,41050.1,1.845077509,24.47746706,-69.65504274,-43.03139592,19.98465347,61.63259888,15.95995903,5
element_3671,374.8664531,0.742330124,12.164153,174.8804227,48232.8,1.949271524,22.53313343,-67.25754627,-44.87860606,22.22644234,57.93893433,14.47182274,5
element_3672,542.6632005,0.61538869,9.344309464,162.5678463,8444.2,2.616818524,22.83365685,-69.41704281,-46.12166376,17.26337051,64.99725342,13.91135597,5
element_3673,420.9424736,1.059313844,9.600750654,161.8087426,33802.7,2.858415299,25.03516532,-69.10808167,-45.53353767,18.57758331,61.06290436,16.41983414,5
element_3674,740.0687071,0.94401208,7.719248001,274.9747179,8731.2,2.583934206,29.69680416,-70.89316355,-45.7552035,14.69837475,65.52462769,16.40376854,5
element_3675,621.6971332,0.744130381,8.148002502,240.0747821,17385.4,2.941190619,23.98826689,-70.23166508,-45.33163213,15.11024857,61.9435463,20.0771656,5
element_3676,874.3657325,1.375044779,7.102685525,489.5479241,8478.5,2.818462446,33.88928352,-70.94566979,-44.79480253,13.67962933,56.05828476,28.53091812,6
element_3677,885.5380117,1.375397264,7.783634259,310.7152991,5020.2,2.550960974,29.48521806,-70.62899338,-44.12561461,15.24217224,60.39445114,22.50346756,6
element_3678,235.6408412,0.690991538,11.75231948,177.5181402,29898.9,2.683055804,22.45405028,-66.84405038,-45.67595365,20.32654381,59.92533493,13.33988762,5
element_3679,478.801454,1.020140999,9.155126449,184.2690148,30054.3,2.275141007,22.76246844,-69.11779546,-47.0118964,17.85682297,66.49099731,11.27191639,5
element_3680,35.98123383,0.409741669,10.55983186,200.4509663,1078.2,1.776458068,10.2793073,-66.29651185,-48.18190847,18.37121964,59.7902565,7.626006126,5
element_3681,162.1385936,0.303828764,10.10984704,209.0933959,1996.3,3.250824642,23.51275926,-67.72237219,-48.75043926,19.8035717,65.94827271,10.21767426,5
element_3682,199.1658715,0.669231454,9.581559719,198.0026099,3265.4,2.54848781,20.32249084,-68.12450845,-49.13885563,19.71614265,66.75531006,9.687088013,5
element_3683,75.18429596,1.012179979,9.684868861,202.9194245,2145.7,1.927122688,22.69342458,-68.24638667,-49.4535167,18.13871384,65.26998138,12.53823757,5
element_3684,66.62756571,0.194535629,9.656934127,197.5207587,3151.6,3.437826109,21.68566709,-68.08956477,-49.77689169,18.32640076,59.14036942,12.48933601,5
element_3685,154.1377491,0.825859086,9.39950652,173.5301295,1956.1,2.253074793,22.20835704,-69.09703009,-49.45505814,22.96403694,59.4352684,15.5089817,5
element_3686,13.48816193,0.069926812,9.61068393,177.6,32,0,14.45120341,-68.55178404,-49.86525952,13.41666698,33.66666794,16.29166603,5
element_3687,573.5080328,1.363163566,7.413121908,195.3774106,31903.4,2.258127699,22.85024906,-70.90513303,-49.06718429,20.70527077,59.63658142,17.53826714,5
element_3688,56.83626558,0.658486593,9.61068393,177.3076923,44.1,0.638564331,11.54162073,-68.64886802,-49.92707402,21.6875,48.03125,26.3125,5
element_3689,623.7627203,3.068768262,6.964079612,367.1425318,28902.3,1.849917396,23.53253517,-71.74798991,-49.98278461,20.71606445,53.86073685,20.75597191,5
element_3690,258.3578575,0.505795353,7.374497842,273.2859815,53134.7,2.615562323,22.77006819,-70.4699023,-51.42276956,22.6836071,46.55894089,23.69141769,5
element_3691,379.6181361,3.754831974,6.254254916,1584.177029,92301.8,1.336505803,23.30737947,-73.58670463,-50.90255728,15.59023857,48.63296127,20.91630173,5
element_3692,960.750836,5.468844005,4.77630562,779.8414378,14020.2,1.478553303,22.7058584,-72.59511989,-48.61124477,15.01778793,54.80281067,22.92483711,6
element_3693,765.8644619,6.206115932,5.615099516,1179.581077,2987,1.657429033,19.37361278,-73.03700889,-47.98519305,14.81370163,50.95642853,20.38877106,6
element_3694,893.6685471,5.438116294,5.65215013,702.1004833,29292.3,1.521565621,24.90213514,-72.30209956,-46.92627033,16.30168724,56.58018112,18.06742096,6
element_3695,386.6368427,4.12677962,7.716150308,2010.588875,39207.8,1.285271009,25.23825558,-74.03075481,-46.11573572,12.43614006,43.97639084,19.54108047,10
element_3696,848.7656111,4.970092081,6.191244235,1078.17491,12294.2,1.412875292,33.26481898,-72.1331111,-45.51091754,13.81199932,51.765625,32.30646515,6
element_3697,657.1529579,5.475092076,7.212259439,1439.777829,13028,1.485156832,38.08335201,-72.5940807,-44.66291233,12.52843571,49.05574036,29.96970749,5
element_3698,899.1050965,5.030231376,6.909394643,1229.540678,13162.2,1.374746114,42.38187325,-71.87697472,-43.93561936,12.6015625,55.53403854,30.20278168,6
element_3699,636.2905372,4.779260848,8.644243839,1539.522301,49783.1,1.521727688,32.62714368,-72.54007818,-42.33520295,17.07374573,43.2384758,27.58926582,5
element_3700,428.1300553,2.510006473,10.5527456,1538.832485,60207.6,2.040475914,36.92019106,-72.6775147,-39.4531702,26.21227837,36.06430054,32.12432098,10
element_3701,799.4779461,2.833625734,11.21989487,1288.521173,24252.2,2.112793903,36.55474379,-71.95763332,-37.73809655,25.77459717,39.43342972,33.43136215,5
element_3702,490.0110755,1.969464741,12.92070012,974.3649822,15445.1,2.291926445,35.60759724,-72.13362148,-36.57889176,30.00723648,37.51826096,27.7646656,5
element_3703,873.9667456,3.182974633,11.87510688,789.9963729,21105.1,2.53052055,31.93969136,-71.43955931,-35.86369473,28.6145153,40.87425232,26.87182236,5
element_3704,720.1904765,3.238586063,12.49738018,639.5276888,11562.6,1.78565537,25.38294491,-71.44820245,-34.96052822,29.89558601,39.96166229,26.31460762,5
element_3705,1148.317454,5.026423799,11.2703599,560.6878227,13785.4,2.068232217,24.05276988,-70.91107857,-34.41481043,27.45994759,43.10422134,27.43655777,6
element_3706,175.8587721,1.276400453,14.22525995,378.7017816,1067.7,1.291285527,20.35821108,-71.53786476,-33.88681039,28.14555931,38.51315689,26.15295982,5
element_3707,1662.06268,5.979068354,10.38681336,421.385919,15100,2.074577273,22.75055722,-70.58743588,-33.57517602,27.29003716,43.49291992,26.86803055,6
element_3708,1306.424033,5.417319928,10.37361693,264.0461919,26557.6,1.60529246,20.45291351,-70.98933746,-32.25386601,24.97879028,45.35912704,25.62094879,6
element_3709,1681.933905,5.664925508,10.88263653,143.7637012,11698,1.643531201,21.06594913,-70.8698272,-30.76835861,27.13050842,44.23898315,26.09484863,6
element_3710,1651.947224,5.340036957,10.34321783,85.14884153,20821.6,1.545892596,20.85794769,-70.82595628,-29.67186973,20.50343895,49.79846954,24.09976196,6
element_3711,2739.616136,7.153762989,9.494124877,63.62469507,9790,1.699947303,21.89194532,-70.32151406,-28.9716178,18.11445618,57.4705162,23.51737404,6
element_3712,950.3023485,2.776913078,14.17959707,23.88766623,10693.6,1.828654773,22.64316658,-70.60989051,-28.06496527,16.74262238,56.47898102,22.47084808,6
element_3713,2729.397723,5.327214252,11.11590694,36.77359539,18467.3,1.607099785,22.6407278,-69.77571285,-27.59066747,15.72959328,61.36774063,21.0676651,6
element_3714,1787.719575,2.664284163,12.50312602,14.42624829,77887.8,1.62348164,23.61900092,-69.82748319,-24.82530386,16.26397514,56.2383194,23.28887367,6
element_3715,2378.97262,2.500617262,10.55460622,26.97964287,36060.2,2.010696707,28.86343201,-69.0857524,-21.8859305,18.82197762,52.58023071,26.9980011,6
element_3716,2113.12192,3.250782683,11.09648279,91.26021632,40638.6,1.95504377,27.24931184,-69.63405114,-19.59560767,18.93951607,50.18130875,26.65568352,6
element_3717,2490.984447,4.234123787,11.29270911,242.8718023,36532.9,1.62361571,25.83802826,-70.74585315,-17.15332129,15.57739067,53.2594223,25.63138962,6
element_3718,3290.60377,3.40261879,10.39905463,227.0585236,13581.6,1.634704083,27.8742154,-71.59406625,-16.21476126,16.58922386,54.35957718,26.15425873,4
element_3719,483.4276884,4.326547766,20.11538501,13.26153846,448.9,0.684363534,22.94790641,-72.55485192,-16.62188569,12.33437538,51.28749847,18.54320908,2
element_3720,3601.896912,5.371694829,8.103274223,400.7090124,17093.8,1.527362756,25.66446373,-72.02124037,-15.65239146,18.65343285,51.51239395,27.14776802,4
element_3721,1656.553653,2.762954421,15.48073573,72.60188934,2479,1.716267531,32.85398577,-72.85422298,-16.22937241,13.81358719,52.74673843,21.83368301,6
element_3722,3752.008166,6.258827444,10.02904092,372.552859,16063.1,1.547601843,24.69158757,-73.08397471,-15.2422703,16.35020256,51.23748398,27.91748428,4
element_3723,1827.387275,5.165285094,19.20940908,1249.107072,177191.9,2.179511907,24.84547726,-77.23376002,-10.61214324,24.17588043,43.44603348,28.46319771,8
element_3724,1157.302862,4.342524736,21.59021872,649.4173755,17761.9,1.889255353,25.23292764,-80.00389643,-4.497800607,23.77172089,48.40721512,24.22638321,8
element_3725,583.0728304,2.86397096,22.40823584,553.7571178,11236.5,1.69557038,24.52572102,-80.49420165,-4.06804545,24.00423431,45.77408218,24.24959183,2
element_3726,1244.383409,4.710930033,20.52003205,882.2198987,16478.7,2.757275922,27.86914043,-79.56289652,-3.051887147,25.86707497,35.65921402,28.85853004,8
element_3727,702.2808182,2.540071366,21.80805148,1334.382158,32684.5,3.205426908,38.010107,-79.54535873,-1.398511685,25.96610832,33.0330925,39.19769669,10
element_3728,143.3016805,1.144402467,24.91167763,1020.056171,21050.5,1.911039467,25.03551273,-80.28859092,-1.217970412,30.03247261,26.06274414,31.36410904,11
element_3729,1487.664618,3.424034447,19.65902138,1682.765992,21626.5,2.02954277,44.01973353,-78.99152193,0.013439615,21.27711868,39.43537903,37.70221329,10
element_3730,1002.957436,3.215451482,22.66068058,2531.036201,22671.2,2.142449669,43.89480671,-78.55843586,0.99816558,21.88085365,40.88418198,31.65105247,3
element_3731,1459.465323,4.427905638,20.28579526,2670.529377,22420.9,2.149098914,47.69036695,-77.54266829,1.663273471,21.9778347,46.32615662,29.19423294,3
element_3732,574.1429596,3.288419352,23.26610282,3396.88887,22325,2.474199899,58.38205279,-77.37390932,2.874441641,25.69407272,40.43678284,27.31637192,3
element_3733,675.8082292,3.687693934,23.9018051,4594.047203,15397.6,2.277811522,63.43581872,-76.59466679,4.637141233,28.45766068,38.46524048,28.14859962,3
element_3734,194.5723928,1.760349835,26.30904266,3738.16972,35190.6,2.058653137,50.74915616,-77.86304979,7.525134465,30.16445541,30.57034302,26.13744545,3
element_3735,88.45489057,1.475533156,26.23819405,1108.14967,11222.6,2.001399713,19.20882946,-62.31947312,11.68300173,29.60572433,25.68939972,23.22565269,11
element_3736,258.1065261,0.900404044,26.55534245,1357.793162,42.4,2.001399713,19.20882946,-32.66262116,-3.854439851,0.5,7.5,24.5,10
element_3737,65.47096687,1.033573086,6.387957279,497.4461319,13704.8,1.77261893,11.65125334,-59.4153608,-51.74258198,10.18852043,33.84989548,16.52890968,5
element_3738,235.7906869,2.410814794,5.655516783,992.0912558,74850.8,1.804350065,17.13712306,-69.34853286,-54.21664236,14.17656231,40.96966171,22.47552299,12
element_3739,266.1547099,8.985917596,14.82713687,862.7786775,150.3,1.804350065,2.889429438,-79.78767997,-33.08891576,7.533333302,3.627777815,5.236842155,5
element_3740,-57.81715393,1,25.3,1844,3,1.804350065,2.889429438,-81.60804474,4.003507347,0,0,0,10
element_3741,233.5226022,3.36664764,23.14482655,333.4792323,8476.5,0.974648047,13.64003242,-90.89093753,-0.544511898,13.70325089,22.48022842,16.64183426,2
element_3742,1316.82622,2.263645205,16.3213098,354.2990517,155117.6,3.046823953,28.78164432,-66.34997673,-29.51314631,15.1333065,54.82823181,28.28770447,8
element_3743,4067.521699,1.770649784,11.0666041,667.2228048,146228.6,2.624727911,25.92644108,-68.77268008,-17.23687281,21.50123215,46.2590065,29.87353516,4
element_3744,397.938152,0.754572549,19.84453734,610.8979914,129875.5,4.043441099,27.77273835,-63.95108146,-29.42716516,15.48834991,42.67623901,39.87950897,11
element_3745,3986.826845,1.931802348,6.727438866,104.227757,61465.2,2.673660395,25.51915477,-67.51260368,-20.85480692,19.87059212,52.80955505,25.38558006,4
element_3746,576.5395072,1.069985127,11.03534645,189.1620383,25505.9,2.558264731,25.07066425,-67.613236,-42.85236312,20.28844833,62.89715576,14.29038143,5
element_3747,108.7336996,0.026985312,16.47886156,839.8787951,47611.4,5.419664472,24.22690132,-62.71320228,-35.75343416,17.13225174,49.50099945,31.25263214,5
element_3748,3841.081882,2.098603193,8.300355275,204.7861891,21476.2,2.40048105,27.57716142,-66.04793827,-23.18237528,13.45604038,61.76743317,21.64630699,4
element_3749,1066.088168,0.968022648,13.74851503,300.575299,35292.5,2.935157461,27.63540027,-68.37370386,-36.54892321,13.55471992,64.41152954,20.66074753,8
element_3750,3194.167388,2.833186409,8.902215444,32.90686774,27715.5,2.505048129,26.829171,-68.45884108,-23.73973093,15.45397091,58.95481491,23.71574974,4
element_3751,511.6095144,0.559304437,12.99124632,207.6404901,21950,2.471378997,26.34283178,-67.64481562,-39.86314679,15.24762154,54.75775528,27.64354324,5
element_3752,1125.223502,1.060673283,9.002578955,227.9691385,19034.3,1.964758021,22.6288615,-69.15678948,-41.32575299,13.79852104,65.84405518,17.85604286,6
element_3753,469.0488195,0.324602603,17.0591373,627.1840568,33013.1,3.890691799,31.02993103,-64.88953534,-33.81990656,11.68700218,52.89437866,34.18061829,5
element_3754,724.9430437,0.965492206,18.92188175,337.5356348,23242.7,2.782768409,30.04980054,-66.93501004,-31.53317644,15.97417068,59.1823082,23.83001709,2
element_3755,679.1122681,1.388376327,13.9690943,166.5376454,9365.7,1.838141283,28.37427831,-69.10218227,-37.99186911,17.80869293,49.54871368,29.05865097,5
element_3756,687.0525341,0.662074732,12.12073642,211.9392849,26545.5,2.222938512,23.54379582,-67.24923219,-40.83316319,15.52178288,58.67387772,23.44022942,5
element_3757,4262.980507,3.616584235,7.041397009,69.77682264,87433.4,1.852699453,23.48955003,-67.60947787,-24.8407461,14.74360752,59.26403809,23.35153008,4
element_3758,111.9821151,0.037943557,17.10422863,903.8029751,18125.8,4.947660539,22.67700732,-62.38555842,-34.32962771,18.98238564,46.54751968,33.04315567,5
element_3759,249.260141,0.172708811,16.56340059,629.1181861,24029,3.407364956,22.75233285,-64.80570157,-35.99193932,12.84293175,47.42276382,39.01677704,5
element_3760,1134.657801,1.313987462,8.542404908,217.616658,15709.5,2.111162313,23.34955598,-69.17811322,-42.26565999,19.58655357,62.78068542,15.46413803,6
element_3761,126.3209034,0.484314276,15.26428457,272.4681298,7800.9,2.132889828,22.84766262,-65.6030423,-40.19174878,12.66159725,56.44741058,27.81993484,5
element_3762,659.9249284,1.321615375,10.50311619,173.563349,34229.6,2.018983687,22.70021486,-69.04340275,-44.36797672,23.44662094,56.41174698,17.56734848,5
element_3763,451.2800497,0.73374019,8.737425792,184.7494905,56959.8,2.239969787,21.35742591,-68.94496316,-48.06843698,19.56066704,65.47756958,11.74809933,5
element_3764,187.2358505,0.215245016,15.43530726,631.8304177,27544.1,3.530210113,25.4518705,-63.10332428,-37.41242968,20.16787529,49.61832809,28.31318474,5
element_3765,76.81215369,0.030519149,16.63084744,990.1300521,7489.5,5.215474109,23.59826676,-61.16549221,-35.1213062,19.34431267,54.44186401,24.34055901,5
element_3766,1155.694651,0.750562553,9.330011637,194.5480075,4501.3,2.407892995,24.26142202,-67.91830502,-41.74596775,17.73037148,61.9269104,17.97756767,6
element_3767,665.8020441,2.5418326,23.93409548,1076.857524,3024.2,2.417597977,25.61645822,-67.69380402,10.18978442,30.17464066,29.33133888,35.65283585,11
element_3768,364.7719392,0.141556719,17.04080591,567.1886581,23585.6,4.045480192,27.2076089,-65.45463289,-34.82253975,10.42416477,61.64862061,27.16960144,5
element_3769,355.1639004,0.391667089,14.07357517,235.3478355,3799.6,2.875748417,24.3912676,-65.8682721,-40.96885971,14.35124207,59.75341797,23.01625061,5
element_3770,4488.543771,4.036895272,3.762291022,77.06883765,4094.7,1.751897217,23.38852386,-68.99059245,-27.16046258,14.41123199,61.67904663,22.25415039,4
element_3771,214.114187,0.296494114,16.0973109,569.8800018,12058.3,2.663175133,22.31716101,-64.39123347,-36.87520035,12.77689552,49.66137695,36.91402054,5
element_3772,862.6370545,1.127663636,10.94761059,193.1826729,3491.6,1.901226922,23.15318304,-67.0606309,-41.83153056,15.3769846,67.35062408,14.38581181,5
element_3773,293.3877507,0.39617986,12.92794492,183.6361843,3307,2.21985478,20.62263555,-67.0683117,-43.52455753,20.84761047,61.48805237,14.45463181,5
element_3774,360.3093764,2.325233705,25.86754046,2392.930877,71428.4,2.061933159,38.91201144,-83.44667052,9.580424173,33.49024582,29.70219231,24.41321564,3
element_3775,823.9207708,3.291768295,24.74967961,1246.616615,8088.1,1.888719531,26.85865319,-87.02786493,13.82239856,19.45137024,51.60068512,27.21637154,10
element_3776,375.7396699,2.499206099,25.9072515,1746.017443,10635.7,2.01604208,28.40243619,-87.83024097,13.57946539,21.53723145,46.35017776,24.99707985,10
element_3777,794.8203246,3.244452215,24.16998496,1705.462119,18283,1.593865395,33.37685675,-88.92177047,14.07360794,20.75930786,49.31460571,25.5358181,10
element_3778,580.3509068,2.823098408,24.08510868,2049.823748,44940.5,2.749010969,39.71836143,-91.9223558,14.91065717,27.30236435,41.84469986,26.04682922,10
element_3779,1252.655593,4.530861228,21.89147812,881.4955728,10224.5,1.520618782,26.53854407,-95.98857808,16.53546003,23.60526276,47.90789413,25.42671967,8
element_3780,680.9138468,4.150553459,25.38449439,1133.199698,10498.9,1.490343924,22.86464565,-96.46794367,16.00597819,18.05652809,48.62054062,21.24411201,10
element_3781,1660.128841,4.471729889,20.43450928,1102.50948,18345.8,1.557163648,27.58862135,-97.20562465,16.78898893,17.41067314,57.23568726,23.49850464,8
element_3782,680.6835882,3.681760689,24.6645968,1215.2103,34693.9,1.809053965,29.70436567,-99.58029304,17.13880702,18.55882263,51.87009811,24.70405769,10
element_3783,584.2594158,3.247256423,26.81755506,893.1078808,111463.9,1.235639853,23.58319461,-101.9430034,18.33011784,27.14797783,46.39706039,22.83959389,11
element_3784,1116.598357,3.349891629,22.14943079,911.90537,18349.5,1.788822755,24.98162481,-102.4163818,19.21909001,28.74870872,43.65229416,26.07283783,8
element_3785,963.4634521,3.602182585,25.09770589,996.4453962,90005.2,1.626141696,24.03111951,-101.2342526,18.68663385,20.48545265,53.54123306,24.52877426,8
element_3786,1242.62174,4.461435587,24.21506662,1139.784036,63200,1.574380154,23.82191093,-100.0111998,18.05431993,14.79630756,58.0684433,26.22975731,8
element_3787,1543.048947,3.800404681,21.77306943,1065.864272,13436.7,1.479195281,23.92085654,-100.4750312,19.16410002,18.76231003,53.28009415,26.71019173,8
element_3788,1545.075659,3.257785702,22.33935478,988.9690062,34306.8,1.616701891,28.27088754,-98.63355826,18.05191539,20.30185699,51.03385544,27.2080555,8
element_3789,1655.266248,3.192001198,21.83767089,1067.925981,9584.3,1.642926452,27.07753542,-99.26336289,18.70563403,17.67222977,52.00804901,28.64045334,8
element_3790,1820.242966,2.674672068,20.21901111,758.5061993,11147,1.484632861,28.01045723,-97.88310514,17.82400336,16.8040123,57.11959839,25.16228485,8
element_3791,2108.949022,1.932779634,18.39809066,709.8423856,10143.7,1.820483476,26.00652545,-98.10546863,18.94023888,29.7902565,41.25878906,26.99400902,8
element_3792,1006.140101,3.617782281,22.70007168,958.2304281,61109.5,1.702463972,24.48581736,-104.1039563,19.81498182,27.22582054,42.59599304,25.07865715,8
element_3793,525.1094791,2.82416986,24.45232616,1250.399578,122677.3,2.1781463,28.79200569,-104.9301168,21.70103214,30.65331459,41.08252716,25.13077164,10
element_3794,1097.150785,5.437319985,22.19554476,977.710487,102529.7,1.508820536,23.41251633,-104.4073069,21.41027938,25.82512665,47.40909195,25.23326492,8
element_3795,1790.149793,4.439693619,19.03081283,754.3367689,17752.7,1.392469647,24.29989485,-104.1926328,22.50546449,24.92268944,47.47909546,26.05807304,8
element_3796,1964.793811,2.82222903,18.32534457,655.1115464,15009.9,1.576786992,24.80008883,-103.4551334,22.18930707,27.82030106,44.10764313,26.25458908,8
element_3797,1796.692969,3.279777361,19.1604605,709.1610358,83490.4,1.500779867,24.32403938,-103.1979186,21.52310319,27.61643982,44.27743912,26.20400429,8
element_3798,2042.480155,1.201112052,18.28040759,586.9387799,22988.8,1.834488948,25.1969896,-102.2184121,21.65428368,28.17984772,43.94690704,25.65786362,8
element_3799,1857.764041,1.758102731,19.07212595,785.0531492,48775.5,2.265623853,24.07682499,-102.144141,20.42335101,36.06192017,34.53696823,26.35746956,8
element_3800,2067.493445,1.467416611,18.49273936,581.3293947,12135,2.254932642,25.01208903,-100.7365779,20.9432307,36.62142944,33.40840912,27.3738327,8
element_3801,2328.926112,2.298047926,17.75551551,872.9286175,17081.7,1.987233227,24.97172587,-100.5519382,19.82696216,30.76422501,39.22843933,28.0111618,8
element_3802,3.301445438,0.052407779,25.39423131,1177.064103,21.8,0,0,-105.4720579,21.70797712,29.79166603,14.75,13.13043499,11
element_3803,1904.40537,2.656005348,18.37193827,768.6093165,26856.5,2.19772208,25.41933085,-104.5385959,23.53698663,26.54134369,44.95471954,26.63974571,8
element_3804,922.4508908,3.290546623,22.17277595,989.8519243,35992.4,2.174993102,24.18826307,-105.875765,23.49007383,25.86218262,42.51435852,25.23548126,8
element_3805,1542.461284,4.547888516,20.77572079,898.6339066,10068.4,1.76093209,24.32971147,-106.2663041,24.69436033,25.10528755,46.0483551,27.12259102,8
element_3806,42.40348374,0.287339986,26.61300405,566.1633037,1883.4,3.533256761,22.75562088,-107.4048256,24.55588211,27.66728783,39.00124359,23.71193886,11
element_3807,1354.529775,4.010246674,20.44750179,873.7782088,16459.2,1.738889698,24.18735697,-106.8707718,25.30711288,25.81534004,45.47167969,26.90976143,8
element_3808,105.2632292,0.703653473,25.78292998,620.8883484,7714.6,3.270399969,23.84551969,-107.92658,25.23166326,31.09365273,35.98169708,23.32867622,11
element_3809,964.7320007,3.616163527,22.11532676,845.2989213,12914.7,2.090451309,24.64732293,-107.739651,26.01782502,27.98912621,43.16727448,26.87611961,8
element_3810,24.29032464,0.156350513,25.17112306,377.281133,4255.9,4.244140299,21.20997679,-108.8307255,25.69450108,28.4847641,36.80255127,21.20301056,2
element_3811,1514.830008,3.515551764,19.83247693,725.6998834,34844.5,1.773881986,24.19280667,-107.8283673,26.90969869,25.25656128,44.63176727,27.61529922,8
element_3812,503.4801389,1.876548413,23.83437846,590.460522,25272.6,2.957969512,24.54057544,-109.2262516,27.34686644,25.22146225,43.86342239,25.72019577,11
element_3813,1290.491022,2.484701723,18.30971801,479.7242614,77326.4,1.752759425,24.88781325,-109.1071129,29.58510543,20.88938904,49.30950546,27.35770035,8
element_3814,227.8528323,0.885292513,25.15356969,328.5725627,15251.2,2.867885499,26.49782156,-110.8048275,28.44585308,21.65249062,48.90467453,22.33406639,2
element_3815,763.2764958,1.515353264,22.23621677,413.6797823,25299.6,2.166455472,26.05737631,-110.5820539,29.76952053,15.71068954,55.33969879,26.21226501,2
element_3816,-9.146574922,0.56418854,25.30897468,131.5747253,52.4,0.45332852,4.585846513,-111.9099687,28.82699379,21.35416603,44.66666794,16.54166603,2
element_3817,349.6597025,0.745241931,23.519386,231.9497925,8236.7,2.543426023,29.2969896,-111.6509387,29.43612476,19.50725365,51.45509338,24.6308651,2
element_3818,306.8608228,1.103128546,23.44408505,173.4059039,8216.3,1.929536044,24.50116462,-112.3534002,29.92955764,16.95904922,48.36950684,25.41021919,2
element_3819,732.5913392,1.232465861,21.39522195,324.712409,25987.4,2.275325461,26.70710441,-111.6290456,30.75491878,14.63584042,52.39866638,29.43429184,2
element_3820,217.1536941,0.581586216,24.04370655,148.8239476,5081.1,2.669872613,28.82388641,-112.8258189,31.15486979,15.49303055,46.22099686,29.83588219,2
element_3821,590.6242951,0.825556793,22.6211184,214.384027,12551.8,2.466256562,28.05202089,-112.4324699,31.79948775,16.72833824,55.31939316,25.821455,2
element_3822,130.9523969,0.44119001,23.72446872,87.78470214,14242.3,3.187637944,26.02116402,-114.0463387,31.95537691,15.31561565,49.53993607,29.56978226,2
element_3823,56.89551892,0.265794819,23.38088891,61.68256915,620437.5,4.48798344,24.00567644,-114.9110949,32.4235824,16.99657822,52.79761887,28.15758896,2
element_3824,521.6956747,1.090908781,21.41827221,195.6956417,148871.9,2.466688292,27.39509012,-113.0435322,33.24369004,17.46712494,55.35609055,25.55582809,2
element_3825,337.187854,1.004966262,22.40326387,108.1680745,466505.3,2.226501785,26.66811711,-114.322571,33.62941385,16.82678413,56.37269974,25.06500816,2
element_3826,790.8035486,2.163572458,19.40235964,153.9040546,437324.9,1.656220763,26.31814496,-114.6787204,35.38719671,14.32132149,58.76465225,24.51943779,2
element_3827,1122.142462,1.967059396,16.77938967,290.4078888,13947.8,1.366832176,24.05325331,-113.371678,34.65852082,22.35177994,46.77206039,29.11532593,8
element_3828,1564.602502,2.168371625,13.93583872,361.3594817,35504.8,1.600853786,23.86007451,-111.3857143,34.29774819,21.36679077,49.09525681,27.72640991,6
element_3829,390.8964942,1.755319832,22.84059847,185.7237179,76060.8,2.530794768,22.01127104,-112.1669238,33.30121986,22.5178566,44.6205368,30.5133934,2
element_3830,651.4490203,1.101647669,21.35173289,289.7857466,54622.6,2.780271087,29.14164226,-111.3724136,33.03567039,20.55897141,50.34485245,27.50250053,2
element_3831,934.0174846,1.432129486,20.17682565,330.9596849,21139.8,2.312516733,27.16820572,-111.3431148,32.13534938,18.98283005,52.92655563,26.24523163,8
element_3832,1338.11872,2.253320245,16.1713576,398.4359665,34624.7,1.816225297,26.3286675,-109.791515,32.849054,23.53227997,45.53826523,29.21168518,8
element_3833,1351.35604,1.912674045,17.32115648,428.454789,11517.2,1.655926566,26.43305891,-110.3271541,32.03419137,19.41807747,52.13375092,26.78619766,8
element_3834,1337.340896,3.483073942,15.09732518,258.0488813,381789.4,1.462768368,22.25239329,-113.6072178,36.1080516,19.46743965,50.78548431,27.17656517,8
element_3835,1452.022375,2.361575929,11.40200304,260.180894,35826,1.674310571,23.87711445,-114.2299919,37.33349295,18.09037018,48.78879929,31.0568409,6
element_3836,1890.691954,1.973646591,12.7022405,397.8761914,10383.5,1.396366491,24.58621795,-108.5207107,33.07211783,24.59254837,45.96154022,27.77503967,6
element_3837,2070.916688,2.745077881,10.36468484,437.5299369,7321.4,1.389977822,23.92425821,-108.9184879,33.55511582,24.04567337,45.98978424,28.18589783,6
element_3838,1440.883072,5.142412807,12.95641087,267.9666667,362302.6,1.741220937,20.38306261,-112.6795736,36.34017405,17.86428642,54.27857208,24.55714226,6
element_3839,1853.174035,0.906243105,11.3447597,353.913446,7715.5,2.161071867,23.75646052,-112.3974907,35.75864494,22.56689072,44.33045959,30.98111343,6
element_3840,1729.195619,6.397021945,11.08823791,325.3074466,355926.4,0.939502411,23.09441943,-112.2074024,36.22226781,20.91567421,48.04662704,28.41170502,6
element_3841,1793.796486,1.628302078,10.66671122,350.8533713,6100.3,1.478906629,25.48998178,-112.5095785,36.83770382,17.93761063,55.36904907,24.65101433,6
element_3842,1918.447942,0.953165632,11.33151005,309.1083025,69703.6,1.910082856,23.88482016,-110.0566311,35.24208453,19.38271713,53.25599289,25.43422508,6
element_3843,1714.287153,2.218765338,11.09105274,240.1762561,285991.7,1.390231555,22.7465118,-111.6083455,36.96707462,17.34000397,54.68693542,25.02241707,6
element_3844,1989.818287,1.643362754,9.316142791,342.2876112,64725.4,1.733416804,23.10277326,-108.6380277,36.80643562,18.60796738,52.02588272,27.26418304,6
element_3845,1888.874337,2.344848814,9.71848483,229.7422387,207533.3,1.494870802,23.74397439,-110.9461579,38.06004927,17.50777054,51.1305809,28.4855442,6
element_3846,2449.076359,3.331874033,5.336747292,420.7892666,67936.5,1.556445031,22.54880371,-107.8257319,38.88719478,20.00811386,47.36443329,30.67971802,6
element_3847,1916.194927,2.107094171,8.613873298,261.9966717,115603.3,1.701290299,24.01116784,-110.3595928,39.28341975,17.42250633,49.63332748,30.5632515,6
element_3848,2097.36074,2.01665717,6.413983638,363.1000483,12927.3,1.480836595,21.91733647,-108.5438741,39.95494818,20.43775558,46.01237869,31.75392723,6
element_3849,1426.057373,0.122784561,8.6,184,79190.1,0,109.1982343,-109.6868689,40.07345525,16,49,24.5,6
element_3850,2385.570928,2.748174329,5.315717942,334.7388989,9912.7,1.607195618,23.27216198,-110.4809049,40.34821266,17.7490654,50.79140091,29.68603134,6
element_3851,1990.600826,2.312489452,6.903953222,270.4788889,69276.2,1.510246845,23.00595572,-109.4280516,40.46986723,18.8565712,49.10390091,30.14556694,6
element_3852,2255.08992,2.356647807,4.913163521,287.312032,43729.9,1.738226058,22.8993618,-109.2558637,40.95420888,16.35848808,54.82611084,27.01406097,6
element_3853,2225.070949,1.845062608,5.240501813,357.2393656,21303.2,1.68830233,21.86517347,-107.6402341,40.76396249,19.00323296,52.38222122,27.03248978,6
element_3854,2269.227316,1.265371097,4.256635825,266.4878216,25898.2,2.143960287,23.2143655,-109.6121583,42.21573591,17.11497879,51.92510605,28.77331734,6
element_3855,2209.110237,1.087037004,4.008109704,253.7892911,9540.1,1.940711633,23.46432924,-110.320543,41.46434319,17.73269272,51.41575241,28.95732689,6
element_3856,287.399696,1.751605439,22.14765402,255.0388133,86509.4,2.197454662,23.13842726,-112.4757304,26.72248488,16.85143852,49.30343628,23.90087318,2
element_3857,286.1100253,1.021169439,21.38022002,110.5329037,4511.2,3.240330976,28.56834947,-113.3421632,27.76353835,17.69086647,55.85837555,26.53387451,2
element_3858,551.0427758,1.78731068,20.02997912,125.450248,41059,1.915017408,23.91405032,-115.1662015,30.10019939,13.78695679,52.98235321,23.21193123,2
element_3859,865.6640685,2.108197111,16.54992148,277.9647472,4432.8,1.414495349,23.09583383,-116.4899725,32.47460046,13.43659782,59.98578644,22.06733704,8
element_3860,500.7305587,2.164453198,16.69865078,349.9911036,9201.7,1.519192478,22.99009016,-117.0723823,33.21674407,16.70624161,50.90267181,24.6079464,5
element_3861,805.725075,2.931067756,16.09953416,408.4812712,6501.2,2.014191944,24.55199404,-117.2671061,33.94363819,15.35879993,56.97330475,25.34609795,8
element_3862,559.890896,2.911465763,15.28308343,377.5214972,15522.5,1.991058391,21.64522575,-118.9281013,34.36669086,16.74702263,46.46600723,25.22434616,5
element_3863,790.4337706,2.870586172,14.39176655,424.8645125,4726.6,1.972886765,22.68326641,-119.9115335,34.91834611,19.38310242,48.241436,29.70879555,5
element_3864,361.3987411,3.141857678,14.44000863,488.2939807,3685.3,1.17459159,19.24985546,-121.2060374,35.80419785,22.99935913,35.72264862,33.16463852,5
element_3865,451.3484165,1.987129512,14.86570728,416.0401034,11095.2,1.720929735,23.3944174,-120.8751828,35.94268419,24.03992653,38.25902939,32.7698822,5
element_3866,319.4321887,2.079969834,14.84641092,475.976326,11373.5,1.932147926,21.92363411,-121.7812349,37.25014833,22.42616844,36.80708694,34.36850357,5
element_3867,77.42551234,1.544454672,15.80438049,408.3589744,124352.6,2.148190479,20.90895346,-121.8913952,38.01723829,19.625,48.3125,27,5
element_3868,186.2324651,1.145461331,15.46072459,605.488808,70864.1,3.613713544,25.02667383,-122.0020553,38.50254194,21.5446434,37.35373306,36.83863449,5
element_3869,840.5674598,2.177912546,13.25565091,487.7730244,53384.8,3.324213914,25.84431229,-120.22014,37.43959176,22.15083122,41.29333115,33.93134689,5
element_3870,1094.324172,2.619827649,12.45533782,940.0527512,5980.6,2.444054882,28.30715828,-120.7215674,38.89441968,19.4380188,44.93369293,33.60491562,8
element_3871,395.6609686,1.911175392,15.18423746,679.8787827,61045.4,2.99453894,26.45315635,-122.2530098,38.92141157,20.79039383,40.1459198,37.18052673,5
element_3872,7.890568733,0.03274545,16.52777823,431.1491026,40416.6,4.538376292,29.9288018,-121.683289,38.79082933,19.36249924,30.15625,48.83124924,5
element_3873,1208.308568,2.712532191,11.67781001,900.1063008,16176.7,2.210437284,26.83987241,-121.0035552,39.68711816,18.54836273,47.41903305,31.73038483,6
element_3874,1033.863991,2.23735827,10.78514515,743.9837225,36771.5,2.3833017,26.43506718,-121.6838328,40.71229494,20.18403053,45.64092636,31.97877693,6
element_3875,108.2320563,0.633969001,15.87098709,507.0805772,3951.5,3.49435372,26.40173309,-122.1779433,39.25686705,23.25151825,37.92358398,36.94433212,5
element_3876,258.1389863,2.038032424,13.32278115,978.5925474,13957.8,1.652289356,28.19588807,-123.1063149,38.86737321,20.61667442,40.278965,32.54350281,5
element_3877,757.2860292,3.741167948,11.22022646,1337.953917,9366.1,1.351917869,30.56169036,-123.4434827,39.95657841,19.80684662,44.91513824,30.70670319,5
element_3878,537.4437182,3.471432216,10.52930431,1385.857195,3013.8,1.38012873,28.5642298,-123.8603121,40.81592707,19.78293037,44.43306351,30.64126396,5
element_3879,1314.397998,3.048709178,9.410542268,909.0448389,40894.6,1.941195886,25.84610619,-122.2851926,41.80079208,18.99238586,47.97618866,30.89562035,6
element_3880,613.6763294,3.41927071,10.81267513,1752.313814,2149.2,1.689811427,35.60179921,-123.9315014,41.81500707,22.98643875,36.86497498,33.31780624,10
element_3881,559.8405799,2.708330778,10.15554086,1563.331586,45033.5,1.467732082,32.87038318,-123.4526582,43.46097217,22.3169899,35.99262619,37.34039688,10
element_3882,589.6761503,3.165913223,8.944159544,1839.385153,651407.2,1.627907907,35.30937047,-122.3785381,46.23720509,18.95841217,42.24509811,36.58871078,10
element_3883,734.186501,3.084532683,8.622035907,1369.591674,610224.8,1.449619931,31.94940525,-121.54331,45.75804951,20.09557152,40.69675064,37.07539368,5
element_3884,554.3651155,2.489675795,9.503163546,1614.861076,28949.1,2.217396083,34.40472236,-122.6914806,44.58135122,22.51615906,36.07427597,39.60817719,10
element_3885,866.7045212,2.045233251,8.558913524,372.879668,571393.9,1.650688761,22.26608897,-119.3634599,45.30461239,20.94315529,37.0003624,40.30500031,6
element_3886,1221.364281,1.74616386,7.619802328,614.4844185,27728.4,1.816464484,25.60470827,-120.9803938,44.2662864,18.15777206,45.52120972,34.55921555,6
element_3887,798.8717078,2.66649936,7.758031063,581.8649093,269625.1,2.02090411,23.64089189,-119.9509703,47.2648633,16.90392876,42.72535324,38.29413605,6
element_3888,1104.189415,2.68255232,7.383182721,533.1270057,260938.7,1.805020304,23.60476725,-116.6662318,46.30602637,17.6518383,40.49475479,39.80347824,6
element_3889,2015.810756,4.517129286,5.419713136,453.3642962,36186.1,1.489634224,22.00788859,-114.8449029,44.92945788,17.04171371,46.92864609,33.96945953,6
element_3890,1373.215613,3.311585971,6.243116972,486.1128048,173890,1.628089369,21.94893214,-116.7985214,44.65953982,18.72216988,43.8054657,35.43907547,6
element_3891,1192.089897,3.827154171,4.513259674,585.2945282,21385.8,1.431051999,20.43591998,-119.8648246,49.34132859,13.04079723,49.62660217,34.32957458,6
element_3892,810.0295965,2.292312267,7.601561265,349.9960297,197763.5,1.65426253,20.40173475,-118.9960209,48.11070557,13.66372013,47.74000549,36.6152153,6
element_3893,1131.56038,3.618406065,5.548753317,624.8951647,173021.2,1.384583739,20.39058735,-118.4088012,48.98241877,10.31590939,54.15227127,32.98781204,6
element_3894,970.8682924,2.377183297,7.507507508,643.7857013,17353.6,1.692910985,23.60093416,-116.7189427,47.57511487,13.45217419,45.06747818,38.77093887,6
element_3895,712.4690861,0.544599091,10.14922179,265.5821047,134272.7,2.293658496,23.46517444,-116.9788889,43.91349269,16.19345284,30.29166603,51.81845093,5
element_3896,1283.993259,2.083909609,7.906825078,286.6157332,12166.1,1.533243835,21.53966625,-118.0143891,43.89073357,24.97071457,35.39928436,37.91904831,6
element_3897,1520.271898,2.810069251,7.45653655,392.7965286,10328.6,2.099764039,22.12172574,-115.7403059,43.66357828,14.89860058,50.03300095,32.96237183,6
element_3898,666.4199219,0.034920769,10.4,249.8615385,123574.4,0,60.65481512,-117.0286415,43.81442414,18,44,22,5
element_3899,1106.085799,1.816249525,9.071129212,280.2599332,96156.9,1.702330727,23.62901561,-116.6034321,43.2004044,18.45650864,44.23732758,35.48761368,6
element_3900,1558.551298,1.231619205,8.331122349,277.7746018,28402.9,1.836956478,22.15397376,-117.0208723,42.46396123,21.0969162,43.7312088,33.27216339,6
element_3901,1490.546042,3.637533289,5.927841871,581.7936007,67055.6,1.6285977,23.47814912,-114.4473246,47.52165599,16.58794785,43.86487198,36.99663162,6
element_3902,1110.685012,5.106523786,5.074872041,787.6776843,87735,1.066849418,24.49067493,-117.6674982,49.17975063,7.385714054,62.40476227,28.36070061,6
element_3903,1539.237639,5.424569385,3.353538721,803.6682268,50040.6,1.510934903,22.95794013,-116.0549563,49.58702433,12.37876511,50.60536575,32.71967316,6
element_3904,1642.5349,7.29905912,1.835942402,940.7565499,36708.1,1.34499978,26.30886515,-117.6659007,51.22882032,11.08219242,55.61830139,27.27098465,6
element_3905,1618.794354,1.431175697,7.812670561,287.2155805,8808.7,1.733177876,24.18626273,-115.6525054,42.26399861,20.4386673,43.41436768,34.34369659,6
element_3906,1764.003186,1.826259164,5.645060759,366.6128582,81290.8,2.202166972,23.48159684,-112.8968638,43.06361573,17.16425323,42.60575104,37.88794708,6
element_3907,511.104206,3.364141097,8.306126485,1724.484488,52968.8,1.725586577,32.81768376,-122.6189043,47.71346024,14.84699154,44.48126984,33.10345459,10
element_3908,1065.650054,6.815800938,5.141878801,1199.461556,230830.7,1.534483589,31.06467192,-122.2215267,49.75942641,9.40413475,58.01008987,25.91992569,6
element_3909,1474.020573,5.110984516,2.496458964,665.471115,155705.6,1.558310075,21.60254767,-122.3493055,50.99665152,14.01579666,51.54239655,30.60791779,6
element_3910,1246.704246,4.541106824,3.386470764,790.5386097,55417.4,1.364985088,22.64695318,-120.0411312,51.17489165,11.56457138,54.65975571,30.13307953,6
element_3911,1115.423559,2.77742111,3.268768745,679.9319094,119981.8,1.55289736,22.75226219,-121.7753775,52.55832114,14.07540226,50.06999207,32.50466156,6
element_3912,1389.229441,2.282368072,1.962768756,504.3300511,19707.8,1.708289129,21.53667464,-123.7722476,51.84549017,16.25357437,45.73081589,34.24547577,6
element_3913,849.5164239,1.576059065,4.13501907,657.4001574,82129.8,1.731721771,24.09539877,-122.5796858,53.54553235,21.04131889,42.25104141,35.15590286,12
element_3914,1156.859105,1.301383549,2.148708281,447.6508013,12276.2,1.614994413,21.73095206,-123.9594697,52.95614346,17.25315094,42.63010406,36.6734581,6
element_3915,1277.732234,4.278238376,2.399841288,737.3586632,32492.4,1.628395514,25.62436875,-121.1935352,53.72163861,15.49569511,49.22813797,31.72273445,6
element_3916,990.4512479,2.042681465,1.912743818,663.1487745,46942.5,1.478215274,21.53680607,-125.2665019,54.10869614,16.45706177,44.86288071,33.51559067,6
element_3917,995.7365446,7.768401385,5.510522207,1268.979578,19022.7,1.295267437,27.0529574,-123.9392747,50.15693294,7.874912739,59.1004715,19.1331749,6
element_3918,1623.959172,7.896781236,2.080287531,775.7729543,5747,1.507731473,22.06348343,-124.7912235,51.40403313,9.441220284,64.64415741,17.87112999,6
element_3919,707.5834588,6.210550727,6.488776513,1675.850209,5767.7,1.248236593,23.08800755,-125.4890249,50.67642086,6.358647823,57.81682205,19.83685493,5
element_3920,1502.187499,7.008386504,2.31570124,866.4555476,5839.7,1.484332943,22.61715315,-125.4769537,51.69957455,9.640174866,64.20910645,18.47483826,6
element_3921,792.854554,6.716872188,5.57073087,1858.414249,19689.5,1.276226242,28.60626078,-126.7740292,51.47316116,6.760895729,57.68320084,18.93509865,10
element_3922,1381.064337,7.053011885,2.453590847,955.0678648,5358.3,1.261028146,23.4501686,-125.9872067,52.29424096,10.25948524,61.93817902,22.50149345,6
element_3923,994.1261284,8.072073761,3.653942365,1755.5338,1072.6,1.521148677,26.62447233,-126.9587344,52.53009418,5.925694466,64.6763916,19.60320854,6
element_3924,1252.965351,2.781554753,2.251986104,810.8933837,7767.9,1.728177082,25.74153641,-125.8174257,52.71857655,12.7991457,54.5113945,28.18605232,6
element_3925,532.6702132,5.260701622,5.883194569,2550.514781,34231.5,1.227790108,32.14875086,-128.5885981,53.23010499,6.855884075,51.22251892,21.54136467,3
element_3926,1087.030009,4.525144486,1.351028431,901.4105509,51785.6,1.422152848,24.98442063,-127.4872067,55.23488766,15.49767494,46.9956131,32.62067032,6
element_3927,528.8726298,5.591367744,6.347942181,2202.824552,4770.4,1.322534448,26.61556643,-130.0141715,54.57089377,4.85512495,45.15308762,21.98714828,10
element_3928,1065.546041,5.183400242,1.856489316,1211.676137,19829.5,1.419738886,30.26187545,-129.1048011,56.16810958,12.43901539,50.83992386,29.97030449,6
element_3929,478.1480805,4.815670531,5.480053266,2563.296093,37005.7,1.25054985,27.84165177,-131.4842757,55.69411282,7.194436073,40.46910477,29.17944717,3
element_3930,1281.764376,4.746080653,-0.733741128,900.5803206,50659.2,1.411454317,24.23782526,-130.0895613,57.63692095,14.28073215,48.18083191,31.16429329,6
element_3931,756.7240175,5.100354127,2.118693625,1746.022544,76116.4,1.330509959,28.08928735,-134.310219,58.21699292,8.970492363,39.73667526,27.52790451,12
element_3932,73.72036623,0.097003637,-7.324897204,398.6075262,2721.6,4.206609031,22.17020484,-95.33740436,59.69395338,7.765776634,64.555336,19.42115402,1
element_3933,189.6899518,0.174507469,-7.098667206,416.5936442,7887.2,3.459010859,19.77801946,-96.55691269,59.54033408,10.01773834,64.88632202,20.7967186,1
element_3934,95.10727924,0.105503945,-6.722646664,430.1552802,2332.3,4.213354473,20.93823918,-95.53856786,59.19825258,10.33129406,64.41520691,20.60832596,1
element_3935,301.5381598,0.198614902,-5.801153862,447.0165573,50244.2,3.212956991,20.12607354,-98.95795439,58.71267081,12.87596321,59.83434296,23.35987854,1
element_3936,35.81737867,0.070042661,-6.313895446,433.5352764,566.7,4.554856795,22.85316811,-95.00585343,58.93915545,10.05096149,62.49423218,19.8363266,1
element_3937,209.7768445,0.144188249,-5.657403059,469.6718373,13992.4,3.744909551,20.88001118,-96.391901,58.35388108,14.03053761,55.4570694,27.23782158,1
element_3938,22.97497733,0.1095509,-6.172811264,443.7913418,676.1,3.82948894,17.66758464,-94.56202454,58.67187129,12.47704124,45.64455795,27.69557381,1
element_3939,275.3897303,0.198812428,-3.312330977,495.5666611,302499.9,3.218957209,20.50165268,-98.83094313,56.80402409,18.74900246,45.76987076,27.5988903,12
element_3940,395.5340281,0.403727988,-0.718039882,520.8029576,139662.2,2.211549574,19.05915937,-103.8572956,55.42994868,7.766666889,73.75708008,14.06145859,12
element_3941,410.3942322,0.214548284,-2.838395007,484.1954318,69050.7,3.192488629,20.67471724,-103.1955827,57.48539116,9.508048058,66.5657959,15.68243027,12
element_3942,472.3957885,0.268140513,-0.09123891,490.6273212,120464.3,2.96509408,21.04345472,-106.3006476,55.90293878,10.82665062,63.94227219,17.65138054,12
element_3943,473.1954398,0.222041578,0.375687951,499.0478981,15410.3,3.241247287,20.69939153,-105.4923756,54.69416795,13.80791378,54.69296265,21.68832397,12
element_3944,483.5634864,0.211957553,0.692612937,451.8709132,26924.1,3.214879531,21.05644871,-108.8049923,55.86472822,14.90610313,51.38370895,24.44946671,12
element_3945,469.5959463,0.203155733,1.072343482,467.6237532,50182.5,3.170072359,20.2751999,-107.4275557,54.88526695,14.71264172,48.36475372,22.74489784,12
element_3946,604.1232225,0.267746447,1.138039181,447.8824663,11191.6,3.03808098,21.30209585,-109.3411639,54.76746161,18.04826736,45.06774902,30.00715446,12
element_3947,589.3231913,0.277238117,1.491937782,447.7114523,33499.6,2.885439694,21.57416798,-109.5243597,54.24162696,20.50707817,43.36450958,31.76480484,12
element_3948,59.9716677,0.062073541,-5.450532815,447.0323761,17796.6,4.856341909,21.89912181,-93.56187981,57.75050143,15.69799137,37.05938339,40.05278397,1
element_3949,147.1328578,0.148845896,-3.798239803,489.3931029,1004347.4,3.61571561,21.79426541,-94.82819803,56.51543197,19.20279312,35.15245438,40.58251953,12
element_3950,181.5029443,0.131821929,-3.203846166,509.3666667,964830.6,3.711203734,18.29349789,-96.52976285,56.08742381,36.93055725,22.91666603,31.76190567,12
element_3951,265.2779295,0.170782945,-2.019646042,507.0607759,20268.2,3.254187807,21.13849245,-98.84651174,55.72511733,31.64373016,32.01971436,29.17814255,12
element_3952,203.634245,0.11019894,-1.862196678,511.5826681,948696.4,3.727479855,23.14892802,-97.34594746,55.19169482,32.36777115,25.57795143,33.58115005,12
element_3953,251.4711601,0.116083161,-1.448975634,500.904406,16086.8,3.664721069,21.18033351,-99.07900365,55.05847832,29.42106819,34.86103439,27.68243217,12
element_3954,235.6632864,0.054422167,-0.364191756,510.6418481,931842.7,4.378633832,19.86328445,-97.55277852,53.79581482,31.00064087,26.92139816,31.08948517,12
element_3955,234.7597438,0.064111607,-0.429658123,491.9040576,6891.5,4.366902382,20.0774239,-98.80178159,54.31302521,30.09762955,28.06346893,28.14835739,12
element_3956,216.5,0,-0.4,467,896732.3,0,59.96134721,-98.10191242,53.3369052,0,0,0,12
element_3957,279.2622019,0.068674567,0.548142968,551.837577,9207.2,4.283023933,21.9921604,-96.13496001,52.71289566,30.60035706,28.22433662,31.70502472,12
element_3958,361.3843702,0.183809258,0.315409283,489.1962762,335029.5,3.626438612,21.16810598,-102.6956417,53.85728417,19.58847237,44.75524902,26.80323029,12
element_3959,233.0698802,0.042010206,0.922401037,509.8433757,561701.8,4.592015883,19.1864294,-98.4631109,52.58502353,20.31406021,30.12427139,30.0784626,12
element_3960,358.1303754,0.213404517,1.730028662,498.3047981,86417,3.831507657,22.73232807,-100.28719,51.8059194,24.36211395,37.32723999,32.94710541,12
element_3961,299.7079277,0.106959565,1.180924353,618.6194457,464483.4,4.090429584,21.62076859,-95.55075189,51.7355233,18.71456528,48.23099518,23.17313766,12
element_3962,248.2555971,0.074892939,2.687193088,568.0626938,272014.9,4.542919395,21.49563051,-96.81309355,50.28048045,35.66891861,28.66963768,30.76413155,12
element_3963,385.657831,0.202720045,2.558587133,693.4254784,139661.4,3.272401926,22.80756055,-93.16919263,49.46409798,12.66763496,60.13628769,20.15280342,12
element_3964,332.6947816,0.149503823,3.167678176,546.5870315,148289.7,3.961103604,22.06987939,-98.5414081,49.7729646,29.61852455,36.05057526,30.70116425,12
element_3965,365.4450944,0.120894378,4.631832098,557.2007726,121495.8,4.303805037,22.51148898,-97.2806836,47.91853955,21.4741993,41.98581314,33.38667297,12
element_3966,560.0464143,0.257201616,2.305724777,411.8773953,121598.9,2.934895945,20.4550311,-106.9598216,52.62441557,23.04620743,43.24419785,31.54534721,12
element_3967,638.0150214,0.305963629,3.280822181,378.5838621,131442,2.821520529,19.88171088,-107.6555272,51.42380348,25.19580078,40.99233627,31.98295021,12
element_3968,559.6872532,0.176730327,3.894711858,440.1157668,60502.4,3.596712124,23.37740517,-101.910227,49.20372683,23.98646355,38.67506409,35.38302994,12
element_3969,565.102556,0.222032269,2.516760809,453.3209888,86822.2,3.323147801,22.86067808,-103.3049247,50.89145391,26.06171608,38.78878021,32.88780212,12
element_3970,645.6690489,0.247822117,2.742494858,375.8213443,10154.1,3.020721816,20.55478688,-108.2464851,52.02315495,27.6941452,36.6986351,33.74694824,12
element_3971,588.850112,0.70982501,2.213499205,419.0012036,97592.1,1.531992694,20.97486262,-107.9377433,52.51037013,22.16311836,40.9790535,34.18372345,12
element_3972,622.8314258,0.317304167,1.707507767,424.398419,68766.2,2.647790712,20.46860508,-108.978209,53.37215237,20.44631004,44.46726227,32.90493011,12
element_3973,712.9859023,0.293975914,2.851578994,420.4202393,29437.6,2.802755464,19.92262521,-111.4816597,52.76958753,22.66737938,40.82898712,34.43574142,12
element_3974,706.1417827,0.311449799,2.743206437,460.3910806,47596.7,2.785434871,20.30982906,-113.0609864,53.66322022,25.25549889,37.28587341,35.26185226,12
element_3975,656.6463364,0.234041496,2.486888689,410.546681,8091.5,3.176576539,20.30714111,-111.5506771,53.45573496,23.10897255,39.65162277,34.8466301,12
element_3976,944.741058,0.553041561,2.943728781,444.844135,50559.8,2.594590134,20.44920201,-112.9480502,51.61750265,22.98059273,39.10680771,35.54439926,12
element_3977,851.1496738,0.408653665,5.157145769,343.2152359,61815.7,2.547510966,21.51953511,-111.0541087,49.85675694,23.35265923,40.32932281,34.75876617,12
element_3978,1194.21277,1.199580638,4.605235522,478.3210903,28558.6,2.368495259,21.95701227,-113.3802264,49.76784747,24.48330498,37.22322845,36.05142593,6
element_3979,1352.508585,1.930119599,2.856293797,490.8082772,24883.9,2.409028836,20.41388791,-113.929152,50.82233308,22.80417633,38.27037048,35.88650131,6
element_3980,1580.042117,2.329444578,0.658921757,636.9862253,7047,1.857215097,21.55391035,-116.3914897,52.71807479,16.78066063,40.09669876,38.54676437,6
element_3981,1666.94212,3.229600884,0.571141186,681.6265048,13305.1,1.750108758,21.45442887,-115.9187354,52.20114306,17.22352982,41.60509872,35.54207611,6
element_3982,15.29531068,0.117262929,-4.513294,448.2664305,249,2.701476772,2.821232273,-92.5000485,56.97802185,11.98461533,28.68076897,27.953125,12
element_3983,79.82870315,0.074264386,-3.930669968,455.9651913,107549.7,4.518949192,22.72172116,-93.22028803,56.42137705,15.92298031,37.72471237,41.85809326,12
element_3984,189.6285627,0.103132244,-2.037465997,524.7910644,31299.8,3.794855438,22.47081493,-95.28353936,55.19967583,22.92630196,30.7839756,37.11383438,12
element_3985,118.8366414,0.116703325,-3.458889928,486.5967395,71379.4,3.902663997,20.91341187,-92.66445543,55.94170017,16.52054214,37.5933876,42.17556763,12
element_3986,140.0687827,0.108002109,-3.179893151,547.4633769,18684.7,3.946476549,21.03504609,-91.43759149,55.36836993,16.88553238,37.20209122,41.84700775,12
element_3987,129.8570114,0.103452121,-3.101689068,515.0261582,47375,3.850101811,21.88773292,-92.45483481,55.51685283,16.44233704,37.55543137,41.70477676,12
element_3988,179.506981,0.091961578,-2.010689726,537.7590852,30030.5,3.884112011,21.35202865,-93.89472478,54.87473291,16.94204521,32.66346741,37.7444191,12
element_3989,212.8573369,0.104986683,-1.781891353,558.304325,15450.9,3.804511845,21.44424244,-93.10129261,54.42024389,20.76550102,31.40040588,37.5,12
element_3990,222.5776062,0.127254215,-0.97055704,540.8994375,5173,3.551412142,22.4691216,-95.66062929,54.29441579,21.93925095,31.59262466,37.66181564,12
element_3991,258.8477108,0.141835598,-0.728598721,572.2203094,18120.4,3.442319508,21.98774411,-94.66346198,53.72457686,27.57671738,27.86207008,35.42672348,12
element_3992,74.81334255,0.090481561,-4.511914797,516.2215824,29723.3,4.506662666,21.60177668,-90.21141746,56.50062707,18.77649307,33.26525116,39.45296097,12
element_3993,27.77123036,0.058766089,-4.556742827,521.5469872,101172,4.263900766,25.96905175,-87.85625218,55.98843494,43.69166565,12.88611126,34.72499847,12
element_3994,113.2608043,0.076590282,-4.115319038,543.203716,7336.1,4.298377282,21.45944327,-89.32197584,55.70176324,22.02482414,32.46434784,39.78429031,12
element_3995,93.46407009,0.090347044,-4.106244335,548.9878535,93631.8,4.25825554,20.30502332,-87.97955262,55.37518164,32.64023972,22.39539337,37.76090622,12
element_3996,113.7846709,0.083033529,-3.500688186,565.6139043,75733.6,4.293818983,22.08659895,-88.82394807,55.07424123,23.94439125,29.77612114,39.28455353,12
element_3997,174.3419009,0.084041873,-2.716260881,611.2176809,14844.2,4.285153052,22.15443629,-89.02455064,54.17047062,21.91064072,32.63043976,40.11015701,12
element_3998,189.3496713,0.089673063,-2.325754258,598.6556267,20490.7,4.145706208,23.20640964,-90.94146244,54.42861019,21.45277214,33.39044952,39.29117203,12
element_3999,219.0113911,0.091957918,-2.136954612,624.4697934,50888.5,3.995299636,22.38228384,-90.37375144,53.90024005,22.342556,32.91945648,39.32740021,12
element_4000,315.9520322,0.145389331,0.082613895,642.6398151,24271.3,3.375947485,22.32941191,-93.74109304,52.83586032,22.44311142,44.96292496,24.82932663,12
element_4001,340.3432127,0.148210515,-0.451910954,695.7835328,12079.8,3.519138689,22.27658523,-91.68512878,52.60326541,16.40940094,56.24882126,20.73457718,12
element_4002,60.22285875,0.088697842,-4.511845925,541.5156928,11066.4,4.491202167,21.47152895,-86.81950976,55.50590398,35.57990646,17.57043648,35.35645676,12
element_4003,194.3617477,0.08454948,-2.105296058,647.8267905,65635.3,4.310144953,22.99361251,-87.90513012,53.54828306,17.71991539,41.5802536,35.73768234,12
element_4004,57.6424049,0.079240212,-3.410081527,560.6528724,31597.7,4.632386595,21.13976567,-83.55473131,54.42835786,16.84133148,32.03891754,41.56977081,12
element_4005,116.5012889,0.05790259,-2.642764296,605.1946915,18593.5,4.625727361,21.05316668,-85.06507285,53.50122219,13.89722443,36.18521118,44.39323807,12
element_4006,21.69814522,0.04415641,-2.018212339,575.7821354,1152.5,4.896006641,24.10393023,-82.58613794,53.0835154,12.68879318,35.8551712,43.7132988,12
element_4007,230.0814404,0.102074493,-1.123307414,696.1504296,49940.9,4.076990894,22.21086396,-87.25001342,52.3387928,13.59142971,50.3131752,31.77503395,12
element_4008,73.49581886,0.052668669,-1.54285807,624.9028782,6747.8,5.000281584,21.95380306,-83.52053638,52.56258478,13.01134682,36.6939888,44.75671768,12
element_4009,96.47250369,0.054189534,-1.144868751,665.6006916,14218.8,4.948589431,23.30669097,-83.86856042,52.03414323,13.44109344,37.18444443,44.3845253,12
element_4010,24.7081474,0.036520721,-1.132451646,610.0775272,3258,5.210783469,21.42777844,-82.11190962,52.38242425,12.55377388,35.47216797,43.21752167,12
element_4011,11.5116618,0.045505252,-0.926495742,601.0259615,134726.2,4.843399793,26.81756487,-81.72267536,52.28020829,13.125,37,45.1428566,12
element_4012,81.23448232,0.060826525,-0.472426069,697.0392041,128075.7,4.599821095,22.34213494,-83.19283184,51.52764228,18.59315109,38.87973022,38.42333221,12
element_4013,74.4889726,0.055808886,-0.519305278,682.7770818,6502.4,4.767955299,21.20429343,-82.51242031,51.56746308,17.65605927,37.99575043,39.78388214,12
element_4014,102.6559736,0.075595019,-0.167920006,731.9364275,119919.6,4.1599452,23.64508852,-84.18640844,51.19224358,20.68172264,42.74852753,33.21560669,12
element_4015,114.5044386,0.081346862,-0.08984351,744.083104,3439.7,4.10474314,21.83486039,-83.6370414,50.92178083,24.7945385,41.20637894,31.13594437,12
element_4016,248.1848724,0.172751967,0.695703848,806.2999526,51111,3.68139955,23.64535241,-85.45039057,50.10850456,11.46762562,68.36806488,16.10591888,12
element_4017,162.7650037,0.070779204,-0.74569936,713.9885814,65304.1,4.295894961,21.46199589,-85.46383665,51.57977691,19.11926842,41.64638519,35.26247025,12
element_4018,340.8508225,0.160687598,0.20845171,771.8274593,22365.3,3.52834238,22.12952263,-88.55800178,50.6664314,5.359653473,77.42404938,11.66135883,12
element_4019,342.7018904,0.157508366,0.136987327,752.1703413,35243,3.439837387,22.35513779,-89.48595793,51.28993324,5.736263752,78.4569397,11.92758846,12
element_4020,36.44751964,0.052576111,-0.650535371,663.7705116,6812.3,4.833185705,21.65389645,-81.3518201,51.73181305,22.27863884,30.1607151,37.15583801,12
element_4021,132.8384853,0.104989878,0.175602068,781.1261873,107727.4,4.387360143,24.13040297,-81.22612907,50.71792934,31.43639946,33.99798584,29.92977524,12
element_4022,63.88778496,0.047519506,-0.022823966,734.6691009,65266.8,5.323486822,25.95522168,-81.72111488,50.92273832,26.92893982,41.27392197,27.84755898,12
element_4023,266.0487345,0.193975088,0.75663912,849.4146491,28780.1,3.324952675,23.76894114,-80.56093726,49.08636967,24.2391243,46.76676559,24.88364029,12
element_4024,121.0161556,0.148816522,0.67279164,807.8756331,36664.5,3.898778963,25.73103158,-81.93749561,50.29222245,33.03183365,32.71842575,30.18418121,12
element_4025,247.7482829,0.171924562,1.138565285,826.2301712,24693.7,3.564626698,23.82456159,-83.2491113,49.51163322,20.88804626,55.11231232,21.20610619,12
element_4026,223.5063744,0.251990621,0.931965833,865.5066667,25089.9,2.496060744,27.33523835,-81.94899005,49.81969829,40.625,24,33.57143021,12
element_4027,307.348855,0.180000637,1.572992941,825.0892331,8928.3,3.327215117,25.84717102,-82.80578274,48.80490966,14.81398201,66.33091736,16.67502213,12
element_4028,346.2340632,0.215910465,1.804273889,820.1049278,13148.9,3.200590093,26.02122201,-82.38383831,48.3243356,13.89879036,67.8502121,16.42527962,12
element_4029,325.1225872,0.194753593,1.929103329,840.4126613,11768.9,3.347712063,24.42535066,-81.61794236,48.38956392,21.22274017,52.39678192,23.22596741,12
element_4030,8.003222526,0.065201093,-0.607745766,702.6780449,94.8,3.861059811,17.16149305,-80.43471457,51.26546763,36.921875,17.359375,23.046875,12
element_4031,224.5311138,0.169896706,0.430167765,871.3719884,44387.2,3.584971186,24.88456144,-79.14437715,49.91727695,20.88748169,51.58692932,22.42193413,12
element_4032,338.2784428,0.245278004,0.581680092,942.0070672,66053.7,3.011682965,26.4640662,-76.37656172,49.45204093,11.7734766,67.86766815,15.68755531,12
element_4033,281.1751834,0.273907235,-0.459182367,888.4812735,21448.5,2.869607726,24.90178445,-76.53015797,50.78873943,14.53679562,63.35543823,16.87124252,12
element_4034,394.1899803,0.387131311,-1.148572688,905.2081207,41987.4,2.560478261,27.0979738,-74.20554165,51.29665865,9.929965019,67.45266724,17.10591316,12
element_4035,153.7744482,0.228741117,-1.149195541,811.9470384,13085.6,3.274269408,25.9836686,-77.52698139,51.79398747,15.17527103,53.44318008,22.16257858,12
element_4036,386.1118638,0.386893248,-2.407632965,845.6933806,46090.7,2.644297169,30.85714605,-74.22486327,52.37285644,9.474246025,65.78183746,21.54353333,12
element_4037,105.873138,0.225504785,-2.096190939,714.9254432,16110.6,3.146856696,26.39663289,-78.10922205,53.02980569,14.11069965,50.1468277,24.40546799,12
element_4038,388.5083149,0.333961349,-3.277496799,765.1706932,96572.3,2.751872939,29.56592444,-73.60939769,53.66817901,6.809108257,67.47029114,21.07414436,12
element_4039,129.2614459,0.255207776,-3.449159063,668.4169092,22192.8,2.859638409,27.41993362,-78.02247179,54.46458306,4.319926739,69.18867493,17.71523857,12
element_4040,363.8176302,0.304063505,-4.42360035,689.695368,41173,2.824445291,29.21889058,-73.79307316,55.06744238,6.992902756,68.76604462,20.87483788,12
element_4041,161.6889041,0.679241228,-4.288055612,644.9991608,1875.8,1.826253384,25.54711245,-77.03875842,55.62685053,4.627371311,66.89633942,13.67007828,12
element_4042,350.2122283,0.358602965,-4.770231626,657.589965,15666.1,2.619633984,30.64663193,-73.67695731,55.66613554,10.36126518,61.04456329,21.44593811,12
element_4043,229.2482125,0.500923765,-4.907766012,616.7848611,14362.6,2.471624351,30.34292251,-75.23989179,56.20782398,14.63118839,40.545578,28.22429276,12
element_4044,283.6491355,0.337060081,-5.091358766,613.0771709,14368.3,2.545924158,30.71214885,-74.1656368,56.55513425,15.30020809,42.38299561,28.52095604,12
element_4045,133.9287529,0.246937838,-6.041221716,485.6542438,51284.7,2.970528864,24.65320622,-76.20569083,58.5939945,16.47654152,36.45087433,38.57581329,1
element_4046,232.4880432,0.308450626,-7.600267691,432.7487498,28154.3,2.702961014,21.99259592,-75.38234879,60.57645762,17.13376045,37.84311676,39.11103439,1
element_4047,237.4803265,0.717144709,-7.965985017,418.7671232,33118.1,2.132341902,16.2477749,-76.3388739,61.62366673,16.28804398,36.05785751,37.96819305,1
element_4048,290.1217259,0.819359208,-8.103231846,412.0667695,21775.6,2.044825104,14.42733726,-71.55350698,61.06720939,15.79168892,35.45894241,36.01197815,1
element_4049,269.5201412,0.397349368,-7.213740679,451.8019281,40952.6,2.552847158,21.18674075,-73.06668854,60.01046012,17.0294075,37.63954544,39.06928253,1
element_4050,154.6175753,0.270132788,-6.220657049,435.2367461,13355.8,3.107151045,22.43026172,-70.42741467,59.4275166,15.66430569,34.67301559,36.72629547,1
element_4051,247.0428898,0.355208881,-5.851163974,536.4024955,41858,2.642107846,25.12529044,-72.86766269,58.05441936,16.88684654,39.71205902,36.25386047,1
element_4052,153.5529828,0.420701986,-5.503938828,520.5786091,11022.4,2.519351404,22.09889784,-69.42164353,58.39087873,16.46411514,37.21733475,35.18062592,1
element_4053,181.5172046,0.668769595,-5.278816553,556.7576636,135538.5,2.13897255,23.73329001,-69.03689489,57.88326257,15.86313534,41.92245865,31.21079063,12
element_4054,242.2566741,0.73438233,-5.166856943,584.2642613,90846.1,1.706338743,22.18872072,-69.26741964,57.2419456,15.552701,43.72447205,29.42446327,12
element_4055,344.6517852,0.513345638,-5.376035097,611.6483449,40707.6,2.269555917,24.15054195,-71.33162526,56.81937523,13.40380669,53.85541534,24.42477608,12
element_4056,417.7586423,0.790146145,-4.868672524,661.6200311,69773.4,1.91122798,22.03179369,-69.29716608,55.91996982,12.94059086,54.69585419,25.04632378,12
element_4057,366.669352,0.705084387,-4.79527924,668.0013738,15919.7,2.038021835,24.1494932,-67.89800247,56.16796262,13.09299946,49.9146843,28.15860176,12
element_4058,526.2300405,0.72135644,-4.777297234,709.3493065,42623.6,1.854079979,22.93985517,-69.21067823,55.0931491,11.07866478,59.04073334,25.86701393,12
element_4059,572.670152,0.488756911,-4.683834412,750.1728033,6528,2.212569628,23.79439006,-68.01462602,54.91920362,12.76585388,57.72134018,22.25102615,12
element_4060,602.6774811,0.36814479,-3.954208594,816.1963303,29627.1,2.793040503,24.95428206,-68.78909602,53.55981892,10.18073654,55.62233734,23.68709755,12
element_4061,570.3308406,0.328673355,-4.448379119,772.4449013,9327.7,2.78684604,23.22901747,-68.60373799,54.43209801,12.98751831,47.97727966,29.11356354,12
element_4062,307.5860972,0.434614487,-5.108422964,633.2103196,51743.6,2.39160804,23.93343583,-66.66266113,56.99094884,11.75528145,49.75226974,30.32833672,12
element_4063,498.6223042,0.739470204,-5.480397952,683.5216744,40742,2.033328414,26.18727201,-64.73170014,56.46681773,9.809771538,56.19549561,29.03463364,12
element_4064,379.5385759,1.934379782,-6.586332578,669.5770601,14822.7,1.387699604,20.95055982,-64.99322439,59.04425255,10.65543461,48.41927719,27.44050407,1
element_4065,393.4521246,2.539508697,-5.642903939,743.6672758,40554,1.401399388,21.43568276,-63.09180247,57.76070771,9.791133881,50.25352859,27.42613029,12
element_4066,429.1237344,0.855078598,-4.696598848,775.4916799,5366.9,1.941311429,28.5400652,-63.35855754,56.14088466,9.19342804,57.87719727,27.90977478,12
element_4067,71.72856246,1.136280447,-2.559264237,868.739276,927.6,0.485864799,11.1894655,-61.30353094,56.10726552,5.235372543,33.79055786,15.66050434,12
element_4068,418.6013312,1.268574972,-4.461586647,808.2173795,5064.3,1.726763705,27.78599383,-62.71191313,55.77087634,9.420574188,59.45179367,29.00902176,12
element_4069,181.1380786,1.491371997,-2.823840902,871.2543698,7350.3,1.285307222,22.66616001,-61.16337907,55.60796649,8.287876129,52.64435959,26.14818954,12
element_4070,405.8880826,1.132816646,-3.655002848,855.3752936,10711.5,1.681695755,27.55267288,-62.01308046,55.14818193,9.413798332,59.29272461,28.64863777,12
element_4071,104.8032897,0.964623926,-1.94593805,889.9579205,1414.4,1.419662582,17.99744277,-60.52632113,55.04497365,8.295039177,52.76664352,26.56465721,12
element_4072,429.5102032,0.905960603,-3.257680438,866.4165242,9982.8,1.891097261,26.55522901,-62.54944537,54.70716262,8.742403984,60.44775009,26.27514267,12
element_4073,200.9263204,0.938233469,-1.462470419,956.079192,21745.7,1.885130338,23.92506774,-59.39697694,54.48874003,7.585167885,57.80004501,18.82496643,12
element_4074,366.1787676,0.973287126,-2.479790952,924.2776555,14658.4,1.871767534,29.39661021,-61.52404908,54.00872119,6.116818905,71.09348297,18.86500931,12
element_4075,370.6919476,0.868793318,-1.8946707,949.0476536,3811.8,1.961603119,29.59954423,-61.52556236,53.4630235,4.61289835,72.56632996,16.331007,12
element_4076,507.5145783,0.470085852,-3.077562262,876.3787734,92710.5,2.671938491,27.51590291,-64.68135277,53.46937908,6.331004143,66.19234467,19.93914223,12
element_4077,278.7766647,0.764000481,-0.499347803,1061.746826,80044.2,2.056054974,26.90486663,-58.07295718,52.59160106,6.25954771,69.29949951,15.58350086,12
element_4078,403.6921412,0.636016265,-1.112305146,1044.424603,19338.1,1.962564955,28.53551605,-60.8291922,52.0314088,4.289034367,78.7390213,14.45441723,12
element_4079,218.3572779,0.727231739,0.157442468,1086.403619,16319.4,1.76785523,28.49988429,-60.72905059,50.83544089,4.563659191,77.69391632,11.34516716,12
element_4080,428.4807852,0.97716648,-0.947437165,1009.253892,16075.6,1.930311903,27.42889958,-62.16741453,51.74330281,4.394019604,77.73081207,13.18277264,12
element_4081,398.1868912,0.888988347,-0.663257586,950.8454278,51469.8,1.790501657,26.47789092,-63.50997783,50.98180668,5.402600288,70.62251282,16.06581688,12
element_4082,407.1267959,1.349088473,-0.756470678,968.4098244,8169.4,1.218030058,28.59346582,-65.27598918,50.67374263,4.66980505,79.634758,10.50089455,12
element_4083,574.3781263,1.174293523,-2.123154553,922.5905598,19091.8,1.780350666,26.88096545,-66.42901195,51.71971499,4.499330521,75.24250031,16.43894768,12
element_4084,418.1578774,1.39387667,-0.670739189,1032.248744,18923.5,1.31105939,27.12336062,-67.22884853,50.4799572,4.376410007,78.27217865,12.61560535,12
element_4085,550.834575,1.136339567,-1.524671545,996.2350998,45630,1.695207215,25.35198858,-68.53345269,51.50557055,4.677322388,76.872612,14.54408264,12
element_4086,531.5841854,0.971085466,-0.969468143,1012.681513,19847.1,1.629713543,25.66998518,-69.54524094,50.83814978,4.115570068,80.22962189,12.85773754,12
element_4087,513.7281672,0.892074934,-0.191069106,1040.160462,18974.6,1.671201994,26.68908033,-70.00048065,49.75189729,4.313484192,81.82291412,11.61113834,12
element_4088,371.162345,1.157634702,2.09331295,1091.323707,7678.3,1.370140265,27.36705867,-69.65367609,48.80276192,6.213906765,71.76190186,15.87532711,12
element_4089,452.6294622,0.817614582,-0.273441977,1001.941909,87595.9,1.946037631,27.16137255,-71.89543152,49.66280389,5.246200562,76.52278137,14.37250233,12
element_4090,517.9717373,1.856739152,2.357819987,1254.64785,7714.3,1.367211565,27.10151834,-70.68306569,47.50213776,10.40517807,66.11470795,19.17231178,12
element_4091,331.7097675,0.805334334,3.891020744,1242.269298,1053293.8,2.152320507,29.6301237,-71.54830937,46.63298882,10.88654041,61.58630753,25.97921944,12
element_4092,430.0385906,0.658019119,2.094334179,1030.67961,41991.3,1.932890513,25.70426675,-73.71779924,47.80607661,5.698572636,79.65187836,12.81560612,12
element_4093,246.302932,0.991301389,5.767260661,1143.565371,986574.3,2.383550117,27.71312449,-72.9199872,45.2044791,12.42039299,55.24171448,29.54979897,12
element_4094,236.1492634,0.608629368,4.931508553,1083.804482,147405.8,2.396217469,26.28855382,-74.80843246,45.85467567,17.3627739,56.539814,23.41728401,12
element_4095,250.1562432,0.445529108,6.538306517,1067.457929,782539.6,2.953031221,28.73911817,-74.96961382,44.55394461,15.10711479,49.49349594,31.63864517,12
element_4096,142.8204539,0.596854728,5.820818412,1039.8701,120779.1,2.026787473,25.47005402,-75.60986803,45.55488844,33.64876175,30.11157036,32.42886734,12
element_4097,362.2841581,0.765435708,3.457452997,1089.845078,9546.4,1.682759931,25.27217274,-75.14310709,46.76614117,12.70569706,66.42656708,17.66227722,12
element_4098,155.411198,0.268915189,6.07184997,947.8145913,95863.8,3.049437545,23.20464087,-76.22745554,45.06993663,15.53846169,55.39733124,26.34091568,12
element_4099,349.5548125,0.559787267,3.399491004,1047.738886,24134.8,2.04991044,25.45713136,-75.86272093,47.00568399,10.63849449,70.64248657,15.84165764,12
element_4100,310.5107564,0.522922867,4.143570221,985.6071246,78696,2.111591978,24.36376303,-77.91552117,46.4093879,6.616725445,77.85652161,13.0206461,12
element_4101,367.5604905,0.611145587,5.144332592,953.6355868,8489.9,1.875862122,23.18903313,-77.66908269,45.32757663,8.615287781,73.56108856,16.026577,12
element_4102,246.4786071,0.302882577,6.332264167,982.6205396,21128.4,2.836262932,24.29887483,-77.81542579,44.56593786,11.39492798,63.6900177,22.60703659,5
element_4103,293.522009,0.54582504,7.402713531,1170.626308,742995.2,2.442045896,33.2035238,-75.74512684,43.78372486,14.26358891,45.91416931,31.06991005,5
element_4104,250.7030189,0.811636691,8.51253468,1058.585608,13682.1,2.198897872,26.53914268,-76.48869623,42.93679166,15.95932484,35.92271805,40.03636551,5
element_4105,193.8166386,0.306463449,8.967680907,987.208603,718521.4,3.675906052,21.76419003,-80.04873717,42.62255336,21.13490868,34.01644135,39.28636169,5
element_4106,330.0914905,0.324576396,2.263355999,969.1961828,31133.6,2.673808174,25.08298122,-78.32251274,47.80175698,9.760550499,71.58596802,15.21597195,12
element_4107,351.6489941,0.437493865,2.991796824,867.4058592,8731.9,2.324013902,23.71783072,-80.36264616,47.45845843,6.223225594,77.37348175,13.89937687,12
element_4108,215.3185188,0.132205654,8.717741514,923.6960055,598297.7,4.061260123,22.41940188,-82.25941346,43.15299281,22.23662758,36.84158325,34.20409393,5
element_4109,241.9615027,0.100775306,10.21120446,930.7662743,21557.2,4.1875622,22.97846881,-84.26726004,41.32599924,28.44215012,33.0308609,35.64761353,5
element_4110,232.1501293,0.247448008,7.290642885,1002.962303,526265.5,3.020076346,22.56514252,-81.57511537,44.31726252,17.7557373,41.47972107,33.84121323,5
element_4111,241.5152987,0.163430604,8.079357636,822.0424685,31268.5,3.841499144,22.10625252,-83.89285313,43.83068432,13.61398506,59.3727417,21.0792141,5
element_4112,274.6175076,0.360599227,5.132306264,901.8595733,450208.6,2.680565504,21.99434842,-82.71480931,46.15948435,9.071225166,63.09965134,18.56186676,12
element_4113,227.767667,0.323927878,5.342657597,980.4578824,68517.9,2.84402625,22.15106845,-80.45181984,45.48791839,10.21477699,62.7032547,20.90486526,12
element_4114,199.7300411,0.359673436,6.261859246,827.0467923,184283.1,2.804077573,22.66555977,-85.26638757,45.65675678,7.297195911,63.95261383,11.5384655,5
element_4115,228.7357821,0.61966357,4.032621824,888.047633,214026.6,2.079473321,26.62330997,-85.20260506,47.24553298,5.990035057,67.71413422,13.03335571,12
element_4116,298.742478,0.209444121,6.521019055,832.2258468,47903.7,3.391843212,23.07598072,-88.16128247,45.22424118,13.2037077,51.35315704,26.58549309,5
element_4117,149.1697829,0.322466606,7.537931662,842.3839687,109684.2,2.933958343,20.93231162,-86.63045757,44.34493113,10.84856319,58.23641205,17.53554153,5
element_4118,61.81578947,0.254938023,4.260790599,847.6576923,141391.6,2.706124365,18.23108839,-86.35363953,47.50038104,0,0,0,12
element_4119,330.5702317,0.45039273,1.888786386,851.9909393,13418.4,2.320384801,25.92538748,-85.80229667,48.87374146,5.296745777,75.6583786,12.42439175,12
element_4120,146.632843,0.48753616,5.011717124,845.9280699,11650.8,2.667584277,27.2801029,-87.8365224,47.09953471,7.114316463,55.7287674,19.52857971,12
element_4121,112.8255709,0.511360436,2.574796398,851.5525586,129697.7,2.511795678,18.31360731,-86.73914357,48.43423567,5.271910191,70.04213715,12.21975803,12
element_4122,5.93132372,0.334669899,3.325677682,850.0525989,86065.8,2.932304579,20.33971308,-87.6219964,48.26880355,1.696828365,36.61846924,4.603991508,12
element_4123,313.8115103,0.396750446,1.514470128,790.5439406,33650.9,2.569799874,24.11882026,-88.36134316,49.55751737,5.169492245,69.70922089,12.79237175,12
element_4124,224.6188642,0.45306867,4.559110941,790.8815985,58861.9,3.032871228,23.69779967,-90.42416382,47.13389129,12.58232403,50.98683548,26.12516403,12
element_4125,309.1051157,0.586219079,2.314628995,784.179805,22890.1,2.276216234,24.10539078,-89.22369366,48.57663058,7.751722336,62.98784637,17.24493408,12
element_4126,298.4589437,0.224097116,8.109926199,866.1833722,7884.2,3.261028231,21.25418163,-85.45167242,43.84759681,9.423149109,73.25443268,12.53624725,5
element_4127,80.98046875,0.149804291,8.805235276,851.7076923,63534.9,3.073945793,19.26438815,-87.06729684,43.5238375,0,0,0,5
element_4128,158.8019116,0.16379032,9.331979006,900.7931061,47317.6,3.842749381,18.06479388,-86.75706711,42.79196752,15.51616478,51.71014404,27.01345062,5
element_4129,244.6755962,0.156437926,9.315561649,888.8036876,16067.3,3.519706696,21.19543049,-85.07235302,42.92057017,13.77326488,59.5296402,22.78082275,5
element_4130,155.5849165,0.12452449,10.24421548,972.7907005,9516.8,4.254378523,17.42812977,-87.24081674,41.9025966,17.78873253,37.27354813,29.69407845,5
element_4131,248.0737105,0.146718086,10.15051678,980.6365895,12929.5,3.691163376,21.86441671,-85.73749979,41.89253385,13.94475365,56.93294144,24.65577126,5
element_4132,310.8968818,1.356072401,3.10475494,1139.240987,30644.4,1.473363286,26.75348486,-67.0371093,48.33773487,12.79496765,54.25484848,27.38064575,12
element_4133,440.1105971,1.749992428,2.378061833,1201.354586,3126,1.336420813,29.11825324,-66.28350249,48.58874966,9.73557663,51.35550308,34.9889946,12
element_4134,324.86103,1.491007018,2.830448777,1172.867807,2355.5,1.330711438,26.16129703,-66.51212062,48.25279965,15.67428589,45.90250015,34.51123047,12
element_4135,323.7862614,0.991974082,2.876367129,1140.413964,11962.9,1.578501123,28.77141075,-67.34604855,47.94949133,20.05939674,40.47348404,36.09641647,12
element_4136,173.6891149,0.615090105,4.192426535,1139.251931,9678.9,2.194075877,26.98506189,-65.75689848,47.56109299,13.89852333,54.19839478,26.6807251,12
element_4137,224.3495939,0.612256646,4.2299707,1168.293206,11751.9,2.232596583,29.66293051,-66.28306868,46.78317268,14.21455383,51.1592865,32.69589233,12
element_4138,92.48962558,0.509840231,6.291637213,1303.215055,56844,2.344323201,27.31589001,-64.1537737,45.14548678,11.98412418,51.50727844,31.73492622,5
element_4139,242.9510555,0.737340918,4.303869107,1132.148422,54912.8,1.891606314,27.71392908,-67.83048596,46.61750421,15.48358536,48.7313118,33.25947189,12
element_4140,40.24813901,0.514698148,5.844230982,1253.701795,44.4,0.56996876,16.09731737,-66.15637395,45.22736268,16.53125,53.65625,28.34375,12
element_4141,82.23359189,0.454071314,6.627226206,1210.086439,17513.9,2.296931587,24.49668916,-67.61747002,45.02135212,13.49001884,46.26832962,30.81788826,5
element_4142,228.7952868,0.750983983,5.384197272,1131.798949,21864.2,2.143042447,28.34343324,-68.90273991,45.60313808,13.20288467,46.55721283,36.73421478,12
element_4143,60.6740228,0.51716013,8.22331744,1203.319601,3450.3,2.134773114,23.92985993,-69.3328085,44.1886783,8.769570351,40.15467072,29.17700195,5
element_4144,335.0355703,1.354601408,5.722448141,1166.670285,24591,1.845484853,28.89044098,-70.21078139,44.87128996,11.05361748,51.4863739,33.91811371,12
element_4145,86.75068827,0.460247608,7.991162337,1194.940675,2936.6,2.496209476,25.92086928,-70.39324405,43.88311653,8.294376373,55.78163528,25.09490395,5
element_4146,280.7602399,1.716095583,7.210078301,1250.938027,4411.1,1.9213216,32.42275148,-71.00120548,43.89967742,5.361992836,67.00948334,24.03769875,5
element_4147,87.89978724,0.446625262,8.904744601,1163.728637,3682.6,2.493768068,30.09340285,-70.90230848,43.2458963,6.64381361,58.97863388,23.2159977,5
element_4148,235.672746,1.146666983,8.347890096,1181.248119,13016.5,1.961601172,28.87519366,-71.59363987,43.15105209,5.236790657,66.71616364,24.92767525,5
element_4149,71.63016978,0.361837166,10.38014608,1219.37272,15974.9,2.610248453,24.98851419,-71.36074043,41.88392036,4.381061077,57.71156693,19.65675163,5
element_4150,353.6432708,1.442522058,7.745975886,1196.685031,28999.7,1.609640597,28.65431316,-72.31788905,43.2615388,6.801621437,59.88985443,30.42202568,5
element_4151,196.1698549,0.918795616,9.991578127,1206.068628,8013.7,1.738859094,30.77287141,-73.25862687,41.61436073,7.813364029,52.01634598,30.31530952,5
element_4152,325.8691284,1.329100427,8.199453415,1192.376417,34791.5,1.696899992,29.43219145,-74.10422886,42.68510299,11.74053764,47.0754776,37.51724625,5
element_4153,150.6223229,0.50341025,11.63130557,1173.81006,59618.1,2.988373283,25.66377745,-75.20307921,40.10444524,14.25655079,40.66063309,34.75047302,5
element_4154,392.2971844,1.131531651,9.57901336,1091.928489,70980.3,1.660287901,27.16722928,-76.90414317,41.2588822,17.52450752,37.64173889,42.50318146,5
element_4155,72.09448164,0.318874176,13.85567753,1123.9716,9487,2.70683894,19.98994812,-76.73135556,38.98394109,14.6902647,36.62294006,30.47078705,5
element_4156,382.3693353,1.387481435,12.09177827,1060.908884,30316.6,2.091586977,24.86742602,-78.3707447,39.16301813,20.17520714,39.58135605,37.76995468,5
element_4157,199.7083334,0.777340626,13.56846868,1120.606786,45961.7,2.741459107,23.58901516,-78.04540187,37.82055525,21.34572601,41.70601273,30.515522,5
element_4158,3.591561529,0.028509621,16.54186603,1289.99113,5250,5.179094902,18.22595477,-76.27116113,36.37001255,14.55016327,36.8192482,21.57384491,10
element_4159,52.84395524,0.145391992,15.21524483,1163.013441,11996.1,3.73530972,25.86299795,-77.42866674,36.77086083,23.27798271,49.11656189,25.39732552,5
element_4160,12.13835095,0.066184773,16.12671622,1224.903571,1069.2,4.25382656,22.13900547,-76.92593082,36.05997918,19.14230728,52.64038467,24.53076935,10
element_4161,225.5148208,0.558501521,14.93280895,1154.017566,24471.8,2.709267894,25.30084933,-79.14309985,36.72557813,24.71546364,45.87371445,27.32053566,5
element_4162,32.98265154,0.093317152,16.35279083,1248.495645,15636.6,4.532371604,21.59658681,-77.19031206,35.81021462,17.85298538,49.88446426,22.02466202,10
element_4163,64.46048607,0.163808778,15.96843922,1211.069707,11711.2,3.638652201,24.62744881,-78.13094122,35.61667531,19.94042969,55.66748047,22.60323715,5
element_4164,8.861208178,0.062142523,17.59568596,1378.613242,6056.5,4.286344541,18.01612514,-77.15499402,34.81670884,14.37134933,44.30447006,19.46232414,10
element_4165,91.26748275,0.180441264,16.42977509,1208.142835,22841.2,3.655380527,23.30010844,-78.8115116,35.25412675,19.2429409,56.11959076,22.70511055,10
element_4166,8.322719707,0.08019818,17.96857853,1311.258114,1852.9,3.834924391,18.56596745,-78.37150743,33.93112175,18.91437149,47.86260986,21.70215797,10
element_4167,146.5432076,0.312059877,16.35460281,1191.619786,40953.3,3.450276399,25.18711222,-79.91831242,34.98706291,23.0622654,48.59144974,25.97603416,10
element_4168,29.61857949,0.07805352,17.99926606,1217.589158,5872.2,4.375716136,26.10525867,-79.90039557,33.73086417,24.06182671,47.46686554,26.43871307,10
element_4169,222.5236918,0.495070383,16.55896047,1207.924616,39730.4,2.954211064,26.903078,-81.3998536,34.75453297,24.12768745,47.24990082,26.73026848,10
element_4170,37.73491387,0.109809176,18.63528922,1219.463161,20997.3,4.170962819,21.82867092,-80.69524703,33.06066278,21.21170425,48.24544144,25.21275139,10
element_4171,189.8399093,0.411241707,17.51358365,1227.356527,27174,3.023546093,27.08802182,-82.4398122,33.84531568,23.2601223,51.32102585,23.50081062,10
element_4172,57.10311884,0.141971072,18.88695218,1184.346707,14895.6,3.838232883,23.68041404,-81.89813943,32.45524297,20.20511627,53.34067535,23.57327652,10
element_4173,130.2463388,0.241100684,18.21856572,1204.637357,37509.7,3.211266383,25.09806462,-83.17988554,32.78039342,22.0830822,54.39391327,21.70676994,10
element_4174,34.0459024,0.086198446,20.13168149,1281.166401,15018.9,4.180413083,22.44117115,-82.16200456,31.10718735,14.29203415,66.03943634,15.03885555,10
element_4175,17.5559228,0.091276261,22.26523302,1339.309097,24673.8,4.095544391,23.04846012,-81.55161546,29.09506045,10.16481209,70.42747498,13.95903492,10
element_4176,11.71685632,0.044404008,23.04343737,1380.406733,74206.5,5.114226082,21.91154333,-81.40218372,27.23971489,10.18709183,59.40769958,18.75935173,10
element_4177,50.79402111,0.091224974,20.20710427,1305.146767,26559.4,4.102509745,22.22654469,-82.97410981,30.66042423,13.98238087,69.65784454,13.80704784,10
element_4178,32.64297485,0.104549984,20.23703042,1398.391865,18050.6,4.274604915,24.00463566,-84.04533284,30.34659688,15.25591755,65.06768036,14.64846611,10
element_4179,153.6357305,0.270555006,18.23077236,1364.521155,50745.6,3.276171589,26.51968661,-84.66312021,32.20764937,20.81315041,56.20379639,20.44620323,10
element_4180,63.74439468,0.21945262,19.39785742,1503.101665,39528.2,3.234632394,27.08672006,-86.43280949,31.04454477,18.39696121,57.0461998,19.29898071,10
element_4181,33.10457133,0.264495558,19.68812008,1665.99321,112530,3.114746535,32.86525717,-88.11453538,30.92480749,17.05312538,61.76666641,18.78645897,10
element_4182,110.0945264,0.284351916,17.75344746,1458.110495,52029.3,3.025577177,30.3814095,-87.95214454,33.2759476,22.89128685,47.26599503,27.90990829,10
element_4183,62.05780892,0.29076182,18.69226138,1480.457843,59103.8,2.980548103,27.81571834,-87.33659802,31.86205263,23.36650467,50.00156403,25.01435471,10
element_4184,91.0053195,0.305246624,18.43580711,1397.980613,44709.3,2.90879639,27.12691667,-86.5849095,32.39496474,23.86312485,49.47805786,24.85124779,10
element_4185,137.8938376,0.3880741,17.79068453,1428.5575,4769,2.639448524,27.73941401,-87.00276656,33.02126209,23.59462929,45.11013412,29.46547318,10
element_4186,220.4779582,0.359439129,17.43427061,1401.788008,12170.7,2.766640308,27.21227914,-85.6330872,32.97636711,24.4812336,46.64122009,26.67552567,10
element_4187,222.1412039,0.590789481,16.63622318,1441.067536,26363.5,2.391146215,28.3284822,-86.00134698,33.65275364,24.41051102,43.11414719,30.15125084,10
element_4188,344.2017866,0.981785963,15.22985485,1481.691005,5603,2.284079162,29.99102362,-84.79501887,34.64414979,22.20028496,42.75730515,33.02861023,10
element_4189,333.4214542,0.585964619,15.84611379,1423.319105,4828,2.236223722,29.29207772,-84.60838147,34.22157664,24.26518822,45.16790009,28.51867867,10
element_4190,78.1495165,0.228015862,19.15050115,1546.957133,25588.8,3.23444528,28.11629478,-88.92363082,31.49264923,18.82066727,51.303936,24.53510666,10
element_4191,69.37870239,0.157932436,19.42957638,1529.174504,42962.1,4.044024467,28.25697529,-89.95123397,31.20744713,21.11871338,40.84209442,29.40173721,10
element_4192,19.1308777,0.121415154,20.44707954,1598.910563,3179500.3,4.111173152,29.76074907,-90.84407675,30.34800692,23.35650253,33.2914772,29.79713249,7
element_4193,73.43706471,0.174883571,18.06117131,1435.055285,2934853,3.85588828,30.30716846,-90.30545385,33.24905941,24.84635353,37.86483765,35.58750916,7
element_4194,13.21176114,0.039827877,19.75199479,1534.64207,239195.1,4.73162224,29.11643893,-91.73768435,31.16978461,25.78055573,39.79166794,31.25833321,10
element_4195,85.54770423,0.179533384,18.54683632,1263.386445,175914.2,3.501294699,25.33784069,-93.97620275,32.71667236,23.06274986,45.36124039,29.75502014,10
element_4196,76.87535045,0.210265925,18.12756411,1368.686223,62850.8,3.664537762,27.54294893,-92.39925146,33.23772488,23.9583931,38.91722488,35.39438629,10
element_4197,40.65526639,0.056411532,17.64177362,1330.354564,2469256,4.165599935,30.49641137,-91.02385458,33.8564055,31.015625,26.88020897,39.66666794,7
element_4198,200.6924675,0.778985337,16.60436381,1298.82316,409027,2.428818174,24.24184584,-93.41187694,35.09746595,23.87937546,37.33917618,37.04689026,10
element_4199,240.6982195,0.456625462,15.52923158,1245.145005,71743.2,2.999616945,25.27564306,-91.96705394,36.1822312,25.72642517,28.64266396,44.11656952,10
element_4200,48.95974962,0.069893116,17.19363359,1336.811464,2397213.8,4.407581054,30.34663834,-90.83708096,34.22709502,34.92990112,18.62647057,44.80294037,7
element_4201,192.1003399,0.369760836,17.12978321,1211.101153,124302.4,3.040375727,23.45572218,-95.71788196,34.12563559,25.56172752,39.61791229,32.75496674,10
element_4202,221.2664249,0.596816413,16.92928759,1337.123796,10816.1,2.550884077,26.8141168,-94.53058985,34.1838802,24.02206612,39.59085464,34.63695908,10
element_4203,106.9005711,0.153169437,15.44753023,1256.860172,20876,4.708553273,26.97289615,-90.29571496,36.18446771,26.30364418,21.96170807,50.31996536,10
element_4204,101.1328017,0.180858699,16.63860859,1351.511417,2375055.8,3.544951704,29.8929083,-89.76188547,35.13719233,27.26589584,25.97500038,45.02812576,7
element_4205,73.96377996,0.060856745,16.1580421,1284.671231,2361965,4.235116514,29.75518443,-89.82475712,35.74153389,32.49772644,19.7863636,45.81591034,7
element_4206,130.7061262,0.221062155,16.17841043,1391.157939,6719.4,3.207814588,30.408279,-89.01712501,35.21407735,20.5967598,32.81076431,44.82164383,10
element_4207,118.4573422,0.204615666,15.583742,1356.794226,11815,3.305606378,27.09169942,-88.91860626,36.01232023,19.58743095,24.52895164,54.3265152,10
element_4208,105.9601488,0.126313762,15.23299775,1324.134674,2349348.3,4.149104263,26.73617105,-89.18091708,36.67732179,23.13177109,26.44192696,48.75078201,7
element_4209,436.9186395,0.285467612,17.01117591,702.6522651,81671.9,3.195000214,22.66447907,-99.04716727,34.06826278,25.13633347,43.29569244,29.86125565,5
element_4210,432.8520614,0.352208356,16.50774141,770.8564657,20549.2,2.826272998,21.96674235,-98.27422328,35.03707548,21.28283501,45.11275101,31.68028831,5
element_4211,288.1883413,0.468718341,15.7122957,1182.192988,250439.5,2.454765384,21.75275647,-94.81158321,35.87169628,23.22773361,33.47773361,41.60842514,5
element_4212,1079.555252,0.564638559,14.29884673,650.4506814,123354.3,2.742920975,23.11912399,-101.2469964,35.91336512,22.34228516,43.66785431,32.24033356,8
element_4213,189.6953323,0.266493373,13.12225146,1090.792435,1815893.4,3.185066778,22.63177628,-89.85503687,38.28711609,24.66621971,20.05910873,53.73635864,7
element_4214,123.8833333,0.252757427,14.69687056,1271.574994,527761.3,3.086492107,25.17324972,-88.97076831,37.24313371,23.55527306,17.25212669,57.67814636,5
element_4215,325.4049379,0.248990574,14.53968723,1037.704653,32423.2,3.268730229,21.94546718,-95.26798967,37.36366387,26.17967224,28.49607658,43.37870407,5
element_4216,169.6346893,0.305730681,16.20341905,1145.252564,211695.7,0,18.81722437,-95.28839587,35.82612051,23.25,36.5,38.25,5
element_4217,218.5052291,0.321220343,16.12423073,1062.737003,190309.5,2.714895247,20.4421654,-95.92005808,35.90197939,23.77801704,36.53502274,37.65894318,5
element_4218,278.4216921,0.303105056,14.85195385,1021.024873,21369.6,2.941756758,21.65918346,-95.9769461,37.06843331,25.12041664,34.73684692,38.07303619,5
element_4219,103.0698584,0.125304367,14.6065172,1303.780627,418652.2,3.094423734,27.36857457,-88.48888713,37.09686108,22.96875,40.21875,35.09375,10
element_4220,431.3141088,1.158291539,14.70847756,1386.85569,105801.2,2.302910203,29.22291118,-85.17896855,35.59242165,23.84143257,36.28093719,37.63887787,10
element_4221,303.2479636,0.6059876,14.32367264,1364.540032,46413.7,2.467657129,26.77709701,-85.73939661,36.47604414,23.68260193,32.03160858,41.97245407,10
element_4222,138.1630129,0.293607804,14.23291563,1242.373619,372131.6,2.889170397,23.88039015,-88.2465546,37.53264412,20.6402607,32.49953461,45.05836487,5
element_4223,793.1926376,0.357167645,14.04581943,598.6552406,44637.4,3.086040772,23.71857747,-100.136176,36.80788062,21.90073013,41.64595413,34.7472229,5
element_4224,1145.148247,0.680038021,11.52130851,537.9185752,147376.2,3.099904578,23.69885307,-101.2516665,37.90144267,22.28800583,37.9356575,38.05669403,6
element_4225,272.2852089,0.404227616,12.55612053,1171.216014,278677.1,2.713115928,24.82702885,-84.37121241,38.37360089,24.06252861,30.61347198,43.44599533,5
element_4226,210.9563592,0.163714624,12.02311795,1106.081747,85177.5,3.620499382,24.34029602,-86.81288762,39.62717089,24.28794479,27.99392319,45.87718201,5
element_4227,276.8244611,0.285394632,12.51872058,1012.138814,1326743.4,3.029620432,22.54462098,-93.40538232,38.86372733,28.38014221,20.3246994,49.6714592,5
element_4228,168.5968807,0.217005501,13.28440187,1011.081671,446350.8,3.3331497,22.75658255,-90.05539659,38.97344131,25.99641228,16.94079018,55.35047913,5
element_4229,204.6491796,0.159499955,10.73536687,978.2394892,73123.1,3.623523689,23.64900283,-88.97648755,40.75779408,23.04620552,24.88948441,49.40253448,5
element_4230,215.0401074,0.219484283,12.06245078,1007.649837,371598.5,3.421314248,23.5333186,-91.65082244,39.72636816,28.64679146,19.49630165,50.33712006,5
element_4231,892.5301095,0.352658586,15.46746068,502.9576831,28204.3,3.107453111,23.407668,-101.2706962,34.77332628,26.61535835,42.76295471,29.16632652,8
element_4232,675.6351816,0.334129985,15.69216183,588.2023851,13275.1,2.985390536,21.8600767,-99.9941245,35.17793035,23.11649323,44.81644821,30.48055649,5
element_4233,240.2612948,0.197817794,10.39563402,926.5427859,308810.2,3.272762655,22.80557488,-91.97557227,41.30496387,27.02279091,20.4286499,51.01904297,5
element_4234,341.1808311,0.175302444,9.239165502,852.2957455,37700.7,3.564822413,22.39527401,-94.10098964,42.22468494,26.8980999,24.05918121,47.57683182,5
element_4235,325.5200027,0.298762964,7.643994539,857.476844,258547.5,3.034341363,22.10050814,-90.90119059,44.06983086,18.66563225,38.27084732,40.78200531,5
element_4236,302.3581806,0.171796783,9.200735019,884.2787245,32556,3.528115244,22.54724436,-92.54290875,42.44125412,24.95669556,24.34891891,49.14471436,5
element_4237,736.4056348,0.275256396,11.5232015,638.7792719,155039.1,3.260561371,23.37922587,-99.4436184,39.69112046,23.22975349,27.60289192,47.64471436,5
element_4238,340.5265583,0.290707125,11.23965408,861.1834153,1068270.8,3.060782994,21.56425874,-95.28060457,40.54565826,29.91296959,16.59994125,52.04281235,5
element_4239,673.2297092,1.275709624,12.18800943,1175.999565,31572.3,1.734814626,27.38578052,-80.94923422,37.75578409,22.56557465,40.70724487,34.86347961,5
element_4240,407.4227505,0.624353009,10.50358718,1076.13581,104480.6,2.14317006,25.98687206,-80.41940184,40.37783093,21.85801888,31.65874672,42.99784088,5
element_4241,1454.503768,0.762152689,8.647827038,492.0020867,232149.1,2.770694967,24.00378873,-103.0108809,41.39371808,18.70121384,45.30401993,34.43814468,6
element_4242,606.5528554,0.29715938,7.612366212,532.3627491,813508.9,3.113562826,22.47255074,-98.97453593,43.83717191,21.84313965,40.40812302,36.04205322,5
element_4243,379.0590303,0.136741308,6.01921213,710.7349759,51414,3.670229053,21.48198219,-94.25282275,46.25947904,15.18047905,54.17029953,28.16885948,12
element_4244,352.6185839,0.178232231,7.146052666,696.7291639,43809.3,3.689998163,22.79464305,-95.19992466,44.67895221,22.65408516,37.99718475,37.54298019,5
element_4245,1162.195663,0.702352932,8.175459006,421.4862857,65211.1,2.192545392,22.07127048,-103.7198263,44.01654393,25.61220932,38.98856735,33.69256973,6
element_4246,715.7712245,0.396831122,6.21724531,426.1543417,544978.3,2.619134705,20.96476295,-102.0434567,46.50747297,21.20609474,38.95388031,37.84571457,12
element_4247,1186.798145,1.13127083,6.040886732,380.9367563,242288.1,2.197568856,21.93848092,-109.3567137,47.59330659,21.81007004,40.53792572,35.66745377,6
element_4248,1498.830342,1.563967349,6.534781688,378.2859839,181150.4,2.01328917,22.11847946,-107.4612729,45.07404865,21.22776222,42.47254944,34.24852753,6
element_4249,11.25148914,0.036148429,20.26502776,1559.415161,46688.7,5.615291643,27.29834723,-91.97797751,30.1676013,23.47049141,35.92489624,30.13575172,10
element_4250,0.535340116,0.004533563,20.95341883,1423.688034,45.9,0,8.537200515,-93.78840668,29.73879645,34.20833206,13.08333302,17.5,10
element_4251,85.69238205,0.212418598,19.41586372,1224.916566,54155.9,3.497520436,24.14079675,-94.57344013,31.52321411,23.63305855,47.72480011,25.79868507,10
element_4252,3.213003808,0.016478871,21.2178737,1370.040413,1815,5.916578987,19.64969287,-94.46649496,29.68892243,30.06614876,18.7230835,25.93567467,10
element_4253,164.104403,0.246535822,19.23386021,984.4435218,46108.1,3.22928464,23.4944213,-96.53503566,32.2688729,23.41626358,49.41862106,25.48691368,11
element_4254,40.80111957,0.098896826,20.99557632,1230.768549,14703.7,4.472412193,23.51469321,-95.3821443,29.9675091,27.14334679,45.03194046,20.39201546,10
element_4255,51.76911337,0.138425465,21.20030256,1126.689025,109492.5,4.056904186,24.15058621,-95.99045758,29.78092963,25.44716263,53.08491135,19.58686256,11
element_4256,110.1532144,0.220134375,20.54300435,965.4975205,97521.9,3.401379709,22.03431406,-96.71799143,30.50803644,19.74472427,57.86606979,21.19155884,11
element_4257,119.4586105,0.20254702,20.01187647,995.0090152,5688.2,3.360872177,22.59861272,-96.33699634,31.12654133,19.28750038,59.38124847,19.77128029,11
element_4258,313.0713015,0.359860868,19.11681855,808.2768988,19731.8,2.829570462,23.08968469,-97.95857477,31.32891611,24.60515785,44.92890167,28.86025047,11
element_4259,263.2648481,0.35939661,18.90681986,841.3081147,72054.8,2.764541094,23.35683536,-97.72436686,32.13352848,24.53278923,43.40180969,30.48822212,11
element_4260,523.6021641,0.328446488,18.23055903,641.0581076,14909.8,2.963745176,23.0088079,-99.69618976,32.68304349,23.47067261,46.95730591,27.88624954,5
element_4261,434.6792838,0.242566136,18.0260046,645.1011047,34591.4,3.264014927,23.07026396,-99.46740585,33.36542181,23.7462635,48.02275848,26.52887154,5
element_4262,911.3366329,0.267623509,16.16247008,475.629554,13652.2,3.569926209,24.26297618,-101.5007959,33.83342062,26.7336998,43.88916779,28.10244942,8
element_4263,945.9531206,0.243149738,16.56397057,484.6959442,15654.3,3.451222578,25.60674578,-101.8066214,33.56340282,26.77100945,43.30672073,28.62275314,8
element_4264,26.21977409,0.043565991,21.39235907,1147.7948,4302.4,5.252260647,24.02354334,-95.94378849,29.24844191,24.93037796,53.04673386,18.12932205,11
element_4265,245.9743701,0.406322112,20.80662351,866.6168042,106729.9,2.969074603,23.70124101,-97.62377382,30.08557391,18.09286118,65.09016418,15.01634407,11
element_4266,579.5112946,0.486725166,19.24762447,648.0327585,11597.6,2.465368579,22.31450305,-99.56985739,30.50149614,31.72208405,35.43333435,29.96729088,8
element_4267,408.0000512,0.51174913,18.7940441,714.2706458,79467.1,2.229710974,22.65074656,-98.49758136,31.00263316,25.79557228,43.95095444,28.56206512,5
element_4268,596.5662744,0.352975906,18.91304818,618.2293317,8100.7,2.876527199,22.1325734,-99.64425584,30.99733091,32.57531357,32.41812515,32.11859512,5
element_4269,495.5881447,0.350952751,18.51231404,686.3124267,69302.7,2.741055559,23.02111857,-99.24418982,31.72091393,25.22591209,43.15026093,29.85638046,5
element_4270,726.1130732,0.322634744,18.64927722,493.1029817,17432.1,3.058983291,22.17178983,-100.9626239,31.45095176,30.99239731,30.81134415,35.85034561,8
element_4271,621.7289623,0.440613658,18.43938079,585.5717726,41668.2,2.578468767,24.91342972,-100.2822921,31.96462259,29.79301071,34.27150726,33.84251785,5
element_4272,993.9693701,0.176803144,17.30370399,404.7490603,26404.9,3.7874258,27.70616683,-102.5175626,32.58263375,23.26438522,49.17800522,26.10434341,8
element_4273,908.1285038,0.230572984,17.02521547,445.7183267,12076.6,3.650679808,25.37105056,-101.8560503,32.9546596,24.37887192,47.47706604,26.73959351,8
element_4274,11.41616328,0.035173484,21.66901505,1098.852886,2561.2,5.131188404,19.5463565,-96.2893559,28.86454149,14.16465473,68.43922424,11.38574505,11
element_4275,63.75004674,0.13004768,21.45833729,1005.1763,5867.9,4.320424326,25.74830689,-96.79432448,29.32516384,17.10681343,69.61914825,11.21551037,11
element_4276,15.17564965,0.0473433,22.08561291,980.1714507,2628.5,4.826526218,19.50809529,-96.74631597,28.67804267,13.20724583,65.06364441,16.33170128,11
element_4277,236.2346691,0.353513845,21.15416678,767.0617814,26592.3,2.948080449,23.63336263,-98.09774564,29.46865223,18.41270256,63.23672867,16.49344254,11
element_4278,33.5788384,0.086751886,22.39449349,822.8549387,7217.2,4.529100029,20.3042481,-97.39565739,28.27424879,16.99655914,44.60239029,31.2704792,11
element_4279,237.7317363,0.305861529,21.82870796,624.4121722,43568.1,3.232285794,23.89835541,-99.24626477,28.7914615,22.06429482,51.59194183,24.45827866,11
element_4280,72.10918695,0.114163398,23.19504537,619.1267314,14445.4,4.437592894,22.92003517,-98.06047699,27.45980854,16.80828667,47.10753632,30.05209541,11
element_4281,76.55333941,0.125364718,23.46147674,598.1715309,5462.8,4.147374591,28.11923063,-98.30390137,26.84269278,15.49905109,55.87926865,26.34724808,11
element_4282,15.22237442,0.036778641,23.90271739,631.1998317,7153,5.263586533,22.55302293,-97.76758059,26.36146061,23.33394432,43.08247757,25.98201752,11
element_4283,77.51918577,0.197143002,23.87077547,601.7191827,475503.2,3.758746414,24.00025384,-98.40484371,26.20578624,25.68921852,44.53466415,25.01451111,11
element_4284,206.1774144,0.495445664,23.32839863,499.4656541,435628,3.124878219,25.79937933,-99.37837923,26.5628185,22.55729103,50.27166367,25.89595222,2
element_4285,949.3920277,2.168388835,21.44700349,506.4337566,33045.1,2.535341985,26.23518603,-100.3842556,25.68771313,21.9992733,47.62581253,26.51758385,8
element_4286,444.0419781,0.455677824,21.17616409,461.2548695,368156.9,2.942084915,25.11246973,-100.6774487,28.94282978,25.41908455,43.64754486,28.56718826,2
element_4287,806.9508173,1.785253497,21.5527692,381.3584151,62759,2.533047987,26.02195069,-101.3430222,27.3843926,18.09937477,53.96689987,25.16572762,2
element_4288,1275.168532,0.700757493,16.1631,372.429482,115566.4,2.554592698,25.33526354,-103.9682661,32.6182794,23.63786316,44.55551529,29.99167442,8
element_4289,1109.316318,1.486496113,19.57322566,312.7696668,221054.7,2.041350344,25.62233274,-103.1457306,29.25931211,16.64992142,54.52127838,26.55849457,8
element_4290,2049.433767,1.786826125,12.30120659,348.3740897,114758.4,2.066230591,24.85031196,-106.5612292,34.6926944,20.85605049,47.08599854,30.00216675,6
element_4291,1648.819768,1.413358575,17.61476795,457.1996714,73449.6,1.914402514,24.9528173,-105.7356575,27.87721845,19.75726891,51.50057602,26.03186607,8
element_4292,310.0597177,1.026169716,23.27911108,706.516842,61535,3.072364975,25.83918201,-98.58503223,24.49164812,35.39622879,34.9236412,24.22355843,11
element_4293,20.8453201,0.358277864,25.01010518,1185.060222,85839.7,2.736517154,26.66086498,-97.88110804,21.94597032,48.421875,27.10546875,21.09114647,11
element_4294,54.4549856,0.297509906,25.07133983,1186.15121,67585.3,3.292068506,29.63845996,-98.20182221,21.80901202,44.82879639,31.3325901,23.37194443,11
element_4295,611.9499163,2.305190034,23.80530357,844.1270274,17391.6,2.711642356,25.39481963,-98.95633069,22.98111055,39.22205353,30.99828529,24.96191406,11
element_4296,1782.095189,2.723357975,18.59364241,904.0158671,43910.9,1.946305868,26.63272856,-99.07844337,20.47760713,34.38333511,33.56108856,29.23739052,8
element_4297,121.250407,0.948344311,24.98001236,1274.045489,27706.6,2.867583694,27.86141377,-98.84104574,21.90230321,39.52999878,32.79833221,25.73206329,10
element_4298,540.9351273,2.519061555,23.51677146,1150.454308,4093.1,1.857406255,23.51016042,-99.2470182,22.37145141,32.98760223,33.38841248,26.75969887,10
element_4299,791.3214442,3.176448709,23.40182485,1200.627876,21836.9,1.486556796,22.34008627,-99.30138805,21.92381827,30.6932869,34.23292923,28.10967827,10
element_4300,1703.236158,3.429024086,20.12555098,581.4359982,11727.3,1.653616008,23.56411289,-100.2711805,21.56865995,31.34994125,35.57046127,28.86825752,8
element_4301,1332.466562,2.215916684,21.01008684,588.4764829,18079.1,2.230960986,23.86761607,-100.0036294,22.46451014,25.78888893,39.01291656,29.4635582,8
element_4302,708.2573212,2.279431309,21.77744337,1255.754997,42722.2,2.418446926,35.51226524,-97.19923893,19.89653,34.52030182,35.07769012,25.50926781,10
element_4303,929.8627679,3.482726937,22.33513945,1614.884692,39661.7,2.40784336,38.29835332,-96.29464908,17.93149952,27.46029472,46.39219666,23.91285324,10
element_4304,183.3573581,1.169061985,25.47645828,2064.507702,33731.1,2.98538263,39.28171998,-94.3887834,17.61308396,32.42137527,41.28734589,22.60813904,10
element_4305,1.267873892,0.015261572,27.18924366,1675.804229,123641.1,5.678253954,40.8577667,-92.62296805,18.46442994,24.45075798,42.85227203,20.06042862,10
element_4306,28.31134837,0.209714285,27.20709414,2194.205529,68853.2,3.994944488,40.83944311,-91.9638059,17.8455615,38.60416794,38.36059189,21.50679016,3
element_4307,880.5777061,3.276124008,24.34002402,1943.316147,54693.2,2.208247286,32.74171947,-92.76012184,16.69128659,29.61829185,44.62570572,23.2847023,10
element_4308,139.8780287,0.44274748,26.06409753,1915.48529,13942.3,2.848617751,28.76085264,-90.43743145,17.32967372,31.09112358,35.05416489,30.31219101,10
element_4309,209.8507793,1.214941134,25.70777179,2297.759954,50500,2.085517131,36.52996594,-91.17296493,17.11932183,32.62598419,34.92068863,28.62903595,3
element_4310,1052.181124,3.434561271,22.1146386,2219.839112,19629.7,1.757722674,40.67534194,-91.47320076,16.36280901,32.36398315,39.49885941,25.52721977,3
element_4311,127.0552535,0.240576644,26.20906028,2974.421709,25313.8,3.12920812,39.38150648,-90.61098554,16.51672853,42.21875,28.66875076,26.99374962,3
element_4312,258.804922,0.71446421,25.43699754,3169.679159,12070,2.498061159,39.74256787,-89.8958346,16.28550587,33.56666565,36.03595352,28.29848289,3
element_4313,1059.388616,3.284134313,21.61036242,2735.312342,13273,2.034957615,42.02682511,-90.72755105,15.58162285,35.15076828,34.78024673,27.96626282,3
element_4314,186.2778632,0.793908974,25.14148301,1734.98098,207876.3,3.592096774,26.797484,-89.23526248,18.5568481,32.75839615,33.75,25.82877541,10
element_4315,886.3907243,3.948387937,23.85627214,1622.146556,21882.1,1.628705015,32.3343849,-87.89670288,14.78596643,29.38480377,38.84429169,27.41942978,10
element_4316,519.3622643,3.127577217,25.72884584,1936.635823,27451.7,2.139929986,33.89559374,-86.12244261,15.49512578,34.76843262,30.29009247,26.75588608,10
element_4317,594.5990149,2.408416297,25.01837843,1840.795726,23513,1.832936096,28.9919572,-85.84504791,14.68789031,37.28834152,32.91840363,28.24638367,10
element_4318,34.84245069,0.223565691,27.25027246,2847.619396,7918.9,3.709911624,42.14019051,-84.07104637,15.17520653,25.86268044,38.51186752,27.15156746,3
element_4319,472.2153307,1.939814099,25.24805861,2011.933185,24601.2,1.994921652,35.67494961,-85.35176965,14.06012034,37.23435593,33.98125839,26.74099731,10
element_4320,80.3722315,0.482204739,26.38429735,2483.331158,24808.1,3.395737262,43.23157899,-84.06372762,13.94089405,41.08300018,30.37711716,25.22958755,3
element_4321,367.4816492,1.659434223,25.17792081,2090.596513,18445.6,2.12294432,37.00644315,-85.17218052,12.99429621,41.08454895,32.03394318,25.13637733,10
element_4322,112.6504197,0.64704217,26.23796478,2580.974729,26329.1,2.479325673,44.02215788,-84.26489297,12.12195258,41.24589157,27.5066185,24.42103767,3
element_4323,229.7707499,1.269774208,26.1301518,2245.859619,41519.8,2.572260163,35.84670572,-85.18038745,11.45366159,36.54200745,30.61976242,24.66009903,3
element_4324,574.9788463,3.345356924,24.47268295,2934.398644,30236.5,2.069683746,42.68720648,-81.96113724,9.329728617,33.44894028,28.97983932,25.68444061,3
element_4325,162.734021,1.912553874,23.77491115,114.2351085,1309.7,0.956380494,12.92941022,-112.37358,28.97501725,6.985042572,38.35363388,22.80405426,2
element_4326,158.0672921,-1.150368407,26.4,3279.137179,33.1,0,5.623966763,-87.06120532,5.530469684,5.25,3.75,3.625,3
element_4327,146.313155,6.47847428,23.7,1009.782764,210.5,-0.07870481,0,-111.4084539,18.40199229,1.168103456,7.185344696,7.25,11
element_4328,451.950518,7.029016761,18.08982394,111.7405797,279.4,-0.185829284,2.369101232,-118.2778639,29.02625731,2.129629612,17.61111069,6.142857075,2
element_4329,164.885608,2.622838128,15.87961371,312.5966589,1044.6,-0.183971483,3.647699082,-119.3544612,33.63676291,8.309140205,17.5958786,11.30275249,5
element_4330,437.7126444,4.20348365,7.585740468,1858.724,35526,1.30695566,33.45078383,-125.6907551,49.62006959,6.917613983,54.37506485,20.74918938,10
element_4331,178.0670124,2.14432054,7.982188861,2192.123247,10867.5,1.551215978,25.01202263,-132.2020574,53.36259208,5.375112534,42.53445816,19.98251915,10
element_4332,13.47459173,0.056530661,-1.758637592,582.6481451,3097.5,4.573394657,15.83619032,-81.31113609,52.98704622,9.249623299,26.10881042,30.66695404,12
element_4333,18.73362583,0.268365552,-1.879318343,624.3333591,684.9,1.93247743,5.038759286,-79.67327879,52.56925098,6.081485748,21.0690136,18.84860611,12
element_4334,22.93805701,0.311867399,-5.312563046,464.2989661,4374.8,2.578787659,8.890944701,-79.41699581,56.61065982,10.41796112,23.15768623,26.50333023,1
element_4335,167.908061,0.583617261,-6.662228095,434.7024071,925.3,1.546544168,8.908356429,-68.14818564,60.40127549,13.11111069,28.40491486,28.55789566,1
element_4336,280.8247566,1.601913295,3.306323339,1472.658874,8434.4,1.554997533,30.76936901,-58.46819615,48.39158333,10.00933838,52.51842117,30.54678726,12
element_4337,307.0698916,1.458647709,2.918548604,1192.971212,7706.7,1.606490292,30.30927659,-57.30201964,49.1400619,11.13887882,56.34452438,29.05749893,12
element_4338,209.9063565,1.072209702,1.775693622,1105.730143,27022.7,1.663329724,24.44395699,-56.63278744,50.14709309,9.447911263,52.6603508,24.18220139,12
element_4339,283.1436364,0.672295436,3.440390526,1282.305067,11258.1,1.977208101,30.95736689,-56.60961049,48.66613668,9.231108665,57.54891205,30.83658409,12
element_4340,70.53483253,0.466980877,4.183989638,1113.779759,2751,2.138543801,17.46630434,-54.91911968,49.24852683,9.631291389,40.15809631,31.4744091,12
element_4341,161.0718327,0.601732058,4.308360791,1229.025813,5194.2,2.022906819,28.32921581,-55.10494734,48.69932851,9.341820717,54.85829163,33.44987869,12
element_4342,119.1513873,0.650621688,4.660308062,1327.663826,36885.5,1.845707143,25.88539308,-54.28283501,47.9261878,9.102197647,48.1724472,28.78068924,12
element_4343,248.7821361,0.45513769,3.962116266,1473.967596,2833.5,2.290180462,31.22804688,-56.11307534,48.21050033,5.934441566,58.2712326,33.25209427,12
element_4344,278.419588,0.895056777,3.253998763,1517.279582,12236.6,1.720601114,30.38678726,-57.37976237,47.88786119,8.843562126,51.91623688,29.24974251,12
element_4345,107.6134463,0.812972823,6.030321072,1353.702744,17642.7,1.954700924,23.854646,-61.62530621,46.25509917,11.007164,49.17819595,30.93630981,12
element_4346,18.44083494,0.231680479,11.5800603,1179.234885,4014.7,2.840111174,18.5100186,-73.13328591,40.82225287,6.428229332,37.08238983,16.94013977,5
element_4347,-1.934768766,0,27.08376488,949.1738948,6.7,0,0,-90.67967804,21.68402124,31.38744926,31.86205101,24.43651199,11
element_4348,30.40986017,1.061659962,27.63194485,1628.334517,71.1,0,0,-81.52879911,12.93559216,2.785714388,0.714285731,24.5,10
element_4349,309.575894,2.577083131,26.42006185,1751.252842,11265.7,1.526915885,25.43065141,-77.31094357,18.1534552,46.41249847,11.3671236,20.87047195,10
element_4350,-6.125095487,0.059814251,27.85384648,1430.277273,235.8,3.883710071,5.387200977,-81.24913087,19.31987676,5.763888836,16.78240776,6.819444656,10
element_4351,2.764153138,0.140540835,26.2,1107.559441,99.4,0,0,-79.91034121,19.70421477,9.226190567,11.38095284,7.13846159,11
element_4352,93.43472187,0.695816298,25.85433623,1349.705854,111898.3,3.118392006,23.78696463,-78.9494767,21.63164576,39.23043442,18.87183952,21.25063133,10
element_4353,9.58600165,0.18113284,26.05800457,1284.70262,2859.2,3.259289284,13.60450135,-82.73602713,21.68783607,25.27664375,18.59693909,14.71938229,11
element_4354,-6.068372647,0.186128306,25.64903249,1267.260451,17051.2,4.47263556,11.0337817,-76.33326333,24.15219784,26.60909653,22.02144814,19.40355682,11
element_4355,393.2100647,2.721834727,25.14983163,1412.646756,76320.7,1.991835013,24.87212125,-71.28689552,18.91042699,25.98603058,33.93818665,24.05671501,10
element_4356,193.8111639,2.163522315,26.38548929,1642.048895,13805,1.295981976,22.28676114,-65.08079609,17.7290057,25.00414467,14.79144192,17.58215904,10
element_4357,1730.006141,2.099535291,7.950993611,293.9821933,92769,2.89059967,23.12607701,-112.6825123,40.84527538,18.84457016,40.44803238,37.54307938,6
element_4358,1766.181162,2.248352339,8.987160279,253.1270026,82877,2.323396914,23.42143603,-117.0960898,40.13674068,19.86347389,43.23713684,34.64383698,6
element_4359,1800.556845,1.830373249,18.75717246,448.1399224,46416.6,2.304833703,26.2989664,-104.3054546,25.42354697,22.25786972,46.92118835,27.16147423,8
element_4360,1939.734926,2.345384495,8.103659165,293.0425802,36202.4,2.141118752,24.03852291,-112.4893085,38.74162449,20.66077805,42.08475113,35.38503265,6
element_4361,1507.958612,0.928205715,16.42304132,314.1970318,33345.3,2.780017694,26.59585995,-107.1061264,31.04841754,19.05626106,50.73340225,27.41104698,8
element_4362,1800.776578,1.590969931,18.44845234,372.9775833,33595.7,2.062881309,24.66349648,-102.8706182,24.51420201,18.64627266,51.08123398,27.07970428,8
element_4363,806.8807503,2.54158004,15.17012176,326.6354435,31463.6,3.20125231,24.35915155,-119.0864148,35.7808724,19.83104706,50.07129669,28.17715073,5
element_4364,1161.282485,2.973646616,15.7488248,207.2018006,89819,1.9411824,24.1050985,-116.908623,36.01554015,15.39330482,57.41057205,25.07195663,8
element_4365,1947.926284,1.673590517,18.95161697,426.220052,46129,1.960821725,24.9012946,-100.8556471,23.57519987,19.5060482,50.53138351,25.83774948,8
element_4366,401.7958444,2.226983674,19.31059021,172.7787117,26767.9,2.763792875,26.64224387,-115.8051453,32.91163393,14.08265972,59.23945999,22.75369263,2
element_4367,1566.601853,2.285062608,9.138782575,342.9422699,54552.8,2.385308872,22.3045588,-119.1417453,40.94317444,20.72079468,44.68127823,32.27419662,6
element_4368,1704.386531,1.350927523,16.55627077,417.5734793,20474.6,2.478465708,25.63599781,-108.1020739,30.56900199,21.88324738,48.08551407,26.99909019,8
element_4369,1973.480717,2.500765787,5.592876349,310.2789103,16791.2,2.474826204,22.75903232,-112.9704085,43.98208398,16.68870926,45.34404373,36.09453964,6
element_4370,1369.327121,1.161142575,20.23826927,302.8660263,41494.5,2.583288496,25.92078049,-103.862926,26.60991067,15.22747612,54.64972305,26.0225544,8
element_4371,762.1741221,0.355640631,4.074620516,370.574033,24492.2,2.577811639,19.4157169,-106.5721515,49.82168741,28.70126915,36.87111282,32.70539474,12
element_4372,1947.298715,0.823944641,18.0231759,357.5534922,16306.5,2.217261568,26.19555885,-102.3007425,23.95512348,16.59960556,56.10126877,25.02157021,8
element_4373,1553.69288,1.360860711,7.695297877,313.3814294,45135,2.174583579,22.06614431,-119.7622686,42.79379081,20.84395981,45.10186386,32.11973953,6
element_4374,1653.068577,1.459169632,16.00812122,351.3066943,14202.7,2.105466813,25.29604993,-107.4213172,30.05973793,21.96724129,45.94371414,28.13087463,8
element_4375,1567.18771,1.162723365,15.42792242,298.8716026,51881.4,2.359589668,26.26302726,-105.7876657,32.75996492,20.08318901,48.54097366,29.38713074,8
element_4376,1845.443481,2.44552032,10.49853535,241.791891,60897.4,1.972470274,23.61447859,-117.3241115,38.23664432,19.42749596,45.51647568,33.05893326,6
element_4377,577.3263725,0.137620054,2.027968825,442.3880575,9373,3.971884706,23.37020858,-104.154819,51.7943825,23.85019493,40.30605316,33.66385651,12
element_4378,1979.775906,2.293756542,8.79180649,279.046277,30048,2.354041273,23.43537048,-114.8018303,39.61076058,18.01829147,45.69787979,34.23672104,6
element_4379,709.1762052,0.282491389,2.882290489,365.4960514,18836.5,2.796515042,18.35315786,-110.1339533,52.03743848,23.83208847,41.57157135,32.89617538,12
element_4380,1473.335904,1.074479328,17.9908259,318.7821711,19533.7,2.257352198,24.24209232,-105.9430365,29.76474185,14.78849506,57.06206894,24.44572639,8
element_4381,1469.935692,0.954325407,16.03491089,318.6703398,6075.1,2.279513382,26.29359925,-108.7019682,32.08677888,23.10502815,44.33470917,30.69318199,8
element_4382,649.4808834,1.957459224,20.22149717,140.2773058,21476,1.745931457,24.78497152,-115.564742,34.26398206,12.83765984,64.89305878,20.05496788,2
element_4383,2082.76354,0.576890731,17.42821517,372.5026466,10954.9,2.281053218,25.56365654,-102.0500731,23.18770346,14.80160999,59.44010544,24.22998428,8
element_4384,1781.812129,1.446749058,9.559928038,302.6793369,5386.6,2.684910448,24.66110103,-113.6133848,37.79913931,22.46508598,41.64116287,34.12586212,6
element_4385,1410.760199,1.006088291,19.42119329,310.2496575,7184.5,2.001046977,26.86040754,-103.9731539,28.03951621,15.63043499,53.7318306,26.07010841,8
element_4386,1419.608278,1.113345407,16.52358089,285.69585,5957.8,2.070156766,25.2125514,-108.303448,31.67145094,21.98626328,46.64606094,27.29140854,8
element_4387,1244.096586,1.974341605,15.74552966,246.683973,3674.9,2.017607589,24.68918482,-113.8203412,35.47874639,19.93763542,49.42728806,28.58178902,8
element_4388,2139.128011,0.989311894,14.78712957,469.7617372,4055,2.283643929,25.16952594,-106.9242192,28.58000373,26.17524529,44.43566132,27.15183258,8
element_4389,1225.06014,2.389076518,20.78634688,234.1015364,5606.1,2.270899356,26.9936572,-102.5566251,26.43985025,18.62825012,47.17824936,26.53963852,8
element_4390,1425.449332,1.064640048,19.62635666,329.7513396,6588.8,2.017889288,23.90260809,-104.7543393,27.91137435,14.65007019,56.00788879,24.45376778,8
element_4391,787.8858435,0.388881558,4.404977517,366.1977127,15111.7,2.606749146,19.26912231,-109.2232313,50.21313096,22.59664154,44.05217743,31.71981239,12
element_4392,2155.100827,1.837595045,17.37398226,553.2032384,2539.9,2.748730314,27.20892581,-105.0072272,24.87291432,35.78256226,34.05252075,24.2267704,8
element_4393,2567.41812,2.026092561,15.8084373,711.4030661,4890.8,2.0514097,32.50089293,-97.56861179,19.33812359,36.97600937,33.18087006,27.34263802,8
element_4394,1937.7997,2.038805046,18.73606985,387.0930525,4250.4,1.92117752,23.88749413,-101.3841962,24.50531142,15.68692112,57.38136673,24.23270607,8
element_4395,1923.085623,2.217606471,7.931325154,272.0745192,1896.8,1.612681417,25.82350954,-113.7386817,38.45081843,18.39848518,49.27045441,30.62424278,6
element_4396,1272.532617,0.411429236,17.56288147,228.0588157,4500.6,2.741037641,22.73319683,-106.8804349,31.68507464,14.84218979,55.04086304,27.96162987,8
element_4397,1244.473354,0.252484942,15.20711185,404.5929398,7914.1,2.981854182,24.73794072,-103.2034568,33.99959293,22.55766869,52.33650208,23.76328468,8
element_4398,1060.18397,4.464471004,-2.031561573,1154.404633,55235.1,1.786005438,32.93181265,-139.2781541,60.22023994,11.96874714,35.63208771,26.74718475,12
element_4399,1245.243298,4.341899592,-3.155161262,695.8767519,65704.6,1.784683532,24.9117594,-144.1226495,61.68871198,11.16714573,37.48198318,36.6432991,6
element_4400,649.6395188,4.555956396,1.047197947,793.501372,52803.2,1.83700474,27.78713687,-148.8978867,60.73046154,7.786857128,38.47209167,33.34234619,12
element_4401,902.5542895,3.307569309,-2.641822886,537.2537506,50346.5,2.036522515,25.60874871,-149.7521103,62.48668724,10.6565609,41.37363434,40.50354004,12
element_4402,479.832792,2.238763148,0.101774401,707.7123962,4229.7,2.324752145,28.63817695,-151.5166811,61.34889383,6.768814087,45.11473846,33.67811966,12
element_4403,1048.950322,6.161541033,-2.16006936,710.4029536,4375.2,1.946737974,37.25993735,-152.6905765,61.16448946,11.22823811,42.13910294,26.54302597,6
element_4404,271.7747906,2.876716599,1.58906197,783.4696714,55808,2.283930071,22.65380798,-157.9464057,57.1699369,9.662302971,39.48165512,35.63560104,12
element_4405,103.1150125,1.030155622,2.499169607,704.3070997,4481.2,2.751168343,25.53095849,-156.3451616,57.94568624,8.785810471,58.79949188,26.11807632,12
element_4406,219.3440178,1.344710932,1.95667794,675.7765617,3304.7,2.592401618,20.70032788,-156.4871364,58.27218938,10.00983715,54.07004166,29.24958992,12
element_4407,308.9753046,2.38596863,1.869282671,792.205571,9618.9,2.059714606,25.91000439,-155.7302571,58.58668832,10.76926517,49.7783165,34.65727615,12
element_4408,33.46267975,0.152669553,1.717490858,559.0071197,492.4,3.661163799,22.26591234,-156.7994122,58.86403248,18.31994057,36.72172546,30.78125,12
element_4409,360.1202412,2.608849602,0.870522987,696.6066291,24367.2,2.132374751,28.90647489,-154.9285798,59.75106091,10.54862499,42.16746521,41.24700546,12
element_4410,27.49412759,0.219508561,1.463076945,595.2859696,1330.7,2.781669304,17.53431183,-157.8410756,58.83118431,15.15398598,33.29891205,25.07608604,12
element_4411,257.8402698,1.282774097,0.497505874,675.4387014,35917.5,2.509798421,26.97675219,-157.1707837,59.98399197,10.32001019,42.73482895,43.04537201,12
element_4412,178.0172176,1.515168379,0.029339772,747.5507934,23476,2.61301718,23.84255157,-160.487899,59.35811871,9.867806435,37.42430115,43.10325623,12
element_4413,175.2752834,0.862887173,-1.131293371,588.2802122,123076.7,3.487916898,20.39957911,-160.173099,61.06139383,13.31365967,38.22062302,44.77074051,12
element_4414,123.4889812,0.595580232,-1.099674554,546.4203388,59864.6,2.971396468,22.52347797,-156.7811124,61.68058835,12.07548046,40.36153793,46.0749855,12
element_4415,261.9306006,1.035868512,-0.915409961,606.3938805,15536.4,2.439736225,22.94843186,-157.1158617,60.96572341,10.71081638,40.18399811,48.25333023,12
element_4416,525.0014473,2.349283732,-1.931800787,563.6019579,16512.6,2.184412856,24.79640506,-154.9605793,61.50929041,13.91806412,40.17258072,42.83706665,12
element_4417,235.8126277,1.096762368,-2.575583469,489.2766098,42556.9,2.226261593,19.58035671,-155.8787989,62.69325647,10.2561245,38.5987587,49.3996582,12
element_4418,147.1696188,0.735568188,-2.645696094,428.6838141,22051.5,3.644441179,22.86521823,-154.8382651,63.02669231,15.4285717,36.99404907,43.84353638,12
element_4419,563.3106378,2.066978484,-2.698854893,491.5924018,7776.5,3.171167466,22.2227401,-154.4615894,62.40889549,14.0544157,38.50951767,44.35751343,12
element_4420,882.4231901,3.521324885,-3.31152396,509.9561266,8056.8,2.501827648,25.09020269,-153.4624739,62.32271215,15.02299976,39.60343933,42.26631546,12
element_4421,436.0423454,1.249044026,-3.039361998,422.0666998,13915.4,2.693542885,19.68535472,-152.994566,63.38380888,10.66133595,37.14537811,49.8031044,12
element_4422,20.44286859,0.180263782,-0.402412304,668.873625,37621.8,4.662753818,20.22538142,-164.5332167,61.10854168,17.96892166,34.92200851,33.35648727,12
element_4423,133.3903432,0.747540355,-2.58828657,480.7124151,832828.8,2.879503841,20.69081511,-159.7115831,62.94558457,12.46156216,36.81407547,46.1740799,12
element_4424,284.4337074,1.384887788,-4.105942454,404.8874348,666821.3,2.036516915,17.83564534,-154.3333971,64.71407132,11.36570358,37.83184814,49.35962296,12
element_4425,459.4263094,2.025829884,-6.463095934,350.2287773,80725.1,2.141121461,18.15591846,-153.7309436,66.51621948,12.03111744,38.70746613,47.62398148,1
element_4426,232.8130106,0.980825166,-2.981262131,376.4466147,114608.5,2.253587085,17.39420131,-151.3278137,64.83189682,11.26682949,38.80737686,47.76787186,12
element_4427,571.0225268,1.882164926,-7.119196158,248.0295537,509645.1,2.47933965,16.9435092,-147.4082637,66.85776552,11.47547245,38.0995903,48.98049545,1
element_4428,132.9585052,0.297259007,-1.959636761,361.8763765,86015.2,3.883842545,17.20230934,-149.7188823,64.75287359,11.28214264,42.04732132,43.62953568,12
element_4429,550.8310698,1.540422123,-3.110589465,460.1813884,17902.2,2.876970876,18.61163875,-151.0052524,63.7881762,11.19971848,38.4487915,46.741642,12
element_4430,127.2316147,0.159262226,-1.813405033,328.6268262,75845.3,4.526397174,18.24372864,-149.2931824,64.63826331,12.10862064,39.20689774,46.19810867,12
element_4431,339.5049378,1.655362886,-3.444293991,311.4929595,8351.7,2.477595219,17.35754434,-148.3069537,65.19274147,10.93927002,37.83769608,51.05401611,12
element_4432,753.533692,2.608228232,-4.270243235,295.2568604,64097.6,2.493831828,19.49839944,-145.5751997,64.08317896,11.52949429,38.70370483,47.01296997,1
element_4433,880.0576359,3.082705541,-3.629110009,405.9560096,10554.7,2.08156911,17.45271092,-148.8027264,63.74576588,12.19997787,41.07568359,43.68016434,12
element_4434,574.8095299,1.387426555,-8.386708859,214.1278724,91659.1,2.267245572,15.94412132,-140.3386254,67.37189126,12.85715103,45.26173401,39.93030167,1
element_4435,697.5889409,2.097318912,-5.967875994,265.0077016,340353.2,2.000886626,16.38403829,-141.710532,65.06938381,13.29793739,46.30708694,38.47157288,1
element_4436,1351.895128,3.73211219,-5.428375379,479.9581964,6927.9,2.149300364,18.6043981,-142.7102985,62.42926495,12.58439636,37.76330185,38.99357224,6
element_4437,1044.404325,2.625061851,-5.126670464,427.2906802,7098.7,2.145644482,17.8052665,-141.5904567,62.52214358,14.44043922,39.64452744,42.0543251,1
element_4438,628.9317882,3.414847578,-4.723130385,323.2508547,196663.3,1.73755377,11.24698217,-139.516152,63.23052334,20.875,40.25,37.7142868,1
element_4439,1053.115098,3.566434914,-5.245471808,365.4539745,51109.9,1.320470094,15.48638686,-134.4296409,63.66842432,15.92661762,56.41914749,25.03160095,1
element_4440,1240.826708,3.539635077,-4.993778186,475.5811146,47666.3,1.740678797,17.26954513,-139.7053924,62.02547793,17.07668304,40.7546463,33.05911255,1
element_4441,878.3671127,3.102927501,-4.788033082,316.3624644,148816.7,1.447214343,14.28683866,-138.6239481,62.8309154,19.76844025,43.68091965,34.84552383,1
element_4442,1100.830221,2.91520912,-4.125892871,369.0127094,50635.9,1.442593528,15.34121557,-132.6262695,62.48600502,16.27618027,54.08192825,26.85831833,1
element_4443,966.1433042,2.521136051,-3.115098626,300.8545351,93169.2,1.456749841,14.88340781,-136.0644466,62.01296877,17.68070793,53.46031952,25.43573952,12
element_4444,855.0506034,2.637225814,-1.859615462,279.8047483,59873.7,1.252838933,14.78656193,-134.9702466,61.72980887,14,62.5,20.5714283,12
element_4445,1236.637501,3.159722359,-3.097664032,348.4174351,15185.1,1.516798069,16.06701997,-133.2175531,61.3023685,15.48441219,53.20974731,28.44668388,6
element_4446,1144.416276,3.882449952,-1.571031709,572.6225609,32233.1,1.509799412,18.25534019,-134.8623719,60.25254363,15.55033684,46.42225647,27.98077774,6
element_4447,1137.041464,2.57334943,-2.535056852,497.1268342,26991.5,1.608098475,20.03406359,-132.2738636,60.09500799,14.6531477,52.28610229,27.44225311,6
element_4448,175.6710801,1.06826865,-4.012083793,404.7617173,96579.1,2.257588579,17.93779306,-162.2289478,65.34471377,12.14847755,36.59126663,43.65450668,12
element_4449,347.9967623,2.358722058,-7.280972481,316.3527962,30059.9,2.110584972,18.86046856,-157.7899068,67.13528807,12.51424408,38.02168274,43.88732147,1
element_4450,59.98869466,0.620932503,-5.09764052,288.5201386,1869.9,3.128010402,13.93432526,-161.5974507,66.9068467,13.93330002,29.25469398,31.80174637,1
element_4451,509.9241063,2.02238875,-8.47868747,276.8632206,32534.9,1.953691892,17.55041172,-159.6175458,67.94151987,11.24154472,38.17984009,48.34459686,1
element_4452,145.7084665,0.563680554,-8.845540034,237.6221653,72869.8,3.061306154,14.76824107,-160.3677533,69.50901362,13.44122696,35.108078,45.97623062,1
element_4453,85.6294108,0.291402736,-9.354645154,184.2684028,17990.5,3.309783461,19.3261789,-154.6627073,69.85888518,15.62937164,34.90207672,43.76768875,1
element_4454,39.71880771,0.100131525,-8.858466858,167.3943365,6607.4,3.922405365,14.22205982,-152.5520261,70.13093262,14.61239338,33.22911835,41.7885437,1
element_4455,536.3333573,1.371093391,-9.364957724,225.2702123,59613.5,2.149774399,15.17792774,-154.0008132,68.83849072,14.43929386,35.70804977,46.71008682,1
element_4456,545.9749538,1.831695349,-10.44576596,149.6628477,48458.2,2.850454926,14.85086955,-147.2018458,69.41499718,12.31643105,37.38965607,45.33597565,1
element_4457,473.0283665,1.842502506,-9.808389762,193.5149271,40647.5,2.38888766,14.93836759,-138.9192396,68.82911196,15.47077751,38.70633698,39.32187271,1
element_4458,16.16972111,0.144735418,-8.401326302,221.8309635,1795841.4,4.168393195,15.58963043,-134.3962446,68.50476639,28.59208679,24.22878838,36.63605118,1
element_4459,833.8814612,2.396265488,-7.243923896,311.6808273,74656.8,1.80245796,15.85828076,-135.4743167,65.57939912,14.66927433,57.41503525,25.46244049,1
element_4460,91.46914158,0.22848006,-7.943438004,248.3837152,1717023.6,3.287086599,18.0550644,-133.5581469,67.92513815,18.5085144,35.64422989,39.27631378,1
element_4461,174.2418681,0.459417025,-7.202072315,253.671503,1689097,2.515528672,15.42778891,-130.9136828,67.04650884,20.68691444,36.29271698,38.85060883,1
element_4462,669.4392524,2.00538285,-6.919615672,316.3241203,22323.9,2.618813103,15.3185255,-132.2422257,65.80694981,17.02243233,53.14659882,26.7050457,1
element_4463,250.2410059,0.611928607,-7.104532988,273.2713024,17428.9,2.244291605,14.8100251,-127.0032279,66.43163776,24.20619202,33.32037354,35.7348175,1
element_4464,277.4292229,0.760028827,-6.576304595,315.0917215,1643119.4,2.966094708,16.11587668,-129.6608382,65.86035441,20.26076317,44.40713882,30.83579826,1
element_4465,1293.347547,4.383758507,-7.918952514,386.8525081,14618.7,1.472764261,14.20578535,-129.5478411,64.76358336,15.43745899,57.88140106,23.97232246,1
element_4466,561.6700874,1.82206998,-6.526649524,352.2515098,1613757.5,1.734032188,14.55358688,-127.2073328,64.97546986,17.11326599,50.87880707,27.32357025,1
element_4467,245.8951177,0.580996167,-5.374032962,304.0579583,1434157.1,2.378722909,16.39889022,-124.611615,64.69696189,18.92985344,45.79621124,31.08795547,1
element_4468,259.6236464,0.565067721,-6.104199874,284.6571747,162692.6,2.497051527,17.15425113,-123.9870229,65.39077852,23.27859116,34.05981064,32.80791473,1
element_4469,200.3542419,0.883769154,-4.890171118,311.9223172,1404619.4,1.414442136,15.09746529,-124.6141904,64.37078401,20.63125038,38.67499924,33.60357285,1
element_4470,1292.697507,3.895203576,-7.076171227,457.5332549,25094.1,1.366493853,15.43455204,-128.1059418,63.82165267,14.85691452,61.00112152,21.68242836,1
element_4471,432.2562926,1.275857733,-5.178506949,361.4980376,1388298,1.692458254,14.79715697,-123.8197127,63.46146763,19.81364822,46.3000946,29.79896545,1
element_4472,1242.584575,3.734855745,-6.527169876,473.3838643,16052.2,1.433728325,15.35084844,-126.5362069,63.28836588,14.82496929,61.21832275,21.69086075,1
element_4473,347.6097756,0.587500059,-5.464021891,327.7927811,12056.8,2.475430574,16.50718183,-122.6685931,64.06180368,24.03527641,34.0059967,33.35293579,1
element_4474,206.9749565,0.321057331,-6.521326285,271.811542,128377.6,3.130480793,17.42782174,-121.4322743,65.56183747,21.89745712,19.61943626,29.99975967,1
element_4475,299.8623354,0.314538225,-6.057598676,304.644171,29372.1,3.191636634,19.13870705,-120.6762185,64.45707724,27.05637932,24.30461311,35.85547638,1
element_4476,146,0,-7.4,244,92721.9,0,409.7055987,-120.6645833,66.01875,0,0,0,1
element_4477,199.1035899,0.22831535,-7.513304026,241.4213993,52930.6,2.953797858,10.59907935,-119.2337752,66.07439313,23.73749924,21.83079529,31.34254837,1
element_4478,279.8914529,0.384692407,-8.201009408,243.3189455,39791.3,2.928195158,14.67250191,-121.4285251,66.75389497,17.76247597,35.22397995,37.32077408,1
element_4479,334.8635375,0.379719095,-4.531925788,359.7647358,26522.2,3.20457609,17.81849592,-120.2191534,62.75577953,25.60003662,31.923069,35.93618011,1
element_4480,795.0775863,2.512461176,-5.329109388,434.5530907,1345549.3,1.665898608,14.81714437,-124.7261985,62.77084846,15.53976822,58.28884506,23.58720398,1
element_4481,280.6075802,0.750380751,-3.413092873,412.5957728,1322482,2.391550094,15.59977467,-122.4521774,62.02406318,23.90118027,38.67212677,31.99503517,12
element_4482,969.5580194,2.5651223,-4.999937779,494.6843445,11955.7,1.539314782,15.43022442,-124.5867719,62.05581205,15.20813084,59.73065567,22.78037453,1
element_4483,316.4647533,0.341760004,-7.465653578,269.1337155,31030.3,2.658411888,18.02366373,-117.0913187,65.11702844,15.88765526,54.77926636,22.49891472,1
element_4484,348.7388247,0.542635629,-9.004435172,245.1443578,11270.3,2.269376406,16.16792107,-117.131639,66.39702587,14.63520527,56.49776459,22.92624283,1
element_4485,308.2316595,0.299764751,-3.06632929,362.1349444,1039671.5,3.448990754,17.40048773,-119.109234,61.4945954,25.07338333,33.24319839,34.3976593,12
element_4486,356.5073742,0.515363617,-2.626673813,441.540995,275685.5,2.573347939,17.85213112,-122.1385668,61.25903238,27.06911087,32.23339081,35.04338455,12
element_4487,464.7155262,0.858837084,-1.961690075,470.5426125,225823.1,2.016778986,16.44853075,-122.7357552,60.48228845,29.47644997,28.52087021,35.47327042,12
element_4488,1242.756883,3.949036127,-5.310211762,540.0997881,36689.7,1.409161162,16.16022449,-126.6831022,61.8153076,14.81682301,60.20824432,22.30335617,1
element_4489,188.6710489,0.103444893,-2.857060072,314.6100239,978829.1,3.993585718,19.74002517,-116.4312204,61.21711342,18.49650955,39.80686951,29.55611992,12
element_4490,409.8275141,0.372671221,-2.400385611,369.1166775,15216.7,3.179389707,20.09312905,-118.4428183,60.44744156,30.49724197,24.79566193,35.88676834,12
element_4491,728.0186196,2.027538664,-1.625678365,519.8833386,193725.5,1.552548916,17.55175268,-124.0890319,60.27078928,17.718853,48.23471832,31.18419075,12
element_4492,556.796973,0.342465217,-1.377918637,438.1693822,22742.4,2.760419483,20.02069585,-120.5623011,59.74137148,27.25668335,27.78677559,38.50644302,12
element_4493,177.927846,0.075017175,-2.802108123,324.1814969,918995.8,3.786907224,17.26317891,-115.4655571,61.34079911,17.39490128,38.59024048,28.27936745,12
element_4494,491.8011235,0.362698567,-0.99149245,409.469796,51763.5,3.19540635,22.07403891,-118.6145775,58.82073799,29.66779137,25.50907135,39.33897018,12
element_4495,431.4317976,0.346473949,-2.230813713,363.8665075,18589.8,3.351235065,20.31007719,-115.2724629,59.89178322,26.86767769,30.03842545,35.06037521,12
element_4496,164.6431242,0.040224817,-2.766063158,330.4100986,893106.8,3.822046956,33.94708712,-114.6453418,61.17585059,13.47415829,35.90144348,26.13533783,12
element_4497,808.1993362,1.653402761,-0.122649844,523.1983469,54476.9,2.254069472,20.31076416,-122.5949723,58.26303823,22.91837311,35.4538765,38.08547211,12
element_4498,1037.310991,2.596812118,-2.474931981,556.0165399,131800.7,1.466109648,18.30317265,-125.9376288,59.75925774,15.90566921,54.31836319,26.96474457,12
element_4499,231.4433103,0.092756325,-2.307230249,348.5057458,14220.1,4.352237415,21.91390931,-113.5208545,60.28215705,27.4394474,33.59680557,33.09235764,12
element_4500,155,0.092756325,-2.79893158,338.7429182,875480.5,4.352237415,18.25235537,-114.2723844,61.35256942,0,0,0,12
element_4501,219.7056601,0.102576651,-2.383886817,357.4051643,607758.6,4.162312252,19.99901242,-112.0233546,59.98389266,19.96851158,45.66141891,28.57605934,12
element_4502,155,0.102576651,-2.798931641,338.9844689,267547.2,10.08035278,17.249229,-114.1759699,61.40311599,0,0,0,12
element_4503,155.0000092,1.87E-07,-3.374617586,330.7506903,181354.9,10.08035278,4.142708383,-113.7653641,61.59365036,2.680555582,1.125,15,12
element_4504,302.1745377,0.203401084,-5.537829503,296.1914068,86060.1,3.284041982,18.82792864,-115.4332923,63.50765206,17.6152153,47.87284851,26.32390404,1
element_4505,359.5101518,0.260685935,-4.290750436,355.2808413,81870.3,2.964080907,17.47732426,-109.3817056,60.96749748,14.04989338,55.55947876,21.84810257,12
element_4506,159.4367424,0.055952049,-3.874021466,308.8486425,98568.3,7.250591388,23.41478949,-113.4201511,61.88479999,10.70112801,19.81954956,30.01333427,12
element_4507,208.2638692,0.362641,-4.576632359,294.0894488,89786.5,3.410458151,16.68651046,-112.6052343,62.11839502,12.55413342,42.06430435,18.027174,1
element_4508,341.0642198,0.208875989,-5.700368496,290.6990772,7454.5,2.993977088,16.47621058,-112.4286456,62.85922445,11.962327,56.48571396,17.64916611,1
element_4509,314.9871128,0.430487616,-5.868941338,314.8604712,20153.6,2.704621672,17.13208702,-109.5599017,62.3533709,11.3299408,58.76697159,17.53425217,1
element_4510,407.3354164,0.285612116,-8.034156579,279.8351924,67245.6,2.832356711,18.42148446,-110.5083639,64.04194591,11.08468246,60.49120331,20.63171768,1
element_4511,1163.699139,2.772739066,-3.522999782,550.7677269,60680.4,1.532973509,18.7927629,-129.4591439,60.39398442,15.83200169,52.03448105,29.56020164,6
element_4512,1316.080213,4.11833973,-1.983987741,588.5192317,22790.3,1.434466036,19.98316854,-127.4060547,58.63453251,16.8116188,48.38710022,32.23740005,6
element_4513,227.403765,0.20175599,-1.08468662,380.9592023,292496.9,3.287257129,19.95411512,-111.1761079,58.8944671,15.36944485,43.28194427,34.12698364,12
element_4514,429.4077164,0.443838116,-0.678641153,393.0147617,298825,3.011245664,21.76591611,-113.947835,58.65516281,23.68885231,37.58709717,36.22847366,12
element_4515,218.7012834,0.136570576,-0.994132401,384.1473933,268965.4,4.510880413,18.9356501,-110.9775583,58.7015078,17.07804298,41.58829498,35.75668716,12
element_4516,357.2960698,0.300073843,-0.430361509,390.5667739,22521.2,3.648375696,21.00790574,-112.9881782,58.24418416,24.22877121,37.58586884,35.9475441,12
element_4517,439.4575963,0.333978406,-0.152983711,418.1321638,160705.3,2.98219098,21.80853451,-111.2890007,57.47263764,17.36619377,53.80770493,26.12004089,12
element_4518,397.5148425,0.248622959,-2.787288881,430.3091089,106946.6,3.058050066,20.8495176,-106.7476225,58.86967056,8.97385025,68.00188446,16.4930191,12
element_4519,597.3214225,0.328522903,1.217556056,469.1928368,99993.4,2.789723783,20.76258701,-112.5557007,55.52388614,22.62306213,42.10921478,32.87828827,12
element_4520,532.5157725,0.327989253,0.269641261,448.9177642,31873.9,2.904885654,20.97598136,-109.8572298,56.62363046,14.20406628,57.75155258,22.29438782,12
element_4521,590.9707185,0.37578424,0.816813811,430.0146598,39236.7,2.841776188,20.80460325,-114.7591259,56.72786571,24.66163445,34.86808014,38.70064163,12
element_4522,581.041593,0.476616941,0.239412105,422.9261724,237593.4,2.735058435,21.32909425,-117.135928,57.43735965,29.87039757,25.21461868,42.51172638,12
element_4523,722.5621962,0.759475625,1.668126123,474.418005,139255.9,2.113795141,19.7859962,-119.3883298,55.96398186,31.47112465,23.47945595,42.69057083,12
element_4524,1011.53411,1.470534491,2.018578881,580.2235828,51522.6,1.997647319,20.23047414,-118.533981,54.69981103,23.97538948,33.14579773,40.61722565,6
element_4525,735.226863,0.645864836,1.559634561,489.3573387,20133.8,2.360325765,20.00378422,-115.4069666,55.2980115,24.84537697,33.39427567,39.7070961,12
element_4526,1160.361418,1.67125007,1.996434039,586.1384636,51735.9,2.104965854,20.81443359,-116.3432459,53.69294054,21.88676453,36.9070015,38.19003677,6
element_4527,1085.267098,2.895181414,1.567746959,639.9652345,100702.1,1.427495064,20.41560211,-122.1293307,55.95039958,19.46523285,42.80859756,35.34534836,6
element_4528,800.0572346,0.543803171,1.079088665,508.8262271,15766,2.242708306,19.341666,-120.9744393,56.94537996,29.36867905,27.22309875,40.66111374,12
element_4529,1384.311639,4.31365404,-0.730190607,639.8215445,43270.8,1.524800081,19.53755298,-125.5021761,56.83856076,17.42595863,44.600811,35.09928513,6
element_4530,1062.417351,2.462548099,1.790156988,650.8202058,22596.7,1.654298251,26.2375798,-123.4667988,55.15949645,15.99454212,45.4631691,33.00617981,6
element_4531,19.71926052,0.121493613,-9.256521176,165.7573463,9125.2,3.790264819,11.02308269,-132.8167745,69.47992576,17.54891205,26.77201462,34.56228638,1
element_4532,36.78914333,0.270435339,-8.9659489,178.1586826,8619.1,2.980496024,17.02028907,-132.504656,68.99618918,15.23537731,31.4040947,37.17792892,1
element_4533,102.7679297,0.289968139,-9.17010668,165.1666279,12597.7,2.790845311,15.20344009,-130.5655561,69.03126141,14.56306458,35.49530411,39.56742859,1
element_4534,246.2614589,0.411689569,-8.817307105,213.9453277,66586.8,2.395951152,16.24633488,-127.1243535,67.91879543,16.39519501,37.76725388,40.98649979,1
element_4535,66.37252645,0.313267155,-10.28370248,137.2937497,5791.7,2.666066358,12.68239711,-127.7305432,69.87786601,15.4417305,32.35653687,39.9148407,1
element_4536,337.510997,0.486886342,-9.754651718,215.4416602,23774,2.241456427,16.1910474,-124.1841562,68.49709663,13.62004757,40.83059692,41.63978577,1
element_4537,73.01792661,0.548567918,-10.27649464,191.454383,4424.7,2.859243686,9.352014574,-124.8257965,69.53914874,12.10878468,33.77075577,35.91524887,1
element_4538,551.5246393,0.625224049,-10.30404203,227.5084492,14972.4,1.921714425,16.53151774,-121.6391852,68.57204525,13.79800606,42.18606186,42.78622437,1
element_4539,394.2284248,0.860818792,-10.56320259,207.5664817,8553.4,1.44675824,14.51723769,-121.692426,69.39963179,13.03088188,40.12779999,40.35988235,1
element_4540,259.0928947,0.40106054,-10.59004174,214.4236844,35917.8,2.59087152,15.70502413,-117.5317643,68.34532276,12.65665817,40.76109695,39.83137512,1
element_4541,439.879364,0.614300541,-9.92318673,235.5342234,30833,2.151377491,16.22569311,-114.6121656,66.50323331,11.96704865,57.85017395,26.03377914,1
element_4542,330.8188261,0.574461613,-11.22672565,201.6604749,37213.1,2.010495545,14.35306081,-111.4901078,67.19884509,9.61998558,55.44932175,25.0867691,1
element_4543,455.5416095,0.445527971,-10.60471192,237.5116025,25410.9,2.33807829,16.46743315,-109.7425711,65.8558258,9.955387115,58.82036591,25.45867538,1
element_4544,157.3868131,0.374517388,-12.0771232,188.8463895,38020.8,2.764666253,13.49073462,-106.5237893,67.37095543,9.588440895,54.53639221,26.08960152,1
element_4545,218.4986856,0.234715782,-11.97710715,199.4131123,17693.7,3.014623615,15.30315655,-104.989528,66.49013156,10.24712372,60.70123291,26.91327286,1
element_4546,82.58283998,0.13179312,-13.62500841,162.1604572,77138.6,3.628780205,13.6979586,-99.52332319,67.55728586,9.774757385,50.64997482,27.66186333,1
element_4547,15.01475312,0.169568768,-13.75920614,185.2732051,118549.9,2.869720846,12.39552065,-95.34952977,67.07877233,10.04513931,58.20833206,22.76190567,1
element_4548,284.041765,0.5435326,-14.22605258,241.772154,22987.6,2.001551543,15.08668318,-92.94654975,66.89992713,10.23590565,60.62649918,26.82567024,1
element_4549,147.1093669,0.400222106,-13.46580635,209.5990567,95426.3,2.416424287,15.67354211,-95.79752411,66.43326838,10.13372993,59.79737091,25.99954414,1
element_4550,154.389751,0.333194419,-12.70483499,233.9362203,7818.1,2.532984361,16.69821094,-96.29592071,65.55221616,10.13935471,59.79498672,26.04743385,1
element_4551,170.9727276,0.187078898,-12.46523268,201.1689702,73511.4,3.22585452,15.93101414,-99.69776976,65.78684319,10.01779652,58.90010452,25.31067467,1
element_4552,231.0172021,0.195748338,-11.91311061,205.4791829,3970.8,3.07228922,16.04988906,-103.4474216,65.89470263,10.24637318,60.48395538,26.36721039,1
element_4553,227.2895778,0.253682609,-11.43806281,216.5073729,44930.2,2.796383069,16.32052876,-103.1917481,65.40080559,10.23028278,60.46146774,26.45063782,1
element_4554,360.1894576,0.312914126,-10.25841193,248.742218,19379.3,2.600140038,16.21569369,-107.3736468,65.07743966,10.22256279,60.49224854,26.60239601,1
element_4555,341.3896715,0.249675747,-9.756383688,260.0926551,14447.3,2.882005038,15.85874158,-105.7785699,64.455568,10.26138878,60.48337173,26.07658768,1
element_4556,153.9636446,0.552890907,-14.80367213,195.4746823,62283.9,2.307317919,14.24820268,-93.63082165,69.71140507,9.496293068,52.02187347,26.12852859,1
element_4557,269.7647612,0.600801743,-14.44065652,246.9940389,9384.9,1.902973556,15.75211621,-91.48282774,67.65988472,10.24988556,60.74690247,27.00183678,1
element_4558,78.28969876,0.488435215,-13.80868736,251.3853608,1140.8,2.158933956,14.16862001,-90.20995996,68.15898062,10.11849976,59.8484993,26.14574814,1
element_4559,283.4063039,0.622536876,-14.03953919,272.2125781,10192.9,1.92091596,15.38745015,-89.77203301,67.48488648,10.14285755,60.4389534,26.09957314,1
element_4560,165.2465735,0.575778569,-13.54041664,252.376941,44805.6,2.183481909,14.14992062,-85.68082375,68.47681167,8.820689201,55.19810104,23.48275375,1
element_4561,318.8535524,0.759530826,-13.99501123,241.0395049,6925.7,1.526192879,16.12204123,-83.98787135,68.06699884,9.666776657,62.2167778,24.56036758,1
element_4562,185.3731401,0.509715171,-13.37486529,246.1304774,15798.1,2.09096683,14.53541623,-82.82966777,67.22937343,9.218302727,56.14704895,23.84252357,1
element_4563,278.4835206,0.624474599,-13.381908,257.433828,7491.3,1.877534066,16.36582285,-84.76569327,67.383379,9.961874962,58.8670845,25.50346947,1
element_4564,145.4692037,0.646089634,-12.58257394,284.9525241,9461,1.753705667,11.40898883,-85.50738829,66.5481821,8.982650757,52.07783508,23.80286026,1
element_4565,200.9458074,0.450385486,-12.69754368,280.4884458,73934.6,2.444901398,14.3893213,-89.82316973,65.24513368,9.838816643,56.90620422,25.77308083,1
element_4566,226.888274,0.333922883,-12.86915818,256.4184004,29836.7,2.613422433,15.63154051,-93.58993162,65.30188916,10.07991695,59.69680786,26.26639557,1
element_4567,77.65358286,0.219915019,-11.49551837,276.2487954,1513.7,2.899753941,15.58710159,-93.90727694,63.79661826,9.705243111,57.05754471,23.75,1
element_4568,50.68696399,0.269451921,-11.47992667,273.4188368,244858.3,2.73380462,20.39461964,-94.50356664,63.90858292,9.392655373,55.07062149,22.70186424,1
element_4569,259.943496,0.219365351,-9.05116629,328.8871325,74257,3.103638459,18.97846428,-99.71594955,62.15190813,10.16287899,60.70594788,21.57719994,1
element_4570,130.0503549,0.309130022,-11.81553635,239.3992129,168490.5,2.661225964,24.2834754,-97.60584668,64.69293998,9.772084236,57.80040741,25.16279793,1
element_4571,302.6675446,0.256978895,-9.197057663,288.5086497,74157.9,2.893330264,17.44146054,-104.1702478,63.47858024,10.7616806,61.68159485,22.84394264,1
element_4572,234.6071789,0.21455125,-10.59984019,258.2064719,65380,3.284280484,24.37575836,-100.553885,63.52833738,9.626253128,57.30174255,23.82282448,1
element_4573,338.7420069,0.202036786,-8.248418771,332.3124612,37370,3.178881328,17.49562506,-103.203669,62.0667419,11.96308422,64.50653839,18.31338692,1
element_4574,296.9962565,0.214063759,-8.981471624,310.5052567,8005,3.169008013,17.70432905,-102.057656,62.18917807,11.60697651,63.09335709,17.78450775,1
element_4575,389.8010913,0.169359983,-6.421797801,383.5525272,10329.8,3.390749615,19.48250947,-104.2769473,60.76183362,12.26190186,64.04217529,19.08805275,1
element_4576,399.7643545,0.144835062,-6.491187585,374.8217893,8923.9,3.479472574,18.25800952,-104.956754,61.15181802,12.32272625,64.62267303,18.96875191,1
element_4577,63.619052,0.203618539,-10.88683703,299.3514287,20990.7,3.123084117,15.32570115,-92.67045932,63.13806386,9.156110764,54.29624176,23.61446571,1
element_4578,107.4428843,0.178798197,-10.54194079,299.9266069,22820.7,3.267782334,17.48591221,-95.24528125,62.76847326,9.809878349,57.69869995,24.17702866,1
element_4579,105.6103938,0.161865657,-9.487594678,325.0750652,32094.3,3.392212028,18.02765792,-95.63812173,61.52999086,9.025880814,59.31837082,22.27832603,1
element_4580,284.5704329,0.207844503,-8.052462138,369.0821936,59710.6,3.162647441,18.52508076,-99.05434063,60.59010144,10.33874989,63.23077774,20.56423378,1
element_4581,112.1021174,0.121852286,-7.780910125,376.5335233,6286.1,3.886576287,20.76497909,-95.76584819,60.0970553,7.982375145,64.88774872,20.18236542,1
element_4582,242.8062435,3.020398996,4.083232213,1299.701482,13877.7,1.192904516,26.45636896,-153.4072552,57.54049922,5.734628677,36.78644943,32.68200684,12
element_4583,158.0488829,2.277048168,0.952658785,902.7855133,16615.3,1.995201749,17.5020252,-170.7165082,56.93233977,9.638162613,27.62129021,23.96517563,12
element_4584,210.3208561,1.396202274,-7.21212447,436.4004878,111764.6,2.102834395,19.02208518,-175.8422639,66.48716661,13.77100086,36.1541214,35.34588623,1
element_4585,136.0599132,1.11321319,-10.90466499,143.910291,5236.9,2.566379297,13.53009193,-178.9149264,71.24357929,12.38003635,33.49896622,35.01296997,1
element_4586,149.6397459,0.446806489,-14.030151,148.1409865,70164.9,2.623419302,13.13883136,-121.2805764,73.04998478,8.607837677,55.02563858,26.57169533,1
element_4587,49.52548932,0.26323075,-13.69732253,140.7289312,6876,2.787765742,26.06712794,-105.0955245,69.31399231,10.69401073,43.74505234,34.73483658,1
element_4588,116.1534441,0.219369797,-13.574505,128.6258474,15550.6,2.981086506,17.83796635,-107.9530345,69.87029048,12.40245533,48.03042984,39.47319031,1
element_4589,157.8236782,0.336446903,-12.41597068,148.2471288,44057,2.68976905,15.77018361,-112.4942863,69.43208314,11.54136086,44.647686,37.1603508,1
element_4590,147.4725233,0.199544397,-13.55105493,120.8811415,9342.2,3.278333102,16.88373164,-110.4769864,70.29223522,12.22932243,49.80462265,38.40052414,1
element_4591,202.1252336,0.564964231,-13.31874463,144.494845,12604.6,2.140187989,12.87771029,-114.1122486,70.81976225,8.559809685,53.72153091,27.35305405,1
element_4592,308.891051,0.686392851,-14.18544136,141.5840631,15779,2.215216349,14.31890724,-113.079406,71.37280447,11.16424656,51.26677322,35.69194794,1
element_4593,189.7265635,0.543925386,-14.48050066,133.6477554,53748.9,2.351428955,12.51147015,-113.6950972,72.17458958,9.965970039,51.41703415,32.41265106,1
element_4594,128.0268038,0.189252253,-14.5244461,113.4017717,13607,3.199840986,15.1694131,-107.9196449,70.98662678,12.5747633,48.15618896,40.34204483,1
element_4595,76.48989937,0.193326285,-14.64350104,116.8004738,54317.7,3.266643768,13.30016839,-104.9747556,71.19831826,10.73696136,44.38678741,35.98410416,1
element_4596,69.49176981,0.339087156,-15.91051495,122.0516826,34998.6,2.782666128,11.51142404,-99.03438707,72.72821037,10.93323421,44.08335876,35.00737,1
element_4597,230.9380248,0.724347142,-15.92127044,183.2873542,24832.9,1.839612359,11.28692815,-93.48303658,73.28872636,8.557661057,56.99200439,25.59300613,1
element_4598,109.8294934,0.332957435,-10.74198503,282.6825821,52944.2,3.252214236,14.00894038,-83.88527194,64.07624904,10.56192875,44.51884079,30.08172607,1
element_4599,143.1032539,0.516565138,-13.78057605,221.9247729,20406,2.365214276,13.37659014,-87.7035635,71.05504112,8.462841034,57.08385086,25.50564384,1
element_4600,199.6119795,0.350814155,-14.68489674,227.2053329,5660.2,2.485531504,14.20725077,-88.13632897,72.25039433,9.371388435,63.77863693,31.88224411,1
element_4601,237.4832676,0.680056474,-14.33913055,229.3725587,21401.9,2.07544139,12.36867229,-86.97758839,72.55439953,8.395757675,58.36368561,27.83195686,1
element_4602,164.1138909,0.594423302,-13.43076505,241.7377545,5260.7,2.280352023,16.49990064,-84.00952177,70.72820176,9.966726303,61.32442093,25.75016785,1
element_4603,88.68748847,0.347933976,-12.99152956,229.398063,1049.4,2.506309197,14.22132454,-84.44820072,71.06742926,9.011160851,60.703125,23.51111031,1
element_4604,132.5275549,0.476807805,-13.39113602,248.993949,5004.2,2.757644677,15.23162974,-83.05804903,71.21490759,9.431981087,63.09037781,27.72368431,1
element_4605,384.3637515,1.829063431,-14.31102508,258.8124816,30558.5,1.511990908,12.37370293,-83.17346396,72.59537476,8.727209091,55.78185654,23.84292793,1
element_4606,292.9535236,1.254955694,-14.27088207,257.2052828,5239.9,1.783916221,14.63978293,-81.77818264,71.98052333,9.69589138,59.61986542,24.12755394,1
element_4607,605.082703,3.37392207,-12.28748522,264.6965063,131053.2,1.339385356,11.72386739,-69.99129152,69.22713122,8.109804153,50.79385376,21.3394928,1
element_4608,188.1162923,0.693815116,-10.79332921,315.5795659,9993.5,1.761534781,14.02677337,-68.19488864,66.21995165,8.768828392,51.92682266,23.07208633,1
element_4609,535.9948778,0.650251122,-11.52387709,394.3396431,11659.5,1.896823524,18.76104465,-67.87964472,64.63702751,9.662540436,57.26117706,25.37307739,1
element_4610,245.2867099,0.905477622,-9.802825793,361.3334571,117062.1,2.615259925,15.18010109,-70.60307453,64.15735675,9.301591873,49.46854401,22.63595581,1
element_4611,227.6687766,0.343297609,-10.96227086,289.6301025,64751.4,3.208555058,25.52874864,-70.21067931,66.16548891,9.207651138,58.03934097,24.11199951,1
element_4612,49.45710497,0.114298773,-9.929155631,226.4987865,4594.4,3.943594954,16.16974141,-72.03708168,67.15824946,8.262985229,59.49186707,22.06111526,1
element_4613,338.081788,0.847178616,-11.72054325,221.588969,10909.7,1.738648432,14.79419909,-71.13005791,68.5290374,10.1410265,59.997612,26.35696793,1
element_4614,283.3806348,0.740136898,-12.59461002,221.2540369,55676.8,2.019444702,13.2403197,-75.10128509,69.60988646,8.439592361,53.04087067,22.44095802,1
element_4615,301.4370898,0.794534761,-14.28310568,232.0564889,17386.3,2.150776761,15.88535074,-79.41396171,71.09401596,9.790127754,60.98701477,26.16195107,1
element_4616,126.7936895,0.589033099,-13.31586214,233.5277921,14708.1,2.174804543,12.02412027,-81.75386805,70.20478418,8.310725212,51.77209091,20.79128838,1
element_4617,617.2651998,3.061648214,-16.19267437,241.1877672,11061.6,1.561942719,10.39177613,-78.66606663,73.24713791,5.848660946,33.23633575,14.21863842,1
element_4618,28.05726883,0.06097985,-10.89204671,244.3883812,9536.3,4.744846518,17.83439823,-76.12279519,67.7716512,7.406892776,59.98057938,17.86086655,1
element_4619,120.841488,0.589758077,-17.53956311,91.74016361,69055.4,2.488701468,9.802102295,-113.4708899,76.1801837,11.2930479,39.88100815,35.70739746,1
element_4620,71.27600121,0.419904546,-16.74791703,91.94792358,1152.1,1.936390223,8.047145534,-104.2349435,75.22287067,11.92045498,39.42803192,37.33333206,1
element_4621,28.39174281,0.245284043,-17.78986941,93.69707896,1399.5,2.780400133,5.683843086,-105.1288845,77.40166348,8.742015839,36.35354233,30.26014328,1
element_4622,112.4599639,0.703034899,-17.3611816,125.9951621,19989.2,1.642255965,8.409925421,-100.1986141,75.90913816,11.4268713,38.20524979,33.6593895,1
element_4623,120.1595077,0.495157983,-16.45704406,159.6831837,8103.4,2.124673141,9.547472539,-94.9267899,75.16918358,10.6088028,35.43226242,35.09242249,1
element_4624,57.53681436,0.385449107,-18.67120354,117.471443,12090.4,2.450424875,8.425324554,-102.1903266,78.57871203,10.35582733,40.7358551,34.38243103,1
element_4625,55.06637687,0.366960219,-19.42813854,103.0016434,930.6,2.519909408,6.657299696,-99.33492392,79.95442344,6.771676064,27.33092499,23.37477875,1
element_4626,53.78051166,0.300774577,-18.32618249,116.6555886,5317.3,2.746708034,8.446028309,-96.64486043,78.32009496,10.47459126,40.52781677,34.6676445,1
element_4627,61.04848788,0.441986125,-17.7535751,130.2725236,2274,2.009514456,6.517858669,-94.73926739,77.62331458,9.665334702,40.9285965,29.17133713,1
element_4628,437.0397727,1.372115907,-17.22109151,206.7462647,55639.2,1.520367341,10.34679825,-87.67278035,75.44880266,9.751545906,35.82643509,26.13352013,1
element_4629,510.5301825,2.285048023,-20.30055941,139.384377,42409.7,1.451101877,8.966548752,-91.21804582,79.67986028,9.305998802,39.26774979,30.46035767,1
element_4630,592.4535026,2.637154497,-20.6590809,160.4814437,111943.9,1.463055517,9.100507141,-82.64973843,80.00642531,8.542171478,36.31621552,28.6955471,1
element_4631,913.0092074,3.50703692,-23.77046243,133.9233761,4842.4,1.469004066,10.25337981,-75.81327906,82.44005875,6.352097034,29.95877457,28.51794815,1
element_4632,109.2206488,1.947227916,-21.6035996,100.2237447,1840.4,2.056376062,9.712564211,-75.16293799,83.04241615,9.256039619,40.103405,28.6288147,1
element_4633,840.0204279,3.237000128,-22.69029055,123.6438648,3297.6,1.626303817,10.57323057,-72.91030315,82.56920619,6.183727741,28.84047508,27.61153603,1
element_4634,555.1185581,2.687484666,-19.67145441,130.3033435,16120.8,1.442837516,8.838483463,-66.90631361,82.39741017,9.138501167,39.77991486,31.52491951,1
element_4635,825.9010382,2.384070741,-21.23956778,134.1344082,8624,1.802524312,12.57620951,-71.91454097,81.82459974,8.257451057,37.5867157,32.52009964,1
element_4636,587.6216644,3.424408733,-18.40776933,127.3786947,1218.2,1.057805379,7.706932949,-68.59087391,81.46990285,10.18178368,40.13452911,32.7346077,1
element_4637,862.6802008,2.253336436,-21.14041397,141.7140301,4601.4,1.438144184,11.25963191,-72.14945047,81.16863167,8.223773956,39.16267395,32.30374527,1
element_4638,773.1522973,3.246893869,-18.73390217,161.1655612,51335.5,1.492289502,8.842031246,-75.89608782,79.05682222,8.087380409,34.81212997,27.85796547,1
element_4639,516.1815568,1.423666267,-15.86909791,323.9249353,33149.3,2.097351605,11.6746532,-20.61023488,79.46689594,10.07814598,38.63297272,32.81627274,1
element_4640,1678.769506,0.326063521,-19.54710916,656.2648013,210574.6,2.880334071,34.54762066,-28.03952952,77.32103354,10.0550518,38.60931015,32.78674316,9
element_4641,2092.280944,0.155855983,-24.68691195,756.4332638,158307.8,3.646442158,35.99113116,-32.52511567,77.48921603,0,0,0,9
element_4642,2149.320849,0.185763434,-24.39207062,792.0840646,10820.4,3.67649261,41.47164662,-31.63488891,76.9707934,0,0,0,9
element_4643,2540.185124,0.12277208,-27.36877706,831.6775286,137383.5,4.0406879,40.43437735,-35.29472078,76.01547917,0,0,0,9
element_4644,2531.20198,0.141615271,-27.2627005,868.6217805,11166.4,3.731492466,39.6952163,-34.35982056,75.91777323,0,0,0,9
element_4645,2772.026997,0.096291782,-28.67551808,811.9836204,38406.6,4.752705001,41.80557357,-37.73481045,75.26763077,0,0,0,9
element_4646,2510.480667,0.086729238,-28.76470801,790.2940899,74147.4,4.922429174,40.24976108,-38.09200649,76.80770561,0,0,0,9
element_4647,2911.849368,0.055043778,-29.80326535,704.9738711,18823.5,5.685296293,36.95481395,-40.78633681,74.74623017,0,0,0,9
element_4648,2612.291991,0.081407819,-29.49619914,561.6399972,33675.6,5.821468403,32.4542531,-41.75918944,77.15585936,0,0,0,9
element_4649,663.0435183,2.14289193,-14.65154455,453.257768,21762.4,1.655530186,12.80533106,-22.53205928,76.90332441,9.031255722,34.89348221,29.62900543,1
element_4650,2540.912688,0.208431249,-22.16882495,838.1353788,72517.4,3.420677731,37.55203096,-30.54708484,74.64909773,9.153061867,35.38954926,30.04648972,9
element_4651,704.6828267,3.657266093,-12.43975811,429.3124638,24822.5,1.478754817,10.67158065,-21.37389274,75.28052753,9.080868721,35.09458923,29.79810715,1
element_4652,1063.119182,2.551664187,-15.99275122,608.0317498,2691.9,1.55577536,19.42398655,-23.37454702,74.4064092,9.156807899,35.2165184,29.92378807,1
element_4653,549.5464423,4.176518281,-11.72695898,430.3074282,7711.2,1.225033766,10.0012338,-22.40523494,73.71619148,9.863048553,37.92949295,32.22101593,1
element_4654,1372.197971,1.969741199,-17.03580401,684.9629355,6073.9,2.163198436,23.37236355,-24.72402715,74.52532713,9.452106476,36.47158051,30.96456909,9
element_4655,923.9259014,4.268366317,-14.51271703,562.0895386,1380.3,1.115577674,9.183231571,-25.15030541,73.89455572,9.188387871,35.57327652,30.18980026,1
element_4656,1764.62994,1.746612374,-19.1716646,779.2595997,8688.7,1.909339823,26.00455164,-27.37621651,74.2554671,8.775765419,34.06454086,28.91924286,9
element_4657,1338.876099,6.75689293,-15.86193928,698.2791939,11560.2,1.292309072,11.22416645,-27.04894561,73.34289093,8.657959938,33.63802338,28.54814529,9
element_4658,1956.304541,1.770726829,-19.29357715,831.7332545,10329.1,1.871253725,19.18157259,-29.22983671,73.24310915,8.725779533,33.8193779,28.70889091,9
element_4659,925.8666439,4.323423973,-12.01685561,673.8142225,31822,1.561764678,17.00999934,-25.04271554,71.75371023,9.186422348,35.46947861,30.11189842,1
element_4660,2752.909759,0.353651075,-23.7801163,1032.094898,49450.5,3.895929974,38.45574753,-33.08264168,72.04773907,7.191092014,28.05603409,23.79310417,9
element_4661,1353.19867,5.06835309,-14.38654058,845.8874285,22040.3,1.501734719,17.49439479,-28.26777765,71.06614431,7.242466927,28.51966286,24.17919159,9
element_4662,2731.276887,0.37764975,-21.92732659,1137.278996,35945.2,3.944314837,33.24626638,-33.45547873,70.45359501,7.242466927,52,26,9
element_4663,1306.820767,4.256339457,-10.44292098,931.0085578,39572.2,1.664851667,18.46960692,-26.9536401,69.50941691,5.893571377,23.50499916,19.91918373,1
element_4664,2080.194744,1.637546181,-15.78916493,1073.464562,12513.5,2.253726717,26.18378301,-30.73595599,69.29272939,5.893571377,61,30.5,9
element_4665,1390.707327,3.299325452,-13.85984969,1008.378002,9138.2,1.499207998,22.09147661,-31.65335013,68.6939593,8,55,27.5,9
element_4666,2373.893889,0.758539073,-20.30054357,1129.638019,28102.6,2.750028285,40.03737411,-34.64094659,69.2116672,5.362623692,59,29.5,9
element_4667,1419.756545,2.025819844,-11.85282032,932.3319719,9269.3,1.788329282,22.70591184,-33.71799957,67.99638335,5.362623692,61,30.5,9
element_4668,2624.895462,0.482212609,-18.92640637,1133.751708,16783.6,3.113638005,32.43327798,-35.95106073,68.00254736,0,0,0,9
element_4669,1078.704071,3.661533531,-9.125760115,1020.608085,15038.4,1.669690074,23.36005372,-35.68024525,66.57734101,5.362623692,28.79950523,28,1
element_4670,1911.36684,3.650971092,-12.89920384,1119.932497,4729.2,1.713341579,26.02717754,-36.79663362,66.81046747,6.302013397,33.046978,27.5,9
element_4671,2162.948853,1.975886515,-18.29324253,1177.634166,3824,2.564975933,39.37213034,-37.33900513,67.19879804,5.734513283,30.62389374,28,9
element_4672,2165.019976,0.622954516,-17.23278716,1064.769962,45147.3,3.037674972,55.57540889,-38.94949641,67.34842984,4.589147091,26.08061981,27,9
element_4673,2315.304149,0.19306006,-17.35965773,986.7832954,34861.4,3.89273185,48.49049704,-41.84753445,66.80118295,0,0,0,9
element_4674,797.9217401,2.041661465,-7.151298144,1001.325852,3718.2,1.281790657,57.43821502,-40.64361129,65.28583877,0.529411793,62,31,1
element_4675,2333.691814,0.255380642,-14.53400612,1199.196041,20244.8,3.425835558,39.63144051,-43.47720121,65.16858593,0,0,0,9
element_4676,936.8289017,1.870411185,-7.292875975,1143.660894,4366.7,1.524798236,57.87148337,-41.2135263,64.6161021,0.529411793,64,32,12
element_4677,2214.005223,0.525866563,-14.03680261,1346.489321,7005.2,2.658831555,37.3423616,-42.87404181,64.36530544,0,0,0,9
element_4678,1387.217504,3.036270073,-9.021802658,1401.951426,17202.1,2.125198569,34.8296855,-42.30157652,63.61807061,0.445544541,4.415841579,28,9
element_4679,2451.888514,0.781446423,-12.35857333,1504.6039,15627.3,2.890069592,44.36481764,-44.26634072,62.8789284,0.176470593,2.441176414,30.5,9
element_4680,933.8931581,3.889187463,-5.391464698,1483.907612,30504.5,1.467510198,35.14373465,-43.69452787,61.24283804,6.873468399,30.15519333,24.8466053,12
element_4681,1469.706659,2.714661058,-7.086108819,1439.732108,4236.1,1.418709331,41.27724686,-44.59582158,61.31654746,8.475446701,36.5189743,28.71981049,9
element_4682,1494.008018,1.422091807,-7.944030774,1150.897475,36659,2.267391158,58.06683585,-46.64737364,61.83630234,8.291814804,35.26213837,26.1180706,9
element_4683,2017.535209,0.618229263,-10.15092959,1143.684838,10360.9,2.395818981,69.69073073,-47.25942539,62.50166315,9.172697067,36.56578827,32.96301651,9
element_4684,815.8573548,2.812816372,-6.810897864,1032.168827,28336.2,1.727351431,48.11815347,-49.76032735,63.27539649,8.93973732,37.65864563,27.84732246,12
element_4685,2077.889922,0.357067867,-13.20626014,1105.178989,24936.4,3.017882452,61.66181341,-47.55900892,63.87576584,6.650669575,29.3448658,24.68379784,9
element_4686,1243.88335,1.599018236,-10.60786184,777.0465832,98004.3,2.745499627,31.10658134,-49.50576626,65.76927966,9.486624718,39.47611237,31.74058151,1
element_4687,2087.786062,0.176800134,-14.10960924,723.6440359,38334,3.873649656,46.7356476,-45.83678754,66.65530215,9.711612701,40.74080276,33.75069809,9
element_4688,236.2788791,1.555912311,-5.233266794,345.6015267,13764.6,1.382066815,8.601866621,-51.44751902,68.09786167,8.777115822,37.13580322,27.73446083,1
element_4689,330.3148493,1.768551386,-5.497953397,293.7924881,1680.8,1.061521477,10.0032816,-50.58908811,68.83598137,7.933098793,35.717556,25.58806419,1
element_4690,670.7000931,0.688974708,-6.427051477,246.9957436,126486.1,1.994119723,29.71231849,-50.06510066,68.66119165,2.916666746,19.74404716,3.714285612,1
element_4691,1496.531431,0.428523754,-14.07756258,394.8390493,12681.7,2.251565749,34.54228747,-47.79074976,69.26051413,0,0,0,9
element_4692,1239.79261,0.321754648,-11.18834388,358.2420377,113561.5,2.801700388,35.82456089,-48.85122839,68.15764065,8.068133354,38.43240356,29.93743515,1
element_4693,2081.134231,0.203943054,-18.74659074,651.7565681,78013,3.049788606,40.64882843,-45.26455835,68.81646726,0,0,0,9
element_4694,2117.801668,0.133638124,-17.24575921,702.0042958,27823.7,3.948090281,38.70456277,-45.24020415,67.81190092,0,0,0,9
element_4695,2444.851999,0.145267582,-22.47165093,792.3353741,37538.6,3.471244949,50.88614371,-43.53485537,69.4647359,0,0,0,9
element_4696,2904.762326,0.079380863,-25.74106828,924.557691,14559.7,4.533325629,46.65608367,-40.46842961,70.43978118,0,0,0,9
element_4697,2722.014739,0.085713885,-22.67144702,939.0080474,10030.1,4.26577152,47.96689427,-40.81246242,68.82965897,0,0,0,9
element_4698,2937.203709,0.071170656,-25.39443911,970.7132562,25435.1,4.841468772,41.75685159,-39.21744654,69.83823347,0,0,0,9
element_4699,546.5529131,1.860987686,-7.928981267,261.9916993,7071.9,1.686096466,19.45041351,-49.98717669,69.47188983,7.764705658,34.19621277,25.43817139,1
element_4700,978.2442633,0.798822364,-11.81319711,243.9039587,129539.9,1.717146667,41.29071316,-49.55423212,70.0838814,6.678571224,36.01511002,25.77922058,1
element_4701,537,6.313751515,-8.1,345,119718.6,0,125.8601496,-49.85715175,70.04996314,0,0,0,1
element_4702,1886.831372,0.37257511,-16.7088099,287.810905,6986.7,2.492800267,45.09055358,-49.18075923,71.58667978,0,0,0,9
element_4703,2356.710592,0.184471578,-21.23223466,578.6597516,36711.7,3.494285292,40.3986941,-44.94561944,70.41360524,0,0,0,9
element_4704,2298.15064,0.206846595,-19.58514512,362.0296381,83000.6,3.204785378,37.95968783,-47.93319528,71.99354313,0,0,0,9
element_4705,2811.940267,0.089863307,-25.40725375,656.3484727,70433.9,4.771860388,43.55463377,-43.09982037,71.89870477,0,0,0,9
element_4706,2327.931354,0.198971685,-21.04974204,389.8969861,6323.6,3.472750655,41.2336482,-47.35059885,71.80697497,0,0,0,9
element_4707,3189.737846,0.033835341,-29.2315933,1018.160558,6450,5.324107839,40.05532092,-38.02738859,72.08421871,0,0,0,9
element_4708,3159.772461,0.035834507,-28.8216832,1052.674557,4622.6,5.074245968,34.49397442,-37.70135036,71.55720799,0,0,0,9
element_4709,497.4625449,4.08568659,-8.026507561,314.432177,2348.1,1.03768296,8.1731406,-51.5271004,70.16730233,9.191027641,38.18423843,29.33400154,1
element_4710,788.4298611,6.169888205,-8.793237332,349.4414134,2493.2,1.235002106,14.32329178,-52.65510861,70.41295826,8.45686245,35.40048218,29.47730446,1
element_4711,898.3229227,4.184088095,-9.563286353,273.4615279,12835.6,1.376100955,12.69540449,-51.39882984,70.9975686,6.839374542,32.00541687,27.15060234,1
element_4712,1874.287196,1.071899562,-18.09952098,292.7299879,6277.3,2.717590134,24.15871522,-49.97169602,72.16127925,6.839374542,32.00541687,32,9
element_4713,1236.023401,5.665554088,-12.68944276,261.1696785,4302,1.33696897,9.113149594,-52.46149179,71.97637486,4.684973717,28.46507072,25.99603081,1
element_4714,2268.39283,0.313514429,-22.23025537,394.7797742,57854.7,3.962540626,35.91820586,-48.42579871,73.26385011,7.365619659,37.9208107,29.38630867,9
element_4715,412.8224538,3.705416559,-8.998577301,238.1861044,8141.5,1.165733978,9.253371867,-54.74245358,72.14568951,7.078258514,32.02203369,26.75280762,1
element_4716,1072.772933,0.91680631,-13.87781468,214.050979,2189.8,2.27614594,38.22554108,-53.81579167,73.47582631,0.210526317,4.421052456,32.5,1
element_4717,455.3215955,1.718446642,-9.591128545,203.7382526,6903.8,1.465738832,14.94994059,-55.33637589,73.63165247,3.21316576,21.12693214,10.4285717,1
element_4718,2208.23001,0.178233444,-22.14103317,315.04814,59248,3.881341215,34.01992486,-49.927492,74.77594095,4.393258572,29.28089905,31,9
element_4719,751.3771257,1.327268608,-13.00281955,212.0299443,10090.1,1.766807297,27.55098484,-56.64765038,75.25491754,1.75698328,13.25418949,31.5,1
element_4720,2400.530431,0.114938945,-23.41964531,348.9712414,92346.5,4.681424054,36.76051857,-50.17834325,76.39824734,2.980354786,19.51291275,11.25269508,9
element_4721,1174.276461,1.220818286,-17.07489527,195.9486939,54857.8,2.906647287,26.46638226,-63.27486824,76.95451321,5.85811758,26.91189003,23.53291321,1
element_4722,785.3348506,1.399714568,-16.20327015,145.6765073,25973.6,2.125077719,12.00921166,-68.06196787,78.34553828,7.946546555,33.03178406,29.17984009,1
element_4723,1498.152747,0.355061102,-21.52947768,173.3445903,61828.6,4.135653388,36.67622502,-58.75626363,79.06258503,9.810155869,39.44947052,34.09698868,9
element_4724,567.3778113,1.817854522,-18.35241308,138.5437393,21367.8,1.798789376,8.881332942,-61.38385564,80.82839072,9.250620842,38.67131042,32.29774475,1
element_4725,1709.413057,0.500430791,-23.35050285,187.1267312,31743.3,4.254999259,33.47413861,-52.75006871,79.64213535,9.02708149,44.70998383,30.4661808,9
element_4726,1499.404596,0.904167736,-23.06822268,195.5935785,75948,4.120354177,34.17384901,-48.60338985,80.23072975,8.924476624,41.70685577,31.23204422,9
element_4727,1959.091275,0.266848955,-27.27552032,303.3033629,20552.8,5.269432938,36.98589971,-42.59301349,80.30211399,0,0,0,9
element_4728,788.1360514,2.333241912,-20.72981751,198.0657934,89422.6,2.153225283,10.41257801,-33.42945088,82.09737744,9.466640472,37.79516983,32.30681992,1
element_4729,1648.864204,0.286434376,-23.69681187,417.5895512,76522.3,4.574770219,33.34403136,-32.91884163,79.68188119,11.47290421,43.68272018,37.11188889,9
element_4730,446.6549812,1.510771563,-15.53772714,285.3935808,19205.7,1.702439139,14.83846988,-19.83163509,80.77546958,10.02714825,38.45815277,32.66786575,1
element_4731,493.9050375,4.930494448,-11.27192199,477.4034044,7610.6,1.056151438,7.066043445,-23.59894741,72.8546385,8.940671921,34.6101799,29.37841606,1
element_4732,641.425346,4.853476859,-7.380088574,422.9432696,8668.4,1.176232471,10.39232478,-53.58151308,69.79063132,9.037471771,36.59389114,29.57901955,1
element_4733,337.876919,3.671724598,-7.544928771,299.2662117,425,0.918536776,5.690984576,-53.68040127,71.1569784,9.650568008,37.65056992,31.23863602,1
