no,year,TMP,SPEED,SRAD,PPT,PET,SW,LAI,CO2,ELE,SLP,AREA,CTI,RIVER,LON,LAT,CLAY,SAND,SILT,Cluster
element_4640,2015,254.8851469,6.322455701,119.9637054,238.2353668,228.9328202,21.79854747,4.02E-06,0,1678.769506,0.326063521,210574.6,2.880334071,34.54762066,-28.03952952,77.32103354,10.0550518,38.60931015,32.78674316,9
element_4640,2016,254.9905525,6.266561821,120.2613064,245.5981328,232.8556898,21.79879375,3.79E-06,0,1678.769506,0.326063521,210574.6,2.880334071,34.54762066,-28.03952952,77.32103354,10.0550518,38.60931015,32.78674316,9
element_4640,2017,254.6344925,6.509942056,120.3286557,239.986881,236.3526259,21.80023726,4.10E-06,0,1678.769506,0.326063521,210574.6,2.880334071,34.54762066,-28.03952952,77.32103354,10.0550518,38.60931015,32.78674316,9
element_4640,2018,255.4866427,6.463014207,118.9494621,335.2799667,233.1454312,21.79772486,4.57E-06,0,1678.769506,0.326063521,210574.6,2.880334071,34.54762066,-28.03952952,77.32103354,10.0550518,38.60931015,32.78674316,9
element_4640,2019,255.1952011,6.620054016,119.363074,265.6444528,231.6761475,21.79777418,4.36E-06,0,1678.769506,0.326063521,210574.6,2.880334071,34.54762066,-28.03952952,77.32103354,10.0550518,38.60931015,32.78674316,9
element_4640,2020,255.450157,6.451883152,119.3562791,277.8818878,229.7918457,21.79853266,5.35E-06,0,1678.769506,0.326063521,210574.6,2.880334071,34.54762066,-28.03952952,77.32103354,10.0550518,38.60931015,32.78674316,9
element_4640,2021,254.9393842,6.568639402,117.3270779,328.4966116,219.9936826,21.7983813,3.98E-06,0,1678.769506,0.326063521,210574.6,2.880334071,34.54762066,-28.03952952,77.32103354,10.0550518,38.60931015,32.78674316,9
element_4640,2022,255.3450619,6.416323748,119.3648674,249.5303032,240.1090547,21.80406125,5.00E-06,0,1678.769506,0.326063521,210574.6,2.880334071,34.54762066,-28.03952952,77.32103354,10.0550518,38.60931015,32.78674316,9
element_4640,2023,255.4389005,6.330863044,120.0767076,252.3051646,235.8788271,21.80109648,4.42E-06,0,1678.769506,0.326063521,210574.6,2.880334071,34.54762066,-28.03952952,77.32103354,10.0550518,38.60931015,32.78674316,9
element_4640,2024,255.707957,6.471741811,119.9033323,277.4751299,246.1428935,21.79910854,4.63E-06,0,1678.769506,0.326063521,210574.6,2.880334071,34.54762066,-28.03952952,77.32103354,10.0550518,38.60931015,32.78674316,9
element_4640,2025,256.0369118,6.338947999,120.5482143,308.3681649,239.2644857,21.7983766,5.73E-06,0,1678.769506,0.326063521,210574.6,2.880334071,34.54762066,-28.03952952,77.32103354,10.0550518,38.60931015,32.78674316,9
element_4640,2026,255.8025857,6.516781388,117.0599077,339.0052166,230.7940128,21.79808265,5.26E-06,0,1678.769506,0.326063521,210574.6,2.880334071,34.54762066,-28.03952952,77.32103354,10.0550518,38.60931015,32.78674316,9
element_4640,2027,256.1456508,6.624428927,118.9780093,284.4643418,237.6917962,21.79821969,4.80E-06,0,1678.769506,0.326063521,210574.6,2.880334071,34.54762066,-28.03952952,77.32103354,10.0550518,38.60931015,32.78674316,9
element_4640,2028,256.1131366,6.539333096,117.6285507,256.1183944,243.2577603,21.79829559,5.46E-06,0,1678.769506,0.326063521,210574.6,2.880334071,34.54762066,-28.03952952,77.32103354,10.0550518,38.60931015,32.78674316,9
element_4640,2029,256.3253339,6.572971925,116.3354015,342.2629895,247.0494855,21.79810454,5.29E-06,0,1678.769506,0.326063521,210574.6,2.880334071,34.54762066,-28.03952952,77.32103354,10.0550518,38.60931015,32.78674316,9
element_4640,2030,256.0213306,6.47899319,118.6470006,277.4575295,243.1274547,21.79832874,5.83E-06,0,1678.769506,0.326063521,210574.6,2.880334071,34.54762066,-28.03952952,77.32103354,10.0550518,38.60931015,32.78674316,9
element_4640,2031,255.8163344,6.429894025,117.0684306,265.4955585,233.7740108,21.79745937,5.00E-06,0,1678.769506,0.326063521,210574.6,2.880334071,34.54762066,-28.03952952,77.32103354,10.0550518,38.60931015,32.78674316,9
element_4640,2032,255.7952402,6.321600889,117.3837197,318.9947287,238.7503773,21.7977928,5.71E-06,0,1678.769506,0.326063521,210574.6,2.880334071,34.54762066,-28.03952952,77.32103354,10.0550518,38.60931015,32.78674316,9
element_4640,2033,256.5259511,6.619001758,117.3358685,364.0966744,242.8442985,21.7993756,4.70E-06,0,1678.769506,0.326063521,210574.6,2.880334071,34.54762066,-28.03952952,77.32103354,10.0550518,38.60931015,32.78674316,9
element_4640,2034,256.141294,6.489811139,120.6304566,249.867879,244.1815135,21.79852662,4.92E-06,0,1678.769506,0.326063521,210574.6,2.880334071,34.54762066,-28.03952952,77.32103354,10.0550518,38.60931015,32.78674316,9
element_4640,2035,256.2681788,6.46393971,120.3691747,245.8115533,258.0494696,21.79858684,5.28E-06,0,1678.769506,0.326063521,210574.6,2.880334071,34.54762066,-28.03952952,77.32103354,10.0550518,38.60931015,32.78674316,9
element_4640,2036,256.2099272,6.620997399,118.285741,304.6954874,244.5419475,21.79771639,4.64E-06,0,1678.769506,0.326063521,210574.6,2.880334071,34.54762066,-28.03952952,77.32103354,10.0550518,38.60931015,32.78674316,9
element_4640,2037,256.1124193,6.461141676,116.5167052,308.9276607,240.8869488,21.7980996,6.07E-06,0,1678.769506,0.326063521,210574.6,2.880334071,34.54762066,-28.03952952,77.32103354,10.0550518,38.60931015,32.78674316,9
element_4640,2038,256.3650849,6.498285693,116.9692064,351.2722751,238.1090775,21.79862562,6.41E-06,0,1678.769506,0.326063521,210574.6,2.880334071,34.54762066,-28.03952952,77.32103354,10.0550518,38.60931015,32.78674316,9
element_4640,2039,257.1808629,6.39353769,118.8739259,365.1266587,251.3215018,21.797276,7.06E-06,0,1678.769506,0.326063521,210574.6,2.880334071,34.54762066,-28.03952952,77.32103354,10.0550518,38.60931015,32.78674316,9
element_4640,2040,256.2195643,6.336580652,116.7535363,351.8004454,246.3730686,21.79965087,6.98E-06,0,1678.769506,0.326063521,210574.6,2.880334071,34.54762066,-28.03952952,77.32103354,10.0550518,38.60931015,32.78674316,9
element_4640,2041,256.5960167,6.435009577,116.9598569,289.3932126,249.1521927,21.80034123,5.96E-06,0,1678.769506,0.326063521,210574.6,2.880334071,34.54762066,-28.03952952,77.32103354,10.0550518,38.60931015,32.78674316,9
element_4640,2042,256.8967653,6.53559541,117.5522311,332.1331791,241.9165286,21.79842327,7.47E-06,0,1678.769506,0.326063521,210574.6,2.880334071,34.54762066,-28.03952952,77.32103354,10.0550518,38.60931015,32.78674316,9
element_4640,2043,256.7558005,6.36730233,117.9492988,284.1443288,250.1292842,21.7980483,7.56E-06,0,1678.769506,0.326063521,210574.6,2.880334071,34.54762066,-28.03952952,77.32103354,10.0550518,38.60931015,32.78674316,9
element_4640,2044,256.5475576,6.349940671,117.7532363,309.6316247,241.2088837,21.79729317,6.63E-06,0,1678.769506,0.326063521,210574.6,2.880334071,34.54762066,-28.03952952,77.32103354,10.0550518,38.60931015,32.78674316,9
element_4640,2045,257.1919451,6.248615781,117.4264701,290.3579307,249.925966,21.79759571,7.95E-06,0,1678.769506,0.326063521,210574.6,2.880334071,34.54762066,-28.03952952,77.32103354,10.0550518,38.60931015,32.78674316,9
element_4640,2046,257.1343148,6.515832592,116.5421015,322.7106633,257.5919258,21.80097822,6.63E-06,0,1678.769506,0.326063521,210574.6,2.880334071,34.54762066,-28.03952952,77.32103354,10.0550518,38.60931015,32.78674316,9
element_4640,2047,257.4521355,6.571456323,117.1812694,298.0774088,253.8439955,21.79829598,8.30E-06,0,1678.769506,0.326063521,210574.6,2.880334071,34.54762066,-28.03952952,77.32103354,10.0550518,38.60931015,32.78674316,9
element_4640,2048,257.6164309,6.344150125,118.0632906,335.1587627,258.0049176,21.79954407,7.87E-06,0,1678.769506,0.326063521,210574.6,2.880334071,34.54762066,-28.03952952,77.32103354,10.0550518,38.60931015,32.78674316,9
element_4640,2049,257.6878239,6.338335243,116.5133895,348.0846489,250.8575597,21.79805952,1.00E-05,0,1678.769506,0.326063521,210574.6,2.880334071,34.54762066,-28.03952952,77.32103354,10.0550518,38.60931015,32.78674316,9
element_4640,2050,258.0683464,6.334924721,117.1225992,295.3312652,274.4497404,21.79799721,1.60E-05,0,1678.769506,0.326063521,210574.6,2.880334071,34.54762066,-28.03952952,77.32103354,10.0550518,38.60931015,32.78674316,9
element_4640,2051,257.636895,6.365897672,117.2782529,372.5022194,258.8472564,21.80192141,1.64E-05,0,1678.769506,0.326063521,210574.6,2.880334071,34.54762066,-28.03952952,77.32103354,10.0550518,38.60931015,32.78674316,9
element_4640,2052,257.4758769,6.318598561,116.9049238,348.8372504,261.1311838,21.79908636,1.48E-05,0,1678.769506,0.326063521,210574.6,2.880334071,34.54762066,-28.03952952,77.32103354,10.0550518,38.60931015,32.78674316,9
element_4640,2053,257.7597751,6.544242358,117.2321808,346.6965468,264.6574358,21.80013058,8.82E-06,0,1678.769506,0.326063521,210574.6,2.880334071,34.54762066,-28.03952952,77.32103354,10.0550518,38.60931015,32.78674316,9
element_4640,2054,257.6197883,6.456477499,117.137551,338.2741376,258.5303596,21.79942543,1.58E-05,0,1678.769506,0.326063521,210574.6,2.880334071,34.54762066,-28.03952952,77.32103354,10.0550518,38.60931015,32.78674316,9
element_4640,2055,257.5963946,6.48037034,116.8150395,393.18646,268.312053,21.80097864,8.93E-06,0,1678.769506,0.326063521,210574.6,2.880334071,34.54762066,-28.03952952,77.32103354,10.0550518,38.60931015,32.78674316,9
element_4640,2056,257.715342,6.455404625,119.3568862,333.404119,256.8125688,21.79830522,7.07E-06,0,1678.769506,0.326063521,210574.6,2.880334071,34.54762066,-28.03952952,77.32103354,10.0550518,38.60931015,32.78674316,9
element_4640,2057,258.1117443,6.41734546,117.1844594,342.5489393,260.5027621,21.80545708,1.65E-05,0,1678.769506,0.326063521,210574.6,2.880334071,34.54762066,-28.03952952,77.32103354,10.0550518,38.60931015,32.78674316,9
element_4640,2058,258.2883283,6.378009745,116.4345252,314.205728,268.140971,21.81106224,1.66E-05,0,1678.769506,0.326063521,210574.6,2.880334071,34.54762066,-28.03952952,77.32103354,10.0550518,38.60931015,32.78674316,9
element_4640,2059,258.6807004,6.493903368,115.8824282,362.3918558,268.6461876,21.80710025,2.88E-05,0,1678.769506,0.326063521,210574.6,2.880334071,34.54762066,-28.03952952,77.32103354,10.0550518,38.60931015,32.78674316,9
element_4640,2060,258.5994199,6.39627378,115.7476114,417.1448265,270.2419168,21.80349014,2.62E-05,0,1678.769506,0.326063521,210574.6,2.880334071,34.54762066,-28.03952952,77.32103354,10.0550518,38.60931015,32.78674316,9
element_4640,2061,258.2580766,6.486302813,116.7860869,331.2218986,269.7590789,21.79884139,3.15E-05,0,1678.769506,0.326063521,210574.6,2.880334071,34.54762066,-28.03952952,77.32103354,10.0550518,38.60931015,32.78674316,9
element_4640,2062,258.8565944,6.238613427,117.057615,345.4881887,277.8004064,21.80661693,2.08E-05,0,1678.769506,0.326063521,210574.6,2.880334071,34.54762066,-28.03952952,77.32103354,10.0550518,38.60931015,32.78674316,9
element_4640,2063,258.7761498,6.57994096,113.6175609,353.6585606,268.5819203,21.81162213,1.85E-05,0,1678.769506,0.326063521,210574.6,2.880334071,34.54762066,-28.03952952,77.32103354,10.0550518,38.60931015,32.78674316,9
element_4640,2064,258.7446407,6.568050988,117.7806139,393.6034101,268.4143195,21.79750425,2.13E-05,0,1678.769506,0.326063521,210574.6,2.880334071,34.54762066,-28.03952952,77.32103354,10.0550518,38.60931015,32.78674316,9
element_4640,2065,259.3137606,6.33301269,118.1326468,359.8653927,290.4778802,21.80653709,1.72E-05,0,1678.769506,0.326063521,210574.6,2.880334071,34.54762066,-28.03952952,77.32103354,10.0550518,38.60931015,32.78674316,9
element_4640,2066,259.2005984,6.520448714,114.5240339,446.0955566,278.1106518,21.80038374,1.96E-05,0,1678.769506,0.326063521,210574.6,2.880334071,34.54762066,-28.03952952,77.32103354,10.0550518,38.60931015,32.78674316,9
element_4640,2067,258.8235563,6.391434865,115.3429766,366.2575023,280.3988083,21.82084534,2.71E-05,0,1678.769506,0.326063521,210574.6,2.880334071,34.54762066,-28.03952952,77.32103354,10.0550518,38.60931015,32.78674316,9
element_4640,2068,258.9914134,6.602220411,117.3176375,400.8181849,279.0900859,21.8223206,2.14E-05,0,1678.769506,0.326063521,210574.6,2.880334071,34.54762066,-28.03952952,77.32103354,10.0550518,38.60931015,32.78674316,9
element_4640,2069,259.4377221,6.457643147,116.3878389,378.105117,278.9776881,21.80188523,2.22E-05,0,1678.769506,0.326063521,210574.6,2.880334071,34.54762066,-28.03952952,77.32103354,10.0550518,38.60931015,32.78674316,9
element_4640,2070,259.5426843,6.372164874,116.0963997,455.9804448,279.4801863,21.82859198,2.51E-05,0,1678.769506,0.326063521,210574.6,2.880334071,34.54762066,-28.03952952,77.32103354,10.0550518,38.60931015,32.78674316,9
element_4640,2071,259.2324676,6.375840271,114.8696002,368.7521306,276.9499697,21.80166986,3.86E-05,0,1678.769506,0.326063521,210574.6,2.880334071,34.54762066,-28.03952952,77.32103354,10.0550518,38.60931015,32.78674316,9
element_4640,2072,259.5069578,6.360859341,115.4784413,363.6840198,289.0666887,21.80283706,4.37E-05,0,1678.769506,0.326063521,210574.6,2.880334071,34.54762066,-28.03952952,77.32103354,10.0550518,38.60931015,32.78674316,9
element_4640,2073,259.1314411,6.529982187,115.6981385,399.0405543,288.078967,21.81471096,2.85E-05,0,1678.769506,0.326063521,210574.6,2.880334071,34.54762066,-28.03952952,77.32103354,10.0550518,38.60931015,32.78674316,9
element_4640,2074,259.5125609,6.327196393,114.5814856,492.0899312,276.5366804,21.80164543,2.35E-05,0,1678.769506,0.326063521,210574.6,2.880334071,34.54762066,-28.03952952,77.32103354,10.0550518,38.60931015,32.78674316,9
element_4640,2075,259.7234149,6.456550668,117.0033841,365.096309,282.5318221,21.81249716,2.80E-05,0,1678.769506,0.326063521,210574.6,2.880334071,34.54762066,-28.03952952,77.32103354,10.0550518,38.60931015,32.78674316,9
element_4640,2076,259.9452518,6.417680265,113.9642415,470.3324252,289.0450579,21.82483469,5.06E-05,0,1678.769506,0.326063521,210574.6,2.880334071,34.54762066,-28.03952952,77.32103354,10.0550518,38.60931015,32.78674316,9
element_4640,2077,260.1939219,6.150471236,111.7569777,527.016764,296.3656793,21.81023674,4.40E-05,0,1678.769506,0.326063521,210574.6,2.880334071,34.54762066,-28.03952952,77.32103354,10.0550518,38.60931015,32.78674316,9
element_4640,2078,260.0686351,6.328533471,115.0284354,380.3933958,291.4029243,21.81631398,1.98E-05,0,1678.769506,0.326063521,210574.6,2.880334071,34.54762066,-28.03952952,77.32103354,10.0550518,38.60931015,32.78674316,9
element_4640,2079,260.0038683,6.513961532,113.8725121,490.3538078,291.8291177,21.82575802,4.53E-05,0,1678.769506,0.326063521,210574.6,2.880334071,34.54762066,-28.03952952,77.32103354,10.0550518,38.60931015,32.78674316,9
element_4640,2080,259.9072377,6.12328234,114.5454914,377.4139155,290.3784062,21.81415713,3.64E-05,0,1678.769506,0.326063521,210574.6,2.880334071,34.54762066,-28.03952952,77.32103354,10.0550518,38.60931015,32.78674316,9
element_4640,2081,260.613382,6.297218541,114.662791,377.2605363,298.1266071,21.82100619,3.53E-05,0,1678.769506,0.326063521,210574.6,2.880334071,34.54762066,-28.03952952,77.32103354,10.0550518,38.60931015,32.78674316,9
element_4640,2082,260.1594684,6.508331252,114.2918561,458.5639005,287.1427364,21.81951157,6.53E-05,0,1678.769506,0.326063521,210574.6,2.880334071,34.54762066,-28.03952952,77.32103354,10.0550518,38.60931015,32.78674316,9
element_4640,2083,260.468196,6.383495697,112.2085054,407.7544634,290.9459903,21.81162911,4.59E-05,0,1678.769506,0.326063521,210574.6,2.880334071,34.54762066,-28.03952952,77.32103354,10.0550518,38.60931015,32.78674316,9
element_4640,2084,260.2948649,6.465256724,112.0429602,457.4667471,286.7813306,21.80948303,3.58E-05,0,1678.769506,0.326063521,210574.6,2.880334071,34.54762066,-28.03952952,77.32103354,10.0550518,38.60931015,32.78674316,9
element_4640,2085,260.7300015,6.41509311,113.4866067,381.7293421,296.9732269,21.82057752,3.41E-05,0,1678.769506,0.326063521,210574.6,2.880334071,34.54762066,-28.03952952,77.32103354,10.0550518,38.60931015,32.78674316,9
element_4640,2086,260.4486314,6.514284054,113.7179186,437.8360567,293.9859824,21.80460966,4.17E-05,0,1678.769506,0.326063521,210574.6,2.880334071,34.54762066,-28.03952952,77.32103354,10.0550518,38.60931015,32.78674316,9
element_4640,2087,260.6588555,6.635898103,114.2268886,447.0932381,291.081241,21.81542984,6.51E-05,0,1678.769506,0.326063521,210574.6,2.880334071,34.54762066,-28.03952952,77.32103354,10.0550518,38.60931015,32.78674316,9
element_4640,2088,260.5068544,6.362131953,116.5401823,363.1918279,303.1715172,21.82493335,3.95E-05,0,1678.769506,0.326063521,210574.6,2.880334071,34.54762066,-28.03952952,77.32103354,10.0550518,38.60931015,32.78674316,9
element_4640,2089,260.5010243,6.380296763,115.773172,398.7266357,298.6742179,21.82172557,3.41E-05,0,1678.769506,0.326063521,210574.6,2.880334071,34.54762066,-28.03952952,77.32103354,10.0550518,38.60931015,32.78674316,9
element_4640,2090,260.408531,6.692490347,113.8673447,438.1731301,297.3028926,21.8230238,2.39E-05,0,1678.769506,0.326063521,210574.6,2.880334071,34.54762066,-28.03952952,77.32103354,10.0550518,38.60931015,32.78674316,9
element_4640,2091,260.627182,6.599095585,112.2222852,477.6302624,298.5820706,21.82179266,4.73E-05,0,1678.769506,0.326063521,210574.6,2.880334071,34.54762066,-28.03952952,77.32103354,10.0550518,38.60931015,32.78674316,9
element_4640,2092,261.2907076,6.401486995,113.0170477,480.081921,308.8568791,21.83847071,4.53E-05,0,1678.769506,0.326063521,210574.6,2.880334071,34.54762066,-28.03952952,77.32103354,10.0550518,38.60931015,32.78674316,9
element_4640,2093,261.3263417,6.37780596,113.5119138,503.9418648,317.2841212,21.82163887,6.25E-05,0,1678.769506,0.326063521,210574.6,2.880334071,34.54762066,-28.03952952,77.32103354,10.0550518,38.60931015,32.78674316,9
element_4640,2094,260.9345239,6.614585152,114.4520121,462.2138401,311.1469021,21.85750096,3.96E-05,0,1678.769506,0.326063521,210574.6,2.880334071,34.54762066,-28.03952952,77.32103354,10.0550518,38.60931015,32.78674316,9
element_4640,2095,261.3093608,6.427583444,113.1030866,447.0309997,315.1697975,21.82650012,4.86E-05,0,1678.769506,0.326063521,210574.6,2.880334071,34.54762066,-28.03952952,77.32103354,10.0550518,38.60931015,32.78674316,9
element_4640,2096,260.7843065,6.394737611,113.074003,441.7067017,312.4381813,21.85241902,4.29E-05,0,1678.769506,0.326063521,210574.6,2.880334071,34.54762066,-28.03952952,77.32103354,10.0550518,38.60931015,32.78674316,9
element_4640,2097,261.4676827,6.440347218,111.2694427,423.4967396,320.8289431,21.83740724,6.26E-05,0,1678.769506,0.326063521,210574.6,2.880334071,34.54762066,-28.03952952,77.32103354,10.0550518,38.60931015,32.78674316,9
element_4640,2098,261.6716885,6.419972164,115.3057295,449.0627213,316.6102743,21.83118095,4.28E-05,0,1678.769506,0.326063521,210574.6,2.880334071,34.54762066,-28.03952952,77.32103354,10.0550518,38.60931015,32.78674316,9
element_4640,2099,261.4911465,6.233018572,113.9461432,390.955175,323.4640626,21.83058253,5.78E-05,0,1678.769506,0.326063521,210574.6,2.880334071,34.54762066,-28.03952952,77.32103354,10.0550518,38.60931015,32.78674316,9
element_4640,2100,261.9515793,6.587394419,112.6676008,463.842187,316.3751173,21.83204374,3.98E-05,0,1678.769506,0.326063521,210574.6,2.880334071,34.54762066,-28.03952952,77.32103354,10.0550518,38.60931015,32.78674316,9
element_4641,2015,251.6359368,6.623784216,124.0834654,159.367147,168.201355,21.93602992,0,0,2092.280944,0.155855983,158307.8,3.646442158,35.99113116,-32.52511567,77.48921603,0,0,0,9
element_4641,2016,251.7644933,6.502513904,124.4828861,169.1924506,174.4313727,21.93602992,0,0,2092.280944,0.155855983,158307.8,3.646442158,35.99113116,-32.52511567,77.48921603,0,0,0,9
element_4641,2017,251.2036614,6.728010672,123.654213,165.9261777,175.2535602,21.93602992,0,0,2092.280944,0.155855983,158307.8,3.646442158,35.99113116,-32.52511567,77.48921603,0,0,0,9
element_4641,2018,252.0885132,6.631912061,123.7697822,220.3825279,173.1366169,21.93602992,0,0,2092.280944,0.155855983,158307.8,3.646442158,35.99113116,-32.52511567,77.48921603,0,0,0,9
element_4641,2019,251.5406969,6.636016692,124.3740555,186.1350992,174.9118722,21.93602992,0,0,2092.280944,0.155855983,158307.8,3.646442158,35.99113116,-32.52511567,77.48921603,0,0,0,9
element_4641,2020,251.86624,6.657394365,123.3927922,196.4341951,167.871853,21.93602992,0,0,2092.280944,0.155855983,158307.8,3.646442158,35.99113116,-32.52511567,77.48921603,0,0,0,9
element_4641,2021,251.3464703,6.617598645,122.2571063,228.2746514,162.8287658,21.93602992,0,0,2092.280944,0.155855983,158307.8,3.646442158,35.99113116,-32.52511567,77.48921603,0,0,0,9
element_4641,2022,251.8715839,6.683708631,123.7483872,162.6050085,176.593854,21.93602992,0,0,2092.280944,0.155855983,158307.8,3.646442158,35.99113116,-32.52511567,77.48921603,0,0,0,9
element_4641,2023,251.9627693,6.52651338,123.9923226,170.6488188,175.3913646,21.93602992,0,0,2092.280944,0.155855983,158307.8,3.646442158,35.99113116,-32.52511567,77.48921603,0,0,0,9
element_4641,2024,252.1007587,6.631845367,124.2252709,176.0028721,182.179743,21.93602992,0,0,2092.280944,0.155855983,158307.8,3.646442158,35.99113116,-32.52511567,77.48921603,0,0,0,9
element_4641,2025,252.5426505,6.602925641,124.09708,197.6277942,173.9332244,21.93602992,0,0,2092.280944,0.155855983,158307.8,3.646442158,35.99113116,-32.52511567,77.48921603,0,0,0,9
element_4641,2026,252.3084321,6.664369115,121.7403292,237.5994324,169.6593964,21.93602992,0,0,2092.280944,0.155855983,158307.8,3.646442158,35.99113116,-32.52511567,77.48921603,0,0,0,9
element_4641,2027,252.645904,6.822015202,123.3762509,184.0786557,173.8245542,21.93602992,0,0,2092.280944,0.155855983,158307.8,3.646442158,35.99113116,-32.52511567,77.48921603,0,0,0,9
element_4641,2028,252.7208568,6.779847004,121.9950126,174.3118917,177.4980987,21.93602992,0,0,2092.280944,0.155855983,158307.8,3.646442158,35.99113116,-32.52511567,77.48921603,0,0,0,9
element_4641,2029,252.7242005,6.682220365,120.9421525,231.9479244,181.0489424,21.93602992,0,0,2092.280944,0.155855983,158307.8,3.646442158,35.99113116,-32.52511567,77.48921603,0,0,0,9
element_4641,2030,252.4846445,6.672428286,123.044462,191.6323869,180.0335662,21.93602992,0,0,2092.280944,0.155855983,158307.8,3.646442158,35.99113116,-32.52511567,77.48921603,0,0,0,9
element_4641,2031,252.2529496,6.688949027,121.6635415,191.4010261,172.3194131,21.93602992,0,0,2092.280944,0.155855983,158307.8,3.646442158,35.99113116,-32.52511567,77.48921603,0,0,0,9
element_4641,2032,252.2369996,6.499890108,122.0905898,209.0730107,177.6415573,21.93602992,0,0,2092.280944,0.155855983,158307.8,3.646442158,35.99113116,-32.52511567,77.48921603,0,0,0,9
element_4641,2033,252.9748735,6.763998231,122.0441277,243.7660853,182.0954575,21.93602992,0,0,2092.280944,0.155855983,158307.8,3.646442158,35.99113116,-32.52511567,77.48921603,0,0,0,9
element_4641,2034,252.6441236,6.674963936,124.9130921,166.6036918,178.1014867,21.93602992,0,0,2092.280944,0.155855983,158307.8,3.646442158,35.99113116,-32.52511567,77.48921603,0,0,0,9
element_4641,2035,252.8369236,6.641319084,123.9732777,159.5487231,191.8817087,21.93602992,0,0,2092.280944,0.155855983,158307.8,3.646442158,35.99113116,-32.52511567,77.48921603,0,0,0,9
element_4641,2036,252.6711255,6.736612057,122.0982814,214.9130236,180.2014684,21.93602992,0,0,2092.280944,0.155855983,158307.8,3.646442158,35.99113116,-32.52511567,77.48921603,0,0,0,9
element_4641,2037,252.539994,6.544369532,120.9720471,229.9896153,177.0987782,21.93602992,0,0,2092.280944,0.155855983,158307.8,3.646442158,35.99113116,-32.52511567,77.48921603,0,0,0,9
element_4641,2038,252.588925,6.599711205,121.5236596,229.3552477,174.5149689,21.93602992,0,0,2092.280944,0.155855983,158307.8,3.646442158,35.99113116,-32.52511567,77.48921603,0,0,0,9
element_4641,2039,253.4761469,6.560027545,122.8568176,246.5746819,184.2529359,21.93602992,0,0,2092.280944,0.155855983,158307.8,3.646442158,35.99113116,-32.52511567,77.48921603,0,0,0,9
element_4641,2040,252.3804953,6.351823988,122.2439341,208.1180371,186.1653823,21.93602992,0,0,2092.280944,0.155855983,158307.8,3.646442158,35.99113116,-32.52511567,77.48921603,0,0,0,9
element_4641,2041,252.9803901,6.546024248,121.9339433,186.3847021,184.3486556,21.93602992,0,0,2092.280944,0.155855983,158307.8,3.646442158,35.99113116,-32.52511567,77.48921603,0,0,0,9
element_4641,2042,253.4006281,6.5998135,121.7302472,218.658374,179.133475,21.93602992,0,0,2092.280944,0.155855983,158307.8,3.646442158,35.99113116,-32.52511567,77.48921603,0,0,0,9
element_4641,2043,253.0692347,6.668848215,122.2420404,195.7883507,184.8210098,21.93602992,0,0,2092.280944,0.155855983,158307.8,3.646442158,35.99113116,-32.52511567,77.48921603,0,0,0,9
element_4641,2044,253.0369641,6.522915071,121.8801631,207.8244184,178.6322916,21.93602992,0,0,2092.280944,0.155855983,158307.8,3.646442158,35.99113116,-32.52511567,77.48921603,0,0,0,9
element_4641,2045,253.622572,6.483606997,120.9956398,206.6611608,183.540455,21.93602992,0,0,2092.280944,0.155855983,158307.8,3.646442158,35.99113116,-32.52511567,77.48921603,0,0,0,9
element_4641,2046,253.6631453,6.696812345,120.8255491,219.5950447,192.6295549,21.93602992,0,0,2092.280944,0.155855983,158307.8,3.646442158,35.99113116,-32.52511567,77.48921603,0,0,0,9
element_4641,2047,253.8953769,6.838745866,121.2981865,211.1146975,185.3358004,21.93602992,0,0,2092.280944,0.155855983,158307.8,3.646442158,35.99113116,-32.52511567,77.48921603,0,0,0,9
element_4641,2048,253.7921943,6.398788545,122.2686676,207.073071,192.6152292,21.93602992,0,0,2092.280944,0.155855983,158307.8,3.646442158,35.99113116,-32.52511567,77.48921603,0,0,0,9
element_4641,2049,254.0395857,6.504920393,120.9271656,225.4215585,185.9730863,21.93602992,0,0,2092.280944,0.155855983,158307.8,3.646442158,35.99113116,-32.52511567,77.48921603,0,0,0,9
element_4641,2050,254.4295881,6.531461075,121.4765377,189.4903242,202.6757087,21.93602992,0,0,2092.280944,0.155855983,158307.8,3.646442158,35.99113116,-32.52511567,77.48921603,0,0,0,9
element_4641,2051,254.0196197,6.554478251,121.9962801,237.0695776,191.6133895,21.93602992,0,0,2092.280944,0.155855983,158307.8,3.646442158,35.99113116,-32.52511567,77.48921603,0,0,0,9
element_4641,2052,253.7579363,6.464678001,121.5275487,236.1168024,192.8068392,21.93602992,0,0,2092.280944,0.155855983,158307.8,3.646442158,35.99113116,-32.52511567,77.48921603,0,0,0,9
element_4641,2053,254.0678112,6.63930149,120.3884774,236.3836348,193.0452849,21.93602992,0,0,2092.280944,0.155855983,158307.8,3.646442158,35.99113116,-32.52511567,77.48921603,0,0,0,9
element_4641,2054,253.981266,6.839969498,121.0952981,218.9719026,193.5267808,21.93602992,0,0,2092.280944,0.155855983,158307.8,3.646442158,35.99113116,-32.52511567,77.48921603,0,0,0,9
element_4641,2055,253.7808525,6.507001741,120.784484,267.2138566,196.9266739,21.93602992,0,0,2092.280944,0.155855983,158307.8,3.646442158,35.99113116,-32.52511567,77.48921603,0,0,0,9
element_4641,2056,253.9824071,6.653019138,123.0120593,217.4262549,190.6406972,21.93602992,0,0,2092.280944,0.155855983,158307.8,3.646442158,35.99113116,-32.52511567,77.48921603,0,0,0,9
element_4641,2057,254.1975166,6.528264719,121.463675,229.7944577,191.78751,21.93602992,0,0,2092.280944,0.155855983,158307.8,3.646442158,35.99113116,-32.52511567,77.48921603,0,0,0,9
element_4641,2058,254.508075,6.570831294,120.8521147,214.9845998,199.8069089,21.93602992,0,0,2092.280944,0.155855983,158307.8,3.646442158,35.99113116,-32.52511567,77.48921603,0,0,0,9
element_4641,2059,254.8484234,6.590123371,119.7160127,258.7490405,197.9393253,21.93602992,0,0,2092.280944,0.155855983,158307.8,3.646442158,35.99113116,-32.52511567,77.48921603,0,0,0,9
element_4641,2060,254.7245968,6.466712304,120.6613091,271.7003974,200.6792446,21.93602992,0,0,2092.280944,0.155855983,158307.8,3.646442158,35.99113116,-32.52511567,77.48921603,0,0,0,9
element_4641,2061,254.5335219,6.652768653,121.5182227,217.5821954,201.3302636,21.93602992,0,0,2092.280944,0.155855983,158307.8,3.646442158,35.99113116,-32.52511567,77.48921603,0,0,0,9
element_4641,2062,255.1685848,6.518608605,120.6032654,226.2908377,205.5964933,21.93602992,0,0,2092.280944,0.155855983,158307.8,3.646442158,35.99113116,-32.52511567,77.48921603,0,0,0,9
element_4641,2063,255.2698609,6.775689956,117.9331425,232.2676938,196.3803,21.93602992,0,0,2092.280944,0.155855983,158307.8,3.646442158,35.99113116,-32.52511567,77.48921603,0,0,0,9
element_4641,2064,255.0024044,6.800644359,121.4845312,261.4890159,197.7163521,21.93602992,0,0,2092.280944,0.155855983,158307.8,3.646442158,35.99113116,-32.52511567,77.48921603,0,0,0,9
element_4641,2065,255.5862625,6.592172608,121.1424678,251.3756576,214.9313164,21.93602992,0,0,2092.280944,0.155855983,158307.8,3.646442158,35.99113116,-32.52511567,77.48921603,0,0,0,9
element_4641,2066,255.4714017,6.623148739,117.7486599,291.4670624,204.7048533,21.93602992,0,0,2092.280944,0.155855983,158307.8,3.646442158,35.99113116,-32.52511567,77.48921603,0,0,0,9
element_4641,2067,255.1207634,6.561394949,119.685953,244.5513263,206.2451547,21.93602992,0,0,2092.280944,0.155855983,158307.8,3.646442158,35.99113116,-32.52511567,77.48921603,0,0,0,9
element_4641,2068,255.084955,6.656029167,121.0935179,261.1487747,207.6966924,21.93602992,0,0,2092.280944,0.155855983,158307.8,3.646442158,35.99113116,-32.52511567,77.48921603,0,0,0,9
element_4641,2069,255.7092694,6.609824304,119.5978929,269.7307771,207.8327403,21.93602992,0,0,2092.280944,0.155855983,158307.8,3.646442158,35.99113116,-32.52511567,77.48921603,0,0,0,9
element_4641,2070,255.7758862,6.495532137,120.2142674,316.6277404,208.0452567,21.93739914,0,0,2092.280944,0.155855983,158307.8,3.646442158,35.99113116,-32.52511567,77.48921603,0,0,0,9
element_4641,2071,255.4254338,6.504875662,118.8108798,259.3366485,206.3852147,21.93602992,0,0,2092.280944,0.155855983,158307.8,3.646442158,35.99113116,-32.52511567,77.48921603,0,0,0,9
element_4641,2072,255.6087185,6.512972619,119.3823609,244.203731,213.1936563,21.93602992,0,0,2092.280944,0.155855983,158307.8,3.646442158,35.99113116,-32.52511567,77.48921603,0,0,0,9
element_4641,2073,255.3324264,6.64367068,119.0862347,275.8153547,211.0902536,21.93606361,0,0,2092.280944,0.155855983,158307.8,3.646442158,35.99113116,-32.52511567,77.48921603,0,0,0,9
element_4641,2074,255.5121467,6.306891796,119.4941444,318.0638734,205.5450247,21.93602992,0,0,2092.280944,0.155855983,158307.8,3.646442158,35.99113116,-32.52511567,77.48921603,0,0,0,9
element_4641,2075,255.9875114,6.698208515,120.9849223,244.9347036,207.3746822,21.93602992,0,0,2092.280944,0.155855983,158307.8,3.646442158,35.99113116,-32.52511567,77.48921603,0,0,0,9
element_4641,2076,256.1144161,6.473720953,118.4155885,319.0582251,215.5253684,21.93605295,0,0,2092.280944,0.155855983,158307.8,3.646442158,35.99113116,-32.52511567,77.48921603,0,0,0,9
element_4641,2077,256.3005814,6.263870771,116.5869202,338.8340907,221.3153125,21.93602992,0,0,2092.280944,0.155855983,158307.8,3.646442158,35.99113116,-32.52511567,77.48921603,0,0,0,9
element_4641,2078,256.276225,6.503972041,119.8988851,244.1728407,219.3855568,21.93602992,0,0,2092.280944,0.155855983,158307.8,3.646442158,35.99113116,-32.52511567,77.48921603,0,0,0,9
element_4641,2079,256.0152011,6.611227542,118.6057949,318.3346541,217.4325038,21.93630658,0,0,2092.280944,0.155855983,158307.8,3.646442158,35.99113116,-32.52511567,77.48921603,0,0,0,9
element_4641,2080,256.2846422,6.393267797,118.3963288,252.5532583,214.798699,21.93602992,0,0,2092.280944,0.155855983,158307.8,3.646442158,35.99113116,-32.52511567,77.48921603,0,0,0,9
element_4641,2081,256.8777499,6.497154549,119.0195118,250.6230772,224.0658122,21.93602992,0,0,2092.280944,0.155855983,158307.8,3.646442158,35.99113116,-32.52511567,77.48921603,0,0,0,9
element_4641,2082,256.343804,6.640479748,117.6117781,323.4616652,213.4194522,21.93603563,0,0,2092.280944,0.155855983,158307.8,3.646442158,35.99113116,-32.52511567,77.48921603,0,0,0,9
element_4641,2083,256.5894281,6.565149998,117.1051889,283.0146222,218.3683339,21.93602992,0,0,2092.280944,0.155855983,158307.8,3.646442158,35.99113116,-32.52511567,77.48921603,0,0,0,9
element_4641,2084,256.2119946,6.484323672,116.3325693,310.8821656,208.4292296,21.93613983,0,0,2092.280944,0.155855983,158307.8,3.646442158,35.99113116,-32.52511567,77.48921603,0,0,0,9
element_4641,2085,256.7075425,6.466308417,118.1572614,242.0984574,219.7779573,21.93602992,0,0,2092.280944,0.155855983,158307.8,3.646442158,35.99113116,-32.52511567,77.48921603,0,0,0,9
element_4641,2086,256.5844291,6.652405735,117.5995403,289.8836403,217.9908545,21.93602992,0,0,2092.280944,0.155855983,158307.8,3.646442158,35.99113116,-32.52511567,77.48921603,0,0,0,9
element_4641,2087,256.5577005,6.705377154,118.631382,304.2205861,214.96549,21.93603232,0,0,2092.280944,0.155855983,158307.8,3.646442158,35.99113116,-32.52511567,77.48921603,0,0,0,9
element_4641,2088,256.5279226,6.560261189,120.4200413,239.8610277,222.3168318,21.93603025,0,0,2092.280944,0.155855983,158307.8,3.646442158,35.99113116,-32.52511567,77.48921603,0,0,0,9
element_4641,2089,256.6248638,6.493384064,119.6697577,288.0498367,221.3107606,21.93623939,0,0,2092.280944,0.155855983,158307.8,3.646442158,35.99113116,-32.52511567,77.48921603,0,0,0,9
element_4641,2090,256.3496967,6.692880041,117.9077228,302.9508293,220.7036565,21.93602992,0,0,2092.280944,0.155855983,158307.8,3.646442158,35.99113116,-32.52511567,77.48921603,0,0,0,9
element_4641,2091,256.6110144,6.613901542,115.610483,346.4429581,218.5911479,21.93603055,0,0,2092.280944,0.155855983,158307.8,3.646442158,35.99113116,-32.52511567,77.48921603,0,0,0,9
element_4641,2092,257.2428824,6.466749623,116.5846342,302.906812,227.4531913,21.93975437,0,0,2092.280944,0.155855983,158307.8,3.646442158,35.99113116,-32.52511567,77.48921603,0,0,0,9
element_4641,2093,257.4070417,6.480407934,118.1631676,339.2639756,239.0289612,21.93602992,0,0,2092.280944,0.155855983,158307.8,3.646442158,35.99113116,-32.52511567,77.48921603,0,0,0,9
element_4641,2094,256.9354681,6.892738388,117.4935995,325.4378439,230.1423407,21.94388087,0,0,2092.280944,0.155855983,158307.8,3.646442158,35.99113116,-32.52511567,77.48921603,0,0,0,9
element_4641,2095,257.2571211,6.553858136,117.3687358,294.1537792,231.3270965,21.93603143,0,0,2092.280944,0.155855983,158307.8,3.646442158,35.99113116,-32.52511567,77.48921603,0,0,0,9
element_4641,2096,256.7108889,6.545865592,116.8205724,301.9662658,232.6451547,21.94413738,0,0,2092.280944,0.155855983,158307.8,3.646442158,35.99113116,-32.52511567,77.48921603,0,0,0,9
element_4641,2097,257.3947585,6.615074153,116.1102379,289.9846944,237.8940219,21.93661557,0,0,2092.280944,0.155855983,158307.8,3.646442158,35.99113116,-32.52511567,77.48921603,0,0,0,9
element_4641,2098,257.6741734,6.505718062,118.7357696,306.0123091,232.6157739,21.93642873,0,0,2092.280944,0.155855983,158307.8,3.646442158,35.99113116,-32.52511567,77.48921603,0,0,0,9
element_4641,2099,257.6756864,6.51270898,118.4169227,254.6381931,242.0731971,21.93604638,0,0,2092.280944,0.155855983,158307.8,3.646442158,35.99113116,-32.52511567,77.48921603,0,0,0,9
element_4641,2100,258.0478412,6.697596179,116.3357905,314.5666955,235.0964878,21.93641348,0,0,2092.280944,0.155855983,158307.8,3.646442158,35.99113116,-32.52511567,77.48921603,0,0,0,9
element_4642,2015,251.9144683,6.746668173,124.6718176,167.5965835,170.4703456,21.93602992,0,0,2149.320849,0.185763434,10820.4,3.67649261,41.47164662,-31.63488891,76.9707934,0,0,0,9
element_4642,2016,251.9955992,6.641901665,125.0847537,177.5003596,175.6984655,21.93602992,0,0,2149.320849,0.185763434,10820.4,3.67649261,41.47164662,-31.63488891,76.9707934,0,0,0,9
element_4642,2017,251.4443183,6.874213686,124.3998421,171.8523607,177.6093307,21.93602992,0,0,2149.320849,0.185763434,10820.4,3.67649261,41.47164662,-31.63488891,76.9707934,0,0,0,9
element_4642,2018,252.3399364,6.773601765,124.3844438,234.4479225,174.3887848,21.93602992,0,0,2149.320849,0.185763434,10820.4,3.67649261,41.47164662,-31.63488891,76.9707934,0,0,0,9
element_4642,2019,251.7736969,6.788102094,124.9813081,194.0798254,176.1175807,21.93602992,0,0,2149.320849,0.185763434,10820.4,3.67649261,41.47164662,-31.63488891,76.9707934,0,0,0,9
element_4642,2020,252.0869165,6.793063667,124.0098879,204.9045806,169.5439253,21.93602992,0,0,2149.320849,0.185763434,10820.4,3.67649261,41.47164662,-31.63488891,76.9707934,0,0,0,9
element_4642,2021,251.5933971,6.766440731,122.7992836,234.8232823,163.7880417,21.93602992,0,0,2149.320849,0.185763434,10820.4,3.67649261,41.47164662,-31.63488891,76.9707934,0,0,0,9
element_4642,2022,252.0993664,6.81842918,124.4392339,168.6070708,177.8016312,21.93602992,0,0,2149.320849,0.185763434,10820.4,3.67649261,41.47164662,-31.63488891,76.9707934,0,0,0,9
element_4642,2023,252.2030696,6.657044199,124.5980935,179.6679818,177.1374802,21.93602992,0,0,2149.320849,0.185763434,10820.4,3.67649261,41.47164662,-31.63488891,76.9707934,0,0,0,9
element_4642,2024,252.3653847,6.780264922,124.7973768,187.7243536,183.8090264,21.93602992,0,0,2149.320849,0.185763434,10820.4,3.67649261,41.47164662,-31.63488891,76.9707934,0,0,0,9
element_4642,2025,252.7732795,6.742267634,124.6688513,207.1171267,175.6342673,21.93602992,0,0,2149.320849,0.185763434,10820.4,3.67649261,41.47164662,-31.63488891,76.9707934,0,0,0,9
element_4642,2026,252.5658585,6.814212785,122.3372842,243.0830188,171.2684714,21.93602992,0,0,2149.320849,0.185763434,10820.4,3.67649261,41.47164662,-31.63488891,76.9707934,0,0,0,9
element_4642,2027,252.8956461,6.958803148,123.904149,190.8360501,176.2825689,21.93602992,0,0,2149.320849,0.185763434,10820.4,3.67649261,41.47164662,-31.63488891,76.9707934,0,0,0,9
element_4642,2028,252.9589252,6.92233434,122.5763808,180.4066384,179.3826332,21.93602992,0,0,2149.320849,0.185763434,10820.4,3.67649261,41.47164662,-31.63488891,76.9707934,0,0,0,9
element_4642,2029,252.9457096,6.834057028,121.4808937,244.2252372,182.7829616,21.93602992,0,0,2149.320849,0.185763434,10820.4,3.67649261,41.47164662,-31.63488891,76.9707934,0,0,0,9
element_4642,2030,252.71355,6.814052535,123.5941938,198.862277,182.0170231,21.93602992,0,0,2149.320849,0.185763434,10820.4,3.67649261,41.47164662,-31.63488891,76.9707934,0,0,0,9
element_4642,2031,252.4880235,6.824926146,122.4481359,198.1461778,173.3835508,21.93602992,0,0,2149.320849,0.185763434,10820.4,3.67649261,41.47164662,-31.63488891,76.9707934,0,0,0,9
element_4642,2032,252.4610573,6.64490201,122.6526046,222.4177836,178.8136091,21.93602992,0,0,2149.320849,0.185763434,10820.4,3.67649261,41.47164662,-31.63488891,76.9707934,0,0,0,9
element_4642,2033,253.1932973,6.911965731,122.348958,259.8062141,183.4179312,21.93602992,0,0,2149.320849,0.185763434,10820.4,3.67649261,41.47164662,-31.63488891,76.9707934,0,0,0,9
element_4642,2034,252.8714626,6.822912332,125.7394103,174.7306291,179.6827865,21.93602992,0,0,2149.320849,0.185763434,10820.4,3.67649261,41.47164662,-31.63488891,76.9707934,0,0,0,9
element_4642,2035,253.0544274,6.796077849,124.7284156,167.9027866,193.7179289,21.93602992,0,0,2149.320849,0.185763434,10820.4,3.67649261,41.47164662,-31.63488891,76.9707934,0,0,0,9
element_4642,2036,252.8928557,6.883221808,122.8512299,222.5613941,181.7212617,21.93602992,0,0,2149.320849,0.185763434,10820.4,3.67649261,41.47164662,-31.63488891,76.9707934,0,0,0,9
element_4642,2037,252.7675606,6.680415235,121.6087763,238.3915781,178.7254021,21.93602992,0,0,2149.320849,0.185763434,10820.4,3.67649261,41.47164662,-31.63488891,76.9707934,0,0,0,9
element_4642,2038,252.8234694,6.75017108,122.2120089,244.0708749,175.3953154,21.93602992,0,0,2149.320849,0.185763434,10820.4,3.67649261,41.47164662,-31.63488891,76.9707934,0,0,0,9
element_4642,2039,253.7271462,6.688959914,123.7216007,260.6274059,185.8969262,21.93602992,0,0,2149.320849,0.185763434,10820.4,3.67649261,41.47164662,-31.63488891,76.9707934,0,0,0,9
element_4642,2040,252.6249241,6.494257642,122.7122651,223.7086155,186.6590343,21.93602992,0,0,2149.320849,0.185763434,10820.4,3.67649261,41.47164662,-31.63488891,76.9707934,0,0,0,9
element_4642,2041,253.2077534,6.695393372,122.271536,196.2084345,186.2171858,21.93602992,0,0,2149.320849,0.185763434,10820.4,3.67649261,41.47164662,-31.63488891,76.9707934,0,0,0,9
element_4642,2042,253.636283,6.745675495,122.3004762,228.0654029,180.4703358,21.93602992,0,0,2149.320849,0.185763434,10820.4,3.67649261,41.47164662,-31.63488891,76.9707934,0,0,0,9
element_4642,2043,253.27903,6.803647046,122.8844535,205.8993391,186.5188379,21.93602992,0,0,2149.320849,0.185763434,10820.4,3.67649261,41.47164662,-31.63488891,76.9707934,0,0,0,9
element_4642,2044,253.2565104,6.657047303,122.7137168,218.5253423,179.6736437,21.93602992,0,0,2149.320849,0.185763434,10820.4,3.67649261,41.47164662,-31.63488891,76.9707934,0,0,0,9
element_4642,2045,253.8368247,6.596982288,121.8742899,211.8009457,185.1558706,21.93602992,0,0,2149.320849,0.185763434,10820.4,3.67649261,41.47164662,-31.63488891,76.9707934,0,0,0,9
element_4642,2046,253.8954255,6.841449223,121.3597031,231.0686196,194.3686697,21.93602992,0,0,2149.320849,0.185763434,10820.4,3.67649261,41.47164662,-31.63488891,76.9707934,0,0,0,9
element_4642,2047,254.095168,6.975706523,122.12192,218.2974384,186.8048903,21.93602992,0,0,2149.320849,0.185763434,10820.4,3.67649261,41.47164662,-31.63488891,76.9707934,0,0,0,9
element_4642,2048,254.0400389,6.537107514,122.9180357,220.9145988,193.8850597,21.93602992,0,0,2149.320849,0.185763434,10820.4,3.67649261,41.47164662,-31.63488891,76.9707934,0,0,0,9
element_4642,2049,254.2706263,6.653427405,121.4731637,238.188213,186.831651,21.93602992,0,0,2149.320849,0.185763434,10820.4,3.67649261,41.47164662,-31.63488891,76.9707934,0,0,0,9
element_4642,2050,254.6745239,6.650387629,122.2176448,197.571855,205.042264,21.93602992,0,0,2149.320849,0.185763434,10820.4,3.67649261,41.47164662,-31.63488891,76.9707934,0,0,0,9
element_4642,2051,254.2438314,6.700190809,122.5557398,250.0739692,192.9013438,21.93602992,0,0,2149.320849,0.185763434,10820.4,3.67649261,41.47164662,-31.63488891,76.9707934,0,0,0,9
element_4642,2052,253.9940248,6.592631844,122.0131908,246.3645958,194.0427915,21.93602992,0,0,2149.320849,0.185763434,10820.4,3.67649261,41.47164662,-31.63488891,76.9707934,0,0,0,9
element_4642,2053,254.2877242,6.776304384,121.1927013,246.1442357,194.5027472,21.93602992,0,0,2149.320849,0.185763434,10820.4,3.67649261,41.47164662,-31.63488891,76.9707934,0,0,0,9
element_4642,2054,254.2048608,6.945658805,121.7530807,228.8948682,195.5038348,21.93602992,0,0,2149.320849,0.185763434,10820.4,3.67649261,41.47164662,-31.63488891,76.9707934,0,0,0,9
element_4642,2055,254.0286122,6.64487439,121.3566331,284.9917497,198.7943888,21.93602992,0,0,2149.320849,0.185763434,10820.4,3.67649261,41.47164662,-31.63488891,76.9707934,0,0,0,9
element_4642,2056,254.2067375,6.784993544,123.6854425,226.9330639,192.0837678,21.93602992,0,0,2149.320849,0.185763434,10820.4,3.67649261,41.47164662,-31.63488891,76.9707934,0,0,0,9
element_4642,2057,254.4155574,6.667987373,122.172403,239.0768321,193.1131749,21.93602992,0,0,2149.320849,0.185763434,10820.4,3.67649261,41.47164662,-31.63488891,76.9707934,0,0,0,9
element_4642,2058,254.7369655,6.70128609,121.4580078,224.6930659,201.4036426,21.93602992,0,0,2149.320849,0.185763434,10820.4,3.67649261,41.47164662,-31.63488891,76.9707934,0,0,0,9
element_4642,2059,255.088704,6.721858125,120.2325222,268.2515007,200.0956162,21.93602992,0,0,2149.320849,0.185763434,10820.4,3.67649261,41.47164662,-31.63488891,76.9707934,0,0,0,9
element_4642,2060,254.9708865,6.615974392,121.1460061,287.7444212,202.3837495,21.93602992,0,0,2149.320849,0.185763434,10820.4,3.67649261,41.47164662,-31.63488891,76.9707934,0,0,0,9
element_4642,2061,254.7413301,6.782926818,121.84364,225.9021797,203.4110712,21.93602992,0,0,2149.320849,0.185763434,10820.4,3.67649261,41.47164662,-31.63488891,76.9707934,0,0,0,9
element_4642,2062,255.3988786,6.630727457,121.4270482,236.0949293,207.7644498,21.93602992,0,0,2149.320849,0.185763434,10820.4,3.67649261,41.47164662,-31.63488891,76.9707934,0,0,0,9
element_4642,2063,255.4575706,6.892943869,118.5735074,242.3667956,198.030684,21.93602992,0,0,2149.320849,0.185763434,10820.4,3.67649261,41.47164662,-31.63488891,76.9707934,0,0,0,9
element_4642,2064,255.2036566,6.924083394,122.276194,274.0349341,199.3195754,21.93602992,0,0,2149.320849,0.185763434,10820.4,3.67649261,41.47164662,-31.63488891,76.9707934,0,0,0,9
element_4642,2065,255.7961696,6.711485612,121.9826777,264.5017699,217.114681,21.93602992,0,0,2149.320849,0.185763434,10820.4,3.67649261,41.47164662,-31.63488891,76.9707934,0,0,0,9
element_4642,2066,255.7023034,6.761089658,118.4709632,311.0421904,206.8713999,21.93602992,0,0,2149.320849,0.185763434,10820.4,3.67649261,41.47164662,-31.63488891,76.9707934,0,0,0,9
element_4642,2067,255.3203856,6.706268469,120.0780904,259.333242,208.3617243,21.93602992,0,0,2149.320849,0.185763434,10820.4,3.67649261,41.47164662,-31.63488891,76.9707934,0,0,0,9
element_4642,2068,255.3103296,6.796617912,121.6439485,276.6070952,209.9257848,21.93602992,0,0,2149.320849,0.185763434,10820.4,3.67649261,41.47164662,-31.63488891,76.9707934,0,0,0,9
element_4642,2069,255.9365572,6.743268323,120.1619234,279.190329,209.8017099,21.93602992,0,0,2149.320849,0.185763434,10820.4,3.67649261,41.47164662,-31.63488891,76.9707934,0,0,0,9
element_4642,2070,255.9878959,6.626959604,120.697356,333.0541548,210.1155552,21.93698871,0,0,2149.320849,0.185763434,10820.4,3.67649261,41.47164662,-31.63488891,76.9707934,0,0,0,9
element_4642,2071,255.6216191,6.645645568,119.47014,265.9929233,208.3393469,21.93602992,0,0,2149.320849,0.185763434,10820.4,3.67649261,41.47164662,-31.63488891,76.9707934,0,0,0,9
element_4642,2072,255.8118556,6.656537713,119.857797,256.1397996,215.0336296,21.93602992,0,0,2149.320849,0.185763434,10820.4,3.67649261,41.47164662,-31.63488891,76.9707934,0,0,0,9
element_4642,2073,255.5302074,6.782516459,119.9629754,290.3833878,213.1118208,21.93603434,0,0,2149.320849,0.185763434,10820.4,3.67649261,41.47164662,-31.63488891,76.9707934,0,0,0,9
element_4642,2074,255.7570195,6.43930726,120.242899,343.5003982,207.5397015,21.93602992,0,0,2149.320849,0.185763434,10820.4,3.67649261,41.47164662,-31.63488891,76.9707934,0,0,0,9
element_4642,2075,256.1977866,6.81698295,121.7476436,258.0822838,209.3918749,21.93602992,0,0,2149.320849,0.185763434,10820.4,3.67649261,41.47164662,-31.63488891,76.9707934,0,0,0,9
element_4642,2076,256.3227205,6.6177429,118.8388103,338.3140402,216.6197325,21.93602992,0,0,2149.320849,0.185763434,10820.4,3.67649261,41.47164662,-31.63488891,76.9707934,0,0,0,9
element_4642,2077,256.5664985,6.387480724,116.9523712,362.6971133,222.9103533,21.93602992,0,0,2149.320849,0.185763434,10820.4,3.67649261,41.47164662,-31.63488891,76.9707934,0,0,0,9
element_4642,2078,256.5074531,6.64115093,120.3487726,263.9003548,220.9474893,21.93602992,0,0,2149.320849,0.185763434,10820.4,3.67649261,41.47164662,-31.63488891,76.9707934,0,0,0,9
element_4642,2079,256.2387378,6.737177749,119.1470818,337.5518742,218.9302262,21.93616806,0,0,2149.320849,0.185763434,10820.4,3.67649261,41.47164662,-31.63488891,76.9707934,0,0,0,9
element_4642,2080,256.5031169,6.516770418,119.0548061,265.06088,216.6405736,21.93602992,0,0,2149.320849,0.185763434,10820.4,3.67649261,41.47164662,-31.63488891,76.9707934,0,0,0,9
element_4642,2081,257.0928767,6.631387722,119.5343211,266.4016387,225.0692123,21.93602992,0,0,2149.320849,0.185763434,10820.4,3.67649261,41.47164662,-31.63488891,76.9707934,0,0,0,9
element_4642,2082,256.5380718,6.786612388,118.3318896,336.8883904,214.907747,21.93602992,0,0,2149.320849,0.185763434,10820.4,3.67649261,41.47164662,-31.63488891,76.9707934,0,0,0,9
element_4642,2083,256.7796354,6.695783411,117.573683,294.9909969,220.2320003,21.93602992,0,0,2149.320849,0.185763434,10820.4,3.67649261,41.47164662,-31.63488891,76.9707934,0,0,0,9
element_4642,2084,256.4519416,6.624148038,117.035343,324.1356883,209.9551732,21.93609407,0,0,2149.320849,0.185763434,10820.4,3.67649261,41.47164662,-31.63488891,76.9707934,0,0,0,9
element_4642,2085,256.9168101,6.596022986,118.5867842,253.995079,221.5520678,21.93602992,0,0,2149.320849,0.185763434,10820.4,3.67649261,41.47164662,-31.63488891,76.9707934,0,0,0,9
element_4642,2086,256.7837703,6.794270792,118.256762,300.4083369,219.458132,21.93602992,0,0,2149.320849,0.185763434,10820.4,3.67649261,41.47164662,-31.63488891,76.9707934,0,0,0,9
element_4642,2087,256.7631582,6.841631552,119.2536268,319.3596953,216.1135078,21.93602992,0,0,2149.320849,0.185763434,10820.4,3.67649261,41.47164662,-31.63488891,76.9707934,0,0,0,9
element_4642,2088,256.7311938,6.689285037,121.2002096,247.9086063,224.0302203,21.93602992,0,0,2149.320849,0.185763434,10820.4,3.67649261,41.47164662,-31.63488891,76.9707934,0,0,0,9
element_4642,2089,256.8253158,6.62846413,120.2608477,300.4108992,223.0185377,21.93611137,0,0,2149.320849,0.185763434,10820.4,3.67649261,41.47164662,-31.63488891,76.9707934,0,0,0,9
element_4642,2090,256.5800014,6.840031675,118.7874472,311.5964768,223.5192084,21.93602992,0,0,2149.320849,0.185763434,10820.4,3.67649261,41.47164662,-31.63488891,76.9707934,0,0,0,9
element_4642,2091,256.8214535,6.747593348,116.3784122,353.5619788,220.7444431,21.93602992,0,0,2149.320849,0.185763434,10820.4,3.67649261,41.47164662,-31.63488891,76.9707934,0,0,0,9
element_4642,2092,257.4507659,6.602027986,117.3277474,321.8623618,228.5047802,21.9388379,0,0,2149.320849,0.185763434,10820.4,3.67649261,41.47164662,-31.63488891,76.9707934,0,0,0,9
element_4642,2093,257.6323471,6.627987582,118.5432305,359.8595857,240.8370501,21.93602992,0,0,2149.320849,0.185763434,10820.4,3.67649261,41.47164662,-31.63488891,76.9707934,0,0,0,9
element_4642,2094,257.1503338,7.030352263,118.3031178,335.8664925,232.744488,21.94279276,0,0,2149.320849,0.185763434,10820.4,3.67649261,41.47164662,-31.63488891,76.9707934,0,0,0,9
element_4642,2095,257.4850639,6.683398366,118.0331005,304.5151613,232.9254457,21.93602992,0,0,2149.320849,0.185763434,10820.4,3.67649261,41.47164662,-31.63488891,76.9707934,0,0,0,9
element_4642,2096,256.9262487,6.682137415,117.67134,309.3025508,234.3534089,21.9416698,0,0,2149.320849,0.185763434,10820.4,3.67649261,41.47164662,-31.63488891,76.9707934,0,0,0,9
element_4642,2097,257.5799379,6.728810193,116.6627817,299.057733,239.6051853,21.93633319,0,0,2149.320849,0.185763434,10820.4,3.67649261,41.47164662,-31.63488891,76.9707934,0,0,0,9
element_4642,2098,257.8837411,6.64558387,119.3409835,320.8753096,234.1783454,21.9362489,0,0,2149.320849,0.185763434,10820.4,3.67649261,41.47164662,-31.63488891,76.9707934,0,0,0,9
element_4642,2099,257.8894101,6.635064275,118.9540655,265.9650895,244.1460672,21.93602992,0,0,2149.320849,0.185763434,10820.4,3.67649261,41.47164662,-31.63488891,76.9707934,0,0,0,9
element_4642,2100,258.2480616,6.829640154,116.9640447,325.7531888,236.5254498,21.93623802,0,0,2149.320849,0.185763434,10820.4,3.67649261,41.47164662,-31.63488891,76.9707934,0,0,0,9
element_4643,2015,249.2218002,5.938774534,126.7241612,152.6803337,140.8612403,21.93602992,0,0,2540.185124,0.12277208,137383.5,4.0406879,40.43437735,-35.29472078,76.01547917,0,0,0,9
element_4643,2016,249.2547163,5.801543703,127.4864119,154.917337,147.4596394,21.93602992,0,0,2540.185124,0.12277208,137383.5,4.0406879,40.43437735,-35.29472078,76.01547917,0,0,0,9
element_4643,2017,248.4667968,5.956521866,126.7691173,153.9333136,146.0046652,21.93602992,0,0,2540.185124,0.12277208,137383.5,4.0406879,40.43437735,-35.29472078,76.01547917,0,0,0,9
element_4643,2018,249.5008082,5.955941074,127.2421951,186.1317649,144.7544221,21.93602992,0,0,2540.185124,0.12277208,137383.5,4.0406879,40.43437735,-35.29472078,76.01547917,0,0,0,9
element_4643,2019,248.6029222,5.748968568,127.6532006,168.5035929,145.1991396,21.93602992,0,0,2540.185124,0.12277208,137383.5,4.0406879,40.43437735,-35.29472078,76.01547917,0,0,0,9
element_4643,2020,249.0447206,5.932588685,126.7662926,173.505955,141.7184531,21.93602992,0,0,2540.185124,0.12277208,137383.5,4.0406879,40.43437735,-35.29472078,76.01547917,0,0,0,9
element_4643,2021,248.590407,5.873716785,125.6967716,197.9793809,137.4271382,21.93602992,0,0,2540.185124,0.12277208,137383.5,4.0406879,40.43437735,-35.29472078,76.01547917,0,0,0,9
element_4643,2022,249.2954847,5.98482073,127.3012015,155.0635208,145.8890873,21.93602992,0,0,2540.185124,0.12277208,137383.5,4.0406879,40.43437735,-35.29472078,76.01547917,0,0,0,9
element_4643,2023,249.3510701,5.836528652,126.78656,157.7008573,145.6745828,21.93602992,0,0,2540.185124,0.12277208,137383.5,4.0406879,40.43437735,-35.29472078,76.01547917,0,0,0,9
element_4643,2024,249.462256,5.889103575,127.0097182,162.8199566,152.0238994,21.93602992,0,0,2540.185124,0.12277208,137383.5,4.0406879,40.43437735,-35.29472078,76.01547917,0,0,0,9
element_4643,2025,250.028277,5.987253101,126.7965625,172.2921958,145.3448826,21.93602992,0,0,2540.185124,0.12277208,137383.5,4.0406879,40.43437735,-35.29472078,76.01547917,0,0,0,9
element_4643,2026,249.6914103,5.949826237,125.7415625,199.9507798,141.4809337,21.93602992,0,0,2540.185124,0.12277208,137383.5,4.0406879,40.43437735,-35.29472078,76.01547917,0,0,0,9
element_4643,2027,250.1703805,6.104736042,126.6653848,170.5373339,146.5071612,21.93602992,0,0,2540.185124,0.12277208,137383.5,4.0406879,40.43437735,-35.29472078,76.01547917,0,0,0,9
element_4643,2028,250.0886899,6.054705055,125.285551,167.8244704,147.3174678,21.93602992,0,0,2540.185124,0.12277208,137383.5,4.0406879,40.43437735,-35.29472078,76.01547917,0,0,0,9
element_4643,2029,250.0718768,6.002452939,125.1460517,200.1223746,151.2036922,21.93602992,0,0,2540.185124,0.12277208,137383.5,4.0406879,40.43437735,-35.29472078,76.01547917,0,0,0,9
element_4643,2030,249.7827573,5.918677113,126.1954828,170.4918935,149.4530158,21.93602992,0,0,2540.185124,0.12277208,137383.5,4.0406879,40.43437735,-35.29472078,76.01547917,0,0,0,9
element_4643,2031,249.7007157,5.994332028,125.7255044,173.1954631,143.5256491,21.93602992,0,0,2540.185124,0.12277208,137383.5,4.0406879,40.43437735,-35.29472078,76.01547917,0,0,0,9
element_4643,2032,249.6003849,5.764874736,125.876121,171.8327885,149.2955279,21.93602992,0,0,2540.185124,0.12277208,137383.5,4.0406879,40.43437735,-35.29472078,76.01547917,0,0,0,9
element_4643,2033,250.3295525,6.052524646,125.298522,207.1395328,151.0618764,21.93602992,0,0,2540.185124,0.12277208,137383.5,4.0406879,40.43437735,-35.29472078,76.01547917,0,0,0,9
element_4643,2034,250.0494214,6.005960333,127.6037943,156.8511512,147.8916494,21.93602992,0,0,2540.185124,0.12277208,137383.5,4.0406879,40.43437735,-35.29472078,76.01547917,0,0,0,9
element_4643,2035,250.2466227,5.950310342,127.6079101,154.9484817,157.9419459,21.93602992,0,0,2540.185124,0.12277208,137383.5,4.0406879,40.43437735,-35.29472078,76.01547917,0,0,0,9
element_4643,2036,250.0448135,5.979181518,125.5771886,186.0632507,150.0490399,21.93602992,0,0,2540.185124,0.12277208,137383.5,4.0406879,40.43437735,-35.29472078,76.01547917,0,0,0,9
element_4643,2037,249.9267519,5.895921484,124.419204,206.5897794,148.1149159,21.93602992,0,0,2540.185124,0.12277208,137383.5,4.0406879,40.43437735,-35.29472078,76.01547917,0,0,0,9
element_4643,2038,249.8209534,5.850564062,125.2303165,199.3330716,147.0459954,21.93602992,0,0,2540.185124,0.12277208,137383.5,4.0406879,40.43437735,-35.29472078,76.01547917,0,0,0,9
element_4643,2039,250.7573557,5.889944855,125.9705962,209.3364102,153.9430291,21.93602992,0,0,2540.185124,0.12277208,137383.5,4.0406879,40.43437735,-35.29472078,76.01547917,0,0,0,9
element_4643,2040,249.5607112,5.601614978,125.9353407,176.2026865,156.7707221,21.93602992,0,0,2540.185124,0.12277208,137383.5,4.0406879,40.43437735,-35.29472078,76.01547917,0,0,0,9
element_4643,2041,250.2096583,5.77266996,125.1169791,174.0890765,152.8592368,21.93602992,0,0,2540.185124,0.12277208,137383.5,4.0406879,40.43437735,-35.29472078,76.01547917,0,0,0,9
element_4643,2042,250.7730965,5.861971158,125.1652671,185.8652822,150.2283124,21.93602992,0,0,2540.185124,0.12277208,137383.5,4.0406879,40.43437735,-35.29472078,76.01547917,0,0,0,9
element_4643,2043,250.3694968,5.995920004,125.5328253,171.3158177,154.0300518,21.93602992,0,0,2540.185124,0.12277208,137383.5,4.0406879,40.43437735,-35.29472078,76.01547917,0,0,0,9
element_4643,2044,250.4441621,5.885020046,124.9532809,182.9815637,148.5230027,21.93602992,0,0,2540.185124,0.12277208,137383.5,4.0406879,40.43437735,-35.29472078,76.01547917,0,0,0,9
element_4643,2045,250.9977585,5.810025744,124.0346216,192.706685,152.0131055,21.93602992,0,0,2540.185124,0.12277208,137383.5,4.0406879,40.43437735,-35.29472078,76.01547917,0,0,0,9
element_4643,2046,251.0371411,6.016857249,124.5998345,199.863545,160.3427397,21.93602992,0,0,2540.185124,0.12277208,137383.5,4.0406879,40.43437735,-35.29472078,76.01547917,0,0,0,9
element_4643,2047,251.1046663,6.071568987,125.1147421,184.4580925,152.9760338,21.93602992,0,0,2540.185124,0.12277208,137383.5,4.0406879,40.43437735,-35.29472078,76.01547917,0,0,0,9
element_4643,2048,251.1197114,5.710356381,125.0757585,185.9072638,163.0579151,21.93602992,0,0,2540.185124,0.12277208,137383.5,4.0406879,40.43437735,-35.29472078,76.01547917,0,0,0,9
element_4643,2049,251.3406255,5.844036383,124.8543992,195.3315333,154.5170779,21.93602992,0,0,2540.185124,0.12277208,137383.5,4.0406879,40.43437735,-35.29472078,76.01547917,0,0,0,9
element_4643,2050,251.8396,5.836913986,125.0235664,171.7931642,167.2681711,21.93602992,0,0,2540.185124,0.12277208,137383.5,4.0406879,40.43437735,-35.29472078,76.01547917,0,0,0,9
element_4643,2051,251.4140288,5.899806551,124.8930535,204.6829898,160.9519643,21.93602992,0,0,2540.185124,0.12277208,137383.5,4.0406879,40.43437735,-35.29472078,76.01547917,0,0,0,9
element_4643,2052,251.1989315,5.823397609,124.9527219,211.4466567,161.8647784,21.93602992,0,0,2540.185124,0.12277208,137383.5,4.0406879,40.43437735,-35.29472078,76.01547917,0,0,0,9
element_4643,2053,251.4198723,5.961901561,123.3053331,204.2823595,158.9616818,21.93602992,0,0,2540.185124,0.12277208,137383.5,4.0406879,40.43437735,-35.29472078,76.01547917,0,0,0,9
element_4643,2054,251.2550199,6.195949248,124.7243692,196.5249045,159.8984092,21.93602992,0,0,2540.185124,0.12277208,137383.5,4.0406879,40.43437735,-35.29472078,76.01547917,0,0,0,9
element_4643,2055,251.0844212,5.779941223,123.9886269,224.1387136,163.4887237,21.93602992,0,0,2540.185124,0.12277208,137383.5,4.0406879,40.43437735,-35.29472078,76.01547917,0,0,0,9
element_4643,2056,251.305689,5.929463762,125.8208284,182.9217224,158.8481397,21.93602992,0,0,2540.185124,0.12277208,137383.5,4.0406879,40.43437735,-35.29472078,76.01547917,0,0,0,9
element_4643,2057,251.3971739,5.762803764,125.2567823,191.7492186,161.2083606,21.93602992,0,0,2540.185124,0.12277208,137383.5,4.0406879,40.43437735,-35.29472078,76.01547917,0,0,0,9
element_4643,2058,251.7685903,5.844221159,123.9617374,196.9441487,167.8189196,21.93602992,0,0,2540.185124,0.12277208,137383.5,4.0406879,40.43437735,-35.29472078,76.01547917,0,0,0,9
element_4643,2059,252.1283834,5.906645851,122.797366,226.2579389,165.9866233,21.93602992,0,0,2540.185124,0.12277208,137383.5,4.0406879,40.43437735,-35.29472078,76.01547917,0,0,0,9
element_4643,2060,252.0003397,5.84699626,124.1744274,238.6977028,167.3631162,21.93602992,0,0,2540.185124,0.12277208,137383.5,4.0406879,40.43437735,-35.29472078,76.01547917,0,0,0,9
element_4643,2061,251.9171089,5.949207624,124.1331806,200.1582999,168.3776106,21.93602992,0,0,2540.185124,0.12277208,137383.5,4.0406879,40.43437735,-35.29472078,76.01547917,0,0,0,9
element_4643,2062,252.5560777,5.884492709,123.9595585,206.6017578,171.5156305,21.93602992,0,0,2540.185124,0.12277208,137383.5,4.0406879,40.43437735,-35.29472078,76.01547917,0,0,0,9
element_4643,2063,252.6680138,6.088645408,121.3756051,208.0306166,162.3464415,21.93602992,0,0,2540.185124,0.12277208,137383.5,4.0406879,40.43437735,-35.29472078,76.01547917,0,0,0,9
element_4643,2064,252.3970947,6.122141215,124.1099197,225.7250155,166.2240257,21.93602992,0,0,2540.185124,0.12277208,137383.5,4.0406879,40.43437735,-35.29472078,76.01547917,0,0,0,9
element_4643,2065,252.9117405,5.903043604,123.5044409,219.5500944,178.2761505,21.93602992,0,0,2540.185124,0.12277208,137383.5,4.0406879,40.43437735,-35.29472078,76.01547917,0,0,0,9
element_4643,2066,252.840738,5.941511783,120.8454141,256.1700651,170.7411432,21.93602992,0,0,2540.185124,0.12277208,137383.5,4.0406879,40.43437735,-35.29472078,76.01547917,0,0,0,9
element_4643,2067,252.5436093,5.861348624,122.6462538,216.2470195,170.8577207,21.93602992,0,0,2540.185124,0.12277208,137383.5,4.0406879,40.43437735,-35.29472078,76.01547917,0,0,0,9
element_4643,2068,252.3649749,5.948647486,123.501041,222.3194796,173.2659448,21.93602992,0,0,2540.185124,0.12277208,137383.5,4.0406879,40.43437735,-35.29472078,76.01547917,0,0,0,9
element_4643,2069,253.0236215,5.96187716,122.5489919,229.5939993,173.5339826,21.93602992,0,0,2540.185124,0.12277208,137383.5,4.0406879,40.43437735,-35.29472078,76.01547917,0,0,0,9
element_4643,2070,253.2935898,5.839986172,123.417924,263.8234067,174.128248,21.93606112,0,0,2540.185124,0.12277208,137383.5,4.0406879,40.43437735,-35.29472078,76.01547917,0,0,0,9
element_4643,2071,252.7110758,5.76908358,122.6135362,219.0323125,172.1251348,21.93602992,0,0,2540.185124,0.12277208,137383.5,4.0406879,40.43437735,-35.29472078,76.01547917,0,0,0,9
element_4643,2072,252.8329737,5.838745705,122.6180974,214.9601233,176.7695729,21.93602992,0,0,2540.185124,0.12277208,137383.5,4.0406879,40.43437735,-35.29472078,76.01547917,0,0,0,9
element_4643,2073,252.6386035,5.905841209,122.5040681,231.6750391,177.233653,21.93603001,0,0,2540.185124,0.12277208,137383.5,4.0406879,40.43437735,-35.29472078,76.01547917,0,0,0,9
element_4643,2074,252.8630277,5.639379818,123.4666703,268.3361511,172.2884971,21.93602992,0,0,2540.185124,0.12277208,137383.5,4.0406879,40.43437735,-35.29472078,76.01547917,0,0,0,9
element_4643,2075,253.4041297,6.019693707,123.5545734,215.9844516,173.1075528,21.93602992,0,0,2540.185124,0.12277208,137383.5,4.0406879,40.43437735,-35.29472078,76.01547917,0,0,0,9
element_4643,2076,253.4492703,5.807895304,121.6755107,261.10663,179.5089536,21.93602993,0,0,2540.185124,0.12277208,137383.5,4.0406879,40.43437735,-35.29472078,76.01547917,0,0,0,9
element_4643,2077,253.6609055,5.678620892,120.20194,278.3592523,186.0521841,21.93602992,0,0,2540.185124,0.12277208,137383.5,4.0406879,40.43437735,-35.29472078,76.01547917,0,0,0,9
element_4643,2078,253.6207262,5.817942481,122.8828618,227.7192139,182.8531532,21.93602992,0,0,2540.185124,0.12277208,137383.5,4.0406879,40.43437735,-35.29472078,76.01547917,0,0,0,9
element_4643,2079,253.3023782,5.940594655,121.7578203,273.4579129,181.0702514,21.93603001,0,0,2540.185124,0.12277208,137383.5,4.0406879,40.43437735,-35.29472078,76.01547917,0,0,0,9
element_4643,2080,253.791798,5.83493523,121.819153,227.5396348,179.3428583,21.93602992,0,0,2540.185124,0.12277208,137383.5,4.0406879,40.43437735,-35.29472078,76.01547917,0,0,0,9
element_4643,2081,254.2106962,5.877616423,121.9799288,225.1661847,187.3959769,21.93602992,0,0,2540.185124,0.12277208,137383.5,4.0406879,40.43437735,-35.29472078,76.01547917,0,0,0,9
element_4643,2082,253.7242855,5.931102773,120.6692463,270.3192626,180.4207227,21.93602992,0,0,2540.185124,0.12277208,137383.5,4.0406879,40.43437735,-35.29472078,76.01547917,0,0,0,9
element_4643,2083,253.8742868,5.8639154,120.5505808,254.4763377,182.6455931,21.93602992,0,0,2540.185124,0.12277208,137383.5,4.0406879,40.43437735,-35.29472078,76.01547917,0,0,0,9
element_4643,2084,253.5263077,5.796134602,120.1243709,262.3285969,174.3766654,21.93602992,0,0,2540.185124,0.12277208,137383.5,4.0406879,40.43437735,-35.29472078,76.01547917,0,0,0,9
element_4643,2085,253.9173528,5.705914741,121.5655511,207.458144,183.7866679,21.93602992,0,0,2540.185124,0.12277208,137383.5,4.0406879,40.43437735,-35.29472078,76.01547917,0,0,0,9
element_4643,2086,253.9181664,5.954083898,120.8861202,241.3450941,182.3871629,21.93602992,0,0,2540.185124,0.12277208,137383.5,4.0406879,40.43437735,-35.29472078,76.01547917,0,0,0,9
element_4643,2087,253.6647065,5.873315403,122.4679899,251.4437341,179.9351837,21.93602992,0,0,2540.185124,0.12277208,137383.5,4.0406879,40.43437735,-35.29472078,76.01547917,0,0,0,9
element_4643,2088,253.7560682,5.835845801,123.4506312,203.9062371,186.3535506,21.93602992,0,0,2540.185124,0.12277208,137383.5,4.0406879,40.43437735,-35.29472078,76.01547917,0,0,0,9
element_4643,2089,253.9797735,5.766377362,122.0573487,242.8576446,186.6253604,21.93603132,0,0,2540.185124,0.12277208,137383.5,4.0406879,40.43437735,-35.29472078,76.01547917,0,0,0,9
element_4643,2090,253.4749066,5.894967077,121.1454416,262.48513,183.4113369,21.93602992,0,0,2540.185124,0.12277208,137383.5,4.0406879,40.43437735,-35.29472078,76.01547917,0,0,0,9
element_4643,2091,253.7937414,5.863185178,119.378314,282.950309,182.5625257,21.93602992,0,0,2540.185124,0.12277208,137383.5,4.0406879,40.43437735,-35.29472078,76.01547917,0,0,0,9
element_4643,2092,254.4826532,5.765097125,119.7483812,258.3697416,188.9084453,21.93617324,0,0,2540.185124,0.12277208,137383.5,4.0406879,40.43437735,-35.29472078,76.01547917,0,0,0,9
element_4643,2093,254.7703566,5.822188166,120.8443034,287.4146549,199.540591,21.93602992,0,0,2540.185124,0.12277208,137383.5,4.0406879,40.43437735,-35.29472078,76.01547917,0,0,0,9
element_4643,2094,254.1420897,6.16436018,120.7096357,267.2796837,191.8852977,21.93629501,0,0,2540.185124,0.12277208,137383.5,4.0406879,40.43437735,-35.29472078,76.01547917,0,0,0,9
element_4643,2095,254.491942,5.84482207,120.2919021,251.468717,192.4637058,21.93602992,0,0,2540.185124,0.12277208,137383.5,4.0406879,40.43437735,-35.29472078,76.01547917,0,0,0,9
element_4643,2096,253.9125878,5.855103295,119.8222152,251.9284398,193.013562,21.93636536,0,0,2540.185124,0.12277208,137383.5,4.0406879,40.43437735,-35.29472078,76.01547917,0,0,0,9
element_4643,2097,254.5091879,5.889830821,119.7468247,252.127356,195.2896826,21.93603016,0,0,2540.185124,0.12277208,137383.5,4.0406879,40.43437735,-35.29472078,76.01547917,0,0,0,9
element_4643,2098,254.991883,5.86348855,120.9782167,266.6259437,195.7522586,21.93602995,0,0,2540.185124,0.12277208,137383.5,4.0406879,40.43437735,-35.29472078,76.01547917,0,0,0,9
element_4643,2099,255.0811319,5.782868296,121.4563633,229.3149543,202.7031519,21.93602992,0,0,2540.185124,0.12277208,137383.5,4.0406879,40.43437735,-35.29472078,76.01547917,0,0,0,9
element_4643,2100,255.2675941,5.907122056,119.4121782,271.6187872,197.2929685,21.93602995,0,0,2540.185124,0.12277208,137383.5,4.0406879,40.43437735,-35.29472078,76.01547917,0,0,0,9
element_4644,2015,249.1988028,5.924692376,127.4416533,155.1112005,139.8417757,21.93602992,0,0,2531.20198,0.141615271,11166.4,3.731492466,39.6952163,-34.35982056,75.91777323,0,0,0,9
element_4644,2016,249.1978355,5.8008995,128.2225648,157.7175714,146.0764252,21.93602992,0,0,2531.20198,0.141615271,11166.4,3.731492466,39.6952163,-34.35982056,75.91777323,0,0,0,9
element_4644,2017,248.4061397,5.956860486,127.5963563,155.3203746,144.9440834,21.93602992,0,0,2531.20198,0.141615271,11166.4,3.731492466,39.6952163,-34.35982056,75.91777323,0,0,0,9
element_4644,2018,249.4570496,5.954537622,128.0665698,190.7723758,143.4152845,21.93602992,0,0,2531.20198,0.141615271,11166.4,3.731492466,39.6952163,-34.35982056,75.91777323,0,0,0,9
element_4644,2019,248.5235478,5.739160761,128.3602035,171.6955939,143.4821293,21.93602992,0,0,2531.20198,0.141615271,11166.4,3.731492466,39.6952163,-34.35982056,75.91777323,0,0,0,9
element_4644,2020,248.9723065,5.932851661,127.5428133,176.4266218,140.7557252,21.93602992,0,0,2531.20198,0.141615271,11166.4,3.731492466,39.6952163,-34.35982056,75.91777323,0,0,0,9
element_4644,2021,248.5396306,5.873826172,126.3961255,200.03071,136.145313,21.93602992,0,0,2531.20198,0.141615271,11166.4,3.731492466,39.6952163,-34.35982056,75.91777323,0,0,0,9
element_4644,2022,249.2388063,5.980219092,128.165201,157.2923131,144.268125,21.93602992,0,0,2531.20198,0.141615271,11166.4,3.731492466,39.6952163,-34.35982056,75.91777323,0,0,0,9
element_4644,2023,249.3018928,5.832437927,127.5065258,160.0196873,144.4248998,21.93602992,0,0,2531.20198,0.141615271,11166.4,3.731492466,39.6952163,-34.35982056,75.91777323,0,0,0,9
element_4644,2024,249.4304113,5.892519595,127.7003241,166.9990002,150.7107138,21.93602992,0,0,2531.20198,0.141615271,11166.4,3.731492466,39.6952163,-34.35982056,75.91777323,0,0,0,9
element_4644,2025,249.9680475,5.9906521,127.613622,174.315035,144.1321393,21.93602992,0,0,2531.20198,0.141615271,11166.4,3.731492466,39.6952163,-34.35982056,75.91777323,0,0,0,9
element_4644,2026,249.6566576,5.955859005,126.5195599,201.0348054,140.266822,21.93602992,0,0,2531.20198,0.141615271,11166.4,3.731492466,39.6952163,-34.35982056,75.91777323,0,0,0,9
element_4644,2027,250.1417238,6.103457389,127.3186906,173.1204702,145.8685348,21.93602992,0,0,2531.20198,0.141615271,11166.4,3.731492466,39.6952163,-34.35982056,75.91777323,0,0,0,9
element_4644,2028,250.0410408,6.058525144,126.0192477,169.7652645,146.126296,21.93602992,0,0,2531.20198,0.141615271,11166.4,3.731492466,39.6952163,-34.35982056,75.91777323,0,0,0,9
element_4644,2029,250.0040556,6.009772829,126.0089141,204.2106355,149.9315334,21.93602992,0,0,2531.20198,0.141615271,11166.4,3.731492466,39.6952163,-34.35982056,75.91777323,0,0,0,9
element_4644,2030,249.7224237,5.918269191,126.8951135,172.5765531,148.1772489,21.93602992,0,0,2531.20198,0.141615271,11166.4,3.731492466,39.6952163,-34.35982056,75.91777323,0,0,0,9
element_4644,2031,249.6613256,6.000471384,126.6495243,175.0726452,141.8596161,21.93602992,0,0,2531.20198,0.141615271,11166.4,3.731492466,39.6952163,-34.35982056,75.91777323,0,0,0,9
element_4644,2032,249.5420063,5.766946823,126.653255,175.0340499,147.7955239,21.93602992,0,0,2531.20198,0.141615271,11166.4,3.731492466,39.6952163,-34.35982056,75.91777323,0,0,0,9
element_4644,2033,250.2671029,6.056925416,125.8949735,212.5002947,149.3752941,21.93602992,0,0,2531.20198,0.141615271,11166.4,3.731492466,39.6952163,-34.35982056,75.91777323,0,0,0,9
element_4644,2034,249.9933461,6.018773457,128.4794959,159.7975268,146.4761453,21.93602992,0,0,2531.20198,0.141615271,11166.4,3.731492466,39.6952163,-34.35982056,75.91777323,0,0,0,9
element_4644,2035,250.1859719,5.9580754,128.5325531,158.7996379,156.208344,21.93602992,0,0,2531.20198,0.141615271,11166.4,3.731492466,39.6952163,-34.35982056,75.91777323,0,0,0,9
element_4644,2036,249.9995431,5.985585435,126.4692955,187.7364878,148.6206422,21.93602992,0,0,2531.20198,0.141615271,11166.4,3.731492466,39.6952163,-34.35982056,75.91777323,0,0,0,9
element_4644,2037,249.8712566,5.901588114,125.1490961,208.7087101,146.8535082,21.93602992,0,0,2531.20198,0.141615271,11166.4,3.731492466,39.6952163,-34.35982056,75.91777323,0,0,0,9
element_4644,2038,249.7620362,5.849129793,125.9893171,205.4967933,145.6137215,21.93602992,0,0,2531.20198,0.141615271,11166.4,3.731492466,39.6952163,-34.35982056,75.91777323,0,0,0,9
element_4644,2039,250.7014202,5.87468447,126.9107127,213.0250875,152.6379177,21.93602992,0,0,2531.20198,0.141615271,11166.4,3.731492466,39.6952163,-34.35982056,75.91777323,0,0,0,9
element_4644,2040,249.5067877,5.59569948,126.5762958,182.2655979,155.0233438,21.93602992,0,0,2531.20198,0.141615271,11166.4,3.731492466,39.6952163,-34.35982056,75.91777323,0,0,0,9
element_4644,2041,250.1517121,5.768478693,125.717538,178.0089904,151.5777106,21.93602992,0,0,2531.20198,0.141615271,11166.4,3.731492466,39.6952163,-34.35982056,75.91777323,0,0,0,9
element_4644,2042,250.7190635,5.858758043,125.9335062,188.1313441,148.6429059,21.93602992,0,0,2531.20198,0.141615271,11166.4,3.731492466,39.6952163,-34.35982056,75.91777323,0,0,0,9
element_4644,2043,250.2857058,5.994318625,126.3718319,174.3635211,152.5621412,21.93602992,0,0,2531.20198,0.141615271,11166.4,3.731492466,39.6952163,-34.35982056,75.91777323,0,0,0,9
element_4644,2044,250.3938457,5.882614072,125.7986583,185.0921885,146.793737,21.93602992,0,0,2531.20198,0.141615271,11166.4,3.731492466,39.6952163,-34.35982056,75.91777323,0,0,0,9
element_4644,2045,250.928991,5.800526985,124.8823088,195.5476419,150.5553699,21.93602992,0,0,2531.20198,0.141615271,11166.4,3.731492466,39.6952163,-34.35982056,75.91777323,0,0,0,9
element_4644,2046,250.982255,6.028039658,125.3720198,205.4250665,158.8308441,21.93602992,0,0,2531.20198,0.141615271,11166.4,3.731492466,39.6952163,-34.35982056,75.91777323,0,0,0,9
element_4644,2047,251.0231655,6.070389384,126.05144,185.2025561,151.2899654,21.93602992,0,0,2531.20198,0.141615271,11166.4,3.731492466,39.6952163,-34.35982056,75.91777323,0,0,0,9
element_4644,2048,251.0774293,5.709124513,125.8503789,190.4745853,161.5264413,21.93602992,0,0,2531.20198,0.141615271,11166.4,3.731492466,39.6952163,-34.35982056,75.91777323,0,0,0,9
element_4644,2049,251.2920736,5.859084657,125.6111793,198.6317457,152.6972725,21.93602992,0,0,2531.20198,0.141615271,11166.4,3.731492466,39.6952163,-34.35982056,75.91777323,0,0,0,9
element_4644,2050,251.7884466,5.824673018,125.8816184,175.0656705,165.7540782,21.93602992,0,0,2531.20198,0.141615271,11166.4,3.731492466,39.6952163,-34.35982056,75.91777323,0,0,0,9
element_4644,2051,251.3645223,5.913247248,125.614095,209.7784866,159.3934139,21.93602992,0,0,2531.20198,0.141615271,11166.4,3.731492466,39.6952163,-34.35982056,75.91777323,0,0,0,9
element_4644,2052,251.1557277,5.82437641,125.6123521,215.3897531,160.1820703,21.93602992,0,0,2531.20198,0.141615271,11166.4,3.731492466,39.6952163,-34.35982056,75.91777323,0,0,0,9
element_4644,2053,251.3574332,5.963596213,124.1297189,205.6396948,157.3393255,21.93602992,0,0,2531.20198,0.141615271,11166.4,3.731492466,39.6952163,-34.35982056,75.91777323,0,0,0,9
element_4644,2054,251.1883546,6.186720193,125.5428822,198.8300811,158.7074312,21.93602992,0,0,2531.20198,0.141615271,11166.4,3.731492466,39.6952163,-34.35982056,75.91777323,0,0,0,9
element_4644,2055,251.039653,5.778795832,124.7268571,229.7570583,162.0929941,21.93602992,0,0,2531.20198,0.141615271,11166.4,3.731492466,39.6952163,-34.35982056,75.91777323,0,0,0,9
element_4644,2056,251.240935,5.925117826,126.6632818,184.0498271,157.3592705,21.93602992,0,0,2531.20198,0.141615271,11166.4,3.731492466,39.6952163,-34.35982056,75.91777323,0,0,0,9
element_4644,2057,251.3218289,5.756921143,126.1460405,193.4168112,159.6366197,21.93602992,0,0,2531.20198,0.141615271,11166.4,3.731492466,39.6952163,-34.35982056,75.91777323,0,0,0,9
element_4644,2058,251.7103368,5.843223482,124.6849878,200.239966,166.2796683,21.93602992,0,0,2531.20198,0.141615271,11166.4,3.731492466,39.6952163,-34.35982056,75.91777323,0,0,0,9
element_4644,2059,252.0679639,5.907764403,123.532757,228.1954038,164.7458871,21.93602992,0,0,2531.20198,0.141615271,11166.4,3.731492466,39.6952163,-34.35982056,75.91777323,0,0,0,9
element_4644,2060,251.9391893,5.860658327,124.8971702,245.5340702,165.5471393,21.93602992,0,0,2531.20198,0.141615271,11166.4,3.731492466,39.6952163,-34.35982056,75.91777323,0,0,0,9
element_4644,2061,251.8559039,5.952434538,124.6565146,204.7344412,166.9565552,21.93602992,0,0,2531.20198,0.141615271,11166.4,3.731492466,39.6952163,-34.35982056,75.91777323,0,0,0,9
element_4644,2062,252.5033542,5.883997962,124.9068515,209.8713424,170.3648182,21.93602992,0,0,2531.20198,0.141615271,11166.4,3.731492466,39.6952163,-34.35982056,75.91777323,0,0,0,9
element_4644,2063,252.5998252,6.084244166,122.1630171,210.6490933,161.0624542,21.93602992,0,0,2531.20198,0.141615271,11166.4,3.731492466,39.6952163,-34.35982056,75.91777323,0,0,0,9
element_4644,2064,252.3271716,6.118427366,124.9249068,229.1101711,164.8615352,21.93602992,0,0,2531.20198,0.141615271,11166.4,3.731492466,39.6952163,-34.35982056,75.91777323,0,0,0,9
element_4644,2065,252.8406788,5.896574874,124.3008226,222.9228287,176.4721198,21.93602992,0,0,2531.20198,0.141615271,11166.4,3.731492466,39.6952163,-34.35982056,75.91777323,0,0,0,9
element_4644,2066,252.7861565,5.942519242,121.6875236,263.4637973,169.3671501,21.93602992,0,0,2531.20198,0.141615271,11166.4,3.731492466,39.6952163,-34.35982056,75.91777323,0,0,0,9
element_4644,2067,252.4693727,5.866829673,123.3056083,222.0745288,169.2131065,21.93602992,0,0,2531.20198,0.141615271,11166.4,3.731492466,39.6952163,-34.35982056,75.91777323,0,0,0,9
element_4644,2068,252.3094985,5.953528239,124.1997269,226.6941425,172.0714036,21.93602992,0,0,2531.20198,0.141615271,11166.4,3.731492466,39.6952163,-34.35982056,75.91777323,0,0,0,9
element_4644,2069,252.9595963,5.964769398,123.3327011,230.9193432,172.2020062,21.93602992,0,0,2531.20198,0.141615271,11166.4,3.731492466,39.6952163,-34.35982056,75.91777323,0,0,0,9
element_4644,2070,253.2347313,5.837178053,124.0618832,270.1381851,172.6917301,21.93604111,0,0,2531.20198,0.141615271,11166.4,3.731492466,39.6952163,-34.35982056,75.91777323,0,0,0,9
element_4644,2071,252.6343192,5.774703471,123.4076907,220.3999592,170.6000126,21.93602992,0,0,2531.20198,0.141615271,11166.4,3.731492466,39.6952163,-34.35982056,75.91777323,0,0,0,9
element_4644,2072,252.7625431,5.854127848,123.3630851,218.644624,175.0244089,21.93602992,0,0,2531.20198,0.141615271,11166.4,3.731492466,39.6952163,-34.35982056,75.91777323,0,0,0,9
element_4644,2073,252.5630501,5.906364169,123.4606408,235.236506,175.7005592,21.93602992,0,0,2531.20198,0.141615271,11166.4,3.731492466,39.6952163,-34.35982056,75.91777323,0,0,0,9
element_4644,2074,252.8122105,5.633497018,124.3192908,278.9597176,170.8437497,21.93602992,0,0,2531.20198,0.141615271,11166.4,3.731492466,39.6952163,-34.35982056,75.91777323,0,0,0,9
element_4644,2075,253.3271079,6.00743552,124.396855,220.2566846,171.4842894,21.93602992,0,0,2531.20198,0.141615271,11166.4,3.731492466,39.6952163,-34.35982056,75.91777323,0,0,0,9
element_4644,2076,253.3627545,5.80985122,122.2938713,267.2219157,177.25594,21.93602992,0,0,2531.20198,0.141615271,11166.4,3.731492466,39.6952163,-34.35982056,75.91777323,0,0,0,9
element_4644,2077,253.6155964,5.672767197,120.7625056,286.9136119,184.4852207,21.93602992,0,0,2531.20198,0.141615271,11166.4,3.731492466,39.6952163,-34.35982056,75.91777323,0,0,0,9
element_4644,2078,253.557999,5.815988256,123.6125962,237.1400919,181.1177082,21.93602992,0,0,2531.20198,0.141615271,11166.4,3.731492466,39.6952163,-34.35982056,75.91777323,0,0,0,9
element_4644,2079,253.2365594,5.940445437,122.4864963,280.92467,179.2210024,21.93602992,0,0,2531.20198,0.141615271,11166.4,3.731492466,39.6952163,-34.35982056,75.91777323,0,0,0,9
element_4644,2080,253.7244826,5.840143473,122.6101314,232.832399,177.3986699,21.93602992,0,0,2531.20198,0.141615271,11166.4,3.731492466,39.6952163,-34.35982056,75.91777323,0,0,0,9
element_4644,2081,254.1463318,5.879953231,122.6822254,232.2677848,185.2323784,21.93602992,0,0,2531.20198,0.141615271,11166.4,3.731492466,39.6952163,-34.35982056,75.91777323,0,0,0,9
element_4644,2082,253.6468099,5.938169806,121.5482449,273.5673112,178.8703838,21.93602992,0,0,2531.20198,0.141615271,11166.4,3.731492466,39.6952163,-34.35982056,75.91777323,0,0,0,9
element_4644,2083,253.7838167,5.860260952,121.2626603,259.648779,181.0323919,21.93602992,0,0,2531.20198,0.141615271,11166.4,3.731492466,39.6952163,-34.35982056,75.91777323,0,0,0,9
element_4644,2084,253.4640582,5.79671605,120.9663265,265.5056135,172.8942317,21.93602992,0,0,2531.20198,0.141615271,11166.4,3.731492466,39.6952163,-34.35982056,75.91777323,0,0,0,9
element_4644,2085,253.8300219,5.702390524,122.2897066,210.6234016,181.8975992,21.93602992,0,0,2531.20198,0.141615271,11166.4,3.731492466,39.6952163,-34.35982056,75.91777323,0,0,0,9
element_4644,2086,253.8414263,5.963693318,121.6520964,243.5006651,180.4534367,21.93602992,0,0,2531.20198,0.141615271,11166.4,3.731492466,39.6952163,-34.35982056,75.91777323,0,0,0,9
element_4644,2087,253.5638785,5.862872972,123.3169498,254.4183903,177.7632799,21.93602992,0,0,2531.20198,0.141615271,11166.4,3.731492466,39.6952163,-34.35982056,75.91777323,0,0,0,9
element_4644,2088,253.6748425,5.831382818,124.2789662,205.2291835,184.7548042,21.93602992,0,0,2531.20198,0.141615271,11166.4,3.731492466,39.6952163,-34.35982056,75.91777323,0,0,0,9
element_4644,2089,253.9073295,5.762820665,122.7098849,246.4963949,185.3222505,21.93602992,0,0,2531.20198,0.141615271,11166.4,3.731492466,39.6952163,-34.35982056,75.91777323,0,0,0,9
element_4644,2090,253.4039761,5.895771997,122.02219,264.8558423,181.9656018,21.93602992,0,0,2531.20198,0.141615271,11166.4,3.731492466,39.6952163,-34.35982056,75.91777323,0,0,0,9
element_4644,2091,253.7158453,5.862166009,120.2630232,282.9187325,181.2366466,21.93602992,0,0,2531.20198,0.141615271,11166.4,3.731492466,39.6952163,-34.35982056,75.91777323,0,0,0,9
element_4644,2092,254.4050524,5.760287196,120.5344371,264.679165,186.6163018,21.93608082,0,0,2531.20198,0.141615271,11166.4,3.731492466,39.6952163,-34.35982056,75.91777323,0,0,0,9
element_4644,2093,254.7018641,5.826447187,121.458201,295.4494352,197.3876626,21.93602992,0,0,2531.20198,0.141615271,11166.4,3.731492466,39.6952163,-34.35982056,75.91777323,0,0,0,9
element_4644,2094,254.0728003,6.172344113,121.598353,267.6884575,190.4477109,21.9361225,0,0,2531.20198,0.141615271,11166.4,3.731492466,39.6952163,-34.35982056,75.91777323,0,0,0,9
element_4644,2095,254.422438,5.840538308,121.0729173,252.856208,190.5194314,21.93602992,0,0,2531.20198,0.141615271,11166.4,3.731492466,39.6952163,-34.35982056,75.91777323,0,0,0,9
element_4644,2096,253.8383111,5.865660169,120.6716912,250.8588414,190.9884456,21.93614857,0,0,2531.20198,0.141615271,11166.4,3.731492466,39.6952163,-34.35982056,75.91777323,0,0,0,9
element_4644,2097,254.4162215,5.883555948,120.5021558,254.0322138,193.3642133,21.93602992,0,0,2531.20198,0.141615271,11166.4,3.731492466,39.6952163,-34.35982056,75.91777323,0,0,0,9
element_4644,2098,254.9209434,5.869166227,121.7342994,272.7160182,194.1462259,21.93602992,0,0,2531.20198,0.141615271,11166.4,3.731492466,39.6952163,-34.35982056,75.91777323,0,0,0,9
element_4644,2099,255.0139733,5.775980794,122.145572,233.3836049,200.840853,21.93602992,0,0,2531.20198,0.141615271,11166.4,3.731492466,39.6952163,-34.35982056,75.91777323,0,0,0,9
element_4644,2100,255.1901068,5.902672961,120.191827,272.3408326,195.588483,21.93602992,0,0,2531.20198,0.141615271,11166.4,3.731492466,39.6952163,-34.35982056,75.91777323,0,0,0,9
element_4645,2015,248.0497926,5.641884854,126.4142688,154.4495007,130.2992608,21.93602992,0,0,2772.026997,0.096291782,38406.6,4.752705001,41.80557357,-37.73481045,75.26763077,0,0,0,9
element_4645,2016,248.0511928,5.467865232,127.4076648,150.5295057,137.4580933,21.93602992,0,0,2772.026997,0.096291782,38406.6,4.752705001,41.80557357,-37.73481045,75.26763077,0,0,0,9
element_4645,2017,247.1448381,5.568037292,126.5685958,151.2888134,134.1539412,21.93602992,0,0,2772.026997,0.096291782,38406.6,4.752705001,41.80557357,-37.73481045,75.26763077,0,0,0,9
element_4645,2018,248.2339869,5.643229072,127.0328059,169.7399202,133.7241625,21.93602992,0,0,2772.026997,0.096291782,38406.6,4.752705001,41.80557357,-37.73481045,75.26763077,0,0,0,9
element_4645,2019,247.2079428,5.34199804,127.744501,158.615001,134.5103553,21.93602992,0,0,2772.026997,0.096291782,38406.6,4.752705001,41.80557357,-37.73481045,75.26763077,0,0,0,9
element_4645,2020,247.705722,5.567460664,126.6658719,163.9835451,131.6643016,21.93602992,0,0,2772.026997,0.096291782,38406.6,4.752705001,41.80557357,-37.73481045,75.26763077,0,0,0,9
element_4645,2021,247.2396193,5.51447288,125.8658484,182.7396701,127.8239005,21.93602992,0,0,2772.026997,0.096291782,38406.6,4.752705001,41.80557357,-37.73481045,75.26763077,0,0,0,9
element_4645,2022,248.0797352,5.640258045,127.1438145,155.6532447,134.3770525,21.93602992,0,0,2772.026997,0.096291782,38406.6,4.752705001,41.80557357,-37.73481045,75.26763077,0,0,0,9
element_4645,2023,248.1006405,5.503595491,126.497697,156.6202346,134.351169,21.93602992,0,0,2772.026997,0.096291782,38406.6,4.752705001,41.80557357,-37.73481045,75.26763077,0,0,0,9
element_4645,2024,248.1496651,5.508571725,126.8099471,158.960005,140.5235441,21.93602992,0,0,2772.026997,0.096291782,38406.6,4.752705001,41.80557357,-37.73481045,75.26763077,0,0,0,9
element_4645,2025,248.8504618,5.678958373,126.1000399,166.6493986,134.4643474,21.93602992,0,0,2772.026997,0.096291782,38406.6,4.752705001,41.80557357,-37.73481045,75.26763077,0,0,0,9
element_4645,2026,248.3794753,5.598611583,126.0108078,182.9573277,130.7254165,21.93602992,0,0,2772.026997,0.096291782,38406.6,4.752705001,41.80557357,-37.73481045,75.26763077,0,0,0,9
element_4645,2027,248.9191494,5.749221916,126.8697516,165.9338025,135.4662095,21.93602992,0,0,2772.026997,0.096291782,38406.6,4.752705001,41.80557357,-37.73481045,75.26763077,0,0,0,9
element_4645,2028,248.7854481,5.679007951,125.0532951,166.6890055,135.5689837,21.93602992,0,0,2772.026997,0.096291782,38406.6,4.752705001,41.80557357,-37.73481045,75.26763077,0,0,0,9
element_4645,2029,248.8156068,5.647207755,125.1254161,183.4157023,139.7102908,21.93602992,0,0,2772.026997,0.096291782,38406.6,4.752705001,41.80557357,-37.73481045,75.26763077,0,0,0,9
element_4645,2030,248.481865,5.536508751,126.072792,162.4772754,138.0187967,21.93602992,0,0,2772.026997,0.096291782,38406.6,4.752705001,41.80557357,-37.73481045,75.26763077,0,0,0,9
element_4645,2031,248.3984314,5.618805375,125.7208011,168.5274546,133.2538719,21.93602992,0,0,2772.026997,0.096291782,38406.6,4.752705001,41.80557357,-37.73481045,75.26763077,0,0,0,9
element_4645,2032,248.3353819,5.403757346,125.973826,161.5708998,139.2321102,21.93602992,0,0,2772.026997,0.096291782,38406.6,4.752705001,41.80557357,-37.73481045,75.26763077,0,0,0,9
element_4645,2033,249.0686569,5.698399368,125.3838439,190.1199486,139.3187878,21.93602992,0,0,2772.026997,0.096291782,38406.6,4.752705001,41.80557357,-37.73481045,75.26763077,0,0,0,9
element_4645,2034,248.8008214,5.649669104,127.0176297,156.2907879,135.9690511,21.93602992,0,0,2772.026997,0.096291782,38406.6,4.752705001,41.80557357,-37.73481045,75.26763077,0,0,0,9
element_4645,2035,248.9906528,5.593467807,127.3164403,150.338039,145.2887393,21.93602992,0,0,2772.026997,0.096291782,38406.6,4.752705001,41.80557357,-37.73481045,75.26763077,0,0,0,9
element_4645,2036,248.740278,5.584207722,125.2870423,175.4767735,138.6617966,21.93602992,0,0,2772.026997,0.096291782,38406.6,4.752705001,41.80557357,-37.73481045,75.26763077,0,0,0,9
element_4645,2037,248.6660133,5.572322624,124.6679339,196.8821386,137.3186224,21.93602992,0,0,2772.026997,0.096291782,38406.6,4.752705001,41.80557357,-37.73481045,75.26763077,0,0,0,9
element_4645,2038,248.4921069,5.510184699,125.5136633,181.8673957,136.6619846,21.93602992,0,0,2772.026997,0.096291782,38406.6,4.752705001,41.80557357,-37.73481045,75.26763077,0,0,0,9
element_4645,2039,249.4824523,5.615192113,125.389006,193.8822887,142.5211599,21.93602992,0,0,2772.026997,0.096291782,38406.6,4.752705001,41.80557357,-37.73481045,75.26763077,0,0,0,9
element_4645,2040,248.1590298,5.258885279,126.3403967,156.7339207,145.7344288,21.93602992,0,0,2772.026997,0.096291782,38406.6,4.752705001,41.80557357,-37.73481045,75.26763077,0,0,0,9
element_4645,2041,248.8467689,5.407911369,125.2450298,167.9319405,140.4827943,21.93602992,0,0,2772.026997,0.096291782,38406.6,4.752705001,41.80557357,-37.73481045,75.26763077,0,0,0,9
element_4645,2042,249.5215927,5.509437691,125.0909049,174.3687177,139.9267992,21.93602992,0,0,2772.026997,0.096291782,38406.6,4.752705001,41.80557357,-37.73481045,75.26763077,0,0,0,9
element_4645,2043,249.1249308,5.661536434,125.0677534,162.7342985,142.2349874,21.93602992,0,0,2772.026997,0.096291782,38406.6,4.752705001,41.80557357,-37.73481045,75.26763077,0,0,0,9
element_4645,2044,249.1868115,5.590975928,124.6490687,176.7953226,137.7179764,21.93602992,0,0,2772.026997,0.096291782,38406.6,4.752705001,41.80557357,-37.73481045,75.26763077,0,0,0,9
element_4645,2045,249.7573192,5.477689688,123.8546464,183.3597387,140.6629586,21.93602992,0,0,2772.026997,0.096291782,38406.6,4.752705001,41.80557357,-37.73481045,75.26763077,0,0,0,9
element_4645,2046,249.7722733,5.645773147,124.6588397,187.0449223,148.4238391,21.93602992,0,0,2772.026997,0.096291782,38406.6,4.752705001,41.80557357,-37.73481045,75.26763077,0,0,0,9
element_4645,2047,249.7825237,5.672106996,124.9928322,178.5406655,141.2918903,21.93602992,0,0,2772.026997,0.096291782,38406.6,4.752705001,41.80557357,-37.73481045,75.26763077,0,0,0,9
element_4645,2048,249.811138,5.372824838,124.7060116,179.0596907,151.7461727,21.93602992,0,0,2772.026997,0.096291782,38406.6,4.752705001,41.80557357,-37.73481045,75.26763077,0,0,0,9
element_4645,2049,249.9955443,5.468521882,125.0493341,182.5696694,142.3433991,21.93602992,0,0,2772.026997,0.096291782,38406.6,4.752705001,41.80557357,-37.73481045,75.26763077,0,0,0,9
element_4645,2050,250.6243079,5.515203093,124.8939183,164.3229903,153.7445191,21.93602992,0,0,2772.026997,0.096291782,38406.6,4.752705001,41.80557357,-37.73481045,75.26763077,0,0,0,9
element_4645,2051,250.1236735,5.554595409,124.6640859,189.5105469,149.1863468,21.93602992,0,0,2772.026997,0.096291782,38406.6,4.752705001,41.80557357,-37.73481045,75.26763077,0,0,0,9
element_4645,2052,249.9624153,5.498797838,125.1610448,198.9584529,151.0826943,21.93602992,0,0,2772.026997,0.096291782,38406.6,4.752705001,41.80557357,-37.73481045,75.26763077,0,0,0,9
element_4645,2053,250.1583617,5.624506608,123.006194,196.6501196,145.9933568,21.93602992,0,0,2772.026997,0.096291782,38406.6,4.752705001,41.80557357,-37.73481045,75.26763077,0,0,0,9
element_4645,2054,249.9697605,5.867014029,124.6886554,192.6748306,145.9008135,21.93602992,0,0,2772.026997,0.096291782,38406.6,4.752705001,41.80557357,-37.73481045,75.26763077,0,0,0,9
element_4645,2055,249.7720788,5.421099919,123.8916107,204.9956308,151.1857605,21.93602992,0,0,2772.026997,0.096291782,38406.6,4.752705001,41.80557357,-37.73481045,75.26763077,0,0,0,9
element_4645,2056,250.0343633,5.572438619,125.0900201,177.5676643,145.9196351,21.93602992,0,0,2772.026997,0.096291782,38406.6,4.752705001,41.80557357,-37.73481045,75.26763077,0,0,0,9
element_4645,2057,250.0791433,5.400885741,125.1166684,178.5090738,149.5642361,21.93602992,0,0,2772.026997,0.096291782,38406.6,4.752705001,41.80557357,-37.73481045,75.26763077,0,0,0,9
element_4645,2058,250.4303197,5.468631809,123.9690246,189.7440892,155.3770171,21.93602992,0,0,2772.026997,0.096291782,38406.6,4.752705001,41.80557357,-37.73481045,75.26763077,0,0,0,9
element_4645,2059,250.8532931,5.551407272,122.5622099,214.067282,154.0663072,21.93602992,0,0,2772.026997,0.096291782,38406.6,4.752705001,41.80557357,-37.73481045,75.26763077,0,0,0,9
element_4645,2060,250.7140033,5.522454724,124.2991231,217.8994019,155.2147027,21.93602992,0,0,2772.026997,0.096291782,38406.6,4.752705001,41.80557357,-37.73481045,75.26763077,0,0,0,9
element_4645,2061,250.6323071,5.579269179,124.0669909,188.4715079,155.1080529,21.93602992,0,0,2772.026997,0.096291782,38406.6,4.752705001,41.80557357,-37.73481045,75.26763077,0,0,0,9
element_4645,2062,251.2758775,5.541819139,123.4890113,199.5518902,157.5138089,21.93602992,0,0,2772.026997,0.096291782,38406.6,4.752705001,41.80557357,-37.73481045,75.26763077,0,0,0,9
element_4645,2063,251.4342679,5.737614839,121.2797869,201.9069088,149.3041235,21.93602992,0,0,2772.026997,0.096291782,38406.6,4.752705001,41.80557357,-37.73481045,75.26763077,0,0,0,9
element_4645,2064,251.1737402,5.772172864,123.6695428,212.6236269,154.4974001,21.93602992,0,0,2772.026997,0.096291782,38406.6,4.752705001,41.80557357,-37.73481045,75.26763077,0,0,0,9
element_4645,2065,251.6464823,5.565619777,123.0496415,208.7541774,164.5064986,21.93602992,0,0,2772.026997,0.096291782,38406.6,4.752705001,41.80557357,-37.73481045,75.26763077,0,0,0,9
element_4645,2066,251.5869791,5.597966048,120.5576931,239.171197,158.0896107,21.93602992,0,0,2772.026997,0.096291782,38406.6,4.752705001,41.80557357,-37.73481045,75.26763077,0,0,0,9
element_4645,2067,251.3656897,5.50107397,122.3576618,199.8197484,157.661738,21.93602992,0,0,2772.026997,0.096291782,38406.6,4.752705001,41.80557357,-37.73481045,75.26763077,0,0,0,9
element_4645,2068,251.0568198,5.583792294,122.8476084,206.5161499,159.2880942,21.93602992,0,0,2772.026997,0.096291782,38406.6,4.752705001,41.80557357,-37.73481045,75.26763077,0,0,0,9
element_4645,2069,251.7549978,5.637690692,122.1538884,218.6387629,159.6483782,21.93602992,0,0,2772.026997,0.096291782,38406.6,4.752705001,41.80557357,-37.73481045,75.26763077,0,0,0,9
element_4645,2070,252.1189811,5.542425746,123.3989278,234.659388,160.7649683,21.93602992,0,0,2772.026997,0.096291782,38406.6,4.752705001,41.80557357,-37.73481045,75.26763077,0,0,0,9
element_4645,2071,251.4292113,5.381675978,122.9120589,201.2639194,159.0233227,21.93602992,0,0,2772.026997,0.096291782,38406.6,4.752705001,41.80557357,-37.73481045,75.26763077,0,0,0,9
element_4645,2072,251.4765081,5.461325819,122.4298535,204.3964474,162.1280953,21.93602992,0,0,2772.026997,0.096291782,38406.6,4.752705001,41.80557357,-37.73481045,75.26763077,0,0,0,9
element_4645,2073,251.3700816,5.537399939,122.164724,212.7692357,164.4595253,21.93602992,0,0,2772.026997,0.096291782,38406.6,4.752705001,41.80557357,-37.73481045,75.26763077,0,0,0,9
element_4645,2074,251.6177986,5.345379056,123.7583656,235.44393,159.7247859,21.93602992,0,0,2772.026997,0.096291782,38406.6,4.752705001,41.80557357,-37.73481045,75.26763077,0,0,0,9
element_4645,2075,252.2238823,5.698864175,122.9271678,203.8288449,160.2532912,21.93602992,0,0,2772.026997,0.096291782,38406.6,4.752705001,41.80557357,-37.73481045,75.26763077,0,0,0,9
element_4645,2076,252.2804859,5.491960095,121.7189012,232.0117558,166.7023683,21.93602992,0,0,2772.026997,0.096291782,38406.6,4.752705001,41.80557357,-37.73481045,75.26763077,0,0,0,9
element_4645,2077,252.4255344,5.421290034,120.7481961,244.2376608,172.3086869,21.93602992,0,0,2772.026997,0.096291782,38406.6,4.752705001,41.80557357,-37.73481045,75.26763077,0,0,0,9
element_4645,2078,252.3841781,5.488639678,122.4870874,210.0910857,168.5718192,21.93602992,0,0,2772.026997,0.096291782,38406.6,4.752705001,41.80557357,-37.73481045,75.26763077,0,0,0,9
element_4645,2079,252.0408929,5.606668819,121.6190861,245.6445404,167.3492505,21.93602992,0,0,2772.026997,0.096291782,38406.6,4.752705001,41.80557357,-37.73481045,75.26763077,0,0,0,9
element_4645,2080,252.6448173,5.534619554,121.8806678,209.7798612,166.1173426,21.93602992,0,0,2772.026997,0.096291782,38406.6,4.752705001,41.80557357,-37.73481045,75.26763077,0,0,0,9
element_4645,2081,252.9542485,5.579798453,121.676272,210.3368155,173.8303121,21.93602992,0,0,2772.026997,0.096291782,38406.6,4.752705001,41.80557357,-37.73481045,75.26763077,0,0,0,9
element_4645,2082,252.4823043,5.568629025,120.2525956,248.8398822,167.5510436,21.93602992,0,0,2772.026997,0.096291782,38406.6,4.752705001,41.80557357,-37.73481045,75.26763077,0,0,0,9
element_4645,2083,252.6322542,5.52661697,120.6045015,235.2506051,168.3034053,21.93602992,0,0,2772.026997,0.096291782,38406.6,4.752705001,41.80557357,-37.73481045,75.26763077,0,0,0,9
element_4645,2084,252.3160829,5.466041594,120.1182338,244.8325369,161.0032074,21.93602992,0,0,2772.026997,0.096291782,38406.6,4.752705001,41.80557357,-37.73481045,75.26763077,0,0,0,9
element_4645,2085,252.6579025,5.316653344,121.4811748,193.6182545,170.8813656,21.93602992,0,0,2772.026997,0.096291782,38406.6,4.752705001,41.80557357,-37.73481045,75.26763077,0,0,0,9
element_4645,2086,252.6708929,5.570702359,120.8057539,224.4046676,169.2715613,21.93602992,0,0,2772.026997,0.096291782,38406.6,4.752705001,41.80557357,-37.73481045,75.26763077,0,0,0,9
element_4645,2087,252.3746834,5.481742255,122.4554076,229.2751443,167.054174,21.93602992,0,0,2772.026997,0.096291782,38406.6,4.752705001,41.80557357,-37.73481045,75.26763077,0,0,0,9
element_4645,2088,252.4684266,5.472162287,123.1201208,194.0444833,172.4202563,21.93602992,0,0,2772.026997,0.096291782,38406.6,4.752705001,41.80557357,-37.73481045,75.26763077,0,0,0,9
element_4645,2089,252.7226503,5.415972306,121.7488981,223.4941565,171.9895295,21.93602992,0,0,2772.026997,0.096291782,38406.6,4.752705001,41.80557357,-37.73481045,75.26763077,0,0,0,9
element_4645,2090,252.1080733,5.492853328,120.9639017,244.2770975,168.8240658,21.93602992,0,0,2772.026997,0.096291782,38406.6,4.752705001,41.80557357,-37.73481045,75.26763077,0,0,0,9
element_4645,2091,252.4919551,5.501523856,119.2840539,260.1199196,168.3376731,21.93602992,0,0,2772.026997,0.096291782,38406.6,4.752705001,41.80557357,-37.73481045,75.26763077,0,0,0,9
element_4645,2092,253.2001997,5.432103034,119.5743467,236.3640919,174.5491261,21.93602992,0,0,2772.026997,0.096291782,38406.6,4.752705001,41.80557357,-37.73481045,75.26763077,0,0,0,9
element_4645,2093,253.5697507,5.507591837,120.6260537,257.213388,184.1760146,21.93602992,0,0,2772.026997,0.096291782,38406.6,4.752705001,41.80557357,-37.73481045,75.26763077,0,0,0,9
element_4645,2094,252.8085907,5.762737837,120.2998902,250.1025741,176.409557,21.93602992,0,0,2772.026997,0.096291782,38406.6,4.752705001,41.80557357,-37.73481045,75.26763077,0,0,0,9
element_4645,2095,253.2138228,5.502986192,119.8810932,240.6309326,177.959951,21.93602992,0,0,2772.026997,0.096291782,38406.6,4.752705001,41.80557357,-37.73481045,75.26763077,0,0,0,9
element_4645,2096,252.5916487,5.466307676,119.569259,241.160483,177.2594776,21.93602992,0,0,2772.026997,0.096291782,38406.6,4.752705001,41.80557357,-37.73481045,75.26763077,0,0,0,9
element_4645,2097,253.1621615,5.50823113,119.8445813,240.4899767,178.987875,21.93602992,0,0,2772.026997,0.096291782,38406.6,4.752705001,41.80557357,-37.73481045,75.26763077,0,0,0,9
element_4645,2098,253.7664601,5.543073691,120.3286464,244.4114416,181.440665,21.93602992,0,0,2772.026997,0.096291782,38406.6,4.752705001,41.80557357,-37.73481045,75.26763077,0,0,0,9
element_4645,2099,253.8685364,5.418025364,121.3898238,216.6346091,187.0779906,21.93602992,0,0,2772.026997,0.096291782,38406.6,4.752705001,41.80557357,-37.73481045,75.26763077,0,0,0,9
element_4645,2100,253.9656521,5.517767154,119.088495,261.4359996,182.2251146,21.93602992,0,0,2772.026997,0.096291782,38406.6,4.752705001,41.80557357,-37.73481045,75.26763077,0,0,0,9
element_4646,2015,248.0831649,5.645796372,125.9706554,156.4004514,130.7847605,21.93602992,0,0,2510.480667,0.086729238,74147.4,4.922429174,40.24976108,-38.09200649,76.80770561,0,0,0,9
element_4646,2016,248.1078194,5.468727231,127.0180093,151.0457143,138.1118217,21.93602992,0,0,2510.480667,0.086729238,74147.4,4.922429174,40.24976108,-38.09200649,76.80770561,0,0,0,9
element_4646,2017,247.2058533,5.568463869,126.0464322,152.9828825,134.5890393,21.93602992,0,0,2510.480667,0.086729238,74147.4,4.922429174,40.24976108,-38.09200649,76.80770561,0,0,0,9
element_4646,2018,248.2784071,5.644802976,126.5458897,169.6610215,134.4316014,21.93602992,0,0,2510.480667,0.086729238,74147.4,4.922429174,40.24976108,-38.09200649,76.80770561,0,0,0,9
element_4646,2019,247.2782828,5.349238554,127.3426551,157.9079714,135.3142048,21.93602992,0,0,2510.480667,0.086729238,74147.4,4.922429174,40.24976108,-38.09200649,76.80770561,0,0,0,9
element_4646,2020,247.7616301,5.561130444,126.1790317,164.1484241,132.1379764,21.93602992,0,0,2510.480667,0.086729238,74147.4,4.922429174,40.24976108,-38.09200649,76.80770561,0,0,0,9
element_4646,2021,247.2856663,5.512514594,125.4704065,182.9995567,128.4816607,21.93602992,0,0,2510.480667,0.086729238,74147.4,4.922429174,40.24976108,-38.09200649,76.80770561,0,0,0,9
element_4646,2022,248.1360199,5.641241256,126.6143167,157.4437091,135.1332771,21.93602992,0,0,2510.480667,0.086729238,74147.4,4.922429174,40.24976108,-38.09200649,76.80770561,0,0,0,9
element_4646,2023,248.1518581,5.504829537,126.0525237,157.9032404,134.905373,21.93602992,0,0,2510.480667,0.086729238,74147.4,4.922429174,40.24976108,-38.09200649,76.80770561,0,0,0,9
element_4646,2024,248.1935723,5.505343717,126.3751581,159.3006126,141.0596675,21.93602992,0,0,2510.480667,0.086729238,74147.4,4.922429174,40.24976108,-38.09200649,76.80770561,0,0,0,9
element_4646,2025,248.9021043,5.676272302,125.5903998,167.8413455,135.0434762,21.93602992,0,0,2510.480667,0.086729238,74147.4,4.922429174,40.24976108,-38.09200649,76.80770561,0,0,0,9
element_4646,2026,248.4190903,5.592839312,125.5723809,183.4090259,131.2790977,21.93602992,0,0,2510.480667,0.086729238,74147.4,4.922429174,40.24976108,-38.09200649,76.80770561,0,0,0,9
element_4646,2027,248.9489651,5.744746706,126.4475325,166.9430785,135.7341132,21.93602992,0,0,2510.480667,0.086729238,74147.4,4.922429174,40.24976108,-38.09200649,76.80770561,0,0,0,9
element_4646,2028,248.827205,5.672841261,124.5826429,168.1394188,136.1280381,21.93602992,0,0,2510.480667,0.086729238,74147.4,4.922429174,40.24976108,-38.09200649,76.80770561,0,0,0,9
element_4646,2029,248.8708766,5.641878411,124.6169782,183.8257588,140.3092989,21.93602992,0,0,2510.480667,0.086729238,74147.4,4.922429174,40.24976108,-38.09200649,76.80770561,0,0,0,9
element_4646,2030,248.5302084,5.531763089,125.6229615,163.7370094,138.6303525,21.93602992,0,0,2510.480667,0.086729238,74147.4,4.922429174,40.24976108,-38.09200649,76.80770561,0,0,0,9
element_4646,2031,248.43185,5.610850998,125.1814262,169.4237426,133.9989321,21.93602992,0,0,2510.480667,0.086729238,74147.4,4.922429174,40.24976108,-38.09200649,76.80770561,0,0,0,9
element_4646,2032,248.3903907,5.403114147,125.5293001,161.9695566,139.9497958,21.93602992,0,0,2510.480667,0.086729238,74147.4,4.922429174,40.24976108,-38.09200649,76.80770561,0,0,0,9
element_4646,2033,249.1255179,5.693686333,124.9971287,189.891162,140.1491127,21.93602992,0,0,2510.480667,0.086729238,74147.4,4.922429174,40.24976108,-38.09200649,76.80770561,0,0,0,9
element_4646,2034,248.8534872,5.639909482,126.5116711,157.7208003,136.6778851,21.93602992,0,0,2510.480667,0.086729238,74147.4,4.922429174,40.24976108,-38.09200649,76.80770561,0,0,0,9
element_4646,2035,249.044587,5.591002136,126.7552413,151.3996254,146.0615031,21.93602992,0,0,2510.480667,0.086729238,74147.4,4.922429174,40.24976108,-38.09200649,76.80770561,0,0,0,9
element_4646,2036,248.7843915,5.578445312,124.7366981,176.4581006,139.336008,21.93602992,0,0,2510.480667,0.086729238,74147.4,4.922429174,40.24976108,-38.09200649,76.80770561,0,0,0,9
element_4646,2037,248.7140045,5.566663532,124.2440397,197.4119446,137.939155,21.93602992,0,0,2510.480667,0.086729238,74147.4,4.922429174,40.24976108,-38.09200649,76.80770561,0,0,0,9
element_4646,2038,248.5480385,5.513477198,125.0859137,180.6867138,137.3452114,21.93602992,0,0,2510.480667,0.086729238,74147.4,4.922429174,40.24976108,-38.09200649,76.80770561,0,0,0,9
element_4646,2039,249.5382758,5.626945537,124.8179317,194.401963,143.0458836,21.93602992,0,0,2510.480667,0.086729238,74147.4,4.922429174,40.24976108,-38.09200649,76.80770561,0,0,0,9
element_4646,2040,248.2075849,5.263879175,125.9685123,155.1973568,146.5502607,21.93602992,0,0,2510.480667,0.086729238,74147.4,4.922429174,40.24976108,-38.09200649,76.80770561,0,0,0,9
element_4646,2041,248.8955995,5.412000213,124.9050202,167.9635812,141.0854488,21.93602992,0,0,2510.480667,0.086729238,74147.4,4.922429174,40.24976108,-38.09200649,76.80770561,0,0,0,9
element_4646,2042,249.579433,5.511778323,124.617639,175.5254993,140.6866145,21.93602992,0,0,2510.480667,0.086729238,74147.4,4.922429174,40.24976108,-38.09200649,76.80770561,0,0,0,9
element_4646,2043,249.1897948,5.661412864,124.5111484,164.1584605,142.9985609,21.93602992,0,0,2510.480667,0.086729238,74147.4,4.922429174,40.24976108,-38.09200649,76.80770561,0,0,0,9
element_4646,2044,249.2327474,5.591921866,124.159588,178.7033726,138.4743512,21.93602992,0,0,2510.480667,0.086729238,74147.4,4.922429174,40.24976108,-38.09200649,76.80770561,0,0,0,9
element_4646,2045,249.8113035,5.479950871,123.3481528,183.5293447,141.3254702,21.93602992,0,0,2510.480667,0.086729238,74147.4,4.922429174,40.24976108,-38.09200649,76.80770561,0,0,0,9
element_4646,2046,249.8197016,5.636191022,124.2093811,186.5126587,149.1362772,21.93602992,0,0,2510.480667,0.086729238,74147.4,4.922429174,40.24976108,-38.09200649,76.80770561,0,0,0,9
element_4646,2047,249.8458526,5.668946506,124.4185121,180.603946,142.0378265,21.93602992,0,0,2510.480667,0.086729238,74147.4,4.922429174,40.24976108,-38.09200649,76.80770561,0,0,0,9
element_4646,2048,249.851286,5.370744906,124.2722309,178.6827291,152.4513746,21.93602992,0,0,2510.480667,0.086729238,74147.4,4.922429174,40.24976108,-38.09200649,76.80770561,0,0,0,9
element_4646,2049,250.0470125,5.46079313,124.6019767,183.0963445,143.2452293,21.93602992,0,0,2510.480667,0.086729238,74147.4,4.922429174,40.24976108,-38.09200649,76.80770561,0,0,0,9
element_4646,2050,250.6703454,5.517343774,124.3513689,165.3081349,154.4971833,21.93602992,0,0,2510.480667,0.086729238,74147.4,4.922429174,40.24976108,-38.09200649,76.80770561,0,0,0,9
element_4646,2051,250.1662115,5.544066247,124.1883225,189.3314788,149.9209509,21.93602992,0,0,2510.480667,0.086729238,74147.4,4.922429174,40.24976108,-38.09200649,76.80770561,0,0,0,9
element_4646,2052,250.0037457,5.496067367,124.7654222,199.4047993,151.8090482,21.93602992,0,0,2510.480667,0.086729238,74147.4,4.922429174,40.24976108,-38.09200649,76.80770561,0,0,0,9
element_4646,2053,250.2078069,5.621075377,122.5321751,198.8482212,146.7817993,21.93602992,0,0,2510.480667,0.086729238,74147.4,4.922429174,40.24976108,-38.09200649,76.80770561,0,0,0,9
element_4646,2054,250.0251423,5.86724712,124.1950959,194.4079912,146.4141331,21.93602992,0,0,2510.480667,0.086729238,74147.4,4.922429174,40.24976108,-38.09200649,76.80770561,0,0,0,9
element_4646,2055,249.81759,5.421367436,123.4472746,203.9610023,151.7581633,21.93602992,0,0,2510.480667,0.086729238,74147.4,4.922429174,40.24976108,-38.09200649,76.80770561,0,0,0,9
element_4646,2056,250.089408,5.574847511,124.5503791,179.7220467,146.6722678,21.93602992,0,0,2510.480667,0.086729238,74147.4,4.922429174,40.24976108,-38.09200649,76.80770561,0,0,0,9
element_4646,2057,250.1439511,5.407751567,124.5760046,180.2985048,150.2891189,21.93602992,0,0,2510.480667,0.086729238,74147.4,4.922429174,40.24976108,-38.09200649,76.80770561,0,0,0,9
element_4646,2058,250.4770471,5.465217003,123.5118845,190.5271838,156.1802841,21.93602992,0,0,2510.480667,0.086729238,74147.4,4.922429174,40.24976108,-38.09200649,76.80770561,0,0,0,9
element_4646,2059,250.8988772,5.544631015,122.1119608,215.5810234,154.6836131,21.93602992,0,0,2510.480667,0.086729238,74147.4,4.922429174,40.24976108,-38.09200649,76.80770561,0,0,0,9
element_4646,2060,250.7711559,5.516150143,123.8181075,216.5106067,156.0616198,21.93602992,0,0,2510.480667,0.086729238,74147.4,4.922429174,40.24976108,-38.09200649,76.80770561,0,0,0,9
element_4646,2061,250.6791812,5.570902433,123.7145326,188.6738503,155.719168,21.93602992,0,0,2510.480667,0.086729238,74147.4,4.922429174,40.24976108,-38.09200649,76.80770561,0,0,0,9
element_4646,2062,251.3211274,5.538707409,122.8878241,200.4001058,158.2037473,21.93602992,0,0,2510.480667,0.086729238,74147.4,4.922429174,40.24976108,-38.09200649,76.80770561,0,0,0,9
element_4646,2063,251.4870609,5.734715034,120.7923579,203.6814631,149.9553437,21.93602992,0,0,2510.480667,0.086729238,74147.4,4.922429174,40.24976108,-38.09200649,76.80770561,0,0,0,9
element_4646,2064,251.2309683,5.769482196,123.1720956,213.4061619,155.1685775,21.93602992,0,0,2510.480667,0.086729238,74147.4,4.922429174,40.24976108,-38.09200649,76.80770561,0,0,0,9
element_4646,2065,251.7013156,5.566628109,122.5147197,209.83945,165.3888405,21.93602992,0,0,2510.480667,0.086729238,74147.4,4.922429174,40.24976108,-38.09200649,76.80770561,0,0,0,9
element_4646,2066,251.6344803,5.595068198,120.0486394,237.6881988,158.7837745,21.93602992,0,0,2510.480667,0.086729238,74147.4,4.922429174,40.24976108,-38.09200649,76.80770561,0,0,0,9
element_4646,2067,251.4269222,5.497298299,121.9488093,198.9425382,158.541601,21.93602992,0,0,2510.480667,0.086729238,74147.4,4.922429174,40.24976108,-38.09200649,76.80770561,0,0,0,9
element_4646,2068,251.0980397,5.575831788,122.4267801,206.7626308,159.8833695,21.93602992,0,0,2510.480667,0.086729238,74147.4,4.922429174,40.24976108,-38.09200649,76.80770561,0,0,0,9
element_4646,2069,251.8082339,5.632873605,121.6407919,220.6431361,160.3879108,21.93602992,0,0,2510.480667,0.086729238,74147.4,4.922429174,40.24976108,-38.09200649,76.80770561,0,0,0,9
element_4646,2070,252.1685118,5.543827692,122.954456,233.2423248,161.5470327,21.93602992,0,0,2510.480667,0.086729238,74147.4,4.922429174,40.24976108,-38.09200649,76.80770561,0,0,0,9
element_4646,2071,251.4893314,5.376195642,122.4591066,201.8150015,159.7887304,21.93602992,0,0,2510.480667,0.086729238,74147.4,4.922429174,40.24976108,-38.09200649,76.80770561,0,0,0,9
element_4646,2072,251.5312871,5.45111359,121.9567288,204.5149826,162.9403146,21.93602992,0,0,2510.480667,0.086729238,74147.4,4.922429174,40.24976108,-38.09200649,76.80770561,0,0,0,9
element_4646,2073,251.4243244,5.532809879,121.6095133,212.9449114,165.1011937,21.93602992,0,0,2510.480667,0.086729238,74147.4,4.922429174,40.24976108,-38.09200649,76.80770561,0,0,0,9
element_4646,2074,251.6740335,5.352571678,123.264496,232.129573,160.5224975,21.93602992,0,0,2510.480667,0.086729238,74147.4,4.922429174,40.24976108,-38.09200649,76.80770561,0,0,0,9
element_4646,2075,252.286654,5.701837467,122.3581829,204.7218818,161.0623509,21.93602992,0,0,2510.480667,0.086729238,74147.4,4.922429174,40.24976108,-38.09200649,76.80770561,0,0,0,9
element_4646,2076,252.3547443,5.490581803,121.3159307,230.7578771,167.8134974,21.93602992,0,0,2510.480667,0.086729238,74147.4,4.922429174,40.24976108,-38.09200649,76.80770561,0,0,0,9
element_4646,2077,252.47346,5.424836551,120.4051469,242.6133997,173.1216578,21.93602992,0,0,2510.480667,0.086729238,74147.4,4.922429174,40.24976108,-38.09200649,76.80770561,0,0,0,9
element_4646,2078,252.445683,5.489433985,122.0047206,207.6103661,169.478141,21.93602992,0,0,2510.480667,0.086729238,74147.4,4.922429174,40.24976108,-38.09200649,76.80770561,0,0,0,9
element_4646,2079,252.0903876,5.602074495,121.1575431,243.9337817,168.2318393,21.93602992,0,0,2510.480667,0.086729238,74147.4,4.922429174,40.24976108,-38.09200649,76.80770561,0,0,0,9
element_4646,2080,252.7055372,5.531413248,121.4193502,209.9299181,167.1765114,21.93602992,0,0,2510.480667,0.086729238,74147.4,4.922429174,40.24976108,-38.09200649,76.80770561,0,0,0,9
element_4646,2081,253.0097197,5.578400562,121.2387961,209.8917036,175.0040945,21.93602992,0,0,2510.480667,0.086729238,74147.4,4.922429174,40.24976108,-38.09200649,76.80770561,0,0,0,9
element_4646,2082,252.5355489,5.561574586,119.6896555,249.6352419,168.3747429,21.93602992,0,0,2510.480667,0.086729238,74147.4,4.922429174,40.24976108,-38.09200649,76.80770561,0,0,0,9
element_4646,2083,252.698587,5.52698788,120.1853614,234.1245673,169.154286,21.93602992,0,0,2510.480667,0.086729238,74147.4,4.922429174,40.24976108,-38.09200649,76.80770561,0,0,0,9
element_4646,2084,252.3745833,5.465520189,119.6384992,245.1141665,161.6949642,21.93602992,0,0,2510.480667,0.086729238,74147.4,4.922429174,40.24976108,-38.09200649,76.80770561,0,0,0,9
element_4646,2085,252.7263465,5.31904643,121.0541485,193.9853382,171.8353314,21.93602992,0,0,2510.480667,0.086729238,74147.4,4.922429174,40.24976108,-38.09200649,76.80770561,0,0,0,9
element_4646,2086,252.7262736,5.561280707,120.3665962,225.1223422,170.211444,21.93602992,0,0,2510.480667,0.086729238,74147.4,4.922429174,40.24976108,-38.09200649,76.80770561,0,0,0,9
element_4646,2087,252.4454045,5.484699654,121.9250855,230.2600029,168.0823112,21.93602992,0,0,2510.480667,0.086729238,74147.4,4.922429174,40.24976108,-38.09200649,76.80770561,0,0,0,9
element_4646,2088,252.5266883,5.475769412,122.6237055,195.9433941,173.1768154,21.93602992,0,0,2510.480667,0.086729238,74147.4,4.922429174,40.24976108,-38.09200649,76.80770561,0,0,0,9
element_4646,2089,252.7745765,5.417007107,121.340524,223.3042873,172.5264842,21.93602992,0,0,2510.480667,0.086729238,74147.4,4.922429174,40.24976108,-38.09200649,76.80770561,0,0,0,9
element_4646,2090,252.1659072,5.490060111,120.4548971,244.9109995,169.6745273,21.93602992,0,0,2510.480667,0.086729238,74147.4,4.922429174,40.24976108,-38.09200649,76.80770561,0,0,0,9
element_4646,2091,252.5578705,5.503355739,118.7498464,261.7186304,169.0419847,21.93602992,0,0,2510.480667,0.086729238,74147.4,4.922429174,40.24976108,-38.09200649,76.80770561,0,0,0,9
element_4646,2092,253.2570186,5.434552848,119.0776711,235.5804107,175.6814413,21.93602992,0,0,2510.480667,0.086729238,74147.4,4.922429174,40.24976108,-38.09200649,76.80770561,0,0,0,9
element_4646,2093,253.6306042,5.507398182,120.2637966,255.3457513,185.2865568,21.93602992,0,0,2510.480667,0.086729238,74147.4,4.922429174,40.24976108,-38.09200649,76.80770561,0,0,0,9
element_4646,2094,252.8569915,5.753144919,119.7450625,251.9180672,177.2573271,21.93602992,0,0,2510.480667,0.086729238,74147.4,4.922429174,40.24976108,-38.09200649,76.80770561,0,0,0,9
element_4646,2095,253.2687808,5.504198535,119.4227117,242.7005005,178.9504746,21.93602992,0,0,2510.480667,0.086729238,74147.4,4.922429174,40.24976108,-38.09200649,76.80770561,0,0,0,9
element_4646,2096,252.6493913,5.457967208,119.0832657,243.2692976,178.3752108,21.93602992,0,0,2510.480667,0.086729238,74147.4,4.922429174,40.24976108,-38.09200649,76.80770561,0,0,0,9
element_4646,2097,253.2252647,5.509072083,119.4147487,242.1194767,179.8643788,21.93602992,0,0,2510.480667,0.086729238,74147.4,4.922429174,40.24976108,-38.09200649,76.80770561,0,0,0,9
element_4646,2098,253.8261046,5.54059734,119.8360637,243.6335235,182.3032422,21.93602992,0,0,2510.480667,0.086729238,74147.4,4.922429174,40.24976108,-38.09200649,76.80770561,0,0,0,9
element_4646,2099,253.9264141,5.419992452,120.9577958,217.224244,188.0275176,21.93602992,0,0,2510.480667,0.086729238,74147.4,4.922429174,40.24976108,-38.09200649,76.80770561,0,0,0,9
element_4646,2100,254.0191962,5.519749686,118.6213736,263.8413077,183.0000773,21.93602992,0,0,2510.480667,0.086729238,74147.4,4.922429174,40.24976108,-38.09200649,76.80770561,0,0,0,9
element_4647,2015,247.3860094,5.350095835,124.9737927,190.3145617,125.0107629,21.93602992,0,0,2911.849368,0.055043778,18823.5,5.685296293,36.95481395,-40.78633681,74.74623017,0,0,0,9
element_4647,2016,247.4190145,5.164251386,126.4443057,170.982821,133.0284015,21.93602992,0,0,2911.849368,0.055043778,18823.5,5.685296293,36.95481395,-40.78633681,74.74623017,0,0,0,9
element_4647,2017,246.4433513,5.195768518,124.8966734,176.7413023,127.3210842,21.93602992,0,0,2911.849368,0.055043778,18823.5,5.685296293,36.95481395,-40.78633681,74.74623017,0,0,0,9
element_4647,2018,247.4654391,5.363992698,125.4742709,179.761282,128.5230587,21.93602992,0,0,2911.849368,0.055043778,18823.5,5.685296293,36.95481395,-40.78633681,74.74623017,0,0,0,9
element_4647,2019,246.4323459,4.999781797,126.8261341,161.1950874,128.4763791,21.93602992,0,0,2911.849368,0.055043778,18823.5,5.685296293,36.95481395,-40.78633681,74.74623017,0,0,0,9
element_4647,2020,246.8635974,5.167620461,125.1300063,175.2766271,126.4014597,21.93602992,0,0,2911.849368,0.055043778,18823.5,5.685296293,36.95481395,-40.78633681,74.74623017,0,0,0,9
element_4647,2021,246.3866074,5.16917918,124.9910918,186.8810126,123.3103358,21.93602992,0,0,2911.849368,0.055043778,18823.5,5.685296293,36.95481395,-40.78633681,74.74623017,0,0,0,9
element_4647,2022,247.4705666,5.291456843,125.3546392,190.5492289,128.368271,21.93602992,0,0,2911.849368,0.055043778,18823.5,5.685296293,36.95481395,-40.78633681,74.74623017,0,0,0,9
element_4647,2023,247.4137914,5.192492604,124.9145077,184.9129974,128.0419094,21.93602992,0,0,2911.849368,0.055043778,18823.5,5.685296293,36.95481395,-40.78633681,74.74623017,0,0,0,9
element_4647,2024,247.40453,5.137089066,125.219493,182.0096328,134.1001705,21.93602992,0,0,2911.849368,0.055043778,18823.5,5.685296293,36.95481395,-40.78633681,74.74623017,0,0,0,9
element_4647,2025,248.1750716,5.369806197,124.0063365,191.8776247,128.8681985,21.93602992,0,0,2911.849368,0.055043778,18823.5,5.685296293,36.95481395,-40.78633681,74.74623017,0,0,0,9
element_4647,2026,247.5607625,5.254980121,125.1279422,187.1803533,124.6680036,21.93602992,0,0,2911.849368,0.055043778,18823.5,5.685296293,36.95481395,-40.78633681,74.74623017,0,0,0,9
element_4647,2027,248.0962586,5.364246331,125.613616,193.5714863,128.6702972,21.93602992,0,0,2911.849368,0.055043778,18823.5,5.685296293,36.95481395,-40.78633681,74.74623017,0,0,0,9
element_4647,2028,247.9442023,5.264744886,123.3281031,194.3853155,129.0710009,21.93602992,0,0,2911.849368,0.055043778,18823.5,5.685296293,36.95481395,-40.78633681,74.74623017,0,0,0,9
element_4647,2029,248.0541253,5.276478699,123.6354693,195.9150484,134.2954045,21.93602992,0,0,2911.849368,0.055043778,18823.5,5.685296293,36.95481395,-40.78633681,74.74623017,0,0,0,9
element_4647,2030,247.6616968,5.127181027,124.4066658,182.2524875,132.0097694,21.93602992,0,0,2911.849368,0.055043778,18823.5,5.685296293,36.95481395,-40.78633681,74.74623017,0,0,0,9
element_4647,2031,247.5041008,5.20062345,124.130445,189.8591853,127.6818741,21.93602992,0,0,2911.849368,0.055043778,18823.5,5.685296293,36.95481395,-40.78633681,74.74623017,0,0,0,9
element_4647,2032,247.6485704,5.080545584,125.0262899,177.8543521,134.5859202,21.93602992,0,0,2911.849368,0.055043778,18823.5,5.685296293,36.95481395,-40.78633681,74.74623017,0,0,0,9
element_4647,2033,248.3572707,5.351354078,124.2766337,203.4666169,133.2099566,21.93602992,0,0,2911.849368,0.055043778,18823.5,5.685296293,36.95481395,-40.78633681,74.74623017,0,0,0,9
element_4647,2034,248.0929745,5.277119668,125.0196157,190.8078478,129.6480465,21.93602992,0,0,2911.849368,0.055043778,18823.5,5.685296293,36.95481395,-40.78633681,74.74623017,0,0,0,9
element_4647,2035,248.2724029,5.259660768,125.3300846,177.2422663,138.1173316,21.93602992,0,0,2911.849368,0.055043778,18823.5,5.685296293,36.95481395,-40.78633681,74.74623017,0,0,0,9
element_4647,2036,247.9479541,5.193874048,123.3769282,191.1177231,132.885528,21.93602992,0,0,2911.849368,0.055043778,18823.5,5.685296293,36.95481395,-40.78633681,74.74623017,0,0,0,9
element_4647,2037,247.9011766,5.244648207,123.7665706,209.298963,131.6056422,21.93602992,0,0,2911.849368,0.055043778,18823.5,5.685296293,36.95481395,-40.78633681,74.74623017,0,0,0,9
element_4647,2038,247.7729817,5.238490862,124.5704185,187.3847942,131.5334499,21.93602992,0,0,2911.849368,0.055043778,18823.5,5.685296293,36.95481395,-40.78633681,74.74623017,0,0,0,9
element_4647,2039,248.7994687,5.428206858,122.9411588,209.1271491,136.0126565,21.93602992,0,0,2911.849368,0.055043778,18823.5,5.685296293,36.95481395,-40.78633681,74.74623017,0,0,0,9
element_4647,2040,247.2843175,4.973193137,125.5903449,154.6759384,139.6604498,21.93602992,0,0,2911.849368,0.055043778,18823.5,5.685296293,36.95481395,-40.78633681,74.74623017,0,0,0,9
element_4647,2041,248.0002397,5.088633172,124.5354836,185.3201498,133.121073,21.93602992,0,0,2911.849368,0.055043778,18823.5,5.685296293,36.95481395,-40.78633681,74.74623017,0,0,0,9
element_4647,2042,248.8658361,5.207228744,123.6067541,194.4076527,135.2196184,21.93602992,0,0,2911.849368,0.055043778,18823.5,5.685296293,36.95481395,-40.78633681,74.74623017,0,0,0,9
element_4647,2043,248.4277673,5.333031047,122.7955879,189.0237515,136.1460875,21.93602992,0,0,2911.849368,0.055043778,18823.5,5.685296293,36.95481395,-40.78633681,74.74623017,0,0,0,9
element_4647,2044,248.444804,5.331766516,122.9606531,202.8405838,132.2406863,21.93602992,0,0,2911.849368,0.055043778,18823.5,5.685296293,36.95481395,-40.78633681,74.74623017,0,0,0,9
element_4647,2045,249.0325227,5.155176943,122.2115861,195.3040259,134.774623,21.93602992,0,0,2911.849368,0.055043778,18823.5,5.685296293,36.95481395,-40.78633681,74.74623017,0,0,0,9
element_4647,2046,248.9930639,5.250636526,123.4992847,202.5791742,141.9422877,21.93602992,0,0,2911.849368,0.055043778,18823.5,5.685296293,36.95481395,-40.78633681,74.74623017,0,0,0,9
element_4647,2047,249.0108637,5.24483146,123.0453605,206.3273485,135.3406291,21.93602992,0,0,2911.849368,0.055043778,18823.5,5.685296293,36.95481395,-40.78633681,74.74623017,0,0,0,9
element_4647,2048,248.9972094,5.054267063,123.1439739,196.069322,145.7273853,21.93602992,0,0,2911.849368,0.055043778,18823.5,5.685296293,36.95481395,-40.78633681,74.74623017,0,0,0,9
element_4647,2049,249.193,5.086995972,124.0358172,197.6092691,136.13379,21.93602992,0,0,2911.849368,0.055043778,18823.5,5.685296293,36.95481395,-40.78633681,74.74623017,0,0,0,9
element_4647,2050,249.9217815,5.20231582,123.0936312,188.7424111,146.4241035,21.93602992,0,0,2911.849368,0.055043778,18823.5,5.685296293,36.95481395,-40.78633681,74.74623017,0,0,0,9
element_4647,2051,249.294174,5.19393343,122.788325,208.1675121,142.7785036,21.93602992,0,0,2911.849368,0.055043778,18823.5,5.685296293,36.95481395,-40.78633681,74.74623017,0,0,0,9
element_4647,2052,249.2281506,5.17662988,124.1912117,214.5100246,145.4507223,21.93602992,0,0,2911.849368,0.055043778,18823.5,5.685296293,36.95481395,-40.78633681,74.74623017,0,0,0,9
element_4647,2053,249.4108979,5.289666567,121.5138025,227.5191087,139.2717198,21.93602992,0,0,2911.849368,0.055043778,18823.5,5.685296293,36.95481395,-40.78633681,74.74623017,0,0,0,9
element_4647,2054,249.2165924,5.513078026,123.2467431,227.0108744,136.7961779,21.93602992,0,0,2911.849368,0.055043778,18823.5,5.685296293,36.95481395,-40.78633681,74.74623017,0,0,0,9
element_4647,2055,248.9919135,5.088008364,122.6453036,209.3880998,144.4311341,21.93602992,0,0,2911.849368,0.055043778,18823.5,5.685296293,36.95481395,-40.78633681,74.74623017,0,0,0,9
element_4647,2056,249.3070887,5.233596923,122.5728791,213.3077712,138.4690717,21.93602992,0,0,2911.849368,0.055043778,18823.5,5.685296293,36.95481395,-40.78633681,74.74623017,0,0,0,9
element_4647,2057,249.3477391,5.100737538,123.2022588,199.4321533,143.1092668,21.93602992,0,0,2911.849368,0.055043778,18823.5,5.685296293,36.95481395,-40.78633681,74.74623017,0,0,0,9
element_4647,2058,249.5839252,5.07682787,122.6915464,212.4477999,149.0436216,21.93602992,0,0,2911.849368,0.055043778,18823.5,5.685296293,36.95481395,-40.78633681,74.74623017,0,0,0,9
element_4647,2059,250.0322366,5.168462189,121.0756654,232.0610733,147.7553625,21.93602992,0,0,2911.849368,0.055043778,18823.5,5.685296293,36.95481395,-40.78633681,74.74623017,0,0,0,9
element_4647,2060,249.9716105,5.206631672,122.7579245,219.5111208,148.7187773,21.93602992,0,0,2911.849368,0.055043778,18823.5,5.685296293,36.95481395,-40.78633681,74.74623017,0,0,0,9
element_4647,2061,249.8160931,5.167179373,122.768965,207.6964908,146.8248575,21.93602992,0,0,2911.849368,0.055043778,18823.5,5.685296293,36.95481395,-40.78633681,74.74623017,0,0,0,9
element_4647,2062,250.4475368,5.181122837,121.2246788,223.7139298,149.9856768,21.93602992,0,0,2911.849368,0.055043778,18823.5,5.685296293,36.95481395,-40.78633681,74.74623017,0,0,0,9
element_4647,2063,250.6670393,5.353530011,119.7319642,234.36135,142.4058574,21.93602992,0,0,2911.849368,0.055043778,18823.5,5.685296293,36.95481395,-40.78633681,74.74623017,0,0,0,9
element_4647,2064,250.4634327,5.387689363,121.8429027,232.810214,148.9122758,21.93602992,0,0,2911.849368,0.055043778,18823.5,5.685296293,36.95481395,-40.78633681,74.74623017,0,0,0,9
element_4647,2065,250.8684889,5.22951498,120.9032561,229.2850094,157.560161,21.93602992,0,0,2911.849368,0.055043778,18823.5,5.685296293,36.95481395,-40.78633681,74.74623017,0,0,0,9
element_4647,2066,250.8129709,5.248738895,119.0487311,246.8271724,152.3875796,21.93602992,0,0,2911.849368,0.055043778,18823.5,5.685296293,36.95481395,-40.78633681,74.74623017,0,0,0,9
element_4647,2067,250.756382,5.142599244,120.7950458,206.3735499,151.6396419,21.93602992,0,0,2911.849368,0.055043778,18823.5,5.685296293,36.95481395,-40.78633681,74.74623017,0,0,0,9
element_4647,2068,250.1832355,5.19743773,120.8976217,222.3627681,150.5195023,21.93602992,0,0,2911.849368,0.055043778,18823.5,5.685296293,36.95481395,-40.78633681,74.74623017,0,0,0,9
element_4647,2069,250.9779436,5.302351757,120.0087724,244.4086205,151.9872596,21.93602992,0,0,2911.849368,0.055043778,18823.5,5.685296293,36.95481395,-40.78633681,74.74623017,0,0,0,9
element_4647,2070,251.4247954,5.295027701,121.7167242,231.5762343,153.2926329,21.93602992,0,0,2911.849368,0.055043778,18823.5,5.685296293,36.95481395,-40.78633681,74.74623017,0,0,0,9
element_4647,2071,250.6570137,4.986475959,122.1705576,206.2602976,151.8182765,21.93602992,0,0,2911.849368,0.055043778,18823.5,5.685296293,36.95481395,-40.78633681,74.74623017,0,0,0,9
element_4647,2072,250.6182927,5.064808104,120.7437157,222.1666282,153.4176286,21.93602992,0,0,2911.849368,0.055043778,18823.5,5.685296293,36.95481395,-40.78633681,74.74623017,0,0,0,9
element_4647,2073,250.59927,5.153848789,120.5116762,219.8859533,157.0689812,21.93602992,0,0,2911.849368,0.055043778,18823.5,5.685296293,36.95481395,-40.78633681,74.74623017,0,0,0,9
element_4647,2074,250.9663449,5.14086876,122.6488649,221.453453,153.4589133,21.93602992,0,0,2911.849368,0.055043778,18823.5,5.685296293,36.95481395,-40.78633681,74.74623017,0,0,0,9
element_4647,2075,251.5851477,5.370122931,120.4257008,229.8172992,153.9382213,21.93602992,0,0,2911.849368,0.055043778,18823.5,5.685296293,36.95481395,-40.78633681,74.74623017,0,0,0,9
element_4647,2076,251.7009727,5.203977611,120.3758023,228.0746275,160.308044,21.93602992,0,0,2911.849368,0.055043778,18823.5,5.685296293,36.95481395,-40.78633681,74.74623017,0,0,0,9
element_4647,2077,251.7154924,5.205434976,120.3626123,239.3977967,164.8927748,21.93602992,0,0,2911.849368,0.055043778,18823.5,5.685296293,36.95481395,-40.78633681,74.74623017,0,0,0,9
element_4647,2078,251.7355881,5.190132087,120.5499982,216.2487601,160.7878325,21.93602992,0,0,2911.849368,0.055043778,18823.5,5.685296293,36.95481395,-40.78633681,74.74623017,0,0,0,9
element_4647,2079,251.2530745,5.26798374,120.0029035,242.0730738,159.7924101,21.93602992,0,0,2911.849368,0.055043778,18823.5,5.685296293,36.95481395,-40.78633681,74.74623017,0,0,0,9
element_4647,2080,252.0391348,5.222681317,120.7500581,223.9746098,160.1998549,21.93602992,0,0,2911.849368,0.055043778,18823.5,5.685296293,36.95481395,-40.78633681,74.74623017,0,0,0,9
element_4647,2081,252.2078376,5.313202636,120.0519407,231.5097571,167.550415,21.93602992,0,0,2911.849368,0.055043778,18823.5,5.685296293,36.95481395,-40.78633681,74.74623017,0,0,0,9
element_4647,2082,251.6719048,5.183893024,118.2762037,262.4396208,161.3273823,21.93602992,0,0,2911.849368,0.055043778,18823.5,5.685296293,36.95481395,-40.78633681,74.74623017,0,0,0,9
element_4647,2083,251.9065635,5.202190114,119.6960781,235.3834119,160.4985036,21.93602992,0,0,2911.849368,0.055043778,18823.5,5.685296293,36.95481395,-40.78633681,74.74623017,0,0,0,9
element_4647,2084,251.7054403,5.16655352,118.8007389,258.8099423,153.6746677,21.93602992,0,0,2911.849368,0.055043778,18823.5,5.685296293,36.95481395,-40.78633681,74.74623017,0,0,0,9
element_4647,2085,251.9922171,4.972305348,120.3699167,206.0566707,164.5294323,21.93602992,0,0,2911.849368,0.055043778,18823.5,5.685296293,36.95481395,-40.78633681,74.74623017,0,0,0,9
element_4647,2086,251.8877408,5.132848329,119.6480763,242.0100063,162.0367658,21.93602992,0,0,2911.849368,0.055043778,18823.5,5.685296293,36.95481395,-40.78633681,74.74623017,0,0,0,9
element_4647,2087,251.6322903,5.11629309,120.8159245,237.8839342,160.6837532,21.93602992,0,0,2911.849368,0.055043778,18823.5,5.685296293,36.95481395,-40.78633681,74.74623017,0,0,0,9
element_4647,2088,251.7043475,5.13612159,121.291478,220.3172479,164.4556634,21.93602992,0,0,2911.849368,0.055043778,18823.5,5.685296293,36.95481395,-40.78633681,74.74623017,0,0,0,9
element_4647,2089,251.9397299,5.096855719,120.1463755,232.2250435,162.0090277,21.93602992,0,0,2911.849368,0.055043778,18823.5,5.685296293,36.95481395,-40.78633681,74.74623017,0,0,0,9
element_4647,2090,251.2658181,5.097639447,119.5559122,251.6457469,161.6201691,21.93602992,0,0,2911.849368,0.055043778,18823.5,5.685296293,36.95481395,-40.78633681,74.74623017,0,0,0,9
element_4647,2091,251.7625019,5.196693966,117.7038567,268.0244231,160.8062724,21.93602992,0,0,2911.849368,0.055043778,18823.5,5.685296293,36.95481395,-40.78633681,74.74623017,0,0,0,9
element_4647,2092,252.415966,5.128597845,118.0086842,243.8384098,167.8190353,21.93602992,0,0,2911.849368,0.055043778,18823.5,5.685296293,36.95481395,-40.78633681,74.74623017,0,0,0,9
element_4647,2093,252.9097062,5.228660002,119.5306976,252.8954449,176.0978828,21.93602992,0,0,2911.849368,0.055043778,18823.5,5.685296293,36.95481395,-40.78633681,74.74623017,0,0,0,9
element_4647,2094,251.9152175,5.300037942,118.4514486,265.8608015,168.9984454,21.93602992,0,0,2911.849368,0.055043778,18823.5,5.685296293,36.95481395,-40.78633681,74.74623017,0,0,0,9
element_4647,2095,252.4725577,5.190223867,118.2901869,270.2919108,171.0205648,21.93602992,0,0,2911.849368,0.055043778,18823.5,5.685296293,36.95481395,-40.78633681,74.74623017,0,0,0,9
element_4647,2096,251.784536,5.05583274,118.218738,262.8464306,168.9414837,21.93602992,0,0,2911.849368,0.055043778,18823.5,5.685296293,36.95481395,-40.78633681,74.74623017,0,0,0,9
element_4647,2097,252.2985481,5.118515916,118.8120966,263.6722478,169.5998494,21.93602992,0,0,2911.849368,0.055043778,18823.5,5.685296293,36.95481395,-40.78633681,74.74623017,0,0,0,9
element_4647,2098,253.1075722,5.256086251,118.1164773,252.0741872,174.4211539,21.93602992,0,0,2911.849368,0.055043778,18823.5,5.685296293,36.95481395,-40.78633681,74.74623017,0,0,0,9
element_4647,2099,253.1941759,5.056906716,120.044992,235.9406518,178.736984,21.93602992,0,0,2911.849368,0.055043778,18823.5,5.685296293,36.95481395,-40.78633681,74.74623017,0,0,0,9
element_4647,2100,253.1157049,5.157384793,117.521283,291.6309659,173.2735306,21.93602992,0,0,2911.849368,0.055043778,18823.5,5.685296293,36.95481395,-40.78633681,74.74623017,0,0,0,9
element_4648,2015,247.733386,5.478462534,121.8538263,185.7829659,128.4050865,21.93602992,0,0,2612.291991,0.081407819,33675.6,5.821468403,32.4542531,-41.75918944,77.15585936,0,0,0,9
element_4648,2016,248.0224251,5.305870741,123.381718,159.4248532,136.6646739,21.93602992,0,0,2612.291991,0.081407819,33675.6,5.821468403,32.4542531,-41.75918944,77.15585936,0,0,0,9
element_4648,2017,247.1003437,5.393043247,121.0447552,176.7066512,130.2254599,21.93602992,0,0,2612.291991,0.081407819,33675.6,5.821468403,32.4542531,-41.75918944,77.15585936,0,0,0,9
element_4648,2018,248.0461803,5.492915885,122.1442794,172.9621854,133.6815453,21.93602992,0,0,2612.291991,0.081407819,33675.6,5.821468403,32.4542531,-41.75918944,77.15585936,0,0,0,9
element_4648,2019,247.3065148,5.197264244,123.7511861,150.9528106,134.6977365,21.93602992,0,0,2612.291991,0.081407819,33675.6,5.821468403,32.4542531,-41.75918944,77.15585936,0,0,0,9
element_4648,2020,247.5537297,5.311568048,121.4280837,173.5014282,129.2946156,21.93602992,0,0,2612.291991,0.081407819,33675.6,5.821468403,32.4542531,-41.75918944,77.15585936,0,0,0,9
element_4648,2021,247.0330229,5.282515135,122.098607,177.322108,127.8765332,21.93602992,0,0,2612.291991,0.081407819,33675.6,5.821468403,32.4542531,-41.75918944,77.15585936,0,0,0,9
element_4648,2022,247.9986913,5.480861118,121.6473164,181.8472329,133.4063458,21.93602992,0,0,2612.291991,0.081407819,33675.6,5.821468403,32.4542531,-41.75918944,77.15585936,0,0,0,9
element_4648,2023,247.9835166,5.335259812,121.8971605,174.1109624,132.4236461,21.93602992,0,0,2612.291991,0.081407819,33675.6,5.821468403,32.4542531,-41.75918944,77.15585936,0,0,0,9
element_4648,2024,247.8771629,5.260779094,122.2007858,170.3662695,138.1065252,21.93602992,0,0,2612.291991,0.081407819,33675.6,5.821468403,32.4542531,-41.75918944,77.15585936,0,0,0,9
element_4648,2025,248.6972141,5.484985561,120.5535489,179.5912329,132.5049504,21.93602992,0,0,2612.291991,0.081407819,33675.6,5.821468403,32.4542531,-41.75918944,77.15585936,0,0,0,9
element_4648,2026,248.1377885,5.354968384,121.8356694,184.6334304,128.718677,21.93602992,0,0,2612.291991,0.081407819,33675.6,5.821468403,32.4542531,-41.75918944,77.15585936,0,0,0,9
element_4648,2027,248.5610086,5.499056922,122.7272949,177.6456432,131.250987,21.93602992,0,0,2612.291991,0.081407819,33675.6,5.821468403,32.4542531,-41.75918944,77.15585936,0,0,0,9
element_4648,2028,248.5524452,5.461938142,120.0388478,187.0777205,134.2013467,21.93602992,0,0,2612.291991,0.081407819,33675.6,5.821468403,32.4542531,-41.75918944,77.15585936,0,0,0,9
element_4648,2029,248.7259466,5.427302614,120.4359613,184.4956534,137.5139724,21.93602992,0,0,2612.291991,0.081407819,33675.6,5.821468403,32.4542531,-41.75918944,77.15585936,0,0,0,9
element_4648,2030,248.2881944,5.286624228,121.3276661,180.3511876,136.8878245,21.93602992,0,0,2612.291991,0.081407819,33675.6,5.821468403,32.4542531,-41.75918944,77.15585936,0,0,0,9
element_4648,2031,248.0557818,5.343933247,120.5817007,177.8004162,133.3123487,21.93602992,0,0,2612.291991,0.081407819,33675.6,5.821468403,32.4542531,-41.75918944,77.15585936,0,0,0,9
element_4648,2032,248.1821749,5.188230783,121.9798973,170.4222795,138.9902831,21.93602992,0,0,2612.291991,0.081407819,33675.6,5.821468403,32.4542531,-41.75918944,77.15585936,0,0,0,9
element_4648,2033,248.9758438,5.458903196,120.9846544,196.0989924,139.6479442,21.93602992,0,0,2612.291991,0.081407819,33675.6,5.821468403,32.4542531,-41.75918944,77.15585936,0,0,0,9
element_4648,2034,248.6265615,5.359619379,122.3128179,175.7644717,135.9016299,21.93602992,0,0,2612.291991,0.081407819,33675.6,5.821468403,32.4542531,-41.75918944,77.15585936,0,0,0,9
element_4648,2035,248.9063918,5.420602724,121.5483219,171.6283631,143.7944853,21.93602992,0,0,2612.291991,0.081407819,33675.6,5.821468403,32.4542531,-41.75918944,77.15585936,0,0,0,9
element_4648,2036,248.5164567,5.31245487,119.7270268,186.4238525,137.6192877,21.93602992,0,0,2612.291991,0.081407819,33675.6,5.821468403,32.4542531,-41.75918944,77.15585936,0,0,0,9
element_4648,2037,248.4609696,5.35076686,120.3253829,202.6580051,136.1415814,21.93602992,0,0,2612.291991,0.081407819,33675.6,5.821468403,32.4542531,-41.75918944,77.15585936,0,0,0,9
element_4648,2038,248.3035699,5.334896907,121.2075984,177.8032915,136.7553042,21.93602992,0,0,2612.291991,0.081407819,33675.6,5.821468403,32.4542531,-41.75918944,77.15585936,0,0,0,9
element_4648,2039,249.4068586,5.561008644,119.5095683,206.5578038,139.5137294,21.93602992,0,0,2612.291991,0.081407819,33675.6,5.821468403,32.4542531,-41.75918944,77.15585936,0,0,0,9
element_4648,2040,247.9230773,5.101134793,122.6926568,141.0364402,146.4229476,21.93602992,0,0,2612.291991,0.081407819,33675.6,5.821468403,32.4542531,-41.75918944,77.15585936,0,0,0,9
element_4648,2041,248.5933465,5.245311521,121.6230267,180.7315997,139.0085037,21.93602992,0,0,2612.291991,0.081407819,33675.6,5.821468403,32.4542531,-41.75918944,77.15585936,0,0,0,9
element_4648,2042,249.438534,5.324360978,119.8028635,182.8672062,139.456954,21.93602992,0,0,2612.291991,0.081407819,33675.6,5.821468403,32.4542531,-41.75918944,77.15585936,0,0,0,9
element_4648,2043,249.0634196,5.46330308,119.2321732,182.8401044,141.8355043,21.93602992,0,0,2612.291991,0.081407819,33675.6,5.821468403,32.4542531,-41.75918944,77.15585936,0,0,0,9
element_4648,2044,248.9357825,5.419623829,119.6189885,205.59459,136.9595536,21.93602992,0,0,2612.291991,0.081407819,33675.6,5.821468403,32.4542531,-41.75918944,77.15585936,0,0,0,9
element_4648,2045,249.5993193,5.304861041,119.0729345,183.53965,139.5608477,21.93602992,0,0,2612.291991,0.081407819,33675.6,5.821468403,32.4542531,-41.75918944,77.15585936,0,0,0,9
element_4648,2046,249.563578,5.388508918,120.270489,188.0524153,146.6961485,21.93602992,0,0,2612.291991,0.081407819,33675.6,5.821468403,32.4542531,-41.75918944,77.15585936,0,0,0,9
element_4648,2047,249.7784911,5.46858089,119.2228037,202.2492029,139.9924796,21.93602992,0,0,2612.291991,0.081407819,33675.6,5.821468403,32.4542531,-41.75918944,77.15585936,0,0,0,9
element_4648,2048,249.5334872,5.153994449,120.5005928,172.8076326,150.6436701,21.93602992,0,0,2612.291991,0.081407819,33675.6,5.821468403,32.4542531,-41.75918944,77.15585936,0,0,0,9
element_4648,2049,249.865183,5.232346729,120.4477729,190.3100188,142.6757256,21.93602992,0,0,2612.291991,0.081407819,33675.6,5.821468403,32.4542531,-41.75918944,77.15585936,0,0,0,9
element_4648,2050,250.3603946,5.311938564,119.1723131,183.0219186,151.3191045,21.93602992,0,0,2612.291991,0.081407819,33675.6,5.821468403,32.4542531,-41.75918944,77.15585936,0,0,0,9
element_4648,2051,249.8952486,5.279953527,119.5496256,187.9833873,148.4795562,21.93602992,0,0,2612.291991,0.081407819,33675.6,5.821468403,32.4542531,-41.75918944,77.15585936,0,0,0,9
element_4648,2052,249.7021189,5.279736006,121.2907497,206.5176734,150.8174029,21.93602992,0,0,2612.291991,0.081407819,33675.6,5.821468403,32.4542531,-41.75918944,77.15585936,0,0,0,9
element_4648,2053,249.9792331,5.404795345,117.8861427,222.0119737,144.4722416,21.93602992,0,0,2612.291991,0.081407819,33675.6,5.821468403,32.4542531,-41.75918944,77.15585936,0,0,0,9
element_4648,2054,249.868791,5.691827771,119.6928894,212.1737687,141.9591581,21.93602992,0,0,2612.291991,0.081407819,33675.6,5.821468403,32.4542531,-41.75918944,77.15585936,0,0,0,9
element_4648,2055,249.5434648,5.239424183,119.2169962,197.1985495,148.0287189,21.93602992,0,0,2612.291991,0.081407819,33675.6,5.821468403,32.4542531,-41.75918944,77.15585936,0,0,0,9
element_4648,2056,249.8943987,5.433520373,118.9535678,204.7503231,144.6569316,21.93602992,0,0,2612.291991,0.081407819,33675.6,5.821468403,32.4542531,-41.75918944,77.15585936,0,0,0,9
element_4648,2057,249.9910968,5.277736855,119.2900582,199.7044289,147.8586795,21.93602992,0,0,2612.291991,0.081407819,33675.6,5.821468403,32.4542531,-41.75918944,77.15585936,0,0,0,9
element_4648,2058,250.1889736,5.24659823,119.0262896,202.8823076,154.7887492,21.93602992,0,0,2612.291991,0.081407819,33675.6,5.821468403,32.4542531,-41.75918944,77.15585936,0,0,0,9
element_4648,2059,250.6579546,5.268414496,117.7630584,225.82143,153.7636139,21.93602992,0,0,2612.291991,0.081407819,33675.6,5.821468403,32.4542531,-41.75918944,77.15585936,0,0,0,9
element_4648,2060,250.6570129,5.312670044,119.3031362,209.2317072,155.5420403,21.93602992,0,0,2612.291991,0.081407819,33675.6,5.821468403,32.4542531,-41.75918944,77.15585936,0,0,0,9
element_4648,2061,250.450469,5.295705194,120.3322935,191.4274172,153.0689388,21.93602992,0,0,2612.291991,0.081407819,33675.6,5.821468403,32.4542531,-41.75918944,77.15585936,0,0,0,9
element_4648,2062,251.0576603,5.326895574,117.338864,215.6096348,155.3840983,21.93602992,0,0,2612.291991,0.081407819,33675.6,5.821468403,32.4542531,-41.75918944,77.15585936,0,0,0,9
element_4648,2063,251.3183809,5.519588559,116.3146807,225.3641419,148.4753549,21.93602992,0,0,2612.291991,0.081407819,33675.6,5.821468403,32.4542531,-41.75918944,77.15585936,0,0,0,9
element_4648,2064,251.1024972,5.557385992,118.2858793,223.2364122,154.0323389,21.93602992,0,0,2612.291991,0.081407819,33675.6,5.821468403,32.4542531,-41.75918944,77.15585936,0,0,0,9
element_4648,2065,251.5272,5.384351299,117.1449567,224.012199,163.7225503,21.93602992,0,0,2612.291991,0.081407819,33675.6,5.821468403,32.4542531,-41.75918944,77.15585936,0,0,0,9
element_4648,2066,251.427356,5.388911379,114.8620442,237.3424598,157.0596074,21.93602992,0,0,2612.291991,0.081407819,33675.6,5.821468403,32.4542531,-41.75918944,77.15585936,0,0,0,9
element_4648,2067,251.3346354,5.312434837,117.9298233,195.7973443,157.6392027,21.93602992,0,0,2612.291991,0.081407819,33675.6,5.821468403,32.4542531,-41.75918944,77.15585936,0,0,0,9
element_4648,2068,250.7810347,5.300716883,118.4965217,210.2533206,156.5393215,21.93602992,0,0,2612.291991,0.081407819,33675.6,5.821468403,32.4542531,-41.75918944,77.15585936,0,0,0,9
element_4648,2069,251.6444853,5.405222789,116.8270384,240.660506,158.5919422,21.93602992,0,0,2612.291991,0.081407819,33675.6,5.821468403,32.4542531,-41.75918944,77.15585936,0,0,0,9
element_4648,2070,251.9291479,5.363140437,118.8469975,210.5565832,160.9671373,21.93602992,0,0,2612.291991,0.081407819,33675.6,5.821468403,32.4542531,-41.75918944,77.15585936,0,0,0,9
element_4648,2071,251.3872052,5.165401772,118.364306,200.035795,157.7317851,21.93602992,0,0,2612.291991,0.081407819,33675.6,5.821468403,32.4542531,-41.75918944,77.15585936,0,0,0,9
element_4648,2072,251.3331233,5.202165303,117.6366758,207.9858225,160.4089597,21.93602992,0,0,2612.291991,0.081407819,33675.6,5.821468403,32.4542531,-41.75918944,77.15585936,0,0,0,9
element_4648,2073,251.1778577,5.307451081,116.7786683,211.5044416,161.7711683,21.93602992,0,0,2612.291991,0.081407819,33675.6,5.821468403,32.4542531,-41.75918944,77.15585936,0,0,0,9
element_4648,2074,251.5343909,5.220311862,118.9117706,207.7962305,159.2253543,21.93602992,0,0,2612.291991,0.081407819,33675.6,5.821468403,32.4542531,-41.75918944,77.15585936,0,0,0,9
element_4648,2075,252.1833059,5.554168666,116.6852226,213.3458845,159.2413572,21.93602992,0,0,2612.291991,0.081407819,33675.6,5.821468403,32.4542531,-41.75918944,77.15585936,0,0,0,9
element_4648,2076,252.4302484,5.316115452,117.4716736,217.2445629,168.4467979,21.93602992,0,0,2612.291991,0.081407819,33675.6,5.821468403,32.4542531,-41.75918944,77.15585936,0,0,0,9
element_4648,2077,252.234304,5.266532999,117.3777133,229.132475,171.9364719,21.93602992,0,0,2612.291991,0.081407819,33675.6,5.821468403,32.4542531,-41.75918944,77.15585936,0,0,0,9
element_4648,2078,252.2787702,5.296668148,117.3356763,192.3876959,167.8502312,21.93602992,0,0,2612.291991,0.081407819,33675.6,5.821468403,32.4542531,-41.75918944,77.15585936,0,0,0,9
element_4648,2079,251.8120639,5.331247785,116.6626807,232.4700822,165.9864808,21.93602992,0,0,2612.291991,0.081407819,33675.6,5.821468403,32.4542531,-41.75918944,77.15585936,0,0,0,9
element_4648,2080,252.6682798,5.372034493,117.2222299,212.9189871,167.4068777,21.93602992,0,0,2612.291991,0.081407819,33675.6,5.821468403,32.4542531,-41.75918944,77.15585936,0,0,0,9
element_4648,2081,252.8656792,5.407090003,116.8300393,212.8843951,176.5016958,21.93602992,0,0,2612.291991,0.081407819,33675.6,5.821468403,32.4542531,-41.75918944,77.15585936,0,0,0,9
element_4648,2082,252.2952,5.340448375,114.3911459,259.178382,166.67765,21.93602992,0,0,2612.291991,0.081407819,33675.6,5.821468403,32.4542531,-41.75918944,77.15585936,0,0,0,9
element_4648,2083,252.5833923,5.321890716,116.1508532,226.6969597,166.5094532,21.93602992,0,0,2612.291991,0.081407819,33675.6,5.821468403,32.4542531,-41.75918944,77.15585936,0,0,0,9
element_4648,2084,252.2517523,5.264156052,115.6804861,242.9728291,159.9397,21.93602992,0,0,2612.291991,0.081407819,33675.6,5.821468403,32.4542531,-41.75918944,77.15585936,0,0,0,9
element_4648,2085,252.6416664,5.12715904,117.1917159,194.4850182,170.4086914,21.93602992,0,0,2612.291991,0.081407819,33675.6,5.821468403,32.4542531,-41.75918944,77.15585936,0,0,0,9
element_4648,2086,252.5309272,5.326311589,116.7873398,218.9986782,169.3405415,21.93602992,0,0,2612.291991,0.081407819,33675.6,5.821468403,32.4542531,-41.75918944,77.15585936,0,0,0,9
element_4648,2087,252.3187635,5.281195559,117.0891508,240.2055626,166.3709797,21.93602992,0,0,2612.291991,0.081407819,33675.6,5.821468403,32.4542531,-41.75918944,77.15585936,0,0,0,9
element_4648,2088,252.31811,5.333164814,118.2117324,213.3431136,170.2208856,21.93602992,0,0,2612.291991,0.081407819,33675.6,5.821468403,32.4542531,-41.75918944,77.15585936,0,0,0,9
element_4648,2089,252.5315543,5.217364886,117.6597758,216.8615215,168.64533,21.93602992,0,0,2612.291991,0.081407819,33675.6,5.821468403,32.4542531,-41.75918944,77.15585936,0,0,0,9
element_4648,2090,251.9876067,5.271442712,115.9569184,250.5220586,168.3192384,21.93602992,0,0,2612.291991,0.081407819,33675.6,5.821468403,32.4542531,-41.75918944,77.15585936,0,0,0,9
element_4648,2091,252.5412908,5.327443246,113.6765147,272.1233874,167.0883953,21.93602992,0,0,2612.291991,0.081407819,33675.6,5.821468403,32.4542531,-41.75918944,77.15585936,0,0,0,9
element_4648,2092,253.0235242,5.265572728,114.2411275,226.1403241,174.6016878,21.93602992,0,0,2612.291991,0.081407819,33675.6,5.821468403,32.4542531,-41.75918944,77.15585936,0,0,0,9
element_4648,2093,253.4893366,5.324103613,116.4010865,244.5384101,183.7939052,21.93602992,0,0,2612.291991,0.081407819,33675.6,5.821468403,32.4542531,-41.75918944,77.15585936,0,0,0,9
element_4648,2094,252.5828996,5.479335737,114.4265815,269.1671644,174.2617428,21.93602992,0,0,2612.291991,0.081407819,33675.6,5.821468403,32.4542531,-41.75918944,77.15585936,0,0,0,9
element_4648,2095,253.0374351,5.317218686,115.0404522,259.1834704,177.0900565,21.93602992,0,0,2612.291991,0.081407819,33675.6,5.821468403,32.4542531,-41.75918944,77.15585936,0,0,0,9
element_4648,2096,252.4610679,5.199544737,114.7392824,254.7584102,177.1352497,21.93602992,0,0,2612.291991,0.081407819,33675.6,5.821468403,32.4542531,-41.75918944,77.15585936,0,0,0,9
element_4648,2097,253.1245122,5.340282608,115.6790195,257.5370653,176.5679775,21.93602992,0,0,2612.291991,0.081407819,33675.6,5.821468403,32.4542531,-41.75918944,77.15585936,0,0,0,9
element_4648,2098,253.7111241,5.31894549,115.2356529,233.3887539,182.583591,21.93602992,0,0,2612.291991,0.081407819,33675.6,5.821468403,32.4542531,-41.75918944,77.15585936,0,0,0,9
element_4648,2099,253.8132994,5.242974925,116.3525908,232.1764515,185.6815289,21.93602992,0,0,2612.291991,0.081407819,33675.6,5.821468403,32.4542531,-41.75918944,77.15585936,0,0,0,9
element_4648,2100,253.7952214,5.338466969,114.3874443,276.9216601,180.062154,21.93602992,0,0,2612.291991,0.081407819,33675.6,5.821468403,32.4542531,-41.75918944,77.15585936,0,0,0,9
element_4650,2015,253.2946674,6.040988038,125.0839276,243.2574998,207.5762361,21.7243351,3.86E-06,0,2540.912688,0.208431249,72517.4,3.420677731,37.55203096,-30.54708484,74.64909773,9.153061867,35.38954926,30.04648972,9
element_4650,2016,253.2464383,6.045693042,125.9937979,244.693257,209.0925761,21.72309048,3.43E-06,0,2540.912688,0.208431249,72517.4,3.420677731,37.55203096,-30.54708484,74.64909773,9.153061867,35.38954926,30.04648972,9
element_4650,2017,252.6683993,6.22566146,126.1935521,235.6026733,212.3572259,21.72394563,4.18E-06,0,2540.912688,0.208431249,72517.4,3.420677731,37.55203096,-30.54708484,74.64909773,9.153061867,35.38954926,30.04648972,9
element_4650,2018,253.6537309,6.1953805,125.9405697,313.5364447,208.9056753,21.71990998,4.84E-06,0,2540.912688,0.208431249,72517.4,3.420677731,37.55203096,-30.54708484,74.64909773,9.153061867,35.38954926,30.04648972,9
element_4650,2019,252.9556982,6.20175295,125.9364647,263.2818182,205.7131304,21.72029909,4.33E-06,0,2540.912688,0.208431249,72517.4,3.420677731,37.55203096,-30.54708484,74.64909773,9.153061867,35.38954926,30.04648972,9
element_4650,2020,253.2638225,6.173830217,125.9170447,270.494144,205.8167806,21.7238263,4.97E-06,0,2540.912688,0.208431249,72517.4,3.420677731,37.55203096,-30.54708484,74.64909773,9.153061867,35.38954926,30.04648972,9
element_4650,2021,252.8415689,6.230177576,123.7462055,301.907512,196.8248388,21.72121892,3.81E-06,0,2540.912688,0.208431249,72517.4,3.420677731,37.55203096,-30.54708484,74.64909773,9.153061867,35.38954926,30.04648972,9
element_4650,2022,253.4373194,6.157383855,126.3921298,246.5007589,211.9346182,21.72450256,4.86E-06,0,2540.912688,0.208431249,72517.4,3.420677731,37.55203096,-30.54708484,74.64909773,9.153061867,35.38954926,30.04648972,9
element_4650,2023,253.4954332,6.065049903,126.0194598,252.7623087,210.3044471,21.72524287,4.34E-06,0,2540.912688,0.208431249,72517.4,3.420677731,37.55203096,-30.54708484,74.64909773,9.153061867,35.38954926,30.04648972,9
element_4650,2024,253.8194946,6.203788634,125.1277431,276.1851797,220.5399622,21.7252278,4.59E-06,0,2540.912688,0.208431249,72517.4,3.420677731,37.55203096,-30.54708484,74.64909773,9.153061867,35.38954926,30.04648972,9
element_4650,2025,254.1905171,6.163567346,126.349556,285.9611469,213.8231596,21.72174072,5.92E-06,0,2540.912688,0.208431249,72517.4,3.420677731,37.55203096,-30.54708484,74.64909773,9.153061867,35.38954926,30.04648972,9
element_4650,2026,253.9407453,6.225155533,124.4762432,309.7924545,206.0505529,21.72063642,5.36E-06,0,2540.912688,0.208431249,72517.4,3.420677731,37.55203096,-30.54708484,74.64909773,9.153061867,35.38954926,30.04648972,9
element_4650,2027,254.351213,6.300105931,124.8540825,271.3352727,215.6591368,21.72099133,4.55E-06,0,2540.912688,0.208431249,72517.4,3.420677731,37.55203096,-30.54708484,74.64909773,9.153061867,35.38954926,30.04648972,9
element_4650,2028,254.2592982,6.281688501,123.8868905,263.5645632,217.3529678,21.71930417,4.83E-06,0,2540.912688,0.208431249,72517.4,3.420677731,37.55203096,-30.54708484,74.64909773,9.153061867,35.38954926,30.04648972,9
element_4650,2029,254.2628902,6.358390613,123.9562657,343.8487576,220.4033906,21.72093196,5.08E-06,0,2540.912688,0.208431249,72517.4,3.420677731,37.55203096,-30.54708484,74.64909773,9.153061867,35.38954926,30.04648972,9
element_4650,2030,253.945538,6.15098122,124.8552914,271.8040719,216.8537229,21.72188413,4.97E-06,0,2540.912688,0.208431249,72517.4,3.420677731,37.55203096,-30.54708484,74.64909773,9.153061867,35.38954926,30.04648972,9
element_4650,2031,253.9522088,6.186025858,125.1747846,253.1620181,208.4898748,21.71737417,4.81E-06,0,2540.912688,0.208431249,72517.4,3.420677731,37.55203096,-30.54708484,74.64909773,9.153061867,35.38954926,30.04648972,9
element_4650,2032,253.7903342,6.055171753,124.4806423,279.3868182,212.8934336,21.71880678,5.09E-06,0,2540.912688,0.208431249,72517.4,3.420677731,37.55203096,-30.54708484,74.64909773,9.153061867,35.38954926,30.04648972,9
element_4650,2033,254.4944786,6.299234151,123.0737635,337.0143564,216.7252392,21.72424259,4.28E-06,0,2540.912688,0.208431249,72517.4,3.420677731,37.55203096,-30.54708484,74.64909773,9.153061867,35.38954926,30.04648972,9
element_4650,2034,254.2167856,6.269998715,127.1689301,259.7653672,216.5825629,21.72268032,4.76E-06,0,2540.912688,0.208431249,72517.4,3.420677731,37.55203096,-30.54708484,74.64909773,9.153061867,35.38954926,30.04648972,9
element_4650,2035,254.3589621,6.283157559,127.290732,266.1427282,227.8127261,21.72243771,4.67E-06,0,2540.912688,0.208431249,72517.4,3.420677731,37.55203096,-30.54708484,74.64909773,9.153061867,35.38954926,30.04648972,9
element_4650,2036,254.2002254,6.292009321,125.4528692,275.2757452,218.6219718,21.72033608,4.55E-06,0,2540.912688,0.208431249,72517.4,3.420677731,37.55203096,-30.54708484,74.64909773,9.153061867,35.38954926,30.04648972,9
element_4650,2037,254.102071,6.147862941,122.5570748,301.3896515,214.1130776,21.72130146,5.20E-06,0,2540.912688,0.208431249,72517.4,3.420677731,37.55203096,-30.54708484,74.64909773,9.153061867,35.38954926,30.04648972,9
element_4650,2038,254.2112793,6.17669496,123.6929158,331.6482695,212.5890036,21.72227691,4.87E-06,0,2540.912688,0.208431249,72517.4,3.420677731,37.55203096,-30.54708484,74.64909773,9.153061867,35.38954926,30.04648972,9
element_4650,2039,255.123103,6.101749667,125.8074772,345.0895921,225.7403662,21.71679437,5.34E-06,0,2540.912688,0.208431249,72517.4,3.420677731,37.55203096,-30.54708484,74.64909773,9.153061867,35.38954926,30.04648972,9
element_4650,2040,254.0517647,5.991662615,123.098492,337.0748112,219.2086778,21.71989593,6.21E-06,0,2540.912688,0.208431249,72517.4,3.420677731,37.55203096,-30.54708484,74.64909773,9.153061867,35.38954926,30.04648972,9
element_4650,2041,254.5273397,6.132438675,122.9156122,285.4932098,223.1688716,21.72408429,5.05E-06,0,2540.912688,0.208431249,72517.4,3.420677731,37.55203096,-30.54708484,74.64909773,9.153061867,35.38954926,30.04648972,9
element_4650,2042,254.9473877,6.209688142,124.1360579,301.1802989,216.4151237,21.72137128,1.47E-05,0,2540.912688,0.208431249,72517.4,3.420677731,37.55203096,-30.54708484,74.64909773,9.153061867,35.38954926,30.04648972,9
element_4650,2043,254.5643102,6.168564816,124.6903992,278.7857433,222.8596285,21.71990716,1.57E-05,0,2540.912688,0.208431249,72517.4,3.420677731,37.55203096,-30.54708484,74.64909773,9.153061867,35.38954926,30.04648972,9
element_4650,2044,254.6011742,6.125972124,124.5104029,298.7789333,212.8579721,21.71859969,1.58E-05,0,2540.912688,0.208431249,72517.4,3.420677731,37.55203096,-30.54708484,74.64909773,9.153061867,35.38954926,30.04648972,9
element_4650,2045,255.1459829,5.96110147,123.5708182,289.2861587,220.9491831,21.71882791,2.06E-05,0,2540.912688,0.208431249,72517.4,3.420677731,37.55203096,-30.54708484,74.64909773,9.153061867,35.38954926,30.04648972,9
element_4650,2046,255.1571583,6.277587359,123.5401687,314.7354602,229.6476233,21.72695492,2.04E-05,0,2540.912688,0.208431249,72517.4,3.420677731,37.55203096,-30.54708484,74.64909773,9.153061867,35.38954926,30.04648972,9
element_4650,2047,255.2000701,6.2369435,124.3662151,273.4423161,222.8154805,21.72023272,1.39E-05,0,2540.912688,0.208431249,72517.4,3.420677731,37.55203096,-30.54708484,74.64909773,9.153061867,35.38954926,30.04648972,9
element_4650,2048,255.5041347,6.060387941,123.8704952,318.0692946,230.8176177,21.71931661,1.18E-05,0,2540.912688,0.208431249,72517.4,3.420677731,37.55203096,-30.54708484,74.64909773,9.153061867,35.38954926,30.04648972,9
element_4650,2049,255.625088,6.161161985,123.4763315,327.2649799,222.7950427,21.7208035,1.20E-05,0,2540.912688,0.208431249,72517.4,3.420677731,37.55203096,-30.54708484,74.64909773,9.153061867,35.38954926,30.04648972,9
element_4650,2050,256.087682,6.019640539,123.9829233,292.2699011,244.9532191,21.72204876,1.14E-05,0,2540.912688,0.208431249,72517.4,3.420677731,37.55203096,-30.54708484,74.64909773,9.153061867,35.38954926,30.04648972,9
element_4650,2051,255.6425446,6.157067765,122.4335173,347.5060344,231.6674853,21.72577467,1.77E-05,0,2540.912688,0.208431249,72517.4,3.420677731,37.55203096,-30.54708484,74.64909773,9.153061867,35.38954926,30.04648972,9
element_4650,2052,255.4769304,6.089968762,122.7144198,357.8254936,231.0155964,21.72491594,9.17E-06,0,2540.912688,0.208431249,72517.4,3.420677731,37.55203096,-30.54708484,74.64909773,9.153061867,35.38954926,30.04648972,9
element_4650,2053,255.6793886,6.25308963,123.269044,331.2690366,233.5061292,21.72266441,9.05E-06,0,2540.912688,0.208431249,72517.4,3.420677731,37.55203096,-30.54708484,74.64909773,9.153061867,35.38954926,30.04648972,9
element_4650,2054,255.5320346,6.242741694,123.9926105,313.3235654,231.0822511,21.72319436,1.86E-05,0,2540.912688,0.208431249,72517.4,3.420677731,37.55203096,-30.54708484,74.64909773,9.153061867,35.38954926,30.04648972,9
element_4650,2055,255.4927807,6.130826415,122.9158116,375.5277836,236.074598,21.7290256,9.61E-06,0,2540.912688,0.208431249,72517.4,3.420677731,37.55203096,-30.54708484,74.64909773,9.153061867,35.38954926,30.04648972,9
element_4650,2056,255.5677793,6.180751086,125.6736269,297.6707414,229.7343263,21.72062901,1.07E-05,0,2540.912688,0.208431249,72517.4,3.420677731,37.55203096,-30.54708484,74.64909773,9.153061867,35.38954926,30.04648972,9
element_4650,2057,255.8345575,6.073817482,124.8303815,306.8316714,233.4323747,21.72072943,2.53E-05,0,2540.912688,0.208431249,72517.4,3.420677731,37.55203096,-30.54708484,74.64909773,9.153061867,35.38954926,30.04648972,9
element_4650,2058,256.1103108,6.07780045,122.3608806,307.4350753,241.5929327,21.73078496,3.05E-05,0,2540.912688,0.208431249,72517.4,3.420677731,37.55203096,-30.54708484,74.64909773,9.153061867,35.38954926,30.04648972,9
element_4650,2059,256.4178468,6.169457807,122.0850256,342.2881237,240.2424553,21.73018064,1.86E-05,0,2540.912688,0.208431249,72517.4,3.420677731,37.55203096,-30.54708484,74.64909773,9.153061867,35.38954926,30.04648972,9
element_4650,2060,256.4024216,6.184988895,121.9506313,395.2289214,239.2346463,21.72974757,2.03E-05,0,2540.912688,0.208431249,72517.4,3.420677731,37.55203096,-30.54708484,74.64909773,9.153061867,35.38954926,30.04648972,9
element_4650,2061,256.2198642,6.162451756,121.5926863,330.7898266,242.7578786,21.72434606,3.61E-05,0,2540.912688,0.208431249,72517.4,3.420677731,37.55203096,-30.54708484,74.64909773,9.153061867,35.38954926,30.04648972,9
element_4650,2062,256.8346283,6.050150876,123.7387889,340.0361175,250.3752036,21.72662049,2.38E-05,0,2540.912688,0.208431249,72517.4,3.420677731,37.55203096,-30.54708484,74.64909773,9.153061867,35.38954926,30.04648972,9
element_4650,2063,256.7301858,6.264615932,120.2070321,328.8290837,237.2383375,21.73173579,2.10E-05,0,2540.912688,0.208431249,72517.4,3.420677731,37.55203096,-30.54708484,74.64909773,9.153061867,35.38954926,30.04648972,9
element_4650,2064,256.6545838,6.259705017,123.6755312,358.3686201,241.570138,21.72222224,3.00E-05,0,2540.912688,0.208431249,72517.4,3.420677731,37.55203096,-30.54708484,74.64909773,9.153061867,35.38954926,30.04648972,9
element_4650,2065,257.1218173,6.077219125,123.0798312,346.5734115,258.1198419,21.72512899,2.00E-05,0,2540.912688,0.208431249,72517.4,3.420677731,37.55203096,-30.54708484,74.64909773,9.153061867,35.38954926,30.04648972,9
element_4650,2066,257.1570929,6.244215874,120.3993629,422.37162,249.427415,21.72723762,1.77E-05,0,2540.912688,0.208431249,72517.4,3.420677731,37.55203096,-30.54708484,74.64909773,9.153061867,35.38954926,30.04648972,9
element_4650,2067,256.7014952,6.152591732,120.7701951,356.8972415,249.1391077,21.74007165,1.91E-05,0,2540.912688,0.208431249,72517.4,3.420677731,37.55203096,-30.54708484,74.64909773,9.153061867,35.38954926,30.04648972,9
element_4650,2068,256.71322,6.27246951,122.7279941,371.1720331,249.8175945,21.74031425,1.70E-05,0,2540.912688,0.208431249,72517.4,3.420677731,37.55203096,-30.54708484,74.64909773,9.153061867,35.38954926,30.04648972,9
element_4650,2069,257.2752554,6.175057571,122.3000448,340.4744922,251.7381951,21.72400145,4.19E-05,0,2540.912688,0.208431249,72517.4,3.420677731,37.55203096,-30.54708484,74.64909773,9.153061867,35.38954926,30.04648972,9
element_4650,2070,257.533174,6.078591648,121.6711562,432.5742507,251.5763163,21.73585481,4.48E-05,0,2540.912688,0.208431249,72517.4,3.420677731,37.55203096,-30.54708484,74.64909773,9.153061867,35.38954926,30.04648972,9
element_4650,2071,256.9926201,6.045289726,120.9919471,325.9999787,248.8331333,21.7292602,3.57E-05,0,2540.912688,0.208431249,72517.4,3.420677731,37.55203096,-30.54708484,74.64909773,9.153061867,35.38954926,30.04648972,9
element_4650,2072,257.1727057,6.099035232,121.4401694,330.3060095,256.613528,21.72639278,4.37E-05,0,2540.912688,0.208431249,72517.4,3.420677731,37.55203096,-30.54708484,74.64909773,9.153061867,35.38954926,30.04648972,9
element_4650,2073,256.8831967,6.155342353,122.6740411,354.9463536,259.161783,21.73309987,3.11E-05,0,2540.912688,0.208431249,72517.4,3.420677731,37.55203096,-30.54708484,74.64909773,9.153061867,35.38954926,30.04648972,9
element_4650,2074,257.3727598,6.012060947,121.5912416,491.4982251,246.49014,21.73178969,4.70E-05,0,2540.912688,0.208431249,72517.4,3.420677731,37.55203096,-30.54708484,74.64909773,9.153061867,35.38954926,30.04648972,9
element_4650,2075,257.6311564,6.159649256,122.7997628,344.5550709,253.3877538,21.73403818,3.44E-05,0,2540.912688,0.208431249,72517.4,3.420677731,37.55203096,-30.54708484,74.64909773,9.153061867,35.38954926,30.04648972,9
element_4650,2076,257.6712054,6.097411962,119.6237028,429.1667983,255.8432817,21.73410812,4.42E-05,0,2540.912688,0.208431249,72517.4,3.420677731,37.55203096,-30.54708484,74.64909773,9.153061867,35.38954926,30.04648972,9
element_4650,2077,258.089079,5.931845002,117.3771173,511.5691063,264.1976628,21.72847062,5.20E-05,0,2540.912688,0.208431249,72517.4,3.420677731,37.55203096,-30.54708484,74.64909773,9.153061867,35.38954926,30.04648972,9
element_4650,2078,257.9479216,6.060370334,121.470667,405.9038471,261.5470294,21.73964934,3.18E-05,0,2540.912688,0.208431249,72517.4,3.420677731,37.55203096,-30.54708484,74.64909773,9.153061867,35.38954926,30.04648972,9
element_4650,2079,257.7000806,6.186336449,119.96341,472.3785783,259.583695,21.73683832,4.56E-05,0,2540.912688,0.208431249,72517.4,3.420677731,37.55203096,-30.54708484,74.64909773,9.153061867,35.38954926,30.04648972,9
element_4650,2080,257.9401725,6.002086424,121.1175919,378.5356163,258.7295217,21.73378349,5.68E-05,0,2540.912688,0.208431249,72517.4,3.420677731,37.55203096,-30.54708484,74.64909773,9.153061867,35.38954926,30.04648972,9
element_4650,2081,258.4620543,6.061316131,120.9814092,380.8722595,265.5000298,21.73182909,3.32E-05,0,2540.912688,0.208431249,72517.4,3.420677731,37.55203096,-30.54708484,74.64909773,9.153061867,35.38954926,30.04648972,9
element_4650,2082,257.9085272,6.18478463,120.4858003,412.530803,257.1654101,21.72818621,4.92E-05,0,2540.912688,0.208431249,72517.4,3.420677731,37.55203096,-30.54708484,74.64909773,9.153061867,35.38954926,30.04648972,9
element_4650,2083,258.1559061,6.11435793,118.5859009,412.330339,260.4402019,21.73235403,4.17E-05,0,2540.912688,0.208431249,72517.4,3.420677731,37.55203096,-30.54708484,74.64909773,9.153061867,35.38954926,30.04648972,9
element_4650,2084,257.9612064,6.097864085,119.1748876,391.3889236,256.4610311,21.73237254,6.94E-05,0,2540.912688,0.208431249,72517.4,3.420677731,37.55203096,-30.54708484,74.64909773,9.153061867,35.38954926,30.04648972,9
element_4650,2085,258.3408331,6.090805899,119.8823193,367.3397034,265.0339868,21.73727305,6.01E-05,0,2540.912688,0.208431249,72517.4,3.420677731,37.55203096,-30.54708484,74.64909773,9.153061867,35.38954926,30.04648972,9
element_4650,2086,258.1555009,6.21229215,119.8518309,384.2070174,262.0557056,21.72904888,7.12E-05,0,2540.912688,0.208431249,72517.4,3.420677731,37.55203096,-30.54708484,74.64909773,9.153061867,35.38954926,30.04648972,9
element_4650,2087,258.1413394,6.178054865,120.9801402,391.8632593,260.390136,21.72897326,5.26E-05,0,2540.912688,0.208431249,72517.4,3.420677731,37.55203096,-30.54708484,74.64909773,9.153061867,35.38954926,30.04648972,9
element_4650,2088,258.1377625,6.07679105,123.0549844,321.8617112,271.4697081,21.7347106,7.08E-05,0,2540.912688,0.208431249,72517.4,3.420677731,37.55203096,-30.54708484,74.64909773,9.153061867,35.38954926,30.04648972,9
element_4650,2089,258.2610948,6.021968251,120.5442452,372.2596461,269.4159145,21.7286986,6.84E-05,0,2540.912688,0.208431249,72517.4,3.420677731,37.55203096,-30.54708484,74.64909773,9.153061867,35.38954926,30.04648972,9
element_4650,2090,257.9833849,6.278375081,120.4852619,393.1311976,267.7620915,21.73449287,4.93E-05,0,2540.912688,0.208431249,72517.4,3.420677731,37.55203096,-30.54708484,74.64909773,9.153061867,35.38954926,30.04648972,9
element_4650,2091,258.2306665,6.213281434,119.0185075,409.1969434,269.5211546,21.73362377,5.75E-05,0,2540.912688,0.208431249,72517.4,3.420677731,37.55203096,-30.54708484,74.64909773,9.153061867,35.38954926,30.04648972,9
element_4650,2092,258.9033407,6.086944214,118.8289385,449.212792,274.2976241,21.73950332,8.72E-05,0,2540.912688,0.208431249,72517.4,3.420677731,37.55203096,-30.54708484,74.64909773,9.153061867,35.38954926,30.04648972,9
element_4650,2093,259.1433887,6.129733714,118.6135336,479.4636199,284.8699722,21.73681928,9.17E-05,0,2540.912688,0.208431249,72517.4,3.420677731,37.55203096,-30.54708484,74.64909773,9.153061867,35.38954926,30.04648972,9
element_4650,2094,258.4976006,6.330533272,120.9079002,388.1132698,279.9256706,21.7553919,6.88E-05,0,2540.912688,0.208431249,72517.4,3.420677731,37.55203096,-30.54708484,74.64909773,9.153061867,35.38954926,30.04648972,9
element_4650,2095,258.9219466,6.089417805,119.2558312,402.9288631,280.2482155,21.74123298,9.10E-05,0,2540.912688,0.208431249,72517.4,3.420677731,37.55203096,-30.54708484,74.64909773,9.153061867,35.38954926,30.04648972,9
element_4650,2096,258.3456322,6.148626948,119.5942778,367.803902,279.7448733,21.74714844,7.04E-05,0,2540.912688,0.208431249,72517.4,3.420677731,37.55203096,-30.54708484,74.64909773,9.153061867,35.38954926,30.04648972,9
element_4650,2097,258.8971562,6.146827196,117.6977331,383.7362876,282.0754021,21.7435575,8.10E-05,0,2540.912688,0.208431249,72517.4,3.420677731,37.55203096,-30.54708484,74.64909773,9.153061867,35.38954926,30.04648972,9
element_4650,2098,259.3055322,6.146486057,120.2712959,424.5692669,283.4875242,21.74127916,0.000121114,0,2540.912688,0.208431249,72517.4,3.420677731,37.55203096,-30.54708484,74.64909773,9.153061867,35.38954926,30.04648972,9
element_4650,2099,259.3657757,5.96009574,119.5669333,381.0500675,291.3348633,21.73946792,0.0001311,0,2540.912688,0.208431249,72517.4,3.420677731,37.55203096,-30.54708484,74.64909773,9.153061867,35.38954926,30.04648972,9
element_4650,2100,259.5373755,6.215659445,118.6815524,404.2274782,284.5132364,21.74115345,7.93E-05,0,2540.912688,0.208431249,72517.4,3.420677731,37.55203096,-30.54708484,74.64909773,9.153061867,35.38954926,30.04648972,9
element_4654,2015,257.5066804,6.022830057,119.7851476,335.6756703,284.886751,21.92531299,2.80E-07,0,1372.197971,1.969741199,6073.9,2.163198436,23.37236355,-24.72402715,74.52532713,9.452106476,36.47158051,30.96456909,9
element_4654,2016,257.4777126,6.133363414,120.5777732,338.8005318,281.9355218,21.92517689,2.49E-07,0,1372.197971,1.969741199,6073.9,2.163198436,23.37236355,-24.72402715,74.52532713,9.452106476,36.47158051,30.96456909,9
element_4654,2017,257.0857262,6.28944839,121.8942481,318.1423623,289.2035292,21.92282042,3.03E-07,0,1372.197971,1.969741199,6073.9,2.163198436,23.37236355,-24.72402715,74.52532713,9.452106476,36.47158051,30.96456909,9
element_4654,2018,258.0636406,6.265179179,120.7871308,433.9216669,285.5416015,21.90890377,3.51E-07,0,1372.197971,1.969741199,6073.9,2.163198436,23.37236355,-24.72402715,74.52532713,9.452106476,36.47158051,30.96456909,9
element_4654,2019,257.6642123,6.530651658,120.6091202,360.5208682,279.3607563,21.90755909,3.14E-07,0,1372.197971,1.969741199,6073.9,2.163198436,23.37236355,-24.72402715,74.52532713,9.452106476,36.47158051,30.96456909,9
element_4654,2020,257.8462802,6.238825209,121.5348057,368.2092311,282.3650139,21.92343062,3.60E-07,0,1372.197971,1.969741199,6073.9,2.163198436,23.37236355,-24.72402715,74.52532713,9.452106476,36.47158051,30.96456909,9
element_4654,2021,257.3726073,6.446610544,117.8322627,408.5086393,267.4167529,21.91866268,2.76E-07,0,1372.197971,1.969741199,6073.9,2.163198436,23.37236355,-24.72402715,74.52532713,9.452106476,36.47158051,30.96456909,9
element_4654,2022,257.8984296,6.154467285,121.7644932,347.3444895,293.8767743,21.92390997,3.52E-07,0,1372.197971,1.969741199,6073.9,2.163198436,23.37236355,-24.72402715,74.52532713,9.452106476,36.47158051,30.96456909,9
element_4654,2023,257.9020488,6.128958869,121.7102357,350.9472827,287.4271714,21.92982526,3.15E-07,0,1372.197971,1.969741199,6073.9,2.163198436,23.37236355,-24.72402715,74.52532713,9.452106476,36.47158051,30.96456909,9
element_4654,2024,258.3582627,6.330046466,119.5074006,382.6558022,301.6389559,21.92817428,3.32E-07,0,1372.197971,1.969741199,6073.9,2.163198436,23.37236355,-24.72402715,74.52532713,9.452106476,36.47158051,30.96456909,9
element_4654,2025,258.7032498,6.142331883,121.6511473,410.23677,295.3878519,21.91985058,4.28E-07,0,1372.197971,1.969741199,6073.9,2.163198436,23.37236355,-24.72402715,74.52532713,9.452106476,36.47158051,30.96456909,9
element_4654,2026,258.4692281,6.336614414,119.3560063,431.95184,283.7696966,21.91414236,3.88E-07,0,1372.197971,1.969741199,6073.9,2.163198436,23.37236355,-24.72402715,74.52532713,9.452106476,36.47158051,30.96456909,9
element_4654,2027,258.7725903,6.304346962,119.951536,365.7757648,297.5957474,21.91636529,3.29E-07,0,1372.197971,1.969741199,6073.9,2.163198436,23.37236355,-24.72402715,74.52532713,9.452106476,36.47158051,30.96456909,9
element_4654,2028,258.7018126,6.317803989,118.5576402,364.1935559,301.572912,21.90662931,3.50E-07,0,1372.197971,1.969741199,6073.9,2.163198436,23.37236355,-24.72402715,74.52532713,9.452106476,36.47158051,30.96456909,9
element_4654,2029,258.8219795,6.506983231,118.9942896,486.6470101,303.0173894,21.91518142,3.68E-07,0,1372.197971,1.969741199,6073.9,2.163198436,23.37236355,-24.72402715,74.52532713,9.452106476,36.47158051,30.96456909,9
element_4654,2030,258.4402789,6.187833341,120.1446742,378.3644208,297.4981304,21.91953144,3.60E-07,0,1372.197971,1.969741199,6073.9,2.163198436,23.37236355,-24.72402715,74.52532713,9.452106476,36.47158051,30.96456909,9
element_4654,2031,258.4753168,6.162690572,120.8394921,333.5702329,288.6009628,21.90266878,3.48E-07,0,1372.197971,1.969741199,6073.9,2.163198436,23.37236355,-24.72402715,74.52532713,9.452106476,36.47158051,30.96456909,9
element_4654,2032,258.2948869,6.154612507,119.0393647,382.8514794,290.1483972,21.90715575,3.69E-07,0,1372.197971,1.969741199,6073.9,2.163198436,23.37236355,-24.72402715,74.52532713,9.452106476,36.47158051,30.96456909,9
element_4654,2033,259.0175262,6.330286781,117.7526969,451.8759107,295.5312439,21.92231601,3.10E-07,0,1372.197971,1.969741199,6073.9,2.163198436,23.37236355,-24.72402715,74.52532713,9.452106476,36.47158051,30.96456909,9
element_4654,2034,258.6986123,6.304969211,122.7547494,363.0264004,298.5797258,21.92274188,3.45E-07,0,1372.197971,1.969741199,6073.9,2.163198436,23.37236355,-24.72402715,74.52532713,9.452106476,36.47158051,30.96456909,9
element_4654,2035,258.7855516,6.414201655,123.1432934,376.6647701,312.1199676,21.91849846,3.38E-07,0,1372.197971,1.969741199,6073.9,2.163198436,23.37236355,-24.72402715,74.52532713,9.452106476,36.47158051,30.96456909,9
element_4654,2036,258.6072814,6.376263028,121.5740875,362.7405664,300.9477479,21.90984844,3.29E-07,0,1372.197971,1.969741199,6073.9,2.163198436,23.37236355,-24.72402715,74.52532713,9.452106476,36.47158051,30.96456909,9
element_4654,2037,258.6063336,6.213754624,116.8780724,398.5525422,294.6889773,21.91509656,3.76E-07,0,1372.197971,1.969741199,6073.9,2.163198436,23.37236355,-24.72402715,74.52532713,9.452106476,36.47158051,30.96456909,9
element_4654,2038,258.9122908,6.307325662,118.4634742,448.8080396,292.5513084,21.91711071,3.53E-07,0,1372.197971,1.969741199,6073.9,2.163198436,23.37236355,-24.72402715,74.52532713,9.452106476,36.47158051,30.96456909,9
element_4654,2039,259.8339818,6.179997932,121.8127013,472.8014617,314.153581,21.90061399,3.86E-07,0,1372.197971,1.969741199,6073.9,2.163198436,23.37236355,-24.72402715,74.52532713,9.452106476,36.47158051,30.96456909,9
element_4654,2040,258.8013852,6.222306277,117.0183314,490.2822563,296.4470805,21.90742463,4.50E-07,0,1372.197971,1.969741199,6073.9,2.163198436,23.37236355,-24.72402715,74.52532713,9.452106476,36.47158051,30.96456909,9
element_4654,2041,259.1784164,6.33193483,117.1369432,393.4065815,308.4536868,21.92646266,3.65E-07,0,1372.197971,1.969741199,6073.9,2.163198436,23.37236355,-24.72402715,74.52532713,9.452106476,36.47158051,30.96456909,9
element_4654,2042,259.3869177,6.384133881,119.4726929,411.2525836,297.0040991,21.91951976,1.07E-06,0,1372.197971,1.969741199,6073.9,2.163198436,23.37236355,-24.72402715,74.52532713,9.452106476,36.47158051,30.96456909,9
element_4654,2043,259.1352062,6.139418023,120.0224728,381.6266944,305.7132469,21.91026575,1.14E-06,0,1372.197971,1.969741199,6073.9,2.163198436,23.37236355,-24.72402715,74.52532713,9.452106476,36.47158051,30.96456909,9
element_4654,2044,259.0417238,6.221713035,119.927161,421.9217899,289.7085759,21.90528719,1.14E-06,0,1372.197971,1.969741199,6073.9,2.163198436,23.37236355,-24.72402715,74.52532713,9.452106476,36.47158051,30.96456909,9
element_4654,2045,259.6817402,5.951902245,119.1833772,376.7259002,304.3485232,21.90870449,1.49E-06,0,1372.197971,1.969741199,6073.9,2.163198436,23.37236355,-24.72402715,74.52532713,9.452106476,36.47158051,30.96456909,9
element_4654,2046,259.5681816,6.311087011,118.8276978,411.8738445,314.8379556,21.94093019,1.48E-06,0,1372.197971,1.969741199,6073.9,2.163198436,23.37236355,-24.72402715,74.52532713,9.452106476,36.47158051,30.96456909,9
element_4654,2047,259.655066,6.175770056,119.4872637,361.5101282,308.3197382,21.91993388,1.01E-06,0,1372.197971,1.969741199,6073.9,2.163198436,23.37236355,-24.72402715,74.52532713,9.452106476,36.47158051,30.96456909,9
element_4654,2048,260.1883818,6.259705009,118.7187382,453.6147176,311.1885212,21.90890878,8.57E-07,0,1372.197971,1.969741199,6073.9,2.163198436,23.37236355,-24.72402715,74.52532713,9.452106476,36.47158051,30.96456909,9
element_4654,2049,260.17772,6.220690441,118.6825512,454.95159,304.9371404,21.91802944,8.71E-07,0,1372.197971,1.969741199,6073.9,2.163198436,23.37236355,-24.72402715,74.52532713,9.452106476,36.47158051,30.96456909,9
element_4654,2050,260.6513371,6.071309994,118.9107726,414.8795863,336.7670039,21.92351244,8.24E-07,0,1372.197971,1.969741199,6073.9,2.163198436,23.37236355,-24.72402715,74.52532713,9.452106476,36.47158051,30.96456909,9
element_4654,2051,260.1893631,6.187778246,116.2180585,484.8945471,317.3117009,21.93572228,1.28E-06,0,1372.197971,1.969741199,6073.9,2.163198436,23.37236355,-24.72402715,74.52532713,9.452106476,36.47158051,30.96456909,9
element_4654,2052,260.0624609,6.200034267,117.2437297,516.1780737,315.8260115,21.93100106,6.64E-07,0,1372.197971,1.969741199,6073.9,2.163198436,23.37236355,-24.72402715,74.52532713,9.452106476,36.47158051,30.96456909,9
element_4654,2053,260.3079445,6.355552416,119.5016356,464.9536961,322.9226504,21.92283999,6.56E-07,0,1372.197971,1.969741199,6073.9,2.163198436,23.37236355,-24.72402715,74.52532713,9.452106476,36.47158051,30.96456909,9
element_4654,2054,260.1696656,6.132712943,119.7520512,439.3039235,313.5587575,21.92665593,1.35E-06,0,1372.197971,1.969741199,6073.9,2.163198436,23.37236355,-24.72402715,74.52532713,9.452106476,36.47158051,30.96456909,9
element_4654,2055,260.2036355,6.300728468,118.2551538,523.5866909,323.4363925,21.94832842,6.96E-07,0,1372.197971,1.969741199,6073.9,2.163198436,23.37236355,-24.72402715,74.52532713,9.452106476,36.47158051,30.96456909,9
element_4654,2056,260.2075346,6.242462383,121.4500423,424.62018,313.8371568,21.91149197,7.74E-07,0,1372.197971,1.969741199,6073.9,2.163198436,23.37236355,-24.72402715,74.52532713,9.452106476,36.47158051,30.96456909,9
element_4654,2057,260.6802133,6.193086955,120.7003373,426.2775139,321.3905429,21.91373106,1.83E-06,0,1372.197971,1.969741199,6073.9,2.163198436,23.37236355,-24.72402715,74.52532713,9.452106476,36.47158051,30.96456909,9
element_4654,2058,260.8242619,6.125232754,116.894355,422.8873296,330.0275244,21.95407677,2.21E-06,0,1372.197971,1.969741199,6073.9,2.163198436,23.37236355,-24.72402715,74.52532713,9.452106476,36.47158051,30.96456909,9
element_4654,2059,261.1490753,6.25103706,117.723587,466.0079952,330.1125292,21.9522617,1.35E-06,0,1372.197971,1.969741199,6073.9,2.163198436,23.37236355,-24.72402715,74.52532713,9.452106476,36.47158051,30.96456909,9
element_4654,2060,261.1810215,6.335743251,116.3456754,546.1534854,326.3445084,21.95230674,1.47E-06,0,1372.197971,1.969741199,6073.9,2.163198436,23.37236355,-24.72402715,74.52532713,9.452106476,36.47158051,30.96456909,9
element_4654,2061,260.9427193,6.188246029,115.8619468,446.8511273,331.3757346,21.93069962,2.62E-06,0,1372.197971,1.969741199,6073.9,2.163198436,23.37236355,-24.72402715,74.52532713,9.452106476,36.47158051,30.96456909,9
element_4654,2062,261.4764237,6.029953502,118.9992561,488.845455,342.5802951,21.93629569,1.72E-06,0,1372.197971,1.969741199,6073.9,2.163198436,23.37236355,-24.72402715,74.52532713,9.452106476,36.47158051,30.96456909,9
element_4654,2063,261.1619346,6.262618666,115.3207104,452.4007374,326.9917526,21.95850311,1.52E-06,0,1372.197971,1.969741199,6073.9,2.163198436,23.37236355,-24.72402715,74.52532713,9.452106476,36.47158051,30.96456909,9
element_4654,2064,261.3049007,6.213629057,119.3537952,484.9378573,332.0631432,21.92138024,2.17E-06,0,1372.197971,1.969741199,6073.9,2.163198436,23.37236355,-24.72402715,74.52532713,9.452106476,36.47158051,30.96456909,9
element_4654,2065,261.7510383,6.106025415,118.8583374,466.70366,351.9560969,21.93292226,1.45E-06,0,1372.197971,1.969741199,6073.9,2.163198436,23.37236355,-24.72402715,74.52532713,9.452106476,36.47158051,30.96456909,9
element_4654,2066,261.8948876,6.399041239,115.7801301,587.2285491,343.8003388,21.93806692,1.28E-06,0,1372.197971,1.969741199,6073.9,2.163198436,23.37236355,-24.72402715,74.52532713,9.452106476,36.47158051,30.96456909,9
element_4654,2067,261.3437519,6.264036766,115.0906188,491.2328869,342.4162858,21.97934189,1.38E-06,0,1372.197971,1.969741199,6073.9,2.163198436,23.37236355,-24.72402715,74.52532713,9.452106476,36.47158051,30.96456909,9
element_4654,2068,261.450167,6.435235566,118.4909364,520.6054402,339.0338614,21.97760003,1.23E-06,0,1372.197971,1.969741199,6073.9,2.163198436,23.37236355,-24.72402715,74.52532713,9.452106476,36.47158051,30.96456909,9
element_4654,2069,261.9292175,6.200456651,118.6969218,455.956284,344.0003262,21.92663501,3.03E-06,0,1372.197971,1.969741199,6073.9,2.163198436,23.37236355,-24.72402715,74.52532713,9.452106476,36.47158051,30.96456909,9
element_4654,2070,262.1911652,6.176187956,116.4643565,582.6680225,343.3855145,21.95956723,3.24E-06,0,1372.197971,1.969741199,6073.9,2.163198436,23.37236355,-24.72402715,74.52532713,9.452106476,36.47158051,30.96456909,9
element_4654,2071,261.7415947,6.104395748,115.6048638,433.4448043,339.9581189,21.94652566,2.58E-06,0,1372.197971,1.969741199,6073.9,2.163198436,23.37236355,-24.72402715,74.52532713,9.452106476,36.47158051,30.96456909,9
element_4654,2072,261.9171918,6.091855613,116.7436196,438.5965339,351.7974212,21.93317274,3.16E-06,0,1372.197971,1.969741199,6073.9,2.163198436,23.37236355,-24.72402715,74.52532713,9.452106476,36.47158051,30.96456909,9
element_4654,2073,261.5726676,6.192479272,118.7533647,467.8718523,358.2358342,21.96225969,2.25E-06,0,1372.197971,1.969741199,6073.9,2.163198436,23.37236355,-24.72402715,74.52532713,9.452106476,36.47158051,30.96456909,9
element_4654,2074,262.3060218,6.232387502,115.8829488,691.5309091,335.8501932,21.9570308,3.40E-06,0,1372.197971,1.969741199,6073.9,2.163198436,23.37236355,-24.72402715,74.52532713,9.452106476,36.47158051,30.96456909,9
element_4654,2075,262.2795339,6.161893711,118.056134,456.7386182,348.4081828,21.9662096,2.49E-06,0,1372.197971,1.969741199,6073.9,2.163198436,23.37236355,-24.72402715,74.52532713,9.452106476,36.47158051,30.96456909,9
element_4654,2076,262.4163371,6.199807539,114.4134497,579.2020194,350.5711076,21.96112903,3.20E-06,0,1372.197971,1.969741199,6073.9,2.163198436,23.37236355,-24.72402715,74.52532713,9.452106476,36.47158051,30.96456909,9
element_4654,2077,262.8272161,6.065791482,111.4309985,726.1834392,356.9994173,21.94076155,3.76E-06,0,1372.197971,1.969741199,6073.9,2.163198436,23.37236355,-24.72402715,74.52532713,9.452106476,36.47158051,30.96456909,9
element_4654,2078,262.6148885,6.122113166,116.377667,572.6409967,353.9465406,21.98208866,2.31E-06,0,1372.197971,1.969741199,6073.9,2.163198436,23.37236355,-24.72402715,74.52532713,9.452106476,36.47158051,30.96456909,9
element_4654,2079,262.5740979,6.229375167,114.3928614,668.2218145,355.3646107,21.96830266,3.31E-06,0,1372.197971,1.969741199,6073.9,2.163198436,23.37236355,-24.72402715,74.52532713,9.452106476,36.47158051,30.96456909,9
element_4654,2080,262.5174386,5.983204807,116.7166143,514.6755407,353.1518873,21.96203939,4.11E-06,0,1372.197971,1.969741199,6073.9,2.163198436,23.37236355,-24.72402715,74.52532713,9.452106476,36.47158051,30.96456909,9
element_4654,2081,263.0980759,6.045112665,116.6947454,518.0963596,360.5920768,21.94900664,2.41E-06,0,1372.197971,1.969741199,6073.9,2.163198436,23.37236355,-24.72402715,74.52532713,9.452106476,36.47158051,30.96456909,9
element_4654,2082,262.5338632,6.228236114,116.1722123,556.0425988,349.063041,21.94053325,3.56E-06,0,1372.197971,1.969741199,6073.9,2.163198436,23.37236355,-24.72402715,74.52532713,9.452106476,36.47158051,30.96456909,9
element_4654,2083,262.9601784,6.184241045,112.6932632,577.0428155,351.8844202,21.95953518,3.02E-06,0,1372.197971,1.969741199,6073.9,2.163198436,23.37236355,-24.72402715,74.52532713,9.452106476,36.47158051,30.96456909,9
element_4654,2084,262.8357477,6.200823537,114.4836219,505.544457,357.7453934,21.95969886,5.03E-06,0,1372.197971,1.969741199,6073.9,2.163198436,23.37236355,-24.72402715,74.52532713,9.452106476,36.47158051,30.96456909,9
element_4654,2085,263.2714522,6.282463103,114.5011668,540.4644328,363.7013231,21.9751071,4.35E-06,0,1372.197971,1.969741199,6073.9,2.163198436,23.37236355,-24.72402715,74.52532713,9.452106476,36.47158051,30.96456909,9
element_4654,2086,262.8478089,6.23339323,114.7740851,522.9554028,358.9826765,21.93891904,5.16E-06,0,1372.197971,1.969741199,6073.9,2.163198436,23.37236355,-24.72402715,74.52532713,9.452106476,36.47158051,30.96456909,9
element_4654,2087,263.149613,6.268807677,115.5878785,517.8406305,361.4584247,21.94093983,3.81E-06,0,1372.197971,1.969741199,6073.9,2.163198436,23.37236355,-24.72402715,74.52532713,9.452106476,36.47158051,30.96456909,9
element_4654,2088,263.0219215,6.142892055,118.7176514,440.2934115,374.8095366,21.9514503,5.13E-06,0,1372.197971,1.969741199,6073.9,2.163198436,23.37236355,-24.72402715,74.52532713,9.452106476,36.47158051,30.96456909,9
element_4654,2089,262.9752649,6.093266134,115.9129678,495.6672501,366.7992002,21.93234765,4.95E-06,0,1372.197971,1.969741199,6073.9,2.163198436,23.37236355,-24.72402715,74.52532713,9.452106476,36.47158051,30.96456909,9
element_4654,2090,262.8725222,6.471611635,115.7634873,524.527629,364.9244228,21.95450196,3.57E-06,0,1372.197971,1.969741199,6073.9,2.163198436,23.37236355,-24.72402715,74.52532713,9.452106476,36.47158051,30.96456909,9
element_4654,2091,263.1688845,6.369474349,114.4145811,540.3385728,373.1266391,21.95940335,4.16E-06,0,1372.197971,1.969741199,6073.9,2.163198436,23.37236355,-24.72402715,74.52532713,9.452106476,36.47158051,30.96456909,9
element_4654,2092,263.8181707,6.269202893,114.2362396,626.4727547,377.0758889,21.97011466,6.32E-06,0,1372.197971,1.969741199,6073.9,2.163198436,23.37236355,-24.72402715,74.52532713,9.452106476,36.47158051,30.96456909,9
element_4654,2093,263.9680427,6.260257557,112.8351394,653.5698695,385.5628838,21.96857471,6.64E-06,0,1372.197971,1.969741199,6073.9,2.163198436,23.37236355,-24.72402715,74.52532713,9.452106476,36.47158051,30.96456909,9
element_4654,2094,263.2739614,6.241995603,117.0718936,516.2593913,380.7823929,22.00621988,4.98E-06,0,1372.197971,1.969741199,6073.9,2.163198436,23.37236355,-24.72402715,74.52532713,9.452106476,36.47158051,30.96456909,9
element_4654,2095,263.7779099,6.143301244,114.4110147,560.558533,385.2128508,21.98699876,6.59E-06,0,1372.197971,1.969741199,6073.9,2.163198436,23.37236355,-24.72402715,74.52532713,9.452106476,36.47158051,30.96456909,9
element_4654,2096,263.2020679,6.189018262,115.168087,506.8665987,383.1450908,21.98594895,5.10E-06,0,1372.197971,1.969741199,6073.9,2.163198436,23.37236355,-24.72402715,74.52532713,9.452106476,36.47158051,30.96456909,9
element_4654,2097,263.8186793,6.227780389,111.9533531,520.9834139,385.44551,21.98549266,5.87E-06,0,1372.197971,1.969741199,6073.9,2.163198436,23.37236355,-24.72402715,74.52532713,9.452106476,36.47158051,30.96456909,9
element_4654,2098,264.0696286,6.21963733,115.8329734,564.0983043,389.4566683,21.98391316,8.77E-06,0,1372.197971,1.969741199,6073.9,2.163198436,23.37236355,-24.72402715,74.52532713,9.452106476,36.47158051,30.96456909,9
element_4654,2099,264.0611907,5.945649266,114.1792026,525.8974818,396.4211649,21.97935126,9.49E-06,0,1372.197971,1.969741199,6073.9,2.163198436,23.37236355,-24.72402715,74.52532713,9.452106476,36.47158051,30.96456909,9
element_4654,2100,264.2639037,6.349087153,114.2770034,544.9251654,389.6301547,21.98401645,5.75E-06,0,1372.197971,1.969741199,6073.9,2.163198436,23.37236355,-24.72402715,74.52532713,9.452106476,36.47158051,30.96456909,9
element_4656,2015,255.2185324,6.116314021,124.9674823,271.6298207,246.9323567,22.49739202,0,0,1764.62994,1.746612374,8688.7,1.909339823,26.00455164,-27.37621651,74.2554671,8.775765419,34.06454086,28.91924286,9
element_4656,2016,255.1272254,6.203554194,126.0068963,271.4891883,245.091849,22.49941664,0,0,1764.62994,1.746612374,8688.7,1.909339823,26.00455164,-27.37621651,74.2554671,8.775765419,34.06454086,28.91924286,9
element_4656,2017,254.6499156,6.401324764,126.4073302,266.0378848,249.6135491,22.49772832,0,0,1764.62994,1.746612374,8688.7,1.909339823,26.00455164,-27.37621651,74.2554671,8.775765419,34.06454086,28.91924286,9
element_4656,2018,255.5928346,6.344385428,126.0763321,359.3731258,246.5377773,22.49459626,0,0,1764.62994,1.746612374,8688.7,1.909339823,26.00455164,-27.37621651,74.2554671,8.775765419,34.06454086,28.91924286,9
element_4656,2019,254.9641653,6.460738213,126.2493384,296.4438263,240.8818715,22.49304947,0,0,1764.62994,1.746612374,8688.7,1.909339823,26.00455164,-27.37621651,74.2554671,8.775765419,34.06454086,28.91924286,9
element_4656,2020,255.1936688,6.328908438,126.4737243,298.3736313,241.0505369,22.49678171,0,0,1764.62994,1.746612374,8688.7,1.909339823,26.00455164,-27.37621651,74.2554671,8.775765419,34.06454086,28.91924286,9
element_4656,2021,254.7182462,6.4098681,124.1212994,334.2590174,229.202386,22.49763863,0,0,1764.62994,1.746612374,8688.7,1.909339823,26.00455164,-27.37621651,74.2554671,8.775765419,34.06454086,28.91924286,9
element_4656,2022,255.3289802,6.272263953,126.866884,273.0426697,249.7480212,22.49492313,0,0,1764.62994,1.746612374,8688.7,1.909339823,26.00455164,-27.37621651,74.2554671,8.775765419,34.06454086,28.91924286,9
element_4656,2023,255.3888864,6.197927796,126.5262037,281.0986508,247.0043439,22.49883103,0,0,1764.62994,1.746612374,8688.7,1.909339823,26.00455164,-27.37621651,74.2554671,8.775765419,34.06454086,28.91924286,9
element_4656,2024,255.8163557,6.369677076,124.9971581,313.8778575,259.9294088,22.50046793,0,0,1764.62994,1.746612374,8688.7,1.909339823,26.00455164,-27.37621651,74.2554671,8.775765419,34.06454086,28.91924286,9
element_4656,2025,256.1144605,6.290829216,126.7723697,329.738318,251.8512428,22.4979911,0,0,1764.62994,1.746612374,8688.7,1.909339823,26.00455164,-27.37621651,74.2554671,8.775765419,34.06454086,28.91924286,9
element_4656,2026,255.8879883,6.377492201,124.9974428,347.6683673,242.4597802,22.49625773,0,0,1764.62994,1.746612374,8688.7,1.909339823,26.00455164,-27.37621651,74.2554671,8.775765419,34.06454086,28.91924286,9
element_4656,2027,256.3017738,6.399201825,124.5890323,299.7090322,255.5465973,22.49695215,0,0,1764.62994,1.746612374,8688.7,1.909339823,26.00455164,-27.37621651,74.2554671,8.775765419,34.06454086,28.91924286,9
element_4656,2028,256.2108289,6.421278254,124.1381101,291.4948209,257.3332547,22.4929397,0,0,1764.62994,1.746612374,8688.7,1.909339823,26.00455164,-27.37621651,74.2554671,8.775765419,34.06454086,28.91924286,9
element_4656,2029,256.1982614,6.593610742,124.1908647,410.6480374,260.0666929,22.49584022,0,0,1764.62994,1.746612374,8688.7,1.909339823,26.00455164,-27.37621651,74.2554671,8.775765419,34.06454086,28.91924286,9
element_4656,2030,255.8678539,6.285151613,125.1418037,304.204557,254.7759132,22.49755036,0,0,1764.62994,1.746612374,8688.7,1.909339823,26.00455164,-27.37621651,74.2554671,8.775765419,34.06454086,28.91924286,9
element_4656,2031,255.9410407,6.308830805,125.7237935,273.552116,244.9652421,22.49249467,0,0,1764.62994,1.746612374,8688.7,1.909339823,26.00455164,-27.37621651,74.2554671,8.775765419,34.06454086,28.91924286,9
element_4656,2032,255.6814369,6.222998383,124.8888115,312.835058,249.331807,22.49374733,0,0,1764.62994,1.746612374,8688.7,1.909339823,26.00455164,-27.37621651,74.2554671,8.775765419,34.06454086,28.91924286,9
element_4656,2033,256.4079874,6.442316698,122.6001554,377.490484,255.4720846,22.49722515,0,0,1764.62994,1.746612374,8688.7,1.909339823,26.00455164,-27.37621651,74.2554671,8.775765419,34.06454086,28.91924286,9
element_4656,2034,256.1299253,6.437855063,127.8047728,302.0719153,254.5981394,22.49883196,0,0,1764.62994,1.746612374,8688.7,1.909339823,26.00455164,-27.37621651,74.2554671,8.775765419,34.06454086,28.91924286,9
element_4656,2035,256.2391338,6.490675566,127.7563194,321.2730898,267.1453103,22.49515444,0,0,1764.62994,1.746612374,8688.7,1.909339823,26.00455164,-27.37621651,74.2554671,8.775765419,34.06454086,28.91924286,9
element_4656,2036,256.1034062,6.469437136,126.0064126,301.4336372,257.9532201,22.49278157,0,0,1764.62994,1.746612374,8688.7,1.909339823,26.00455164,-27.37621651,74.2554671,8.775765419,34.06454086,28.91924286,9
element_4656,2037,256.0315613,6.258707929,122.3713066,338.7298351,251.2667898,22.49594952,0,0,1764.62994,1.746612374,8688.7,1.909339823,26.00455164,-27.37621651,74.2554671,8.775765419,34.06454086,28.91924286,9
element_4656,2038,256.2100733,6.378503322,123.8617477,376.3060646,250.3396422,22.49669688,0,0,1764.62994,1.746612374,8688.7,1.909339823,26.00455164,-27.37621651,74.2554671,8.775765419,34.06454086,28.91924286,9
element_4656,2039,257.1379441,6.243370724,126.5150352,399.0914212,266.927161,22.49188838,0,0,1764.62994,1.746612374,8688.7,1.909339823,26.00455164,-27.37621651,74.2554671,8.775765419,34.06454086,28.91924286,9
element_4656,2040,256.1049791,6.214152638,122.4554993,395.141615,254.5091423,22.49347197,0,0,1764.62994,1.746612374,8688.7,1.909339823,26.00455164,-27.37621651,74.2554671,8.775765419,34.06454086,28.91924286,9
element_4656,2041,256.5285802,6.337997562,122.772164,317.1391131,262.6002278,22.49905314,0,0,1764.62994,1.746612374,8688.7,1.909339823,26.00455164,-27.37621651,74.2554671,8.775765419,34.06454086,28.91924286,9
element_4656,2042,256.8679031,6.397724762,124.7347026,342.1484988,253.0045724,22.49767866,0,0,1764.62994,1.746612374,8688.7,1.909339823,26.00455164,-27.37621651,74.2554671,8.775765419,34.06454086,28.91924286,9
element_4656,2043,256.4525605,6.288677569,125.1812924,320.3902771,261.6335962,22.49318735,0,0,1764.62994,1.746612374,8688.7,1.909339823,26.00455164,-27.37621651,74.2554671,8.775765419,34.06454086,28.91924286,9
element_4656,2044,256.466327,6.276391434,125.0104425,341.4696349,248.4702935,22.49189174,0,0,1764.62994,1.746612374,8688.7,1.909339823,26.00455164,-27.37621651,74.2554671,8.775765419,34.06454086,28.91924286,9
element_4656,2045,257.0016915,6.046652813,124.1718375,321.3272906,258.1043605,22.49345382,0,0,1764.62994,1.746612374,8688.7,1.909339823,26.00455164,-27.37621651,74.2554671,8.775765419,34.06454086,28.91924286,9
element_4656,2046,257.0558555,6.432031949,123.9792373,357.0508743,269.1930496,22.50127474,0,0,1764.62994,1.746612374,8688.7,1.909339823,26.00455164,-27.37621651,74.2554671,8.775765419,34.06454086,28.91924286,9
element_4656,2047,257.0430752,6.334533771,124.6345132,307.9867269,261.1249706,22.49801852,0,0,1764.62994,1.746612374,8688.7,1.909339823,26.00455164,-27.37621651,74.2554671,8.775765419,34.06454086,28.91924286,9
element_4656,2048,257.4505095,6.247885926,124.1559442,362.4301824,267.9064252,22.49332455,0,0,1764.62994,1.746612374,8688.7,1.909339823,26.00455164,-27.37621651,74.2554671,8.775765419,34.06454086,28.91924286,9
element_4656,2049,257.5589972,6.361313616,123.6019105,379.6364087,262.1103658,22.4966346,0,0,1764.62994,1.746612374,8688.7,1.909339823,26.00455164,-27.37621651,74.2554671,8.775765419,34.06454086,28.91924286,9
element_4656,2050,257.9993311,6.113315628,124.4720707,332.8540232,287.4933998,22.49899791,0,0,1764.62994,1.746612374,8688.7,1.909339823,26.00455164,-27.37621651,74.2554671,8.775765419,34.06454086,28.91924286,9
element_4656,2051,257.5584583,6.292643097,121.980168,392.550315,271.3443064,22.49918354,0,0,1764.62994,1.746612374,8688.7,1.909339823,26.00455164,-27.37621651,74.2554671,8.775765419,34.06454086,28.91924286,9
element_4656,2052,257.3939087,6.23748041,122.3586613,428.0240156,269.7557474,22.49986653,0,0,1764.62994,1.746612374,8688.7,1.909339823,26.00455164,-27.37621651,74.2554671,8.775765419,34.06454086,28.91924286,9
element_4656,2053,257.6086686,6.424398569,123.9346857,381.1188422,275.6404295,22.49643093,0,0,1764.62994,1.746612374,8688.7,1.909339823,26.00455164,-27.37621651,74.2554671,8.775765419,34.06454086,28.91924286,9
element_4656,2054,257.4800857,6.28816663,124.6417583,346.6978507,271.7021133,22.49676865,0,0,1764.62994,1.746612374,8688.7,1.909339823,26.00455164,-27.37621651,74.2554671,8.775765419,34.06454086,28.91924286,9
element_4656,2055,257.5107191,6.328580777,123.0994897,434.2380701,276.1129527,22.50217111,0,0,1764.62994,1.746612374,8688.7,1.909339823,26.00455164,-27.37621651,74.2554671,8.775765419,34.06454086,28.91924286,9
element_4656,2056,257.4318609,6.335146576,126.4663046,330.9973456,268.9452418,22.49413132,0,0,1764.62994,1.746612374,8688.7,1.909339823,26.00455164,-27.37621651,74.2554671,8.775765419,34.06454086,28.91924286,9
element_4656,2057,257.8256302,6.261879467,125.5470116,344.536359,272.1340319,22.49376185,0,0,1764.62994,1.746612374,8688.7,1.909339823,26.00455164,-27.37621651,74.2554671,8.775765419,34.06454086,28.91924286,9
element_4656,2058,258.0526275,6.200620543,122.5731866,346.0599755,281.0618432,22.50138907,0,0,1764.62994,1.746612374,8688.7,1.909339823,26.00455164,-27.37621651,74.2554671,8.775765419,34.06454086,28.91924286,9
element_4656,2059,258.2908333,6.301378092,122.7320572,389.8634918,280.2959272,22.50150072,0,0,1764.62994,1.746612374,8688.7,1.909339823,26.00455164,-27.37621651,74.2554671,8.775765419,34.06454086,28.91924286,9
element_4656,2060,258.3740791,6.359677333,121.886969,451.5828401,278.8835224,22.50263693,0,0,1764.62994,1.746612374,8688.7,1.909339823,26.00455164,-27.37621651,74.2554671,8.775765419,34.06454086,28.91924286,9
element_4656,2061,258.1432587,6.25510415,121.5049764,383.1814868,282.9974012,22.49990391,0,0,1764.62994,1.746612374,8688.7,1.909339823,26.00455164,-27.37621651,74.2554671,8.775765419,34.06454086,28.91924286,9
element_4656,2062,258.729867,6.164329039,124.6899195,388.9297347,293.8582758,22.49790721,0,0,1764.62994,1.746612374,8688.7,1.909339823,26.00455164,-27.37621651,74.2554671,8.775765419,34.06454086,28.91924286,9
element_4656,2063,258.586387,6.36426338,120.5586983,374.1632977,277.8120437,22.50638543,0,0,1764.62994,1.746612374,8688.7,1.909339823,26.00455164,-27.37621651,74.2554671,8.775765419,34.06454086,28.91924286,9
element_4656,2064,258.6100851,6.35036808,124.2787874,399.9567729,283.1701351,22.49665202,0,0,1764.62994,1.746612374,8688.7,1.909339823,26.00455164,-27.37621651,74.2554671,8.775765419,34.06454086,28.91924286,9
element_4656,2065,258.9853714,6.181446383,123.7465707,391.5854753,302.167143,22.49485208,0,0,1764.62994,1.746612374,8688.7,1.909339823,26.00455164,-27.37621651,74.2554671,8.775765419,34.06454086,28.91924286,9
element_4656,2066,259.0870935,6.419685401,120.9593912,487.0196357,291.5025254,22.49738502,0,0,1764.62994,1.746612374,8688.7,1.909339823,26.00455164,-27.37621651,74.2554671,8.775765419,34.06454086,28.91924286,9
element_4656,2067,258.5373505,6.318607841,120.9496982,406.8468747,291.2222606,22.52263593,0,0,1764.62994,1.746612374,8688.7,1.909339823,26.00455164,-27.37621651,74.2554671,8.775765419,34.06454086,28.91924286,9
element_4656,2068,258.6106357,6.434746445,123.2674884,423.9814409,291.7081081,22.52455659,0,0,1764.62994,1.746612374,8688.7,1.909339823,26.00455164,-27.37621651,74.2554671,8.775765419,34.06454086,28.91924286,9
element_4656,2069,259.1615408,6.285604502,123.1577944,375.351697,295.6446139,22.49627571,0,0,1764.62994,1.746612374,8688.7,1.909339823,26.00455164,-27.37621651,74.2554671,8.775765419,34.06454086,28.91924286,9
element_4656,2070,259.3862717,6.191262549,121.7962955,493.7129648,293.7888353,22.51613703,0,0,1764.62994,1.746612374,8688.7,1.909339823,26.00455164,-27.37621651,74.2554671,8.775765419,34.06454086,28.91924286,9
element_4656,2071,258.8975747,6.170326796,120.8515458,363.0817836,291.5804918,22.50179434,0,0,1764.62994,1.746612374,8688.7,1.909339823,26.00455164,-27.37621651,74.2554671,8.775765419,34.06454086,28.91924286,9
element_4656,2072,259.0658109,6.228214075,121.72785,364.2241871,300.2681994,22.4982356,0,0,1764.62994,1.746612374,8688.7,1.909339823,26.00455164,-27.37621651,74.2554671,8.775765419,34.06454086,28.91924286,9
element_4656,2073,258.7346811,6.282375956,123.4208139,394.2254227,304.0943941,22.50072322,0,0,1764.62994,1.746612374,8688.7,1.909339823,26.00455164,-27.37621651,74.2554671,8.775765419,34.06454086,28.91924286,9
element_4656,2074,259.3548697,6.192561689,121.7148169,591.6785863,286.3470712,22.50598645,0,0,1764.62994,1.746612374,8688.7,1.909339823,26.00455164,-27.37621651,74.2554671,8.775765419,34.06454086,28.91924286,9
element_4656,2075,259.5198401,6.239456985,123.2734925,393.1199839,296.2344356,22.50646836,0,0,1764.62994,1.746612374,8688.7,1.909339823,26.00455164,-27.37621651,74.2554671,8.775765419,34.06454086,28.91924286,9
element_4656,2076,259.5022462,6.232443387,119.7528621,501.4494381,297.8238822,22.50918859,0,0,1764.62994,1.746612374,8688.7,1.909339823,26.00455164,-27.37621651,74.2554671,8.775765419,34.06454086,28.91924286,9
element_4656,2077,260.0443543,6.054511056,117.1747995,613.6111827,306.9268276,22.49813727,0,0,1764.62994,1.746612374,8688.7,1.909339823,26.00455164,-27.37621651,74.2554671,8.775765419,34.06454086,28.91924286,9
element_4656,2078,259.8623088,6.191136586,121.6948834,488.3398554,304.0234054,22.51685957,0,0,1764.62994,1.746612374,8688.7,1.909339823,26.00455164,-27.37621651,74.2554671,8.775765419,34.06454086,28.91924286,9
element_4656,2079,259.6082873,6.308544518,120.4264517,561.1823288,301.7075381,22.50807349,0,0,1764.62994,1.746612374,8688.7,1.909339823,26.00455164,-27.37621651,74.2554671,8.775765419,34.06454086,28.91924286,9
element_4656,2080,259.7772066,6.118257311,122.1391543,443.4820611,301.1722205,22.50273721,0,0,1764.62994,1.746612374,8688.7,1.909339823,26.00455164,-27.37621651,74.2554671,8.775765419,34.06454086,28.91924286,9
element_4656,2081,260.3542044,6.153829763,121.6130647,442.8601257,307.2703965,22.50471871,0,0,1764.62994,1.746612374,8688.7,1.909339823,26.00455164,-27.37621651,74.2554671,8.775765419,34.06454086,28.91924286,9
element_4656,2082,259.7307649,6.301511079,121.2717392,470.6184862,298.9534775,22.49834138,0,0,1764.62994,1.746612374,8688.7,1.909339823,26.00455164,-27.37621651,74.2554671,8.775765419,34.06454086,28.91924286,9
element_4656,2083,260.0485831,6.253008835,118.816914,480.4516094,303.5323211,22.50665301,0,0,1764.62994,1.746612374,8688.7,1.909339823,26.00455164,-27.37621651,74.2554671,8.775765419,34.06454086,28.91924286,9
element_4656,2084,259.8804249,6.221694155,119.9181213,427.5027825,300.5756937,22.50676714,0,0,1764.62994,1.746612374,8688.7,1.909339823,26.00455164,-27.37621651,74.2554671,8.775765419,34.06454086,28.91924286,9
element_4656,2085,260.3039638,6.293711836,120.3937523,436.4522656,310.0914558,22.51183409,0,0,1764.62994,1.746612374,8688.7,1.909339823,26.00455164,-27.37621651,74.2554671,8.775765419,34.06454086,28.91924286,9
element_4656,2086,259.9826171,6.341472759,120.4671628,428.7505009,304.5469695,22.49848899,0,0,1764.62994,1.746612374,8688.7,1.909339823,26.00455164,-27.37621651,74.2554671,8.775765419,34.06454086,28.91924286,9
element_4656,2087,260.1380493,6.326115065,121.3315028,444.4701867,304.5150055,22.49732941,0,0,1764.62994,1.746612374,8688.7,1.909339823,26.00455164,-27.37621651,74.2554671,8.775765419,34.06454086,28.91924286,9
element_4656,2088,260.0294788,6.197723154,123.888668,361.2873175,315.2644387,22.51310367,0,0,1764.62994,1.746612374,8688.7,1.909339823,26.00455164,-27.37621651,74.2554671,8.775765419,34.06454086,28.91924286,9
element_4656,2089,260.1150415,6.139616493,120.7761871,416.3039993,311.6715604,22.50132547,0,0,1764.62994,1.746612374,8688.7,1.909339823,26.00455164,-27.37621651,74.2554671,8.775765419,34.06454086,28.91924286,9
element_4656,2090,259.9640072,6.458606652,121.2909312,438.6573671,314.1309686,22.5093179,0,0,1764.62994,1.746612374,8688.7,1.909339823,26.00455164,-27.37621651,74.2554671,8.775765419,34.06454086,28.91924286,9
element_4656,2091,260.1704034,6.381187955,119.7325821,445.5449588,316.2437192,22.50526941,0,0,1764.62994,1.746612374,8688.7,1.909339823,26.00455164,-27.37621651,74.2554671,8.775765419,34.06454086,28.91924286,9
element_4656,2092,260.8213248,6.239191133,119.1660531,520.7005607,319.1154373,22.51938745,0,0,1764.62994,1.746612374,8688.7,1.909339823,26.00455164,-27.37621651,74.2554671,8.775765419,34.06454086,28.91924286,9
element_4656,2093,261.0599596,6.281191967,118.7077769,564.1796911,331.6016611,22.5108234,0,0,1764.62994,1.746612374,8688.7,1.909339823,26.00455164,-27.37621651,74.2554671,8.775765419,34.06454086,28.91924286,9
element_4656,2094,260.357421,6.4023575,121.9935523,422.8917045,328.0305591,22.55343135,0,0,1764.62994,1.746612374,8688.7,1.909339823,26.00455164,-27.37621651,74.2554671,8.775765419,34.06454086,28.91924286,9
element_4656,2095,260.8236231,6.194153261,120.0193509,456.7422524,327.8460636,22.51811247,0,0,1764.62994,1.746612374,8688.7,1.909339823,26.00455164,-27.37621651,74.2554671,8.775765419,34.06454086,28.91924286,9
element_4656,2096,260.2673517,6.306326837,120.5731637,399.9567651,326.2896767,22.53198178,0,0,1764.62994,1.746612374,8688.7,1.909339823,26.00455164,-27.37621651,74.2554671,8.775765419,34.06454086,28.91924286,9
element_4656,2097,260.8194185,6.29831199,117.6905508,432.9342054,327.7094629,22.52132412,0,0,1764.62994,1.746612374,8688.7,1.909339823,26.00455164,-27.37621651,74.2554671,8.775765419,34.06454086,28.91924286,9
element_4656,2098,261.1484921,6.280906756,120.9429174,488.2778904,329.3690239,22.51716381,0,0,1764.62994,1.746612374,8688.7,1.909339823,26.00455164,-27.37621651,74.2554671,8.775765419,34.06454086,28.91924286,9
element_4656,2099,261.2440014,6.062555178,119.6418582,445.5252967,339.0424929,22.50996009,0,0,1764.62994,1.746612374,8688.7,1.909339823,26.00455164,-27.37621651,74.2554671,8.775765419,34.06454086,28.91924286,9
element_4656,2100,261.3710804,6.352245318,119.399046,443.6549844,330.158115,22.51817158,0,0,1764.62994,1.746612374,8688.7,1.909339823,26.00455164,-27.37621651,74.2554671,8.775765419,34.06454086,28.91924286,9
element_4657,2015,256.7847912,6.079589346,123.1571073,335.7220665,281.438174,22.85327474,1.73E-06,0,1338.876099,6.75689293,11560.2,1.292309072,11.22416645,-27.04894561,73.34289093,8.657959938,33.63802338,28.54814529,9
element_4657,2016,256.7336301,6.218045379,124.4324992,330.9996334,279.5542975,22.85140201,1.54E-06,0,1338.876099,6.75689293,11560.2,1.292309072,11.22416645,-27.04894561,73.34289093,8.657959938,33.63802338,28.54814529,9
element_4657,2017,256.2873535,6.358491848,125.4254765,321.2963211,284.1885575,22.85083114,1.88E-06,0,1338.876099,6.75689293,11560.2,1.292309072,11.22416645,-27.04894561,73.34289093,8.657959938,33.63802338,28.54814529,9
element_4657,2018,257.2468013,6.31084032,125.1200714,423.5056092,282.0490416,22.84375704,2.17E-06,0,1338.876099,6.75689293,11560.2,1.292309072,11.22416645,-27.04894561,73.34289093,8.657959938,33.63802338,28.54814529,9
element_4657,2019,256.6753667,6.507082592,124.9217078,355.6449893,275.6407368,22.84178279,1.94E-06,0,1338.876099,6.75689293,11560.2,1.292309072,11.22416645,-27.04894561,73.34289093,8.657959938,33.63802338,28.54814529,9
element_4657,2020,256.8656874,6.313954092,125.5177409,372.1634164,277.2182132,22.85183268,2.23E-06,0,1338.876099,6.75689293,11560.2,1.292309072,11.22416645,-27.04894561,73.34289093,8.657959938,33.63802338,28.54814529,9
element_4657,2021,256.4085785,6.418045275,122.5850129,396.3583881,266.3088177,22.84747403,1.71E-06,0,1338.876099,6.75689293,11560.2,1.292309072,11.22416645,-27.04894561,73.34289093,8.657959938,33.63802338,28.54814529,9
element_4657,2022,257.0293937,6.220728882,125.9340757,336.5871121,287.3208456,22.8495871,2.18E-06,0,1338.876099,6.75689293,11560.2,1.292309072,11.22416645,-27.04894561,73.34289093,8.657959938,33.63802338,28.54814529,9
element_4657,2023,257.0367361,6.174571014,125.7424981,343.6932917,281.9022834,22.85387438,1.95E-06,0,1338.876099,6.75689293,11560.2,1.292309072,11.22416645,-27.04894561,73.34289093,8.657959938,33.63802338,28.54814529,9
element_4657,2024,257.4718938,6.379438224,123.5900177,383.8613133,297.3251797,22.8553284,2.06E-06,0,1338.876099,6.75689293,11560.2,1.292309072,11.22416645,-27.04894561,73.34289093,8.657959938,33.63802338,28.54814529,9
element_4657,2025,257.7995413,6.232286855,125.6874087,387.2639776,288.6021149,22.84897345,2.65E-06,0,1338.876099,6.75689293,11560.2,1.292309072,11.22416645,-27.04894561,73.34289093,8.657959938,33.63802338,28.54814529,9
element_4657,2026,257.5834534,6.345090537,123.9863033,414.2365972,279.8423251,22.84516815,2.40E-06,0,1338.876099,6.75689293,11560.2,1.292309072,11.22416645,-27.04894561,73.34289093,8.657959938,33.63802338,28.54814529,9
element_4657,2027,257.936567,6.349279774,123.4575957,370.9734226,291.0603519,22.84638126,2.04E-06,0,1338.876099,6.75689293,11560.2,1.292309072,11.22416645,-27.04894561,73.34289093,8.657959938,33.63802338,28.54814529,9
element_4657,2028,257.8611138,6.369214177,122.7051545,369.871027,293.6690316,22.83928585,2.17E-06,0,1338.876099,6.75689293,11560.2,1.292309072,11.22416645,-27.04894561,73.34289093,8.657959938,33.63802338,28.54814529,9
element_4657,2029,257.8774298,6.586549671,123.591836,480.3619298,297.3446554,22.84534301,2.28E-06,0,1338.876099,6.75689293,11560.2,1.292309072,11.22416645,-27.04894561,73.34289093,8.657959938,33.63802338,28.54814529,9
element_4657,2030,257.4756003,6.240158156,123.8925395,378.8271878,292.0774466,22.84832488,2.23E-06,0,1338.876099,6.75689293,11560.2,1.292309072,11.22416645,-27.04894561,73.34289093,8.657959938,33.63802338,28.54814529,9
element_4657,2031,257.6483898,6.234800019,125.20272,328.8865035,283.5073396,22.83819529,2.15E-06,0,1338.876099,6.75689293,11560.2,1.292309072,11.22416645,-27.04894561,73.34289093,8.657959938,33.63802338,28.54814529,9
element_4657,2032,257.3828758,6.22741009,123.7418274,366.9413897,286.320323,22.8417609,2.28E-06,0,1338.876099,6.75689293,11560.2,1.292309072,11.22416645,-27.04894561,73.34289093,8.657959938,33.63802338,28.54814529,9
element_4657,2033,258.0669914,6.375928159,121.4289319,441.7432811,292.4200253,22.85320249,1.92E-06,0,1338.876099,6.75689293,11560.2,1.292309072,11.22416645,-27.04894561,73.34289093,8.657959938,33.63802338,28.54814529,9
element_4657,2034,257.8062935,6.403220797,126.3244708,367.276848,292.1890285,22.85141622,2.13E-06,0,1338.876099,6.75689293,11560.2,1.292309072,11.22416645,-27.04894561,73.34289093,8.657959938,33.63802338,28.54814529,9
element_4657,2035,257.9367139,6.477098788,126.814823,376.8208004,305.4306265,22.84801089,2.10E-06,0,1338.876099,6.75689293,11560.2,1.292309072,11.22416645,-27.04894561,73.34289093,8.657959938,33.63802338,28.54814529,9
element_4657,2036,257.7394441,6.410863829,125.5098139,355.9508056,295.9260534,22.84296762,2.04E-06,0,1338.876099,6.75689293,11560.2,1.292309072,11.22416645,-27.04894561,73.34289093,8.657959938,33.63802338,28.54814529,9
element_4657,2037,257.6561865,6.249732311,120.9729481,396.4270441,288.230862,22.84634429,2.33E-06,0,1338.876099,6.75689293,11560.2,1.292309072,11.22416645,-27.04894561,73.34289093,8.657959938,33.63802338,28.54814529,9
element_4657,2038,257.9287207,6.360497485,122.7552039,441.8414409,289.2506449,22.84748324,2.18E-06,0,1338.876099,6.75689293,11560.2,1.292309072,11.22416645,-27.04894561,73.34289093,8.657959938,33.63802338,28.54814529,9
element_4657,2039,258.8457472,6.221292273,125.6922486,462.7476478,307.3521352,22.83588622,2.39E-06,0,1338.876099,6.75689293,11560.2,1.292309072,11.22416645,-27.04894561,73.34289093,8.657959938,33.63802338,28.54814529,9
element_4657,2040,257.807293,6.240029254,120.8740041,482.9993641,291.9408526,22.84039258,2.79E-06,0,1338.876099,6.75689293,11560.2,1.292309072,11.22416645,-27.04894561,73.34289093,8.657959938,33.63802338,28.54814529,9
element_4657,2041,258.1895468,6.321367757,121.6949736,392.3443022,300.4032045,22.85278189,2.26E-06,0,1338.876099,6.75689293,11560.2,1.292309072,11.22416645,-27.04894561,73.34289093,8.657959938,33.63802338,28.54814529,9
element_4657,2042,258.5144974,6.394448023,123.6231181,408.6044666,292.1364031,22.84711466,6.61E-06,0,1338.876099,6.75689293,11560.2,1.292309072,11.22416645,-27.04894561,73.34289093,8.657959938,33.63802338,28.54814529,9
element_4657,2043,258.1212404,6.2289381,124.1732721,382.8501441,299.6572501,22.84261244,7.04E-06,0,1338.876099,6.75689293,11560.2,1.292309072,11.22416645,-27.04894561,73.34289093,8.657959938,33.63802338,28.54814529,9
element_4657,2044,258.1779322,6.276853499,124.2386014,407.3762317,286.535623,22.8413562,7.08E-06,0,1338.876099,6.75689293,11560.2,1.292309072,11.22416645,-27.04894561,73.34289093,8.657959938,33.63802338,28.54814529,9
element_4657,2045,258.7154659,6.025775396,122.7366282,399.2981425,298.6666922,22.84240848,9.24E-06,0,1338.876099,6.75689293,11560.2,1.292309072,11.22416645,-27.04894561,73.34289093,8.657959938,33.63802338,28.54814529,9
element_4657,2046,258.637921,6.37116267,123.1317162,417.195901,307.8024439,22.86262568,9.16E-06,0,1338.876099,6.75689293,11560.2,1.292309072,11.22416645,-27.04894561,73.34289093,8.657959938,33.63802338,28.54814529,9
element_4657,2047,258.647467,6.229574186,123.8579872,358.1562138,300.8305026,22.84788816,6.25E-06,0,1338.876099,6.75689293,11560.2,1.292309072,11.22416645,-27.04894561,73.34289093,8.657959938,33.63802338,28.54814529,9
element_4657,2048,259.1432113,6.279018077,122.7796798,430.6870929,306.5521572,22.84327841,5.30E-06,0,1338.876099,6.75689293,11560.2,1.292309072,11.22416645,-27.04894561,73.34289093,8.657959938,33.63802338,28.54814529,9
element_4657,2049,259.2301674,6.330917741,122.5767835,447.4975017,301.1275101,22.8495066,5.39E-06,0,1338.876099,6.75689293,11560.2,1.292309072,11.22416645,-27.04894561,73.34289093,8.657959938,33.63802338,28.54814529,9
element_4657,2050,259.6367008,6.101483862,123.2063535,420.1398064,327.6281132,22.84996527,5.10E-06,0,1338.876099,6.75689293,11560.2,1.292309072,11.22416645,-27.04894561,73.34289093,8.657959938,33.63802338,28.54814529,9
element_4657,2051,259.2228746,6.276011721,119.808476,480.9857172,310.5727264,22.85570695,7.92E-06,0,1338.876099,6.75689293,11560.2,1.292309072,11.22416645,-27.04894561,73.34289093,8.657959938,33.63802338,28.54814529,9
element_4657,2052,259.1012381,6.245224866,121.0058971,510.3890016,308.8908004,22.85518612,4.11E-06,0,1338.876099,6.75689293,11560.2,1.292309072,11.22416645,-27.04894561,73.34289093,8.657959938,33.63802338,28.54814529,9
element_4657,2053,259.2937142,6.389807661,122.9375844,459.0545255,315.2483222,22.84824114,4.06E-06,0,1338.876099,6.75689293,11560.2,1.292309072,11.22416645,-27.04894561,73.34289093,8.657959938,33.63802338,28.54814529,9
element_4657,2054,259.1585615,6.209612848,123.6380965,417.11917,308.396266,22.85015982,8.34E-06,0,1338.876099,6.75689293,11560.2,1.292309072,11.22416645,-27.04894561,73.34289093,8.657959938,33.63802338,28.54814529,9
element_4657,2055,259.1794232,6.304468207,122.2162401,506.3107608,314.007252,22.86410762,4.31E-06,0,1338.876099,6.75689293,11560.2,1.292309072,11.22416645,-27.04894561,73.34289093,8.657959938,33.63802338,28.54814529,9
element_4657,2056,259.1857971,6.318182139,125.4999178,403.2207167,309.4066828,22.8425642,4.79E-06,0,1338.876099,6.75689293,11560.2,1.292309072,11.22416645,-27.04894561,73.34289093,8.657959938,33.63802338,28.54814529,9
element_4657,2057,259.5783898,6.226659889,124.8684938,404.0996368,315.9838226,22.84090298,1.13E-05,0,1338.876099,6.75689293,11560.2,1.292309072,11.22416645,-27.04894561,73.34289093,8.657959938,33.63802338,28.54814529,9
element_4657,2058,259.7151427,6.178095273,121.2643056,414.7005958,321.9325178,22.86432787,1.37E-05,0,1338.876099,6.75689293,11560.2,1.292309072,11.22416645,-27.04894561,73.34289093,8.657959938,33.63802338,28.54814529,9
element_4657,2059,259.9359541,6.26507111,122.1206951,449.2039273,320.7613895,22.86703503,8.33E-06,0,1338.876099,6.75689293,11560.2,1.292309072,11.22416645,-27.04894561,73.34289093,8.657959938,33.63802338,28.54814529,9
element_4657,2060,260.0564628,6.37713981,120.4032835,519.3329989,319.4844447,22.86891197,9.11E-06,0,1338.876099,6.75689293,11560.2,1.292309072,11.22416645,-27.04894561,73.34289093,8.657959938,33.63802338,28.54814529,9
element_4657,2061,259.8621543,6.210509865,119.8735802,467.4458536,322.2213315,22.85527551,1.62E-05,0,1338.876099,6.75689293,11560.2,1.292309072,11.22416645,-27.04894561,73.34289093,8.657959938,33.63802338,28.54814529,9
element_4657,2062,260.3769268,6.172725965,123.8113313,476.3978809,332.2788529,22.85764798,1.07E-05,0,1338.876099,6.75689293,11560.2,1.292309072,11.22416645,-27.04894561,73.34289093,8.657959938,33.63802338,28.54814529,9
element_4657,2063,260.1940124,6.283706844,119.6454898,444.0046687,316.8639028,22.87464243,9.42E-06,0,1338.876099,6.75689293,11560.2,1.292309072,11.22416645,-27.04894561,73.34289093,8.657959938,33.63802338,28.54814529,9
element_4657,2064,260.2943266,6.23950378,123.2406176,476.9074695,324.4106754,22.85112502,1.34E-05,0,1338.876099,6.75689293,11560.2,1.292309072,11.22416645,-27.04894561,73.34289093,8.657959938,33.63802338,28.54814529,9
element_4657,2065,260.6074157,6.182241667,122.2108088,464.4819309,343.0148286,22.85212061,8.99E-06,0,1338.876099,6.75689293,11560.2,1.292309072,11.22416645,-27.04894561,73.34289093,8.657959938,33.63802338,28.54814529,9
element_4657,2066,260.8288713,6.40027808,120.1740389,559.309318,336.5135545,22.86115679,7.92E-06,0,1338.876099,6.75689293,11560.2,1.292309072,11.22416645,-27.04894561,73.34289093,8.657959938,33.63802338,28.54814529,9
element_4657,2067,260.2447161,6.321578914,119.3779668,488.2340362,332.4177867,22.89317571,8.54E-06,0,1338.876099,6.75689293,11560.2,1.292309072,11.22416645,-27.04894561,73.34289093,8.657959938,33.63802338,28.54814529,9
element_4657,2068,260.2851818,6.407106991,122.1707418,493.907717,333.2790612,22.89768461,7.64E-06,0,1338.876099,6.75689293,11560.2,1.292309072,11.22416645,-27.04894561,73.34289093,8.657959938,33.63802338,28.54814529,9
element_4657,2069,260.8036047,6.225201306,122.360934,447.6971492,337.4241608,22.85300357,1.88E-05,0,1338.876099,6.75689293,11560.2,1.292309072,11.22416645,-27.04894561,73.34289093,8.657959938,33.63802338,28.54814529,9
element_4657,2070,261.1209978,6.159482363,120.3957394,590.8803009,336.2314242,22.88154392,2.01E-05,0,1338.876099,6.75689293,11560.2,1.292309072,11.22416645,-27.04894561,73.34289093,8.657959938,33.63802338,28.54814529,9
element_4657,2071,260.5743926,6.134785752,119.8800165,424.7442786,332.5528522,22.86464594,1.60E-05,0,1338.876099,6.75689293,11560.2,1.292309072,11.22416645,-27.04894561,73.34289093,8.657959938,33.63802338,28.54814529,9
element_4657,2072,260.7192921,6.175042526,120.7958067,425.1967867,341.2752958,22.85804391,1.96E-05,0,1338.876099,6.75689293,11560.2,1.292309072,11.22416645,-27.04894561,73.34289093,8.657959938,33.63802338,28.54814529,9
element_4657,2073,260.4140444,6.224935214,123.0081731,443.3939256,347.097347,22.86941579,1.39E-05,0,1338.876099,6.75689293,11560.2,1.292309072,11.22416645,-27.04894561,73.34289093,8.657959938,33.63802338,28.54814529,9
element_4657,2074,261.1058431,6.257119902,120.2525717,700.2493198,325.49769,22.87580665,2.11E-05,0,1338.876099,6.75689293,11560.2,1.292309072,11.22416645,-27.04894561,73.34289093,8.657959938,33.63802338,28.54814529,9
element_4657,2075,261.1770562,6.207250826,122.3310319,462.6710676,339.1968429,22.8773332,1.54E-05,0,1338.876099,6.75689293,11560.2,1.292309072,11.22416645,-27.04894561,73.34289093,8.657959938,33.63802338,28.54814529,9
element_4657,2076,261.1810623,6.229763031,118.4612249,565.9845567,338.6137771,22.87723338,1.98E-05,0,1338.876099,6.75689293,11560.2,1.292309072,11.22416645,-27.04894561,73.34289093,8.657959938,33.63802338,28.54814529,9
element_4657,2077,261.7023929,6.108981393,115.631761,724.8201352,348.0297591,22.86057598,2.33E-05,0,1338.876099,6.75689293,11560.2,1.292309072,11.22416645,-27.04894561,73.34289093,8.657959938,33.63802338,28.54814529,9
element_4657,2078,261.4877523,6.159847692,121.271077,571.5414388,345.9076149,22.89473581,1.43E-05,0,1338.876099,6.75689293,11560.2,1.292309072,11.22416645,-27.04894561,73.34289093,8.657959938,33.63802338,28.54814529,9
element_4657,2079,261.3396689,6.287887149,118.8054177,656.6253702,344.9697597,22.87720306,2.05E-05,0,1338.876099,6.75689293,11560.2,1.292309072,11.22416645,-27.04894561,73.34289093,8.657959938,33.63802338,28.54814529,9
element_4657,2080,261.4195233,6.103580271,121.0915956,527.0299102,344.0959361,22.87365084,2.55E-05,0,1338.876099,6.75689293,11560.2,1.292309072,11.22416645,-27.04894561,73.34289093,8.657959938,33.63802338,28.54814529,9
element_4657,2081,261.9835004,6.096876616,120.7325668,534.7232694,350.3078796,22.86903936,1.49E-05,0,1338.876099,6.75689293,11560.2,1.292309072,11.22416645,-27.04894561,73.34289093,8.657959938,33.63802338,28.54814529,9
element_4657,2082,261.3896831,6.234155562,120.5697021,527.5882656,341.6749111,22.85743724,2.21E-05,0,1338.876099,6.75689293,11560.2,1.292309072,11.22416645,-27.04894561,73.34289093,8.657959938,33.63802338,28.54814529,9
element_4657,2083,261.7048538,6.254793048,117.8506788,566.6517117,343.0354206,22.87446045,1.87E-05,0,1338.876099,6.75689293,11560.2,1.292309072,11.22416645,-27.04894561,73.34289093,8.657959938,33.63802338,28.54814529,9
element_4657,2084,261.5578965,6.166749114,118.766188,496.349575,344.9689181,22.87313196,3.11E-05,0,1338.876099,6.75689293,11560.2,1.292309072,11.22416645,-27.04894561,73.34289093,8.657959938,33.63802338,28.54814529,9
element_4657,2085,261.9763082,6.302056269,119.3247927,518.8136515,351.6081198,22.88609688,2.69E-05,0,1338.876099,6.75689293,11560.2,1.292309072,11.22416645,-27.04894561,73.34289093,8.657959938,33.63802338,28.54814529,9
element_4657,2086,261.640474,6.273703661,119.269539,515.4807445,350.3092621,22.86526076,3.19E-05,0,1338.876099,6.75689293,11560.2,1.292309072,11.22416645,-27.04894561,73.34289093,8.657959938,33.63802338,28.54814529,9
element_4657,2087,261.8082351,6.283930038,120.3497203,502.835233,348.4232482,22.85898793,2.36E-05,0,1338.876099,6.75689293,11560.2,1.292309072,11.22416645,-27.04894561,73.34289093,8.657959938,33.63802338,28.54814529,9
element_4657,2088,261.7058154,6.180650534,123.0109499,435.4493371,363.0574561,22.87626106,3.17E-05,0,1338.876099,6.75689293,11560.2,1.292309072,11.22416645,-27.04894561,73.34289093,8.657959938,33.63802338,28.54814529,9
element_4657,2089,261.7704002,6.110771847,119.3110529,501.848144,357.1589257,22.85951123,3.07E-05,0,1338.876099,6.75689293,11560.2,1.292309072,11.22416645,-27.04894561,73.34289093,8.657959938,33.63802338,28.54814529,9
element_4657,2090,261.6171557,6.422615036,120.042437,502.1963328,357.4511863,22.87459795,2.21E-05,0,1338.876099,6.75689293,11560.2,1.292309072,11.22416645,-27.04894561,73.34289093,8.657959938,33.63802338,28.54814529,9
element_4657,2091,261.8684646,6.365890736,119.0672232,526.5226079,361.6602467,22.8748375,2.58E-05,0,1338.876099,6.75689293,11560.2,1.292309072,11.22416645,-27.04894561,73.34289093,8.657959938,33.63802338,28.54814529,9
element_4657,2092,262.529008,6.259362066,118.2800696,622.4375575,366.1955438,22.88448462,3.91E-05,0,1338.876099,6.75689293,11560.2,1.292309072,11.22416645,-27.04894561,73.34289093,8.657959938,33.63802338,28.54814529,9
element_4657,2093,262.7424573,6.282263286,117.2709815,648.9575876,376.3550667,22.8849459,4.11E-05,0,1338.876099,6.75689293,11560.2,1.292309072,11.22416645,-27.04894561,73.34289093,8.657959938,33.63802338,28.54814529,9
element_4657,2094,261.9635586,6.3041899,121.3413458,478.7213475,370.1693531,22.92166728,3.09E-05,0,1338.876099,6.75689293,11560.2,1.292309072,11.22416645,-27.04894561,73.34289093,8.657959938,33.63802338,28.54814529,9
element_4657,2095,262.476052,6.164946408,118.7710241,551.6437074,372.5184592,22.89237384,4.08E-05,0,1338.876099,6.75689293,11560.2,1.292309072,11.22416645,-27.04894561,73.34289093,8.657959938,33.63802338,28.54814529,9
element_4657,2096,261.9234621,6.265199799,119.4816121,458.9819696,372.3590896,22.90024,3.16E-05,0,1338.876099,6.75689293,11560.2,1.292309072,11.22416645,-27.04894561,73.34289093,8.657959938,33.63802338,28.54814529,9
element_4657,2097,262.43018,6.293759939,116.3236679,509.0368493,372.4585868,22.89461108,3.63E-05,0,1338.876099,6.75689293,11560.2,1.292309072,11.22416645,-27.04894561,73.34289093,8.657959938,33.63802338,28.54814529,9
element_4657,2098,262.7855602,6.246537031,119.661452,569.4939147,375.814686,22.89312334,5.43E-05,0,1338.876099,6.75689293,11560.2,1.292309072,11.22416645,-27.04894561,73.34289093,8.657959938,33.63802338,28.54814529,9
element_4657,2099,262.862786,6.036599664,118.3132272,540.1361625,384.9816971,22.87934886,5.88E-05,0,1338.876099,6.75689293,11560.2,1.292309072,11.22416645,-27.04894561,73.34289093,8.657959938,33.63802338,28.54814529,9
element_4657,2100,262.9480091,6.327125076,118.4875998,521.6406073,376.2048451,22.89431097,3.56E-05,0,1338.876099,6.75689293,11560.2,1.292309072,11.22416645,-27.04894561,73.34289093,8.657959938,33.63802338,28.54814529,9
element_4658,2015,254.7980473,6.056451263,127.271644,286.8602319,242.1231934,22.09217825,0,0,1956.304541,1.770726829,10329.1,1.871253725,19.18157259,-29.22983671,73.24310915,8.725779533,33.8193779,28.70889091,9
element_4658,2016,254.7133206,6.162875771,128.5954742,278.7768377,241.0576049,22.09213836,0,0,1956.304541,1.770726829,10329.1,1.871253725,19.18157259,-29.22983671,73.24310915,8.725779533,33.8193779,28.70889091,9
element_4658,2017,254.2242034,6.344062867,128.8538224,277.4740041,245.1468849,22.09185192,0,0,1956.304541,1.770726829,10329.1,1.871253725,19.18157259,-29.22983671,73.24310915,8.725779533,33.8193779,28.70889091,9
element_4658,2018,255.1226215,6.288569064,128.9353486,363.1552557,242.3194374,22.09083177,0,0,1956.304541,1.770726829,10329.1,1.871253725,19.18157259,-29.22983671,73.24310915,8.725779533,33.8193779,28.70889091,9
element_4658,2019,254.4002902,6.355611955,128.8058072,301.6679173,235.9858025,22.09054795,0,0,1956.304541,1.770726829,10329.1,1.871253725,19.18157259,-29.22983671,73.24310915,8.725779533,33.8193779,28.70889091,9
element_4658,2020,254.6291793,6.284906972,128.8926249,319.0614177,236.4251024,22.09210024,0,0,1956.304541,1.770726829,10329.1,1.871253725,19.18157259,-29.22983671,73.24310915,8.725779533,33.8193779,28.70889091,9
element_4658,2021,254.1994264,6.307433816,126.7525351,336.7989704,227.4050352,22.09155473,0,0,1956.304541,1.770726829,10329.1,1.871253725,19.18157259,-29.22983671,73.24310915,8.725779533,33.8193779,28.70889091,9
element_4658,2022,254.8956667,6.211574841,129.5003727,282.7777197,244.5804989,22.09132126,0,0,1956.304541,1.770726829,10329.1,1.871253725,19.18157259,-29.22983671,73.24310915,8.725779533,33.8193779,28.70889091,9
element_4658,2023,254.9274997,6.156203136,129.0818249,291.4671469,241.3596371,22.09197619,0,0,1956.304541,1.770726829,10329.1,1.871253725,19.18157259,-29.22983671,73.24310915,8.725779533,33.8193779,28.70889091,9
element_4658,2024,255.3373226,6.321082778,127.6638807,330.4687134,253.8824221,22.09240196,0,0,1956.304541,1.770726829,10329.1,1.871253725,19.18157259,-29.22983671,73.24310915,8.725779533,33.8193779,28.70889091,9
element_4658,2025,255.6168025,6.254933192,129.5650863,321.6851624,246.2004794,22.09176515,0,0,1956.304541,1.770726829,10329.1,1.871253725,19.18157259,-29.22983671,73.24310915,8.725779533,33.8193779,28.70889091,9
element_4658,2026,255.396041,6.284373259,127.9358802,345.7297438,238.1328655,22.09107044,0,0,1956.304541,1.770726829,10329.1,1.871253725,19.18157259,-29.22983671,73.24310915,8.725779533,33.8193779,28.70889091,9
element_4658,2027,255.8390162,6.347628122,127.0671609,323.3173916,249.5951014,22.09131442,0,0,1956.304541,1.770726829,10329.1,1.871253725,19.18157259,-29.22983671,73.24310915,8.725779533,33.8193779,28.70889091,9
element_4658,2028,255.753525,6.358328448,126.701153,312.5608469,251.538988,22.08994665,0,0,1956.304541,1.770726829,10329.1,1.871253725,19.18157259,-29.22983671,73.24310915,8.725779533,33.8193779,28.70889091,9
element_4658,2029,255.6668126,6.539410156,127.5564333,406.32822,254.9418795,22.09098139,0,0,1956.304541,1.770726829,10329.1,1.871253725,19.18157259,-29.22983671,73.24310915,8.725779533,33.8193779,28.70889091,9
element_4658,2030,255.3054713,6.22849199,127.5684295,323.8055367,248.3072861,22.09158241,0,0,1956.304541,1.770726829,10329.1,1.871253725,19.18157259,-29.22983671,73.24310915,8.725779533,33.8193779,28.70889091,9
element_4658,2031,255.4881938,6.260220933,128.662415,285.4107857,240.9902673,22.0902122,0,0,1956.304541,1.770726829,10329.1,1.871253725,19.18157259,-29.22983671,73.24310915,8.725779533,33.8193779,28.70889091,9
element_4658,2032,255.2226878,6.188701882,127.827,310.7250246,245.8062986,22.09078009,0,0,1956.304541,1.770726829,10329.1,1.871253725,19.18157259,-29.22983671,73.24310915,8.725779533,33.8193779,28.70889091,9
element_4658,2033,255.8727323,6.375519902,125.3819346,382.756756,251.9108641,22.09222949,0,0,1956.304541,1.770726829,10329.1,1.871253725,19.18157259,-29.22983671,73.24310915,8.725779533,33.8193779,28.70889091,9
element_4658,2034,255.6330409,6.415190861,129.7691295,312.1547811,249.4973786,22.09213304,0,0,1956.304541,1.770726829,10329.1,1.871253725,19.18157259,-29.22983671,73.24310915,8.725779533,33.8193779,28.70889091,9
element_4658,2035,255.8053687,6.427593753,130.2521824,323.6429067,260.9458294,22.09131662,0,0,1956.304541,1.770726829,10329.1,1.871253725,19.18157259,-29.22983671,73.24310915,8.725779533,33.8193779,28.70889091,9
element_4658,2036,255.6383864,6.394403176,128.7437885,308.3860618,253.4128021,22.09042982,0,0,1956.304541,1.770726829,10329.1,1.871253725,19.18157259,-29.22983671,73.24310915,8.725779533,33.8193779,28.70889091,9
element_4658,2037,255.481006,6.230228697,124.9447223,347.615435,245.3676613,22.0911463,0,0,1956.304541,1.770726829,10329.1,1.871253725,19.18157259,-29.22983671,73.24310915,8.725779533,33.8193779,28.70889091,9
element_4658,2038,255.6704905,6.309706462,126.5856685,383.8493074,247.0928978,22.09120519,0,0,1956.304541,1.770726829,10329.1,1.871253725,19.18157259,-29.22983671,73.24310915,8.725779533,33.8193779,28.70889091,9
element_4658,2039,256.5587404,6.176865731,128.8855588,400.5890392,259.99564,22.08980303,0,0,1956.304541,1.770726829,10329.1,1.871253725,19.18157259,-29.22983671,73.24310915,8.725779533,33.8193779,28.70889091,9
element_4658,2040,255.542893,6.138183419,124.8481125,409.6854532,249.224646,22.09010876,0,0,1956.304541,1.770726829,10329.1,1.871253725,19.18157259,-29.22983671,73.24310915,8.725779533,33.8193779,28.70889091,9
element_4658,2041,255.9555951,6.231242338,125.8443907,335.3189477,255.7070406,22.0921472,0,0,1956.304541,1.770726829,10329.1,1.871253725,19.18157259,-29.22983671,73.24310915,8.725779533,33.8193779,28.70889091,9
element_4658,2042,256.3812558,6.319282752,127.1864156,353.1141355,248.1168147,22.0914514,0,0,1956.304541,1.770726829,10329.1,1.871253725,19.18157259,-29.22983671,73.24310915,8.725779533,33.8193779,28.70889091,9
element_4658,2043,255.9189675,6.248807006,127.7470056,332.0896999,255.8429356,22.0904071,0,0,1956.304541,1.770726829,10329.1,1.871253725,19.18157259,-29.22983671,73.24310915,8.725779533,33.8193779,28.70889091,9
element_4658,2044,256.0076442,6.227440924,127.821482,341.552013,245.3705431,22.09048338,0,0,1956.304541,1.770726829,10329.1,1.871253725,19.18157259,-29.22983671,73.24310915,8.725779533,33.8193779,28.70889091,9
element_4658,2045,256.5000898,6.027942032,126.3913861,355.397089,253.5630527,22.0903697,0,0,1956.304541,1.770726829,10329.1,1.871253725,19.18157259,-29.22983671,73.24310915,8.725779533,33.8193779,28.70889091,9
element_4658,2046,256.5305342,6.379836476,126.7742668,369.7553814,262.8473187,22.09369873,0,0,1956.304541,1.770726829,10329.1,1.871253725,19.18157259,-29.22983671,73.24310915,8.725779533,33.8193779,28.70889091,9
element_4658,2047,256.4912068,6.283125279,127.5197494,313.3966105,255.6773645,22.09172958,0,0,1956.304541,1.770726829,10329.1,1.871253725,19.18157259,-29.22983671,73.24310915,8.725779533,33.8193779,28.70889091,9
element_4658,2048,256.90381,6.186993581,126.7258149,355.2930325,264.4462504,22.09098314,0,0,1956.304541,1.770726829,10329.1,1.871253725,19.18157259,-29.22983671,73.24310915,8.725779533,33.8193779,28.70889091,9
element_4658,2049,257.0473583,6.33667731,126.1304018,382.1684736,257.3244341,22.09208989,0,0,1956.304541,1.770726829,10329.1,1.871253725,19.18157259,-29.22983671,73.24310915,8.725779533,33.8193779,28.70889091,9
element_4658,2050,257.4386607,6.066156078,127.009461,354.9747678,280.0753469,22.0918535,0,0,1956.304541,1.770726829,10329.1,1.871253725,19.18157259,-29.22983671,73.24310915,8.725779533,33.8193779,28.70889091,9
element_4658,2051,257.0462821,6.286772557,124.1146261,413.8531428,265.905576,22.09218212,0,0,1956.304541,1.770726829,10329.1,1.871253725,19.18157259,-29.22983671,73.24310915,8.725779533,33.8193779,28.70889091,9
element_4658,2052,256.8915465,6.196190944,124.9116961,424.4054198,263.7198174,22.09211589,0,0,1956.304541,1.770726829,10329.1,1.871253725,19.18157259,-29.22983671,73.24310915,8.725779533,33.8193779,28.70889091,9
element_4658,2053,257.045639,6.35404434,126.0922442,386.6503246,268.6092287,22.09109324,0,0,1956.304541,1.770726829,10329.1,1.871253725,19.18157259,-29.22983671,73.24310915,8.725779533,33.8193779,28.70889091,9
element_4658,2054,256.8965692,6.259571687,127.1912455,351.581579,265.6919879,22.09181719,0,0,1956.304541,1.770726829,10329.1,1.871253725,19.18157259,-29.22983671,73.24310915,8.725779533,33.8193779,28.70889091,9
element_4658,2055,256.9349528,6.245770335,125.9045973,423.7605273,269.2326655,22.09415611,0,0,1956.304541,1.770726829,10329.1,1.871253725,19.18157259,-29.22983671,73.24310915,8.725779533,33.8193779,28.70889091,9
element_4658,2056,256.9046601,6.293242757,128.8785759,333.8055712,265.5615387,22.09028964,0,0,1956.304541,1.770726829,10329.1,1.871253725,19.18157259,-29.22983671,73.24310915,8.725779533,33.8193779,28.70889091,9
element_4658,2057,257.2231834,6.186771813,128.1754543,341.2411104,267.2529598,22.08946619,0,0,1956.304541,1.770726829,10329.1,1.871253725,19.18157259,-29.22983671,73.24310915,8.725779533,33.8193779,28.70889091,9
element_4658,2058,257.4612772,6.165316655,125.0553422,352.7280922,275.890317,22.09360311,0,0,1956.304541,1.770726829,10329.1,1.871253725,19.18157259,-29.22983671,73.24310915,8.725779533,33.8193779,28.70889091,9
element_4658,2059,257.6309757,6.242341064,125.5525143,390.0974415,273.8541595,22.09447792,0,0,1956.304541,1.770726829,10329.1,1.871253725,19.18157259,-29.22983671,73.24310915,8.725779533,33.8193779,28.70889091,9
element_4658,2060,257.7374346,6.321742845,124.3145405,446.1312595,273.4323218,22.09496528,0,0,1956.304541,1.770726829,10329.1,1.871253725,19.18157259,-29.22983671,73.24310915,8.725779533,33.8193779,28.70889091,9
element_4658,2061,257.5866386,6.204184935,123.7627724,410.2557053,276.6642357,22.09234663,0,0,1956.304541,1.770726829,10329.1,1.871253725,19.18157259,-29.22983671,73.24310915,8.725779533,33.8193779,28.70889091,9
element_4658,2062,258.1308981,6.196992152,127.640488,395.8091157,286.2829155,22.09317714,0,0,1956.304541,1.770726829,10329.1,1.871253725,19.18157259,-29.22983671,73.24310915,8.725779533,33.8193779,28.70889091,9
element_4658,2063,258.052589,6.29609291,123.3243417,380.7588851,271.1212071,22.09889864,0,0,1956.304541,1.770726829,10329.1,1.871253725,19.18157259,-29.22983671,73.24310915,8.725779533,33.8193779,28.70889091,9
element_4658,2064,258.0664971,6.291366256,126.6749953,408.9041278,277.4614789,22.09204013,0,0,1956.304541,1.770726829,10329.1,1.871253725,19.18157259,-29.22983671,73.24310915,8.725779533,33.8193779,28.70889091,9
element_4658,2065,258.3596281,6.17139783,125.5612045,399.442288,294.5413557,22.09233839,0,0,1956.304541,1.770726829,10329.1,1.871253725,19.18157259,-29.22983671,73.24310915,8.725779533,33.8193779,28.70889091,9
element_4658,2066,258.5329951,6.343293497,123.8493474,476.4065548,286.2376273,22.09379182,0,0,1956.304541,1.770726829,10329.1,1.871253725,19.18157259,-29.22983671,73.24310915,8.725779533,33.8193779,28.70889091,9
element_4658,2067,257.9790753,6.264755821,123.5410022,413.6556479,284.5937722,22.11015409,0,0,1956.304541,1.770726829,10329.1,1.871253725,19.18157259,-29.22983671,73.24310915,8.725779533,33.8193779,28.70889091,9
element_4658,2068,257.9742628,6.34061711,125.5107411,418.3158053,286.4567154,22.11286415,0,0,1956.304541,1.770726829,10329.1,1.871253725,19.18157259,-29.22983671,73.24310915,8.725779533,33.8193779,28.70889091,9
element_4658,2069,258.5500194,6.22961467,125.488092,383.271023,290.9986157,22.09193835,0,0,1956.304541,1.770726829,10329.1,1.871253725,19.18157259,-29.22983671,73.24310915,8.725779533,33.8193779,28.70889091,9
element_4658,2070,258.8670302,6.110332071,124.2331768,514.427443,288.9757012,22.10793179,0,0,1956.304541,1.770726829,10329.1,1.871253725,19.18157259,-29.22983671,73.24310915,8.725779533,33.8193779,28.70889091,9
element_4658,2071,258.2534519,6.124965242,123.9839082,364.2348998,285.7510628,22.09395774,0,0,1956.304541,1.770726829,10329.1,1.871253725,19.18157259,-29.22983671,73.24310915,8.725779533,33.8193779,28.70889091,9
element_4658,2072,258.4401355,6.220699277,124.6293865,366.8534779,292.7438923,22.09324084,0,0,1956.304541,1.770726829,10329.1,1.871253725,19.18157259,-29.22983671,73.24310915,8.725779533,33.8193779,28.70889091,9
element_4658,2073,258.154939,6.242744036,126.4057617,386.7852319,297.3778152,22.09520716,0,0,1956.304541,1.770726829,10329.1,1.871253725,19.18157259,-29.22983671,73.24310915,8.725779533,33.8193779,28.70889091,9
element_4658,2074,258.7249549,6.171802901,124.327537,602.5345094,279.9609807,22.09917464,0,0,1956.304541,1.770726829,10329.1,1.871253725,19.18157259,-29.22983671,73.24310915,8.725779533,33.8193779,28.70889091,9
element_4658,2075,258.9471031,6.21397303,125.8891756,410.2835926,289.9759795,22.09716806,0,0,1956.304541,1.770726829,10329.1,1.871253725,19.18157259,-29.22983671,73.24310915,8.725779533,33.8193779,28.70889091,9
element_4658,2076,258.8364487,6.197405207,122.2058925,489.3991158,289.4079999,22.09918991,0,0,1956.304541,1.770726829,10329.1,1.871253725,19.18157259,-29.22983671,73.24310915,8.725779533,33.8193779,28.70889091,9
element_4658,2077,259.4281907,6.042566119,119.7285815,616.5341884,299.6409452,22.09344076,0,0,1956.304541,1.770726829,10329.1,1.871253725,19.18157259,-29.22983671,73.24310915,8.725779533,33.8193779,28.70889091,9
element_4658,2078,259.2639516,6.134874967,125.0099866,490.5216085,298.5286006,22.1054883,0,0,1956.304541,1.770726829,10329.1,1.871253725,19.18157259,-29.22983671,73.24310915,8.725779533,33.8193779,28.70889091,9
element_4658,2079,258.9619527,6.276196142,123.019044,553.5997639,294.4184323,22.09680764,0,0,1956.304541,1.770726829,10329.1,1.871253725,19.18157259,-29.22983671,73.24310915,8.725779533,33.8193779,28.70889091,9
element_4658,2080,259.1967602,6.128774933,124.7067454,462.6157968,295.5368829,22.09589277,0,0,1956.304541,1.770726829,10329.1,1.871253725,19.18157259,-29.22983671,73.24310915,8.725779533,33.8193779,28.70889091,9
element_4658,2081,259.745117,6.117014353,124.0487742,470.0164873,301.5670057,22.09887457,0,0,1956.304541,1.770726829,10329.1,1.871253725,19.18157259,-29.22983671,73.24310915,8.725779533,33.8193779,28.70889091,9
element_4658,2082,259.1350541,6.222987491,124.1270369,453.7569119,294.4583899,22.09304756,0,0,1956.304541,1.770726829,10329.1,1.871253725,19.18157259,-29.22983671,73.24310915,8.725779533,33.8193779,28.70889091,9
element_4658,2083,259.3485317,6.218973765,122.1530666,473.5810973,296.4538646,22.09606532,0,0,1956.304541,1.770726829,10329.1,1.871253725,19.18157259,-29.22983671,73.24310915,8.725779533,33.8193779,28.70889091,9
element_4658,2084,259.2139959,6.128308614,122.5004745,440.2780019,292.8193373,22.09692914,0,0,1956.304541,1.770726829,10329.1,1.871253725,19.18157259,-29.22983671,73.24310915,8.725779533,33.8193779,28.70889091,9
element_4658,2085,259.5979729,6.243426448,123.3517942,425.5672908,301.7517079,22.10177973,0,0,1956.304541,1.770726829,10329.1,1.871253725,19.18157259,-29.22983671,73.24310915,8.725779533,33.8193779,28.70889091,9
element_4658,2086,259.3666815,6.29000719,123.1668971,441.3678259,299.8228083,22.09437427,0,0,1956.304541,1.770726829,10329.1,1.871253725,19.18157259,-29.22983671,73.24310915,8.725779533,33.8193779,28.70889091,9
element_4658,2087,259.3951291,6.264002574,124.324062,441.360871,296.8468514,22.09298415,0,0,1956.304541,1.770726829,10329.1,1.871253725,19.18157259,-29.22983671,73.24310915,8.725779533,33.8193779,28.70889091,9
element_4658,2088,259.3347881,6.165171383,126.4630672,374.1523117,308.9194243,22.1054821,0,0,1956.304541,1.770726829,10329.1,1.871253725,19.18157259,-29.22983671,73.24310915,8.725779533,33.8193779,28.70889091,9
element_4658,2089,259.4866632,6.084679685,122.522294,434.213172,306.6851828,22.09959427,0,0,1956.304541,1.770726829,10329.1,1.871253725,19.18157259,-29.22983671,73.24310915,8.725779533,33.8193779,28.70889091,9
element_4658,2090,259.2607266,6.354391039,123.8174852,437.255884,306.677764,22.10374239,0,0,1956.304541,1.770726829,10329.1,1.871253725,19.18157259,-29.22983671,73.24310915,8.725779533,33.8193779,28.70889091,9
element_4658,2091,259.4755067,6.321085085,122.8021642,454.3086476,308.9456073,22.09742353,0,0,1956.304541,1.770726829,10329.1,1.871253725,19.18157259,-29.22983671,73.24310915,8.725779533,33.8193779,28.70889091,9
element_4658,2092,260.1269631,6.167951754,121.7214886,535.7843675,312.9882381,22.10766278,0,0,1956.304541,1.770726829,10329.1,1.871253725,19.18157259,-29.22983671,73.24310915,8.725779533,33.8193779,28.70889091,9
element_4658,2093,260.4071566,6.227396694,121.4666064,563.0280869,325.230104,22.10534677,0,0,1956.304541,1.770726829,10329.1,1.871253725,19.18157259,-29.22983671,73.24310915,8.725779533,33.8193779,28.70889091,9
element_4658,2094,259.6369454,6.365315867,124.5800862,410.042778,319.9286875,22.12790669,0,0,1956.304541,1.770726829,10329.1,1.871253725,19.18157259,-29.22983671,73.24310915,8.725779533,33.8193779,28.70889091,9
element_4658,2095,260.1106299,6.166176009,122.5621358,465.7377771,318.7859426,22.10300343,0,0,1956.304541,1.770726829,10329.1,1.871253725,19.18157259,-29.22983671,73.24310915,8.725779533,33.8193779,28.70889091,9
element_4658,2096,259.5957319,6.293080517,123.1691544,385.8182647,319.4034168,22.11435407,0,0,1956.304541,1.770726829,10329.1,1.871253725,19.18157259,-29.22983671,73.24310915,8.725779533,33.8193779,28.70889091,9
element_4658,2097,260.0279729,6.286681048,120.4917012,435.4209811,318.9473687,22.10876092,0,0,1956.304541,1.770726829,10329.1,1.871253725,19.18157259,-29.22983671,73.24310915,8.725779533,33.8193779,28.70889091,9
element_4658,2098,260.4880837,6.231471637,123.0093348,505.2061991,321.5784821,22.10781941,0,0,1956.304541,1.770726829,10329.1,1.871253725,19.18157259,-29.22983671,73.24310915,8.725779533,33.8193779,28.70889091,9
element_4658,2099,260.611564,6.066488613,122.2090816,464.0424981,331.4174902,22.09894021,0,0,1956.304541,1.770726829,10329.1,1.871253725,19.18157259,-29.22983671,73.24310915,8.725779533,33.8193779,28.70889091,9
element_4658,2100,260.6406264,6.280700077,121.9167445,447.1836802,322.2699893,22.10779606,0,0,1956.304541,1.770726829,10329.1,1.871253725,19.18157259,-29.22983671,73.24310915,8.725779533,33.8193779,28.70889091,9
element_4660,2015,251.2436272,5.447032274,131.8199016,253.9602343,181.9291018,21.93133338,0,0,2752.909759,0.353651075,49450.5,3.895929974,38.45574753,-33.08264168,72.04773907,7.191092014,28.05603409,23.79310417,9
element_4660,2016,251.131393,5.493906807,132.7861665,244.0677358,184.5919369,21.93133279,0,0,2752.909759,0.353651075,49450.5,3.895929974,38.45574753,-33.08264168,72.04773907,7.191092014,28.05603409,23.79310417,9
element_4660,2017,250.5391063,5.644978037,132.971429,240.418995,185.8152911,21.93132862,0,0,2752.909759,0.353651075,49450.5,3.895929974,38.45574753,-33.08264168,72.04773907,7.191092014,28.05603409,23.79310417,9
element_4660,2018,251.4275671,5.682254738,133.3358951,296.5766262,182.5596172,21.93132593,0,0,2752.909759,0.353651075,49450.5,3.895929974,38.45574753,-33.08264168,72.04773907,7.191092014,28.05603409,23.79310417,9
element_4660,2019,250.3703581,5.479356465,132.7813903,253.1015338,174.7694617,21.93132593,0,0,2752.909759,0.353651075,49450.5,3.895929974,38.45574753,-33.08264168,72.04773907,7.191092014,28.05603409,23.79310417,9
element_4660,2020,250.7333603,5.606273309,132.6002906,276.653807,179.4553281,21.93133763,0,0,2752.909759,0.353651075,49450.5,3.895929974,38.45574753,-33.08264168,72.04773907,7.191092014,28.05603409,23.79310417,9
element_4660,2021,250.4047513,5.597699852,131.1405301,278.7116476,171.1609093,21.93132593,0,0,2752.909759,0.353651075,49450.5,3.895929974,38.45574753,-33.08264168,72.04773907,7.191092014,28.05603409,23.79310417,9
element_4660,2022,251.2658559,5.557623188,133.4183198,243.8492068,182.7004866,21.93132593,0,0,2752.909759,0.353651075,49450.5,3.895929974,38.45574753,-33.08264168,72.04773907,7.191092014,28.05603409,23.79310417,9
element_4660,2023,251.2111858,5.519955157,132.8608918,254.3261883,180.6399263,21.93132593,0,0,2752.909759,0.353651075,49450.5,3.895929974,38.45574753,-33.08264168,72.04773907,7.191092014,28.05603409,23.79310417,9
element_4660,2024,251.5951077,5.626515257,132.3143504,281.4180357,190.8644444,21.93133519,0,0,2752.909759,0.353651075,49450.5,3.895929974,38.45574753,-33.08264168,72.04773907,7.191092014,28.05603409,23.79310417,9
element_4660,2025,251.924269,5.676284827,133.8424809,263.614007,184.6942254,21.93132593,0,0,2752.909759,0.353651075,49450.5,3.895929974,38.45574753,-33.08264168,72.04773907,7.191092014,28.05603409,23.79310417,9
element_4660,2026,251.6384375,5.620322195,132.0297832,288.1249538,177.8225666,21.93132593,0,0,2752.909759,0.353651075,49450.5,3.895929974,38.45574753,-33.08264168,72.04773907,7.191092014,28.05603409,23.79310417,9
element_4660,2027,252.1660713,5.727374096,131.3838323,288.5490315,187.7460262,21.93132593,0,0,2752.909759,0.353651075,49450.5,3.895929974,38.45574753,-33.08264168,72.04773907,7.191092014,28.05603409,23.79310417,9
element_4660,2028,252.0086398,5.694232187,131.3510828,271.0937421,187.4777651,21.93132593,0,0,2752.909759,0.353651075,49450.5,3.895929974,38.45574753,-33.08264168,72.04773907,7.191092014,28.05603409,23.79310417,9
element_4660,2029,251.9029036,5.831855594,132.2971258,309.8342738,192.6306732,21.93135034,0,0,2752.909759,0.353651075,49450.5,3.895929974,38.45574753,-33.08264168,72.04773907,7.191092014,28.05603409,23.79310417,9
element_4660,2030,251.539679,5.602037188,131.1492931,277.8176564,185.4205117,21.93132593,0,0,2752.909759,0.353651075,49450.5,3.895929974,38.45574753,-33.08264168,72.04773907,7.191092014,28.05603409,23.79310417,9
element_4660,2031,251.7645337,5.610935717,132.7071821,255.8632115,180.5185132,21.93132593,0,0,2752.909759,0.353651075,49450.5,3.895929974,38.45574753,-33.08264168,72.04773907,7.191092014,28.05603409,23.79310417,9
element_4660,2032,251.5898552,5.498140914,132.1723381,257.1373446,185.2771879,21.93132593,0,0,2752.909759,0.353651075,49450.5,3.895929974,38.45574753,-33.08264168,72.04773907,7.191092014,28.05603409,23.79310417,9
element_4660,2033,252.1018488,5.75224297,130.2361662,319.5404686,187.9931638,21.93132593,0,0,2752.909759,0.353651075,49450.5,3.895929974,38.45574753,-33.08264168,72.04773907,7.191092014,28.05603409,23.79310417,9
element_4660,2034,251.9671662,5.797833707,132.6255431,265.0389463,186.1776922,21.9313455,0,0,2752.909759,0.353651075,49450.5,3.895929974,38.45574753,-33.08264168,72.04773907,7.191092014,28.05603409,23.79310417,9
element_4660,2035,252.1694008,5.706965882,134.0152573,263.4634882,194.3550221,21.93134704,0,0,2752.909759,0.353651075,49450.5,3.895929974,38.45574753,-33.08264168,72.04773907,7.191092014,28.05603409,23.79310417,9
element_4660,2036,251.9963193,5.712458321,132.6684392,268.3733694,191.3174592,21.93134515,0,0,2752.909759,0.353651075,49450.5,3.895929974,38.45574753,-33.08264168,72.04773907,7.191092014,28.05603409,23.79310417,9
element_4660,2037,251.8041481,5.679801879,129.2699251,310.8855355,182.3624225,21.93132593,0,0,2752.909759,0.353651075,49450.5,3.895929974,38.45574753,-33.08264168,72.04773907,7.191092014,28.05603409,23.79310417,9
element_4660,2038,251.8126114,5.549360163,131.0481832,315.1983874,184.7303179,21.93132821,0,0,2752.909759,0.353651075,49450.5,3.895929974,38.45574753,-33.08264168,72.04773907,7.191092014,28.05603409,23.79310417,9
element_4660,2039,252.6003001,5.536603428,132.4399241,317.6673898,193.681341,21.93132662,0,0,2752.909759,0.353651075,49450.5,3.895929974,38.45574753,-33.08264168,72.04773907,7.191092014,28.05603409,23.79310417,9
element_4660,2040,251.6065753,5.429088936,129.5643686,334.631131,187.6867148,21.93132593,0,0,2752.909759,0.353651075,49450.5,3.895929974,38.45574753,-33.08264168,72.04773907,7.191092014,28.05603409,23.79310417,9
element_4660,2041,252.0890869,5.469511227,130.4794442,288.8954977,191.3021447,21.93133685,0,0,2752.909759,0.353651075,49450.5,3.895929974,38.45574753,-33.08264168,72.04773907,7.191092014,28.05603409,23.79310417,9
element_4660,2042,252.6535575,5.649699066,130.9656841,303.1900749,186.3373207,21.93132593,0,0,2752.909759,0.353651075,49450.5,3.895929974,38.45574753,-33.08264168,72.04773907,7.191092014,28.05603409,23.79310417,9
element_4660,2043,252.1915538,5.651196996,131.6645321,279.4717376,191.3076603,21.93132593,0,0,2752.909759,0.353651075,49450.5,3.895929974,38.45574753,-33.08264168,72.04773907,7.191092014,28.05603409,23.79310417,9
element_4660,2044,252.3471062,5.588892056,131.9562528,276.4994303,183.7557015,21.93134817,0,0,2752.909759,0.353651075,49450.5,3.895929974,38.45574753,-33.08264168,72.04773907,7.191092014,28.05603409,23.79310417,9
element_4660,2045,252.7783389,5.43148303,130.2976805,315.0167784,188.2621586,21.9313266,0,0,2752.909759,0.353651075,49450.5,3.895929974,38.45574753,-33.08264168,72.04773907,7.191092014,28.05603409,23.79310417,9
element_4660,2046,252.8932962,5.79216071,131.190813,308.2681826,197.0666853,21.93132593,0,0,2752.909759,0.353651075,49450.5,3.895929974,38.45574753,-33.08264168,72.04773907,7.191092014,28.05603409,23.79310417,9
element_4660,2047,252.7534949,5.681904554,131.531517,271.9644207,190.2761089,21.93132593,0,0,2752.909759,0.353651075,49450.5,3.895929974,38.45574753,-33.08264168,72.04773907,7.191092014,28.05603409,23.79310417,9
element_4660,2048,253.1012071,5.534847843,130.6702649,291.856263,200.6067157,21.93133074,0,0,2752.909759,0.353651075,49450.5,3.895929974,38.45574753,-33.08264168,72.04773907,7.191092014,28.05603409,23.79310417,9
element_4660,2049,253.2732593,5.635905045,130.6990895,303.0718478,192.3837092,21.93133043,0,0,2752.909759,0.353651075,49450.5,3.895929974,38.45574753,-33.08264168,72.04773907,7.191092014,28.05603409,23.79310417,9
element_4660,2050,253.6703899,5.46782426,131.0175503,301.9973586,208.8729012,21.93132593,0,0,2752.909759,0.353651075,49450.5,3.895929974,38.45574753,-33.08264168,72.04773907,7.191092014,28.05603409,23.79310417,9
element_4660,2051,253.2719368,5.682240535,128.8172405,355.8664218,199.7756795,21.93132769,0,0,2752.909759,0.353651075,49450.5,3.895929974,38.45574753,-33.08264168,72.04773907,7.191092014,28.05603409,23.79310417,9
element_4660,2052,253.1869616,5.578428168,129.5879223,332.5425825,198.5032604,21.93133252,0,0,2752.909759,0.353651075,49450.5,3.895929974,38.45574753,-33.08264168,72.04773907,7.191092014,28.05603409,23.79310417,9
element_4660,2053,253.2519225,5.700070996,129.9840575,311.4223885,198.739257,21.93134123,0,0,2752.909759,0.353651075,49450.5,3.895929974,38.45574753,-33.08264168,72.04773907,7.191092014,28.05603409,23.79310417,9
element_4660,2054,253.0062576,5.737943903,131.1325199,306.1251447,198.7837062,21.93134174,0,0,2752.909759,0.353651075,49450.5,3.895929974,38.45574753,-33.08264168,72.04773907,7.191092014,28.05603409,23.79310417,9
element_4660,2055,253.0872253,5.547832949,130.5019207,325.9454131,202.9423703,21.93142338,0,0,2752.909759,0.353651075,49450.5,3.895929974,38.45574753,-33.08264168,72.04773907,7.191092014,28.05603409,23.79310417,9
element_4660,2056,253.1859653,5.607433798,132.1827655,285.4859584,199.8187124,21.93143137,0,0,2752.909759,0.353651075,49450.5,3.895929974,38.45574753,-33.08264168,72.04773907,7.191092014,28.05603409,23.79310417,9
element_4660,2057,253.2706392,5.408985557,131.9068144,277.5597234,200.132013,21.93132593,0,0,2752.909759,0.353651075,49450.5,3.895929974,38.45574753,-33.08264168,72.04773907,7.191092014,28.05603409,23.79310417,9
element_4660,2058,253.6622901,5.533867041,129.0312724,303.5302447,208.7039376,21.9313663,0,0,2752.909759,0.353651075,49450.5,3.895929974,38.45574753,-33.08264168,72.04773907,7.191092014,28.05603409,23.79310417,9
element_4660,2059,253.8497196,5.6866754,129.0384784,342.0615061,206.0665938,21.93141853,0,0,2752.909759,0.353651075,49450.5,3.895929974,38.45574753,-33.08264168,72.04773907,7.191092014,28.05603409,23.79310417,9
element_4660,2060,253.7530184,5.684979691,128.9273199,366.1442882,203.1631526,21.93146976,0,0,2752.909759,0.353651075,49450.5,3.895929974,38.45574753,-33.08264168,72.04773907,7.191092014,28.05603409,23.79310417,9
element_4660,2061,253.785025,5.621393796,127.8918998,342.6530262,208.322409,21.93132788,0,0,2752.909759,0.353651075,49450.5,3.895929974,38.45574753,-33.08264168,72.04773907,7.191092014,28.05603409,23.79310417,9
element_4660,2062,254.2976481,5.5924045,131.3359346,330.5497962,214.1203616,21.93161631,0,0,2752.909759,0.353651075,49450.5,3.895929974,38.45574753,-33.08264168,72.04773907,7.191092014,28.05603409,23.79310417,9
element_4660,2063,254.3520364,5.699603174,127.8448036,317.2174195,203.8452335,21.93250564,0,0,2752.909759,0.353651075,49450.5,3.895929974,38.45574753,-33.08264168,72.04773907,7.191092014,28.05603409,23.79310417,9
element_4660,2064,254.2882946,5.762780565,130.4197375,335.3175747,209.5255152,21.93135986,0,0,2752.909759,0.353651075,49450.5,3.895929974,38.45574753,-33.08264168,72.04773907,7.191092014,28.05603409,23.79310417,9
element_4660,2065,254.54368,5.56069823,129.1324642,329.0459382,219.7656238,21.93142713,0,0,2752.909759,0.353651075,49450.5,3.895929974,38.45574753,-33.08264168,72.04773907,7.191092014,28.05603409,23.79310417,9
element_4660,2066,254.6951467,5.697551388,128.1476016,380.5668537,215.6035477,21.93136046,0,0,2752.909759,0.353651075,49450.5,3.895929974,38.45574753,-33.08264168,72.04773907,7.191092014,28.05603409,23.79310417,9
element_4660,2067,254.3461175,5.602104422,127.8224447,334.4053771,214.5959726,21.93455703,0,0,2752.909759,0.353651075,49450.5,3.895929974,38.45574753,-33.08264168,72.04773907,7.191092014,28.05603409,23.79310417,9
element_4660,2068,254.0949835,5.696265454,128.7531904,334.8381182,215.0038409,21.93501278,0,0,2752.909759,0.353651075,49450.5,3.895929974,38.45574753,-33.08264168,72.04773907,7.191092014,28.05603409,23.79310417,9
element_4660,2069,254.7246222,5.639678506,128.7435128,331.7997035,217.4902516,21.93136723,0,0,2752.909759,0.353651075,49450.5,3.895929974,38.45574753,-33.08264168,72.04773907,7.191092014,28.05603409,23.79310417,9
element_4660,2070,255.2212454,5.526745467,128.0368387,424.3760319,215.9496472,21.93374876,0,0,2752.909759,0.353651075,49450.5,3.895929974,38.45574753,-33.08264168,72.04773907,7.191092014,28.05603409,23.79310417,9
element_4660,2071,254.3488005,5.475462028,129.2594097,307.3732258,213.3367485,21.93138953,0,0,2752.909759,0.353651075,49450.5,3.895929974,38.45574753,-33.08264168,72.04773907,7.191092014,28.05603409,23.79310417,9
element_4660,2072,254.5778415,5.619682106,128.9777012,309.4531566,218.1957138,21.93135442,0,0,2752.909759,0.353651075,49450.5,3.895929974,38.45574753,-33.08264168,72.04773907,7.191092014,28.05603409,23.79310417,9
element_4660,2073,254.5195227,5.657426541,130.7079321,320.4472387,225.126944,21.93141958,0,0,2752.909759,0.353651075,49450.5,3.895929974,38.45574753,-33.08264168,72.04773907,7.191092014,28.05603409,23.79310417,9
element_4660,2074,254.8498125,5.563730867,128.8014323,461.807349,211.0307178,21.93305093,0,0,2752.909759,0.353651075,49450.5,3.895929974,38.45574753,-33.08264168,72.04773907,7.191092014,28.05603409,23.79310417,9
element_4660,2075,255.1730229,5.632641641,129.700253,342.9333727,216.1390059,21.93230926,0,0,2752.909759,0.353651075,49450.5,3.895929974,38.45574753,-33.08264168,72.04773907,7.191092014,28.05603409,23.79310417,9
element_4660,2076,254.938549,5.601785234,127.2609082,376.6670565,217.9059085,21.93246099,0,0,2752.909759,0.353651075,49450.5,3.895929974,38.45574753,-33.08264168,72.04773907,7.191092014,28.05603409,23.79310417,9
element_4660,2077,255.593917,5.498146063,124.5956459,467.2364057,225.6442977,21.93144784,0,0,2752.909759,0.353651075,49450.5,3.895929974,38.45574753,-33.08264168,72.04773907,7.191092014,28.05603409,23.79310417,9
element_4660,2078,255.4994535,5.480845339,129.3833928,395.3793379,224.9457609,21.93415255,0,0,2752.909759,0.353651075,49450.5,3.895929974,38.45574753,-33.08264168,72.04773907,7.191092014,28.05603409,23.79310417,9
element_4660,2079,255.0921727,5.651590273,127.2901656,424.7112885,221.1545349,21.93212953,0,0,2752.909759,0.353651075,49450.5,3.895929974,38.45574753,-33.08264168,72.04773907,7.191092014,28.05603409,23.79310417,9
element_4660,2080,255.4695795,5.581533142,128.3226796,388.753822,221.7287238,21.93171793,0,0,2752.909759,0.353651075,49450.5,3.895929974,38.45574753,-33.08264168,72.04773907,7.191092014,28.05603409,23.79310417,9
element_4660,2081,255.916988,5.600803791,127.7353654,401.4698017,227.1855025,21.93240592,0,0,2752.909759,0.353651075,49450.5,3.895929974,38.45574753,-33.08264168,72.04773907,7.191092014,28.05603409,23.79310417,9
element_4660,2082,255.4070889,5.590899058,128.0942745,358.2441238,224.6464998,21.93147816,0,0,2752.909759,0.353651075,49450.5,3.895929974,38.45574753,-33.08264168,72.04773907,7.191092014,28.05603409,23.79310417,9
element_4660,2083,255.4096255,5.580031943,126.8705214,376.9921313,223.1985828,21.93161806,0,0,2752.909759,0.353651075,49450.5,3.895929974,38.45574753,-33.08264168,72.04773907,7.191092014,28.05603409,23.79310417,9
element_4660,2084,255.4252371,5.530425643,126.2704519,387.9224219,218.9419488,21.93223088,0,0,2752.909759,0.353651075,49450.5,3.895929974,38.45574753,-33.08264168,72.04773907,7.191092014,28.05603409,23.79310417,9
element_4660,2085,255.6301378,5.578110894,127.7165021,336.1542912,225.8360302,21.93299402,0,0,2752.909759,0.353651075,49450.5,3.895929974,38.45574753,-33.08264168,72.04773907,7.191092014,28.05603409,23.79310417,9
element_4660,2086,255.6104136,5.678996814,127.2035254,372.6015935,225.3609984,21.93133528,0,0,2752.909759,0.353651075,49450.5,3.895929974,38.45574753,-33.08264168,72.04773907,7.191092014,28.05603409,23.79310417,9
element_4660,2087,255.3584507,5.594912488,128.5916209,360.4714302,222.3785543,21.93136543,0,0,2752.909759,0.353651075,49450.5,3.895929974,38.45574753,-33.08264168,72.04773907,7.191092014,28.05603409,23.79310417,9
element_4660,2088,255.464618,5.52182401,129.6078389,319.4277835,231.1151178,21.93532157,0,0,2752.909759,0.353651075,49450.5,3.895929974,38.45574753,-33.08264168,72.04773907,7.191092014,28.05603409,23.79310417,9
element_4660,2089,255.6978476,5.499496265,125.6392021,381.3006632,230.9895373,21.93369875,0,0,2752.909759,0.353651075,49450.5,3.895929974,38.45574753,-33.08264168,72.04773907,7.191092014,28.05603409,23.79310417,9
element_4660,2090,255.2712753,5.64669458,127.4435108,366.5521129,226.9664939,21.93485721,0,0,2752.909759,0.353651075,49450.5,3.895929974,38.45574753,-33.08264168,72.04773907,7.191092014,28.05603409,23.79310417,9
element_4660,2091,255.4700214,5.663781774,127.1244299,378.2346928,230.7877451,21.93247744,0,0,2752.909759,0.353651075,49450.5,3.895929974,38.45574753,-33.08264168,72.04773907,7.191092014,28.05603409,23.79310417,9
element_4660,2092,256.184732,5.519693122,126.3017458,427.123871,233.499742,21.93389574,0,0,2752.909759,0.353651075,49450.5,3.895929974,38.45574753,-33.08264168,72.04773907,7.191092014,28.05603409,23.79310417,9
element_4660,2093,256.5004225,5.5977586,125.9764291,441.4280108,245.9568175,21.93476653,0,0,2752.909759,0.353651075,49450.5,3.895929974,38.45574753,-33.08264168,72.04773907,7.191092014,28.05603409,23.79310417,9
element_4660,2094,255.6903258,5.755320351,128.227408,335.8854774,239.7645229,21.93942426,0,0,2752.909759,0.353651075,49450.5,3.895929974,38.45574753,-33.08264168,72.04773907,7.191092014,28.05603409,23.79310417,9
element_4660,2095,256.2196041,5.605066781,126.1594749,376.2229799,236.5716038,21.93350421,0,0,2752.909759,0.353651075,49450.5,3.895929974,38.45574753,-33.08264168,72.04773907,7.191092014,28.05603409,23.79310417,9
element_4660,2096,255.6603407,5.662319655,126.3883807,341.5587646,239.3625504,21.93477373,0,0,2752.909759,0.353651075,49450.5,3.895929974,38.45574753,-33.08264168,72.04773907,7.191092014,28.05603409,23.79310417,9
element_4660,2097,255.9758179,5.668183715,125.4095867,352.0022917,237.816445,21.93496017,0,0,2752.909759,0.353651075,49450.5,3.895929974,38.45574753,-33.08264168,72.04773907,7.191092014,28.05603409,23.79310417,9
element_4660,2098,256.6851805,5.659945528,126.3316245,426.8660745,243.4213361,21.93506153,0,0,2752.909759,0.353651075,49450.5,3.895929974,38.45574753,-33.08264168,72.04773907,7.191092014,28.05603409,23.79310417,9
element_4660,2099,256.8134288,5.445259894,126.6023913,368.2812733,250.3254712,21.93265598,0,0,2752.909759,0.353651075,49450.5,3.895929974,38.45574753,-33.08264168,72.04773907,7.191092014,28.05603409,23.79310417,9
element_4660,2100,256.7393071,5.604951442,126.0283304,375.6400987,244.1872798,21.93456394,0,0,2752.909759,0.353651075,49450.5,3.895929974,38.45574753,-33.08264168,72.04773907,7.191092014,28.05603409,23.79310417,9
element_4661,2015,257.4385356,6.069375588,125.7612935,459.1538629,280.9528781,22.32042141,0,0,1353.19867,5.06835309,22040.3,1.501734719,17.49439479,-28.26777765,71.06614431,7.242466927,28.51966286,24.17919159,9
element_4661,2016,257.3533276,6.225772257,127.1537607,421.8458468,278.3944792,22.31595731,0,0,1353.19867,5.06835309,22040.3,1.501734719,17.49439479,-28.26777765,71.06614431,7.242466927,28.51966286,24.17919159,9
element_4661,2017,257.0173661,6.30403967,128.3296285,418.7960995,283.8930822,22.31836515,0,0,1353.19867,5.06835309,22040.3,1.501734719,17.49439479,-28.26777765,71.06614431,7.242466927,28.51966286,24.17919159,9
element_4661,2018,257.8154089,6.299303454,129.1376405,508.6859119,281.4303663,22.3134563,0,0,1353.19867,5.06835309,22040.3,1.501734719,17.49439479,-28.26777765,71.06614431,7.242466927,28.51966286,24.17919159,9
element_4661,2019,257.1804125,6.437240473,127.820701,429.5762436,272.3655952,22.31281829,0,0,1353.19867,5.06835309,22040.3,1.501734719,17.49439479,-28.26777765,71.06614431,7.242466927,28.51966286,24.17919159,9
element_4661,2020,257.3338135,6.30612323,128.2673,493.7164897,274.532003,22.32094368,0,0,1353.19867,5.06835309,22040.3,1.501734719,17.49439479,-28.26777765,71.06614431,7.242466927,28.51966286,24.17919159,9
element_4661,2021,256.9893457,6.37796326,125.5674157,478.5378722,266.7106082,22.31121492,0,0,1353.19867,5.06835309,22040.3,1.501734719,17.49439479,-28.26777765,71.06614431,7.242466927,28.51966286,24.17919159,9
element_4661,2022,257.7716736,6.218890211,128.3080573,431.1459144,284.0301816,22.31619293,0,0,1353.19867,5.06835309,22040.3,1.501734719,17.49439479,-28.26777765,71.06614431,7.242466927,28.51966286,24.17919159,9
element_4661,2023,257.630384,6.219369291,128.5462901,449.3530949,276.9695296,22.31909632,0,0,1353.19867,5.06835309,22040.3,1.501734719,17.49439479,-28.26777765,71.06614431,7.242466927,28.51966286,24.17919159,9
element_4661,2024,258.0511811,6.425542463,127.2161697,492.2350528,291.70738,22.32329425,0,0,1353.19867,5.06835309,22040.3,1.501734719,17.49439479,-28.26777765,71.06614431,7.242466927,28.51966286,24.17919159,9
element_4661,2025,258.3823035,6.214074941,129.0948519,449.5521338,286.1601744,22.31180113,0,0,1353.19867,5.06835309,22040.3,1.501734719,17.49439479,-28.26777765,71.06614431,7.242466927,28.51966286,24.17919159,9
element_4661,2026,258.1605288,6.289807261,127.5697547,492.6314803,277.8830138,22.31004476,0,0,1353.19867,5.06835309,22040.3,1.501734719,17.49439479,-28.26777765,71.06614431,7.242466927,28.51966286,24.17919159,9
element_4661,2027,258.5063519,6.332776525,126.4195911,499.4217033,288.6013691,22.31040638,0,0,1353.19867,5.06835309,22040.3,1.501734719,17.49439479,-28.26777765,71.06614431,7.242466927,28.51966286,24.17919159,9
element_4661,2028,258.5004505,6.349165108,125.8660318,492.7041215,289.6686089,22.30832753,0,0,1353.19867,5.06835309,22040.3,1.501734719,17.49439479,-28.26777765,71.06614431,7.242466927,28.51966286,24.17919159,9
element_4661,2029,258.3759595,6.524092876,127.7373096,535.667589,294.9482754,22.31563209,0,0,1353.19867,5.06835309,22040.3,1.501734719,17.49439479,-28.26777765,71.06614431,7.242466927,28.51966286,24.17919159,9
element_4661,2030,257.9412674,6.226013883,126.1699349,502.583323,286.9379546,22.31490918,0,0,1353.19867,5.06835309,22040.3,1.501734719,17.49439479,-28.26777765,71.06614431,7.242466927,28.51966286,24.17919159,9
element_4661,2031,258.2834047,6.198877015,128.4246689,432.4501004,282.8884919,22.31068232,0,0,1353.19867,5.06835309,22040.3,1.501734719,17.49439479,-28.26777765,71.06614431,7.242466927,28.51966286,24.17919159,9
element_4661,2032,258.025618,6.226180683,127.12803,453.1818916,284.2035812,22.31283386,0,0,1353.19867,5.06835309,22040.3,1.501734719,17.49439479,-28.26777765,71.06614431,7.242466927,28.51966286,24.17919159,9
element_4661,2033,258.5172044,6.335375382,125.0970848,542.628636,290.2165623,22.31884035,0,0,1353.19867,5.06835309,22040.3,1.501734719,17.49439479,-28.26777765,71.06614431,7.242466927,28.51966286,24.17919159,9
element_4661,2034,258.3770514,6.404554265,128.3268527,450.5390916,288.3979933,22.31881475,0,0,1353.19867,5.06835309,22040.3,1.501734719,17.49439479,-28.26777765,71.06614431,7.242466927,28.51966286,24.17919159,9
element_4661,2035,258.652457,6.430036614,129.2051534,448.5528445,300.5899529,22.32257794,0,0,1353.19867,5.06835309,22040.3,1.501734719,17.49439479,-28.26777765,71.06614431,7.242466927,28.51966286,24.17919159,9
element_4661,2036,258.3671012,6.314103986,128.6974451,441.7642102,296.3991474,22.31895545,0,0,1353.19867,5.06835309,22040.3,1.501734719,17.49439479,-28.26777765,71.06614431,7.242466927,28.51966286,24.17919159,9
element_4661,2037,258.1232865,6.323224498,124.0947591,497.9577161,281.3625282,22.3142192,0,0,1353.19867,5.06835309,22040.3,1.501734719,17.49439479,-28.26777765,71.06614431,7.242466927,28.51966286,24.17919159,9
element_4661,2038,258.4750477,6.310552326,126.3760804,538.4537504,288.8980751,22.31805898,0,0,1353.19867,5.06835309,22040.3,1.501734719,17.49439479,-28.26777765,71.06614431,7.242466927,28.51966286,24.17919159,9
element_4661,2039,259.2276638,6.208781649,128.6081349,538.7638757,300.2799056,22.30832595,0,0,1353.19867,5.06835309,22040.3,1.501734719,17.49439479,-28.26777765,71.06614431,7.242466927,28.51966286,24.17919159,9
element_4661,2040,258.2948063,6.256569122,123.3328275,604.0137834,287.3063467,22.3111372,0,0,1353.19867,5.06835309,22040.3,1.501734719,17.49439479,-28.26777765,71.06614431,7.242466927,28.51966286,24.17919159,9
element_4661,2041,258.5944523,6.249387621,126.0824012,504.5606674,295.34605,22.31906328,0,0,1353.19867,5.06835309,22040.3,1.501734719,17.49439479,-28.26777765,71.06614431,7.242466927,28.51966286,24.17919159,9
element_4661,2042,259.0475477,6.386595396,126.2157076,527.4937104,288.8238462,22.31030117,0,0,1353.19867,5.06835309,22040.3,1.501734719,17.49439479,-28.26777765,71.06614431,7.242466927,28.51966286,24.17919159,9
element_4661,2043,258.6957826,6.215601869,127.1288981,482.9023649,295.9993581,22.31553527,0,0,1353.19867,5.06835309,22040.3,1.501734719,17.49439479,-28.26777765,71.06614431,7.242466927,28.51966286,24.17919159,9
element_4661,2044,258.782156,6.26437281,128.4691304,484.4950122,285.6246541,22.31896458,0,0,1353.19867,5.06835309,22040.3,1.501734719,17.49439479,-28.26777765,71.06614431,7.242466927,28.51966286,24.17919159,9
element_4661,2045,259.2918532,6.125302134,125.3669322,557.6202601,293.5594692,22.31560896,0,0,1353.19867,5.06835309,22040.3,1.501734719,17.49439479,-28.26777765,71.06614431,7.242466927,28.51966286,24.17919159,9
element_4661,2046,259.1575284,6.307130527,126.8131362,500.5709252,302.5705018,22.3246851,0,0,1353.19867,5.06835309,22040.3,1.501734719,17.49439479,-28.26777765,71.06614431,7.242466927,28.51966286,24.17919159,9
element_4661,2047,259.1495697,6.174777701,126.9808969,452.3731039,297.5120754,22.31335192,0,0,1353.19867,5.06835309,22040.3,1.501734719,17.49439479,-28.26777765,71.06614431,7.242466927,28.51966286,24.17919159,9
element_4661,2048,259.5747536,6.297236096,125.7765717,493.5061281,304.102602,22.31909588,0,0,1353.19867,5.06835309,22040.3,1.501734719,17.49439479,-28.26777765,71.06614431,7.242466927,28.51966286,24.17919159,9
element_4661,2049,259.7820069,6.328968682,125.4812209,525.1412557,297.0731986,22.31906947,0,0,1353.19867,5.06835309,22040.3,1.501734719,17.49439479,-28.26777765,71.06614431,7.242466927,28.51966286,24.17919159,9
element_4661,2050,260.0626951,6.11316687,125.9430229,558.9220849,320.7631939,22.31506417,0,0,1353.19867,5.06835309,22040.3,1.501734719,17.49439479,-28.26777765,71.06614431,7.242466927,28.51966286,24.17919159,9
element_4661,2051,259.7134176,6.35122559,122.364018,605.2933147,307.204938,22.31909388,0,0,1353.19867,5.06835309,22040.3,1.501734719,17.49439479,-28.26777765,71.06614431,7.242466927,28.51966286,24.17919159,9
element_4661,2052,259.6642191,6.296958819,124.3242118,564.3162023,303.7368589,22.32288733,0,0,1353.19867,5.06835309,22040.3,1.501734719,17.49439479,-28.26777765,71.06614431,7.242466927,28.51966286,24.17919159,9
element_4661,2053,259.7670526,6.318228307,125.9322625,539.0233708,309.3786193,22.32026954,0,0,1353.19867,5.06835309,22040.3,1.501734719,17.49439479,-28.26777765,71.06614431,7.242466927,28.51966286,24.17919159,9
element_4661,2054,259.6361647,6.249466697,126.2714452,533.3672209,305.5563828,22.31681366,0,0,1353.19867,5.06835309,22040.3,1.501734719,17.49439479,-28.26777765,71.06614431,7.242466927,28.51966286,24.17919159,9
element_4661,2055,259.6102232,6.256221746,125.880666,558.8822268,309.4861084,22.32472197,0,0,1353.19867,5.06835309,22040.3,1.501734719,17.49439479,-28.26777765,71.06614431,7.242466927,28.51966286,24.17919159,9
element_4661,2056,259.7845477,6.331903524,128.658796,491.8392246,308.419359,22.31693854,0,0,1353.19867,5.06835309,22040.3,1.501734719,17.49439479,-28.26777765,71.06614431,7.242466927,28.51966286,24.17919159,9
element_4661,2057,260.0143459,6.138815661,127.7170207,475.8116661,310.3507395,22.30512435,0,0,1353.19867,5.06835309,22040.3,1.501734719,17.49439479,-28.26777765,71.06614431,7.242466927,28.51966286,24.17919159,9
element_4661,2058,260.1151562,6.226324358,123.8238794,502.3521961,317.8588822,22.32850825,0,0,1353.19867,5.06835309,22040.3,1.501734719,17.49439479,-28.26777765,71.06614431,7.242466927,28.51966286,24.17919159,9
element_4661,2059,260.2618692,6.261803125,124.822224,544.6142239,316.1207003,22.33214096,0,0,1353.19867,5.06835309,22040.3,1.501734719,17.49439479,-28.26777765,71.06614431,7.242466927,28.51966286,24.17919159,9
element_4661,2060,260.3735251,6.384403889,123.605685,584.7507954,314.1921058,22.33447377,0,0,1353.19867,5.06835309,22040.3,1.501734719,17.49439479,-28.26777765,71.06614431,7.242466927,28.51966286,24.17919159,9
element_4661,2061,260.3513026,6.242454154,122.2811968,594.0403297,317.9825006,22.32283783,0,0,1353.19867,5.06835309,22040.3,1.501734719,17.49439479,-28.26777765,71.06614431,7.242466927,28.51966286,24.17919159,9
element_4661,2062,260.7920453,6.279865658,126.8955753,570.4201508,324.897366,22.33030402,0,0,1353.19867,5.06835309,22040.3,1.501734719,17.49439479,-28.26777765,71.06614431,7.242466927,28.51966286,24.17919159,9
element_4661,2063,260.6350423,6.254010206,123.4209001,524.4082936,311.3642925,22.33437624,0,0,1353.19867,5.06835309,22040.3,1.501734719,17.49439479,-28.26777765,71.06614431,7.242466927,28.51966286,24.17919159,9
element_4661,2064,260.7639388,6.21555281,125.6403478,581.8547783,321.272229,22.32250747,0,0,1353.19867,5.06835309,22040.3,1.501734719,17.49439479,-28.26777765,71.06614431,7.242466927,28.51966286,24.17919159,9
element_4661,2065,260.9598104,6.203342171,124.4467281,562.6458056,334.6755855,22.32712439,0,0,1353.19867,5.06835309,22040.3,1.501734719,17.49439479,-28.26777765,71.06614431,7.242466927,28.51966286,24.17919159,9
element_4661,2066,261.2463848,6.358217069,124.1127055,620.5946385,331.7866715,22.33058438,0,0,1353.19867,5.06835309,22040.3,1.501734719,17.49439479,-28.26777765,71.06614431,7.242466927,28.51966286,24.17919159,9
element_4661,2067,260.7445336,6.325216107,122.314496,592.8963343,329.1016501,22.34879108,0,0,1353.19867,5.06835309,22040.3,1.501734719,17.49439479,-28.26777765,71.06614431,7.242466927,28.51966286,24.17919159,9
element_4661,2068,260.6228961,6.334907891,124.6514625,566.7266077,327.8952772,22.35266363,0,0,1353.19867,5.06835309,22040.3,1.501734719,17.49439479,-28.26777765,71.06614431,7.242466927,28.51966286,24.17919159,9
element_4661,2069,261.1557279,6.180222657,124.8516515,566.4289557,331.7102157,22.32850241,0,0,1353.19867,5.06835309,22040.3,1.501734719,17.49439479,-28.26777765,71.06614431,7.242466927,28.51966286,24.17919159,9
element_4661,2070,261.6621924,6.128334266,122.7629581,738.2151243,330.0472091,22.3448692,0,0,1353.19867,5.06835309,22040.3,1.501734719,17.49439479,-28.26777765,71.06614431,7.242466927,28.51966286,24.17919159,9
element_4661,2071,260.9672834,6.166765467,123.6550839,506.3662226,328.13455,22.32956205,0,0,1353.19867,5.06835309,22040.3,1.501734719,17.49439479,-28.26777765,71.06614431,7.242466927,28.51966286,24.17919159,9
element_4661,2072,261.0761639,6.170159683,124.2137072,517.7774461,332.9503342,22.33085903,0,0,1353.19867,5.06835309,22040.3,1.501734719,17.49439479,-28.26777765,71.06614431,7.242466927,28.51966286,24.17919159,9
element_4661,2073,260.9396049,6.177548422,126.9207112,519.3115352,343.8062147,22.33687601,0,0,1353.19867,5.06835309,22040.3,1.501734719,17.49439479,-28.26777765,71.06614431,7.242466927,28.51966286,24.17919159,9
element_4661,2074,261.4501236,6.379202109,122.949526,818.6767785,320.0050567,22.34648964,0,0,1353.19867,5.06835309,22040.3,1.501734719,17.49439479,-28.26777765,71.06614431,7.242466927,28.51966286,24.17919159,9
element_4661,2075,261.6514549,6.243841519,125.1995668,594.230214,333.9300474,22.34460656,0,0,1353.19867,5.06835309,22040.3,1.501734719,17.49439479,-28.26777765,71.06614431,7.242466927,28.51966286,24.17919159,9
element_4661,2076,261.4778115,6.27391789,121.7979033,639.264963,331.306438,22.33741223,0,0,1353.19867,5.06835309,22040.3,1.501734719,17.49439479,-28.26777765,71.06614431,7.242466927,28.51966286,24.17919159,9
element_4661,2077,262.0910188,6.251007903,118.7969238,827.2616464,338.2149455,22.3309639,0,0,1353.19867,5.06835309,22040.3,1.501734719,17.49439479,-28.26777765,71.06614431,7.242466927,28.51966286,24.17919159,9
element_4661,2078,261.9239378,6.123647904,125.7799143,659.4620101,342.2267987,22.35495166,0,0,1353.19867,5.06835309,22040.3,1.501734719,17.49439479,-28.26777765,71.06614431,7.242466927,28.51966286,24.17919159,9
element_4661,2079,261.7508379,6.322357573,121.492744,724.1902057,337.3211422,22.3454013,0,0,1353.19867,5.06835309,22040.3,1.501734719,17.49439479,-28.26777765,71.06614431,7.242466927,28.51966286,24.17919159,9
element_4661,2080,261.8814985,6.17362029,123.3663163,643.5126498,338.594895,22.34039594,0,0,1353.19867,5.06835309,22040.3,1.501734719,17.49439479,-28.26777765,71.06614431,7.242466927,28.51966286,24.17919159,9
element_4661,2081,262.2937866,6.126786595,123.9441478,666.2113731,343.2192771,22.3339251,0,0,1353.19867,5.06835309,22040.3,1.501734719,17.49439479,-28.26777765,71.06614431,7.242466927,28.51966286,24.17919159,9
element_4661,2082,261.7967285,6.162033116,124.203746,572.899979,338.8292179,22.32611154,0,0,1353.19867,5.06835309,22040.3,1.501734719,17.49439479,-28.26777765,71.06614431,7.242466927,28.51966286,24.17919159,9
element_4661,2083,261.9791457,6.289074847,122.237449,641.2720134,336.6314289,22.33397969,0,0,1353.19867,5.06835309,22040.3,1.501734719,17.49439479,-28.26777765,71.06614431,7.242466927,28.51966286,24.17919159,9
element_4661,2084,261.9374215,6.104824828,121.2518075,636.2110827,341.7630325,22.33490844,0,0,1353.19867,5.06835309,22040.3,1.501734719,17.49439479,-28.26777765,71.06614431,7.242466927,28.51966286,24.17919159,9
element_4661,2085,262.2350452,6.33871655,122.5650027,602.5017342,344.9693169,22.3417191,0,0,1353.19867,5.06835309,22040.3,1.501734719,17.49439479,-28.26777765,71.06614431,7.242466927,28.51966286,24.17919159,9
element_4661,2086,261.9949333,6.248175199,122.6757045,622.3228341,346.5956656,22.33106626,0,0,1353.19867,5.06835309,22040.3,1.501734719,17.49439479,-28.26777765,71.06614431,7.242466927,28.51966286,24.17919159,9
element_4661,2087,262.0104317,6.319308455,123.5512364,573.4827819,340.2155844,22.33216293,0,0,1353.19867,5.06835309,22040.3,1.501734719,17.49439479,-28.26777765,71.06614431,7.242466927,28.51966286,24.17919159,9
element_4661,2088,261.9799028,6.213325251,125.6119752,562.1638402,355.2911976,22.34744436,0,0,1353.19867,5.06835309,22040.3,1.501734719,17.49439479,-28.26777765,71.06614431,7.242466927,28.51966286,24.17919159,9
element_4661,2089,262.1336497,6.139714142,120.5433767,639.5185032,352.8319953,22.34219614,0,0,1353.19867,5.06835309,22040.3,1.501734719,17.49439479,-28.26777765,71.06614431,7.242466927,28.51966286,24.17919159,9
element_4661,2090,261.8632685,6.351561452,122.4296505,578.9720047,349.8273984,22.34584044,0,0,1353.19867,5.06835309,22040.3,1.501734719,17.49439479,-28.26777765,71.06614431,7.242466927,28.51966286,24.17919159,9
element_4661,2091,262.1782819,6.338669269,122.9629804,650.5394045,356.5808351,22.33969315,0,0,1353.19867,5.06835309,22040.3,1.501734719,17.49439479,-28.26777765,71.06614431,7.242466927,28.51966286,24.17919159,9
element_4661,2092,262.7716152,6.264215909,121.5815845,753.7010781,360.5616175,22.3409451,0,0,1353.19867,5.06835309,22040.3,1.501734719,17.49439479,-28.26777765,71.06614431,7.242466927,28.51966286,24.17919159,9
element_4661,2093,263.0252751,6.268979155,120.765384,720.852628,372.4333634,22.35207076,0,0,1353.19867,5.06835309,22040.3,1.501734719,17.49439479,-28.26777765,71.06614431,7.242466927,28.51966286,24.17919159,9
element_4661,2094,262.1563988,6.257178234,124.4498135,546.0373955,362.7529414,22.37102743,0,0,1353.19867,5.06835309,22040.3,1.501734719,17.49439479,-28.26777765,71.06614431,7.242466927,28.51966286,24.17919159,9
element_4661,2095,262.7520065,6.221020315,120.4682703,653.7037553,362.8444217,22.35164194,0,0,1353.19867,5.06835309,22040.3,1.501734719,17.49439479,-28.26777765,71.06614431,7.242466927,28.51966286,24.17919159,9
element_4661,2096,262.249203,6.269230788,122.2328045,534.4235152,368.4699453,22.35629302,0,0,1353.19867,5.06835309,22040.3,1.501734719,17.49439479,-28.26777765,71.06614431,7.242466927,28.51966286,24.17919159,9
element_4661,2097,262.492177,6.348912363,119.998406,593.8419012,363.3172597,22.3559722,0,0,1353.19867,5.06835309,22040.3,1.501734719,17.49439479,-28.26777765,71.06614431,7.242466927,28.51966286,24.17919159,9
element_4661,2098,263.1129503,6.26343817,121.5665268,698.7696376,369.4802241,22.3564751,0,0,1353.19867,5.06835309,22040.3,1.501734719,17.49439479,-28.26777765,71.06614431,7.242466927,28.51966286,24.17919159,9
element_4661,2099,263.2220733,6.102810773,121.1279151,666.4179281,377.0495989,22.34350581,0,0,1353.19867,5.06835309,22040.3,1.501734719,17.49439479,-28.26777765,71.06614431,7.242466927,28.51966286,24.17919159,9
element_4661,2100,263.088547,6.306724031,121.7766903,610.7167064,371.3484819,22.35101893,0,0,1353.19867,5.06835309,22040.3,1.501734719,17.49439479,-28.26777765,71.06614431,7.242466927,28.51966286,24.17919159,9
element_4662,2015,253.1003049,5.490917682,132.8520324,372.6328919,205.5995038,22.29051734,0,0,2731.276887,0.37764975,35945.2,3.944314837,33.24626638,-33.45547873,70.45359501,7.242466927,52,26,9
element_4662,2016,252.9844727,5.557624938,133.4708239,352.0384692,205.3413645,22.29080225,0,0,2731.276887,0.37764975,35945.2,3.944314837,33.24626638,-33.45547873,70.45359501,7.242466927,52,26,9
element_4662,2017,252.5165171,5.665181922,134.4643555,336.0142348,206.5483758,22.29045864,0,0,2731.276887,0.37764975,35945.2,3.944314837,33.24626638,-33.45547873,70.45359501,7.242466927,52,26,9
element_4662,2018,253.2887597,5.774810283,134.7927828,402.0956024,204.0528756,22.29035896,0,0,2731.276887,0.37764975,35945.2,3.944314837,33.24626638,-33.45547873,70.45359501,7.242466927,52,26,9
element_4662,2019,252.2937416,5.576243911,133.6293271,337.2232937,192.8055105,22.2901609,0,0,2731.276887,0.37764975,35945.2,3.944314837,33.24626638,-33.45547873,70.45359501,7.242466927,52,26,9
element_4662,2020,252.5906895,5.671898387,133.5726177,389.7874049,199.1079757,22.29069239,0,0,2731.276887,0.37764975,35945.2,3.944314837,33.24626638,-33.45547873,70.45359501,7.242466927,52,26,9
element_4662,2021,252.3011245,5.695748044,132.3753786,372.0712152,190.1206589,22.29021498,0,0,2731.276887,0.37764975,35945.2,3.944314837,33.24626638,-33.45547873,70.45359501,7.242466927,52,26,9
element_4662,2022,253.2920443,5.581957578,134.1228137,346.0917223,204.9016938,22.29023548,0,0,2731.276887,0.37764975,35945.2,3.944314837,33.24626638,-33.45547873,70.45359501,7.242466927,52,26,9
element_4662,2023,253.157954,5.603781699,134.0509376,360.0648926,200.6629225,22.29051069,0,0,2731.276887,0.37764975,35945.2,3.944314837,33.24626638,-33.45547873,70.45359501,7.242466927,52,26,9
element_4662,2024,253.5472014,5.715851654,133.6559158,396.4077161,212.346286,22.29069573,0,0,2731.276887,0.37764975,35945.2,3.944314837,33.24626638,-33.45547873,70.45359501,7.242466927,52,26,9
element_4662,2025,253.8371071,5.701970101,135.1818764,371.0265702,206.9877542,22.29020997,0,0,2731.276887,0.37764975,35945.2,3.944314837,33.24626638,-33.45547873,70.45359501,7.242466927,52,26,9
element_4662,2026,253.5678551,5.670062982,132.9674193,401.5904239,198.8254077,22.29016705,0,0,2731.276887,0.37764975,35945.2,3.944314837,33.24626638,-33.45547873,70.45359501,7.242466927,52,26,9
element_4662,2027,254.0072973,5.751530577,132.3288814,394.1874149,209.9714965,22.29015934,0,0,2731.276887,0.37764975,35945.2,3.944314837,33.24626638,-33.45547873,70.45359501,7.242466927,52,26,9
element_4662,2028,253.9746789,5.733429602,132.5168039,371.2113664,209.1942199,22.29019493,0,0,2731.276887,0.37764975,35945.2,3.944314837,33.24626638,-33.45547873,70.45359501,7.242466927,52,26,9
element_4662,2029,253.7448493,5.87696602,133.9708897,390.9339173,214.989464,22.2910883,0,0,2731.276887,0.37764975,35945.2,3.944314837,33.24626638,-33.45547873,70.45359501,7.242466927,52,26,9
element_4662,2030,253.3972478,5.642465485,131.9112575,393.4781465,205.6396109,22.29057702,0,0,2731.276887,0.37764975,35945.2,3.944314837,33.24626638,-33.45547873,70.45359501,7.242466927,52,26,9
element_4662,2031,253.7095477,5.649277033,133.7673295,361.4523262,202.0538052,22.29020297,0,0,2731.276887,0.37764975,35945.2,3.944314837,33.24626638,-33.45547873,70.45359501,7.242466927,52,26,9
element_4662,2032,253.5009878,5.548017624,133.198081,361.4211358,205.2699152,22.29030698,0,0,2731.276887,0.37764975,35945.2,3.944314837,33.24626638,-33.45547873,70.45359501,7.242466927,52,26,9
element_4662,2033,253.9046033,5.780944689,131.3406825,441.3302216,208.0263017,22.29024096,0,0,2731.276887,0.37764975,35945.2,3.944314837,33.24626638,-33.45547873,70.45359501,7.242466927,52,26,9
element_4662,2034,253.856688,5.831818405,133.4529874,363.8765941,205.5157419,22.29092476,0,0,2731.276887,0.37764975,35945.2,3.944314837,33.24626638,-33.45547873,70.45359501,7.242466927,52,26,9
element_4662,2035,254.0980245,5.748554264,134.6871079,367.3480959,215.499087,22.29106621,0,0,2731.276887,0.37764975,35945.2,3.944314837,33.24626638,-33.45547873,70.45359501,7.242466927,52,26,9
element_4662,2036,253.8931745,5.701266771,133.6919367,375.3100598,214.6881297,22.29073973,0,0,2731.276887,0.37764975,35945.2,3.944314837,33.24626638,-33.45547873,70.45359501,7.242466927,52,26,9
element_4662,2037,253.6698849,5.772348977,130.2903213,432.6683199,200.6342548,22.29034477,0,0,2731.276887,0.37764975,35945.2,3.944314837,33.24626638,-33.45547873,70.45359501,7.242466927,52,26,9
element_4662,2038,253.8286514,5.598636684,132.0070323,421.0775557,206.109967,22.29038888,0,0,2731.276887,0.37764975,35945.2,3.944314837,33.24626638,-33.45547873,70.45359501,7.242466927,52,26,9
element_4662,2039,254.402487,5.594142242,133.6045652,416.4777404,215.1315866,22.29030215,0,0,2731.276887,0.37764975,35945.2,3.944314837,33.24626638,-33.45547873,70.45359501,7.242466927,52,26,9
element_4662,2040,253.5521967,5.550703546,130.0249109,456.9781838,205.0108829,22.29035923,0,0,2731.276887,0.37764975,35945.2,3.944314837,33.24626638,-33.45547873,70.45359501,7.242466927,52,26,9
element_4662,2041,253.9185064,5.539331246,131.7371205,396.1962612,212.0147043,22.29095429,0,0,2731.276887,0.37764975,35945.2,3.944314837,33.24626638,-33.45547873,70.45359501,7.242466927,52,26,9
element_4662,2042,254.4802414,5.722550422,131.9477191,421.7538123,207.54903,22.29016129,0,0,2731.276887,0.37764975,35945.2,3.944314837,33.24626638,-33.45547873,70.45359501,7.242466927,52,26,9
element_4662,2043,254.1080962,5.682661145,132.8400901,385.5895273,212.2209509,22.29033832,0,0,2731.276887,0.37764975,35945.2,3.944314837,33.24626638,-33.45547873,70.45359501,7.242466927,52,26,9
element_4662,2044,254.2332744,5.660312969,133.4419524,394.0706893,203.4842912,22.29098551,0,0,2731.276887,0.37764975,35945.2,3.944314837,33.24626638,-33.45547873,70.45359501,7.242466927,52,26,9
element_4662,2045,254.7631346,5.560337542,131.217622,448.9144645,209.7833938,22.29034999,0,0,2731.276887,0.37764975,35945.2,3.944314837,33.24626638,-33.45547873,70.45359501,7.242466927,52,26,9
element_4662,2046,254.7542906,5.815535894,132.5720732,403.7814599,220.1093677,22.29036789,0,0,2731.276887,0.37764975,35945.2,3.944314837,33.24626638,-33.45547873,70.45359501,7.242466927,52,26,9
element_4662,2047,254.5888577,5.710323971,132.4152647,383.8698599,211.4380471,22.29030211,0,0,2731.276887,0.37764975,35945.2,3.944314837,33.24626638,-33.45547873,70.45359501,7.242466927,52,26,9
element_4662,2048,254.9255386,5.656488928,131.3583482,404.2560574,220.237568,22.29056211,0,0,2731.276887,0.37764975,35945.2,3.944314837,33.24626638,-33.45547873,70.45359501,7.242466927,52,26,9
element_4662,2049,255.161487,5.686661619,131.5029278,407.4639343,213.1515725,22.29049565,0,0,2731.276887,0.37764975,35945.2,3.944314837,33.24626638,-33.45547873,70.45359501,7.242466927,52,26,9
element_4662,2050,255.4685886,5.555950344,131.9394994,445.1708686,229.817943,22.29043269,0,0,2731.276887,0.37764975,35945.2,3.944314837,33.24626638,-33.45547873,70.45359501,7.242466927,52,26,9
element_4662,2051,255.0909586,5.766652578,129.3354698,468.1865616,222.0796124,22.29039844,0,0,2731.276887,0.37764975,35945.2,3.944314837,33.24626638,-33.45547873,70.45359501,7.242466927,52,26,9
element_4662,2052,255.0554264,5.674903746,130.6179709,429.1105049,218.9394756,22.29072803,0,0,2731.276887,0.37764975,35945.2,3.944314837,33.24626638,-33.45547873,70.45359501,7.242466927,52,26,9
element_4662,2053,255.1156599,5.712864406,131.4327715,414.364322,219.6388996,22.29081177,0,0,2731.276887,0.37764975,35945.2,3.944314837,33.24626638,-33.45547873,70.45359501,7.242466927,52,26,9
element_4662,2054,254.9047181,5.810146971,131.8551619,447.6276527,219.7887974,22.29078278,0,0,2731.276887,0.37764975,35945.2,3.944314837,33.24626638,-33.45547873,70.45359501,7.242466927,52,26,9
element_4662,2055,254.9460643,5.620642076,132.105671,424.4372378,224.9574778,22.29128206,0,0,2731.276887,0.37764975,35945.2,3.944314837,33.24626638,-33.45547873,70.45359501,7.242466927,52,26,9
element_4662,2056,255.1063898,5.665279756,133.3556747,394.8180684,221.7033674,22.29173532,0,0,2731.276887,0.37764975,35945.2,3.944314837,33.24626638,-33.45547873,70.45359501,7.242466927,52,26,9
element_4662,2057,255.2031505,5.457879436,132.8181614,376.4108329,219.3112102,22.29053862,0,0,2731.276887,0.37764975,35945.2,3.944314837,33.24626638,-33.45547873,70.45359501,7.242466927,52,26,9
element_4662,2058,255.5442822,5.612429085,129.8532995,411.0702454,229.675299,22.29162042,0,0,2731.276887,0.37764975,35945.2,3.944314837,33.24626638,-33.45547873,70.45359501,7.242466927,52,26,9
element_4662,2059,255.6824783,5.769562746,129.7948935,479.253476,228.799185,22.2914489,0,0,2731.276887,0.37764975,35945.2,3.944314837,33.24626638,-33.45547873,70.45359501,7.242466927,52,26,9
element_4662,2060,255.5344482,5.764253758,130.4655373,471.598584,222.5700921,22.29172924,0,0,2731.276887,0.37764975,35945.2,3.944314837,33.24626638,-33.45547873,70.45359501,7.242466927,52,26,9
element_4662,2061,255.7032698,5.697526045,128.4408143,453.9855083,230.1332634,22.29080983,0,0,2731.276887,0.37764975,35945.2,3.944314837,33.24626638,-33.45547873,70.45359501,7.242466927,52,26,9
element_4662,2062,256.1824326,5.697383294,131.9006577,444.8969889,237.1815534,22.29396322,0,0,2731.276887,0.37764975,35945.2,3.944314837,33.24626638,-33.45547873,70.45359501,7.242466927,52,26,9
element_4662,2063,256.1393898,5.703157717,129.4293141,411.8453243,226.2719854,22.29242454,0,0,2731.276887,0.37764975,35945.2,3.944314837,33.24626638,-33.45547873,70.45359501,7.242466927,52,26,9
element_4662,2064,256.1904804,5.821652405,131.2506605,450.2217462,233.0455778,22.29138269,0,0,2731.276887,0.37764975,35945.2,3.944314837,33.24626638,-33.45547873,70.45359501,7.242466927,52,26,9
element_4662,2065,256.3531622,5.620495953,130.2251127,438.1350866,240.0640252,22.29168027,0,0,2731.276887,0.37764975,35945.2,3.944314837,33.24626638,-33.45547873,70.45359501,7.242466927,52,26,9
element_4662,2066,256.5418901,5.754218001,129.6554428,488.1531701,240.5159161,22.29161716,0,0,2731.276887,0.37764975,35945.2,3.944314837,33.24626638,-33.45547873,70.45359501,7.242466927,52,26,9
element_4662,2067,256.2211274,5.685842619,128.8182621,441.2622539,238.973743,22.29833247,0,0,2731.276887,0.37764975,35945.2,3.944314837,33.24626638,-33.45547873,70.45359501,7.242466927,52,26,9
element_4662,2068,255.9112813,5.750431092,129.5707527,433.6680736,235.4732619,22.29600627,0,0,2731.276887,0.37764975,35945.2,3.944314837,33.24626638,-33.45547873,70.45359501,7.242466927,52,26,9
element_4662,2069,256.5377826,5.662857349,129.4449429,469.305042,238.1096589,22.29179623,0,0,2731.276887,0.37764975,35945.2,3.944314837,33.24626638,-33.45547873,70.45359501,7.242466927,52,26,9
element_4662,2070,257.0542616,5.583370322,127.9744288,577.1206642,236.9233188,22.29504831,0,0,2731.276887,0.37764975,35945.2,3.944314837,33.24626638,-33.45547873,70.45359501,7.242466927,52,26,9
element_4662,2071,256.2347195,5.584296728,130.2703643,417.1127924,236.718319,22.29113456,0,0,2731.276887,0.37764975,35945.2,3.944314837,33.24626638,-33.45547873,70.45359501,7.242466927,52,26,9
element_4662,2072,256.3965327,5.633938787,130.1000371,421.2500009,238.6653825,22.29141416,0,0,2731.276887,0.37764975,35945.2,3.944314837,33.24626638,-33.45547873,70.45359501,7.242466927,52,26,9
element_4662,2073,256.4887358,5.687270342,132.4280213,424.4104306,251.5253798,22.29190074,0,0,2731.276887,0.37764975,35945.2,3.944314837,33.24626638,-33.45547873,70.45359501,7.242466927,52,26,9
element_4662,2074,256.7206764,5.755900613,129.2399142,593.4858175,233.261393,22.29709161,0,0,2731.276887,0.37764975,35945.2,3.944314837,33.24626638,-33.45547873,70.45359501,7.242466927,52,26,9
element_4662,2075,257.0544657,5.688004682,130.8045342,471.4381872,237.4708007,22.29722377,0,0,2731.276887,0.37764975,35945.2,3.944314837,33.24626638,-33.45547873,70.45359501,7.242466927,52,26,9
element_4662,2076,256.7396733,5.718351861,128.4847529,492.8149149,241.6573406,22.29210241,0,0,2731.276887,0.37764975,35945.2,3.944314837,33.24626638,-33.45547873,70.45359501,7.242466927,52,26,9
element_4662,2077,257.4920473,5.658594717,125.3476286,598.5757555,247.2894099,22.29160838,0,0,2731.276887,0.37764975,35945.2,3.944314837,33.24626638,-33.45547873,70.45359501,7.242466927,52,26,9
element_4662,2078,257.4041499,5.520624878,130.7464874,525.8294843,248.6937181,22.29771366,0,0,2731.276887,0.37764975,35945.2,3.944314837,33.24626638,-33.45547873,70.45359501,7.242466927,52,26,9
element_4662,2079,257.0360816,5.699933892,127.9922082,540.8999245,243.532264,22.29298061,0,0,2731.276887,0.37764975,35945.2,3.944314837,33.24626638,-33.45547873,70.45359501,7.242466927,52,26,9
element_4662,2080,257.3581293,5.671071418,128.6312596,530.8537928,243.8032867,22.29228255,0,0,2731.276887,0.37764975,35945.2,3.944314837,33.24626638,-33.45547873,70.45359501,7.242466927,52,26,9
element_4662,2081,257.707994,5.697728084,129.0109223,550.1944416,249.0883565,22.29227016,0,0,2731.276887,0.37764975,35945.2,3.944314837,33.24626638,-33.45547873,70.45359501,7.242466927,52,26,9
element_4662,2082,257.2310657,5.604781854,129.8421785,452.4874905,249.8692588,22.29150591,0,0,2731.276887,0.37764975,35945.2,3.944314837,33.24626638,-33.45547873,70.45359501,7.242466927,52,26,9
element_4662,2083,257.2283311,5.681348077,128.0374638,506.4301223,245.2342058,22.29237319,0,0,2731.276887,0.37764975,35945.2,3.944314837,33.24626638,-33.45547873,70.45359501,7.242466927,52,26,9
element_4662,2084,257.4204877,5.579563534,126.6829851,538.2555253,246.0442318,22.29373508,0,0,2731.276887,0.37764975,35945.2,3.944314837,33.24626638,-33.45547873,70.45359501,7.242466927,52,26,9
element_4662,2085,257.5319408,5.713260319,128.692795,459.5805498,251.2387457,22.29446278,0,0,2731.276887,0.37764975,35945.2,3.944314837,33.24626638,-33.45547873,70.45359501,7.242466927,52,26,9
element_4662,2086,257.4129517,5.726144553,128.6194673,496.8742081,250.2287917,22.2904504,0,0,2731.276887,0.37764975,35945.2,3.944314837,33.24626638,-33.45547873,70.45359501,7.242466927,52,26,9
element_4662,2087,257.2518761,5.730982319,129.3621463,463.8165685,245.2612478,22.291419,0,0,2731.276887,0.37764975,35945.2,3.944314837,33.24626638,-33.45547873,70.45359501,7.242466927,52,26,9
element_4662,2088,257.3339326,5.597175101,129.9837024,454.2568304,253.5313687,22.30183742,0,0,2731.276887,0.37764975,35945.2,3.944314837,33.24626638,-33.45547873,70.45359501,7.242466927,52,26,9
element_4662,2089,257.5317362,5.572964575,125.8738775,514.7132554,253.5589589,22.29544922,0,0,2731.276887,0.37764975,35945.2,3.944314837,33.24626638,-33.45547873,70.45359501,7.242466927,52,26,9
element_4662,2090,257.1396593,5.720291235,128.0702964,476.5982861,249.0368052,22.29923198,0,0,2731.276887,0.37764975,35945.2,3.944314837,33.24626638,-33.45547873,70.45359501,7.242466927,52,26,9
element_4662,2091,257.3540237,5.724070508,128.5168683,503.7823139,257.7891601,22.29413201,0,0,2731.276887,0.37764975,35945.2,3.944314837,33.24626638,-33.45547873,70.45359501,7.242466927,52,26,9
element_4662,2092,258.0024304,5.619143084,127.6375818,573.3000567,257.0989173,22.29412797,0,0,2731.276887,0.37764975,35945.2,3.944314837,33.24626638,-33.45547873,70.45359501,7.242466927,52,26,9
element_4662,2093,258.292088,5.694978954,127.1319453,557.3345272,271.9801588,22.29883219,0,0,2731.276887,0.37764975,35945.2,3.944314837,33.24626638,-33.45547873,70.45359501,7.242466927,52,26,9
element_4662,2094,257.4825114,5.733752499,129.5690214,430.6647531,264.7051997,22.30698576,0,0,2731.276887,0.37764975,35945.2,3.944314837,33.24626638,-33.45547873,70.45359501,7.242466927,52,26,9
element_4662,2095,258.1341798,5.696489142,126.0295273,502.5879553,260.2234426,22.29582852,0,0,2731.276887,0.37764975,35945.2,3.944314837,33.24626638,-33.45547873,70.45359501,7.242466927,52,26,9
element_4662,2096,257.5720929,5.721049153,127.437254,471.1776593,265.8331542,22.29807605,0,0,2731.276887,0.37764975,35945.2,3.944314837,33.24626638,-33.45547873,70.45359501,7.242466927,52,26,9
element_4662,2097,257.7361505,5.782938761,126.7611988,457.0799371,259.475992,22.29910293,0,0,2731.276887,0.37764975,35945.2,3.944314837,33.24626638,-33.45547873,70.45359501,7.242466927,52,26,9
element_4662,2098,258.5600054,5.756215956,126.9222521,559.2454377,270.6196101,22.30153317,0,0,2731.276887,0.37764975,35945.2,3.944314837,33.24626638,-33.45547873,70.45359501,7.242466927,52,26,9
element_4662,2099,258.6461078,5.49591144,127.4259378,476.6344301,275.3828601,22.29479668,0,0,2731.276887,0.37764975,35945.2,3.944314837,33.24626638,-33.45547873,70.45359501,7.242466927,52,26,9
element_4662,2100,258.4744888,5.678591248,127.3711935,470.9704808,270.4441948,22.29639093,0,0,2731.276887,0.37764975,35945.2,3.944314837,33.24626638,-33.45547873,70.45359501,7.242466927,52,26,9
element_4664,2015,259.8444171,6.128813911,124.8650459,681.263951,291.5569289,25.53078045,0,0,2080.194744,1.637546181,12513.5,2.253726717,26.18378301,-30.73595599,69.29272939,5.893571377,61,30.5,9
element_4664,2016,259.6190194,6.098240368,125.4375679,624.9502799,287.8150434,25.53992521,0,0,2080.194744,1.637546181,12513.5,2.253726717,26.18378301,-30.73595599,69.29272939,5.893571377,61,30.5,9
element_4664,2017,259.3141692,6.094994796,127.9504337,588.1953757,290.5909352,25.53094673,0,0,2080.194744,1.637546181,12513.5,2.253726717,26.18378301,-30.73595599,69.29272939,5.893571377,61,30.5,9
element_4664,2018,260.0968189,6.248315011,128.4892948,693.9856334,292.3347899,25.5286583,0,0,2080.194744,1.637546181,12513.5,2.253726717,26.18378301,-30.73595599,69.29272939,5.893571377,61,30.5,9
element_4664,2019,259.4575842,6.283761172,126.5492391,569.0313593,280.2821751,25.52107068,0,0,2080.194744,1.637546181,12513.5,2.253726717,26.18378301,-30.73595599,69.29272939,5.893571377,61,30.5,9
element_4664,2020,259.6445589,6.239486014,126.7012097,680.4689682,282.6332823,25.53378514,0,0,2080.194744,1.637546181,12513.5,2.253726717,26.18378301,-30.73595599,69.29272939,5.893571377,61,30.5,9
element_4664,2021,259.3882738,6.297011098,124.5697382,639.8078659,275.8554314,25.52336939,0,0,2080.194744,1.637546181,12513.5,2.253726717,26.18378301,-30.73595599,69.29272939,5.893571377,61,30.5,9
element_4664,2022,260.3513641,6.187168736,126.0912039,625.4459382,294.4558853,25.524244,0,0,2080.194744,1.637546181,12513.5,2.253726717,26.18378301,-30.73595599,69.29272939,5.893571377,61,30.5,9
element_4664,2023,260.1028399,6.210156006,126.440614,639.1314742,284.5070769,25.53409637,0,0,2080.194744,1.637546181,12513.5,2.253726717,26.18378301,-30.73595599,69.29272939,5.893571377,61,30.5,9
element_4664,2024,260.5025926,6.360409174,126.5374702,680.5951055,299.3283675,25.53598814,0,0,2080.194744,1.637546181,12513.5,2.253726717,26.18378301,-30.73595599,69.29272939,5.893571377,61,30.5,9
element_4664,2025,260.8594401,6.113934095,127.5109504,639.6191656,295.9273449,25.5231399,0,0,2080.194744,1.637546181,12513.5,2.253726717,26.18378301,-30.73595599,69.29272939,5.893571377,61,30.5,9
element_4664,2026,260.510832,6.222919633,125.3029567,708.9289684,287.1963456,25.52172396,0,0,2080.194744,1.637546181,12513.5,2.253726717,26.18378301,-30.73595599,69.29272939,5.893571377,61,30.5,9
element_4664,2027,260.7871856,6.168162248,125.3492255,646.4241558,297.7370842,25.52067534,0,0,2080.194744,1.637546181,12513.5,2.253726717,26.18378301,-30.73595599,69.29272939,5.893571377,61,30.5,9
element_4664,2028,260.8933226,6.189740294,124.9707477,633.5053724,297.9243108,25.52303846,0,0,2080.194744,1.637546181,12513.5,2.253726717,26.18378301,-30.73595599,69.29272939,5.893571377,61,30.5,9
element_4664,2029,260.6533565,6.303284377,127.2625105,634.4173809,307.0519629,25.54084664,0,0,2080.194744,1.637546181,12513.5,2.253726717,26.18378301,-30.73595599,69.29272939,5.893571377,61,30.5,9
element_4664,2030,260.2645743,6.097195518,124.5493557,694.9095586,294.2435088,25.53614998,0,0,2080.194744,1.637546181,12513.5,2.253726717,26.18378301,-30.73595599,69.29272939,5.893571377,61,30.5,9
element_4664,2031,260.6674306,6.125142263,126.7591252,625.9658412,290.9802876,25.52305601,0,0,2080.194744,1.637546181,12513.5,2.253726717,26.18378301,-30.73595599,69.29272939,5.893571377,61,30.5,9
element_4664,2032,260.3864666,6.137237561,125.1022567,632.1400258,293.0165866,25.5266511,0,0,2080.194744,1.637546181,12513.5,2.253726717,26.18378301,-30.73595599,69.29272939,5.893571377,61,30.5,9
element_4664,2033,260.7000561,6.235237883,123.5046516,765.8177741,298.1891402,25.52437974,0,0,2080.194744,1.637546181,12513.5,2.253726717,26.18378301,-30.73595599,69.29272939,5.893571377,61,30.5,9
element_4664,2034,260.7466685,6.297165404,126.7240948,598.8771323,295.4726899,25.53807995,0,0,2080.194744,1.637546181,12513.5,2.253726717,26.18378301,-30.73595599,69.29272939,5.893571377,61,30.5,9
element_4664,2035,261.0164325,6.243326925,127.0028446,642.5725334,309.9636913,25.54233144,0,0,2080.194744,1.637546181,12513.5,2.253726717,26.18378301,-30.73595599,69.29272939,5.893571377,61,30.5,9
element_4664,2036,260.6487709,6.117088613,126.3088078,642.9077416,305.8414423,25.53216677,0,0,2080.194744,1.637546181,12513.5,2.253726717,26.18378301,-30.73595599,69.29272939,5.893571377,61,30.5,9
element_4664,2037,260.4559618,6.283434854,122.662258,725.2893365,284.7077265,25.52813721,0,0,2080.194744,1.637546181,12513.5,2.253726717,26.18378301,-30.73595599,69.29272939,5.893571377,61,30.5,9
element_4664,2038,260.9056811,6.293923648,124.0932433,722.4061555,296.1497459,25.52831638,0,0,2080.194744,1.637546181,12513.5,2.253726717,26.18378301,-30.73595599,69.29272939,5.893571377,61,30.5,9
element_4664,2039,261.3362125,6.114378909,126.7618241,692.7979455,306.0363881,25.52621633,0,0,2080.194744,1.637546181,12513.5,2.253726717,26.18378301,-30.73595599,69.29272939,5.893571377,61,30.5,9
element_4664,2040,260.6202946,6.199181099,122.023703,753.9634536,292.5988937,25.52914378,0,0,2080.194744,1.637546181,12513.5,2.253726717,26.18378301,-30.73595599,69.29272939,5.893571377,61,30.5,9
element_4664,2041,260.801009,6.140801884,124.6255544,669.0392851,301.0535512,25.54356284,0,0,2080.194744,1.637546181,12513.5,2.253726717,26.18378301,-30.73595599,69.29272939,5.893571377,61,30.5,9
element_4664,2042,261.2611082,6.299038991,125.0995814,708.4518578,297.4730552,25.52083225,0,0,2080.194744,1.637546181,12513.5,2.253726717,26.18378301,-30.73595599,69.29272939,5.893571377,61,30.5,9
element_4664,2043,261.0572831,6.116474737,125.8024744,660.0944186,302.6362076,25.52787663,0,0,2080.194744,1.637546181,12513.5,2.253726717,26.18378301,-30.73595599,69.29272939,5.893571377,61,30.5,9
element_4664,2044,261.1147148,6.235087515,127.2532127,694.6312307,292.8814597,25.53894824,0,0,2080.194744,1.637546181,12513.5,2.253726717,26.18378301,-30.73595599,69.29272939,5.893571377,61,30.5,9
element_4664,2045,261.7888651,6.253608261,123.1282699,797.7993335,302.6600776,25.52826909,0,0,2080.194744,1.637546181,12513.5,2.253726717,26.18378301,-30.73595599,69.29272939,5.893571377,61,30.5,9
element_4664,2046,261.4459507,6.108475369,125.7565178,660.7133076,312.6203246,25.52889056,0,0,2080.194744,1.637546181,12513.5,2.253726717,26.18378301,-30.73595599,69.29272939,5.893571377,61,30.5,9
element_4664,2047,261.5105418,6.124134882,124.7706801,665.824045,303.867284,25.52610334,0,0,2080.194744,1.637546181,12513.5,2.253726717,26.18378301,-30.73595599,69.29272939,5.893571377,61,30.5,9
element_4664,2048,261.8060133,6.238227091,123.8115153,699.3579423,312.2807506,25.53391992,0,0,2080.194744,1.637546181,12513.5,2.253726717,26.18378301,-30.73595599,69.29272939,5.893571377,61,30.5,9
element_4664,2049,262.0848485,6.236136713,123.2487851,691.8273755,302.8869597,25.53143599,0,0,2080.194744,1.637546181,12513.5,2.253726717,26.18378301,-30.73595599,69.29272939,5.893571377,61,30.5,9
element_4664,2050,262.3751736,6.132373593,124.2939963,815.0195459,326.3807796,25.53158328,0,0,2080.194744,1.637546181,12513.5,2.253726717,26.18378301,-30.73595599,69.29272939,5.893571377,61,30.5,9
element_4664,2051,262.0152878,6.332316954,120.6435134,741.6901615,317.29902,25.52984984,0,0,2080.194744,1.637546181,12513.5,2.253726717,26.18378301,-30.73595599,69.29272939,5.893571377,61,30.5,9
element_4664,2052,261.9762344,6.249853404,123.0200424,704.0560737,311.6842309,25.53870997,0,0,2080.194744,1.637546181,12513.5,2.253726717,26.18378301,-30.73595599,69.29272939,5.893571377,61,30.5,9
element_4664,2053,262.0895,6.1426068,123.791712,709.1303479,317.143196,25.5369105,0,0,2080.194744,1.637546181,12513.5,2.253726717,26.18378301,-30.73595599,69.29272939,5.893571377,61,30.5,9
element_4664,2054,261.9555429,6.309629795,123.6630445,802.5953627,310.1565585,25.53541802,0,0,2080.194744,1.637546181,12513.5,2.253726717,26.18378301,-30.73595599,69.29272939,5.893571377,61,30.5,9
element_4664,2055,261.9161079,6.138295231,124.863924,712.2767806,320.9617344,25.54189286,0,0,2080.194744,1.637546181,12513.5,2.253726717,26.18378301,-30.73595599,69.29272939,5.893571377,61,30.5,9
element_4664,2056,262.1392126,6.238170494,126.2599904,645.5168118,317.1205408,25.55339718,0,0,2080.194744,1.637546181,12513.5,2.253726717,26.18378301,-30.73595599,69.29272939,5.893571377,61,30.5,9
element_4664,2057,262.4144813,6.059075007,125.5248253,641.846397,313.796552,25.53540705,0,0,2080.194744,1.637546181,12513.5,2.253726717,26.18378301,-30.73595599,69.29272939,5.893571377,61,30.5,9
element_4664,2058,262.5082648,6.200464857,121.0556069,697.2093264,322.7331129,25.55160427,0,0,2080.194744,1.637546181,12513.5,2.253726717,26.18378301,-30.73595599,69.29272939,5.893571377,61,30.5,9
element_4664,2059,262.562536,6.22457806,121.5259479,806.8988869,324.7011057,25.54786789,0,0,2080.194744,1.637546181,12513.5,2.253726717,26.18378301,-30.73595599,69.29272939,5.893571377,61,30.5,9
element_4664,2060,262.6025972,6.24418968,122.6616697,766.1788083,322.9278556,25.55208919,0,0,2080.194744,1.637546181,12513.5,2.253726717,26.18378301,-30.73595599,69.29272939,5.893571377,61,30.5,9
element_4664,2061,262.7231165,6.246656414,119.4258861,760.4443317,325.2768776,25.54363443,0,0,2080.194744,1.637546181,12513.5,2.253726717,26.18378301,-30.73595599,69.29272939,5.893571377,61,30.5,9
element_4664,2062,263.283133,6.335582508,123.2446765,741.516683,335.4281512,25.55708775,0,0,2080.194744,1.637546181,12513.5,2.253726717,26.18378301,-30.73595599,69.29272939,5.893571377,61,30.5,9
element_4664,2063,262.9952845,6.10896892,121.635316,678.6905934,321.1849817,25.55534987,0,0,2080.194744,1.637546181,12513.5,2.253726717,26.18378301,-30.73595599,69.29272939,5.893571377,61,30.5,9
element_4664,2064,263.0885176,6.179216847,122.915152,776.571687,330.034109,25.54703075,0,0,2080.194744,1.637546181,12513.5,2.253726717,26.18378301,-30.73595599,69.29272939,5.893571377,61,30.5,9
element_4664,2065,263.2636598,6.127743002,122.4500961,757.1519652,337.4206318,25.55101059,0,0,2080.194744,1.637546181,12513.5,2.253726717,26.18378301,-30.73595599,69.29272939,5.893571377,61,30.5,9
element_4664,2066,263.5037043,6.216473182,122.0568595,809.1949668,341.3213009,25.55472957,0,0,2080.194744,1.637546181,12513.5,2.253726717,26.18378301,-30.73595599,69.29272939,5.893571377,61,30.5,9
element_4664,2067,263.1089911,6.252706951,120.6575773,733.2743805,337.324413,25.57170017,0,0,2080.194744,1.637546181,12513.5,2.253726717,26.18378301,-30.73595599,69.29272939,5.893571377,61,30.5,9
element_4664,2068,262.9382997,6.225101661,121.6549582,731.6519273,333.4955211,25.56702699,0,0,2080.194744,1.637546181,12513.5,2.253726717,26.18378301,-30.73595599,69.29272939,5.893571377,61,30.5,9
element_4664,2069,263.5008949,6.10079296,121.5990094,814.666282,336.8456766,25.55483411,0,0,2080.194744,1.637546181,12513.5,2.253726717,26.18378301,-30.73595599,69.29272939,5.893571377,61,30.5,9
element_4664,2070,263.9439661,6.0990591,118.7158472,956.4044596,336.9945248,25.56552607,0,0,2080.194744,1.637546181,12513.5,2.253726717,26.18378301,-30.73595599,69.29272939,5.893571377,61,30.5,9
element_4664,2071,263.4326351,6.285175238,120.5832608,716.5728859,335.1434848,25.54199469,0,0,2080.194744,1.637546181,12513.5,2.253726717,26.18378301,-30.73595599,69.29272939,5.893571377,61,30.5,9
element_4664,2072,263.4072176,6.052988039,122.276929,719.9015628,338.8991345,25.55148,0,0,2080.194744,1.637546181,12513.5,2.253726717,26.18378301,-30.73595599,69.29272939,5.893571377,61,30.5,9
element_4664,2073,263.4447806,6.043125581,124.8205721,725.7310131,354.3145587,25.55764069,0,0,2080.194744,1.637546181,12513.5,2.253726717,26.18378301,-30.73595599,69.29272939,5.893571377,61,30.5,9
element_4664,2074,263.6742557,6.39550504,120.448864,943.5325796,328.9737861,25.57157467,0,0,2080.194744,1.637546181,12513.5,2.253726717,26.18378301,-30.73595599,69.29272939,5.893571377,61,30.5,9
element_4664,2075,264.1017779,6.207847175,123.3695424,803.4858079,339.2559078,25.57664088,0,0,2080.194744,1.637546181,12513.5,2.253726717,26.18378301,-30.73595599,69.29272939,5.893571377,61,30.5,9
element_4664,2076,263.8408262,6.259577089,120.2199306,833.763925,340.8657443,25.55511402,0,0,2080.194744,1.637546181,12513.5,2.253726717,26.18378301,-30.73595599,69.29272939,5.893571377,61,30.5,9
element_4664,2077,264.4705562,6.286712647,116.6623111,983.2157372,347.098518,25.55336262,0,0,2080.194744,1.637546181,12513.5,2.253726717,26.18378301,-30.73595599,69.29272939,5.893571377,61,30.5,9
element_4664,2078,264.4174269,6.106083647,123.2572133,852.6228559,350.7943485,25.57382707,0,0,2080.194744,1.637546181,12513.5,2.253726717,26.18378301,-30.73595599,69.29272939,5.893571377,61,30.5,9
element_4664,2079,264.2390688,6.279167565,118.6107008,898.78096,343.6410469,25.56604507,0,0,2080.194744,1.637546181,12513.5,2.253726717,26.18378301,-30.73595599,69.29272939,5.893571377,61,30.5,9
element_4664,2080,264.4084863,6.201565716,119.6253113,849.1908059,344.9201319,25.56346537,0,0,2080.194744,1.637546181,12513.5,2.253726717,26.18378301,-30.73595599,69.29272939,5.893571377,61,30.5,9
element_4664,2081,264.5744579,6.181053589,121.7309497,888.2959285,349.0499323,25.55792719,0,0,2080.194744,1.637546181,12513.5,2.253726717,26.18378301,-30.73595599,69.29272939,5.893571377,61,30.5,9
element_4664,2082,264.2534903,6.042869492,122.875876,739.1177031,351.170832,25.5488582,0,0,2080.194744,1.637546181,12513.5,2.253726717,26.18378301,-30.73595599,69.29272939,5.893571377,61,30.5,9
element_4664,2083,264.3381805,6.279781043,119.7468895,867.0733276,345.4764495,25.55352214,0,0,2080.194744,1.637546181,12513.5,2.253726717,26.18378301,-30.73595599,69.29272939,5.893571377,61,30.5,9
element_4664,2084,264.4610131,6.07025969,117.5231135,895.9020545,350.6822534,25.56145696,0,0,2080.194744,1.637546181,12513.5,2.253726717,26.18378301,-30.73595599,69.29272939,5.893571377,61,30.5,9
element_4664,2085,264.6611405,6.280883744,120.2237878,773.564443,357.3093221,25.56502702,0,0,2080.194744,1.637546181,12513.5,2.253726717,26.18378301,-30.73595599,69.29272939,5.893571377,61,30.5,9
element_4664,2086,264.3807189,6.211603068,120.9487183,804.3794299,355.5255478,25.52928062,0,0,2080.194744,1.637546181,12513.5,2.253726717,26.18378301,-30.73595599,69.29272939,5.893571377,61,30.5,9
element_4664,2087,264.3975984,6.305483817,120.8992006,739.6068204,348.0499184,25.54721598,0,0,2080.194744,1.637546181,12513.5,2.253726717,26.18378301,-30.73595599,69.29272939,5.893571377,61,30.5,9
element_4664,2088,264.4627572,6.192609785,122.0723471,777.5504155,360.6836108,25.57760034,0,0,2080.194744,1.637546181,12513.5,2.253726717,26.18378301,-30.73595599,69.29272939,5.893571377,61,30.5,9
element_4664,2089,264.5272447,6.062907624,118.1934436,824.3247867,357.4404898,25.5681005,0,0,2080.194744,1.637546181,12513.5,2.253726717,26.18378301,-30.73595599,69.29272939,5.893571377,61,30.5,9
element_4664,2090,264.2317403,6.216676503,119.2115432,760.5911724,355.2043941,25.57874254,0,0,2080.194744,1.637546181,12513.5,2.253726717,26.18378301,-30.73595599,69.29272939,5.893571377,61,30.5,9
element_4664,2091,264.5643261,6.195854143,120.5250294,826.2064232,365.8147326,25.56378838,0,0,2080.194744,1.637546181,12513.5,2.253726717,26.18378301,-30.73595599,69.29272939,5.893571377,61,30.5,9
element_4664,2092,265.1104097,6.197761217,119.606583,963.1551659,367.3557639,25.56636327,0,0,2080.194744,1.637546181,12513.5,2.253726717,26.18378301,-30.73595599,69.29272939,5.893571377,61,30.5,9
element_4664,2093,265.3129682,6.21474471,119.2390091,870.8598618,380.259649,25.57921105,0,0,2080.194744,1.637546181,12513.5,2.253726717,26.18378301,-30.73595599,69.29272939,5.893571377,61,30.5,9
element_4664,2094,264.6413859,6.143766519,122.0864766,701.0702635,372.6637033,25.59177812,0,0,2080.194744,1.637546181,12513.5,2.253726717,26.18378301,-30.73595599,69.29272939,5.893571377,61,30.5,9
element_4664,2095,265.1845685,6.167347821,115.9076262,843.9663402,368.8141693,25.56948907,0,0,2080.194744,1.637546181,12513.5,2.253726717,26.18378301,-30.73595599,69.29272939,5.893571377,61,30.5,9
element_4664,2096,264.7905703,6.223415377,119.0113339,771.9676605,375.1121048,25.57535771,0,0,2080.194744,1.637546181,12513.5,2.253726717,26.18378301,-30.73595599,69.29272939,5.893571377,61,30.5,9
element_4664,2097,264.8141647,6.281383263,118.3253547,768.8134819,365.3605571,25.57743148,0,0,2080.194744,1.637546181,12513.5,2.253726717,26.18378301,-30.73595599,69.29272939,5.893571377,61,30.5,9
element_4664,2098,265.5096768,6.210785829,118.6305087,883.2524138,380.9309903,25.58502438,0,0,2080.194744,1.637546181,12513.5,2.253726717,26.18378301,-30.73595599,69.29272939,5.893571377,61,30.5,9
element_4664,2099,265.6008526,6.038224871,119.1418101,802.0261743,384.2398502,25.57152937,0,0,2080.194744,1.637546181,12513.5,2.253726717,26.18378301,-30.73595599,69.29272939,5.893571377,61,30.5,9
element_4664,2100,265.4043786,6.18805854,119.4961054,738.9785862,381.519223,25.57063275,0,0,2080.194744,1.637546181,12513.5,2.253726717,26.18378301,-30.73595599,69.29272939,5.893571377,61,30.5,9
element_4665,2015,260.8117163,6.222957324,123.4241283,754.9026242,302.2603138,25.39662721,0,0,1390.707327,3.299325452,9138.2,1.499207998,22.09147661,-31.65335013,68.6939593,8,55,27.5,9
element_4665,2016,260.5614141,6.146286801,123.6765775,697.1819916,299.0925405,25.41076587,0,0,1390.707327,3.299325452,9138.2,1.499207998,22.09147661,-31.65335013,68.6939593,8,55,27.5,9
element_4665,2017,260.2468844,6.134520606,126.5990607,650.1808294,301.0439877,25.39696879,0,0,1390.707327,3.299325452,9138.2,1.499207998,22.09147661,-31.65335013,68.6939593,8,55,27.5,9
element_4665,2018,261.0461028,6.309625016,126.8255107,764.8844295,304.9513405,25.39365791,0,0,1390.707327,3.299325452,9138.2,1.499207998,22.09147661,-31.65335013,68.6939593,8,55,27.5,9
element_4665,2019,260.4405761,6.342508169,124.9490587,630.1387527,292.7083902,25.38418436,0,0,1390.707327,3.299325452,9138.2,1.499207998,22.09147661,-31.65335013,68.6939593,8,55,27.5,9
element_4665,2020,260.6370582,6.304413661,125.1168054,752.5476827,295.2800544,25.39965337,0,0,1390.707327,3.299325452,9138.2,1.499207998,22.09147661,-31.65335013,68.6939593,8,55,27.5,9
element_4665,2021,260.3864768,6.352448343,123.1065221,699.3446219,289.0957119,25.38738815,0,0,1390.707327,3.299325452,9138.2,1.499207998,22.09147661,-31.65335013,68.6939593,8,55,27.5,9
element_4665,2022,261.3573802,6.255168226,124.5138007,697.4751803,307.6045941,25.38693484,0,0,1390.707327,3.299325452,9138.2,1.499207998,22.09147661,-31.65335013,68.6939593,8,55,27.5,9
element_4665,2023,261.1102462,6.27952853,124.6827698,705.0574521,295.7466466,25.40072112,0,0,1390.707327,3.299325452,9138.2,1.499207998,22.09147661,-31.65335013,68.6939593,8,55,27.5,9
element_4665,2024,261.5106173,6.418438411,125.1213472,750.899749,312.0368038,25.40295282,0,0,1390.707327,3.299325452,9138.2,1.499207998,22.09147661,-31.65335013,68.6939593,8,55,27.5,9
element_4665,2025,261.9049135,6.158727798,125.8078711,717.0052231,309.3675457,25.38662301,0,0,1390.707327,3.299325452,9138.2,1.499207998,22.09147661,-31.65335013,68.6939593,8,55,27.5,9
element_4665,2026,261.4815441,6.290968769,123.6086688,782.597324,299.371937,25.38630375,0,0,1390.707327,3.299325452,9138.2,1.499207998,22.09147661,-31.65335013,68.6939593,8,55,27.5,9
element_4665,2027,261.7242137,6.21960106,123.9011461,703.4079456,308.6761052,25.3822495,0,0,1390.707327,3.299325452,9138.2,1.499207998,22.09147661,-31.65335013,68.6939593,8,55,27.5,9
element_4665,2028,261.8793401,6.219368868,123.4690197,688.8359586,310.1811741,25.38678911,0,0,1390.707327,3.299325452,9138.2,1.499207998,22.09147661,-31.65335013,68.6939593,8,55,27.5,9
element_4665,2029,261.6393397,6.32935247,125.8849736,683.483823,319.733856,25.41058642,0,0,1390.707327,3.299325452,9138.2,1.499207998,22.09147661,-31.65335013,68.6939593,8,55,27.5,9
element_4665,2030,261.2220278,6.141326578,122.8600041,767.9475739,307.8472029,25.40376088,0,0,1390.707327,3.299325452,9138.2,1.499207998,22.09147661,-31.65335013,68.6939593,8,55,27.5,9
element_4665,2031,261.649677,6.181691965,125.1457639,692.9551035,303.5502932,25.38663812,0,0,1390.707327,3.299325452,9138.2,1.499207998,22.09147661,-31.65335013,68.6939593,8,55,27.5,9
element_4665,2032,261.3731425,6.200703031,123.2663692,697.0014227,306.4884925,25.39161597,0,0,1390.707327,3.299325452,9138.2,1.499207998,22.09147661,-31.65335013,68.6939593,8,55,27.5,9
element_4665,2033,261.6670868,6.295893746,121.7306513,845.3501974,310.947848,25.38745918,0,0,1390.707327,3.299325452,9138.2,1.499207998,22.09147661,-31.65335013,68.6939593,8,55,27.5,9
element_4665,2034,261.7354838,6.344976232,125.2185244,657.5200218,307.8293273,25.40762966,0,0,1390.707327,3.299325452,9138.2,1.499207998,22.09147661,-31.65335013,68.6939593,8,55,27.5,9
element_4665,2035,262.0018953,6.283166088,125.3793581,710.8673211,323.4048663,25.41210309,0,0,1390.707327,3.299325452,9138.2,1.499207998,22.09147661,-31.65335013,68.6939593,8,55,27.5,9
element_4665,2036,261.6190704,6.155982903,124.5870472,711.918185,318.6515561,25.39754866,0,0,1390.707327,3.299325452,9138.2,1.499207998,22.09147661,-31.65335013,68.6939593,8,55,27.5,9
element_4665,2037,261.4071385,6.341240475,121.2414564,798.8427886,296.6392677,25.39198191,0,0,1390.707327,3.299325452,9138.2,1.499207998,22.09147661,-31.65335013,68.6939593,8,55,27.5,9
element_4665,2038,261.8925293,6.385505197,122.2668016,791.601797,308.0247335,25.39277237,0,0,1390.707327,3.299325452,9138.2,1.499207998,22.09147661,-31.65335013,68.6939593,8,55,27.5,9
element_4665,2039,262.2726871,6.174800418,125.0242177,756.8325927,318.5015786,25.39050108,0,0,1390.707327,3.299325452,9138.2,1.499207998,22.09147661,-31.65335013,68.6939593,8,55,27.5,9
element_4665,2040,261.608333,6.26341562,120.250231,821.8214932,305.6574538,25.39448664,0,0,1390.707327,3.299325452,9138.2,1.499207998,22.09147661,-31.65335013,68.6939593,8,55,27.5,9
element_4665,2041,261.7555339,6.206548847,122.8770426,738.7421101,312.9598474,25.41411789,0,0,1390.707327,3.299325452,9138.2,1.499207998,22.09147661,-31.65335013,68.6939593,8,55,27.5,9
element_4665,2042,262.2166747,6.36503031,123.7149161,776.7827774,309.3004389,25.38265566,0,0,1390.707327,3.299325452,9138.2,1.499207998,22.09147661,-31.65335013,68.6939593,8,55,27.5,9
element_4665,2043,262.0414853,6.167602995,124.3793221,729.2799903,315.504083,25.39212167,0,0,1390.707327,3.299325452,9138.2,1.499207998,22.09147661,-31.65335013,68.6939593,8,55,27.5,9
element_4665,2044,262.0912224,6.307750381,125.7772554,772.4415179,305.4193562,25.40650433,0,0,1390.707327,3.299325452,9138.2,1.499207998,22.09147661,-31.65335013,68.6939593,8,55,27.5,9
element_4665,2045,262.8065796,6.346288246,121.3151508,879.4893487,316.2596501,25.39414137,0,0,1390.707327,3.299325452,9138.2,1.499207998,22.09147661,-31.65335013,68.6939593,8,55,27.5,9
element_4665,2046,262.3962905,6.130804677,124.3740509,730.5223247,325.9622211,25.39380748,0,0,1390.707327,3.299325452,9138.2,1.499207998,22.09147661,-31.65335013,68.6939593,8,55,27.5,9
element_4665,2047,262.511882,6.184778904,123.0124542,741.3997714,316.5739074,25.38971223,0,0,1390.707327,3.299325452,9138.2,1.499207998,22.09147661,-31.65335013,68.6939593,8,55,27.5,9
element_4665,2048,262.7581926,6.29317281,122.1841971,772.6278142,324.5693007,25.40071068,0,0,1390.707327,3.299325452,9138.2,1.499207998,22.09147661,-31.65335013,68.6939593,8,55,27.5,9
element_4665,2049,263.0622623,6.28558722,121.4227355,756.9778754,315.5437283,25.39871508,0,0,1390.707327,3.299325452,9138.2,1.499207998,22.09147661,-31.65335013,68.6939593,8,55,27.5,9
element_4665,2050,263.3619322,6.213257234,122.653368,904.5709095,341.0430207,25.39864761,0,0,1390.707327,3.299325452,9138.2,1.499207998,22.09147661,-31.65335013,68.6939593,8,55,27.5,9
element_4665,2051,263.0102093,6.387061678,118.872011,797.4627683,330.6943285,25.3965337,0,0,1390.707327,3.299325452,9138.2,1.499207998,22.09147661,-31.65335013,68.6939593,8,55,27.5,9
element_4665,2052,262.9845761,6.305854352,121.2217509,768.8591771,326.6719858,25.40803629,0,0,1390.707327,3.299325452,9138.2,1.499207998,22.09147661,-31.65335013,68.6939593,8,55,27.5,9
element_4665,2053,263.1016347,6.184087347,121.8302952,782.7830771,330.938329,25.40474757,0,0,1390.707327,3.299325452,9138.2,1.499207998,22.09147661,-31.65335013,68.6939593,8,55,27.5,9
element_4665,2054,262.9543915,6.39013895,121.8838182,889.106107,322.0557669,25.40300806,0,0,1390.707327,3.299325452,9138.2,1.499207998,22.09147661,-31.65335013,68.6939593,8,55,27.5,9
element_4665,2055,262.9208675,6.182847675,123.1714282,782.7229046,335.5492005,25.41122158,0,0,1390.707327,3.299325452,9138.2,1.499207998,22.09147661,-31.65335013,68.6939593,8,55,27.5,9
element_4665,2056,263.1491842,6.282979813,124.3622857,712.9291575,330.7108411,25.42790608,0,0,1390.707327,3.299325452,9138.2,1.499207998,22.09147661,-31.65335013,68.6939593,8,55,27.5,9
element_4665,2057,263.4486679,6.11736119,123.9414128,707.6424673,328.0950302,25.40273836,0,0,1390.707327,3.299325452,9138.2,1.499207998,22.09147661,-31.65335013,68.6939593,8,55,27.5,9
element_4665,2058,263.4961577,6.265255592,119.096941,766.2057222,335.0060915,25.42530184,0,0,1390.707327,3.299325452,9138.2,1.499207998,22.09147661,-31.65335013,68.6939593,8,55,27.5,9
element_4665,2059,263.5335692,6.286302591,119.6317746,894.4004598,337.2807417,25.41864484,0,0,1390.707327,3.299325452,9138.2,1.499207998,22.09147661,-31.65335013,68.6939593,8,55,27.5,9
element_4665,2060,263.5690317,6.278085445,121.0629312,840.1610593,336.9613603,25.42572028,0,0,1390.707327,3.299325452,9138.2,1.499207998,22.09147661,-31.65335013,68.6939593,8,55,27.5,9
element_4665,2061,263.7258945,6.315463097,117.4134939,826.9115871,338.3711501,25.41544942,0,0,1390.707327,3.299325452,9138.2,1.499207998,22.09147661,-31.65335013,68.6939593,8,55,27.5,9
element_4665,2062,264.3033448,6.404969233,120.9694844,815.6852807,348.7233983,25.42960287,0,0,1390.707327,3.299325452,9138.2,1.499207998,22.09147661,-31.65335013,68.6939593,8,55,27.5,9
element_4665,2063,264.0108201,6.136108836,119.7546587,748.6472266,334.9692543,25.4304951,0,0,1390.707327,3.299325452,9138.2,1.499207998,22.09147661,-31.65335013,68.6939593,8,55,27.5,9
element_4665,2064,264.085325,6.233103462,121.1512147,850.9785023,343.527335,25.41926819,0,0,1390.707327,3.299325452,9138.2,1.499207998,22.09147661,-31.65335013,68.6939593,8,55,27.5,9
element_4665,2065,264.252237,6.186037022,120.5611786,840.99496,350.578563,25.42502072,0,0,1390.707327,3.299325452,9138.2,1.499207998,22.09147661,-31.65335013,68.6939593,8,55,27.5,9
element_4665,2066,264.4828953,6.265160619,120.1662117,885.9034932,355.9812213,25.43086348,0,0,1390.707327,3.299325452,9138.2,1.499207998,22.09147661,-31.65335013,68.6939593,8,55,27.5,9
element_4665,2067,264.1106589,6.315052672,118.7793615,792.9737097,349.2082174,25.44623334,0,0,1390.707327,3.299325452,9138.2,1.499207998,22.09147661,-31.65335013,68.6939593,8,55,27.5,9
element_4665,2068,263.9245025,6.265019723,119.7351738,805.416819,347.1476375,25.44250754,0,0,1390.707327,3.299325452,9138.2,1.499207998,22.09147661,-31.65335013,68.6939593,8,55,27.5,9
element_4665,2069,264.4854608,6.147879585,119.5460536,903.9256488,350.8633518,25.43112237,0,0,1390.707327,3.299325452,9138.2,1.499207998,22.09147661,-31.65335013,68.6939593,8,55,27.5,9
element_4665,2070,264.9193607,6.174216495,116.3374956,1039.842935,350.2491174,25.44261233,0,0,1390.707327,3.299325452,9138.2,1.499207998,22.09147661,-31.65335013,68.6939593,8,55,27.5,9
element_4665,2071,264.4536369,6.374687989,118.473243,793.0298077,348.6111116,25.41355072,0,0,1390.707327,3.299325452,9138.2,1.499207998,22.09147661,-31.65335013,68.6939593,8,55,27.5,9
element_4665,2072,264.4077275,6.098971555,120.3779359,798.1382687,352.1479714,25.42898458,0,0,1390.707327,3.299325452,9138.2,1.499207998,22.09147661,-31.65335013,68.6939593,8,55,27.5,9
element_4665,2073,264.4600472,6.079887669,123.0459105,803.8816448,368.2844864,25.43653667,0,0,1390.707327,3.299325452,9138.2,1.499207998,22.09147661,-31.65335013,68.6939593,8,55,27.5,9
element_4665,2074,264.6612501,6.464413391,118.5547518,1007.192289,341.3755915,25.45046937,0,0,1390.707327,3.299325452,9138.2,1.499207998,22.09147661,-31.65335013,68.6939593,8,55,27.5,9
element_4665,2075,265.108109,6.26690492,121.7053823,879.1867526,353.2974088,25.45769602,0,0,1390.707327,3.299325452,9138.2,1.499207998,22.09147661,-31.65335013,68.6939593,8,55,27.5,9
element_4665,2076,264.8547656,6.319275983,118.4930493,907.8480886,354.7111358,25.43243745,0,0,1390.707327,3.299325452,9138.2,1.499207998,22.09147661,-31.65335013,68.6939593,8,55,27.5,9
element_4665,2077,265.4681084,6.361359669,114.9103955,1064.400536,362.2534788,25.432563,0,0,1390.707327,3.299325452,9138.2,1.499207998,22.09147661,-31.65335013,68.6939593,8,55,27.5,9
element_4665,2078,265.4566833,6.176443499,121.2881196,934.0723207,366.659071,25.45442688,0,0,1390.707327,3.299325452,9138.2,1.499207998,22.09147661,-31.65335013,68.6939593,8,55,27.5,9
element_4665,2079,265.2682953,6.344716845,116.4327269,976.7807011,357.7775929,25.4509782,0,0,1390.707327,3.299325452,9138.2,1.499207998,22.09147661,-31.65335013,68.6939593,8,55,27.5,9
element_4665,2080,265.4337549,6.272899192,117.3633492,934.1915339,359.3383702,25.44691729,0,0,1390.707327,3.299325452,9138.2,1.499207998,22.09147661,-31.65335013,68.6939593,8,55,27.5,9
element_4665,2081,265.5656849,6.258966579,119.8527619,977.496753,362.7124876,25.43908216,0,0,1390.707327,3.299325452,9138.2,1.499207998,22.09147661,-31.65335013,68.6939593,8,55,27.5,9
element_4665,2082,265.2785091,6.082385292,121.1918859,811.7655196,365.6752502,25.42659483,0,0,1390.707327,3.299325452,9138.2,1.499207998,22.09147661,-31.65335013,68.6939593,8,55,27.5,9
element_4665,2083,265.3569212,6.359473771,117.7618672,957.0253049,359.6962817,25.43374427,0,0,1390.707327,3.299325452,9138.2,1.499207998,22.09147661,-31.65335013,68.6939593,8,55,27.5,9
element_4665,2084,265.4904578,6.145408864,115.3062382,980.9313286,364.6385629,25.44287066,0,0,1390.707327,3.299325452,9138.2,1.499207998,22.09147661,-31.65335013,68.6939593,8,55,27.5,9
element_4665,2085,265.678802,6.344362159,118.4761058,846.1175794,372.1390289,25.4459163,0,0,1390.707327,3.299325452,9138.2,1.499207998,22.09147661,-31.65335013,68.6939593,8,55,27.5,9
element_4665,2086,265.3986439,6.272371321,119.1928532,877.4999512,371.1183351,25.39987405,0,0,1390.707327,3.299325452,9138.2,1.499207998,22.09147661,-31.65335013,68.6939593,8,55,27.5,9
element_4665,2087,265.4064966,6.36299836,119.0498851,809.6499453,362.2680574,25.42196451,0,0,1390.707327,3.299325452,9138.2,1.499207998,22.09147661,-31.65335013,68.6939593,8,55,27.5,9
element_4665,2088,265.4998479,6.264777321,120.0311115,860.1499586,376.2631734,25.45721814,0,0,1390.707327,3.299325452,9138.2,1.499207998,22.09147661,-31.65335013,68.6939593,8,55,27.5,9
element_4665,2089,265.543283,6.117718976,116.361945,898.4448165,371.7089514,25.45075949,0,0,1390.707327,3.299325452,9138.2,1.499207998,22.09147661,-31.65335013,68.6939593,8,55,27.5,9
element_4665,2090,265.2371721,6.257250177,117.1011465,834.4130523,369.9110169,25.46264133,0,0,1390.707327,3.299325452,9138.2,1.499207998,22.09147661,-31.65335013,68.6939593,8,55,27.5,9
element_4665,2091,265.5659309,6.249972263,118.6961319,897.8674191,381.0708258,25.44463274,0,0,1390.707327,3.299325452,9138.2,1.499207998,22.09147661,-31.65335013,68.6939593,8,55,27.5,9
element_4665,2092,266.1349244,6.259519371,117.7121129,1050.354843,383.1773174,25.44921686,0,0,1390.707327,3.299325452,9138.2,1.499207998,22.09147661,-31.65335013,68.6939593,8,55,27.5,9
element_4665,2093,266.3215145,6.270679176,117.4002418,946.3356046,396.0869481,25.4630128,0,0,1390.707327,3.299325452,9138.2,1.499207998,22.09147661,-31.65335013,68.6939593,8,55,27.5,9
element_4665,2094,265.7109402,6.189213798,120.0632295,770.9012306,388.6401333,25.47391839,0,0,1390.707327,3.299325452,9138.2,1.499207998,22.09147661,-31.65335013,68.6939593,8,55,27.5,9
element_4665,2095,266.2167038,6.223720116,113.5674788,931.249613,384.2340048,25.45220931,0,0,1390.707327,3.299325452,9138.2,1.499207998,22.09147661,-31.65335013,68.6939593,8,55,27.5,9
element_4665,2096,265.8628213,6.285157621,116.9242184,853.5773147,390.1463493,25.45594572,0,0,1390.707327,3.299325452,9138.2,1.499207998,22.09147661,-31.65335013,68.6939593,8,55,27.5,9
element_4665,2097,265.8395199,6.328385334,116.3460041,840.3174664,379.6973978,25.45924045,0,0,1390.707327,3.299325452,9138.2,1.499207998,22.09147661,-31.65335013,68.6939593,8,55,27.5,9
element_4665,2098,266.5326789,6.258084128,116.7637232,963.2442668,396.4619862,25.46797623,0,0,1390.707327,3.299325452,9138.2,1.499207998,22.09147661,-31.65335013,68.6939593,8,55,27.5,9
element_4665,2099,266.6159588,6.090149276,117.39403,867.8864274,400.4970726,25.45744411,0,0,1390.707327,3.299325452,9138.2,1.499207998,22.09147661,-31.65335013,68.6939593,8,55,27.5,9
element_4665,2100,266.4140084,6.234983098,117.676783,802.5233568,397.5748465,25.45110923,0,0,1390.707327,3.299325452,9138.2,1.499207998,22.09147661,-31.65335013,68.6939593,8,55,27.5,9
element_4666,2015,254.6409029,5.705824831,134.2778129,518.2490894,218.2998258,22.65313585,0,0,2373.893889,0.758539073,28102.6,2.750028285,40.03737411,-34.64094659,69.2116672,5.362623692,59,29.5,9
element_4666,2016,254.4771386,5.700937073,134.1556539,502.7907713,217.0364703,22.65570599,0,0,2373.893889,0.758539073,28102.6,2.750028285,40.03737411,-34.64094659,69.2116672,5.362623692,59,29.5,9
element_4666,2017,254.0337511,5.753100884,136.139363,454.5731168,217.3448656,22.65302947,0,0,2373.893889,0.758539073,28102.6,2.750028285,40.03737411,-34.64094659,69.2116672,5.362623692,59,29.5,9
element_4666,2018,254.7560168,5.949150787,135.8166313,542.0076924,215.9629428,22.65293785,0,0,2373.893889,0.758539073,28102.6,2.750028285,40.03737411,-34.64094659,69.2116672,5.362623692,59,29.5,9
element_4666,2019,253.8383924,5.734004831,134.4056022,450.3967776,202.3331826,22.65165347,0,0,2373.893889,0.758539073,28102.6,2.750028285,40.03737411,-34.64094659,69.2116672,5.362623692,59,29.5,9
element_4666,2020,254.1467474,5.852087182,134.3667201,530.2982576,209.8509397,22.65329368,0,0,2373.893889,0.758539073,28102.6,2.750028285,40.03737411,-34.64094659,69.2116672,5.362623692,59,29.5,9
element_4666,2021,253.8172166,5.869981609,133.9748655,487.859532,201.4286513,22.65223387,0,0,2373.893889,0.758539073,28102.6,2.750028285,40.03737411,-34.64094659,69.2116672,5.362623692,59,29.5,9
element_4666,2022,254.9387449,5.723774225,135.0416692,482.4620427,217.32825,22.65189934,0,0,2373.893889,0.758539073,28102.6,2.750028285,40.03737411,-34.64094659,69.2116672,5.362623692,59,29.5,9
element_4666,2023,254.7923179,5.744038878,135.2666275,488.0118605,212.8410955,22.65330969,0,0,2373.893889,0.758539073,28102.6,2.750028285,40.03737411,-34.64094659,69.2116672,5.362623692,59,29.5,9
element_4666,2024,255.1735607,5.878971664,135.1391168,538.6826549,224.2652844,22.65343242,0,0,2373.893889,0.758539073,28102.6,2.750028285,40.03737411,-34.64094659,69.2116672,5.362623692,59,29.5,9
element_4666,2025,255.4520409,5.84545205,136.2175878,532.786052,220.1686463,22.65255542,0,0,2373.893889,0.758539073,28102.6,2.750028285,40.03737411,-34.64094659,69.2116672,5.362623692,59,29.5,9
element_4666,2026,255.0985982,5.8382933,133.6924967,543.9988478,211.0319112,22.6517793,0,0,2373.893889,0.758539073,28102.6,2.750028285,40.03737411,-34.64094659,69.2116672,5.362623692,59,29.5,9
element_4666,2027,255.4723632,5.879638982,133.3664023,516.5577142,221.30876,22.65160028,0,0,2373.893889,0.758539073,28102.6,2.750028285,40.03737411,-34.64094659,69.2116672,5.362623692,59,29.5,9
element_4666,2028,255.5708425,5.840933172,134.1831572,478.1148084,220.6988057,22.65271936,0,0,2373.893889,0.758539073,28102.6,2.750028285,40.03737411,-34.64094659,69.2116672,5.362623692,59,29.5,9
element_4666,2029,255.222301,5.968628464,135.5405539,485.7366712,227.2359556,22.65533973,0,0,2373.893889,0.758539073,28102.6,2.750028285,40.03737411,-34.64094659,69.2116672,5.362623692,59,29.5,9
element_4666,2030,254.8829357,5.741484257,132.73427,530.3122478,217.1861881,22.65381587,0,0,2373.893889,0.758539073,28102.6,2.750028285,40.03737411,-34.64094659,69.2116672,5.362623692,59,29.5,9
element_4666,2031,255.2480525,5.822243178,134.7242735,496.9975072,214.107823,22.65274613,0,0,2373.893889,0.758539073,28102.6,2.750028285,40.03737411,-34.64094659,69.2116672,5.362623692,59,29.5,9
element_4666,2032,255.04011,5.680943343,134.120633,499.2297166,217.301401,22.65297298,0,0,2373.893889,0.758539073,28102.6,2.750028285,40.03737411,-34.64094659,69.2116672,5.362623692,59,29.5,9
element_4666,2033,255.3959749,5.937916662,132.5746108,595.6723333,219.3990556,22.65221714,0,0,2373.893889,0.758539073,28102.6,2.750028285,40.03737411,-34.64094659,69.2116672,5.362623692,59,29.5,9
element_4666,2034,255.3790486,5.953655124,134.7429026,494.8441283,215.2174964,22.65486111,0,0,2373.893889,0.758539073,28102.6,2.750028285,40.03737411,-34.64094659,69.2116672,5.362623692,59,29.5,9
element_4666,2035,255.6383501,5.878543353,135.6661531,509.9826009,226.7752334,22.65508951,0,0,2373.893889,0.758539073,28102.6,2.750028285,40.03737411,-34.64094659,69.2116672,5.362623692,59,29.5,9
element_4666,2036,255.4137202,5.779492021,134.1688238,524.3983142,227.0778906,22.65345345,0,0,2373.893889,0.758539073,28102.6,2.750028285,40.03737411,-34.64094659,69.2116672,5.362623692,59,29.5,9
element_4666,2037,255.1793349,5.899532076,131.7768841,576.6855126,210.3423631,22.65273629,0,0,2373.893889,0.758539073,28102.6,2.750028285,40.03737411,-34.64094659,69.2116672,5.362623692,59,29.5,9
element_4666,2038,255.5032768,5.783304069,132.6113895,557.9484779,217.2630054,22.65288658,0,0,2373.893889,0.758539073,28102.6,2.750028285,40.03737411,-34.64094659,69.2116672,5.362623692,59,29.5,9
element_4666,2039,255.846367,5.748964916,134.1450727,544.2079046,227.0214313,22.65290413,0,0,2373.893889,0.758539073,28102.6,2.750028285,40.03737411,-34.64094659,69.2116672,5.362623692,59,29.5,9
element_4666,2040,255.1151216,5.68997968,131.1104075,589.628701,214.0095784,22.65276566,0,0,2373.893889,0.758539073,28102.6,2.750028285,40.03737411,-34.64094659,69.2116672,5.362623692,59,29.5,9
element_4666,2041,255.3922319,5.732453525,132.512365,542.0177042,219.6297051,22.65549752,0,0,2373.893889,0.758539073,28102.6,2.750028285,40.03737411,-34.64094659,69.2116672,5.362623692,59,29.5,9
element_4666,2042,255.9487945,5.857210052,133.2390848,569.9673658,217.4894622,22.65158868,0,0,2373.893889,0.758539073,28102.6,2.750028285,40.03737411,-34.64094659,69.2116672,5.362623692,59,29.5,9
element_4666,2043,255.6610599,5.813665325,134.1608692,516.2422604,222.3006185,22.65257077,0,0,2373.893889,0.758539073,28102.6,2.750028285,40.03737411,-34.64094659,69.2116672,5.362623692,59,29.5,9
element_4666,2044,255.7641761,5.832935455,133.7844869,571.1091734,213.4729154,22.65436804,0,0,2373.893889,0.758539073,28102.6,2.750028285,40.03737411,-34.64094659,69.2116672,5.362623692,59,29.5,9
element_4666,2045,256.4701555,5.803247916,131.5031898,621.1529839,222.4169983,22.65357819,0,0,2373.893889,0.758539073,28102.6,2.750028285,40.03737411,-34.64094659,69.2116672,5.362623692,59,29.5,9
element_4666,2046,256.2080179,5.88194164,133.7408818,553.684138,232.7579504,22.65287776,0,0,2373.893889,0.758539073,28102.6,2.750028285,40.03737411,-34.64094659,69.2116672,5.362623692,59,29.5,9
element_4666,2047,256.0857084,5.884744346,133.1680053,542.2961013,222.8317755,22.65228494,0,0,2373.893889,0.758539073,28102.6,2.750028285,40.03737411,-34.64094659,69.2116672,5.362623692,59,29.5,9
element_4666,2048,256.326868,5.792727605,132.324657,552.6935789,231.1346309,22.65374097,0,0,2373.893889,0.758539073,28102.6,2.750028285,40.03737411,-34.64094659,69.2116672,5.362623692,59,29.5,9
element_4666,2049,256.5996084,5.787207275,132.2416754,542.107809,224.1927008,22.65301535,0,0,2373.893889,0.758539073,28102.6,2.750028285,40.03737411,-34.64094659,69.2116672,5.362623692,59,29.5,9
element_4666,2050,256.9198674,5.759408598,132.9646213,638.5060167,239.7365395,22.65365259,0,0,2373.893889,0.758539073,28102.6,2.750028285,40.03737411,-34.64094659,69.2116672,5.362623692,59,29.5,9
element_4666,2051,256.5156972,5.879119652,130.1400555,574.5977567,233.9708112,22.65315271,0,0,2373.893889,0.758539073,28102.6,2.750028285,40.03737411,-34.64094659,69.2116672,5.362623692,59,29.5,9
element_4666,2052,256.5437061,5.798450904,131.5865427,550.3527914,230.4798287,22.6542465,0,0,2373.893889,0.758539073,28102.6,2.750028285,40.03737411,-34.64094659,69.2116672,5.362623692,59,29.5,9
element_4666,2053,256.5920061,5.803671537,132.1703,546.2056674,229.0386162,22.65427265,0,0,2373.893889,0.758539073,28102.6,2.750028285,40.03737411,-34.64094659,69.2116672,5.362623692,59,29.5,9
element_4666,2054,256.4046491,6.051186496,132.2777667,630.4481845,229.2647794,22.65387409,0,0,2373.893889,0.758539073,28102.6,2.750028285,40.03737411,-34.64094659,69.2116672,5.362623692,59,29.5,9
element_4666,2055,256.4211165,5.756875712,133.2141154,568.0510088,237.2095218,22.65479135,0,0,2373.893889,0.758539073,28102.6,2.750028285,40.03737411,-34.64094659,69.2116672,5.362623692,59,29.5,9
element_4666,2056,256.6199348,5.784369665,133.7112128,540.1387235,232.9300692,22.65686649,0,0,2373.893889,0.758539073,28102.6,2.750028285,40.03737411,-34.64094659,69.2116672,5.362623692,59,29.5,9
element_4666,2057,256.7638932,5.61395764,133.6392357,509.8769614,227.9981331,22.65366476,0,0,2373.893889,0.758539073,28102.6,2.750028285,40.03737411,-34.64094659,69.2116672,5.362623692,59,29.5,9
element_4666,2058,257.0254577,5.762232798,131.1889246,544.4964333,238.7246289,22.65678948,0,0,2373.893889,0.758539073,28102.6,2.750028285,40.03737411,-34.64094659,69.2116672,5.362623692,59,29.5,9
element_4666,2059,257.1661883,5.952228252,130.6992555,641.091336,242.0855181,22.65597728,0,0,2373.893889,0.758539073,28102.6,2.750028285,40.03737411,-34.64094659,69.2116672,5.362623692,59,29.5,9
element_4666,2060,256.9300806,5.865933842,132.3461776,614.1561219,233.4255544,22.65741166,0,0,2373.893889,0.758539073,28102.6,2.750028285,40.03737411,-34.64094659,69.2116672,5.362623692,59,29.5,9
element_4666,2061,257.2381285,5.828377102,129.3501099,590.7564523,240.3599971,22.65598115,0,0,2373.893889,0.758539073,28102.6,2.750028285,40.03737411,-34.64094659,69.2116672,5.362623692,59,29.5,9
element_4666,2062,257.7192797,5.860014059,131.8205827,588.3363004,249.7684759,22.66148531,0,0,2373.893889,0.758539073,28102.6,2.750028285,40.03737411,-34.64094659,69.2116672,5.362623692,59,29.5,9
element_4666,2063,257.5620326,5.762507261,131.0357487,546.0808932,237.6385091,22.65973016,0,0,2373.893889,0.758539073,28102.6,2.750028285,40.03737411,-34.64094659,69.2116672,5.362623692,59,29.5,9
element_4666,2064,257.7217493,5.978623741,132.2261014,599.3701567,245.307436,22.65650492,0,0,2373.893889,0.758539073,28102.6,2.750028285,40.03737411,-34.64094659,69.2116672,5.362623692,59,29.5,9
element_4666,2065,257.8276771,5.742605868,130.8594008,592.7364956,247.4553404,22.65645407,0,0,2373.893889,0.758539073,28102.6,2.750028285,40.03737411,-34.64094659,69.2116672,5.362623692,59,29.5,9
element_4666,2066,257.9683433,5.869282771,130.6583942,634.2061119,254.6576869,22.65745868,0,0,2373.893889,0.758539073,28102.6,2.750028285,40.03737411,-34.64094659,69.2116672,5.362623692,59,29.5,9
element_4666,2067,257.7780273,5.804717556,129.9808848,559.9650773,252.7075828,22.66763308,0,0,2373.893889,0.758539073,28102.6,2.750028285,40.03737411,-34.64094659,69.2116672,5.362623692,59,29.5,9
element_4666,2068,257.3720247,5.848378163,130.4138625,564.3282772,245.7992392,22.65838042,0,0,2373.893889,0.758539073,28102.6,2.750028285,40.03737411,-34.64094659,69.2116672,5.362623692,59,29.5,9
element_4666,2069,257.9749452,5.785256316,129.7998166,651.4931914,246.2577962,22.66052044,0,0,2373.893889,0.758539073,28102.6,2.750028285,40.03737411,-34.64094659,69.2116672,5.362623692,59,29.5,9
element_4666,2070,258.4607838,5.749433902,127.3901103,755.7356406,246.185186,22.65961959,0,0,2373.893889,0.758539073,28102.6,2.750028285,40.03737411,-34.64094659,69.2116672,5.362623692,59,29.5,9
element_4666,2071,257.7612789,5.771218335,131.2526158,571.7329791,248.7983641,22.65440808,0,0,2373.893889,0.758539073,28102.6,2.750028285,40.03737411,-34.64094659,69.2116672,5.362623692,59,29.5,9
element_4666,2072,257.8198451,5.722636433,131.1639,581.7288618,248.7208065,22.65724223,0,0,2373.893889,0.758539073,28102.6,2.750028285,40.03737411,-34.64094659,69.2116672,5.362623692,59,29.5,9
element_4666,2073,258.0639428,5.763505473,133.3299056,577.3713272,265.1538325,22.65828594,0,0,2373.893889,0.758539073,28102.6,2.750028285,40.03737411,-34.64094659,69.2116672,5.362623692,59,29.5,9
element_4666,2074,258.20924,5.951523004,129.9904982,734.4656848,244.7484805,22.66625385,0,0,2373.893889,0.758539073,28102.6,2.750028285,40.03737411,-34.64094659,69.2116672,5.362623692,59,29.5,9
element_4666,2075,258.5745474,5.786583495,131.9800215,621.1160866,248.4437326,22.66748555,0,0,2373.893889,0.758539073,28102.6,2.750028285,40.03737411,-34.64094659,69.2116672,5.362623692,59,29.5,9
element_4666,2076,258.2265823,5.856510061,129.8069387,642.8398911,254.8003226,22.65686932,0,0,2373.893889,0.758539073,28102.6,2.750028285,40.03737411,-34.64094659,69.2116672,5.362623692,59,29.5,9
element_4666,2077,258.9604798,5.829448034,126.84622,750.3774803,259.9056801,22.65655311,0,0,2373.893889,0.758539073,28102.6,2.750028285,40.03737411,-34.64094659,69.2116672,5.362623692,59,29.5,9
element_4666,2078,258.9332805,5.635552199,131.4682115,695.495008,261.2671453,22.66636157,0,0,2373.893889,0.758539073,28102.6,2.750028285,40.03737411,-34.64094659,69.2116672,5.362623692,59,29.5,9
element_4666,2079,258.5938385,5.809219037,128.4047736,690.1148356,253.4043494,22.66059425,0,0,2373.893889,0.758539073,28102.6,2.750028285,40.03737411,-34.64094659,69.2116672,5.362623692,59,29.5,9
element_4666,2080,258.8916787,5.827044734,128.6764426,728.1567529,255.075315,22.65885312,0,0,2373.893889,0.758539073,28102.6,2.750028285,40.03737411,-34.64094659,69.2116672,5.362623692,59,29.5,9
element_4666,2081,259.1711996,5.883356705,129.7303612,744.2994673,260.3835277,22.66072029,0,0,2373.893889,0.758539073,28102.6,2.750028285,40.03737411,-34.64094659,69.2116672,5.362623692,59,29.5,9
element_4666,2082,258.6722029,5.688898881,131.3858475,588.2389425,263.3047469,22.65596952,0,0,2373.893889,0.758539073,28102.6,2.750028285,40.03737411,-34.64094659,69.2116672,5.362623692,59,29.5,9
element_4666,2083,258.7397867,5.855322395,128.8489792,695.1847062,257.2139274,22.65935797,0,0,2373.893889,0.758539073,28102.6,2.750028285,40.03737411,-34.64094659,69.2116672,5.362623692,59,29.5,9
element_4666,2084,258.9998367,5.735586133,127.3750779,721.6994008,260.9544521,22.65961132,0,0,2373.893889,0.758539073,28102.6,2.750028285,40.03737411,-34.64094659,69.2116672,5.362623692,59,29.5,9
element_4666,2085,259.0906538,5.863699482,129.6453203,608.8039343,265.5025286,22.66250074,0,0,2373.893889,0.758539073,28102.6,2.750028285,40.03737411,-34.64094659,69.2116672,5.362623692,59,29.5,9
element_4666,2086,258.8922322,5.850666618,130.2402573,664.7620919,265.4773301,22.65268824,0,0,2373.893889,0.758539073,28102.6,2.750028285,40.03737411,-34.64094659,69.2116672,5.362623692,59,29.5,9
element_4666,2087,258.7606444,5.879678399,130.3172359,606.2644778,256.7942416,22.65601514,0,0,2373.893889,0.758539073,28102.6,2.750028285,40.03737411,-34.64094659,69.2116672,5.362623692,59,29.5,9
element_4666,2088,258.877998,5.73213996,129.6343242,638.2368598,265.4260992,22.66956391,0,0,2373.893889,0.758539073,28102.6,2.750028285,40.03737411,-34.64094659,69.2116672,5.362623692,59,29.5,9
element_4666,2089,259.0172907,5.699800853,126.9834625,653.1121527,263.858457,22.66133367,0,0,2373.893889,0.758539073,28102.6,2.750028285,40.03737411,-34.64094659,69.2116672,5.362623692,59,29.5,9
element_4666,2090,258.5741103,5.803817422,128.6059325,634.6619536,259.4046964,22.6679419,0,0,2373.893889,0.758539073,28102.6,2.750028285,40.03737411,-34.64094659,69.2116672,5.362623692,59,29.5,9
element_4666,2091,258.8566564,5.818296921,129.2597729,662.1865993,272.755122,22.6651273,0,0,2373.893889,0.758539073,28102.6,2.750028285,40.03737411,-34.64094659,69.2116672,5.362623692,59,29.5,9
element_4666,2092,259.492212,5.743356169,128.4478648,757.0773847,269.5217659,22.66049504,0,0,2373.893889,0.758539073,28102.6,2.750028285,40.03737411,-34.64094659,69.2116672,5.362623692,59,29.5,9
element_4666,2093,259.7345688,5.856981389,128.5541862,707.1290131,285.8016501,22.66633281,0,0,2373.893889,0.758539073,28102.6,2.750028285,40.03737411,-34.64094659,69.2116672,5.362623692,59,29.5,9
element_4666,2094,258.9869252,5.796444335,130.3798407,572.7248738,277.8392694,22.67541176,0,0,2373.893889,0.758539073,28102.6,2.750028285,40.03737411,-34.64094659,69.2116672,5.362623692,59,29.5,9
element_4666,2095,259.7160925,5.805928207,125.8841389,691.733329,272.0457226,22.66112227,0,0,2373.893889,0.758539073,28102.6,2.750028285,40.03737411,-34.64094659,69.2116672,5.362623692,59,29.5,9
element_4666,2096,259.147806,5.843317129,128.8293068,635.3672147,278.336529,22.66731669,0,0,2373.893889,0.758539073,28102.6,2.750028285,40.03737411,-34.64094659,69.2116672,5.362623692,59,29.5,9
element_4666,2097,259.172049,5.897201751,128.2469291,591.3682756,268.42476,22.66861243,0,0,2373.893889,0.758539073,28102.6,2.750028285,40.03737411,-34.64094659,69.2116672,5.362623692,59,29.5,9
element_4666,2098,260.1039855,5.90827042,127.6890596,725.0056042,285.5106174,22.67825901,0,0,2373.893889,0.758539073,28102.6,2.750028285,40.03737411,-34.64094659,69.2116672,5.362623692,59,29.5,9
element_4666,2099,260.132636,5.574319267,128.4811685,592.0735652,287.9243559,22.65993984,0,0,2373.893889,0.758539073,28102.6,2.750028285,40.03737411,-34.64094659,69.2116672,5.362623692,59,29.5,9
element_4666,2100,259.9054051,5.766854956,128.278983,601.0130795,283.9198606,22.66245944,0,0,2373.893889,0.758539073,28102.6,2.750028285,40.03737411,-34.64094659,69.2116672,5.362623692,59,29.5,9
element_4667,2015,261.2944531,6.277147571,125.9415632,892.20617,311.3602718,26.21148391,0,0,1419.756545,2.025819844,9269.3,1.788329282,22.70591184,-33.71799957,67.99638335,5.362623692,61,30.5,9
element_4667,2016,261.0081089,6.151533078,125.8732453,832.0429173,307.5205237,26.22414783,0,0,1419.756545,2.025819844,9269.3,1.788329282,22.70591184,-33.71799957,67.99638335,5.362623692,61,30.5,9
element_4667,2017,260.7136222,6.164678544,128.8022455,753.9810202,308.5520327,26.20915058,0,0,1419.756545,2.025819844,9269.3,1.788329282,22.70591184,-33.71799957,67.99638335,5.362623692,61,30.5,9
element_4667,2018,261.406084,6.347724456,128.2574717,895.6860909,312.8384255,26.20671907,0,0,1419.756545,2.025819844,9269.3,1.788329282,22.70591184,-33.71799957,67.99638335,5.362623692,61,30.5,9
element_4667,2019,260.8391312,6.349817448,126.3540978,745.1670765,299.9374976,26.18334335,0,0,1419.756545,2.025819844,9269.3,1.788329282,22.70591184,-33.71799957,67.99638335,5.362623692,61,30.5,9
element_4667,2020,261.0516967,6.317698292,126.6143774,866.623461,306.1499714,26.2064311,0,0,1419.756545,2.025819844,9269.3,1.788329282,22.70591184,-33.71799957,67.99638335,5.362623692,61,30.5,9
element_4667,2021,260.7625475,6.340015047,125.9278622,777.4004151,298.729556,26.19426549,0,0,1419.756545,2.025819844,9269.3,1.788329282,22.70591184,-33.71799957,67.99638335,5.362623692,61,30.5,9
element_4667,2022,261.8963357,6.265689639,126.6029435,822.2133498,316.3778051,26.18881525,0,0,1419.756545,2.025819844,9269.3,1.788329282,22.70591184,-33.71799957,67.99638335,5.362623692,61,30.5,9
element_4667,2023,261.6782318,6.28591559,126.8351887,808.7722308,305.946925,26.21189223,0,0,1419.756545,2.025819844,9269.3,1.788329282,22.70591184,-33.71799957,67.99638335,5.362623692,61,30.5,9
element_4667,2024,262.0449517,6.407924032,127.5552366,870.5128922,320.4653207,26.21609296,0,0,1419.756545,2.025819844,9269.3,1.788329282,22.70591184,-33.71799957,67.99638335,5.362623692,61,30.5,9
element_4667,2025,262.4192101,6.201790394,128.1371719,875.9730774,321.1009256,26.19931645,0,0,1419.756545,2.025819844,9269.3,1.788329282,22.70591184,-33.71799957,67.99638335,5.362623692,61,30.5,9
element_4667,2026,261.8718132,6.330422682,125.5041231,887.4293902,308.8733285,26.18748727,0,0,1419.756545,2.025819844,9269.3,1.788329282,22.70591184,-33.71799957,67.99638335,5.362623692,61,30.5,9
element_4667,2027,262.1252287,6.257497151,125.7487407,812.5215731,316.2958102,26.18151992,0,0,1419.756545,2.025819844,9269.3,1.788329282,22.70591184,-33.71799957,67.99638335,5.362623692,61,30.5,9
element_4667,2028,262.3170734,6.213302534,126.4328866,778.1788497,319.9189849,26.20079496,0,0,1419.756545,2.025819844,9269.3,1.788329282,22.70591184,-33.71799957,67.99638335,5.362623692,61,30.5,9
element_4667,2029,261.9870844,6.299400973,128.3780828,758.7329593,328.6058023,26.21860121,0,0,1419.756545,2.025819844,9269.3,1.788329282,22.70591184,-33.71799957,67.99638335,5.362623692,61,30.5,9
element_4667,2030,261.5726183,6.108440741,124.661869,887.0861732,316.2465096,26.21401366,0,0,1419.756545,2.025819844,9269.3,1.788329282,22.70591184,-33.71799957,67.99638335,5.362623692,61,30.5,9
element_4667,2031,262.0593642,6.224558476,126.8562861,812.5579988,313.2846029,26.20290959,0,0,1419.756545,2.025819844,9269.3,1.788329282,22.70591184,-33.71799957,67.99638335,5.362623692,61,30.5,9
element_4667,2032,261.8128549,6.187369377,125.0450775,822.8793003,316.2305679,26.20710311,0,0,1419.756545,2.025819844,9269.3,1.788329282,22.70591184,-33.71799957,67.99638335,5.362623692,61,30.5,9
element_4667,2033,262.0847914,6.324565436,124.1368023,947.7267915,320.9492314,26.19373442,0,0,1419.756545,2.025819844,9269.3,1.788329282,22.70591184,-33.71799957,67.99638335,5.362623692,61,30.5,9
element_4667,2034,262.2056851,6.332051577,127.2206317,773.5128958,316.6287143,26.21721788,0,0,1419.756545,2.025819844,9269.3,1.788329282,22.70591184,-33.71799957,67.99638335,5.362623692,61,30.5,9
element_4667,2035,262.437647,6.28536057,127.5622517,835.5459531,331.9688004,26.22309174,0,0,1419.756545,2.025819844,9269.3,1.788329282,22.70591184,-33.71799957,67.99638335,5.362623692,61,30.5,9
element_4667,2036,262.0558374,6.163189355,126.0125211,837.101488,327.631796,26.21353655,0,0,1419.756545,2.025819844,9269.3,1.788329282,22.70591184,-33.71799957,67.99638335,5.362623692,61,30.5,9
element_4667,2037,261.8099067,6.320800701,124.0422396,920.5511921,305.9147592,26.20246152,0,0,1419.756545,2.025819844,9269.3,1.788329282,22.70591184,-33.71799957,67.99638335,5.362623692,61,30.5,9
element_4667,2038,262.3743265,6.411180617,124.0411373,902.3302017,317.355374,26.20257194,0,0,1419.756545,2.025819844,9269.3,1.788329282,22.70591184,-33.71799957,67.99638335,5.362623692,61,30.5,9
element_4667,2039,262.6202116,6.215328726,126.0094588,873.3329585,328.728933,26.20589679,0,0,1419.756545,2.025819844,9269.3,1.788329282,22.70591184,-33.71799957,67.99638335,5.362623692,61,30.5,9
element_4667,2040,262.0255916,6.202181283,122.714922,916.3292233,314.6499651,26.20751351,0,0,1419.756545,2.025819844,9269.3,1.788329282,22.70591184,-33.71799957,67.99638335,5.362623692,61,30.5,9
element_4667,2041,262.1523766,6.255455874,124.3988641,886.7149358,319.8583973,26.22996701,0,0,1419.756545,2.025819844,9269.3,1.788329282,22.70591184,-33.71799957,67.99638335,5.362623692,61,30.5,9
element_4667,2042,262.5579238,6.364918561,126.1278214,917.1679035,316.8880627,26.18571792,0,0,1419.756545,2.025819844,9269.3,1.788329282,22.70591184,-33.71799957,67.99638335,5.362623692,61,30.5,9
element_4667,2043,262.4540564,6.19184948,126.5968234,845.1730618,324.0233366,26.20175301,0,0,1419.756545,2.025819844,9269.3,1.788329282,22.70591184,-33.71799957,67.99638335,5.362623692,61,30.5,9
element_4667,2044,262.5458086,6.31654467,126.5381097,925.5441865,313.8659855,26.22152171,0,0,1419.756545,2.025819844,9269.3,1.788329282,22.70591184,-33.71799957,67.99638335,5.362623692,61,30.5,9
element_4667,2045,263.3177156,6.390183322,122.8581264,1023.809545,326.2702028,26.21847727,0,0,1419.756545,2.025819844,9269.3,1.788329282,22.70591184,-33.71799957,67.99638335,5.362623692,61,30.5,9
element_4667,2046,262.7820709,6.099622967,126.6134775,878.8965616,335.5158703,26.20982056,0,0,1419.756545,2.025819844,9269.3,1.788329282,22.70591184,-33.71799957,67.99638335,5.362623692,61,30.5,9
element_4667,2047,262.8864582,6.253249337,125.0124855,871.9052161,326.4883258,26.19681905,0,0,1419.756545,2.025819844,9269.3,1.788329282,22.70591184,-33.71799957,67.99638335,5.362623692,61,30.5,9
element_4667,2048,263.0450857,6.262332095,124.5666216,885.4395794,332.0322613,26.22356463,0,0,1419.756545,2.025819844,9269.3,1.788329282,22.70591184,-33.71799957,67.99638335,5.362623692,61,30.5,9
element_4667,2049,263.4260557,6.240711689,123.0269328,883.4848629,324.4807301,26.21443683,0,0,1419.756545,2.025819844,9269.3,1.788329282,22.70591184,-33.71799957,67.99638335,5.362623692,61,30.5,9
element_4667,2050,263.7557753,6.254029105,124.6435883,1065.499122,350.1989463,26.22205883,0,0,1419.756545,2.025819844,9269.3,1.788329282,22.70591184,-33.71799957,67.99638335,5.362623692,61,30.5,9
element_4667,2051,263.3657606,6.328695516,121.0398633,869.7016527,339.3044251,26.21829596,0,0,1419.756545,2.025819844,9269.3,1.788329282,22.70591184,-33.71799957,67.99638335,5.362623692,61,30.5,9
element_4667,2052,263.4058655,6.269351459,123.0872147,884.4859039,336.4310788,26.22724224,0,0,1419.756545,2.025819844,9269.3,1.788329282,22.70591184,-33.71799957,67.99638335,5.362623692,61,30.5,9
element_4667,2053,263.473431,6.195251245,123.6063766,900.0291973,338.2750814,26.22333905,0,0,1419.756545,2.025819844,9269.3,1.788329282,22.70591184,-33.71799957,67.99638335,5.362623692,61,30.5,9
element_4667,2054,263.3268595,6.465717777,124.0577533,1015.587327,331.9814217,26.22088118,0,0,1419.756545,2.025819844,9269.3,1.788329282,22.70591184,-33.71799957,67.99638335,5.362623692,61,30.5,9
element_4667,2055,263.247237,6.146785811,125.20745,903.1930511,343.7822395,26.23252729,0,0,1419.756545,2.025819844,9269.3,1.788329282,22.70591184,-33.71799957,67.99638335,5.362623692,61,30.5,9
element_4667,2056,263.5241113,6.260183509,125.3539512,860.4740348,340.2697273,26.24037172,0,0,1419.756545,2.025819844,9269.3,1.788329282,22.70591184,-33.71799957,67.99638335,5.362623692,61,30.5,9
element_4667,2057,263.8183573,6.130023462,125.3386684,827.0189394,336.9266409,26.22477178,0,0,1419.756545,2.025819844,9269.3,1.788329282,22.70591184,-33.71799957,67.99638335,5.362623692,61,30.5,9
element_4667,2058,263.886056,6.272993442,121.8101679,881.16023,341.8343725,26.24006712,0,0,1419.756545,2.025819844,9269.3,1.788329282,22.70591184,-33.71799957,67.99638335,5.362623692,61,30.5,9
element_4667,2059,263.9382644,6.333244547,122.3097475,1015.064,346.982655,26.23515907,0,0,1419.756545,2.025819844,9269.3,1.788329282,22.70591184,-33.71799957,67.99638335,5.362623692,61,30.5,9
element_4667,2060,263.7975241,6.233577248,124.3671521,968.554304,345.3400185,26.24007604,0,0,1419.756545,2.025819844,9269.3,1.788329282,22.70591184,-33.71799957,67.99638335,5.362623692,61,30.5,9
element_4667,2061,264.0924938,6.313084056,119.6650419,967.6035423,343.9170733,26.24057884,0,0,1419.756545,2.025819844,9269.3,1.788329282,22.70591184,-33.71799957,67.99638335,5.362623692,61,30.5,9
element_4667,2062,264.6194565,6.372580301,122.2039064,955.3548039,357.6737486,26.24798025,0,0,1419.756545,2.025819844,9269.3,1.788329282,22.70591184,-33.71799957,67.99638335,5.362623692,61,30.5,9
element_4667,2063,264.3831004,6.064949343,122.6116845,880.2166643,346.2928221,26.24774045,0,0,1419.756545,2.025819844,9269.3,1.788329282,22.70591184,-33.71799957,67.99638335,5.362623692,61,30.5,9
element_4667,2064,264.4786601,6.250085215,123.5708987,974.5816271,352.7130315,26.24441617,0,0,1419.756545,2.025819844,9269.3,1.788329282,22.70591184,-33.71799957,67.99638335,5.362623692,61,30.5,9
element_4667,2065,264.61825,6.167019904,121.6577761,1008.627639,356.7199929,26.24202153,0,0,1419.756545,2.025819844,9269.3,1.788329282,22.70591184,-33.71799957,67.99638335,5.362623692,61,30.5,9
element_4667,2066,264.7858077,6.267599556,122.4001437,1010.149228,366.5470629,26.24867093,0,0,1419.756545,2.025819844,9269.3,1.788329282,22.70591184,-33.71799957,67.99638335,5.362623692,61,30.5,9
element_4667,2067,264.5155786,6.292874842,121.2989584,876.5855127,357.5117605,26.26641064,0,0,1419.756545,2.025819844,9269.3,1.788329282,22.70591184,-33.71799957,67.99638335,5.362623692,61,30.5,9
element_4667,2068,264.2513596,6.239524322,121.9458208,907.332176,356.1955648,26.25412703,0,0,1419.756545,2.025819844,9269.3,1.788329282,22.70591184,-33.71799957,67.99638335,5.362623692,61,30.5,9
element_4667,2069,264.7525593,6.143610812,121.2488347,1063.742268,358.4473831,26.2535744,0,0,1419.756545,2.025819844,9269.3,1.788329282,22.70591184,-33.71799957,67.99638335,5.362623692,61,30.5,9
element_4667,2070,265.2240402,6.188376175,117.3305401,1161.500532,357.8305158,26.25959925,0,0,1419.756545,2.025819844,9269.3,1.788329282,22.70591184,-33.71799957,67.99638335,5.362623692,61,30.5,9
element_4667,2071,264.7892471,6.353973496,121.5673278,939.4134424,358.5947722,26.23529606,0,0,1419.756545,2.025819844,9269.3,1.788329282,22.70591184,-33.71799957,67.99638335,5.362623692,61,30.5,9
element_4667,2072,264.7247395,6.095104404,122.7336823,934.5927069,360.0407361,26.24877992,0,0,1419.756545,2.025819844,9269.3,1.788329282,22.70591184,-33.71799957,67.99638335,5.362623692,61,30.5,9
element_4667,2073,264.8372077,6.046977698,124.9733596,941.0524323,376.4424968,26.25063474,0,0,1419.756545,2.025819844,9269.3,1.788329282,22.70591184,-33.71799957,67.99638335,5.362623692,61,30.5,9
element_4667,2074,264.9913562,6.421039773,121.1873125,1081.498464,351.2132084,26.26295534,0,0,1419.756545,2.025819844,9269.3,1.788329282,22.70591184,-33.71799957,67.99638335,5.362623692,61,30.5,9
element_4667,2075,265.4198523,6.221859025,123.9507753,1010.49179,361.0160026,26.26739623,0,0,1419.756545,2.025819844,9269.3,1.788329282,22.70591184,-33.71799957,67.99638335,5.362623692,61,30.5,9
element_4667,2076,265.1602318,6.293886533,120.8456845,1025.683582,365.3087744,26.24359644,0,0,1419.756545,2.025819844,9269.3,1.788329282,22.70591184,-33.71799957,67.99638335,5.362623692,61,30.5,9
element_4667,2077,265.7762986,6.354395394,118.2307155,1191.55876,372.6627144,26.23534146,0,0,1419.756545,2.025819844,9269.3,1.788329282,22.70591184,-33.71799957,67.99638335,5.362623692,61,30.5,9
element_4667,2078,265.9079217,6.162824722,122.8447946,1089.306557,377.205641,26.26016241,0,0,1419.756545,2.025819844,9269.3,1.788329282,22.70591184,-33.71799957,67.99638335,5.362623692,61,30.5,9
element_4667,2079,265.6201944,6.296279333,118.2237948,1096.171244,365.8277151,26.252967,0,0,1419.756545,2.025819844,9269.3,1.788329282,22.70591184,-33.71799957,67.99638335,5.362623692,61,30.5,9
element_4667,2080,265.769612,6.291077273,118.7499874,1109.947199,369.384386,26.25161412,0,0,1419.756545,2.025819844,9269.3,1.788329282,22.70591184,-33.71799957,67.99638335,5.362623692,61,30.5,9
element_4667,2081,265.921294,6.29680529,121.6325244,1145.374398,374.1959421,26.24861359,0,0,1419.756545,2.025819844,9269.3,1.788329282,22.70591184,-33.71799957,67.99638335,5.362623692,61,30.5,9
element_4667,2082,265.5929659,6.037271079,123.4126483,924.6313703,376.1548867,26.23724589,0,0,1419.756545,2.025819844,9269.3,1.788329282,22.70591184,-33.71799957,67.99638335,5.362623692,61,30.5,9
element_4667,2083,265.6564709,6.351227139,119.9001865,1125.875927,370.1490265,26.24294536,0,0,1419.756545,2.025819844,9269.3,1.788329282,22.70591184,-33.71799957,67.99638335,5.362623692,61,30.5,9
element_4667,2084,265.8252037,6.156157714,117.3909232,1107.88796,373.4086425,26.24889717,0,0,1419.756545,2.025819844,9269.3,1.788329282,22.70591184,-33.71799957,67.99638335,5.362623692,61,30.5,9
element_4667,2085,266.0014279,6.335564746,121.0199789,952.667982,381.9789138,26.2544949,0,0,1419.756545,2.025819844,9269.3,1.788329282,22.70591184,-33.71799957,67.99638335,5.362623692,61,30.5,9
element_4667,2086,265.7297299,6.240822542,122.0874442,1004.046471,384.6850916,26.20861628,0,0,1419.756545,2.025819844,9269.3,1.788329282,22.70591184,-33.71799957,67.99638335,5.362623692,61,30.5,9
element_4667,2087,265.6759457,6.318935156,121.0364758,947.3116605,372.8148715,26.24008785,0,0,1419.756545,2.025819844,9269.3,1.788329282,22.70591184,-33.71799957,67.99638335,5.362623692,61,30.5,9
element_4667,2088,265.8691272,6.246820026,120.7287765,1015.464479,387.7396992,26.26341555,0,0,1419.756545,2.025819844,9269.3,1.788329282,22.70591184,-33.71799957,67.99638335,5.362623692,61,30.5,9
element_4667,2089,265.8814687,6.120959222,118.2842947,995.6006139,382.2996634,26.25417979,0,0,1419.756545,2.025819844,9269.3,1.788329282,22.70591184,-33.71799957,67.99638335,5.362623692,61,30.5,9
element_4667,2090,265.4830105,6.190005347,119.0560845,965.264764,380.934589,26.26668388,0,0,1419.756545,2.025819844,9269.3,1.788329282,22.70591184,-33.71799957,67.99638335,5.362623692,61,30.5,9
element_4667,2091,265.8509986,6.218560628,120.7701915,1030.299324,392.9640272,26.25887517,0,0,1419.756545,2.025819844,9269.3,1.788329282,22.70591184,-33.71799957,67.99638335,5.362623692,61,30.5,9
element_4667,2092,266.4612629,6.211384423,119.3346972,1185.343237,393.2589836,26.25309232,0,0,1419.756545,2.025819844,9269.3,1.788329282,22.70591184,-33.71799957,67.99638335,5.362623692,61,30.5,9
element_4667,2093,266.673305,6.267463614,119.5384801,1084.997591,407.8193704,26.26395366,0,0,1419.756545,2.025819844,9269.3,1.788329282,22.70591184,-33.71799957,67.99638335,5.362623692,61,30.5,9
element_4667,2094,266.0980495,6.161307974,121.6670643,914.4070784,402.3854247,26.27311742,0,0,1419.756545,2.025819844,9269.3,1.788329282,22.70591184,-33.71799957,67.99638335,5.362623692,61,30.5,9
element_4667,2095,266.5930504,6.186961261,115.3975156,1108.63012,395.7043457,26.25502373,0,0,1419.756545,2.025819844,9269.3,1.788329282,22.70591184,-33.71799957,67.99638335,5.362623692,61,30.5,9
element_4667,2096,266.2319283,6.252112809,119.5608294,977.8527939,401.9801692,26.26453692,0,0,1419.756545,2.025819844,9269.3,1.788329282,22.70591184,-33.71799957,67.99638335,5.362623692,61,30.5,9
element_4667,2097,266.1075526,6.276162845,119.0311888,949.3711815,388.2313225,26.2645441,0,0,1419.756545,2.025819844,9269.3,1.788329282,22.70591184,-33.71799957,67.99638335,5.362623692,61,30.5,9
element_4667,2098,266.8958791,6.234908788,118.9673557,1093.681159,410.0461089,26.27763253,0,0,1419.756545,2.025819844,9269.3,1.788329282,22.70591184,-33.71799957,67.99638335,5.362623692,61,30.5,9
element_4667,2099,266.9400355,6.033642646,119.8297659,956.4918311,412.3701254,26.26284988,0,0,1419.756545,2.025819844,9269.3,1.788329282,22.70591184,-33.71799957,67.99638335,5.362623692,61,30.5,9
element_4667,2100,266.697747,6.203059535,120.0296483,938.7549368,407.8013567,26.25673773,0,0,1419.756545,2.025819844,9269.3,1.788329282,22.70591184,-33.71799957,67.99638335,5.362623692,61,30.5,9
element_4668,2015,256.7467755,5.874981458,133.3136121,659.6626569,244.9819035,23.27745841,0,0,2624.895462,0.482212609,16783.6,3.113638005,32.43327798,-35.95106073,68.00254736,0,0,0,9
element_4668,2016,256.5470946,5.8368356,132.9657812,642.9394154,241.957643,23.28574245,0,0,2624.895462,0.482212609,16783.6,3.113638005,32.43327798,-35.95106073,68.00254736,0,0,0,9
element_4668,2017,256.1638491,5.866712963,135.2765937,571.2673567,242.3525408,23.27697839,0,0,2624.895462,0.482212609,16783.6,3.113638005,32.43327798,-35.95106073,68.00254736,0,0,0,9
element_4668,2018,256.8319228,6.07134391,134.7857807,679.8884119,241.9513879,23.27671997,0,0,2624.895462,0.482212609,16783.6,3.113638005,32.43327798,-35.95106073,68.00254736,0,0,0,9
element_4668,2019,256.0229855,5.925623673,133.1323938,570.8995361,227.2814771,23.27067585,0,0,2624.895462,0.482212609,16783.6,3.113638005,32.43327798,-35.95106073,68.00254736,0,0,0,9
element_4668,2020,256.3142731,5.997578723,133.0723734,659.6733642,235.3257933,23.27697527,0,0,2624.895462,0.482212609,16783.6,3.113638005,32.43327798,-35.95106073,68.00254736,0,0,0,9
element_4668,2021,255.9552977,6.005298675,133.1685173,597.5821179,226.826859,23.27329831,0,0,2624.895462,0.482212609,16783.6,3.113638005,32.43327798,-35.95106073,68.00254736,0,0,0,9
element_4668,2022,257.1593546,5.882803172,133.7524613,617.1086301,243.7227964,23.27146095,0,0,2624.895462,0.482212609,16783.6,3.113638005,32.43327798,-35.95106073,68.00254736,0,0,0,9
element_4668,2023,256.9748767,5.893600099,134.0944513,614.9150103,238.5786881,23.27884177,0,0,2624.895462,0.482212609,16783.6,3.113638005,32.43327798,-35.95106073,68.00254736,0,0,0,9
element_4668,2024,257.3482753,6.037604818,134.1998359,664.3341968,250.0760246,23.27904799,0,0,2624.895462,0.482212609,16783.6,3.113638005,32.43327798,-35.95106073,68.00254736,0,0,0,9
element_4668,2025,257.6322188,5.963953557,135.1077496,677.1520331,247.2393145,23.27516746,0,0,2624.895462,0.482212609,16783.6,3.113638005,32.43327798,-35.95106073,68.00254736,0,0,0,9
element_4668,2026,257.2273591,5.994636638,132.4868491,670.5362959,237.7808438,23.2707227,0,0,2624.895462,0.482212609,16783.6,3.113638005,32.43327798,-35.95106073,68.00254736,0,0,0,9
element_4668,2027,257.5594848,6.00019135,132.2237881,637.5464227,248.101046,23.27051573,0,0,2624.895462,0.482212609,16783.6,3.113638005,32.43327798,-35.95106073,68.00254736,0,0,0,9
element_4668,2028,257.7157389,5.948133065,133.4039871,590.6265425,248.0256558,23.27618071,0,0,2624.895462,0.482212609,16783.6,3.113638005,32.43327798,-35.95106073,68.00254736,0,0,0,9
element_4668,2029,257.328721,6.067332287,134.5899438,596.9391786,254.8136844,23.28419535,0,0,2624.895462,0.482212609,16783.6,3.113638005,32.43327798,-35.95106073,68.00254736,0,0,0,9
element_4668,2030,256.9595356,5.838238544,131.5108169,667.3392168,242.6155567,23.28052176,0,0,2624.895462,0.482212609,16783.6,3.113638005,32.43327798,-35.95106073,68.00254736,0,0,0,9
element_4668,2031,257.3751631,5.957752475,133.3622597,629.0385693,240.9007539,23.27591555,0,0,2624.895462,0.482212609,16783.6,3.113638005,32.43327798,-35.95106073,68.00254736,0,0,0,9
element_4668,2032,257.1677073,5.829078286,132.6126773,634.8313239,243.4007222,23.27702611,0,0,2624.895462,0.482212609,16783.6,3.113638005,32.43327798,-35.95106073,68.00254736,0,0,0,9
element_4668,2033,257.4995437,6.063024331,131.603152,725.7470188,246.639056,23.27323874,0,0,2624.895462,0.482212609,16783.6,3.113638005,32.43327798,-35.95106073,68.00254736,0,0,0,9
element_4668,2034,257.5177401,6.071221897,133.7299933,617.3116028,241.6245017,23.28234288,0,0,2624.895462,0.482212609,16783.6,3.113638005,32.43327798,-35.95106073,68.00254736,0,0,0,9
element_4668,2035,257.7678898,6.015479606,134.4890762,643.5046502,254.036893,23.28446889,0,0,2624.895462,0.482212609,16783.6,3.113638005,32.43327798,-35.95106073,68.00254736,0,0,0,9
element_4668,2036,257.4857877,5.890910377,132.7705429,656.1645009,253.8935397,23.27980149,0,0,2624.895462,0.482212609,16783.6,3.113638005,32.43327798,-35.95106073,68.00254736,0,0,0,9
element_4668,2037,257.2773118,6.012768284,130.7368593,703.8742591,235.9886449,23.27582287,0,0,2624.895462,0.482212609,16783.6,3.113638005,32.43327798,-35.95106073,68.00254736,0,0,0,9
element_4668,2038,257.7117745,5.980142379,131.2975027,694.4199373,244.1698374,23.27585301,0,0,2624.895462,0.482212609,16783.6,3.113638005,32.43327798,-35.95106073,68.00254736,0,0,0,9
element_4668,2039,257.9549332,5.904929883,132.667662,676.4036528,253.5793407,23.27680617,0,0,2624.895462,0.482212609,16783.6,3.113638005,32.43327798,-35.95106073,68.00254736,0,0,0,9
element_4668,2040,257.2761774,5.82340356,130.0141567,714.2362223,239.547744,23.27557788,0,0,2624.895462,0.482212609,16783.6,3.113638005,32.43327798,-35.95106073,68.00254736,0,0,0,9
element_4668,2041,257.5217994,5.913742107,131.1989601,690.4625826,244.6977559,23.28665138,0,0,2624.895462,0.482212609,16783.6,3.113638005,32.43327798,-35.95106073,68.00254736,0,0,0,9
element_4668,2042,258.0123976,5.991876205,132.3626098,712.4981998,243.8039797,23.27065839,0,0,2624.895462,0.482212609,16783.6,3.113638005,32.43327798,-35.95106073,68.00254736,0,0,0,9
element_4668,2043,257.7980892,5.933854705,133.2284814,646.1412603,248.2694463,23.27509581,0,0,2624.895462,0.482212609,16783.6,3.113638005,32.43327798,-35.95106073,68.00254736,0,0,0,9
element_4668,2044,257.8895673,5.97117242,132.3394116,724.1322355,239.4960749,23.2824485,0,0,2624.895462,0.482212609,16783.6,3.113638005,32.43327798,-35.95106073,68.00254736,0,0,0,9
element_4668,2045,258.6626585,5.993221225,129.8688773,786.5300207,250.0546592,23.28072977,0,0,2624.895462,0.482212609,16783.6,3.113638005,32.43327798,-35.95106073,68.00254736,0,0,0,9
element_4668,2046,258.2862443,5.932449996,132.8510888,690.5483872,261.2359087,23.2770729,0,0,2624.895462,0.482212609,16783.6,3.113638005,32.43327798,-35.95106073,68.00254736,0,0,0,9
element_4668,2047,258.2096192,6.01770075,131.9669671,677.8117472,251.2693163,23.27443963,0,0,2624.895462,0.482212609,16783.6,3.113638005,32.43327798,-35.95106073,68.00254736,0,0,0,9
element_4668,2048,258.3746963,5.922548595,131.44094,682.0509184,258.6611559,23.28232476,0,0,2624.895462,0.482212609,16783.6,3.113638005,32.43327798,-35.95106073,68.00254736,0,0,0,9
element_4668,2049,258.6894295,5.908147351,130.7062378,680.3270602,250.8655811,23.27828795,0,0,2624.895462,0.482212609,16783.6,3.113638005,32.43327798,-35.95106073,68.00254736,0,0,0,9
element_4668,2050,259.0187862,5.9129558,131.6781692,807.0604838,268.7391037,23.28276745,0,0,2624.895462,0.482212609,16783.6,3.113638005,32.43327798,-35.95106073,68.00254736,0,0,0,9
element_4668,2051,258.586782,5.991041762,128.7995225,686.5670628,261.9589892,23.27933082,0,0,2624.895462,0.482212609,16783.6,3.113638005,32.43327798,-35.95106073,68.00254736,0,0,0,9
element_4668,2052,258.6515148,5.929750618,130.2118183,680.3561258,256.8739467,23.28430006,0,0,2624.895462,0.482212609,16783.6,3.113638005,32.43327798,-35.95106073,68.00254736,0,0,0,9
element_4668,2053,258.6906875,5.928692911,130.7213298,680.4523239,256.5044657,23.28580128,0,0,2624.895462,0.482212609,16783.6,3.113638005,32.43327798,-35.95106073,68.00254736,0,0,0,9
element_4668,2054,258.5321311,6.205047848,130.9833938,777.9450028,256.4709242,23.28263849,0,0,2624.895462,0.482212609,16783.6,3.113638005,32.43327798,-35.95106073,68.00254736,0,0,0,9
element_4668,2055,258.5176432,5.86797824,131.9901379,697.2448991,265.4112536,23.28457337,0,0,2624.895462,0.482212609,16783.6,3.113638005,32.43327798,-35.95106073,68.00254736,0,0,0,9
element_4668,2056,258.7492318,5.928875255,132.157822,681.2186338,260.6449393,23.28859416,0,0,2624.895462,0.482212609,16783.6,3.113638005,32.43327798,-35.95106073,68.00254736,0,0,0,9
element_4668,2057,258.9362597,5.791086741,132.0991282,641.6899115,254.9936079,23.28290468,0,0,2624.895462,0.482212609,16783.6,3.113638005,32.43327798,-35.95106073,68.00254736,0,0,0,9
element_4668,2058,259.1371049,5.926613174,129.9442866,674.2255877,265.982306,23.29034912,0,0,2624.895462,0.482212609,16783.6,3.113638005,32.43327798,-35.95106073,68.00254736,0,0,0,9
element_4668,2059,259.2501383,6.085318436,129.718297,776.813042,271.5822341,23.28974177,0,0,2624.895462,0.482212609,16783.6,3.113638005,32.43327798,-35.95106073,68.00254736,0,0,0,9
element_4668,2060,259.0183022,5.970533803,131.503172,749.5435583,262.9755708,23.29293962,0,0,2624.895462,0.482212609,16783.6,3.113638005,32.43327798,-35.95106073,68.00254736,0,0,0,9
element_4668,2061,259.3599136,5.973196422,127.7588037,742.2192216,267.268056,23.29190536,0,0,2624.895462,0.482212609,16783.6,3.113638005,32.43327798,-35.95106073,68.00254736,0,0,0,9
element_4668,2062,259.8362769,6.011759487,130.0462533,737.3990816,278.3287398,23.29898245,0,0,2624.895462,0.482212609,16783.6,3.113638005,32.43327798,-35.95106073,68.00254736,0,0,0,9
element_4668,2063,259.6372143,5.844410884,130.0504786,679.090015,267.0915065,23.29768979,0,0,2624.895462,0.482212609,16783.6,3.113638005,32.43327798,-35.95106073,68.00254736,0,0,0,9
element_4668,2064,259.8269787,6.061740891,131.049601,741.0297369,275.2945117,23.29208959,0,0,2624.895462,0.482212609,16783.6,3.113638005,32.43327798,-35.95106073,68.00254736,0,0,0,9
element_4668,2065,259.9307474,5.85705522,129.2610756,752.7462816,275.3396509,23.28958584,0,0,2624.895462,0.482212609,16783.6,3.113638005,32.43327798,-35.95106073,68.00254736,0,0,0,9
element_4668,2066,260.0449362,5.986734719,129.5442723,775.0012168,286.6542222,23.29350421,0,0,2624.895462,0.482212609,16783.6,3.113638005,32.43327798,-35.95106073,68.00254736,0,0,0,9
element_4668,2067,259.8813745,5.93696579,128.850196,686.239342,283.4328569,23.30536909,0,0,2624.895462,0.482212609,16783.6,3.113638005,32.43327798,-35.95106073,68.00254736,0,0,0,9
element_4668,2068,259.4925082,5.958182746,129.1424426,693.0936941,275.290378,23.29318686,0,0,2624.895462,0.482212609,16783.6,3.113638005,32.43327798,-35.95106073,68.00254736,0,0,0,9
element_4668,2069,260.0536063,5.897796275,128.3512152,812.7681421,275.0668388,23.29759724,0,0,2624.895462,0.482212609,16783.6,3.113638005,32.43327798,-35.95106073,68.00254736,0,0,0,9
element_4668,2070,260.5253376,5.884209302,125.5084853,916.6843713,275.1659902,23.29808465,0,0,2624.895462,0.482212609,16783.6,3.113638005,32.43327798,-35.95106073,68.00254736,0,0,0,9
element_4668,2071,259.9293811,5.942807694,130.0099619,720.892192,278.2653648,23.28392652,0,0,2624.895462,0.482212609,16783.6,3.113638005,32.43327798,-35.95106073,68.00254736,0,0,0,9
element_4668,2072,259.9035808,5.830974226,130.1614933,726.9764727,278.3096204,23.29197556,0,0,2624.895462,0.482212609,16783.6,3.113638005,32.43327798,-35.95106073,68.00254736,0,0,0,9
element_4668,2073,260.152162,5.837692127,132.104644,723.3590175,295.3178248,23.29782812,0,0,2624.895462,0.482212609,16783.6,3.113638005,32.43327798,-35.95106073,68.00254736,0,0,0,9
element_4668,2074,260.303141,6.09364485,128.7319969,864.8205495,274.2675639,23.30400188,0,0,2624.895462,0.482212609,16783.6,3.113638005,32.43327798,-35.95106073,68.00254736,0,0,0,9
element_4668,2075,260.6953253,5.892660571,130.6755272,773.1998983,278.5760942,23.30610159,0,0,2624.895462,0.482212609,16783.6,3.113638005,32.43327798,-35.95106073,68.00254736,0,0,0,9
element_4668,2076,260.3431601,5.980374272,128.5296298,781.5104307,284.8608668,23.29116443,0,0,2624.895462,0.482212609,16783.6,3.113638005,32.43327798,-35.95106073,68.00254736,0,0,0,9
element_4668,2077,261.0286683,5.981289613,125.943508,913.9346318,289.0643191,23.28638049,0,0,2624.895462,0.482212609,16783.6,3.113638005,32.43327798,-35.95106073,68.00254736,0,0,0,9
element_4668,2078,261.0663553,5.789068296,130.1243725,855.7603731,291.0384636,23.30381662,0,0,2624.895462,0.482212609,16783.6,3.113638005,32.43327798,-35.95106073,68.00254736,0,0,0,9
element_4668,2079,260.7294762,5.939379565,126.6520163,844.3031646,282.0835515,23.30078317,0,0,2624.895462,0.482212609,16783.6,3.113638005,32.43327798,-35.95106073,68.00254736,0,0,0,9
element_4668,2080,261.0012546,5.972118182,126.7252945,894.167162,284.6463137,23.29711038,0,0,2624.895462,0.482212609,16783.6,3.113638005,32.43327798,-35.95106073,68.00254736,0,0,0,9
element_4668,2081,261.2402801,6.012575237,128.4067422,908.8901437,290.9414768,23.29808794,0,0,2624.895462,0.482212609,16783.6,3.113638005,32.43327798,-35.95106073,68.00254736,0,0,0,9
element_4668,2082,260.7606402,5.782638861,130.3432081,714.2761046,293.7704454,23.28856117,0,0,2624.895462,0.482212609,16783.6,3.113638005,32.43327798,-35.95106073,68.00254736,0,0,0,9
element_4668,2083,260.8532433,6.012393201,127.4763392,873.8869636,286.450182,23.29463223,0,0,2624.895462,0.482212609,16783.6,3.113638005,32.43327798,-35.95106073,68.00254736,0,0,0,9
element_4668,2084,261.0995238,5.863950655,125.6557459,869.3301851,292.7144561,23.29896989,0,0,2624.895462,0.482212609,16783.6,3.113638005,32.43327798,-35.95106073,68.00254736,0,0,0,9
element_4668,2085,261.2214428,6.000668101,128.4166783,742.2817135,297.3677554,23.3044175,0,0,2624.895462,0.482212609,16783.6,3.113638005,32.43327798,-35.95106073,68.00254736,0,0,0,9
element_4668,2086,260.9906803,5.960335778,129.4479909,796.3167058,298.2852183,23.27664555,0,0,2624.895462,0.482212609,16783.6,3.113638005,32.43327798,-35.95106073,68.00254736,0,0,0,9
element_4668,2087,260.8768642,6.000836546,128.8309897,747.5581603,287.7987556,23.29240919,0,0,2624.895462,0.482212609,16783.6,3.113638005,32.43327798,-35.95106073,68.00254736,0,0,0,9
element_4668,2088,261.0246195,5.877408385,127.8497218,795.6511943,297.5366502,23.31054429,0,0,2624.895462,0.482212609,16783.6,3.113638005,32.43327798,-35.95106073,68.00254736,0,0,0,9
element_4668,2089,261.107821,5.838046471,125.581027,794.1491403,294.671816,23.29982501,0,0,2624.895462,0.482212609,16783.6,3.113638005,32.43327798,-35.95106073,68.00254736,0,0,0,9
element_4668,2090,260.6473072,5.891613484,127.1376498,765.0479328,290.7879189,23.30690634,0,0,2624.895462,0.482212609,16783.6,3.113638005,32.43327798,-35.95106073,68.00254736,0,0,0,9
element_4668,2091,260.9931413,5.928612841,127.9392443,813.2539009,305.9559436,23.30516011,0,0,2624.895462,0.482212609,16783.6,3.113638005,32.43327798,-35.95106073,68.00254736,0,0,0,9
element_4668,2092,261.6177505,5.873758834,126.982946,926.0893797,302.4024361,23.29770644,0,0,2624.895462,0.482212609,16783.6,3.113638005,32.43327798,-35.95106073,68.00254736,0,0,0,9
element_4668,2093,261.8205716,5.994147214,127.3312434,855.374574,318.1291073,23.30805774,0,0,2624.895462,0.482212609,16783.6,3.113638005,32.43327798,-35.95106073,68.00254736,0,0,0,9
element_4668,2094,261.1312364,5.900352794,129.106052,712.9765442,310.1282638,23.31552841,0,0,2624.895462,0.482212609,16783.6,3.113638005,32.43327798,-35.95106073,68.00254736,0,0,0,9
element_4668,2095,261.8214517,5.913935956,123.9736381,863.6467745,303.7489512,23.30122831,0,0,2624.895462,0.482212609,16783.6,3.113638005,32.43327798,-35.95106073,68.00254736,0,0,0,9
element_4668,2096,261.2967782,5.956918683,127.7282891,766.4843736,310.8527598,23.3078014,0,0,2624.895462,0.482212609,16783.6,3.113638005,32.43327798,-35.95106073,68.00254736,0,0,0,9
element_4668,2097,261.2673153,5.999886139,127.209609,727.3642985,299.9440519,23.30703059,0,0,2624.895462,0.482212609,16783.6,3.113638005,32.43327798,-35.95106073,68.00254736,0,0,0,9
element_4668,2098,262.1816225,6.013648622,126.3003557,876.4905248,319.3176015,23.32083366,0,0,2624.895462,0.482212609,16783.6,3.113638005,32.43327798,-35.95106073,68.00254736,0,0,0,9
element_4668,2099,262.2078664,5.69639002,127.3317254,727.1765844,320.0522001,23.30182957,0,0,2624.895462,0.482212609,16783.6,3.113638005,32.43327798,-35.95106073,68.00254736,0,0,0,9
element_4668,2100,261.9488481,5.889366171,127.0742842,739.8657085,316.7981913,23.30298648,0,0,2624.895462,0.482212609,16783.6,3.113638005,32.43327798,-35.95106073,68.00254736,0,0,0,9
element_4670,2015,261.6982935,6.062049184,129.6478266,984.0504371,322.7554921,22.7374666,0,0,1911.36684,3.650971092,4729.2,1.713341579,26.02717754,-36.79663362,66.81046747,6.302013397,33.046978,27.5,9
element_4670,2016,261.400314,5.976817571,128.3627352,992.2181159,315.2278302,22.74169537,0,0,1911.36684,3.650971092,4729.2,1.713341579,26.02717754,-36.79663362,66.81046747,6.302013397,33.046978,27.5,9
element_4670,2017,261.1510218,5.93218972,130.7270597,858.1302587,319.7391258,22.73092051,0,0,1911.36684,3.650971092,4729.2,1.713341579,26.02717754,-36.79663362,66.81046747,6.302013397,33.046978,27.5,9
element_4670,2018,261.7312881,6.118294423,129.9231724,997.1387802,321.5307797,22.72738084,0,0,1911.36684,3.650971092,4729.2,1.713341579,26.02717754,-36.79663362,66.81046747,6.302013397,33.046978,27.5,9
element_4670,2019,261.048279,6.135751476,127.8535054,871.6322491,306.9434924,22.72262632,0,0,1911.36684,3.650971092,4729.2,1.713341579,26.02717754,-36.79663362,66.81046747,6.302013397,33.046978,27.5,9
element_4670,2020,261.3181912,6.08340785,127.7753757,939.8772052,314.7269541,22.73275066,0,0,1911.36684,3.650971092,4729.2,1.713341579,26.02717754,-36.79663362,66.81046747,6.302013397,33.046978,27.5,9
element_4670,2021,260.938695,6.095751185,129.3849373,863.0252759,306.8474718,22.7278569,0,0,1911.36684,3.650971092,4729.2,1.713341579,26.02717754,-36.79663362,66.81046747,6.302013397,33.046978,27.5,9
element_4670,2022,262.3689915,6.062014667,128.3782456,949.9917906,325.4280927,22.72268552,0,0,1911.36684,3.650971092,4729.2,1.713341579,26.02717754,-36.79663362,66.81046747,6.302013397,33.046978,27.5,9
element_4670,2023,262.0920457,6.07850061,128.5082475,934.2432942,314.4830644,22.73261975,0,0,1911.36684,3.650971092,4729.2,1.713341579,26.02717754,-36.79663362,66.81046747,6.302013397,33.046978,27.5,9
element_4670,2024,262.3827625,6.241113167,129.7611294,954.2333922,328.104681,22.7366003,0,0,1911.36684,3.650971092,4729.2,1.713341579,26.02717754,-36.79663362,66.81046747,6.302013397,33.046978,27.5,9
element_4670,2025,262.80787,6.063444781,129.7848881,1027.594428,326.8010889,22.7325657,0,0,1911.36684,3.650971092,4729.2,1.713341579,26.02717754,-36.79663362,66.81046747,6.302013397,33.046978,27.5,9
element_4670,2026,262.2533668,6.133748374,127.2640686,964.1282373,319.5088857,22.72438022,0,0,1911.36684,3.650971092,4729.2,1.713341579,26.02717754,-36.79663362,66.81046747,6.302013397,33.046978,27.5,9
element_4670,2027,262.4759124,6.086449614,127.1881261,941.9127767,328.2954523,22.71684316,0,0,1911.36684,3.650971092,4729.2,1.713341579,26.02717754,-36.79663362,66.81046747,6.302013397,33.046978,27.5,9
element_4670,2028,262.6601011,5.950578056,128.9147168,847.6819602,329.716846,22.73043078,0,0,1911.36684,3.650971092,4729.2,1.713341579,26.02717754,-36.79663362,66.81046747,6.302013397,33.046978,27.5,9
element_4670,2029,262.2826289,6.097397358,129.7590249,907.4814178,336.7629069,22.74108665,0,0,1911.36684,3.650971092,4729.2,1.713341579,26.02717754,-36.79663362,66.81046747,6.302013397,33.046978,27.5,9
element_4670,2030,261.8199221,5.853322157,126.8217757,987.2428977,321.81916,22.73627341,0,0,1911.36684,3.650971092,4729.2,1.713341579,26.02717754,-36.79663362,66.81046747,6.302013397,33.046978,27.5,9
element_4670,2031,262.3999179,6.092871821,127.3581911,983.4043807,321.8326465,22.73022869,0,0,1911.36684,3.650971092,4729.2,1.713341579,26.02717754,-36.79663362,66.81046747,6.302013397,33.046978,27.5,9
element_4670,2032,262.1649922,6.029873611,126.8795338,965.648854,324.0502638,22.73766299,0,0,1911.36684,3.650971092,4729.2,1.713341579,26.02717754,-36.79663362,66.81046747,6.302013397,33.046978,27.5,9
element_4670,2033,262.462324,6.121570961,127.3231684,1018.571845,328.0194685,22.72619342,0,0,1911.36684,3.650971092,4729.2,1.713341579,26.02717754,-36.79663362,66.81046747,6.302013397,33.046978,27.5,9
element_4670,2034,262.5327463,6.142214894,128.4069617,924.1481974,322.4555991,22.74293392,0,0,1911.36684,3.650971092,4729.2,1.713341579,26.02717754,-36.79663362,66.81046747,6.302013397,33.046978,27.5,9
element_4670,2035,262.7445119,6.119587687,129.4391234,975.3030785,338.5537575,22.73989306,0,0,1911.36684,3.650971092,4729.2,1.713341579,26.02717754,-36.79663362,66.81046747,6.302013397,33.046978,27.5,9
element_4670,2036,262.3275727,5.997517643,126.9989563,986.9279908,334.5857388,22.73699513,0,0,1911.36684,3.650971092,4729.2,1.713341579,26.02717754,-36.79663362,66.81046747,6.302013397,33.046978,27.5,9
element_4670,2037,262.1928636,6.096945773,126.5263243,983.7608529,316.7077195,22.72858415,0,0,1911.36684,3.650971092,4729.2,1.713341579,26.02717754,-36.79663362,66.81046747,6.302013397,33.046978,27.5,9
element_4670,2038,262.7983004,6.215881638,126.1312439,1028.403394,326.7764207,22.72479087,0,0,1911.36684,3.650971092,4729.2,1.713341579,26.02717754,-36.79663362,66.81046747,6.302013397,33.046978,27.5,9
element_4670,2039,262.9131593,6.101018229,126.5353814,1013.830342,335.1867732,22.73116072,0,0,1911.36684,3.650971092,4729.2,1.713341579,26.02717754,-36.79663362,66.81046747,6.302013397,33.046978,27.5,9
element_4670,2040,262.2458916,5.907714224,125.5995691,999.6765239,322.0514797,22.72249704,0,0,1911.36684,3.650971092,4729.2,1.713341579,26.02717754,-36.79663362,66.81046747,6.302013397,33.046978,27.5,9
element_4670,2041,262.5079757,6.106426743,125.2539889,1076.643305,322.9122861,22.73673281,0,0,1911.36684,3.650971092,4729.2,1.713341579,26.02717754,-36.79663362,66.81046747,6.302013397,33.046978,27.5,9
element_4670,2042,262.7612366,6.086100466,127.7627047,1039.972481,324.5814915,22.71154503,0,0,1911.36684,3.650971092,4729.2,1.713341579,26.02717754,-36.79663362,66.81046747,6.302013397,33.046978,27.5,9
element_4670,2043,262.8019895,6.037941311,128.6873803,979.478183,327.5464701,22.72546009,0,0,1911.36684,3.650971092,4729.2,1.713341579,26.02717754,-36.79663362,66.81046747,6.302013397,33.046978,27.5,9
element_4670,2044,262.9421133,6.092963784,126.6324822,1099.260485,320.0264831,22.73579331,0,0,1911.36684,3.650971092,4729.2,1.713341579,26.02717754,-36.79663362,66.81046747,6.302013397,33.046978,27.5,9
element_4670,2045,263.7353328,6.22987602,123.9184971,1192.901453,333.058136,22.73053724,0,0,1911.36684,3.650971092,4729.2,1.713341579,26.02717754,-36.79663362,66.81046747,6.302013397,33.046978,27.5,9
element_4670,2046,263.178038,5.859877901,128.7736999,1018.626989,344.6894553,22.72181873,0,0,1911.36684,3.650971092,4729.2,1.713341579,26.02717754,-36.79663362,66.81046747,6.302013397,33.046978,27.5,9
element_4670,2047,263.1876812,6.114893322,126.99763,987.9949502,337.3908163,22.7048321,0,0,1911.36684,3.650971092,4729.2,1.713341579,26.02717754,-36.79663362,66.81046747,6.302013397,33.046978,27.5,9
element_4670,2048,263.2214792,6.057203632,127.0393389,989.2839093,342.5335153,22.72157277,0,0,1911.36684,3.650971092,4729.2,1.713341579,26.02717754,-36.79663362,66.81046747,6.302013397,33.046978,27.5,9
element_4670,2049,263.6430735,5.997950307,124.6373742,1023.498887,333.0507737,22.72022584,0,0,1911.36684,3.650971092,4729.2,1.713341579,26.02717754,-36.79663362,66.81046747,6.302013397,33.046978,27.5,9
element_4670,2050,264.051817,6.068950636,126.0209682,1154.362082,356.3488277,22.72745826,0,0,1911.36684,3.650971092,4729.2,1.713341579,26.02717754,-36.79663362,66.81046747,6.302013397,33.046978,27.5,9
element_4670,2051,263.5213397,6.060154063,123.6938043,958.1869671,346.962279,22.72500151,0,0,1911.36684,3.650971092,4729.2,1.713341579,26.02717754,-36.79663362,66.81046747,6.302013397,33.046978,27.5,9
element_4670,2052,263.6229341,6.065403233,124.1986857,1000.588228,340.7246711,22.72594071,0,0,1911.36684,3.650971092,4729.2,1.713341579,26.02717754,-36.79663362,66.81046747,6.302013397,33.046978,27.5,9
element_4670,2053,263.6477607,6.078306432,124.7222155,996.7924354,341.8131222,22.72384818,0,0,1911.36684,3.650971092,4729.2,1.713341579,26.02717754,-36.79663362,66.81046747,6.302013397,33.046978,27.5,9
element_4670,2054,263.5411615,6.305559886,126.0542031,1088.098663,339.492407,22.72728176,0,0,1911.36684,3.650971092,4729.2,1.713341579,26.02717754,-36.79663362,66.81046747,6.302013397,33.046978,27.5,9
element_4670,2055,263.4179363,5.881303491,126.6108491,993.005381,351.3058187,22.73175921,0,0,1911.36684,3.650971092,4729.2,1.713341579,26.02717754,-36.79663362,66.81046747,6.302013397,33.046978,27.5,9
element_4670,2056,263.7572835,6.085776358,126.1562134,1015.923877,346.8319308,22.72721242,0,0,1911.36684,3.650971092,4729.2,1.713341579,26.02717754,-36.79663362,66.81046747,6.302013397,33.046978,27.5,9
element_4670,2057,264.0637546,6.075649607,124.9282608,995.4358163,340.9934096,22.72605632,0,0,1911.36684,3.650971092,4729.2,1.713341579,26.02717754,-36.79663362,66.81046747,6.302013397,33.046978,27.5,9
element_4670,2058,264.1431416,6.103403812,124.3594896,972.12929,349.3532353,22.73525241,0,0,1911.36684,3.650971092,4729.2,1.713341579,26.02717754,-36.79663362,66.81046747,6.302013397,33.046978,27.5,9
element_4670,2059,264.1419823,6.148216176,125.4738208,1084.44172,356.4592423,22.73080595,0,0,1911.36684,3.650971092,4729.2,1.713341579,26.02717754,-36.79663362,66.81046747,6.302013397,33.046978,27.5,9
element_4670,2060,263.9473192,6.017331404,126.9254949,1056.632407,352.1816263,22.73669264,0,0,1911.36684,3.650971092,4729.2,1.713341579,26.02717754,-36.79663362,66.81046747,6.302013397,33.046978,27.5,9
element_4670,2061,264.3515001,6.168346075,121.0465442,1091.514126,347.4462636,22.73066584,0,0,1911.36684,3.650971092,4729.2,1.713341579,26.02717754,-36.79663362,66.81046747,6.302013397,33.046978,27.5,9
element_4670,2062,264.8418929,6.183312036,123.5029909,1121.197707,362.2585942,22.74290176,0,0,1911.36684,3.650971092,4729.2,1.713341579,26.02717754,-36.79663362,66.81046747,6.302013397,33.046978,27.5,9
element_4670,2063,264.5495037,5.879849064,124.8535758,983.3429038,354.2953208,22.74321876,0,0,1911.36684,3.650971092,4729.2,1.713341579,26.02717754,-36.79663362,66.81046747,6.302013397,33.046978,27.5,9
element_4670,2064,264.701542,5.9608847,125.2148437,1033.027891,361.4363226,22.73551957,0,0,1911.36684,3.650971092,4729.2,1.713341579,26.02717754,-36.79663362,66.81046747,6.302013397,33.046978,27.5,9
element_4670,2065,264.8962743,5.898445786,123.1530219,1092.383099,362.3179066,22.73954414,0,0,1911.36684,3.650971092,4729.2,1.713341579,26.02717754,-36.79663362,66.81046747,6.302013397,33.046978,27.5,9
element_4670,2066,264.9416033,6.0432663,124.829562,1098.722038,379.5329611,22.73526426,0,0,1911.36684,3.650971092,4729.2,1.713341579,26.02717754,-36.79663362,66.81046747,6.302013397,33.046978,27.5,9
element_4670,2067,264.8336357,6.050749843,123.3489644,1022.659239,368.4517752,22.75177102,0,0,1911.36684,3.650971092,4729.2,1.713341579,26.02717754,-36.79663362,66.81046747,6.302013397,33.046978,27.5,9
element_4670,2068,264.5190688,6.021712125,123.2061123,1006.97912,363.8542185,22.73498655,0,0,1911.36684,3.650971092,4729.2,1.713341579,26.02717754,-36.79663362,66.81046747,6.302013397,33.046978,27.5,9
element_4670,2069,264.945325,5.987455359,122.2835982,1175.142814,363.1539672,22.74118802,0,0,1911.36684,3.650971092,4729.2,1.713341579,26.02717754,-36.79663362,66.81046747,6.302013397,33.046978,27.5,9
element_4670,2070,265.4069755,5.99950017,119.32752,1292.908656,361.8238393,22.74857807,0,0,1911.36684,3.650971092,4729.2,1.713341579,26.02717754,-36.79663362,66.81046747,6.302013397,33.046978,27.5,9
element_4670,2071,265.0774378,6.168284234,124.3208014,1073.553697,365.0564725,22.72782662,0,0,1911.36684,3.650971092,4729.2,1.713341579,26.02717754,-36.79663362,66.81046747,6.302013397,33.046978,27.5,9
element_4670,2072,264.9001771,5.871918851,124.9888395,1088.931279,367.0359265,22.7210948,0,0,1911.36684,3.650971092,4729.2,1.713341579,26.02717754,-36.79663362,66.81046747,6.302013397,33.046978,27.5,9
element_4670,2073,265.0602656,5.837009884,126.529779,1064.204388,382.9998404,22.72291886,0,0,1911.36684,3.650971092,4729.2,1.713341579,26.02717754,-36.79663362,66.81046747,6.302013397,33.046978,27.5,9
element_4670,2074,265.1496387,6.1731384,123.3453356,1136.584524,359.7830104,22.73066591,0,0,1911.36684,3.650971092,4729.2,1.713341579,26.02717754,-36.79663362,66.81046747,6.302013397,33.046978,27.5,9
element_4670,2075,265.7659334,5.931462708,124.6933437,1134.974685,369.8000071,22.73615933,0,0,1911.36684,3.650971092,4729.2,1.713341579,26.02717754,-36.79663362,66.81046747,6.302013397,33.046978,27.5,9
element_4670,2076,265.3757742,6.031111709,122.896352,1083.313729,371.8277794,22.70815419,0,0,1911.36684,3.650971092,4729.2,1.713341579,26.02717754,-36.79663362,66.81046747,6.302013397,33.046978,27.5,9
element_4670,2077,265.9441466,6.109707273,121.0872945,1294.199924,379.7672671,22.70025935,0,0,1911.36684,3.650971092,4729.2,1.713341579,26.02717754,-36.79663362,66.81046747,6.302013397,33.046978,27.5,9
element_4670,2078,266.1915492,6.054104213,123.4273355,1241.313023,380.3821575,22.72230654,0,0,1911.36684,3.650971092,4729.2,1.713341579,26.02717754,-36.79663362,66.81046747,6.302013397,33.046978,27.5,9
element_4670,2079,265.7557282,6.059917722,119.9882197,1195.139475,370.2818923,22.72488716,0,0,1911.36684,3.650971092,4729.2,1.713341579,26.02717754,-36.79663362,66.81046747,6.302013397,33.046978,27.5,9
element_4670,2080,266.0798656,6.177680276,119.600746,1281.504513,373.8392444,22.71432574,0,0,1911.36684,3.650971092,4729.2,1.713341579,26.02717754,-36.79663362,66.81046747,6.302013397,33.046978,27.5,9
element_4670,2081,266.0789291,6.105294572,122.7351587,1267.84539,380.6168351,22.71919751,0,0,1911.36684,3.650971092,4729.2,1.713341579,26.02717754,-36.79663362,66.81046747,6.302013397,33.046978,27.5,9
element_4670,2082,265.7812772,5.799809904,124.7074105,1022.338288,382.1608728,22.70901847,0,0,1911.36684,3.650971092,4729.2,1.713341579,26.02717754,-36.79663362,66.81046747,6.302013397,33.046978,27.5,9
element_4670,2083,265.8547338,6.15394502,121.3028634,1312.209947,373.9658711,22.71285973,0,0,1911.36684,3.650971092,4729.2,1.713341579,26.02717754,-36.79663362,66.81046747,6.302013397,33.046978,27.5,9
element_4670,2084,266.0614184,5.996223582,117.8158865,1208.184576,380.408995,22.72457941,0,0,1911.36684,3.650971092,4729.2,1.713341579,26.02717754,-36.79663362,66.81046747,6.302013397,33.046978,27.5,9
element_4670,2085,266.2324888,6.055752673,123.3064442,1065.664861,387.3750993,22.73261678,0,0,1911.36684,3.650971092,4729.2,1.713341579,26.02717754,-36.79663362,66.81046747,6.302013397,33.046978,27.5,9
element_4670,2086,266.0366902,5.982055313,124.573139,1063.512777,393.6964461,22.68801013,0,0,1911.36684,3.650971092,4729.2,1.713341579,26.02717754,-36.79663362,66.81046747,6.302013397,33.046978,27.5,9
element_4670,2087,265.8790649,6.052593837,122.425359,1069.769436,381.2392204,22.70781516,0,0,1911.36684,3.650971092,4729.2,1.713341579,26.02717754,-36.79663362,66.81046747,6.302013397,33.046978,27.5,9
element_4670,2088,266.1461084,6.030836697,121.2098064,1134.708943,396.7301076,22.73020971,0,0,1911.36684,3.650971092,4729.2,1.713341579,26.02717754,-36.79663362,66.81046747,6.302013397,33.046978,27.5,9
element_4670,2089,266.0438753,6.026840345,118.8104697,1177.775171,388.2315935,22.71525739,0,0,1911.36684,3.650971092,4729.2,1.713341579,26.02717754,-36.79663362,66.81046747,6.302013397,33.046978,27.5,9
element_4670,2090,265.6351287,5.88615938,121.1508169,1043.410281,386.8535877,22.72620388,0,0,1911.36684,3.650971092,4729.2,1.713341579,26.02717754,-36.79663362,66.81046747,6.302013397,33.046978,27.5,9
element_4670,2091,266.1222625,5.973124593,121.6043026,1181.042892,402.518377,22.72340186,0,0,1911.36684,3.650971092,4729.2,1.713341579,26.02717754,-36.79663362,66.81046747,6.302013397,33.046978,27.5,9
element_4670,2092,266.6949875,5.980988987,121.0239388,1297.304527,400.1149355,22.71142429,0,0,1911.36684,3.650971092,4729.2,1.713341579,26.02717754,-36.79663362,66.81046747,6.302013397,33.046978,27.5,9
element_4670,2093,266.8662247,6.114229573,120.7147271,1202.912774,412.6490313,22.73068126,0,0,1911.36684,3.650971092,4729.2,1.713341579,26.02717754,-36.79663362,66.81046747,6.302013397,33.046978,27.5,9
element_4670,2094,266.3729712,5.959150793,123.1124642,1058.596334,408.4557926,22.73082544,0,0,1911.36684,3.650971092,4729.2,1.713341579,26.02717754,-36.79663362,66.81046747,6.302013397,33.046978,27.5,9
element_4670,2095,266.7979966,5.982878854,116.5523768,1241.01071,400.334279,22.72035381,0,0,1911.36684,3.650971092,4729.2,1.713341579,26.02717754,-36.79663362,66.81046747,6.302013397,33.046978,27.5,9
element_4670,2096,266.4259369,6.025108534,121.4427747,1069.2914,407.2541165,22.72303783,0,0,1911.36684,3.650971092,4729.2,1.713341579,26.02717754,-36.79663362,66.81046747,6.302013397,33.046978,27.5,9
element_4670,2097,266.3308033,6.014277855,122.2473406,1045.444794,397.7481335,22.72508553,0,0,1911.36684,3.650971092,4729.2,1.713341579,26.02717754,-36.79663362,66.81046747,6.302013397,33.046978,27.5,9
element_4670,2098,267.0601755,6.08121176,119.8979876,1236.080168,415.5975321,22.73631942,0,0,1911.36684,3.650971092,4729.2,1.713341579,26.02717754,-36.79663362,66.81046747,6.302013397,33.046978,27.5,9
element_4670,2099,267.161157,5.790933964,121.6512556,1068.955754,414.9848491,22.7192436,0,0,1911.36684,3.650971092,4729.2,1.713341579,26.02717754,-36.79663362,66.81046747,6.302013397,33.046978,27.5,9
element_4670,2100,266.8014792,5.973817686,121.7189274,1063.008875,412.2883243,22.72220056,0,0,1911.36684,3.650971092,4729.2,1.713341579,26.02717754,-36.79663362,66.81046747,6.302013397,33.046978,27.5,9
element_4671,2015,257.4509801,5.755303666,134.1643248,724.6928814,258.3870345,21.94096906,0,0,2162.948853,1.975886515,3824,2.564975933,39.37213034,-37.33900513,67.19879804,5.734513283,30.62389374,28,9
element_4671,2016,257.234927,5.733119007,132.9820628,747.7982501,253.315571,21.94287945,0,0,2162.948853,1.975886515,3824,2.564975933,39.37213034,-37.33900513,67.19879804,5.734513283,30.62389374,28,9
element_4671,2017,256.8409755,5.710348861,135.5424064,639.0813933,254.6882914,21.93741457,0,0,2162.948853,1.975886515,3824,2.564975933,39.37213034,-37.33900513,67.19879804,5.734513283,30.62389374,28,9
element_4671,2018,257.4841389,5.950052487,134.6671562,747.4346767,254.5203131,21.93514664,0,0,2162.948853,1.975886515,3824,2.564975933,39.37213034,-37.33900513,67.19879804,5.734513283,30.62389374,28,9
element_4671,2019,256.6557859,5.81632672,132.961061,651.4350422,238.8203528,21.93154704,0,0,2162.948853,1.975886515,3824,2.564975933,39.37213034,-37.33900513,67.19879804,5.734513283,30.62389374,28,9
element_4671,2020,256.9984244,5.883009402,132.6131173,721.9735921,247.8084948,21.93653738,0,0,2162.948853,1.975886515,3824,2.564975933,39.37213034,-37.33900513,67.19879804,5.734513283,30.62389374,28,9
element_4671,2021,256.537171,5.866882632,133.8792906,664.6516641,239.6107683,21.93364464,0,0,2162.948853,1.975886515,3824,2.564975933,39.37213034,-37.33900513,67.19879804,5.734513283,30.62389374,28,9
element_4671,2022,257.9022734,5.775577414,133.7580086,707.4185049,256.6438633,21.93156158,0,0,2162.948853,1.975886515,3824,2.564975933,39.37213034,-37.33900513,67.19879804,5.734513283,30.62389374,28,9
element_4671,2023,257.6824673,5.763914083,133.917136,703.0407994,249.8290015,21.93799394,0,0,2162.948853,1.975886515,3824,2.564975933,39.37213034,-37.33900513,67.19879804,5.734513283,30.62389374,28,9
element_4671,2024,258.0486596,5.938728018,134.3928525,723.9351567,262.0369145,21.93976223,0,0,2162.948853,1.975886515,3824,2.564975933,39.37213034,-37.33900513,67.19879804,5.734513283,30.62389374,28,9
element_4671,2025,258.373579,5.880835035,134.7848636,774.1976644,258.7587265,21.93689869,0,0,2162.948853,1.975886515,3824,2.564975933,39.37213034,-37.33900513,67.19879804,5.734513283,30.62389374,28,9
element_4671,2026,257.9247634,5.892619191,132.3912445,732.2089682,251.6694324,21.9327527,0,0,2162.948853,1.975886515,3824,2.564975933,39.37213034,-37.33900513,67.19879804,5.734513283,30.62389374,28,9
element_4671,2027,258.2214905,5.907249882,132.0766141,723.0422812,261.0636824,21.92838021,0,0,2162.948853,1.975886515,3824,2.564975933,39.37213034,-37.33900513,67.19879804,5.734513283,30.62389374,28,9
element_4671,2028,258.4076997,5.78828891,133.6993451,649.4658769,261.513305,21.93515642,0,0,2162.948853,1.975886515,3824,2.564975933,39.37213034,-37.33900513,67.19879804,5.734513283,30.62389374,28,9
element_4671,2029,258.0072381,5.945386894,134.2354438,690.0761168,267.5523784,21.94070712,0,0,2162.948853,1.975886515,3824,2.564975933,39.37213034,-37.33900513,67.19879804,5.734513283,30.62389374,28,9
element_4671,2030,257.6115023,5.698251383,131.5026044,743.8297569,254.8555695,21.93829457,0,0,2162.948853,1.975886515,3824,2.564975933,39.37213034,-37.33900513,67.19879804,5.734513283,30.62389374,28,9
element_4671,2031,258.0481859,5.871458203,132.5095745,738.1342509,252.1529028,21.93464579,0,0,2162.948853,1.975886515,3824,2.564975933,39.37213034,-37.33900513,67.19879804,5.734513283,30.62389374,28,9
element_4671,2032,257.8527658,5.731034953,132.4504518,733.4076815,255.8242708,21.9384929,0,0,2162.948853,1.975886515,3824,2.564975933,39.37213034,-37.33900513,67.19879804,5.734513283,30.62389374,28,9
element_4671,2033,258.2085664,5.948825341,132.1785792,791.3882755,258.8774121,21.93210226,0,0,2162.948853,1.975886515,3824,2.564975933,39.37213034,-37.33900513,67.19879804,5.734513283,30.62389374,28,9
element_4671,2034,258.2121403,5.955224804,133.4690427,712.0675068,252.9463277,21.94217188,0,0,2162.948853,1.975886515,3824,2.564975933,39.37213034,-37.33900513,67.19879804,5.734513283,30.62389374,28,9
element_4671,2035,258.4323696,5.915662117,134.3913703,733.9458146,265.8862175,21.94172841,0,0,2162.948853,1.975886515,3824,2.564975933,39.37213034,-37.33900513,67.19879804,5.734513283,30.62389374,28,9
element_4671,2036,258.123773,5.779559524,132.3749664,754.2541453,265.9793334,21.94026407,0,0,2162.948853,1.975886515,3824,2.564975933,39.37213034,-37.33900513,67.19879804,5.734513283,30.62389374,28,9
element_4671,2037,257.9598312,5.877786992,131.0773971,757.0541568,249.4915578,21.93650089,0,0,2162.948853,1.975886515,3824,2.564975933,39.37213034,-37.33900513,67.19879804,5.734513283,30.62389374,28,9
element_4671,2038,258.4806723,5.88771255,131.2958683,781.2890574,257.0543904,21.93521113,0,0,2162.948853,1.975886515,3824,2.564975933,39.37213034,-37.33900513,67.19879804,5.734513283,30.62389374,28,9
element_4671,2039,258.6215706,5.843436019,132.0471531,764.8220099,265.111023,21.93821331,0,0,2162.948853,1.975886515,3824,2.564975933,39.37213034,-37.33900513,67.19879804,5.734513283,30.62389374,28,9
element_4671,2040,257.9125579,5.681913298,130.2482531,783.6120647,252.04807,21.93437641,0,0,2162.948853,1.975886515,3824,2.564975933,39.37213034,-37.33900513,67.19879804,5.734513283,30.62389374,28,9
element_4671,2041,258.2209282,5.847291779,130.5761985,800.0088643,253.8630579,21.94146406,0,0,2162.948853,1.975886515,3824,2.564975933,39.37213034,-37.33900513,67.19879804,5.734513283,30.62389374,28,9
element_4671,2042,258.6130424,5.839955995,132.1951255,794.7076845,255.8994255,21.92734188,0,0,2162.948853,1.975886515,3824,2.564975933,39.37213034,-37.33900513,67.19879804,5.734513283,30.62389374,28,9
element_4671,2043,258.4962624,5.83488691,133.3673449,732.7787551,258.3507305,21.93485129,0,0,2162.948853,1.975886515,3824,2.564975933,39.37213034,-37.33900513,67.19879804,5.734513283,30.62389374,28,9
element_4671,2044,258.5891335,5.849497007,131.5398385,830.4853241,250.4537621,21.94149653,0,0,2162.948853,1.975886515,3824,2.564975933,39.37213034,-37.33900513,67.19879804,5.734513283,30.62389374,28,9
element_4671,2045,259.4146504,5.920144987,129.2383594,896.1242482,262.206546,21.93973589,0,0,2162.948853,1.975886515,3824,2.564975933,39.37213034,-37.33900513,67.19879804,5.734513283,30.62389374,28,9
element_4671,2046,258.9786896,5.781368503,133.0425087,783.9981496,275.1217425,21.93611715,0,0,2162.948853,1.975886515,3824,2.564975933,39.37213034,-37.33900513,67.19879804,5.734513283,30.62389374,28,9
element_4671,2047,258.8946731,5.936008957,131.991847,757.7688393,266.0977829,21.92972317,0,0,2162.948853,1.975886515,3824,2.564975933,39.37213034,-37.33900513,67.19879804,5.734513283,30.62389374,28,9
element_4671,2048,258.9426948,5.817163268,131.753467,759.5591479,271.9137699,21.93853501,0,0,2162.948853,1.975886515,3824,2.564975933,39.37213034,-37.33900513,67.19879804,5.734513283,30.62389374,28,9
element_4671,2049,259.2979768,5.778327394,130.6356354,764.7591848,263.2614276,21.93625553,0,0,2162.948853,1.975886515,3824,2.564975933,39.37213034,-37.33900513,67.19879804,5.734513283,30.62389374,28,9
element_4671,2050,259.6678134,5.821824138,131.3320355,877.1857411,281.5377246,21.93958185,0,0,2162.948853,1.975886515,3824,2.564975933,39.37213034,-37.33900513,67.19879804,5.734513283,30.62389374,28,9
element_4671,2051,259.1823074,5.832068755,128.9253014,758.1507674,275.3325216,21.93807929,0,0,2162.948853,1.975886515,3824,2.564975933,39.37213034,-37.33900513,67.19879804,5.734513283,30.62389374,28,9
element_4671,2052,259.2962098,5.811459197,129.5394828,762.1565214,268.9755228,21.93962634,0,0,2162.948853,1.975886515,3824,2.564975933,39.37213034,-37.33900513,67.19879804,5.734513283,30.62389374,28,9
element_4671,2053,259.3214083,5.85806349,130.1495832,757.7482115,268.3917463,21.94147725,0,0,2162.948853,1.975886515,3824,2.564975933,39.37213034,-37.33900513,67.19879804,5.734513283,30.62389374,28,9
element_4671,2054,259.2095747,6.125763917,130.6974072,846.6540761,268.8298335,21.93881322,0,0,2162.948853,1.975886515,3824,2.564975933,39.37213034,-37.33900513,67.19879804,5.734513283,30.62389374,28,9
element_4671,2055,259.1384337,5.713747453,131.8332982,764.6205217,278.9721041,21.94252451,0,0,2162.948853,1.975886515,3824,2.564975933,39.37213034,-37.33900513,67.19879804,5.734513283,30.62389374,28,9
element_4671,2056,259.4115788,5.82599654,131.4392575,787.7250468,271.8622823,21.94103791,0,0,2162.948853,1.975886515,3824,2.564975933,39.37213034,-37.33900513,67.19879804,5.734513283,30.62389374,28,9
element_4671,2057,259.6180677,5.75981594,131.1307346,744.0333176,266.9093351,21.93941172,0,0,2162.948853,1.975886515,3824,2.564975933,39.37213034,-37.33900513,67.19879804,5.734513283,30.62389374,28,9
element_4671,2058,259.7721257,5.830808367,130.1926764,745.2427374,278.4558405,21.94256838,0,0,2162.948853,1.975886515,3824,2.564975933,39.37213034,-37.33900513,67.19879804,5.734513283,30.62389374,28,9
element_4671,2059,259.8766041,5.967767225,130.1371117,835.943307,285.6979784,21.94466181,0,0,2162.948853,1.975886515,3824,2.564975933,39.37213034,-37.33900513,67.19879804,5.734513283,30.62389374,28,9
element_4671,2060,259.61928,5.857145407,131.5881749,815.660133,275.8843521,21.95133437,0,0,2162.948853,1.975886515,3824,2.564975933,39.37213034,-37.33900513,67.19879804,5.734513283,30.62389374,28,9
element_4671,2061,260.0292996,5.89287042,127.1794207,830.2018908,277.9333099,21.94348629,0,0,2162.948853,1.975886515,3824,2.564975933,39.37213034,-37.33900513,67.19879804,5.734513283,30.62389374,28,9
element_4671,2062,260.4953888,5.910095046,129.3844789,845.575865,289.5933774,21.95881559,0,0,2162.948853,1.975886515,3824,2.564975933,39.37213034,-37.33900513,67.19879804,5.734513283,30.62389374,28,9
element_4671,2063,260.2468237,5.7425221,130.1092611,755.8371781,281.8226917,21.95514554,0,0,2162.948853,1.975886515,3824,2.564975933,39.37213034,-37.33900513,67.19879804,5.734513283,30.62389374,28,9
element_4671,2064,260.5091386,5.913990084,130.8510452,801.4603815,289.3890738,21.94528541,0,0,2162.948853,1.975886515,3824,2.564975933,39.37213034,-37.33900513,67.19879804,5.734513283,30.62389374,28,9
element_4671,2065,260.6262171,5.725200389,128.9406918,827.1250025,287.5835327,21.94530246,0,0,2162.948853,1.975886515,3824,2.564975933,39.37213034,-37.33900513,67.19879804,5.734513283,30.62389374,28,9
element_4671,2066,260.6680706,5.851414053,129.5184598,842.2431099,303.6986764,21.94542324,0,0,2162.948853,1.975886515,3824,2.564975933,39.37213034,-37.33900513,67.19879804,5.734513283,30.62389374,28,9
element_4671,2067,260.571726,5.805991214,128.7233372,784.0479441,297.7506068,21.96726439,0,0,2162.948853,1.975886515,3824,2.564975933,39.37213034,-37.33900513,67.19879804,5.734513283,30.62389374,28,9
element_4671,2068,260.1627073,5.842566874,128.5829941,774.452647,288.1344116,21.94669952,0,0,2162.948853,1.975886515,3824,2.564975933,39.37213034,-37.33900513,67.19879804,5.734513283,30.62389374,28,9
element_4671,2069,260.6864532,5.816754182,127.5875252,902.1854268,286.7057542,21.95603288,0,0,2162.948853,1.975886515,3824,2.564975933,39.37213034,-37.33900513,67.19879804,5.734513283,30.62389374,28,9
element_4671,2070,261.1621707,5.799941382,125.1194692,1015.256661,286.2343883,21.95795633,0,0,2162.948853,1.975886515,3824,2.564975933,39.37213034,-37.33900513,67.19879804,5.734513283,30.62389374,28,9
element_4671,2071,260.6265909,5.855875074,130.1268519,812.712639,291.3025656,21.94323095,0,0,2162.948853,1.975886515,3824,2.564975933,39.37213034,-37.33900513,67.19879804,5.734513283,30.62389374,28,9
element_4671,2072,260.5148914,5.69851114,130.0671354,829.7410649,291.6123897,21.94463119,0,0,2162.948853,1.975886515,3824,2.564975933,39.37213034,-37.33900513,67.19879804,5.734513283,30.62389374,28,9
element_4671,2073,260.8141486,5.709127523,131.8313437,812.7849731,308.6375852,21.95641826,0,0,2162.948853,1.975886515,3824,2.564975933,39.37213034,-37.33900513,67.19879804,5.734513283,30.62389374,28,9
element_4671,2074,260.9578232,5.971998374,128.5200607,924.098613,288.4200666,21.96168596,0,0,2162.948853,1.975886515,3824,2.564975933,39.37213034,-37.33900513,67.19879804,5.734513283,30.62389374,28,9
element_4671,2075,261.4239459,5.732704141,130.0228208,859.3516856,293.1552679,21.96347982,0,0,2162.948853,1.975886515,3824,2.564975933,39.37213034,-37.33900513,67.19879804,5.734513283,30.62389374,28,9
element_4671,2076,261.0064494,5.832558005,128.4623377,837.3067725,297.6930698,21.94046945,0,0,2162.948853,1.975886515,3824,2.564975933,39.37213034,-37.33900513,67.19879804,5.734513283,30.62389374,28,9
element_4671,2077,261.6528184,5.868352223,126.312223,994.3233787,303.4902488,21.93775801,0,0,2162.948853,1.975886515,3824,2.564975933,39.37213034,-37.33900513,67.19879804,5.734513283,30.62389374,28,9
element_4671,2078,261.7649498,5.742103723,129.2520039,952.6516184,302.7881941,21.95556449,0,0,2162.948853,1.975886515,3824,2.564975933,39.37213034,-37.33900513,67.19879804,5.734513283,30.62389374,28,9
element_4671,2079,261.350277,5.828246499,126.2495781,925.5263594,293.4080384,21.9588904,0,0,2162.948853,1.975886515,3824,2.564975933,39.37213034,-37.33900513,67.19879804,5.734513283,30.62389374,28,9
element_4671,2080,261.6938839,5.911882657,125.9676835,1001.710858,296.5354323,21.94572835,0,0,2162.948853,1.975886515,3824,2.564975933,39.37213034,-37.33900513,67.19879804,5.734513283,30.62389374,28,9
element_4671,2081,261.8616942,5.922065386,127.7987028,993.7711165,304.1314859,21.95291354,0,0,2162.948853,1.975886515,3824,2.564975933,39.37213034,-37.33900513,67.19879804,5.734513283,30.62389374,28,9
element_4671,2082,261.4134857,5.646649374,129.9911322,788.9702519,306.5699375,21.94234633,0,0,2162.948853,1.975886515,3824,2.564975933,39.37213034,-37.33900513,67.19879804,5.734513283,30.62389374,28,9
element_4671,2083,261.529522,5.930578989,126.9622623,998.2651996,298.3290771,21.95006808,0,0,2162.948853,1.975886515,3824,2.564975933,39.37213034,-37.33900513,67.19879804,5.734513283,30.62389374,28,9
element_4671,2084,261.7859006,5.781877101,124.6718813,948.2470986,307.6057221,21.95857699,0,0,2162.948853,1.975886515,3824,2.564975933,39.37213034,-37.33900513,67.19879804,5.734513283,30.62389374,28,9
element_4671,2085,261.9204557,5.853845048,128.2772382,822.1701617,311.505052,21.96883279,0,0,2162.948853,1.975886515,3824,2.564975933,39.37213034,-37.33900513,67.19879804,5.734513283,30.62389374,28,9
element_4671,2086,261.7084411,5.822839929,129.7540887,849.2497523,314.0966531,21.93260572,0,0,2162.948853,1.975886515,3824,2.564975933,39.37213034,-37.33900513,67.19879804,5.734513283,30.62389374,28,9
element_4671,2087,261.5502821,5.868729896,128.6443515,835.2396892,303.5590272,21.94158627,0,0,2162.948853,1.975886515,3824,2.564975933,39.37213034,-37.33900513,67.19879804,5.734513283,30.62389374,28,9
element_4671,2088,261.7271892,5.759278507,127.0744578,893.1503817,313.4210994,21.96753962,0,0,2162.948853,1.975886515,3824,2.564975933,39.37213034,-37.33900513,67.19879804,5.734513283,30.62389374,28,9
element_4671,2089,261.7453078,5.78479425,124.808395,917.5650183,307.5273269,21.94953272,0,0,2162.948853,1.975886515,3824,2.564975933,39.37213034,-37.33900513,67.19879804,5.734513283,30.62389374,28,9
element_4671,2090,261.2416708,5.722970349,127.0614217,829.5260405,304.7273932,21.95999413,0,0,2162.948853,1.975886515,3824,2.564975933,39.37213034,-37.33900513,67.19879804,5.734513283,30.62389374,28,9
element_4671,2091,261.6983628,5.799392799,127.2909096,919.0998149,321.2211199,21.95825823,0,0,2162.948853,1.975886515,3824,2.564975933,39.37213034,-37.33900513,67.19879804,5.734513283,30.62389374,28,9
element_4671,2092,262.3281964,5.76628764,126.5690635,1017.824412,317.5268993,21.94538876,0,0,2162.948853,1.975886515,3824,2.564975933,39.37213034,-37.33900513,67.19879804,5.734513283,30.62389374,28,9
element_4671,2093,262.4872002,5.931412728,126.7111937,937.1276906,331.7513631,21.96864434,0,0,2162.948853,1.975886515,3824,2.564975933,39.37213034,-37.33900513,67.19879804,5.734513283,30.62389374,28,9
element_4671,2094,261.8577675,5.7942781,128.665751,809.7118271,324.0217034,21.97037431,0,0,2162.948853,1.975886515,3824,2.564975933,39.37213034,-37.33900513,67.19879804,5.734513283,30.62389374,28,9
element_4671,2095,262.5011404,5.824237817,123.2836349,961.1536921,317.0312578,21.95506785,0,0,2162.948853,1.975886515,3824,2.564975933,39.37213034,-37.33900513,67.19879804,5.734513283,30.62389374,28,9
element_4671,2096,261.9790095,5.830274951,127.6693957,838.9284363,323.7942894,21.96115385,0,0,2162.948853,1.975886515,3824,2.564975933,39.37213034,-37.33900513,67.19879804,5.734513283,30.62389374,28,9
element_4671,2097,261.9337905,5.870820409,127.6298589,805.007113,315.0967897,21.96228934,0,0,2162.948853,1.975886515,3824,2.564975933,39.37213034,-37.33900513,67.19879804,5.734513283,30.62389374,28,9
element_4671,2098,262.8309744,5.922308275,125.5282924,979.9486613,334.0856887,21.97557103,0,0,2162.948853,1.975886515,3824,2.564975933,39.37213034,-37.33900513,67.19879804,5.734513283,30.62389374,28,9
element_4671,2099,262.9110315,5.566190494,127.1980876,814.9031595,333.1102756,21.95273468,0,0,2162.948853,1.975886515,3824,2.564975933,39.37213034,-37.33900513,67.19879804,5.734513283,30.62389374,28,9
element_4671,2100,262.5552235,5.776229086,126.6034737,833.943432,331.1687163,21.96116759,0,0,2162.948853,1.975886515,3824,2.564975933,39.37213034,-37.33900513,67.19879804,5.734513283,30.62389374,28,9
element_4672,2015,256.1780414,5.531409517,134.4385252,676.771952,240.0710945,22.92871546,0,0,2165.019976,0.622954516,45147.3,3.037674972,55.57540889,-38.94949641,67.34842984,4.589147091,26.08061981,27,9
element_4672,2016,255.9338001,5.532560048,132.8020684,725.8872399,235.4835791,22.93171183,0,0,2165.019976,0.622954516,45147.3,3.037674972,55.57540889,-38.94949641,67.34842984,4.589147091,26.08061981,27,9
element_4672,2017,255.45634,5.447341549,135.4901555,610.6443715,237.6198889,22.92867384,0,0,2165.019976,0.622954516,45147.3,3.037674972,55.57540889,-38.94949641,67.34842984,4.589147091,26.08061981,27,9
element_4672,2018,256.1343127,5.746427208,134.2725133,695.4782798,237.2373367,22.92520045,0,0,2165.019976,0.622954516,45147.3,3.037674972,55.57540889,-38.94949641,67.34842984,4.589147091,26.08061981,27,9
element_4672,2019,255.1953119,5.552665288,132.8202426,619.4829829,223.1394303,22.9223352,0,0,2165.019976,0.622954516,45147.3,3.037674972,55.57540889,-38.94949641,67.34842984,4.589147091,26.08061981,27,9
element_4672,2020,255.6284542,5.679543939,132.2832791,682.9203083,233.1644949,22.92523784,0,0,2165.019976,0.622954516,45147.3,3.037674972,55.57540889,-38.94949641,67.34842984,4.589147091,26.08061981,27,9
element_4672,2021,255.1020295,5.644044114,133.8868542,633.9417719,225.0084953,22.92267164,0,0,2165.019976,0.622954516,45147.3,3.037674972,55.57540889,-38.94949641,67.34842984,4.589147091,26.08061981,27,9
element_4672,2022,256.5126253,5.555656876,133.6589613,685.5902387,239.9249256,22.92225065,0,0,2165.019976,0.622954516,45147.3,3.037674972,55.57540889,-38.94949641,67.34842984,4.589147091,26.08061981,27,9
element_4672,2023,256.2969438,5.514881963,133.2271964,681.9279099,232.0412324,22.92651244,0,0,2165.019976,0.622954516,45147.3,3.037674972,55.57540889,-38.94949641,67.34842984,4.589147091,26.08061981,27,9
element_4672,2024,256.7007114,5.678107196,134.4339665,681.2151358,245.4965837,22.92536777,0,0,2165.019976,0.622954516,45147.3,3.037674972,55.57540889,-38.94949641,67.34842984,4.589147091,26.08061981,27,9
element_4672,2025,257.0548277,5.723289889,134.0790932,745.5350932,241.1632734,22.92735324,0,0,2165.019976,0.622954516,45147.3,3.037674972,55.57540889,-38.94949641,67.34842984,4.589147091,26.08061981,27,9
element_4672,2026,256.5894715,5.669054992,132.1620224,700.8959744,235.8469427,22.92267763,0,0,2165.019976,0.622954516,45147.3,3.037674972,55.57540889,-38.94949641,67.34842984,4.589147091,26.08061981,27,9
element_4672,2027,256.8767076,5.736021583,132.0217902,702.7964158,242.609206,22.92106463,0,0,2165.019976,0.622954516,45147.3,3.037674972,55.57540889,-38.94949641,67.34842984,4.589147091,26.08061981,27,9
element_4672,2028,257.0345895,5.529312456,133.4774757,622.7838135,244.8033964,22.9256578,0,0,2165.019976,0.622954516,45147.3,3.037674972,55.57540889,-38.94949641,67.34842984,4.589147091,26.08061981,27,9
element_4672,2029,256.730585,5.759095566,133.708299,677.3558874,249.503654,22.92954175,0,0,2165.019976,0.622954516,45147.3,3.037674972,55.57540889,-38.94949641,67.34842984,4.589147091,26.08061981,27,9
element_4672,2030,256.3158136,5.500280735,131.6843008,702.3632773,239.0728323,22.92673036,0,0,2165.019976,0.622954516,45147.3,3.037674972,55.57540889,-38.94949641,67.34842984,4.589147091,26.08061981,27,9
element_4672,2031,256.6948048,5.6653566,131.9563842,728.6116391,235.9585853,22.92320172,0,0,2165.019976,0.622954516,45147.3,3.037674972,55.57540889,-38.94949641,67.34842984,4.589147091,26.08061981,27,9
element_4672,2032,256.56027,5.537890863,132.6209007,716.7135621,239.4828235,22.92519271,0,0,2165.019976,0.622954516,45147.3,3.037674972,55.57540889,-38.94949641,67.34842984,4.589147091,26.08061981,27,9
element_4672,2033,256.9150203,5.728113332,132.2295715,752.5547203,241.2463572,22.92231952,0,0,2165.019976,0.622954516,45147.3,3.037674972,55.57540889,-38.94949641,67.34842984,4.589147091,26.08061981,27,9
element_4672,2034,256.905368,5.722762232,133.1009444,686.0678535,237.3198631,22.92817451,0,0,2165.019976,0.622954516,45147.3,3.037674972,55.57540889,-38.94949641,67.34842984,4.589147091,26.08061981,27,9
element_4672,2035,257.0595277,5.678491059,134.0782597,698.0209913,248.3927604,22.92916078,0,0,2165.019976,0.622954516,45147.3,3.037674972,55.57540889,-38.94949641,67.34842984,4.589147091,26.08061981,27,9
element_4672,2036,256.801616,5.604745646,132.1560942,741.9445657,247.8658127,22.92892651,0,0,2165.019976,0.622954516,45147.3,3.037674972,55.57540889,-38.94949641,67.34842984,4.589147091,26.08061981,27,9
element_4672,2037,256.5927217,5.669604997,131.7170891,716.7753709,235.1104716,22.92371268,0,0,2165.019976,0.622954516,45147.3,3.037674972,55.57540889,-38.94949641,67.34842984,4.589147091,26.08061981,27,9
element_4672,2038,257.1551836,5.653194308,131.1825565,740.8975418,240.3597222,22.92261139,0,0,2165.019976,0.622954516,45147.3,3.037674972,55.57540889,-38.94949641,67.34842984,4.589147091,26.08061981,27,9
element_4672,2039,257.3001332,5.675566088,131.7964648,731.6672205,247.9011108,22.92635393,0,0,2165.019976,0.622954516,45147.3,3.037674972,55.57540889,-38.94949641,67.34842984,4.589147091,26.08061981,27,9
element_4672,2040,256.4402463,5.470659594,130.2559254,740.3038121,235.9098802,22.92244168,0,0,2165.019976,0.622954516,45147.3,3.037674972,55.57540889,-38.94949641,67.34842984,4.589147091,26.08061981,27,9
element_4672,2041,256.8729397,5.637654381,129.9029019,761.3922198,236.6886483,22.929227,0,0,2165.019976,0.622954516,45147.3,3.037674972,55.57540889,-38.94949641,67.34842984,4.589147091,26.08061981,27,9
element_4672,2042,257.2707076,5.610098962,131.826871,744.160057,239.7857682,22.92008529,0,0,2165.019976,0.622954516,45147.3,3.037674972,55.57540889,-38.94949641,67.34842984,4.589147091,26.08061981,27,9
element_4672,2043,257.1719816,5.621912851,133.2751444,700.866202,242.0137368,22.92380407,0,0,2165.019976,0.622954516,45147.3,3.037674972,55.57540889,-38.94949641,67.34842984,4.589147091,26.08061981,27,9
element_4672,2044,257.2939676,5.6534114,131.0947286,784.2376545,234.6867237,22.93058491,0,0,2165.019976,0.622954516,45147.3,3.037674972,55.57540889,-38.94949641,67.34842984,4.589147091,26.08061981,27,9
element_4672,2045,258.0780412,5.7100329,129.0753795,852.9687232,244.0493401,22.92797417,0,0,2165.019976,0.622954516,45147.3,3.037674972,55.57540889,-38.94949641,67.34842984,4.589147091,26.08061981,27,9
element_4672,2046,257.6355999,5.601395596,132.8954493,753.2363966,255.0478582,22.92590604,0,0,2165.019976,0.622954516,45147.3,3.037674972,55.57540889,-38.94949641,67.34842984,4.589147091,26.08061981,27,9
element_4672,2047,257.5449778,5.718679112,132.1293517,714.4512471,249.1287562,22.92336766,0,0,2165.019976,0.622954516,45147.3,3.037674972,55.57540889,-38.94949641,67.34842984,4.589147091,26.08061981,27,9
element_4672,2048,257.5376617,5.645562549,131.6980536,732.0691349,252.6550413,22.93025913,0,0,2165.019976,0.622954516,45147.3,3.037674972,55.57540889,-38.94949641,67.34842984,4.589147091,26.08061981,27,9
element_4672,2049,257.9076061,5.550985555,131.0032121,725.2092672,246.8056462,22.92996773,0,0,2165.019976,0.622954516,45147.3,3.037674972,55.57540889,-38.94949641,67.34842984,4.589147091,26.08061981,27,9
element_4672,2050,258.3044356,5.646749394,130.8626851,807.6371178,260.6233918,22.93250691,0,0,2165.019976,0.622954516,45147.3,3.037674972,55.57540889,-38.94949641,67.34842984,4.589147091,26.08061981,27,9
element_4672,2051,257.7971139,5.589534665,128.8715513,740.8663309,256.1008066,22.93028264,0,0,2165.019976,0.622954516,45147.3,3.037674972,55.57540889,-38.94949641,67.34842984,4.589147091,26.08061981,27,9
element_4672,2052,257.96812,5.596136633,128.8894929,744.7567533,251.3133957,22.93265096,0,0,2165.019976,0.622954516,45147.3,3.037674972,55.57540889,-38.94949641,67.34842984,4.589147091,26.08061981,27,9
element_4672,2053,257.9765302,5.704973861,130.11766,725.080593,251.3266094,22.93317692,0,0,2165.019976,0.622954516,45147.3,3.037674972,55.57540889,-38.94949641,67.34842984,4.589147091,26.08061981,27,9
element_4672,2054,257.9007314,5.91475264,130.7166493,793.1658534,250.250472,22.93110785,0,0,2165.019976,0.622954516,45147.3,3.037674972,55.57540889,-38.94949641,67.34842984,4.589147091,26.08061981,27,9
element_4672,2055,257.7570301,5.478256875,131.705144,724.4634795,260.1613281,22.93705539,0,0,2165.019976,0.622954516,45147.3,3.037674972,55.57540889,-38.94949641,67.34842984,4.589147091,26.08061981,27,9
element_4672,2056,258.0507016,5.616976072,131.1931562,761.1084467,251.2375584,22.93190154,0,0,2165.019976,0.622954516,45147.3,3.037674972,55.57540889,-38.94949641,67.34842984,4.589147091,26.08061981,27,9
element_4672,2057,258.2735088,5.5724054,130.5208925,726.8774476,249.1843405,22.93035362,0,0,2165.019976,0.622954516,45147.3,3.037674972,55.57540889,-38.94949641,67.34842984,4.589147091,26.08061981,27,9
element_4672,2058,258.3650478,5.592767986,130.2045421,712.5285318,259.4717293,22.9346247,0,0,2165.019976,0.622954516,45147.3,3.037674972,55.57540889,-38.94949641,67.34842984,4.589147091,26.08061981,27,9
element_4672,2059,258.5138919,5.728681566,130.0113837,780.2165844,263.8533745,22.93570393,0,0,2165.019976,0.622954516,45147.3,3.037674972,55.57540889,-38.94949641,67.34842984,4.589147091,26.08061981,27,9
element_4672,2060,258.1955853,5.668942241,131.3565052,768.4745233,256.045645,22.9402713,0,0,2165.019976,0.622954516,45147.3,3.037674972,55.57540889,-38.94949641,67.34842984,4.589147091,26.08061981,27,9
element_4672,2061,258.6478166,5.717793483,127.2439323,794.3813079,257.5230401,22.93909443,0,0,2165.019976,0.622954516,45147.3,3.037674972,55.57540889,-38.94949641,67.34842984,4.589147091,26.08061981,27,9
element_4672,2062,259.1210562,5.691477579,129.0296645,825.4335498,267.9814307,22.9446802,0,0,2165.019976,0.622954516,45147.3,3.037674972,55.57540889,-38.94949641,67.34842984,4.589147091,26.08061981,27,9
element_4672,2063,258.8475304,5.588110281,129.9786384,723.265483,261.7612915,22.9435439,0,0,2165.019976,0.622954516,45147.3,3.037674972,55.57540889,-38.94949641,67.34842984,4.589147091,26.08061981,27,9
element_4672,2064,259.1888174,5.726469753,130.4248876,751.2732145,268.3622389,22.93976891,0,0,2165.019976,0.622954516,45147.3,3.037674972,55.57540889,-38.94949641,67.34842984,4.589147091,26.08061981,27,9
element_4672,2065,259.3208792,5.541324982,128.9639623,782.3685695,266.581893,22.93923071,0,0,2165.019976,0.622954516,45147.3,3.037674972,55.57540889,-38.94949641,67.34842984,4.589147091,26.08061981,27,9
element_4672,2066,259.2778885,5.614767662,129.3371562,802.1588161,281.8495226,22.93940192,0,0,2165.019976,0.622954516,45147.3,3.037674972,55.57540889,-38.94949641,67.34842984,4.589147091,26.08061981,27,9
element_4672,2067,259.2502382,5.604431677,128.5909766,766.697738,273.8509375,22.95101311,0,0,2165.019976,0.622954516,45147.3,3.037674972,55.57540889,-38.94949641,67.34842984,4.589147091,26.08061981,27,9
element_4672,2068,258.7757663,5.654182542,128.0262122,756.511121,266.3887685,22.94250479,0,0,2165.019976,0.622954516,45147.3,3.037674972,55.57540889,-38.94949641,67.34842984,4.589147091,26.08061981,27,9
element_4672,2069,259.336989,5.668005816,126.9462658,863.0732374,265.3363369,22.94417211,0,0,2165.019976,0.622954516,45147.3,3.037674972,55.57540889,-38.94949641,67.34842984,4.589147091,26.08061981,27,9
element_4672,2070,259.8424943,5.670486561,125.0097631,966.8089473,264.2646932,22.94589864,0,0,2165.019976,0.622954516,45147.3,3.037674972,55.57540889,-38.94949641,67.34842984,4.589147091,26.08061981,27,9
element_4672,2071,259.2262791,5.645672935,130.0687607,777.0500421,270.4015175,22.93775697,0,0,2165.019976,0.622954516,45147.3,3.037674972,55.57540889,-38.94949641,67.34842984,4.589147091,26.08061981,27,9
element_4672,2072,259.1329048,5.513017272,129.4763545,805.449473,268.9487911,22.93892942,0,0,2165.019976,0.622954516,45147.3,3.037674972,55.57540889,-38.94949641,67.34842984,4.589147091,26.08061981,27,9
element_4672,2073,259.5158638,5.540955069,131.1751195,789.0967364,285.3050867,22.94270516,0,0,2165.019976,0.622954516,45147.3,3.037674972,55.57540889,-38.94949641,67.34842984,4.589147091,26.08061981,27,9
element_4672,2074,259.6087888,5.733508614,128.1223195,867.8378509,267.5051948,22.94691457,0,0,2165.019976,0.622954516,45147.3,3.037674972,55.57540889,-38.94949641,67.34842984,4.589147091,26.08061981,27,9
element_4672,2075,260.130812,5.511406741,129.5691492,809.6510687,272.950579,22.94759053,0,0,2165.019976,0.622954516,45147.3,3.037674972,55.57540889,-38.94949641,67.34842984,4.589147091,26.08061981,27,9
element_4672,2076,259.693013,5.594591269,128.0825996,792.659804,276.1649407,22.93478569,0,0,2165.019976,0.622954516,45147.3,3.037674972,55.57540889,-38.94949641,67.34842984,4.589147091,26.08061981,27,9
element_4672,2077,260.3250602,5.672890873,126.3487265,940.1426907,283.8848741,22.93267327,0,0,2165.019976,0.622954516,45147.3,3.037674972,55.57540889,-38.94949641,67.34842984,4.589147091,26.08061981,27,9
element_4672,2078,260.4621549,5.643158769,128.2779046,920.1151125,280.7117039,22.94391151,0,0,2165.019976,0.622954516,45147.3,3.037674972,55.57540889,-38.94949641,67.34842984,4.589147091,26.08061981,27,9
element_4672,2079,259.9634865,5.654992977,126.1832838,884.3456655,272.408546,22.94685214,0,0,2165.019976,0.622954516,45147.3,3.037674972,55.57540889,-38.94949641,67.34842984,4.589147091,26.08061981,27,9
element_4672,2080,260.4325134,5.740313055,125.9810788,951.9064838,276.3055278,22.94336684,0,0,2165.019976,0.622954516,45147.3,3.037674972,55.57540889,-38.94949641,67.34842984,4.589147091,26.08061981,27,9
element_4672,2081,260.5135739,5.7687524,127.4146429,929.7505182,280.9778772,22.9517844,0,0,2165.019976,0.622954516,45147.3,3.037674972,55.57540889,-38.94949641,67.34842984,4.589147091,26.08061981,27,9
element_4672,2082,260.071595,5.444852588,129.8986701,765.7389687,284.2580754,22.94557263,0,0,2165.019976,0.622954516,45147.3,3.037674972,55.57540889,-38.94949641,67.34842984,4.589147091,26.08061981,27,9
element_4672,2083,260.2254705,5.729317999,126.5907852,954.9317382,276.4559484,22.94935201,0,0,2165.019976,0.622954516,45147.3,3.037674972,55.57540889,-38.94949641,67.34842984,4.589147091,26.08061981,27,9
element_4672,2084,260.4782308,5.637651527,124.324181,912.6520579,283.4621042,22.95446651,0,0,2165.019976,0.622954516,45147.3,3.037674972,55.57540889,-38.94949641,67.34842984,4.589147091,26.08061981,27,9
element_4672,2085,260.6179708,5.610683417,127.8883664,799.5458891,287.4482998,22.96178616,0,0,2165.019976,0.622954516,45147.3,3.037674972,55.57540889,-38.94949641,67.34842984,4.589147091,26.08061981,27,9
element_4672,2086,260.437774,5.610111253,129.3073788,800.3586353,290.8242777,22.93706479,0,0,2165.019976,0.622954516,45147.3,3.037674972,55.57540889,-38.94949641,67.34842984,4.589147091,26.08061981,27,9
element_4672,2087,260.2194225,5.658022664,128.7521775,800.4825816,283.6112203,22.94339947,0,0,2165.019976,0.622954516,45147.3,3.037674972,55.57540889,-38.94949641,67.34842984,4.589147091,26.08061981,27,9
element_4672,2088,260.376012,5.546240692,126.7504949,864.0566368,290.3064436,22.95860985,0,0,2165.019976,0.622954516,45147.3,3.037674972,55.57540889,-38.94949641,67.34842984,4.589147091,26.08061981,27,9
element_4672,2089,260.4126944,5.651218584,124.4512744,909.332875,283.2014368,22.94804176,0,0,2165.019976,0.622954516,45147.3,3.037674972,55.57540889,-38.94949641,67.34842984,4.589147091,26.08061981,27,9
element_4672,2090,259.8505527,5.502828127,127.0797456,799.1054365,283.0703315,22.95505559,0,0,2165.019976,0.622954516,45147.3,3.037674972,55.57540889,-38.94949641,67.34842984,4.589147091,26.08061981,27,9
element_4672,2091,260.3566504,5.623248409,126.6907759,888.9305331,296.013023,22.95954196,0,0,2165.019976,0.622954516,45147.3,3.037674972,55.57540889,-38.94949641,67.34842984,4.589147091,26.08061981,27,9
element_4672,2092,261.0101218,5.578460908,126.5309414,961.1798008,295.7253457,22.95297667,0,0,2165.019976,0.622954516,45147.3,3.037674972,55.57540889,-38.94949641,67.34842984,4.589147091,26.08061981,27,9
element_4672,2093,261.1861544,5.788638375,126.3358075,897.350205,305.4420956,22.96626087,0,0,2165.019976,0.622954516,45147.3,3.037674972,55.57540889,-38.94949641,67.34842984,4.589147091,26.08061981,27,9
element_4672,2094,260.5659182,5.622484225,128.1712825,802.8678864,301.5352904,22.96487555,0,0,2165.019976,0.622954516,45147.3,3.037674972,55.57540889,-38.94949641,67.34842984,4.589147091,26.08061981,27,9
element_4672,2095,261.1865755,5.688218711,123.7604408,932.4983217,294.9318675,22.95834686,0,0,2165.019976,0.622954516,45147.3,3.037674972,55.57540889,-38.94949641,67.34842984,4.589147091,26.08061981,27,9
element_4672,2096,260.6347501,5.621686498,127.4294222,814.8656022,299.7036777,22.96371932,0,0,2165.019976,0.622954516,45147.3,3.037674972,55.57540889,-38.94949641,67.34842984,4.589147091,26.08061981,27,9
element_4672,2097,260.5767788,5.659475275,127.6841939,784.4084158,291.971747,22.9623325,0,0,2165.019976,0.622954516,45147.3,3.037674972,55.57540889,-38.94949641,67.34842984,4.589147091,26.08061981,27,9
element_4672,2098,261.5179251,5.758354903,124.5198882,946.0980771,308.4771102,22.97750186,0,0,2165.019976,0.622954516,45147.3,3.037674972,55.57540889,-38.94949641,67.34842984,4.589147091,26.08061981,27,9
element_4672,2099,261.68545,5.378939916,126.8238066,811.0905701,309.1394588,22.95996117,0,0,2165.019976,0.622954516,45147.3,3.037674972,55.57540889,-38.94949641,67.34842984,4.589147091,26.08061981,27,9
element_4672,2100,261.2180305,5.617225498,126.2227801,820.4057712,305.4547831,22.95924987,0,0,2165.019976,0.622954516,45147.3,3.037674972,55.57540889,-38.94949641,67.34842984,4.589147091,26.08061981,27,9
element_4673,2015,255.6660787,5.694186451,136.9569222,629.9353491,215.9456652,22.13030197,0,0,2315.304149,0.19306006,34861.4,3.89273185,48.49049704,-41.84753445,66.80118295,0,0,0,9
element_4673,2016,255.4386454,5.819611609,135.2000581,710.0970145,211.5870107,22.13183123,0,0,2315.304149,0.19306006,34861.4,3.89273185,48.49049704,-41.84753445,66.80118295,0,0,0,9
element_4673,2017,254.8948716,5.642700096,138.0830025,583.5011864,212.5155825,22.1301173,0,0,2315.304149,0.19306006,34861.4,3.89273185,48.49049704,-41.84753445,66.80118295,0,0,0,9
element_4673,2018,255.4769365,5.958026164,136.4283165,651.0390171,212.4321428,22.12831306,0,0,2315.304149,0.19306006,34861.4,3.89273185,48.49049704,-41.84753445,66.80118295,0,0,0,9
element_4673,2019,254.4628547,5.811009493,135.882583,563.5781596,199.1491393,22.12623081,0,0,2315.304149,0.19306006,34861.4,3.89273185,48.49049704,-41.84753445,66.80118295,0,0,0,9
element_4673,2020,254.9672126,5.975154083,134.7008862,655.5140023,206.4872335,22.1283865,0,0,2315.304149,0.19306006,34861.4,3.89273185,48.49049704,-41.84753445,66.80118295,0,0,0,9
element_4673,2021,254.4337704,5.913209667,136.7842083,618.1758718,200.2523187,22.12627966,0,0,2315.304149,0.19306006,34861.4,3.89273185,48.49049704,-41.84753445,66.80118295,0,0,0,9
element_4673,2022,255.9454802,5.830488021,136.3257188,666.3311789,217.0616089,22.12718096,0,0,2315.304149,0.19306006,34861.4,3.89273185,48.49049704,-41.84753445,66.80118295,0,0,0,9
element_4673,2023,255.5909127,5.772201496,134.7386481,680.0684948,202.3948728,22.12994479,0,0,2315.304149,0.19306006,34861.4,3.89273185,48.49049704,-41.84753445,66.80118295,0,0,0,9
element_4673,2024,256.0533364,5.798170942,137.2486067,636.8307114,221.2268165,22.12825116,0,0,2315.304149,0.19306006,34861.4,3.89273185,48.49049704,-41.84753445,66.80118295,0,0,0,9
element_4673,2025,256.4650688,6.041636044,135.8125725,741.8456048,215.9971289,22.12979773,0,0,2315.304149,0.19306006,34861.4,3.89273185,48.49049704,-41.84753445,66.80118295,0,0,0,9
element_4673,2026,255.9788867,5.934453005,134.3917062,674.7135851,213.5939606,22.12725447,0,0,2315.304149,0.19306006,34861.4,3.89273185,48.49049704,-41.84753445,66.80118295,0,0,0,9
element_4673,2027,256.1726181,6.045483441,134.439614,694.7055556,217.005495,22.12601704,0,0,2315.304149,0.19306006,34861.4,3.89273185,48.49049704,-41.84753445,66.80118295,0,0,0,9
element_4673,2028,256.3376735,5.718709786,136.0986596,620.5431357,220.5601263,22.12830134,0,0,2315.304149,0.19306006,34861.4,3.89273185,48.49049704,-41.84753445,66.80118295,0,0,0,9
element_4673,2029,256.2742576,6.036145667,135.0273563,675.9509963,225.5500377,22.13140631,0,0,2315.304149,0.19306006,34861.4,3.89273185,48.49049704,-41.84753445,66.80118295,0,0,0,9
element_4673,2030,255.7126717,5.753475839,134.5905485,663.2593602,214.8539496,22.12839549,0,0,2315.304149,0.19306006,34861.4,3.89273185,48.49049704,-41.84753445,66.80118295,0,0,0,9
element_4673,2031,256.110625,5.971566334,133.8247071,730.437044,210.9637236,22.12625222,0,0,2315.304149,0.19306006,34861.4,3.89273185,48.49049704,-41.84753445,66.80118295,0,0,0,9
element_4673,2032,256.0093029,5.842864505,135.7440736,707.0835916,214.007233,22.12757889,0,0,2315.304149,0.19306006,34861.4,3.89273185,48.49049704,-41.84753445,66.80118295,0,0,0,9
element_4673,2033,256.4289849,5.989807137,134.962854,720.2009199,218.3038459,22.12644485,0,0,2315.304149,0.19306006,34861.4,3.89273185,48.49049704,-41.84753445,66.80118295,0,0,0,9
element_4673,2034,256.3206259,5.924341787,135.2339804,678.6226819,213.5089451,22.12940494,0,0,2315.304149,0.19306006,34861.4,3.89273185,48.49049704,-41.84753445,66.80118295,0,0,0,9
element_4673,2035,256.4704776,5.876437956,136.1257743,674.1604688,222.7139571,22.12942801,0,0,2315.304149,0.19306006,34861.4,3.89273185,48.49049704,-41.84753445,66.80118295,0,0,0,9
element_4673,2036,256.201284,5.900750408,134.5252127,728.6009326,222.511035,22.130091,0,0,2315.304149,0.19306006,34861.4,3.89273185,48.49049704,-41.84753445,66.80118295,0,0,0,9
element_4673,2037,255.8859775,5.935365095,135.3850745,689.9041256,213.2889556,22.12834762,0,0,2315.304149,0.19306006,34861.4,3.89273185,48.49049704,-41.84753445,66.80118295,0,0,0,9
element_4673,2038,256.5921132,5.894509722,133.5019918,708.1415986,214.2785873,22.12663264,0,0,2315.304149,0.19306006,34861.4,3.89273185,48.49049704,-41.84753445,66.80118295,0,0,0,9
element_4673,2039,256.6573876,5.940085749,134.1959431,705.8673975,220.7293299,22.12977011,0,0,2315.304149,0.19306006,34861.4,3.89273185,48.49049704,-41.84753445,66.80118295,0,0,0,9
element_4673,2040,255.616339,5.80935287,133.0769603,720.6787898,207.602832,22.12628657,0,0,2315.304149,0.19306006,34861.4,3.89273185,48.49049704,-41.84753445,66.80118295,0,0,0,9
element_4673,2041,256.3331242,5.937678946,132.0016336,718.4298042,209.7347373,22.13057724,0,0,2315.304149,0.19306006,34861.4,3.89273185,48.49049704,-41.84753445,66.80118295,0,0,0,9
element_4673,2042,256.70541,5.900692225,134.5603096,708.2143215,215.2104378,22.12595549,0,0,2315.304149,0.19306006,34861.4,3.89273185,48.49049704,-41.84753445,66.80118295,0,0,0,9
element_4673,2043,256.5442265,5.867388767,135.9320606,678.4075738,217.8060635,22.12681805,0,0,2315.304149,0.19306006,34861.4,3.89273185,48.49049704,-41.84753445,66.80118295,0,0,0,9
element_4673,2044,256.7900788,5.948308086,132.8855405,740.1734696,210.5159747,22.13177336,0,0,2315.304149,0.19306006,34861.4,3.89273185,48.49049704,-41.84753445,66.80118295,0,0,0,9
element_4673,2045,257.5552295,5.984299081,131.8343028,804.884512,219.0694191,22.12999393,0,0,2315.304149,0.19306006,34861.4,3.89273185,48.49049704,-41.84753445,66.80118295,0,0,0,9
element_4673,2046,257.0175248,5.821043032,134.4844147,752.1449022,225.7399249,22.12740105,0,0,2315.304149,0.19306006,34861.4,3.89273185,48.49049704,-41.84753445,66.80118295,0,0,0,9
element_4673,2047,256.9701377,5.916798758,134.7165534,681.779092,225.8843104,22.12735757,0,0,2315.304149,0.19306006,34861.4,3.89273185,48.49049704,-41.84753445,66.80118295,0,0,0,9
element_4673,2048,256.830291,5.990009719,134.3778737,735.0838422,227.4108723,22.13116285,0,0,2315.304149,0.19306006,34861.4,3.89273185,48.49049704,-41.84753445,66.80118295,0,0,0,9
element_4673,2049,257.1751573,5.805228293,133.8785797,708.6236451,221.7380833,22.1309619,0,0,2315.304149,0.19306006,34861.4,3.89273185,48.49049704,-41.84753445,66.80118295,0,0,0,9
element_4673,2050,257.6542429,5.918916539,133.1258797,753.2928894,231.5594502,22.13364136,0,0,2315.304149,0.19306006,34861.4,3.89273185,48.49049704,-41.84753445,66.80118295,0,0,0,9
element_4673,2051,257.1059572,5.798409044,131.3549236,746.0971308,228.0822015,22.12889856,0,0,2315.304149,0.19306006,34861.4,3.89273185,48.49049704,-41.84753445,66.80118295,0,0,0,9
element_4673,2052,257.3327791,5.843035988,131.5346235,757.2973379,221.8425038,22.13113134,0,0,2315.304149,0.19306006,34861.4,3.89273185,48.49049704,-41.84753445,66.80118295,0,0,0,9
element_4673,2053,257.2819288,6.037040171,133.1243154,696.0422796,225.6536756,22.13858734,0,0,2315.304149,0.19306006,34861.4,3.89273185,48.49049704,-41.84753445,66.80118295,0,0,0,9
element_4673,2054,257.2580902,6.118122381,133.4547573,738.5111427,225.1456568,22.13112505,0,0,2315.304149,0.19306006,34861.4,3.89273185,48.49049704,-41.84753445,66.80118295,0,0,0,9
element_4673,2055,257.0341589,5.714855314,133.9933972,707.7718173,232.5267118,22.13603391,0,0,2315.304149,0.19306006,34861.4,3.89273185,48.49049704,-41.84753445,66.80118295,0,0,0,9
element_4673,2056,257.3862493,5.956435895,133.8094657,737.6881282,221.3161334,22.12987828,0,0,2315.304149,0.19306006,34861.4,3.89273185,48.49049704,-41.84753445,66.80118295,0,0,0,9
element_4673,2057,257.659162,5.926460756,132.3182239,724.446333,222.5499367,22.13020524,0,0,2315.304149,0.19306006,34861.4,3.89273185,48.49049704,-41.84753445,66.80118295,0,0,0,9
element_4673,2058,257.5796543,5.786733598,133.4133158,679.8845249,233.5599386,22.13175666,0,0,2315.304149,0.19306006,34861.4,3.89273185,48.49049704,-41.84753445,66.80118295,0,0,0,9
element_4673,2059,257.7148086,5.850127038,132.4989913,718.568677,239.126064,22.14236722,0,0,2315.304149,0.19306006,34861.4,3.89273185,48.49049704,-41.84753445,66.80118295,0,0,0,9
element_4673,2060,257.352487,5.968650068,133.5970313,739.3008825,228.330578,22.13900402,0,0,2315.304149,0.19306006,34861.4,3.89273185,48.49049704,-41.84753445,66.80118295,0,0,0,9
element_4673,2061,257.9122299,6.039332723,130.3296743,772.429972,229.8191549,22.13962043,0,0,2315.304149,0.19306006,34861.4,3.89273185,48.49049704,-41.84753445,66.80118295,0,0,0,9
element_4673,2062,258.3802767,5.955333847,131.7711124,818.8336851,238.210491,22.14656246,0,0,2315.304149,0.19306006,34861.4,3.89273185,48.49049704,-41.84753445,66.80118295,0,0,0,9
element_4673,2063,258.0555918,5.843892584,132.3660734,719.7028253,234.4866484,22.14502508,0,0,2315.304149,0.19306006,34861.4,3.89273185,48.49049704,-41.84753445,66.80118295,0,0,0,9
element_4673,2064,258.4727662,5.893287577,133.1250091,724.3326116,240.6601443,22.14625764,0,0,2315.304149,0.19306006,34861.4,3.89273185,48.49049704,-41.84753445,66.80118295,0,0,0,9
element_4673,2065,258.6086927,5.747760535,132.06569,749.368682,236.5838469,22.14420118,0,0,2315.304149,0.19306006,34861.4,3.89273185,48.49049704,-41.84753445,66.80118295,0,0,0,9
element_4673,2066,258.4475684,5.776382685,132.4613666,756.0857253,252.7244517,22.13435764,0,0,2315.304149,0.19306006,34861.4,3.89273185,48.49049704,-41.84753445,66.80118295,0,0,0,9
element_4673,2067,258.6813181,5.896990846,131.3669986,756.3386318,248.1256939,22.15842866,0,0,2315.304149,0.19306006,34861.4,3.89273185,48.49049704,-41.84753445,66.80118295,0,0,0,9
element_4673,2068,258.057768,5.951823393,129.9266287,754.7392766,235.8709101,22.13258761,0,0,2315.304149,0.19306006,34861.4,3.89273185,48.49049704,-41.84753445,66.80118295,0,0,0,9
element_4673,2069,258.5882387,5.991572062,129.0019847,841.5219581,235.72111,22.13469358,0,0,2315.304149,0.19306006,34861.4,3.89273185,48.49049704,-41.84753445,66.80118295,0,0,0,9
element_4673,2070,259.1698085,6.095547161,127.5430257,941.2207374,234.2833093,22.13956441,0,0,2315.304149,0.19306006,34861.4,3.89273185,48.49049704,-41.84753445,66.80118295,0,0,0,9
element_4673,2071,258.4588331,5.910102062,132.9826455,754.6085349,240.6341492,22.13132797,0,0,2315.304149,0.19306006,34861.4,3.89273185,48.49049704,-41.84753445,66.80118295,0,0,0,9
element_4673,2072,258.4504937,5.866217729,131.5514061,800.7057341,240.2455389,22.13577759,0,0,2315.304149,0.19306006,34861.4,3.89273185,48.49049704,-41.84753445,66.80118295,0,0,0,9
element_4673,2073,258.8164851,5.744899529,133.1459156,771.4662384,255.3944862,22.14744343,0,0,2315.304149,0.19306006,34861.4,3.89273185,48.49049704,-41.84753445,66.80118295,0,0,0,9
element_4673,2074,258.8219584,5.876392962,130.3490769,811.2400873,240.5369252,22.1467685,0,0,2315.304149,0.19306006,34861.4,3.89273185,48.49049704,-41.84753445,66.80118295,0,0,0,9
element_4673,2075,259.4999735,5.746344943,131.8404979,775.9300858,246.5656741,22.14040287,0,0,2315.304149,0.19306006,34861.4,3.89273185,48.49049704,-41.84753445,66.80118295,0,0,0,9
element_4673,2076,258.9445192,5.750231659,130.8492105,754.7048902,246.3205986,22.13290605,0,0,2315.304149,0.19306006,34861.4,3.89273185,48.49049704,-41.84753445,66.80118295,0,0,0,9
element_4673,2077,259.5860273,5.882341796,129.6103786,893.9601377,255.1073038,22.13124915,0,0,2315.304149,0.19306006,34861.4,3.89273185,48.49049704,-41.84753445,66.80118295,0,0,0,9
element_4673,2078,259.7905744,6.125944317,130.1165611,877.5943471,246.2070081,22.14613314,0,0,2315.304149,0.19306006,34861.4,3.89273185,48.49049704,-41.84753445,66.80118295,0,0,0,9
element_4673,2079,259.1665117,5.946119082,129.2327248,847.9440044,241.1880322,22.16256124,0,0,2315.304149,0.19306006,34861.4,3.89273185,48.49049704,-41.84753445,66.80118295,0,0,0,9
element_4673,2080,259.8592881,6.044359209,128.9895217,900.6844972,246.3715393,22.13951091,0,0,2315.304149,0.19306006,34861.4,3.89273185,48.49049704,-41.84753445,66.80118295,0,0,0,9
element_4673,2081,259.7200941,6.090937304,129.9433899,874.0169575,253.1866661,22.14782998,0,0,2315.304149,0.19306006,34861.4,3.89273185,48.49049704,-41.84753445,66.80118295,0,0,0,9
element_4673,2082,259.1841466,5.605089301,133.3880963,739.8750626,258.0946975,22.13228326,0,0,2315.304149,0.19306006,34861.4,3.89273185,48.49049704,-41.84753445,66.80118295,0,0,0,9
element_4673,2083,259.5680308,6.027480703,129.4743279,915.9411753,247.1881964,22.14335824,0,0,2315.304149,0.19306006,34861.4,3.89273185,48.49049704,-41.84753445,66.80118295,0,0,0,9
element_4673,2084,259.8558589,5.973393102,126.981181,890.9020385,253.5090196,22.15056608,0,0,2315.304149,0.19306006,34861.4,3.89273185,48.49049704,-41.84753445,66.80118295,0,0,0,9
element_4673,2085,259.98189,5.798591017,130.4793622,805.6543004,259.2788968,22.17019712,0,0,2315.304149,0.19306006,34861.4,3.89273185,48.49049704,-41.84753445,66.80118295,0,0,0,9
element_4673,2086,259.7652012,5.792782133,131.9033807,768.902581,258.6208156,22.13051603,0,0,2315.304149,0.19306006,34861.4,3.89273185,48.49049704,-41.84753445,66.80118295,0,0,0,9
element_4673,2087,259.457874,5.848707796,131.5775871,771.622371,256.1694496,22.13948287,0,0,2315.304149,0.19306006,34861.4,3.89273185,48.49049704,-41.84753445,66.80118295,0,0,0,9
element_4673,2088,259.6585848,5.790896396,128.8905865,849.475781,258.431189,22.1707118,0,0,2315.304149,0.19306006,34861.4,3.89273185,48.49049704,-41.84753445,66.80118295,0,0,0,9
element_4673,2089,259.6385234,5.969825474,127.6206035,915.4110544,252.4214726,22.14753392,0,0,2315.304149,0.19306006,34861.4,3.89273185,48.49049704,-41.84753445,66.80118295,0,0,0,9
element_4673,2090,258.9378152,5.686303593,130.4859956,795.1336315,251.67799,22.14265288,0,0,2315.304149,0.19306006,34861.4,3.89273185,48.49049704,-41.84753445,66.80118295,0,0,0,9
element_4673,2091,259.6888681,5.937554387,129.3968463,879.0133644,264.3006631,22.14835815,0,0,2315.304149,0.19306006,34861.4,3.89273185,48.49049704,-41.84753445,66.80118295,0,0,0,9
element_4673,2092,260.1415872,5.763550389,129.3272048,895.0392132,265.7352855,22.13543241,0,0,2315.304149,0.19306006,34861.4,3.89273185,48.49049704,-41.84753445,66.80118295,0,0,0,9
element_4673,2093,260.4159047,6.130478911,129.0364376,882.3859979,268.7546148,22.17080943,0,0,2315.304149,0.19306006,34861.4,3.89273185,48.49049704,-41.84753445,66.80118295,0,0,0,9
element_4673,2094,259.7476016,5.856210204,130.7847413,828.3708696,267.7830205,22.16265174,0,0,2315.304149,0.19306006,34861.4,3.89273185,48.49049704,-41.84753445,66.80118295,0,0,0,9
element_4673,2095,260.3533368,5.966630282,128.0774786,932.0797216,261.7264846,22.15360037,0,0,2315.304149,0.19306006,34861.4,3.89273185,48.49049704,-41.84753445,66.80118295,0,0,0,9
element_4673,2096,259.952278,5.893576782,130.5214907,812.5348534,267.2446412,22.16424929,0,0,2315.304149,0.19306006,34861.4,3.89273185,48.49049704,-41.84753445,66.80118295,0,0,0,9
element_4673,2097,259.7603991,5.887646704,130.7357397,794.2693194,258.9308278,22.14585419,0,0,2315.304149,0.19306006,34861.4,3.89273185,48.49049704,-41.84753445,66.80118295,0,0,0,9
element_4673,2098,260.853276,6.004298578,126.8096781,941.2766685,275.9881308,22.18145461,0,0,2315.304149,0.19306006,34861.4,3.89273185,48.49049704,-41.84753445,66.80118295,0,0,0,9
element_4673,2099,260.9853296,5.6582398,129.5840246,834.5454469,272.9153228,22.14652961,0,0,2315.304149,0.19306006,34861.4,3.89273185,48.49049704,-41.84753445,66.80118295,0,0,0,9
element_4673,2100,260.3226842,5.877124911,128.6256981,813.9482228,268.9653418,22.15281041,0,0,2315.304149,0.19306006,34861.4,3.89273185,48.49049704,-41.84753445,66.80118295,0,0,0,9
element_4675,2015,259.1620501,5.937562659,136.6125397,863.2795964,255.6315011,21.63783866,3.37E-06,0,2333.691814,0.255380642,20244.8,3.425835558,39.63144051,-43.47720121,65.16858593,0,0,0,9
element_4675,2016,258.9106547,6.092109716,134.9641615,941.7534898,248.1838303,21.64020148,3.55E-06,0,2333.691814,0.255380642,20244.8,3.425835558,39.63144051,-43.47720121,65.16858593,0,0,0,9
element_4675,2017,258.5065373,6.027882463,137.5979138,792.1717684,248.8125859,21.63426631,3.01E-06,0,2333.691814,0.255380642,20244.8,3.425835558,39.63144051,-43.47720121,65.16858593,0,0,0,9
element_4675,2018,258.853512,6.208837261,136.6276378,876.1624797,249.8527073,21.62980163,3.02E-06,0,2333.691814,0.255380642,20244.8,3.425835558,39.63144051,-43.47720121,65.16858593,0,0,0,9
element_4675,2019,258.1147152,6.21841309,135.6099086,789.4204148,238.3397902,21.62225635,3.07E-06,0,2333.691814,0.255380642,20244.8,3.425835558,39.63144051,-43.47720121,65.16858593,0,0,0,9
element_4675,2020,258.4498373,6.327174813,134.2028017,880.3007514,249.0425299,21.62888988,3.29E-06,0,2333.691814,0.255380642,20244.8,3.425835558,39.63144051,-43.47720121,65.16858593,0,0,0,9
element_4675,2021,258.1522329,6.30335729,137.7658938,790.2786126,242.9195275,21.62183188,3.19E-06,0,2333.691814,0.255380642,20244.8,3.425835558,39.63144051,-43.47720121,65.16858593,0,0,0,9
element_4675,2022,259.6243655,6.162518325,135.4058318,903.1526278,259.4782778,21.6270758,3.61E-06,0,2333.691814,0.255380642,20244.8,3.425835558,39.63144051,-43.47720121,65.16858593,0,0,0,9
element_4675,2023,259.2457981,6.177132688,133.9766292,953.3894657,240.3862783,21.63604558,3.21E-06,0,2333.691814,0.255380642,20244.8,3.425835558,39.63144051,-43.47720121,65.16858593,0,0,0,9
element_4675,2024,259.6093551,6.102801062,137.1039943,876.391085,259.2552029,21.62866879,3.51E-06,0,2333.691814,0.255380642,20244.8,3.425835558,39.63144051,-43.47720121,65.16858593,0,0,0,9
element_4675,2025,260.0920985,6.407693078,135.1290012,1016.401256,258.7156295,21.63464189,3.41E-06,0,2333.691814,0.255380642,20244.8,3.425835558,39.63144051,-43.47720121,65.16858593,0,0,0,9
element_4675,2026,259.5536663,6.243604309,134.0126679,897.4678079,257.5928718,21.62595411,3.03E-06,0,2333.691814,0.255380642,20244.8,3.425835558,39.63144051,-43.47720121,65.16858593,0,0,0,9
element_4675,2027,259.6137713,6.388769858,134.3475982,946.6289779,258.1707164,21.62226539,3.44E-06,0,2333.691814,0.255380642,20244.8,3.425835558,39.63144051,-43.47720121,65.16858593,0,0,0,9
element_4675,2028,259.9368583,6.071848371,136.0101798,822.035322,264.2174955,21.62734843,3.29E-06,0,2333.691814,0.255380642,20244.8,3.425835558,39.63144051,-43.47720121,65.16858593,0,0,0,9
element_4675,2029,259.8695867,6.304222238,134.7318119,897.8688327,264.922892,21.6335654,3.56E-06,0,2333.691814,0.255380642,20244.8,3.425835558,39.63144051,-43.47720121,65.16858593,0,0,0,9
element_4675,2030,259.1344238,6.089315099,135.4594532,873.689028,255.0983795,21.62743727,2.77E-06,0,2333.691814,0.255380642,20244.8,3.425835558,39.63144051,-43.47720121,65.16858593,0,0,0,9
element_4675,2031,259.86037,6.35331856,132.6883437,991.1730027,253.8635699,21.62194539,3.37E-06,0,2333.691814,0.255380642,20244.8,3.425835558,39.63144051,-43.47720121,65.16858593,0,0,0,9
element_4675,2032,259.4816339,6.225769224,135.7111913,950.5490819,248.783537,21.62728885,3.33E-06,0,2333.691814,0.255380642,20244.8,3.425835558,39.63144051,-43.47720121,65.16858593,0,0,0,9
element_4675,2033,260.0075197,6.258941025,134.8263593,989.036903,259.644706,21.62362925,3.34E-06,0,2333.691814,0.255380642,20244.8,3.425835558,39.63144051,-43.47720121,65.16858593,0,0,0,9
element_4675,2034,259.9719847,6.310289503,134.4964386,913.603608,257.6741889,21.6308659,3.42E-06,0,2333.691814,0.255380642,20244.8,3.425835558,39.63144051,-43.47720121,65.16858593,0,0,0,9
element_4675,2035,260.104082,6.187141244,134.5015457,943.9423909,259.1794491,21.62877561,3.44E-06,0,2333.691814,0.255380642,20244.8,3.425835558,39.63144051,-43.47720121,65.16858593,0,0,0,9
element_4675,2036,259.7191276,6.240845384,134.2316045,971.1776842,262.6993103,21.63110685,3.83E-06,0,2333.691814,0.255380642,20244.8,3.425835558,39.63144051,-43.47720121,65.16858593,0,0,0,9
element_4675,2037,259.3819467,6.33357869,136.4288592,905.3780335,256.090472,21.63043491,3.50E-06,0,2333.691814,0.255380642,20244.8,3.425835558,39.63144051,-43.47720121,65.16858593,0,0,0,9
element_4675,2038,260.0161327,6.169128825,133.4282482,927.1127903,256.6910329,21.62441675,3.22E-06,0,2333.691814,0.255380642,20244.8,3.425835558,39.63144051,-43.47720121,65.16858593,0,0,0,9
element_4675,2039,259.9771633,6.168425621,134.0532813,920.4179219,260.8518193,21.63536469,3.41E-06,0,2333.691814,0.255380642,20244.8,3.425835558,39.63144051,-43.47720121,65.16858593,0,0,0,9
element_4675,2040,259.0778055,6.200619286,133.4458433,940.0797205,247.948665,21.62148236,3.19E-06,0,2333.691814,0.255380642,20244.8,3.425835558,39.63144051,-43.47720121,65.16858593,0,0,0,9
element_4675,2041,259.8117905,6.248026425,131.5291419,974.2192121,249.3421999,21.63319355,2.90E-06,0,2333.691814,0.255380642,20244.8,3.425835558,39.63144051,-43.47720121,65.16858593,0,0,0,9
element_4675,2042,260.2168199,6.219504925,134.4396688,953.4462526,258.2504636,21.62201123,3.93E-06,0,2333.691814,0.255380642,20244.8,3.425835558,39.63144051,-43.47720121,65.16858593,0,0,0,9
element_4675,2043,260.082292,6.152510017,135.4142998,912.6454841,257.9811538,21.62498811,3.51E-06,0,2333.691814,0.255380642,20244.8,3.425835558,39.63144051,-43.47720121,65.16858593,0,0,0,9
element_4675,2044,260.3440626,6.210323885,132.8186668,964.103436,252.6798436,21.64340615,3.64E-06,0,2333.691814,0.255380642,20244.8,3.425835558,39.63144051,-43.47720121,65.16858593,0,0,0,9
element_4675,2045,260.9955856,6.340826429,131.9117366,1081.13249,264.4862562,21.63531038,3.22E-06,0,2333.691814,0.255380642,20244.8,3.425835558,39.63144051,-43.47720121,65.16858593,0,0,0,9
element_4675,2046,260.4135461,6.021466299,133.9308961,989.5633028,266.3886384,21.62544214,3.90E-06,0,2333.691814,0.255380642,20244.8,3.425835558,39.63144051,-43.47720121,65.16858593,0,0,0,9
element_4675,2047,260.5177008,6.164649421,135.6110454,912.8292725,269.5622823,21.6274732,3.88E-06,0,2333.691814,0.255380642,20244.8,3.425835558,39.63144051,-43.47720121,65.16858593,0,0,0,9
element_4675,2048,260.3796622,6.372334037,135.4748954,925.0691673,272.398288,21.64166828,3.72E-06,0,2333.691814,0.255380642,20244.8,3.425835558,39.63144051,-43.47720121,65.16858593,0,0,0,9
element_4675,2049,260.7259394,6.207746015,132.4778616,950.2806216,263.4914899,21.6404061,3.64E-06,0,2333.691814,0.255380642,20244.8,3.425835558,39.63144051,-43.47720121,65.16858593,0,0,0,9
element_4675,2050,261.1311054,6.212709886,132.7864483,1006.311091,274.8794268,21.64137781,3.62E-06,0,2333.691814,0.255380642,20244.8,3.425835558,39.63144051,-43.47720121,65.16858593,0,0,0,9
element_4675,2051,260.6771384,6.178108259,131.331731,967.8902885,273.0562021,21.62935079,3.78E-06,0,2333.691814,0.255380642,20244.8,3.425835558,39.63144051,-43.47720121,65.16858593,0,0,0,9
element_4675,2052,260.8273049,6.158332145,131.5659971,1008.439816,264.073258,21.63812944,3.52E-06,0,2333.691814,0.255380642,20244.8,3.425835558,39.63144051,-43.47720121,65.16858593,0,0,0,9
element_4675,2053,260.7225794,6.375481054,133.7610485,957.9534117,267.4226142,21.64577069,3.58E-06,0,2333.691814,0.255380642,20244.8,3.425835558,39.63144051,-43.47720121,65.16858593,0,0,0,9
element_4675,2054,260.6723536,6.401436398,134.1144988,937.7030984,269.0436816,21.64294436,3.71E-06,0,2333.691814,0.255380642,20244.8,3.425835558,39.63144051,-43.47720121,65.16858593,0,0,0,9
element_4675,2055,260.3921906,6.019203052,133.6167187,937.5073928,273.196255,21.64858092,3.57E-06,0,2333.691814,0.255380642,20244.8,3.425835558,39.63144051,-43.47720121,65.16858593,0,0,0,9
element_4675,2056,260.8856861,6.340786293,133.9957512,941.0203624,265.083503,21.62870825,3.80E-06,0,2333.691814,0.255380642,20244.8,3.425835558,39.63144051,-43.47720121,65.16858593,0,0,0,9
element_4675,2057,261.2189379,6.314772348,131.7368288,1011.380789,265.6826966,21.63528345,3.98E-06,0,2333.691814,0.255380642,20244.8,3.425835558,39.63144051,-43.47720121,65.16858593,0,0,0,9
element_4675,2058,261.0087147,6.109034611,132.9046811,897.0621582,272.7209976,21.6346129,3.88E-06,0,2333.691814,0.255380642,20244.8,3.425835558,39.63144051,-43.47720121,65.16858593,0,0,0,9
element_4675,2059,261.2189771,6.123050067,132.4719884,901.0013679,286.01551,21.65905714,3.62E-06,0,2333.691814,0.255380642,20244.8,3.425835558,39.63144051,-43.47720121,65.16858593,0,0,0,9
element_4675,2060,260.8250057,6.276930188,133.4222483,957.5272939,277.0096069,21.64897819,3.95E-06,0,2333.691814,0.255380642,20244.8,3.425835558,39.63144051,-43.47720121,65.16858593,0,0,0,9
element_4675,2061,261.4230281,6.416827728,129.63879,1027.489342,273.6285419,21.65215531,3.28E-06,0,2333.691814,0.255380642,20244.8,3.425835558,39.63144051,-43.47720121,65.16858593,0,0,0,9
element_4675,2062,261.7664169,6.265589942,131.621752,1075.534741,280.8901817,21.65683889,3.95E-06,0,2333.691814,0.255380642,20244.8,3.425835558,39.63144051,-43.47720121,65.16858593,0,0,0,9
element_4675,2063,261.4734106,6.18419782,133.3799162,964.3138382,280.855045,21.66836204,4.00E-06,0,2333.691814,0.255380642,20244.8,3.425835558,39.63144051,-43.47720121,65.16858593,0,0,0,9
element_4675,2064,261.8336559,6.220637083,132.5395646,966.835242,284.0631691,21.67019134,3.68E-06,0,2333.691814,0.255380642,20244.8,3.425835558,39.63144051,-43.47720121,65.16858593,0,0,0,9
element_4675,2065,261.8913943,5.961525839,131.9168371,974.5431474,275.4949417,21.66410231,3.75E-06,0,2333.691814,0.255380642,20244.8,3.425835558,39.63144051,-43.47720121,65.16858593,0,0,0,9
element_4675,2066,261.7863576,6.041103919,132.0901665,1008.507673,297.5571259,21.65241426,3.42E-06,0,2333.691814,0.255380642,20244.8,3.425835558,39.63144051,-43.47720121,65.16858593,0,0,0,9
element_4675,2067,262.1640794,6.283728557,131.4835785,1001.671608,298.9302131,21.68423811,3.60E-06,0,2333.691814,0.255380642,20244.8,3.425835558,39.63144051,-43.47720121,65.16858593,0,0,0,9
element_4675,2068,261.6159821,6.260892322,129.4497762,998.3473818,284.1091521,21.64391045,3.94E-06,0,2333.691814,0.255380642,20244.8,3.425835558,39.63144051,-43.47720121,65.16858593,0,0,0,9
element_4675,2069,261.9859351,6.310100179,129.0961746,1086.847431,282.5999793,21.64254697,3.76E-06,0,2333.691814,0.255380642,20244.8,3.425835558,39.63144051,-43.47720121,65.16858593,0,0,0,9
element_4675,2070,262.4754288,6.455681442,127.6610186,1183.376512,281.70208,21.65071741,3.88E-06,0,2333.691814,0.255380642,20244.8,3.425835558,39.63144051,-43.47720121,65.16858593,0,0,0,9
element_4675,2071,262.0223051,6.304590969,132.1760123,1019.574881,286.0760185,21.6386778,3.82E-06,0,2333.691814,0.255380642,20244.8,3.425835558,39.63144051,-43.47720121,65.16858593,0,0,0,9
element_4675,2072,262.0437068,6.261813298,131.3339962,1055.504512,283.8638738,21.64853641,3.79E-06,0,2333.691814,0.255380642,20244.8,3.425835558,39.63144051,-43.47720121,65.16858593,0,0,0,9
element_4675,2073,262.2721938,5.991503887,132.8118815,1012.507666,302.4079754,21.66793227,3.74E-06,0,2333.691814,0.255380642,20244.8,3.425835558,39.63144051,-43.47720121,65.16858593,0,0,0,9
element_4675,2074,262.05685,6.149801426,130.695548,1024.265554,283.9184065,21.66206513,3.23E-06,0,2333.691814,0.255380642,20244.8,3.425835558,39.63144051,-43.47720121,65.16858593,0,0,0,9
element_4675,2075,262.9291533,6.010609953,131.7980585,1035.431063,293.9244979,21.64724276,3.70E-06,0,2333.691814,0.255380642,20244.8,3.425835558,39.63144051,-43.47720121,65.16858593,0,0,0,9
element_4675,2076,262.2573926,6.014230294,131.1848077,987.8120026,288.4344681,21.64361984,3.58E-06,0,2333.691814,0.255380642,20244.8,3.425835558,39.63144051,-43.47720121,65.16858593,0,0,0,9
element_4675,2077,262.9273142,6.174600721,129.2780494,1177.186224,299.6862007,21.64124812,3.88E-06,0,2333.691814,0.255380642,20244.8,3.425835558,39.63144051,-43.47720121,65.16858593,0,0,0,9
element_4675,2078,263.205427,6.550752122,128.3363169,1217.740273,290.4426336,21.66203833,3.62E-06,0,2333.691814,0.255380642,20244.8,3.425835558,39.63144051,-43.47720121,65.16858593,0,0,0,9
element_4675,2079,262.5728993,6.239917811,128.9588007,1102.091759,283.327649,21.68453028,3.51E-06,0,2333.691814,0.255380642,20244.8,3.425835558,39.63144051,-43.47720121,65.16858593,0,0,0,9
element_4675,2080,263.3374061,6.364330022,129.211182,1135.644697,293.1629211,21.65732123,3.59E-06,0,2333.691814,0.255380642,20244.8,3.425835558,39.63144051,-43.47720121,65.16858593,0,0,0,9
element_4675,2081,263.0341293,6.353849598,130.02984,1086.813883,300.0790816,21.6691038,3.88E-06,0,2333.691814,0.255380642,20244.8,3.425835558,39.63144051,-43.47720121,65.16858593,0,0,0,9
element_4675,2082,262.5985922,5.864481656,133.3640871,938.6100502,305.9529884,21.64171861,3.81E-06,0,2333.691814,0.255380642,20244.8,3.425835558,39.63144051,-43.47720121,65.16858593,0,0,0,9
element_4675,2083,262.9922423,6.291593273,129.8921322,1208.82038,286.6315902,21.66367512,3.82E-06,0,2333.691814,0.255380642,20244.8,3.425835558,39.63144051,-43.47720121,65.16858593,0,0,0,9
element_4675,2084,263.2621505,6.274833139,126.2705047,1134.135832,303.8641064,21.67750466,3.59E-06,0,2333.691814,0.255380642,20244.8,3.425835558,39.63144051,-43.47720121,65.16858593,0,0,0,9
element_4675,2085,263.3494772,6.131775375,130.6609024,1095.78291,309.9894948,21.69262115,3.92E-06,0,2333.691814,0.255380642,20244.8,3.425835558,39.63144051,-43.47720121,65.16858593,0,0,0,9
element_4675,2086,263.2857813,6.095172552,132.1570755,980.0732591,309.9684055,21.64165243,4.35E-06,0,2333.691814,0.255380642,20244.8,3.425835558,39.63144051,-43.47720121,65.16858593,0,0,0,9
element_4675,2087,262.8088956,6.14590093,131.212978,1000.650224,304.1888084,21.65743753,3.69E-06,0,2333.691814,0.255380642,20244.8,3.425835558,39.63144051,-43.47720121,65.16858593,0,0,0,9
element_4675,2088,263.1283731,6.095416924,128.5334409,1118.467461,305.9124731,21.68530808,3.99E-06,0,2333.691814,0.255380642,20244.8,3.425835558,39.63144051,-43.47720121,65.16858593,0,0,0,9
element_4675,2089,263.0888247,6.278378623,127.0368965,1190.333631,305.2082305,21.67077716,4.09E-06,0,2333.691814,0.255380642,20244.8,3.425835558,39.63144051,-43.47720121,65.16858593,0,0,0,9
element_4675,2090,262.4569094,5.965899775,130.42989,1002.930682,300.6643621,21.65488329,3.67E-06,0,2333.691814,0.255380642,20244.8,3.425835558,39.63144051,-43.47720121,65.16858593,0,0,0,9
element_4675,2091,263.3182804,6.295617914,128.932437,1131.126555,315.4019146,21.66887527,3.68E-06,0,2333.691814,0.255380642,20244.8,3.425835558,39.63144051,-43.47720121,65.16858593,0,0,0,9
element_4675,2092,263.4514182,6.022120778,129.6703493,1146.414619,313.2003876,21.65266342,3.61E-06,0,2333.691814,0.255380642,20244.8,3.425835558,39.63144051,-43.47720121,65.16858593,0,0,0,9
element_4675,2093,263.7888033,6.400673064,128.2772536,1147.0382,316.9990796,21.69702229,3.69E-06,0,2333.691814,0.255380642,20244.8,3.425835558,39.63144051,-43.47720121,65.16858593,0,0,0,9
element_4675,2094,263.3357207,6.168033905,131.3302277,1116.731929,313.2836139,21.68466001,3.56E-06,0,2333.691814,0.255380642,20244.8,3.425835558,39.63144051,-43.47720121,65.16858593,0,0,0,9
element_4675,2095,263.6993871,6.225612862,127.8541915,1245.817826,308.8718343,21.6804883,3.45E-06,0,2333.691814,0.255380642,20244.8,3.425835558,39.63144051,-43.47720121,65.16858593,0,0,0,9
element_4675,2096,263.5184436,6.264387194,130.9061738,1070.876702,316.525704,21.68695737,3.89E-06,0,2333.691814,0.255380642,20244.8,3.425835558,39.63144051,-43.47720121,65.16858593,0,0,0,9
element_4675,2097,263.2908524,6.25380021,130.9017046,1020.252552,310.7895346,21.66887863,3.88E-06,0,2333.691814,0.255380642,20244.8,3.425835558,39.63144051,-43.47720121,65.16858593,0,0,0,9
element_4675,2098,264.1869759,6.220596475,127.3609141,1204.886207,326.7346155,21.69712235,3.79E-06,0,2333.691814,0.255380642,20244.8,3.425835558,39.63144051,-43.47720121,65.16858593,0,0,0,9
element_4675,2099,264.2528007,6.004740475,128.9929887,1124.235237,317.9783626,21.66854733,4.23E-06,0,2333.691814,0.255380642,20244.8,3.425835558,39.63144051,-43.47720121,65.16858593,0,0,0,9
element_4675,2100,263.6353326,6.226854587,129.5370854,1058.037514,318.8488805,21.67640214,4.26E-06,0,2333.691814,0.255380642,20244.8,3.425835558,39.63144051,-43.47720121,65.16858593,0,0,0,9
element_4677,2015,260.7233673,6.024879315,135.8949167,993.2580177,280.8381356,22.26498253,1.31E-05,0,2214.005223,0.525866563,7005.2,2.658831555,37.3423616,-42.87404181,64.36530544,0,0,0,9
element_4677,2016,260.4558688,6.139868033,134.4576881,1064.831325,271.5752334,22.26638362,1.38E-05,0,2214.005223,0.525866563,7005.2,2.658831555,37.3423616,-42.87404181,64.36530544,0,0,0,9
element_4677,2017,260.0801833,6.157417839,136.7634763,913.6126908,271.7219508,22.25778829,1.17E-05,0,2214.005223,0.525866563,7005.2,2.658831555,37.3423616,-42.87404181,64.36530544,0,0,0,9
element_4677,2018,260.3904287,6.297680854,136.0206498,998.0802305,274.4468345,22.25049856,1.17E-05,0,2214.005223,0.525866563,7005.2,2.658831555,37.3423616,-42.87404181,64.36530544,0,0,0,9
element_4677,2019,259.7676086,6.343806239,134.549995,931.5815284,263.6720432,22.23867151,1.19E-05,0,2214.005223,0.525866563,7005.2,2.658831555,37.3423616,-42.87404181,64.36530544,0,0,0,9
element_4677,2020,260.0502101,6.421120995,133.5232502,1005.749542,276.7829641,22.2465524,1.28E-05,0,2214.005223,0.525866563,7005.2,2.658831555,37.3423616,-42.87404181,64.36530544,0,0,0,9
element_4677,2021,259.8108607,6.400382955,137.6092124,876.0188858,269.9826461,22.23655212,1.24E-05,0,2214.005223,0.525866563,7005.2,2.658831555,37.3423616,-42.87404181,64.36530544,0,0,0,9
element_4677,2022,261.269508,6.253792938,134.2097406,1036.484468,286.1115844,22.24531574,1.40E-05,0,2214.005223,0.525866563,7005.2,2.658831555,37.3423616,-42.87404181,64.36530544,0,0,0,9
element_4677,2023,260.9522514,6.273440653,133.1633894,1096.762301,266.9550018,22.25909633,1.25E-05,0,2214.005223,0.525866563,7005.2,2.658831555,37.3423616,-42.87404181,64.36530544,0,0,0,9
element_4677,2024,261.2604926,6.228493099,136.3135236,1005.784591,284.2426731,22.24491109,1.36E-05,0,2214.005223,0.525866563,7005.2,2.658831555,37.3423616,-42.87404181,64.36530544,0,0,0,9
element_4677,2025,261.6873474,6.504338027,134.1903563,1150.875342,287.2791581,22.25859169,1.32E-05,0,2214.005223,0.525866563,7005.2,2.658831555,37.3423616,-42.87404181,64.36530544,0,0,0,9
element_4677,2026,261.1784945,6.31040463,133.11817,1026.402627,285.5851586,22.24211492,1.18E-05,0,2214.005223,0.525866563,7005.2,2.658831555,37.3423616,-42.87404181,64.36530544,0,0,0,9
element_4677,2027,261.2215827,6.442757474,133.4588734,1072.527962,285.9110461,22.23876242,1.33E-05,0,2214.005223,0.525866563,7005.2,2.658831555,37.3423616,-42.87404181,64.36530544,0,0,0,9
element_4677,2028,261.5604541,6.170482734,135.1219483,921.6556083,292.2474094,22.2439421,1.28E-05,0,2214.005223,0.525866563,7005.2,2.658831555,37.3423616,-42.87404181,64.36530544,0,0,0,9
element_4677,2029,261.4174083,6.353712298,134.4270145,1021.069739,289.380501,22.25404482,1.38E-05,0,2214.005223,0.525866563,7005.2,2.658831555,37.3423616,-42.87404181,64.36530544,0,0,0,9
element_4677,2030,260.7039799,6.183361904,135.0617602,982.3891688,281.01185,22.24417109,1.07E-05,0,2214.005223,0.525866563,7005.2,2.658831555,37.3423616,-42.87404181,64.36530544,0,0,0,9
element_4677,2031,261.483811,6.440009316,131.5627536,1122.838453,280.1868904,22.23740448,1.31E-05,0,2214.005223,0.525866563,7005.2,2.658831555,37.3423616,-42.87404181,64.36530544,0,0,0,9
element_4677,2032,261.0677516,6.320136929,134.6929809,1092.151173,272.8697909,22.24576029,1.29E-05,0,2214.005223,0.525866563,7005.2,2.658831555,37.3423616,-42.87404181,64.36530544,0,0,0,9
element_4677,2033,261.5583269,6.293433528,134.1929842,1133.653674,285.8471886,22.2405426,1.30E-05,0,2214.005223,0.525866563,7005.2,2.658831555,37.3423616,-42.87404181,64.36530544,0,0,0,9
element_4677,2034,261.6097671,6.442405125,133.4833988,1039.768138,285.2738667,22.24858302,1.33E-05,0,2214.005223,0.525866563,7005.2,2.658831555,37.3423616,-42.87404181,64.36530544,0,0,0,9
element_4677,2035,261.7081527,6.272423829,133.1638977,1094.157974,283.4695334,22.24466851,1.34E-05,0,2214.005223,0.525866563,7005.2,2.658831555,37.3423616,-42.87404181,64.36530544,0,0,0,9
element_4677,2036,261.286832,6.313201308,133.4986177,1113.058738,288.1051246,22.24694429,1.49E-05,0,2214.005223,0.525866563,7005.2,2.658831555,37.3423616,-42.87404181,64.36530544,0,0,0,9
element_4677,2037,260.9801574,6.429185681,136.2767774,1018.451173,283.6139968,22.24913039,1.36E-05,0,2214.005223,0.525866563,7005.2,2.658831555,37.3423616,-42.87404181,64.36530544,0,0,0,9
element_4677,2038,261.5988544,6.28441018,132.8701227,1042.020107,283.6972601,22.2415667,1.25E-05,0,2214.005223,0.525866563,7005.2,2.658831555,37.3423616,-42.87404181,64.36530544,0,0,0,9
element_4677,2039,261.5360621,6.236904787,133.2382751,1031.771737,288.0230321,22.25948439,1.32E-05,0,2214.005223,0.525866563,7005.2,2.658831555,37.3423616,-42.87404181,64.36530544,0,0,0,9
element_4677,2040,260.7195144,6.273427652,132.8249791,1047.234437,276.2206282,22.23661459,1.24E-05,0,2214.005223,0.525866563,7005.2,2.658831555,37.3423616,-42.87404181,64.36530544,0,0,0,9
element_4677,2041,261.3655263,6.315813555,130.7530428,1103.969713,275.3607803,22.25223098,1.13E-05,0,2214.005223,0.525866563,7005.2,2.658831555,37.3423616,-42.87404181,64.36530544,0,0,0,9
element_4677,2042,261.7866506,6.25788368,133.7277142,1086.618379,287.0056362,22.2373481,1.53E-05,0,2214.005223,0.525866563,7005.2,2.658831555,37.3423616,-42.87404181,64.36530544,0,0,0,9
element_4677,2043,261.6574761,6.232038533,134.7362843,1024.150107,283.7975866,22.24169724,1.37E-05,0,2214.005223,0.525866563,7005.2,2.658831555,37.3423616,-42.87404181,64.36530544,0,0,0,9
element_4677,2044,261.8989278,6.255071356,132.2475514,1080.345452,278.8503237,22.27079129,1.41E-05,0,2214.005223,0.525866563,7005.2,2.658831555,37.3423616,-42.87404181,64.36530544,0,0,0,9
element_4677,2045,262.5806683,6.462981077,130.9297485,1222.419547,293.7610042,22.25970501,1.25E-05,0,2214.005223,0.525866563,7005.2,2.658831555,37.3423616,-42.87404181,64.36530544,0,0,0,9
element_4677,2046,261.9719553,6.076406755,133.5225894,1095.833662,294.6097031,22.24118009,1.51E-05,0,2214.005223,0.525866563,7005.2,2.658831555,37.3423616,-42.87404181,64.36530544,0,0,0,9
element_4677,2047,262.1220118,6.229669556,135.6191564,1041.483153,298.2484002,22.2454158,1.51E-05,0,2214.005223,0.525866563,7005.2,2.658831555,37.3423616,-42.87404181,64.36530544,0,0,0,9
element_4677,2048,262.0090146,6.462586066,135.2965685,1012.708638,301.448819,22.26968592,1.44E-05,0,2214.005223,0.525866563,7005.2,2.658831555,37.3423616,-42.87404181,64.36530544,0,0,0,9
element_4677,2049,262.329647,6.309116417,131.281145,1057.747571,290.8103768,22.26643778,1.42E-05,0,2214.005223,0.525866563,7005.2,2.658831555,37.3423616,-42.87404181,64.36530544,0,0,0,9
element_4677,2050,262.7159482,6.287106141,131.9982956,1134.153983,303.6993076,22.26737452,1.41E-05,0,2214.005223,0.525866563,7005.2,2.658831555,37.3423616,-42.87404181,64.36530544,0,0,0,9
element_4677,2051,262.2849692,6.291927184,130.7205948,1076.361751,302.0773432,22.24700938,1.47E-05,0,2214.005223,0.525866563,7005.2,2.658831555,37.3423616,-42.87404181,64.36530544,0,0,0,9
element_4677,2052,262.4131799,6.222173626,130.9473624,1122.349222,293.1254813,22.26306896,1.37E-05,0,2214.005223,0.525866563,7005.2,2.658831555,37.3423616,-42.87404181,64.36530544,0,0,0,9
element_4677,2053,262.2890148,6.457723837,133.297759,1105.764946,294.2463483,22.26596685,1.39E-05,0,2214.005223,0.525866563,7005.2,2.658831555,37.3423616,-42.87404181,64.36530544,0,0,0,9
element_4677,2054,262.2931978,6.505414088,133.618756,1051.158112,297.4788007,22.26839637,1.44E-05,0,2214.005223,0.525866563,7005.2,2.658831555,37.3423616,-42.87404181,64.36530544,0,0,0,9
element_4677,2055,261.9343693,6.085261664,132.7683189,1048.093312,301.1061665,22.27864546,1.39E-05,0,2214.005223,0.525866563,7005.2,2.658831555,37.3423616,-42.87404181,64.36530544,0,0,0,9
element_4677,2056,262.4347143,6.41049813,133.1843541,1050.62546,293.2969879,22.24259177,1.48E-05,0,2214.005223,0.525866563,7005.2,2.658831555,37.3423616,-42.87404181,64.36530544,0,0,0,9
element_4677,2057,262.843666,6.418086677,130.9414969,1156.416612,295.3149165,22.25589861,1.55E-05,0,2214.005223,0.525866563,7005.2,2.658831555,37.3423616,-42.87404181,64.36530544,0,0,0,9
element_4677,2058,262.6074306,6.186443238,131.8936984,1013.778708,299.3664823,22.25454849,1.51E-05,0,2214.005223,0.525866563,7005.2,2.658831555,37.3423616,-42.87404181,64.36530544,0,0,0,9
element_4677,2059,262.8555575,6.232681655,131.8477099,1005.665705,316.3150227,22.28672806,1.41E-05,0,2214.005223,0.525866563,7005.2,2.658831555,37.3423616,-42.87404181,64.36530544,0,0,0,9
element_4677,2060,262.44729,6.338353339,132.9724073,1068.395765,309.2818636,22.27064285,1.53E-05,0,2214.005223,0.525866563,7005.2,2.658831555,37.3423616,-42.87404181,64.36530544,0,0,0,9
element_4677,2061,263.0181692,6.511383384,128.5986255,1167.289099,303.0655229,22.28281041,1.27E-05,0,2214.005223,0.525866563,7005.2,2.658831555,37.3423616,-42.87404181,64.36530544,0,0,0,9
element_4677,2062,263.3380649,6.364439119,130.6825387,1199.940951,308.7091328,22.28088524,1.54E-05,0,2214.005223,0.525866563,7005.2,2.658831555,37.3423616,-42.87404181,64.36530544,0,0,0,9
element_4677,2063,263.0736162,6.283717665,133.2931272,1077.501565,311.5056987,22.29652267,1.55E-05,0,2214.005223,0.525866563,7005.2,2.658831555,37.3423616,-42.87404181,64.36530544,0,0,0,9
element_4677,2064,263.4017501,6.325476482,131.6969194,1095.175001,312.7992891,22.29919236,1.43E-05,0,2214.005223,0.525866563,7005.2,2.658831555,37.3423616,-42.87404181,64.36530544,0,0,0,9
element_4677,2065,263.4037624,6.028429509,131.0786667,1094.027766,302.4118217,22.28932168,1.46E-05,0,2214.005223,0.525866563,7005.2,2.658831555,37.3423616,-42.87404181,64.36530544,0,0,0,9
element_4677,2066,263.3837215,6.117086774,131.005702,1160.150814,327.9590794,22.27965959,1.33E-05,0,2214.005223,0.525866563,7005.2,2.658831555,37.3423616,-42.87404181,64.36530544,0,0,0,9
element_4677,2067,263.7449162,6.386646199,130.9362337,1128.326846,331.8254472,22.30598295,1.40E-05,0,2214.005223,0.525866563,7005.2,2.658831555,37.3423616,-42.87404181,64.36530544,0,0,0,9
element_4677,2068,263.2103417,6.308546675,128.7325234,1124.097686,315.4186989,22.27369601,1.53E-05,0,2214.005223,0.525866563,7005.2,2.658831555,37.3423616,-42.87404181,64.36530544,0,0,0,9
element_4677,2069,263.5728679,6.383940157,128.5965887,1207.44403,314.1740013,22.26933436,1.46E-05,0,2214.005223,0.525866563,7005.2,2.658831555,37.3423616,-42.87404181,64.36530544,0,0,0,9
element_4677,2070,264.0032071,6.520549522,127.3554163,1285.887653,313.776337,22.27784582,1.51E-05,0,2214.005223,0.525866563,7005.2,2.658831555,37.3423616,-42.87404181,64.36530544,0,0,0,9
element_4677,2071,263.6595217,6.413248073,131.3901019,1151.102112,317.1644754,22.26359109,1.48E-05,0,2214.005223,0.525866563,7005.2,2.658831555,37.3423616,-42.87404181,64.36530544,0,0,0,9
element_4677,2072,263.6256841,6.333297535,130.7959032,1194.839435,313.7890118,22.27738118,1.47E-05,0,2214.005223,0.525866563,7005.2,2.658831555,37.3423616,-42.87404181,64.36530544,0,0,0,9
element_4677,2073,263.8625616,6.069990788,131.9884016,1146.888389,333.0599044,22.29561614,1.45E-05,0,2214.005223,0.525866563,7005.2,2.658831555,37.3423616,-42.87404181,64.36530544,0,0,0,9
element_4677,2074,263.5766386,6.257603651,130.3970419,1139.444979,313.6042403,22.2869035,1.25E-05,0,2214.005223,0.525866563,7005.2,2.658831555,37.3423616,-42.87404181,64.36530544,0,0,0,9
element_4677,2075,264.4780643,6.09357443,131.4901304,1164.47302,324.5912709,22.27422176,1.44E-05,0,2214.005223,0.525866563,7005.2,2.658831555,37.3423616,-42.87404181,64.36530544,0,0,0,9
element_4677,2076,263.8231631,6.125038571,130.600565,1102.102566,317.800529,22.2708802,1.39E-05,0,2214.005223,0.525866563,7005.2,2.658831555,37.3423616,-42.87404181,64.36530544,0,0,0,9
element_4677,2077,264.5156558,6.263505427,128.5410067,1309.929262,329.8106754,22.26987901,1.51E-05,0,2214.005223,0.525866563,7005.2,2.658831555,37.3423616,-42.87404181,64.36530544,0,0,0,9
element_4677,2078,264.802083,6.664355488,126.9423777,1408.732664,321.0953495,22.28896053,1.41E-05,0,2214.005223,0.525866563,7005.2,2.658831555,37.3423616,-42.87404181,64.36530544,0,0,0,9
element_4677,2079,264.1766415,6.309572213,128.1481077,1222.024645,313.9350762,22.30934087,1.37E-05,0,2214.005223,0.525866563,7005.2,2.658831555,37.3423616,-42.87404181,64.36530544,0,0,0,9
element_4677,2080,264.8968671,6.456844158,128.6425872,1254.526215,324.2554512,22.28908406,1.39E-05,0,2214.005223,0.525866563,7005.2,2.658831555,37.3423616,-42.87404181,64.36530544,0,0,0,9
element_4677,2081,264.5785743,6.414055457,129.5673721,1195.313253,331.480785,22.29527241,1.51E-05,0,2214.005223,0.525866563,7005.2,2.658831555,37.3423616,-42.87404181,64.36530544,0,0,0,9
element_4677,2082,264.2014313,5.964304904,132.2873248,1039.115743,336.9691442,22.26768397,1.48E-05,0,2214.005223,0.525866563,7005.2,2.658831555,37.3423616,-42.87404181,64.36530544,0,0,0,9
element_4677,2083,264.5489936,6.32176939,129.4786685,1357.177876,314.3258979,22.28955512,1.49E-05,0,2214.005223,0.525866563,7005.2,2.658831555,37.3423616,-42.87404181,64.36530544,0,0,0,9
element_4677,2084,264.8164837,6.342881649,125.383436,1258.541228,335.9704856,22.30046296,1.39E-05,0,2214.005223,0.525866563,7005.2,2.658831555,37.3423616,-42.87404181,64.36530544,0,0,0,9
element_4677,2085,264.9155536,6.259075342,130.0892254,1229.36295,343.2587277,22.31518129,1.52E-05,0,2214.005223,0.525866563,7005.2,2.658831555,37.3423616,-42.87404181,64.36530544,0,0,0,9
element_4677,2086,264.874495,6.210598142,131.4816061,1070.807444,344.1969974,22.2714216,1.69E-05,0,2214.005223,0.525866563,7005.2,2.658831555,37.3423616,-42.87404181,64.36530544,0,0,0,9
element_4677,2087,264.3960015,6.250055991,130.5919041,1113.803153,336.3087608,22.2835757,1.44E-05,0,2214.005223,0.525866563,7005.2,2.658831555,37.3423616,-42.87404181,64.36530544,0,0,0,9
element_4677,2088,264.7065051,6.205596864,127.7177236,1246.055142,337.1991313,22.30532507,1.55E-05,0,2214.005223,0.525866563,7005.2,2.658831555,37.3423616,-42.87404181,64.36530544,0,0,0,9
element_4677,2089,264.678292,6.364484713,125.9873268,1323.728282,339.9106259,22.29823228,1.59E-05,0,2214.005223,0.525866563,7005.2,2.658831555,37.3423616,-42.87404181,64.36530544,0,0,0,9
element_4677,2090,264.0947077,6.050942229,129.8319262,1083.724586,334.0759014,22.27773881,1.42E-05,0,2214.005223,0.525866563,7005.2,2.658831555,37.3423616,-42.87404181,64.36530544,0,0,0,9
element_4677,2091,264.9243624,6.376720437,128.331541,1239.480926,350.4003225,22.29919802,1.43E-05,0,2214.005223,0.525866563,7005.2,2.658831555,37.3423616,-42.87404181,64.36530544,0,0,0,9
element_4677,2092,265.0400077,6.126242941,129.1797746,1272.933048,345.6948592,22.28249897,1.40E-05,0,2214.005223,0.525866563,7005.2,2.658831555,37.3423616,-42.87404181,64.36530544,0,0,0,9
element_4677,2093,265.3438522,6.465319808,127.5612308,1271.665574,350.9856161,22.31592808,1.43E-05,0,2214.005223,0.525866563,7005.2,2.658831555,37.3423616,-42.87404181,64.36530544,0,0,0,9
element_4677,2094,264.9960396,6.275593265,130.8235527,1251.526576,345.6524099,22.3097063,1.38E-05,0,2214.005223,0.525866563,7005.2,2.658831555,37.3423616,-42.87404181,64.36530544,0,0,0,9
element_4677,2095,265.2429918,6.292453101,126.7289043,1383.738427,340.8631686,22.30460082,1.34E-05,0,2214.005223,0.525866563,7005.2,2.658831555,37.3423616,-42.87404181,64.36530544,0,0,0,9
element_4677,2096,265.1124466,6.365654319,130.5239609,1194.713557,349.2391712,22.30957436,1.51E-05,0,2214.005223,0.525866563,7005.2,2.658831555,37.3423616,-42.87404181,64.36530544,0,0,0,9
element_4677,2097,264.907396,6.362943134,130.4729816,1103.759102,345.5613336,22.29775009,1.51E-05,0,2214.005223,0.525866563,7005.2,2.658831555,37.3423616,-42.87404181,64.36530544,0,0,0,9
element_4677,2098,265.7218256,6.261283147,126.9051271,1319.331681,360.7214799,22.31669675,1.47E-05,0,2214.005223,0.525866563,7005.2,2.658831555,37.3423616,-42.87404181,64.36530544,0,0,0,9
element_4677,2099,265.7565824,6.11740514,128.1190932,1256.367524,348.6633865,22.30115391,1.64E-05,0,2214.005223,0.525866563,7005.2,2.658831555,37.3423616,-42.87404181,64.36530544,0,0,0,9
element_4677,2100,265.212268,6.340202948,129.4548386,1191.298711,354.1951756,22.29959828,1.65E-05,0,2214.005223,0.525866563,7005.2,2.658831555,37.3423616,-42.87404181,64.36530544,0,0,0,9
element_4678,2015,264.2707706,6.26143136,129.5034015,1215.656875,340.5276085,24.41801411,3.42E-05,0,1387.217504,3.036270073,17202.1,2.125198569,34.8296855,-42.30157652,63.61807061,0.445544541,4.415841579,28,9
element_4678,2016,263.9659611,6.279352515,128.8616898,1279.295819,329.2142853,24.41632779,3.59E-05,0,1387.217504,3.036270073,17202.1,2.125198569,34.8296855,-42.30157652,63.61807061,0.445544541,4.415841579,28,9
element_4678,2017,263.6360624,6.339110774,130.3315222,1140.049432,329.6022613,24.40695022,3.07E-05,0,1387.217504,3.036270073,17202.1,2.125198569,34.8296855,-42.30157652,63.61807061,0.445544541,4.415841579,28,9
element_4678,2018,263.9284563,6.451948706,129.877608,1216.331364,337.2956048,24.40246561,3.07E-05,0,1387.217504,3.036270073,17202.1,2.125198569,34.8296855,-42.30157652,63.61807061,0.445544541,4.415841579,28,9
element_4678,2019,263.3628434,6.499102803,128.0011125,1164.292873,328.3421653,24.38902418,3.13E-05,0,1387.217504,3.036270073,17202.1,2.125198569,34.8296855,-42.30157652,63.61807061,0.445544541,4.415841579,28,9
element_4678,2020,263.6024411,6.489019883,127.472563,1217.768921,346.669446,24.39477232,3.34E-05,0,1387.217504,3.036270073,17202.1,2.125198569,34.8296855,-42.30157652,63.61807061,0.445544541,4.415841579,28,9
element_4678,2021,263.4664611,6.456711521,132.1420204,1053.151556,335.503603,24.38172949,3.24E-05,0,1387.217504,3.036270073,17202.1,2.125198569,34.8296855,-42.30157652,63.61807061,0.445544541,4.415841579,28,9
element_4678,2022,264.9381791,6.396218507,127.0713235,1262.256132,346.7918975,24.39968131,3.66E-05,0,1387.217504,3.036270073,17202.1,2.125198569,34.8296855,-42.30157652,63.61807061,0.445544541,4.415841579,28,9
element_4678,2023,264.6903414,6.426083031,126.3637012,1322.208956,330.2824864,24.41121657,3.26E-05,0,1387.217504,3.036270073,17202.1,2.125198569,34.8296855,-42.30157652,63.61807061,0.445544541,4.415841579,28,9
element_4678,2024,264.9551729,6.412144229,129.4484506,1245.949089,350.9304545,24.39661743,3.55E-05,0,1387.217504,3.036270073,17202.1,2.125198569,34.8296855,-42.30157652,63.61807061,0.445544541,4.415841579,28,9
element_4678,2025,265.3410258,6.549947629,127.1052595,1386.612266,360.1337379,24.40750261,3.46E-05,0,1387.217504,3.036270073,17202.1,2.125198569,34.8296855,-42.30157652,63.61807061,0.445544541,4.415841579,28,9
element_4678,2026,264.8153019,6.438215494,126.400557,1245.742207,348.68794,24.39468391,3.09E-05,0,1387.217504,3.036270073,17202.1,2.125198569,34.8296855,-42.30157652,63.61807061,0.445544541,4.415841579,28,9
element_4678,2027,264.792281,6.475976586,127.1106719,1278.423305,349.6155191,24.39212101,3.48E-05,0,1387.217504,3.036270073,17202.1,2.125198569,34.8296855,-42.30157652,63.61807061,0.445544541,4.415841579,28,9
element_4678,2028,265.2223963,6.27920625,128.3135131,1110.424069,357.7302132,24.39756696,3.34E-05,0,1387.217504,3.036270073,17202.1,2.125198569,34.8296855,-42.30157652,63.61807061,0.445544541,4.415841579,28,9
element_4678,2029,264.8303943,6.415294959,128.7413617,1242.996885,350.4385781,24.40547816,3.62E-05,0,1387.217504,3.036270073,17202.1,2.125198569,34.8296855,-42.30157652,63.61807061,0.445544541,4.415841579,28,9
element_4678,2030,264.2244893,6.284615433,129.0822053,1168.423206,341.6141629,24.39699372,2.82E-05,0,1387.217504,3.036270073,17202.1,2.125198569,34.8296855,-42.30157652,63.61807061,0.445544541,4.415841579,28,9
element_4678,2031,265.036315,6.530262701,124.831162,1336.064964,347.2176969,24.38588307,3.44E-05,0,1387.217504,3.036270073,17202.1,2.125198569,34.8296855,-42.30157652,63.61807061,0.445544541,4.415841579,28,9
element_4678,2032,264.6211161,6.516641285,128.0563199,1327.517501,336.1568004,24.3959728,3.40E-05,0,1387.217504,3.036270073,17202.1,2.125198569,34.8296855,-42.30157652,63.61807061,0.445544541,4.415841579,28,9
element_4678,2033,265.0407764,6.326114452,128.3268505,1364.894477,349.782784,24.39327472,3.39E-05,0,1387.217504,3.036270073,17202.1,2.125198569,34.8296855,-42.30157652,63.61807061,0.445544541,4.415841579,28,9
element_4678,2034,265.2174798,6.572409072,126.6304917,1270.854056,352.3961449,24.40309502,3.47E-05,0,1387.217504,3.036270073,17202.1,2.125198569,34.8296855,-42.30157652,63.61807061,0.445544541,4.415841579,28,9
element_4678,2035,265.2439674,6.411394905,126.1923329,1347.426766,351.223059,24.39336609,3.49E-05,0,1387.217504,3.036270073,17202.1,2.125198569,34.8296855,-42.30157652,63.61807061,0.445544541,4.415841579,28,9
element_4678,2036,264.7445385,6.366078795,127.0931488,1331.845046,352.6567029,24.39915366,3.90E-05,0,1387.217504,3.036270073,17202.1,2.125198569,34.8296855,-42.30157652,63.61807061,0.445544541,4.415841579,28,9
element_4678,2037,264.4677638,6.495457282,130.646507,1228.229538,346.1452436,24.40161093,3.57E-05,0,1387.217504,3.036270073,17202.1,2.125198569,34.8296855,-42.30157652,63.61807061,0.445544541,4.415841579,28,9
element_4678,2038,265.0692573,6.472326807,126.9784287,1246.28804,344.9460153,24.39939211,3.28E-05,0,1387.217504,3.036270073,17202.1,2.125198569,34.8296855,-42.30157652,63.61807061,0.445544541,4.415841579,28,9
element_4678,2039,265.0410978,6.351106305,126.5668504,1222.816441,353.8433168,24.41373575,3.47E-05,0,1387.217504,3.036270073,17202.1,2.125198569,34.8296855,-42.30157652,63.61807061,0.445544541,4.415841579,28,9
element_4678,2040,264.3457151,6.319997889,127.0446292,1235.625862,339.1351728,24.38712595,3.25E-05,0,1387.217504,3.036270073,17202.1,2.125198569,34.8296855,-42.30157652,63.61807061,0.445544541,4.415841579,28,9
element_4678,2041,264.7764954,6.371935896,124.7879117,1311.761655,341.5230864,24.40551509,2.94E-05,0,1387.217504,3.036270073,17202.1,2.125198569,34.8296855,-42.30157652,63.61807061,0.445544541,4.415841579,28,9
element_4678,2042,265.2324545,6.304501961,127.3726349,1297.301948,353.0493181,24.38973392,3.99E-05,0,1387.217504,3.036270073,17202.1,2.125198569,34.8296855,-42.30157652,63.61807061,0.445544541,4.415841579,28,9
element_4678,2043,265.1943764,6.335515611,128.7378235,1228.062748,349.8529581,24.39519884,3.57E-05,0,1387.217504,3.036270073,17202.1,2.125198569,34.8296855,-42.30157652,63.61807061,0.445544541,4.415841579,28,9
element_4678,2044,265.3419026,6.320618429,126.3808615,1286.425222,344.1674711,24.42474402,3.71E-05,0,1387.217504,3.036270073,17202.1,2.125198569,34.8296855,-42.30157652,63.61807061,0.445544541,4.415841579,28,9
element_4678,2045,266.0676409,6.636015018,124.1002686,1436.713411,356.6997202,24.41767075,3.28E-05,0,1387.217504,3.036270073,17202.1,2.125198569,34.8296855,-42.30157652,63.61807061,0.445544541,4.415841579,28,9
element_4678,2046,265.4063562,6.121714113,128.0643357,1281.225097,356.7158394,24.40187584,3.98E-05,0,1387.217504,3.036270073,17202.1,2.125198569,34.8296855,-42.30157652,63.61807061,0.445544541,4.415841579,28,9
element_4678,2047,265.6747674,6.288804409,129.7618799,1255.186832,363.7826616,24.40883465,3.95E-05,0,1387.217504,3.036270073,17202.1,2.125198569,34.8296855,-42.30157652,63.61807061,0.445544541,4.415841579,28,9
element_4678,2048,265.5464455,6.56873449,129.9625675,1193.546846,360.9649521,24.43043125,3.78E-05,0,1387.217504,3.036270073,17202.1,2.125198569,34.8296855,-42.30157652,63.61807061,0.445544541,4.415841579,28,9
element_4678,2049,265.8438438,6.383377655,124.2185983,1261.014914,354.7242119,24.42431544,3.72E-05,0,1387.217504,3.036270073,17202.1,2.125198569,34.8296855,-42.30157652,63.61807061,0.445544541,4.415841579,28,9
element_4678,2050,266.2499682,6.414280197,125.7464813,1340.765569,369.4131996,24.42530854,3.69E-05,0,1387.217504,3.036270073,17202.1,2.125198569,34.8296855,-42.30157652,63.61807061,0.445544541,4.415841579,28,9
element_4678,2051,265.8593657,6.430426609,124.5379646,1261.301456,366.710782,24.41317787,3.84E-05,0,1387.217504,3.036270073,17202.1,2.125198569,34.8296855,-42.30157652,63.61807061,0.445544541,4.415841579,28,9
element_4678,2052,266.0073662,6.351110657,124.7824194,1321.703251,361.2302221,24.42858092,3.59E-05,0,1387.217504,3.036270073,17202.1,2.125198569,34.8296855,-42.30157652,63.61807061,0.445544541,4.415841579,28,9
element_4678,2053,265.8709287,6.551411578,127.6050831,1334.613597,363.7419731,24.42084087,3.65E-05,0,1387.217504,3.036270073,17202.1,2.125198569,34.8296855,-42.30157652,63.61807061,0.445544541,4.415841579,28,9
element_4678,2054,265.9443355,6.647207058,127.6706935,1261.993113,364.4846803,24.42934273,3.78E-05,0,1387.217504,3.036270073,17202.1,2.125198569,34.8296855,-42.30157652,63.61807061,0.445544541,4.415841579,28,9
element_4678,2055,265.4594074,6.141081319,126.4725651,1251.706802,366.3948897,24.44225119,3.66E-05,0,1387.217504,3.036270073,17202.1,2.125198569,34.8296855,-42.30157652,63.61807061,0.445544541,4.415841579,28,9
element_4678,2056,265.9539004,6.424517886,126.5086065,1246.369102,359.8078941,24.40420022,3.86E-05,0,1387.217504,3.036270073,17202.1,2.125198569,34.8296855,-42.30157652,63.61807061,0.445544541,4.415841579,28,9
element_4678,2057,266.3569355,6.508373221,124.2577676,1388.264462,361.370414,24.42254341,4.06E-05,0,1387.217504,3.036270073,17202.1,2.125198569,34.8296855,-42.30157652,63.61807061,0.445544541,4.415841579,28,9
element_4678,2058,266.1089799,6.30014776,125.1366812,1216.082806,362.4739977,24.41558309,3.97E-05,0,1387.217504,3.036270073,17202.1,2.125198569,34.8296855,-42.30157652,63.61807061,0.445544541,4.415841579,28,9
element_4678,2059,266.4079862,6.315025187,125.6976337,1185.213997,376.9651212,24.43822385,3.73E-05,0,1387.217504,3.036270073,17202.1,2.125198569,34.8296855,-42.30157652,63.61807061,0.445544541,4.415841579,28,9
element_4678,2060,266.0356471,6.388323679,126.661741,1262.143385,375.9411276,24.42913748,4.01E-05,0,1387.217504,3.036270073,17202.1,2.125198569,34.8296855,-42.30157652,63.61807061,0.445544541,4.415841579,28,9
element_4678,2061,266.5736536,6.614005832,121.778846,1397.310106,367.6559057,24.44282656,3.37E-05,0,1387.217504,3.036270073,17202.1,2.125198569,34.8296855,-42.30157652,63.61807061,0.445544541,4.415841579,28,9
element_4678,2062,266.9235995,6.529032915,123.3781175,1406.150628,374.7573244,24.43487498,4.04E-05,0,1387.217504,3.036270073,17202.1,2.125198569,34.8296855,-42.30157652,63.61807061,0.445544541,4.415841579,28,9
element_4678,2063,266.6944518,6.378674217,127.3834001,1283.438372,380.1893026,24.45019314,4.11E-05,0,1387.217504,3.036270073,17202.1,2.125198569,34.8296855,-42.30157652,63.61807061,0.445544541,4.415841579,28,9
element_4678,2064,266.8824245,6.410019284,124.9104433,1311.855768,382.8269469,24.45689902,3.76E-05,0,1387.217504,3.036270073,17202.1,2.125198569,34.8296855,-42.30157652,63.61807061,0.445544541,4.415841579,28,9
element_4678,2065,266.8592305,6.16651224,124.6017698,1299.491702,369.7065614,24.45602389,3.86E-05,0,1387.217504,3.036270073,17202.1,2.125198569,34.8296855,-42.30157652,63.61807061,0.445544541,4.415841579,28,9
element_4678,2066,266.9934307,6.258838291,123.9196944,1422.05718,401.9664611,24.44917037,3.52E-05,0,1387.217504,3.036270073,17202.1,2.125198569,34.8296855,-42.30157652,63.61807061,0.445544541,4.415841579,28,9
element_4678,2067,267.2909819,6.52567273,124.6706661,1324.935293,399.2147785,24.46130005,3.67E-05,0,1387.217504,3.036270073,17202.1,2.125198569,34.8296855,-42.30157652,63.61807061,0.445544541,4.415841579,28,9
element_4678,2068,266.7275889,6.368497189,122.2579474,1346.239678,382.1752653,24.45590508,4.02E-05,0,1387.217504,3.036270073,17202.1,2.125198569,34.8296855,-42.30157652,63.61807061,0.445544541,4.415841579,28,9
element_4678,2069,267.0738132,6.411682535,122.6915493,1397.020282,387.3355756,24.46168338,3.88E-05,0,1387.217504,3.036270073,17202.1,2.125198569,34.8296855,-42.30157652,63.61807061,0.445544541,4.415841579,28,9
element_4678,2070,267.350913,6.553851874,122.0441725,1432.520247,383.8352296,24.46191383,3.96E-05,0,1387.217504,3.036270073,17202.1,2.125198569,34.8296855,-42.30157652,63.61807061,0.445544541,4.415841579,28,9
element_4678,2071,267.2507174,6.565361066,124.8307872,1363.69072,387.2240314,24.45012623,3.90E-05,0,1387.217504,3.036270073,17202.1,2.125198569,34.8296855,-42.30157652,63.61807061,0.445544541,4.415841579,28,9
element_4678,2072,267.2140343,6.440182528,124.7489778,1426.439409,382.7069369,24.46422795,3.90E-05,0,1387.217504,3.036270073,17202.1,2.125198569,34.8296855,-42.30157652,63.61807061,0.445544541,4.415841579,28,9
element_4678,2073,267.4020648,6.249703798,124.6995756,1373.28567,402.7697317,24.47039484,3.84E-05,0,1387.217504,3.036270073,17202.1,2.125198569,34.8296855,-42.30157652,63.61807061,0.445544541,4.415841579,28,9
element_4678,2074,267.0515348,6.400494569,124.7121545,1316.955644,383.3282392,24.45960035,3.32E-05,0,1387.217504,3.036270073,17202.1,2.125198569,34.8296855,-42.30157652,63.61807061,0.445544541,4.415841579,28,9
element_4678,2075,268.0085701,6.267007078,125.5041885,1376.556549,395.747339,24.4629742,3.80E-05,0,1387.217504,3.036270073,17202.1,2.125198569,34.8296855,-42.30157652,63.61807061,0.445544541,4.415841579,28,9
element_4678,2076,267.4386346,6.244493712,123.9787926,1298.050173,390.6904433,24.45041181,3.67E-05,0,1387.217504,3.036270073,17202.1,2.125198569,34.8296855,-42.30157652,63.61807061,0.445544541,4.415841579,28,9
element_4678,2077,268.094622,6.403470631,121.8432603,1497.721487,401.1559058,24.45256134,4.00E-05,0,1387.217504,3.036270073,17202.1,2.125198569,34.8296855,-42.30157652,63.61807061,0.445544541,4.415841579,28,9
element_4678,2078,268.4421225,6.827648107,119.4394217,1694.861167,401.9383745,24.46620359,3.72E-05,0,1387.217504,3.036270073,17202.1,2.125198569,34.8296855,-42.30157652,63.61807061,0.445544541,4.415841579,28,9
element_4678,2079,267.8241367,6.42665326,121.447965,1434.194824,388.7278739,24.47733446,3.61E-05,0,1387.217504,3.036270073,17202.1,2.125198569,34.8296855,-42.30157652,63.61807061,0.445544541,4.415841579,28,9
element_4678,2080,268.4308035,6.581726037,122.1372988,1453.409206,401.8331236,24.46508514,3.70E-05,0,1387.217504,3.036270073,17202.1,2.125198569,34.8296855,-42.30157652,63.61807061,0.445544541,4.415841579,28,9
element_4678,2081,268.0908956,6.464867889,123.0398085,1372.752596,402.1599122,24.46538605,3.99E-05,0,1387.217504,3.036270073,17202.1,2.125198569,34.8296855,-42.30157652,63.61807061,0.445544541,4.415841579,28,9
element_4678,2082,267.8217381,6.02936937,125.3489512,1211.852091,410.3254364,24.45918061,3.92E-05,0,1387.217504,3.036270073,17202.1,2.125198569,34.8296855,-42.30157652,63.61807061,0.445544541,4.415841579,28,9
element_4678,2083,268.0360528,6.409944725,123.6764104,1577.539358,382.7177498,24.46612989,3.93E-05,0,1387.217504,3.036270073,17202.1,2.125198569,34.8296855,-42.30157652,63.61807061,0.445544541,4.415841579,28,9
element_4678,2084,268.3597704,6.443007873,118.3159069,1468.695084,406.2019547,24.47321907,3.68E-05,0,1387.217504,3.036270073,17202.1,2.125198569,34.8296855,-42.30157652,63.61807061,0.445544541,4.415841579,28,9
element_4678,2085,268.4356461,6.390248939,123.5665828,1434.668054,415.9038933,24.47912879,4.06E-05,0,1387.217504,3.036270073,17202.1,2.125198569,34.8296855,-42.30157652,63.61807061,0.445544541,4.415841579,28,9
element_4678,2086,268.4115859,6.305769975,125.003562,1232.744645,417.9075065,24.45228026,4.52E-05,0,1387.217504,3.036270073,17202.1,2.125198569,34.8296855,-42.30157652,63.61807061,0.445544541,4.415841579,28,9
element_4678,2087,268.0217141,6.343461101,123.9035379,1294.192147,411.531146,24.45543646,3.80E-05,0,1387.217504,3.036270073,17202.1,2.125198569,34.8296855,-42.30157652,63.61807061,0.445544541,4.415841579,28,9
element_4678,2088,268.3407801,6.396510813,121.3469078,1456.962936,410.2061115,24.45465308,4.08E-05,0,1387.217504,3.036270073,17202.1,2.125198569,34.8296855,-42.30157652,63.61807061,0.445544541,4.415841579,28,9
element_4678,2089,268.2824101,6.48274291,119.155893,1530.213139,416.9324943,24.44535437,4.19E-05,0,1387.217504,3.036270073,17202.1,2.125198569,34.8296855,-42.30157652,63.61807061,0.445544541,4.415841579,28,9
element_4678,2090,267.7661587,6.160287575,123.6834372,1243.179326,413.2063723,24.44529603,3.76E-05,0,1387.217504,3.036270073,17202.1,2.125198569,34.8296855,-42.30157652,63.61807061,0.445544541,4.415841579,28,9
element_4678,2091,268.4686987,6.404574134,122.1791963,1427.206557,430.8896969,24.45542808,3.78E-05,0,1387.217504,3.036270073,17202.1,2.125198569,34.8296855,-42.30157652,63.61807061,0.445544541,4.415841579,28,9
element_4678,2092,268.6833436,6.278492436,122.9427943,1481.908673,423.8065858,24.44483672,3.72E-05,0,1387.217504,3.036270073,17202.1,2.125198569,34.8296855,-42.30157652,63.61807061,0.445544541,4.415841579,28,9
element_4678,2093,268.9619088,6.453015221,120.7767172,1470.402101,436.0927161,24.46663424,3.80E-05,0,1387.217504,3.036270073,17202.1,2.125198569,34.8296855,-42.30157652,63.61807061,0.445544541,4.415841579,28,9
element_4678,2094,268.8063756,6.345932792,124.4160153,1458.425038,434.3453572,24.47581188,3.67E-05,0,1387.217504,3.036270073,17202.1,2.125198569,34.8296855,-42.30157652,63.61807061,0.445544541,4.415841579,28,9
element_4678,2095,268.8317793,6.356418571,119.6495271,1591.230288,426.0162468,24.46259505,3.56E-05,0,1387.217504,3.036270073,17202.1,2.125198569,34.8296855,-42.30157652,63.61807061,0.445544541,4.415841579,28,9
element_4678,2096,268.7944475,6.486483219,124.0920238,1417.789351,434.5852997,24.46652748,4.02E-05,0,1387.217504,3.036270073,17202.1,2.125198569,34.8296855,-42.30157652,63.61807061,0.445544541,4.415841579,28,9
element_4678,2097,268.5962875,6.442597419,124.2084287,1256.849986,428.5444893,24.46797091,3.98E-05,0,1387.217504,3.036270073,17202.1,2.125198569,34.8296855,-42.30157652,63.61807061,0.445544541,4.415841579,28,9
element_4678,2098,269.2830028,6.296112762,120.3763152,1491.103102,444.243061,24.47696072,3.93E-05,0,1387.217504,3.036270073,17202.1,2.125198569,34.8296855,-42.30157652,63.61807061,0.445544541,4.415841579,28,9
element_4678,2099,269.3154483,6.320873449,121.3417466,1468.091604,434.8458226,24.47291669,4.35E-05,0,1387.217504,3.036270073,17202.1,2.125198569,34.8296855,-42.30157652,63.61807061,0.445544541,4.415841579,28,9
element_4678,2100,268.8440258,6.424977252,123.4954467,1406.316814,437.2504348,24.46373427,4.39E-05,0,1387.217504,3.036270073,17202.1,2.125198569,34.8296855,-42.30157652,63.61807061,0.445544541,4.415841579,28,9
element_4679,2015,263.3475466,6.246083791,135.0454007,1054.958617,306.8657634,23.01192308,0.000112094,0,2451.888514,0.781446423,15627.3,2.890069592,44.36481764,-44.26634072,62.8789284,0.176470593,2.441176414,30.5,9
element_4679,2016,263.1159429,6.33433242,134.8672019,1157.163855,300.2618886,23.01170905,0.000110648,0,2451.888514,0.781446423,15627.3,2.890069592,44.36481764,-44.26634072,62.8789284,0.176470593,2.441176414,30.5,9
element_4679,2017,262.7682516,6.345696072,135.9842055,1011.176909,299.986838,22.99701757,9.92E-05,0,2451.888514,0.781446423,15627.3,2.890069592,44.36481764,-44.26634072,62.8789284,0.176470593,2.441176414,30.5,9
element_4679,2018,262.9494687,6.494357278,135.7853664,1073.754052,302.3526707,22.99344476,9.81E-05,0,2451.888514,0.781446423,15627.3,2.890069592,44.36481764,-44.26634072,62.8789284,0.176470593,2.441176414,30.5,9
element_4679,2019,262.4079018,6.486355427,134.6858333,979.7357295,295.2255703,22.97698127,9.50E-05,0,2451.888514,0.781446423,15627.3,2.890069592,44.36481764,-44.26634072,62.8789284,0.176470593,2.441176414,30.5,9
element_4679,2020,262.6720397,6.447467937,133.788574,1094.78439,309.5153901,22.98124074,0.000109418,0,2451.888514,0.781446423,15627.3,2.890069592,44.36481764,-44.26634072,62.8789284,0.176470593,2.441176414,30.5,9
element_4679,2021,262.5560713,6.390536322,138.0473129,991.8728526,303.3872464,22.97226892,0.000103249,0,2451.888514,0.781446423,15627.3,2.890069592,44.36481764,-44.26634072,62.8789284,0.176470593,2.441176414,30.5,9
element_4679,2022,263.9757621,6.377743031,133.3762306,1104.654724,316.5686973,22.99879188,0.000108181,0,2451.888514,0.781446423,15627.3,2.890069592,44.36481764,-44.26634072,62.8789284,0.176470593,2.441176414,30.5,9
element_4679,2023,263.7078403,6.350136187,132.50764,1164.955769,300.911404,23.00642484,9.93E-05,0,2451.888514,0.781446423,15627.3,2.890069592,44.36481764,-44.26634072,62.8789284,0.176470593,2.441176414,30.5,9
element_4679,2024,263.9573801,6.310966855,136.1178198,1059.673034,316.6849554,22.98029828,0.00010593,0,2451.888514,0.781446423,15627.3,2.890069592,44.36481764,-44.26634072,62.8789284,0.176470593,2.441176414,30.5,9
element_4679,2025,264.2760422,6.510607113,133.5479873,1258.455467,321.6515578,22.99953221,0.000118665,0,2451.888514,0.781446423,15627.3,2.890069592,44.36481764,-44.26634072,62.8789284,0.176470593,2.441176414,30.5,9
element_4679,2026,263.9344613,6.39775991,132.1399364,1132.248358,316.2734211,22.99220257,0.000101186,0,2451.888514,0.781446423,15627.3,2.890069592,44.36481764,-44.26634072,62.8789284,0.176470593,2.441176414,30.5,9
element_4679,2027,263.9429204,6.464154377,132.8008406,1173.105064,316.5264925,22.98730374,0.00011218,0,2451.888514,0.781446423,15627.3,2.890069592,44.36481764,-44.26634072,62.8789284,0.176470593,2.441176414,30.5,9
element_4679,2028,264.3248001,6.209882526,134.6422683,992.0426047,327.6363277,22.98762094,0.000109751,0,2451.888514,0.781446423,15627.3,2.890069592,44.36481764,-44.26634072,62.8789284,0.176470593,2.441176414,30.5,9
element_4679,2029,264.0620554,6.407663431,133.7824196,1125.365514,318.6230705,23.0004903,0.000108196,0,2451.888514,0.781446423,15627.3,2.890069592,44.36481764,-44.26634072,62.8789284,0.176470593,2.441176414,30.5,9
element_4679,2030,263.3867491,6.283488799,135.1889567,1048.015144,312.510936,22.99006711,0.000103149,0,2451.888514,0.781446423,15627.3,2.890069592,44.36481764,-44.26634072,62.8789284,0.176470593,2.441176414,30.5,9
element_4679,2031,264.1376004,6.500821027,131.3392095,1219.821853,309.4318485,22.97516334,0.000105395,0,2451.888514,0.781446423,15627.3,2.890069592,44.36481764,-44.26634072,62.8789284,0.176470593,2.441176414,30.5,9
element_4679,2032,263.7885816,6.532404171,134.3786601,1175.227863,301.6047293,22.98833671,0.000112211,0,2451.888514,0.781446423,15627.3,2.890069592,44.36481764,-44.26634072,62.8789284,0.176470593,2.441176414,30.5,9
element_4679,2033,264.1868027,6.300515302,134.4442958,1216.82602,317.6816137,22.99500007,0.00011585,0,2451.888514,0.781446423,15627.3,2.890069592,44.36481764,-44.26634072,62.8789284,0.176470593,2.441176414,30.5,9
element_4679,2034,264.3600777,6.520858396,132.7588277,1168.960705,319.0999712,22.99557199,0.000119159,0,2451.888514,0.781446423,15627.3,2.890069592,44.36481764,-44.26634072,62.8789284,0.176470593,2.441176414,30.5,9
element_4679,2035,264.4199377,6.405021377,132.1720088,1184.806341,315.663166,22.97630259,0.000109606,0,2451.888514,0.781446423,15627.3,2.890069592,44.36481764,-44.26634072,62.8789284,0.176470593,2.441176414,30.5,9
element_4679,2036,263.7562254,6.330231942,133.0691493,1151.072299,317.894751,22.9921524,0.000122365,0,2451.888514,0.781446423,15627.3,2.890069592,44.36481764,-44.26634072,62.8789284,0.176470593,2.441176414,30.5,9
element_4679,2037,263.6881084,6.441964616,135.9370784,1089.254725,318.8919346,22.99370175,0.000121595,0,2451.888514,0.781446423,15627.3,2.890069592,44.36481764,-44.26634072,62.8789284,0.176470593,2.441176414,30.5,9
element_4679,2038,264.0764841,6.421681955,133.5460631,1060.126444,314.6554422,22.99069589,0.000110352,0,2451.888514,0.781446423,15627.3,2.890069592,44.36481764,-44.26634072,62.8789284,0.176470593,2.441176414,30.5,9
element_4679,2039,264.1023425,6.232472473,132.7500721,1066.960539,321.9043979,23.00427747,0.000105017,0,2451.888514,0.781446423,15627.3,2.890069592,44.36481764,-44.26634072,62.8789284,0.176470593,2.441176414,30.5,9
element_4679,2040,263.3762297,6.281354736,133.645026,1145.583209,309.7038406,22.97250797,0.00010402,0,2451.888514,0.781446423,15627.3,2.890069592,44.36481764,-44.26634072,62.8789284,0.176470593,2.441176414,30.5,9
element_4679,2041,263.8879349,6.316345095,131.2905888,1140.337428,307.6274415,22.99559862,0.00010036,0,2451.888514,0.781446423,15627.3,2.890069592,44.36481764,-44.26634072,62.8789284,0.176470593,2.441176414,30.5,9
element_4679,2042,264.4561696,6.235840393,133.2901771,1191.743302,323.4682447,22.97992719,0.000132776,0,2451.888514,0.781446423,15627.3,2.890069592,44.36481764,-44.26634072,62.8789284,0.176470593,2.441176414,30.5,9
element_4679,2043,264.3093976,6.334235177,133.762633,1097.579012,315.0474264,22.96608591,0.000125307,0,2451.888514,0.781446423,15627.3,2.890069592,44.36481764,-44.26634072,62.8789284,0.176470593,2.441176414,30.5,9
element_4679,2044,264.4321522,6.265299657,132.2221653,1145.171038,310.3205328,23.00856731,0.000126878,0,2451.888514,0.781446423,15627.3,2.890069592,44.36481764,-44.26634072,62.8789284,0.176470593,2.441176414,30.5,9
element_4679,2045,265.1158139,6.581662332,131.2486105,1225.421311,328.1326034,23.00221429,0.000114537,0,2451.888514,0.781446423,15627.3,2.890069592,44.36481764,-44.26634072,62.8789284,0.176470593,2.441176414,30.5,9
element_4679,2046,264.4700932,6.059020704,133.4266679,1168.368113,324.5651928,22.98064443,0.000153978,0,2451.888514,0.781446423,15627.3,2.890069592,44.36481764,-44.26634072,62.8789284,0.176470593,2.441176414,30.5,9
element_4679,2047,264.7619914,6.202231419,135.7249927,1090.80991,331.9391836,22.99552722,0.000131235,0,2451.888514,0.781446423,15627.3,2.890069592,44.36481764,-44.26634072,62.8789284,0.176470593,2.441176414,30.5,9
element_4679,2048,264.7431721,6.459908188,135.6943448,1113.309261,332.4618595,23.01120688,0.000131638,0,2451.888514,0.781446423,15627.3,2.890069592,44.36481764,-44.26634072,62.8789284,0.176470593,2.441176414,30.5,9
element_4679,2049,264.9025172,6.299102813,130.5046076,1119.16522,324.3471819,23.00780339,0.000121783,0,2451.888514,0.781446423,15627.3,2.890069592,44.36481764,-44.26634072,62.8789284,0.176470593,2.441176414,30.5,9
element_4679,2050,265.2763375,6.372805516,132.6628845,1181.336756,335.5299022,23.00451745,0.00012496,0,2451.888514,0.781446423,15627.3,2.890069592,44.36481764,-44.26634072,62.8789284,0.176470593,2.441176414,30.5,9
element_4679,2051,264.8928066,6.324665459,130.6793997,1162.459366,332.848912,22.99535112,0.000120138,0,2451.888514,0.781446423,15627.3,2.890069592,44.36481764,-44.26634072,62.8789284,0.176470593,2.441176414,30.5,9
element_4679,2052,265.0655729,6.337749954,131.702994,1215.172993,327.4600874,23.00243816,0.000117009,0,2451.888514,0.781446423,15627.3,2.890069592,44.36481764,-44.26634072,62.8789284,0.176470593,2.441176414,30.5,9
element_4679,2053,264.8273911,6.473586261,134.3024348,1171.112367,327.5592633,22.99818468,0.000119062,0,2451.888514,0.781446423,15627.3,2.890069592,44.36481764,-44.26634072,62.8789284,0.176470593,2.441176414,30.5,9
element_4679,2054,264.9208823,6.586761569,134.146758,1113.03797,330.5203602,23.00807276,0.000120167,0,2451.888514,0.781446423,15627.3,2.890069592,44.36481764,-44.26634072,62.8789284,0.176470593,2.441176414,30.5,9
element_4679,2055,264.4493834,6.074481154,132.4121302,1150.165251,332.0944627,23.0156834,0.000138453,0,2451.888514,0.781446423,15627.3,2.890069592,44.36481764,-44.26634072,62.8789284,0.176470593,2.441176414,30.5,9
element_4679,2056,264.883938,6.361219737,132.7561483,1131.924406,325.4957066,22.9828568,0.000125633,0,2451.888514,0.781446423,15627.3,2.890069592,44.36481764,-44.26634072,62.8789284,0.176470593,2.441176414,30.5,9
element_4679,2057,265.3251149,6.362843046,131.690656,1198.079195,329.8658325,23.00230038,0.000148331,0,2451.888514,0.781446423,15627.3,2.890069592,44.36481764,-44.26634072,62.8789284,0.176470593,2.441176414,30.5,9
element_4679,2058,265.1067431,6.175725886,132.403703,1079.395897,331.7372055,22.99554169,0.00014974,0,2451.888514,0.781446423,15627.3,2.890069592,44.36481764,-44.26634072,62.8789284,0.176470593,2.441176414,30.5,9
element_4679,2059,265.5201466,6.203900309,131.8299733,1072.088169,350.536187,23.01843797,0.000158963,0,2451.888514,0.781446423,15627.3,2.890069592,44.36481764,-44.26634072,62.8789284,0.176470593,2.441176414,30.5,9
element_4679,2060,265.0215432,6.311131634,132.4883832,1138.365834,345.5401851,23.01179568,0.000133094,0,2451.888514,0.781446423,15627.3,2.890069592,44.36481764,-44.26634072,62.8789284,0.176470593,2.441176414,30.5,9
element_4679,2061,265.5703695,6.475403172,128.5978773,1230.506777,337.7663704,23.02263746,0.000113692,0,2451.888514,0.781446423,15627.3,2.890069592,44.36481764,-44.26634072,62.8789284,0.176470593,2.441176414,30.5,9
element_4679,2062,265.8868285,6.433671992,130.5023822,1248.605045,340.7622057,23.01847303,0.000153281,0,2451.888514,0.781446423,15627.3,2.890069592,44.36481764,-44.26634072,62.8789284,0.176470593,2.441176414,30.5,9
element_4679,2063,265.6598437,6.326434184,133.3381357,1165.330318,344.568151,23.02992029,0.000163696,0,2451.888514,0.781446423,15627.3,2.890069592,44.36481764,-44.26634072,62.8789284,0.176470593,2.441176414,30.5,9
element_4679,2064,265.8972963,6.403005141,131.7729411,1201.737501,346.785708,23.02913849,0.000164403,0,2451.888514,0.781446423,15627.3,2.890069592,44.36481764,-44.26634072,62.8789284,0.176470593,2.441176414,30.5,9
element_4679,2065,265.7525296,6.09326225,131.7409093,1156.578842,332.6386485,23.01977273,0.0001917,0,2451.888514,0.781446423,15627.3,2.890069592,44.36481764,-44.26634072,62.8789284,0.176470593,2.441176414,30.5,9
element_4679,2066,265.9189153,6.23366836,130.8622171,1225.95952,361.5477567,23.02007604,0.000152554,0,2451.888514,0.781446423,15627.3,2.890069592,44.36481764,-44.26634072,62.8789284,0.176470593,2.441176414,30.5,9
element_4679,2067,266.3390243,6.464002994,131.0311544,1210.581981,368.4213353,23.0343425,0.000134558,0,2451.888514,0.781446423,15627.3,2.890069592,44.36481764,-44.26634072,62.8789284,0.176470593,2.441176414,30.5,9
element_4679,2068,265.8027049,6.320800651,127.9655488,1259.488258,350.0847115,23.02194838,0.000141385,0,2451.888514,0.781446423,15627.3,2.890069592,44.36481764,-44.26634072,62.8789284,0.176470593,2.441176414,30.5,9
element_4679,2069,266.0505381,6.318311662,128.7553566,1259.445823,350.0925132,23.01682705,0.000164906,0,2451.888514,0.781446423,15627.3,2.890069592,44.36481764,-44.26634072,62.8789284,0.176470593,2.441176414,30.5,9
element_4679,2070,266.3140214,6.510987774,129.2544266,1279.159192,350.5253267,23.02145038,0.000144424,0,2451.888514,0.781446423,15627.3,2.890069592,44.36481764,-44.26634072,62.8789284,0.176470593,2.441176414,30.5,9
element_4679,2071,266.1636294,6.44756525,131.0278672,1208.515898,351.5905091,23.00626876,0.000141241,0,2451.888514,0.781446423,15627.3,2.890069592,44.36481764,-44.26634072,62.8789284,0.176470593,2.441176414,30.5,9
element_4679,2072,266.2135549,6.417080333,130.5208224,1319.55014,347.7737032,23.01505378,0.000173571,0,2451.888514,0.781446423,15627.3,2.890069592,44.36481764,-44.26634072,62.8789284,0.176470593,2.441176414,30.5,9
element_4679,2073,266.4636207,6.175208459,130.9905259,1242.416547,368.2203716,23.02960202,0.00017323,0,2451.888514,0.781446423,15627.3,2.890069592,44.36481764,-44.26634072,62.8789284,0.176470593,2.441176414,30.5,9
element_4679,2074,265.9666504,6.338602314,131.1193897,1147.144303,346.4774306,23.02137555,0.000141075,0,2451.888514,0.781446423,15627.3,2.890069592,44.36481764,-44.26634072,62.8789284,0.176470593,2.441176414,30.5,9
element_4679,2075,266.9668117,6.253481408,132.1595718,1193.680115,360.5807226,23.01448985,0.000145714,0,2451.888514,0.781446423,15627.3,2.890069592,44.36481764,-44.26634072,62.8789284,0.176470593,2.441176414,30.5,9
element_4679,2076,266.2194429,6.172927482,131.429524,1152.145931,351.1857039,23.01147521,0.000143767,0,2451.888514,0.781446423,15627.3,2.890069592,44.36481764,-44.26634072,62.8789284,0.176470593,2.441176414,30.5,9
element_4679,2077,266.9748354,6.344401996,128.9283008,1305.713147,360.8716088,23.01944372,0.000163263,0,2451.888514,0.781446423,15627.3,2.890069592,44.36481764,-44.26634072,62.8789284,0.176470593,2.441176414,30.5,9
element_4679,2078,267.2554728,6.746374306,126.1691439,1483.538066,355.6515908,23.02278004,0.0001383,0,2451.888514,0.781446423,15627.3,2.890069592,44.36481764,-44.26634072,62.8789284,0.176470593,2.441176414,30.5,9
element_4679,2079,266.6573539,6.329401143,128.1692741,1310.180859,345.4414061,23.0339639,0.000151263,0,2451.888514,0.781446423,15627.3,2.890069592,44.36481764,-44.26634072,62.8789284,0.176470593,2.441176414,30.5,9
element_4679,2080,267.3702069,6.562420072,129.2986961,1301.634246,363.3081753,23.02292809,0.000194973,0,2451.888514,0.781446423,15627.3,2.890069592,44.36481764,-44.26634072,62.8789284,0.176470593,2.441176414,30.5,9
element_4679,2081,267.0486123,6.412500077,129.4219427,1261.488963,366.8136322,23.02839703,0.000186145,0,2451.888514,0.781446423,15627.3,2.890069592,44.36481764,-44.26634072,62.8789284,0.176470593,2.441176414,30.5,9
element_4679,2082,266.7060301,5.981343456,131.4456636,1098.248519,373.2494421,23.02157639,0.000164298,0,2451.888514,0.781446423,15627.3,2.890069592,44.36481764,-44.26634072,62.8789284,0.176470593,2.441176414,30.5,9
element_4679,2083,266.9780753,6.380560658,130.2459639,1389.955137,344.5725008,23.02029003,0.000171153,0,2451.888514,0.781446423,15627.3,2.890069592,44.36481764,-44.26634072,62.8789284,0.176470593,2.441176414,30.5,9
element_4679,2084,267.251081,6.325804675,125.1098933,1313.064171,369.6636123,23.03263974,0.000152399,0,2451.888514,0.781446423,15627.3,2.890069592,44.36481764,-44.26634072,62.8789284,0.176470593,2.441176414,30.5,9
element_4679,2085,267.2595909,6.317438553,130.4230109,1268.291521,376.9470213,23.04133443,0.000195036,0,2451.888514,0.781446423,15627.3,2.890069592,44.36481764,-44.26634072,62.8789284,0.176470593,2.441176414,30.5,9
element_4679,2086,267.3711656,6.117015534,131.292044,1104.309606,383.3919175,23.01965517,0.000203509,0,2451.888514,0.781446423,15627.3,2.890069592,44.36481764,-44.26634072,62.8789284,0.176470593,2.441176414,30.5,9
element_4679,2087,266.9091519,6.2060726,130.0063551,1153.22827,370.8715572,23.02190113,0.000167423,0,2451.888514,0.781446423,15627.3,2.890069592,44.36481764,-44.26634072,62.8789284,0.176470593,2.441176414,30.5,9
element_4679,2088,267.2733613,6.275424174,128.609468,1298.289415,371.3002184,23.0327358,0.00014414,0,2451.888514,0.781446423,15627.3,2.890069592,44.36481764,-44.26634072,62.8789284,0.176470593,2.441176414,30.5,9
element_4679,2089,267.2398719,6.415485109,125.8127817,1399.637723,376.1953044,23.02674778,0.00015144,0,2451.888514,0.781446423,15627.3,2.890069592,44.36481764,-44.26634072,62.8789284,0.176470593,2.441176414,30.5,9
element_4679,2090,266.7195587,6.071999037,130.3582234,1145.084573,373.6598468,23.01702358,0.000145609,0,2451.888514,0.781446423,15627.3,2.890069592,44.36481764,-44.26634072,62.8789284,0.176470593,2.441176414,30.5,9
element_4679,2091,267.3642095,6.342742334,128.7712874,1302.611359,385.8970683,23.02830311,0.000140219,0,2451.888514,0.781446423,15627.3,2.890069592,44.36481764,-44.26634072,62.8789284,0.176470593,2.441176414,30.5,9
element_4679,2092,267.3807592,6.210047914,129.9340465,1287.935669,378.5535177,23.02336109,0.000163074,0,2451.888514,0.781446423,15627.3,2.890069592,44.36481764,-44.26634072,62.8789284,0.176470593,2.441176414,30.5,9
element_4679,2093,267.6703498,6.348551173,127.184599,1351.241709,383.0195783,23.0387536,0.00015866,0,2451.888514,0.781446423,15627.3,2.890069592,44.36481764,-44.26634072,62.8789284,0.176470593,2.441176414,30.5,9
element_4679,2094,267.5082379,6.19062665,130.9386806,1270.689868,380.6109213,23.03875486,0.000151135,0,2451.888514,0.781446423,15627.3,2.890069592,44.36481764,-44.26634072,62.8789284,0.176470593,2.441176414,30.5,9
element_4679,2095,267.628588,6.305634644,127.299882,1383.201787,377.4172827,23.03378999,0.000149367,0,2451.888514,0.781446423,15627.3,2.890069592,44.36481764,-44.26634072,62.8789284,0.176470593,2.441176414,30.5,9
element_4679,2096,267.6291997,6.36474421,131.378169,1273.928061,384.4380447,23.03608796,0.000190046,0,2451.888514,0.781446423,15627.3,2.890069592,44.36481764,-44.26634072,62.8789284,0.176470593,2.441176414,30.5,9
element_4679,2097,267.4754181,6.341117841,130.8044891,1140.910642,385.7204388,23.03186205,0.000161014,0,2451.888514,0.781446423,15627.3,2.890069592,44.36481764,-44.26634072,62.8789284,0.176470593,2.441176414,30.5,9
element_4679,2098,268.0907357,6.196626049,127.6812526,1324.000332,396.6254303,23.0398474,0.000151517,0,2451.888514,0.781446423,15627.3,2.890069592,44.36481764,-44.26634072,62.8789284,0.176470593,2.441176414,30.5,9
element_4679,2099,268.1157656,6.296814411,128.2059971,1286.005699,383.5183425,23.03069544,0.000177176,0,2451.888514,0.781446423,15627.3,2.890069592,44.36481764,-44.26634072,62.8789284,0.176470593,2.441176414,30.5,9
element_4679,2100,267.610435,6.267893957,129.4909172,1267.021545,389.0738681,23.03160982,0.00017217,0,2451.888514,0.781446423,15627.3,2.890069592,44.36481764,-44.26634072,62.8789284,0.176470593,2.441176414,30.5,9
element_4681,2015,267.3033789,6.488258684,127.2583107,1170.300304,361.7949284,24.21087222,0.002932863,0,1469.706659,2.714661058,4236.1,1.418709331,41.27724686,-44.59582158,61.31654746,8.475446701,36.5189743,28.71981049,9
element_4681,2016,267.0829925,6.647685932,127.4433865,1310.090678,349.702303,24.20159282,0.002816556,0,1469.706659,2.714661058,4236.1,1.418709331,41.27724686,-44.59582158,61.31654746,8.475446701,36.5189743,28.71981049,9
element_4681,2017,266.867683,6.581498044,127.6746927,1153.275396,353.2694437,24.19432536,0.002535063,0,1469.706659,2.714661058,4236.1,1.418709331,41.27724686,-44.59582158,61.31654746,8.475446701,36.5189743,28.71981049,9
element_4681,2018,267.1226731,6.710619226,128.0389132,1189.034082,358.6441294,24.18205413,0.002600552,0,1469.706659,2.714661058,4236.1,1.418709331,41.27724686,-44.59582158,61.31654746,8.475446701,36.5189743,28.71981049,9
element_4681,2019,266.5764779,6.641366624,127.2073303,1110.520227,354.8198215,24.1827489,0.002456616,0,1469.706659,2.714661058,4236.1,1.418709331,41.27724686,-44.59582158,61.31654746,8.475446701,36.5189743,28.71981049,9
element_4681,2020,266.8282214,6.591950721,126.1329175,1195.750548,362.3041601,24.18925863,0.002880568,0,1469.706659,2.714661058,4236.1,1.418709331,41.27724686,-44.59582158,61.31654746,8.475446701,36.5189743,28.71981049,9
element_4681,2021,266.5698092,6.532966453,130.6103552,1116.37591,355.4873312,24.19224544,0.002709909,0,1469.706659,2.714661058,4236.1,1.418709331,41.27724686,-44.59582158,61.31654746,8.475446701,36.5189743,28.71981049,9
element_4681,2022,267.9422026,6.554756528,124.7536314,1201.006971,365.1620797,24.19810718,0.002751825,0,1469.706659,2.714661058,4236.1,1.418709331,41.27724686,-44.59582158,61.31654746,8.475446701,36.5189743,28.71981049,9
element_4681,2023,267.8508377,6.576242904,124.3655236,1208.373688,356.6526213,24.19196655,0.00257902,0,1469.706659,2.714661058,4236.1,1.418709331,41.27724686,-44.59582158,61.31654746,8.475446701,36.5189743,28.71981049,9
element_4681,2024,268.0400241,6.572667691,127.9746128,1108.453947,374.943843,24.18702696,0.002700649,0,1469.706659,2.714661058,4236.1,1.418709331,41.27724686,-44.59582158,61.31654746,8.475446701,36.5189743,28.71981049,9
element_4681,2025,268.4837973,6.596377296,125.0689715,1321.354352,381.2891058,24.19316148,0.003127242,0,1469.706659,2.714661058,4236.1,1.418709331,41.27724686,-44.59582158,61.31654746,8.475446701,36.5189743,28.71981049,9
element_4681,2026,268.2173142,6.672390702,122.8287375,1260.275268,370.8315527,24.21564412,0.002686756,0,1469.706659,2.714661058,4236.1,1.418709331,41.27724686,-44.59582158,61.31654746,8.475446701,36.5189743,28.71981049,9
element_4681,2027,268.1512186,6.608212497,124.9461956,1278.35436,367.3657023,24.20077868,0.002873562,0,1469.706659,2.714661058,4236.1,1.418709331,41.27724686,-44.59582158,61.31654746,8.475446701,36.5189743,28.71981049,9
element_4681,2028,268.5657363,6.427309096,127.1678073,1111.789957,380.4019349,24.20445738,0.002863578,0,1469.706659,2.714661058,4236.1,1.418709331,41.27724686,-44.59582158,61.31654746,8.475446701,36.5189743,28.71981049,9
element_4681,2029,268.1586212,6.642960499,124.6513912,1286.915994,374.8288512,24.22482672,0.002695731,0,1469.706659,2.714661058,4236.1,1.418709331,41.27724686,-44.59582158,61.31654746,8.475446701,36.5189743,28.71981049,9
element_4681,2030,267.515793,6.471585569,127.7583933,1147.819301,368.066806,24.19656967,0.002703081,0,1469.706659,2.714661058,4236.1,1.418709331,41.27724686,-44.59582158,61.31654746,8.475446701,36.5189743,28.71981049,9
element_4681,2031,268.0720721,6.575141561,123.8668886,1340.138502,367.4762338,24.21647158,0.002737273,0,1469.706659,2.714661058,4236.1,1.418709331,41.27724686,-44.59582158,61.31654746,8.475446701,36.5189743,28.71981049,9
element_4681,2032,267.8798033,6.712018267,126.8451826,1262.266804,357.0831367,24.21641527,0.002835825,0,1469.706659,2.714661058,4236.1,1.418709331,41.27724686,-44.59582158,61.31654746,8.475446701,36.5189743,28.71981049,9
element_4681,2033,268.2453294,6.476225302,127.0521577,1287.177286,373.7858968,24.21965101,0.002797212,0,1469.706659,2.714661058,4236.1,1.418709331,41.27724686,-44.59582158,61.31654746,8.475446701,36.5189743,28.71981049,9
element_4681,2034,268.4658322,6.645038091,124.5890906,1232.178435,379.0314359,24.20949079,0.003009959,0,1469.706659,2.714661058,4236.1,1.418709331,41.27724686,-44.59582158,61.31654746,8.475446701,36.5189743,28.71981049,9
element_4681,2035,268.5850621,6.589687848,123.3478457,1256.426029,378.8768514,24.19929769,0.002738415,0,1469.706659,2.714661058,4236.1,1.418709331,41.27724686,-44.59582158,61.31654746,8.475446701,36.5189743,28.71981049,9
element_4681,2036,267.798172,6.558234754,124.4888994,1195.330809,375.3459319,24.21835652,0.003048922,0,1469.706659,2.714661058,4236.1,1.418709331,41.27724686,-44.59582158,61.31654746,8.475446701,36.5189743,28.71981049,9
element_4681,2037,267.7625832,6.54372281,127.297395,1190.890762,373.829479,24.23003514,0.003038487,0,1469.706659,2.714661058,4236.1,1.418709331,41.27724686,-44.59582158,61.31654746,8.475446701,36.5189743,28.71981049,9
element_4681,2038,267.9946555,6.623127191,125.4866523,1141.378384,369.1482234,24.2290418,0.002834995,0,1469.706659,2.714661058,4236.1,1.418709331,41.27724686,-44.59582158,61.31654746,8.475446701,36.5189743,28.71981049,9
element_4681,2039,268.0380324,6.320245519,123.4622256,1182.081006,377.6885962,24.23506653,0.002592033,0,1469.706659,2.714661058,4236.1,1.418709331,41.27724686,-44.59582158,61.31654746,8.475446701,36.5189743,28.71981049,9
element_4681,2040,267.4369925,6.530380763,125.2542643,1256.17694,363.0877458,24.22712457,0.002695359,0,1469.706659,2.714661058,4236.1,1.418709331,41.27724686,-44.59582158,61.31654746,8.475446701,36.5189743,28.71981049,9
element_4681,2041,267.7031452,6.397151838,124.6591927,1190.614631,364.3250963,24.23072516,0.002647113,0,1469.706659,2.714661058,4236.1,1.418709331,41.27724686,-44.59582158,61.31654746,8.475446701,36.5189743,28.71981049,9
element_4681,2042,268.3285231,6.374774779,126.2166521,1272.476889,377.4026595,24.22061162,0.003349925,0,1469.706659,2.714661058,4236.1,1.418709331,41.27724686,-44.59582158,61.31654746,8.475446701,36.5189743,28.71981049,9
element_4681,2043,268.2899905,6.481575873,125.5392712,1192.678915,373.109507,24.23484178,0.003182492,0,1469.706659,2.714661058,4236.1,1.418709331,41.27724686,-44.59582158,61.31654746,8.475446701,36.5189743,28.71981049,9
element_4681,2044,268.377287,6.415549467,123.9521064,1228.793512,365.7627235,24.25120192,0.003254781,0,1469.706659,2.714661058,4236.1,1.418709331,41.27724686,-44.59582158,61.31654746,8.475446701,36.5189743,28.71981049,9
element_4681,2045,269.0205614,6.726360046,123.6993112,1266.739135,381.700469,24.23882974,0.003008607,0,1469.706659,2.714661058,4236.1,1.418709331,41.27724686,-44.59582158,61.31654746,8.475446701,36.5189743,28.71981049,9
element_4681,2046,268.5334158,6.290446259,125.4987724,1251.902594,372.9480227,24.2422959,0.003941786,0,1469.706659,2.714661058,4236.1,1.418709331,41.27724686,-44.59582158,61.31654746,8.475446701,36.5189743,28.71981049,9
element_4681,2047,268.7853257,6.3531516,127.3165459,1148.061629,383.9792326,24.23272916,0.003374047,0,1469.706659,2.714661058,4236.1,1.418709331,41.27724686,-44.59582158,61.31654746,8.475446701,36.5189743,28.71981049,9
element_4681,2048,268.7645034,6.546544164,127.9980836,1225.924925,388.1107034,24.2301948,0.003453772,0,1469.706659,2.714661058,4236.1,1.418709331,41.27724686,-44.59582158,61.31654746,8.475446701,36.5189743,28.71981049,9
element_4681,2049,268.7800419,6.363406092,121.8531732,1223.08976,379.8148551,24.25175728,0.003103593,0,1469.706659,2.714661058,4236.1,1.418709331,41.27724686,-44.59582158,61.31654746,8.475446701,36.5189743,28.71981049,9
element_4681,2050,269.1691182,6.480880718,124.0917078,1272.22164,390.5135109,24.23580353,0.003187089,0,1469.706659,2.714661058,4236.1,1.418709331,41.27724686,-44.59582158,61.31654746,8.475446701,36.5189743,28.71981049,9
element_4681,2051,268.8852697,6.435450376,121.8307047,1248.566185,389.8182208,24.25023081,0.003031948,0,1469.706659,2.714661058,4236.1,1.418709331,41.27724686,-44.59582158,61.31654746,8.475446701,36.5189743,28.71981049,9
element_4681,2052,269.1429301,6.557426787,124.4876003,1318.256999,387.8829392,24.22459752,0.002967762,0,1469.706659,2.714661058,4236.1,1.418709331,41.27724686,-44.59582158,61.31654746,8.475446701,36.5189743,28.71981049,9
element_4681,2053,268.8502215,6.558796656,127.2078401,1268.075639,388.8481751,24.21098581,0.002777696,0,1469.706659,2.714661058,4236.1,1.418709331,41.27724686,-44.59582158,61.31654746,8.475446701,36.5189743,28.71981049,9
element_4681,2054,268.9478561,6.694614573,126.3706773,1233.937515,389.2759023,24.22655365,0.00302328,0,1469.706659,2.714661058,4236.1,1.418709331,41.27724686,-44.59582158,61.31654746,8.475446701,36.5189743,28.71981049,9
element_4681,2055,268.5470401,6.32091763,124.0922282,1268.284809,385.8580147,24.24174713,0.003614466,0,1469.706659,2.714661058,4236.1,1.418709331,41.27724686,-44.59582158,61.31654746,8.475446701,36.5189743,28.71981049,9
element_4681,2056,268.8587007,6.475216255,125.6309077,1258.974747,381.9415808,24.22082934,0.00297177,0,1469.706659,2.714661058,4236.1,1.418709331,41.27724686,-44.59582158,61.31654746,8.475446701,36.5189743,28.71981049,9
element_4681,2057,269.1835827,6.406838298,123.2940324,1256.128799,386.2249788,24.21240273,0.003868404,0,1469.706659,2.714661058,4236.1,1.418709331,41.27724686,-44.59582158,61.31654746,8.475446701,36.5189743,28.71981049,9
element_4681,2058,269.0949709,6.237820823,125.1578602,1187.855764,389.7883609,24.23083191,0.00390294,0,1469.706659,2.714661058,4236.1,1.418709331,41.27724686,-44.59582158,61.31654746,8.475446701,36.5189743,28.71981049,9
element_4681,2059,269.5707229,6.380140016,123.4166222,1180.497095,400.1181018,24.23203563,0.004252201,0,1469.706659,2.714661058,4236.1,1.418709331,41.27724686,-44.59582158,61.31654746,8.475446701,36.5189743,28.71981049,9
element_4681,2060,268.9915453,6.44683379,123.6310154,1209.66081,402.2318766,24.22794575,0.00332809,0,1469.706659,2.714661058,4236.1,1.418709331,41.27724686,-44.59582158,61.31654746,8.475446701,36.5189743,28.71981049,9
element_4681,2061,269.4219434,6.513826993,121.5955767,1301.921104,386.9179681,24.23906863,0.002965153,0,1469.706659,2.714661058,4236.1,1.418709331,41.27724686,-44.59582158,61.31654746,8.475446701,36.5189743,28.71981049,9
element_4681,2062,269.7837991,6.539702666,122.4246211,1362.620426,400.6701214,24.24029228,0.003876234,0,1469.706659,2.714661058,4236.1,1.418709331,41.27724686,-44.59582158,61.31654746,8.475446701,36.5189743,28.71981049,9
element_4681,2063,269.6515288,6.464469343,124.6761656,1259.353389,398.5800108,24.24115145,0.004208485,0,1469.706659,2.714661058,4236.1,1.418709331,41.27724686,-44.59582158,61.31654746,8.475446701,36.5189743,28.71981049,9
element_4681,2064,269.8544068,6.571456207,123.4111491,1292.812973,397.9010366,24.22863468,0.004365122,0,1469.706659,2.714661058,4236.1,1.418709331,41.27724686,-44.59582158,61.31654746,8.475446701,36.5189743,28.71981049,9
element_4681,2065,269.7818355,6.358108423,124.8552522,1268.062518,391.7176865,24.23647873,0.00528101,0,1469.706659,2.714661058,4236.1,1.418709331,41.27724686,-44.59582158,61.31654746,8.475446701,36.5189743,28.71981049,9
element_4681,2066,269.8959819,6.437759823,122.4958908,1316.462319,419.4399416,24.25523098,0.004125312,0,1469.706659,2.714661058,4236.1,1.418709331,41.27724686,-44.59582158,61.31654746,8.475446701,36.5189743,28.71981049,9
element_4681,2067,270.2847319,6.586796883,121.8912216,1297.919158,421.1318782,24.26277505,0.003651149,0,1469.706659,2.714661058,4236.1,1.418709331,41.27724686,-44.59582158,61.31654746,8.475446701,36.5189743,28.71981049,9
element_4681,2068,269.8182712,6.47298909,118.6470182,1420.535489,410.5223482,24.2785958,0.003622959,0,1469.706659,2.714661058,4236.1,1.418709331,41.27724686,-44.59582158,61.31654746,8.475446701,36.5189743,28.71981049,9
element_4681,2069,269.9829958,6.382386168,119.473519,1335.84979,411.6912196,24.26907684,0.004408585,0,1469.706659,2.714661058,4236.1,1.418709331,41.27724686,-44.59582158,61.31654746,8.475446701,36.5189743,28.71981049,9
element_4681,2070,270.0994423,6.64056926,122.8667347,1359.707166,409.6545854,24.24108805,0.003811294,0,1469.706659,2.714661058,4236.1,1.418709331,41.27724686,-44.59582158,61.31654746,8.475446701,36.5189743,28.71981049,9
element_4681,2071,269.9947548,6.495235435,122.6519117,1281.523109,408.2790971,24.24378058,0.00371507,0,1469.706659,2.714661058,4236.1,1.418709331,41.27724686,-44.59582158,61.31654746,8.475446701,36.5189743,28.71981049,9
element_4681,2072,270.1922869,6.628532895,121.577213,1448.889658,409.8839007,24.23970734,0.004682199,0,1469.706659,2.714661058,4236.1,1.418709331,41.27724686,-44.59582158,61.31654746,8.475446701,36.5189743,28.71981049,9
element_4681,2073,270.4011493,6.327580135,122.3388884,1320.066343,427.2151552,24.25232428,0.004697505,0,1469.706659,2.714661058,4236.1,1.418709331,41.27724686,-44.59582158,61.31654746,8.475446701,36.5189743,28.71981049,9
element_4681,2074,269.7798991,6.54425089,122.5072428,1203.373999,397.6913078,24.22658573,0.003839093,0,1469.706659,2.714661058,4236.1,1.418709331,41.27724686,-44.59582158,61.31654746,8.475446701,36.5189743,28.71981049,9
element_4681,2075,270.8677775,6.482562533,123.9669119,1271.780086,421.5085055,24.2144747,0.003841749,0,1469.706659,2.714661058,4236.1,1.418709331,41.27724686,-44.59582158,61.31654746,8.475446701,36.5189743,28.71981049,9
element_4681,2076,270.1386481,6.397145927,124.2204745,1280.019613,413.5099164,24.19875616,0.003816532,0,1469.706659,2.714661058,4236.1,1.418709331,41.27724686,-44.59582158,61.31654746,8.475446701,36.5189743,28.71981049,9
element_4681,2077,270.7916932,6.534608143,122.7043301,1375.066995,423.553843,24.22018269,0.004358203,0,1469.706659,2.714661058,4236.1,1.418709331,41.27724686,-44.59582158,61.31654746,8.475446701,36.5189743,28.71981049,9
element_4681,2078,271.0805804,6.734009825,117.8027787,1536.940858,422.6999776,24.22523384,0.003502154,0,1469.706659,2.714661058,4236.1,1.418709331,41.27724686,-44.59582158,61.31654746,8.475446701,36.5189743,28.71981049,9
element_4681,2079,270.5993583,6.441401864,119.8844056,1421.378195,409.3520121,24.23293845,0.004013482,0,1469.706659,2.714661058,4236.1,1.418709331,41.27724686,-44.59582158,61.31654746,8.475446701,36.5189743,28.71981049,9
element_4681,2080,271.1894188,6.782902179,120.4381149,1438.42935,427.848277,24.21712518,0.005612846,0,1469.706659,2.714661058,4236.1,1.418709331,41.27724686,-44.59582158,61.31654746,8.475446701,36.5189743,28.71981049,9
element_4681,2081,270.9300767,6.606410046,121.1738067,1409.398781,424.2467959,24.21428525,0.004908933,0,1469.706659,2.714661058,4236.1,1.418709331,41.27724686,-44.59582158,61.31654746,8.475446701,36.5189743,28.71981049,9
element_4681,2082,270.7475685,6.228063727,122.7069244,1219.510158,436.1143346,24.21415268,0.004429815,0,1469.706659,2.714661058,4236.1,1.418709331,41.27724686,-44.59582158,61.31654746,8.475446701,36.5189743,28.71981049,9
element_4681,2083,270.7429534,6.606234758,122.9977351,1432.632271,403.0343424,24.19814315,0.004599443,0,1469.706659,2.714661058,4236.1,1.418709331,41.27724686,-44.59582158,61.31654746,8.475446701,36.5189743,28.71981049,9
element_4681,2084,271.0797974,6.470584184,116.1858549,1395.316051,423.434832,24.20789163,0.004079767,0,1469.706659,2.714661058,4236.1,1.418709331,41.27724686,-44.59582158,61.31654746,8.475446701,36.5189743,28.71981049,9
element_4681,2085,271.0179987,6.427858949,122.9936702,1303.860551,433.6845029,24.1938155,0.005216865,0,1469.706659,2.714661058,4236.1,1.418709331,41.27724686,-44.59582158,61.31654746,8.475446701,36.5189743,28.71981049,9
element_4681,2086,271.3258751,6.263507054,123.8719882,1184.83797,441.3929917,24.17694913,0.005416129,0,1469.706659,2.714661058,4236.1,1.418709331,41.27724686,-44.59582158,61.31654746,8.475446701,36.5189743,28.71981049,9
element_4681,2087,270.8915756,6.340249303,122.3655582,1246.134052,428.7716913,24.18006558,0.004415451,0,1469.706659,2.714661058,4236.1,1.418709331,41.27724686,-44.59582158,61.31654746,8.475446701,36.5189743,28.71981049,9
element_4681,2088,271.194974,6.406792671,121.1955955,1354.948041,435.8614506,24.18728933,0.003701252,0,1469.706659,2.714661058,4236.1,1.418709331,41.27724686,-44.59582158,61.31654746,8.475446701,36.5189743,28.71981049,9
element_4681,2089,271.1741733,6.556803822,117.015533,1525.649796,435.0156052,24.18737005,0.004000202,0,1469.706659,2.714661058,4236.1,1.418709331,41.27724686,-44.59582158,61.31654746,8.475446701,36.5189743,28.71981049,9
element_4681,2090,270.7669834,6.265023271,121.73677,1294.790735,435.3952894,24.18449746,0.00383539,0,1469.706659,2.714661058,4236.1,1.418709331,41.27724686,-44.59582158,61.31654746,8.475446701,36.5189743,28.71981049,9
element_4681,2091,271.0828468,6.328203345,121.8565231,1380.012882,448.2021957,24.18409553,0.0037145,0,1469.706659,2.714661058,4236.1,1.418709331,41.27724686,-44.59582158,61.31654746,8.475446701,36.5189743,28.71981049,9
element_4681,2092,271.2342588,6.407363952,121.8250686,1353.151603,443.1274493,24.1820786,0.004361089,0,1469.706659,2.714661058,4236.1,1.418709331,41.27724686,-44.59582158,61.31654746,8.475446701,36.5189743,28.71981049,9
element_4681,2093,271.4945505,6.386016428,119.3591934,1442.433278,447.3332187,24.19423378,0.004202938,0,1469.706659,2.714661058,4236.1,1.418709331,41.27724686,-44.59582158,61.31654746,8.475446701,36.5189743,28.71981049,9
element_4681,2094,271.4501479,6.251756123,122.3313544,1327.528154,450.337136,24.19285456,0.003920932,0,1469.706659,2.714661058,4236.1,1.418709331,41.27724686,-44.59582158,61.31654746,8.475446701,36.5189743,28.71981049,9
element_4681,2095,271.4389545,6.409163526,119.9884739,1444.467381,443.5404116,24.18819235,0.003951412,0,1469.706659,2.714661058,4236.1,1.418709331,41.27724686,-44.59582158,61.31654746,8.475446701,36.5189743,28.71981049,9
element_4681,2096,271.5313391,6.440327196,124.002933,1303.650217,459.6567502,24.18796668,0.005198712,0,1469.706659,2.714661058,4236.1,1.418709331,41.27724686,-44.59582158,61.31654746,8.475446701,36.5189743,28.71981049,9
element_4681,2097,271.4297048,6.381076924,122.6988919,1224.239189,450.4116994,24.18130988,0.004323922,0,1469.706659,2.714661058,4236.1,1.418709331,41.27724686,-44.59582158,61.31654746,8.475446701,36.5189743,28.71981049,9
element_4681,2098,271.9270357,6.306373335,120.6367427,1384.204115,464.0336392,24.16462956,0.003959998,0,1469.706659,2.714661058,4236.1,1.418709331,41.27724686,-44.59582158,61.31654746,8.475446701,36.5189743,28.71981049,9
element_4681,2099,271.9048616,6.477176078,120.4231447,1373.296758,454.3665211,24.18133155,0.004741162,0,1469.706659,2.714661058,4236.1,1.418709331,41.27724686,-44.59582158,61.31654746,8.475446701,36.5189743,28.71981049,9
element_4681,2100,271.4632679,6.29994697,120.8097036,1387.452808,449.6065266,24.18463007,0.004446292,0,1469.706659,2.714661058,4236.1,1.418709331,41.27724686,-44.59582158,61.31654746,8.475446701,36.5189743,28.71981049,9
element_4682,2015,265.7123904,6.31304783,126.8100402,982.9570488,356.3886957,25.09661123,0.002973046,0,1494.008018,1.422091807,36659,2.267391158,58.06683585,-46.64737364,61.83630234,8.291814804,35.26213837,26.1180706,9
element_4682,2016,265.5667946,6.458665502,126.7295534,1128.830672,353.4153062,25.09291251,0.003022957,0,1494.008018,1.422091807,36659,2.267391158,58.06683585,-46.64737364,61.83630234,8.291814804,35.26213837,26.1180706,9
element_4682,2017,265.2432786,6.406406472,127.7161183,988.713604,345.1002296,25.08218146,0.002536692,0,1494.008018,1.422091807,36659,2.267391158,58.06683585,-46.64737364,61.83630234,8.291814804,35.26213837,26.1180706,9
element_4682,2018,265.5353289,6.559389057,127.3465391,1031.976444,351.5035095,25.06799083,0.002593714,0,1494.008018,1.422091807,36659,2.267391158,58.06683585,-46.64737364,61.83630234,8.291814804,35.26213837,26.1180706,9
element_4682,2019,264.756868,6.414367447,128.1570328,886.9772269,341.5444953,25.06684038,0.002473551,0,1494.008018,1.422091807,36659,2.267391158,58.06683585,-46.64737364,61.83630234,8.291814804,35.26213837,26.1180706,9
element_4682,2020,265.2039402,6.447094519,126.0368839,1095.059754,347.8717232,25.08269379,0.002881674,0,1494.008018,1.422091807,36659,2.267391158,58.06683585,-46.64737364,61.83630234,8.291814804,35.26213837,26.1180706,9
element_4682,2021,264.8806608,6.445068295,128.1482076,1065.469105,337.7576238,25.07800447,0.00241343,0,1494.008018,1.422091807,36659,2.267391158,58.06683585,-46.64737364,61.83630234,8.291814804,35.26213837,26.1180706,9
element_4682,2022,266.2769273,6.451440791,126.2647721,1048.28073,355.9044021,25.08390222,0.002889149,0,1494.008018,1.422091807,36659,2.267391158,58.06683585,-46.64737364,61.83630234,8.291814804,35.26213837,26.1180706,9
element_4682,2023,266.053895,6.476753284,124.0742283,1062.121216,345.4824885,25.07607393,0.002577866,0,1494.008018,1.422091807,36659,2.267391158,58.06683585,-46.64737364,61.83630234,8.291814804,35.26213837,26.1180706,9
element_4682,2024,266.394249,6.304968132,128.8539186,941.9434875,366.2319915,25.04725412,0.00300494,0,1494.008018,1.422091807,36659,2.267391158,58.06683585,-46.64737364,61.83630234,8.291814804,35.26213837,26.1180706,9
element_4682,2025,266.7356926,6.535634162,125.8509392,1202.94894,362.2798036,25.06848283,0.003179486,0,1494.008018,1.422091807,36659,2.267391158,58.06683585,-46.64737364,61.83630234,8.291814804,35.26213837,26.1180706,9
element_4682,2026,266.5389102,6.542416269,122.8541371,1157.952935,359.1351003,25.08125839,0.002656056,0,1494.008018,1.422091807,36659,2.267391158,58.06683585,-46.64737364,61.83630234,8.291814804,35.26213837,26.1180706,9
element_4682,2027,266.6237533,6.584072495,124.4300204,1170.43521,350.9917646,25.05855444,0.003045926,0,1494.008018,1.422091807,36659,2.267391158,58.06683585,-46.64737364,61.83630234,8.291814804,35.26213837,26.1180706,9
element_4682,2028,266.9553762,6.306417972,127.6494682,970.762129,369.0631448,25.05967344,0.003132565,0,1494.008018,1.422091807,36659,2.267391158,58.06683585,-46.64737364,61.83630234,8.291814804,35.26213837,26.1180706,9
element_4682,2029,266.78972,6.550283658,124.3416857,1150.924872,367.5367262,25.07451729,0.002889275,0,1494.008018,1.422091807,36659,2.267391158,58.06683585,-46.64737364,61.83630234,8.291814804,35.26213837,26.1180706,9
element_4682,2030,265.9471343,6.40009337,126.8009778,1029.641955,355.7188752,25.05376734,0.002529072,0,1494.008018,1.422091807,36659,2.267391158,58.06683585,-46.64737364,61.83630234,8.291814804,35.26213837,26.1180706,9
element_4682,2031,266.4835774,6.509013587,123.8762414,1187.84487,356.1618918,25.06594104,0.002450252,0,1494.008018,1.422091807,36659,2.267391158,58.06683585,-46.64737364,61.83630234,8.291814804,35.26213837,26.1180706,9
element_4682,2032,266.2341157,6.576151225,128.050177,1077.768525,347.4364931,25.06069487,0.00280735,0,1494.008018,1.422091807,36659,2.267391158,58.06683585,-46.64737364,61.83630234,8.291814804,35.26213837,26.1180706,9
element_4682,2033,266.7014844,6.450019256,127.3665633,1146.235853,366.3623724,25.07416698,0.003048338,0,1494.008018,1.422091807,36659,2.267391158,58.06683585,-46.64737364,61.83630234,8.291814804,35.26213837,26.1180706,9
element_4682,2034,266.8677619,6.50057427,125.3721672,1112.938122,364.7387657,25.05796226,0.003574167,0,1494.008018,1.422091807,36659,2.267391158,58.06683585,-46.64737364,61.83630234,8.291814804,35.26213837,26.1180706,9
element_4682,2035,267.0982772,6.434094444,124.3035431,1083.177946,376.5062866,25.04799056,0.003080824,0,1494.008018,1.422091807,36659,2.267391158,58.06683585,-46.64737364,61.83630234,8.291814804,35.26213837,26.1180706,9
element_4682,2036,266.2718895,6.455129698,124.5962492,1058.345647,365.4073186,25.05733053,0.003343702,0,1494.008018,1.422091807,36659,2.267391158,58.06683585,-46.64737364,61.83630234,8.291814804,35.26213837,26.1180706,9
element_4682,2037,266.211773,6.497211061,127.4161616,1046.635991,361.9384768,25.06281161,0.003231455,0,1494.008018,1.422091807,36659,2.267391158,58.06683585,-46.64737364,61.83630234,8.291814804,35.26213837,26.1180706,9
element_4682,2038,266.276114,6.391599169,125.6489684,984.1126048,355.8408842,25.06366978,0.002937894,0,1494.008018,1.422091807,36659,2.267391158,58.06683585,-46.64737364,61.83630234,8.291814804,35.26213837,26.1180706,9
element_4682,2039,266.4005133,6.202919891,124.7399539,1011.308694,362.7274315,25.08041711,0.002596686,0,1494.008018,1.422091807,36659,2.267391158,58.06683585,-46.64737364,61.83630234,8.291814804,35.26213837,26.1180706,9
element_4682,2040,265.7320469,6.527620556,125.7129452,1151.790006,343.9093432,25.07127812,0.002806174,0,1494.008018,1.422091807,36659,2.267391158,58.06683585,-46.64737364,61.83630234,8.291814804,35.26213837,26.1180706,9
element_4682,2041,266.0647649,6.272074485,124.2970828,1040.914943,346.9468064,25.06899294,0.002858872,0,1494.008018,1.422091807,36659,2.267391158,58.06683585,-46.64737364,61.83630234,8.291814804,35.26213837,26.1180706,9
element_4682,2042,266.8952576,6.370339092,125.5636971,1142.060788,360.7515178,25.06123281,0.003558996,0,1494.008018,1.422091807,36659,2.267391158,58.06683585,-46.64737364,61.83630234,8.291814804,35.26213837,26.1180706,9
element_4682,2043,266.7020196,6.322871764,124.5347314,1071.399896,357.157738,25.05817581,0.003379635,0,1494.008018,1.422091807,36659,2.267391158,58.06683585,-46.64737364,61.83630234,8.291814804,35.26213837,26.1180706,9
element_4682,2044,266.8139931,6.246223172,124.3884165,1091.249174,355.1355818,25.08759265,0.003282912,0,1494.008018,1.422091807,36659,2.267391158,58.06683585,-46.64737364,61.83630234,8.291814804,35.26213837,26.1180706,9
element_4682,2045,267.4447527,6.550821959,124.5648888,1084.002413,364.5293215,25.06225514,0.003330988,0,1494.008018,1.422091807,36659,2.267391158,58.06683585,-46.64737364,61.83630234,8.291814804,35.26213837,26.1180706,9
element_4682,2046,266.9942108,6.207834095,125.2348125,1150.384614,358.8389155,25.06999072,0.004220611,0,1494.008018,1.422091807,36659,2.267391158,58.06683585,-46.64737364,61.83630234,8.291814804,35.26213837,26.1180706,9
element_4682,2047,267.2359845,6.241367028,126.8878356,993.4742098,372.9195045,25.06193506,0.00330897,0,1494.008018,1.422091807,36659,2.267391158,58.06683585,-46.64737364,61.83630234,8.291814804,35.26213837,26.1180706,9
element_4682,2048,267.273677,6.381759146,126.9293669,1150.889605,374.9724841,25.07676715,0.003809007,0,1494.008018,1.422091807,36659,2.267391158,58.06683585,-46.64737364,61.83630234,8.291814804,35.26213837,26.1180706,9
element_4682,2049,267.2625358,6.345117503,122.9649293,1105.482253,361.7923775,25.07615749,0.003092061,0,1494.008018,1.422091807,36659,2.267391158,58.06683585,-46.64737364,61.83630234,8.291814804,35.26213837,26.1180706,9
element_4682,2050,267.5697555,6.404097973,124.8752939,1129.800375,375.7316551,25.05736724,0.003566956,0,1494.008018,1.422091807,36659,2.267391158,58.06683585,-46.64737364,61.83630234,8.291814804,35.26213837,26.1180706,9
element_4682,2051,267.2740786,6.329591795,121.8190759,1163.875906,378.6649465,25.07400886,0.003076983,0,1494.008018,1.422091807,36659,2.267391158,58.06683585,-46.64737364,61.83630234,8.291814804,35.26213837,26.1180706,9
element_4682,2052,267.5391029,6.509569862,123.3205483,1203.522557,370.6722836,25.06236991,0.003134166,0,1494.008018,1.422091807,36659,2.267391158,58.06683585,-46.64737364,61.83630234,8.291814804,35.26213837,26.1180706,9
element_4682,2053,267.2714577,6.44000899,126.275247,1119.369652,373.883656,25.0586312,0.002879019,0,1494.008018,1.422091807,36659,2.267391158,58.06683585,-46.64737364,61.83630234,8.291814804,35.26213837,26.1180706,9
element_4682,2054,267.3293202,6.580878191,125.9127172,1094.871988,374.9283066,25.05725831,0.003232199,0,1494.008018,1.422091807,36659,2.267391158,58.06683585,-46.64737364,61.83630234,8.291814804,35.26213837,26.1180706,9
element_4682,2055,266.9409214,6.195668515,123.8332893,1163.381037,373.2889572,25.07269932,0.003525362,0,1494.008018,1.422091807,36659,2.267391158,58.06683585,-46.64737364,61.83630234,8.291814804,35.26213837,26.1180706,9
element_4682,2056,267.3657247,6.487744962,124.5124474,1109.378169,368.0712375,25.06000107,0.003329864,0,1494.008018,1.422091807,36659,2.267391158,58.06683585,-46.64737364,61.83630234,8.291814804,35.26213837,26.1180706,9
element_4682,2057,267.511085,6.241191033,124.5113233,1068.943805,369.0036594,25.05361034,0.003618476,0,1494.008018,1.422091807,36659,2.267391158,58.06683585,-46.64737364,61.83630234,8.291814804,35.26213837,26.1180706,9
element_4682,2058,267.4962222,6.098691807,125.78418,1029.13943,378.6231013,25.0638148,0.003639671,0,1494.008018,1.422091807,36659,2.267391158,58.06683585,-46.64737364,61.83630234,8.291814804,35.26213837,26.1180706,9
element_4682,2059,267.9229843,6.223440693,124.0271984,1074.568578,385.6787464,25.0678089,0.004071242,0,1494.008018,1.422091807,36659,2.267391158,58.06683585,-46.64737364,61.83630234,8.291814804,35.26213837,26.1180706,9
element_4682,2060,267.4202714,6.448687404,122.8991726,1133.631936,383.0132763,25.05775194,0.003603823,0,1494.008018,1.422091807,36659,2.267391158,58.06683585,-46.64737364,61.83630234,8.291814804,35.26213837,26.1180706,9
element_4682,2061,267.8575836,6.384583034,121.3916278,1169.200671,371.859906,25.07865359,0.003009082,0,1494.008018,1.422091807,36659,2.267391158,58.06683585,-46.64737364,61.83630234,8.291814804,35.26213837,26.1180706,9
element_4682,2062,268.194143,6.389601881,122.7814592,1204.480118,384.5379515,25.07949019,0.004047873,0,1494.008018,1.422091807,36659,2.267391158,58.06683585,-46.64737364,61.83630234,8.291814804,35.26213837,26.1180706,9
element_4682,2063,268.0538856,6.359899792,123.7609539,1126.039637,376.3785145,25.08264041,0.004127816,0,1494.008018,1.422091807,36659,2.267391158,58.06683585,-46.64737364,61.83630234,8.291814804,35.26213837,26.1180706,9
element_4682,2064,268.2431541,6.489213153,124.9347779,1152.968011,380.493754,25.05982744,0.004763142,0,1494.008018,1.422091807,36659,2.267391158,58.06683585,-46.64737364,61.83630234,8.291814804,35.26213837,26.1180706,9
element_4682,2065,268.1848377,6.2043753,124.8577728,1096.493176,378.4480908,25.05578926,0.005081537,0,1494.008018,1.422091807,36659,2.267391158,58.06683585,-46.64737364,61.83630234,8.291814804,35.26213837,26.1180706,9
element_4682,2066,268.2193774,6.293335661,123.7829741,1125.263026,403.302155,25.07599983,0.004263824,0,1494.008018,1.422091807,36659,2.267391158,58.06683585,-46.64737364,61.83630234,8.291814804,35.26213837,26.1180706,9
element_4682,2067,268.7043246,6.465416222,122.5437422,1183.744772,401.6819481,25.0845142,0.003748584,0,1494.008018,1.422091807,36659,2.267391158,58.06683585,-46.64737364,61.83630234,8.291814804,35.26213837,26.1180706,9
element_4682,2068,268.2811359,6.406727014,118.8943308,1281.204485,389.6688984,25.08953254,0.00379659,0,1494.008018,1.422091807,36659,2.267391158,58.06683585,-46.64737364,61.83630234,8.291814804,35.26213837,26.1180706,9
element_4682,2069,268.4693673,6.329225554,119.0128457,1206.787124,395.9874609,25.07491028,0.004595895,0,1494.008018,1.422091807,36659,2.267391158,58.06683585,-46.64737364,61.83630234,8.291814804,35.26213837,26.1180706,9
element_4682,2070,268.5888624,6.621968996,121.5425099,1261.935881,383.0302645,25.06404054,0.004213208,0,1494.008018,1.422091807,36659,2.267391158,58.06683585,-46.64737364,61.83630234,8.291814804,35.26213837,26.1180706,9
element_4682,2071,268.4049412,6.312171511,123.4148895,1131.713259,391.4312169,25.05173071,0.004325187,0,1494.008018,1.422091807,36659,2.267391158,58.06683585,-46.64737364,61.83630234,8.291814804,35.26213837,26.1180706,9
element_4682,2072,268.6316519,6.524401654,119.9179932,1328.049098,393.8365318,25.06676193,0.004483635,0,1494.008018,1.422091807,36659,2.267391158,58.06683585,-46.64737364,61.83630234,8.291814804,35.26213837,26.1180706,9
element_4682,2073,268.8731788,6.124884644,123.3652342,1186.694444,413.2940185,25.07322463,0.00441381,0,1494.008018,1.422091807,36659,2.267391158,58.06683585,-46.64737364,61.83630234,8.291814804,35.26213837,26.1180706,9
element_4682,2074,268.2469217,6.369426922,122.4258199,1100.584566,386.1028619,25.04999054,0.003278811,0,1494.008018,1.422091807,36659,2.267391158,58.06683585,-46.64737364,61.83630234,8.291814804,35.26213837,26.1180706,9
element_4682,2075,269.2350258,6.364701148,124.2309149,1117.385959,405.1607848,25.05525222,0.003673538,0,1494.008018,1.422091807,36659,2.267391158,58.06683585,-46.64737364,61.83630234,8.291814804,35.26213837,26.1180706,9
element_4682,2076,268.5664509,6.27377155,124.2644998,1125.282601,396.0900583,25.03688477,0.003994857,0,1494.008018,1.422091807,36659,2.267391158,58.06683585,-46.64737364,61.83630234,8.291814804,35.26213837,26.1180706,9
element_4682,2077,269.2384563,6.4299516,121.2566692,1242.81223,410.3219669,25.05777857,0.004484154,0,1494.008018,1.422091807,36659,2.267391158,58.06683585,-46.64737364,61.83630234,8.291814804,35.26213837,26.1180706,9
element_4682,2078,269.3831033,6.676755307,117.7442898,1347.068692,403.850628,25.06462569,0.003638684,0,1494.008018,1.422091807,36659,2.267391158,58.06683585,-46.64737364,61.83630234,8.291814804,35.26213837,26.1180706,9
element_4682,2079,269.0178397,6.338960545,119.3644643,1312.373294,393.4323061,25.06974575,0.003980493,0,1494.008018,1.422091807,36659,2.267391158,58.06683585,-46.64737364,61.83630234,8.291814804,35.26213837,26.1180706,9
element_4682,2080,269.663201,6.682655449,121.0876742,1273.878671,411.3522163,25.05585722,0.005028538,0,1494.008018,1.422091807,36659,2.267391158,58.06683585,-46.64737364,61.83630234,8.291814804,35.26213837,26.1180706,9
element_4682,2081,269.4008538,6.510828239,121.0585734,1293.164576,408.793173,25.06444324,0.004707598,2.65E-05,1494.008018,1.422091807,36659,2.267391158,58.06683585,-46.64737364,61.83630234,8.291814804,35.26213837,26.1180706,9
element_4682,2082,269.1144036,6.126339568,122.8362634,1100.094689,419.330178,25.05072368,0.004180664,2.65E-05,1494.008018,1.422091807,36659,2.267391158,58.06683585,-46.64737364,61.83630234,8.291814804,35.26213837,26.1180706,9
element_4682,2083,269.2283658,6.55640946,121.8860834,1290.684991,387.3364997,25.03921191,0.004283997,4.97E-09,1494.008018,1.422091807,36659,2.267391158,58.06683585,-46.64737364,61.83630234,8.291814804,35.26213837,26.1180706,9
element_4682,2084,269.4787045,6.308192461,116.6968134,1279.28245,408.3052306,25.04948975,0.004016588,5.29E-05,1494.008018,1.422091807,36659,2.267391158,58.06683585,-46.64737364,61.83630234,8.291814804,35.26213837,26.1180706,9
element_4682,2085,269.4030316,6.268194761,123.0267589,1161.360616,415.6945664,25.03283718,0.005015357,0.000105811,1494.008018,1.422091807,36659,2.267391158,58.06683585,-46.64737364,61.83630234,8.291814804,35.26213837,26.1180706,9
element_4682,2086,269.7730285,6.077270899,122.9890486,1122.57842,421.3756144,25.02252894,0.004933747,2.65E-05,1494.008018,1.422091807,36659,2.267391158,58.06683585,-46.64737364,61.83630234,8.291814804,35.26213837,26.1180706,9
element_4682,2087,269.294756,6.312620786,122.015834,1144.082557,410.9737568,25.01673133,0.004163724,2.65E-05,1494.008018,1.422091807,36659,2.267391158,58.06683585,-46.64737364,61.83630234,8.291814804,35.26213837,26.1180706,9
element_4682,2088,269.6060252,6.235261003,122.2273142,1208.667136,421.8877792,25.01968773,0.004165371,2.65E-05,1494.008018,1.422091807,36659,2.267391158,58.06683585,-46.64737364,61.83630234,8.291814804,35.26213837,26.1180706,9
element_4682,2089,269.5537601,6.512307393,117.8464413,1389.716781,412.6240932,25.03563255,0.003922007,4.97E-09,1494.008018,1.422091807,36659,2.267391158,58.06683585,-46.64737364,61.83630234,8.291814804,35.26213837,26.1180706,9
element_4682,2090,269.13535,6.183434988,121.1510229,1206.237589,418.2983103,25.03018549,0.004065786,0.000158717,1494.008018,1.422091807,36659,2.267391158,58.06683585,-46.64737364,61.83630234,8.291814804,35.26213837,26.1180706,9
element_4682,2091,269.53957,6.274467481,121.3032197,1297.21479,427.2467425,25.04108158,0.004077758,2.65E-05,1494.008018,1.422091807,36659,2.267391158,58.06683585,-46.64737364,61.83630234,8.291814804,35.26213837,26.1180706,9
element_4682,2092,269.5085499,6.282790758,121.9808499,1221.395268,425.395077,25.03315654,0.004117346,2.65E-05,1494.008018,1.422091807,36659,2.267391158,58.06683585,-46.64737364,61.83630234,8.291814804,35.26213837,26.1180706,9
element_4682,2093,269.8748881,6.381503,119.2389404,1357.736732,428.0882086,25.0461647,0.004251818,4.97E-09,1494.008018,1.422091807,36659,2.267391158,58.06683585,-46.64737364,61.83630234,8.291814804,35.26213837,26.1180706,9
element_4682,2094,269.7180759,6.17958441,121.7267471,1209.319071,432.1816636,25.03200115,0.003537612,4.97E-09,1494.008018,1.422091807,36659,2.267391158,58.06683585,-46.64737364,61.83630234,8.291814804,35.26213837,26.1180706,9
element_4682,2095,269.8584553,6.341751207,120.0369473,1297.9022,427.0387123,25.0354273,0.003663598,0.00018517,1494.008018,1.422091807,36659,2.267391158,58.06683585,-46.64737364,61.83630234,8.291814804,35.26213837,26.1180706,9
element_4682,2096,269.9869434,6.278670493,123.5230335,1224.256247,440.5599713,25.03810312,0.004668313,2.65E-05,1494.008018,1.422091807,36659,2.267391158,58.06683585,-46.64737364,61.83630234,8.291814804,35.26213837,26.1180706,9
element_4682,2097,269.8052542,6.290905485,122.1984914,1168.395904,429.5898728,25.04151827,0.004339068,4.97E-09,1494.008018,1.422091807,36659,2.267391158,58.06683585,-46.64737364,61.83630234,8.291814804,35.26213837,26.1180706,9
element_4682,2098,270.3704742,6.343144147,119.4970384,1303.935393,447.6997432,25.02637204,0.003775034,4.97E-09,1494.008018,1.422091807,36659,2.267391158,58.06683585,-46.64737364,61.83630234,8.291814804,35.26213837,26.1180706,9
element_4682,2099,270.3725776,6.343292033,120.7941922,1243.981955,437.9953627,25.03726152,0.004895971,4.97E-09,1494.008018,1.422091807,36659,2.267391158,58.06683585,-46.64737364,61.83630234,8.291814804,35.26213837,26.1180706,9
element_4682,2100,269.8756795,6.273999614,119.4308465,1269.25156,430.502378,25.04554146,0.003900672,4.97E-09,1494.008018,1.422091807,36659,2.267391158,58.06683585,-46.64737364,61.83630234,8.291814804,35.26213837,26.1180706,9
element_4683,2015,264.2520486,6.145334407,131.8833612,914.0339575,323.0833791,23.41825465,0.001887267,0,2017.535209,0.618229263,10360.9,2.395818981,69.69073073,-47.25942539,62.50166315,9.172697067,36.56578827,32.96301651,9
element_4683,2016,264.1421672,6.31964559,131.8439057,1053.036295,321.4526829,23.42179596,0.001932325,0,2017.535209,0.618229263,10360.9,2.395818981,69.69073073,-47.25942539,62.50166315,9.172697067,36.56578827,32.96301651,9
element_4683,2017,263.7296151,6.260853007,133.0697664,917.1650804,312.6376688,23.40689202,0.001596409,0,2017.535209,0.618229263,10360.9,2.395818981,69.69073073,-47.25942539,62.50166315,9.172697067,36.56578827,32.96301651,9
element_4683,2018,263.9942807,6.400082997,132.6137213,959.1354428,314.942202,23.39456614,0.001644479,0,2017.535209,0.618229263,10360.9,2.395818981,69.69073073,-47.25942539,62.50166315,9.172697067,36.56578827,32.96301651,9
element_4683,2019,263.1974193,6.257090156,133.9223176,793.4872281,305.0230603,23.38950643,0.001566651,0,2017.535209,0.618229263,10360.9,2.395818981,69.69073073,-47.25942539,62.50166315,9.172697067,36.56578827,32.96301651,9
element_4683,2020,263.6391331,6.270549885,131.0847092,1047.627556,311.9350577,23.39049982,0.001818555,0,2017.535209,0.618229263,10360.9,2.395818981,69.69073073,-47.25942539,62.50166315,9.172697067,36.56578827,32.96301651,9
element_4683,2021,263.4305785,6.295073068,132.784529,1037.466892,303.5544651,23.39441679,0.001548849,0,2017.535209,0.618229263,10360.9,2.395818981,69.69073073,-47.25942539,62.50166315,9.172697067,36.56578827,32.96301651,9
element_4683,2022,264.8346461,6.310369435,132.3141315,978.397627,324.491144,23.4024426,0.001830167,0,2017.535209,0.618229263,10360.9,2.395818981,69.69073073,-47.25942539,62.50166315,9.172697067,36.56578827,32.96301651,9
element_4683,2023,264.4919898,6.296741015,129.5622798,998.5471632,312.4281507,23.39915236,0.001660744,0,2017.535209,0.618229263,10360.9,2.395818981,69.69073073,-47.25942539,62.50166315,9.172697067,36.56578827,32.96301651,9
element_4683,2024,264.882488,6.091349893,134.46532,877.4798544,331.0460323,23.37458926,0.001985748,0,2017.535209,0.618229263,10360.9,2.395818981,69.69073073,-47.25942539,62.50166315,9.172697067,36.56578827,32.96301651,9
element_4683,2025,265.163517,6.387769558,131.2410791,1147.794913,321.7487538,23.39460465,0.002015124,0,2017.535209,0.618229263,10360.9,2.395818981,69.69073073,-47.25942539,62.50166315,9.172697067,36.56578827,32.96301651,9
element_4683,2026,264.9658373,6.358549646,128.3053494,1101.132149,320.995786,23.40115148,0.001720595,0,2017.535209,0.618229263,10360.9,2.395818981,69.69073073,-47.25942539,62.50166315,9.172697067,36.56578827,32.96301651,9
element_4683,2027,265.1075805,6.468629716,129.4969379,1121.03803,316.8455149,23.37840413,0.001901985,0,2017.535209,0.618229263,10360.9,2.395818981,69.69073073,-47.25942539,62.50166315,9.172697067,36.56578827,32.96301651,9
element_4683,2028,265.3695784,6.129009611,133.0467184,901.874688,335.4314313,23.38268329,0.001984444,0,2017.535209,0.618229263,10360.9,2.395818981,69.69073073,-47.25942539,62.50166315,9.172697067,36.56578827,32.96301651,9
element_4683,2029,265.3187272,6.391125607,129.653916,1083.951953,335.038256,23.38790576,0.001833179,0,2017.535209,0.618229263,10360.9,2.395818981,69.69073073,-47.25942539,62.50166315,9.172697067,36.56578827,32.96301651,9
element_4683,2030,264.4413104,6.253653954,131.8908884,973.8451055,320.6238932,23.37656387,0.001591146,0,2017.535209,0.618229263,10360.9,2.395818981,69.69073073,-47.25942539,62.50166315,9.172697067,36.56578827,32.96301651,9
element_4683,2031,265.0374682,6.378665947,129.058594,1118.015583,319.5945013,23.38588956,0.001543886,0,2017.535209,0.618229263,10360.9,2.395818981,69.69073073,-47.25942539,62.50166315,9.172697067,36.56578827,32.96301651,9
element_4683,2032,264.7938374,6.429162489,133.5776256,1005.970233,316.9345336,23.3762437,0.00176045,0,2017.535209,0.618229263,10360.9,2.395818981,69.69073073,-47.25942539,62.50166315,9.172697067,36.56578827,32.96301651,9
element_4683,2033,265.2630372,6.316374943,132.472839,1083.186594,334.8258548,23.39228395,0.001917514,0,2017.535209,0.618229263,10360.9,2.395818981,69.69073073,-47.25942539,62.50166315,9.172697067,36.56578827,32.96301651,9
element_4683,2034,265.375259,6.34343972,130.691208,1063.966859,328.4304208,23.38870035,0.002299455,0,2017.535209,0.618229263,10360.9,2.395818981,69.69073073,-47.25942539,62.50166315,9.172697067,36.56578827,32.96301651,9
element_4683,2035,265.6155022,6.276900755,129.8815307,1015.470685,340.9272808,23.37166281,0.00196116,0,2017.535209,0.618229263,10360.9,2.395818981,69.69073073,-47.25942539,62.50166315,9.172697067,36.56578827,32.96301651,9
element_4683,2036,264.7682362,6.309067641,130.0120065,996.2267539,329.4921725,23.39376298,0.002082226,0,2017.535209,0.618229263,10360.9,2.395818981,69.69073073,-47.25942539,62.50166315,9.172697067,36.56578827,32.96301651,9
element_4683,2037,264.7041201,6.349099361,132.2693037,985.3047805,326.9757311,23.38548468,0.002029882,0,2017.535209,0.618229263,10360.9,2.395818981,69.69073073,-47.25942539,62.50166315,9.172697067,36.56578827,32.96301651,9
element_4683,2038,264.7253388,6.205907685,130.670516,915.1116958,322.5855875,23.38743828,0.001816318,0,2017.535209,0.618229263,10360.9,2.395818981,69.69073073,-47.25942539,62.50166315,9.172697067,36.56578827,32.96301651,9
element_4683,2039,264.9349056,6.032520181,130.3790537,942.1551194,332.7253218,23.3972841,0.001616665,0,2017.535209,0.618229263,10360.9,2.395818981,69.69073073,-47.25942539,62.50166315,9.172697067,36.56578827,32.96301651,9
element_4683,2040,264.2242941,6.359539245,131.1452546,1100.292372,311.5413977,23.38918737,0.001763922,0,2017.535209,0.618229263,10360.9,2.395818981,69.69073073,-47.25942539,62.50166315,9.172697067,36.56578827,32.96301651,9
element_4683,2041,264.602002,6.109715571,129.2330078,980.7634359,314.1462707,23.38860918,0.001812968,0,2017.535209,0.618229263,10360.9,2.395818981,69.69073073,-47.25942539,62.50166315,9.172697067,36.56578827,32.96301651,9
element_4683,2042,265.4677215,6.22700016,130.4205389,1093.200889,327.2694832,23.38169459,0.002206812,0,2017.535209,0.618229263,10360.9,2.395818981,69.69073073,-47.25942539,62.50166315,9.172697067,36.56578827,32.96301651,9
element_4683,2043,265.2333538,6.152545215,129.3147377,1017.884205,325.4166237,23.36925137,0.002085094,0,2017.535209,0.618229263,10360.9,2.395818981,69.69073073,-47.25942539,62.50166315,9.172697067,36.56578827,32.96301651,9
element_4683,2044,265.3216325,6.044423667,129.6406209,1031.468955,322.4068217,23.39847395,0.002024051,0,2017.535209,0.618229263,10360.9,2.395818981,69.69073073,-47.25942539,62.50166315,9.172697067,36.56578827,32.96301651,9
element_4683,2045,265.9376421,6.370246107,129.9242085,1009.706246,329.2086712,23.38478385,0.002084382,0,2017.535209,0.618229263,10360.9,2.395818981,69.69073073,-47.25942539,62.50166315,9.172697067,36.56578827,32.96301651,9
element_4683,2046,265.4353825,6.026164463,130.1204348,1099.56375,326.5919011,23.38370811,0.00259382,0,2017.535209,0.618229263,10360.9,2.395818981,69.69073073,-47.25942539,62.50166315,9.172697067,36.56578827,32.96301651,9
element_4683,2047,265.7225951,6.096507485,131.6209392,933.4980093,338.9530788,23.38288718,0.00201875,0,2017.535209,0.618229263,10360.9,2.395818981,69.69073073,-47.25942539,62.50166315,9.172697067,36.56578827,32.96301651,9
element_4683,2048,265.8405385,6.202897661,131.5698204,1115.608999,343.0457502,23.39860227,0.00234845,0,2017.535209,0.618229263,10360.9,2.395818981,69.69073073,-47.25942539,62.50166315,9.172697067,36.56578827,32.96301651,9
element_4683,2049,265.8064765,6.197072668,128.5828562,1050.886579,329.9882207,23.38947314,0.001974206,0,2017.535209,0.618229263,10360.9,2.395818981,69.69073073,-47.25942539,62.50166315,9.172697067,36.56578827,32.96301651,9
element_4683,2050,266.1101114,6.256825681,130.6674714,1062.886859,343.6326786,23.38281282,0.002217968,0,2017.535209,0.618229263,10360.9,2.395818981,69.69073073,-47.25942539,62.50166315,9.172697067,36.56578827,32.96301651,9
element_4683,2051,265.7880566,6.175477112,126.9897219,1125.096087,344.8674608,23.38611701,0.001989262,0,2017.535209,0.618229263,10360.9,2.395818981,69.69073073,-47.25942539,62.50166315,9.172697067,36.56578827,32.96301651,9
element_4683,2052,266.0404124,6.361383144,128.1335304,1154.257241,335.9592648,23.3823008,0.001960859,0,2017.535209,0.618229263,10360.9,2.395818981,69.69073073,-47.25942539,62.50166315,9.172697067,36.56578827,32.96301651,9
element_4683,2053,265.7567006,6.269057855,131.0623077,1054.840046,341.4899951,23.38268438,0.001814735,0,2017.535209,0.618229263,10360.9,2.395818981,69.69073073,-47.25942539,62.50166315,9.172697067,36.56578827,32.96301651,9
element_4683,2054,265.8038682,6.408554643,131.0787868,1025.777077,339.9621324,23.38393016,0.002011622,0,2017.535209,0.618229263,10360.9,2.395818981,69.69073073,-47.25942539,62.50166315,9.172697067,36.56578827,32.96301651,9
element_4683,2055,265.4223267,5.987813898,129.2493872,1113.898034,342.2017405,23.39329533,0.002270601,0,2017.535209,0.618229263,10360.9,2.395818981,69.69073073,-47.25942539,62.50166315,9.172697067,36.56578827,32.96301651,9
element_4683,2056,265.8841104,6.361813378,129.7667543,1048.58732,334.0748283,23.37332668,0.002037416,0,2017.535209,0.618229263,10360.9,2.395818981,69.69073073,-47.25942539,62.50166315,9.172697067,36.56578827,32.96301651,9
element_4683,2057,266.0118174,6.069028513,129.9558525,991.4936171,337.2871495,23.38393228,0.002245697,0,2017.535209,0.618229263,10360.9,2.395818981,69.69073073,-47.25942539,62.50166315,9.172697067,36.56578827,32.96301651,9
element_4683,2058,266.021914,5.934446322,130.8046584,969.2721639,348.2905295,23.38185404,0.002224207,0,2017.535209,0.618229263,10360.9,2.395818981,69.69073073,-47.25942539,62.50166315,9.172697067,36.56578827,32.96301651,9
element_4683,2059,266.4535204,6.04914142,128.9885615,1027.574214,355.2972298,23.39037361,0.002501356,0,2017.535209,0.618229263,10360.9,2.395818981,69.69073073,-47.25942539,62.50166315,9.172697067,36.56578827,32.96301651,9
element_4683,2060,265.9369234,6.300984273,127.9262821,1093.245725,352.9024397,23.38308451,0.002241089,0,2017.535209,0.618229263,10360.9,2.395818981,69.69073073,-47.25942539,62.50166315,9.172697067,36.56578827,32.96301651,9
element_4683,2061,266.4276612,6.214859753,126.3916848,1105.268073,345.1607661,23.39350748,0.001881722,0,2017.535209,0.618229263,10360.9,2.395818981,69.69073073,-47.25942539,62.50166315,9.172697067,36.56578827,32.96301651,9
element_4683,2062,266.6721178,6.215982684,127.7421526,1138.563276,353.302095,23.39483632,0.00245883,0,2017.535209,0.618229263,10360.9,2.395818981,69.69073073,-47.25942539,62.50166315,9.172697067,36.56578827,32.96301651,9
element_4683,2063,266.5221246,6.193516922,128.524019,1067.403383,342.7803383,23.39649832,0.002521407,0,2017.535209,0.618229263,10360.9,2.395818981,69.69073073,-47.25942539,62.50166315,9.172697067,36.56578827,32.96301651,9
element_4683,2064,266.771425,6.327061299,130.3232337,1093.896983,347.6368039,23.3862746,0.002947457,0,2017.535209,0.618229263,10360.9,2.395818981,69.69073073,-47.25942539,62.50166315,9.172697067,36.56578827,32.96301651,9
element_4683,2065,266.6796096,6.004676855,129.7038129,1025.919997,345.5099163,23.37667241,0.003043831,0,2017.535209,0.618229263,10360.9,2.395818981,69.69073073,-47.25942539,62.50166315,9.172697067,36.56578827,32.96301651,9
element_4683,2066,266.6982281,6.140074803,129.366392,1042.957729,368.6531037,23.38171483,0.002673278,0,2017.535209,0.618229263,10360.9,2.395818981,69.69073073,-47.25942539,62.50166315,9.172697067,36.56578827,32.96301651,9
element_4683,2067,267.2372249,6.296147289,127.5963696,1129.547474,367.6570115,23.40273406,0.002369313,0,2017.535209,0.618229263,10360.9,2.395818981,69.69073073,-47.25942539,62.50166315,9.172697067,36.56578827,32.96301651,9
element_4683,2068,266.8418036,6.264067017,123.855545,1222.292152,359.9014932,23.39956323,0.002386183,0,2017.535209,0.618229263,10360.9,2.395818981,69.69073073,-47.25942539,62.50166315,9.172697067,36.56578827,32.96301651,9
element_4683,2069,266.9397298,6.182563129,123.9333628,1148.750487,359.865433,23.39668818,0.002755326,0,2017.535209,0.618229263,10360.9,2.395818981,69.69073073,-47.25942539,62.50166315,9.172697067,36.56578827,32.96301651,9
element_4683,2070,267.0702544,6.467333299,125.9986817,1213.794591,348.4307988,23.39072254,0.002556671,0,2017.535209,0.618229263,10360.9,2.395818981,69.69073073,-47.25942539,62.50166315,9.172697067,36.56578827,32.96301651,9
element_4683,2071,266.8796019,6.124806615,128.815361,1070.151699,357.3830075,23.37572723,0.00267778,0,2017.535209,0.618229263,10360.9,2.395818981,69.69073073,-47.25942539,62.50166315,9.172697067,36.56578827,32.96301651,9
element_4683,2072,267.183719,6.364098066,124.6017687,1267.854781,360.2924877,23.38944088,0.002730607,0,2017.535209,0.618229263,10360.9,2.395818981,69.69073073,-47.25942539,62.50166315,9.172697067,36.56578827,32.96301651,9
element_4683,2073,267.4168839,5.954197341,128.5036846,1138.989821,380.4342508,23.38978395,0.002703478,0,2017.535209,0.618229263,10360.9,2.395818981,69.69073073,-47.25942539,62.50166315,9.172697067,36.56578827,32.96301651,9
element_4683,2074,266.7967546,6.202965723,127.7088644,1053.446071,353.2618268,23.37576171,0.002096892,0,2017.535209,0.618229263,10360.9,2.395818981,69.69073073,-47.25942539,62.50166315,9.172697067,36.56578827,32.96301651,9
element_4683,2075,267.7667307,6.204435435,128.988412,1055.500992,370.7272973,23.38006383,0.002275861,0,2017.535209,0.618229263,10360.9,2.395818981,69.69073073,-47.25942539,62.50166315,9.172697067,36.56578827,32.96301651,9
element_4683,2076,267.0155736,6.100954246,129.5118942,1062.565683,360.1278245,23.37065099,0.002493216,0,2017.535209,0.618229263,10360.9,2.395818981,69.69073073,-47.25942539,62.50166315,9.172697067,36.56578827,32.96301651,9
element_4683,2077,267.7375646,6.248435814,125.8954642,1187.70251,375.5892188,23.38347714,0.00278483,0,2017.535209,0.618229263,10360.9,2.395818981,69.69073073,-47.25942539,62.50166315,9.172697067,36.56578827,32.96301651,9
element_4683,2078,267.907207,6.523951488,123.115322,1270.546434,365.8625995,23.37925754,0.002279975,0,2017.535209,0.618229263,10360.9,2.395818981,69.69073073,-47.25942539,62.50166315,9.172697067,36.56578827,32.96301651,9
element_4683,2079,267.4975746,6.168343893,124.5059786,1257.699667,355.8299437,23.38577457,0.002494431,0,2017.535209,0.618229263,10360.9,2.395818981,69.69073073,-47.25942539,62.50166315,9.172697067,36.56578827,32.96301651,9
element_4683,2080,268.1837049,6.515103786,126.3766492,1202.840917,372.8899087,23.37850862,0.002920723,0,2017.535209,0.618229263,10360.9,2.395818981,69.69073073,-47.25942539,62.50166315,9.172697067,36.56578827,32.96301651,9
element_4683,2081,267.8978449,6.31672231,126.3961672,1228.888673,372.6794188,23.38588252,0.002860097,0,2017.535209,0.618229263,10360.9,2.395818981,69.69073073,-47.25942539,62.50166315,9.172697067,36.56578827,32.96301651,9
element_4683,2082,267.5961504,5.985307235,128.1176827,1046.992804,381.0558574,23.37466143,0.00259561,0,2017.535209,0.618229263,10360.9,2.395818981,69.69073073,-47.25942539,62.50166315,9.172697067,36.56578827,32.96301651,9
element_4683,2083,267.8141176,6.431849364,126.3124633,1230.891807,355.1188875,23.36676251,0.002603657,0,2017.535209,0.618229263,10360.9,2.395818981,69.69073073,-47.25942539,62.50166315,9.172697067,36.56578827,32.96301651,9
element_4683,2084,268.0028549,6.122852669,121.8656494,1231.285765,376.1533461,23.37216834,0.002574113,0,2017.535209,0.618229263,10360.9,2.395818981,69.69073073,-47.25942539,62.50166315,9.172697067,36.56578827,32.96301651,9
element_4683,2085,267.9049266,6.092603468,128.0027913,1104.812222,379.6337029,23.36887664,0.003096067,0,2017.535209,0.618229263,10360.9,2.395818981,69.69073073,-47.25942539,62.50166315,9.172697067,36.56578827,32.96301651,9
element_4683,2086,268.2695733,5.867710402,127.4932418,1084.833496,385.5215908,23.34777399,0.003026303,0,2017.535209,0.618229263,10360.9,2.395818981,69.69073073,-47.25942539,62.50166315,9.172697067,36.56578827,32.96301651,9
element_4683,2087,267.748656,6.154009227,126.6323281,1086.605232,373.0857705,23.34224928,0.002558621,0,2017.535209,0.618229263,10360.9,2.395818981,69.69073073,-47.25942539,62.50166315,9.172697067,36.56578827,32.96301651,9
element_4683,2088,268.1078652,6.064402186,127.4686353,1155.161749,387.1467616,23.34861107,0.002637733,0,2017.535209,0.618229263,10360.9,2.395818981,69.69073073,-47.25942539,62.50166315,9.172697067,36.56578827,32.96301651,9
element_4683,2089,268.0699995,6.368338196,123.1912931,1332.448637,375.6662526,23.34977611,0.002477863,0,2017.535209,0.618229263,10360.9,2.395818981,69.69073073,-47.25942539,62.50166315,9.172697067,36.56578827,32.96301651,9
element_4683,2090,267.6226897,6.016662774,125.9879331,1161.9553,381.1339574,23.34878521,0.002586346,0,2017.535209,0.618229263,10360.9,2.395818981,69.69073073,-47.25942539,62.50166315,9.172697067,36.56578827,32.96301651,9
element_4683,2091,268.1058273,6.150038003,125.9503101,1268.225417,388.7663225,23.35196834,0.002670512,0,2017.535209,0.618229263,10360.9,2.395818981,69.69073073,-47.25942539,62.50166315,9.172697067,36.56578827,32.96301651,9
element_4683,2092,267.9845406,6.125216587,127.0460977,1164.984281,387.4193168,23.34972717,0.00260183,0,2017.535209,0.618229263,10360.9,2.395818981,69.69073073,-47.25942539,62.50166315,9.172697067,36.56578827,32.96301651,9
element_4683,2093,268.3855048,6.244438219,124.2965274,1314.871717,386.8555442,23.35987277,0.002689774,0,2017.535209,0.618229263,10360.9,2.395818981,69.69073073,-47.25942539,62.50166315,9.172697067,36.56578827,32.96301651,9
element_4683,2094,268.164856,6.032115267,126.8448789,1153.337887,390.7968276,23.35684288,0.002258746,0,2017.535209,0.618229263,10360.9,2.395818981,69.69073073,-47.25942539,62.50166315,9.172697067,36.56578827,32.96301651,9
element_4683,2095,268.3656677,6.188418361,125.2423895,1231.906446,387.1168181,23.3497014,0.002305594,0,2017.535209,0.618229263,10360.9,2.395818981,69.69073073,-47.25942539,62.50166315,9.172697067,36.56578827,32.96301651,9
element_4683,2096,268.514599,6.095495362,128.1790322,1184.364302,399.6994289,23.35577022,0.002860516,0,2017.535209,0.618229263,10360.9,2.395818981,69.69073073,-47.25942539,62.50166315,9.172697067,36.56578827,32.96301651,9
element_4683,2097,268.2620198,6.141332346,126.6950667,1143.868569,388.6429725,23.35225099,0.002757044,0,2017.535209,0.618229263,10360.9,2.395818981,69.69073073,-47.25942539,62.50166315,9.172697067,36.56578827,32.96301651,9
element_4683,2098,268.9057502,6.228375977,124.1155612,1255.729194,409.856399,23.35698474,0.002398276,0,2017.535209,0.618229263,10360.9,2.395818981,69.69073073,-47.25942539,62.50166315,9.172697067,36.56578827,32.96301651,9
element_4683,2099,268.9107332,6.188900561,125.7880207,1179.990641,398.1659597,23.35521447,0.003082797,0,2017.535209,0.618229263,10360.9,2.395818981,69.69073073,-47.25942539,62.50166315,9.172697067,36.56578827,32.96301651,9
element_4683,2100,268.3505961,6.111810783,123.9652899,1211.60891,388.4786348,23.35444328,0.002473226,0,2017.535209,0.618229263,10360.9,2.395818981,69.69073073,-47.25942539,62.50166315,9.172697067,36.56578827,32.96301651,9
element_4685,2015,260.9361856,5.742965551,134.5601941,736.6795819,290.997118,22.27777382,0.002470675,0,2077.889922,0.357067867,24936.4,3.017882452,61.66181341,-47.55900892,63.87576584,6.650669575,29.3448658,24.68379784,9
element_4685,2016,260.8194082,5.875005292,134.2747416,857.7157147,290.6492285,22.3051789,0.002524949,0,2077.889922,0.357067867,24936.4,3.017882452,61.66181341,-47.55900892,63.87576584,6.650669575,29.3448658,24.68379784,9
element_4685,2017,260.3089255,5.811025019,135.7213272,710.6858851,283.2016608,22.30002648,0.002680571,0,2077.889922,0.357067867,24936.4,3.017882452,61.66181341,-47.55900892,63.87576584,6.650669575,29.3448658,24.68379784,9
element_4685,2018,260.5806158,5.962366879,135.0995132,779.0262304,281.1941547,22.28433423,0.002393007,0,2077.889922,0.357067867,24936.4,3.017882452,61.66181341,-47.55900892,63.87576584,6.650669575,29.3448658,24.68379784,9
element_4685,2019,259.7138133,5.789528887,136.4637623,613.4938319,271.7897623,22.27685608,0.002405069,0,2077.889922,0.357067867,24936.4,3.017882452,61.66181341,-47.55900892,63.87576584,6.650669575,29.3448658,24.68379784,9
element_4685,2020,260.0728586,5.840942764,133.1976654,841.5836678,275.3403251,22.28864568,0.002463604,0,2077.889922,0.357067867,24936.4,3.017882452,61.66181341,-47.55900892,63.87576584,6.650669575,29.3448658,24.68379784,9
element_4685,2021,259.9396983,5.878188897,135.2557234,841.6571065,268.9788845,22.311349,0.002116741,0,2077.889922,0.357067867,24936.4,3.017882452,61.66181341,-47.55900892,63.87576584,6.650669575,29.3448658,24.68379784,9
element_4685,2022,261.3967137,5.9143408,135.6116007,781.4913618,293.0142456,22.32600879,0.002442563,0,2077.889922,0.357067867,24936.4,3.017882452,61.66181341,-47.55900892,63.87576584,6.650669575,29.3448658,24.68379784,9
element_4685,2023,260.9283402,5.878233737,132.3437757,829.2112605,277.0810525,22.32461784,0.002481307,0,2077.889922,0.357067867,24936.4,3.017882452,61.66181341,-47.55900892,63.87576584,6.650669575,29.3448658,24.68379784,9
element_4685,2024,261.3892627,5.679823065,136.0846374,735.544112,295.9725929,22.3128686,0.002891294,0,2077.889922,0.357067867,24936.4,3.017882452,61.66181341,-47.55900892,63.87576584,6.650669575,29.3448658,24.68379784,9
element_4685,2025,261.7577579,6.019600544,133.7076944,942.2726918,283.7648384,22.32765375,0.002827766,0,2077.889922,0.357067867,24936.4,3.017882452,61.66181341,-47.55900892,63.87576584,6.650669575,29.3448658,24.68379784,9
element_4685,2026,261.327046,5.902955931,132.1823438,848.9026391,285.2227658,22.33333826,0.002710436,0,2077.889922,0.357067867,24936.4,3.017882452,61.66181341,-47.55900892,63.87576584,6.650669575,29.3448658,24.68379784,9
element_4685,2027,261.5530393,6.104031819,132.7025437,908.8780088,285.244793,22.30529019,0.002481504,0,2077.889922,0.357067867,24936.4,3.017882452,61.66181341,-47.55900892,63.87576584,6.650669575,29.3448658,24.68379784,9
element_4685,2028,261.8652328,5.712426406,134.7998076,758.0503731,298.9937968,22.28829524,0.00308741,0,2077.889922,0.357067867,24936.4,3.017882452,61.66181341,-47.55900892,63.87576584,6.650669575,29.3448658,24.68379784,9
element_4685,2029,261.8285001,5.953287485,132.1450119,844.1505944,301.7273909,22.29041907,0.002716537,0,2077.889922,0.357067867,24936.4,3.017882452,61.66181341,-47.55900892,63.87576584,6.650669575,29.3448658,24.68379784,9
element_4685,2030,260.9519038,5.81191321,134.4117694,783.0389029,287.0120558,22.28107816,0.002516048,0,2077.889922,0.357067867,24936.4,3.017882452,61.66181341,-47.55900892,63.87576584,6.650669575,29.3448658,24.68379784,9
element_4685,2031,261.6718848,5.983775748,131.3599747,907.3910374,285.5625953,22.27599634,0.00262678,0,2077.889922,0.357067867,24936.4,3.017882452,61.66181341,-47.55900892,63.87576584,6.650669575,29.3448658,24.68379784,9
element_4685,2032,261.3363826,5.994788653,136.355781,813.1829792,283.9000144,22.2740566,0.002586179,0,2077.889922,0.357067867,24936.4,3.017882452,61.66181341,-47.55900892,63.87576584,6.650669575,29.3448658,24.68379784,9
element_4685,2033,261.8353622,5.925627179,134.3257805,895.9887977,299.2580651,22.2854378,0.002415504,0,2077.889922,0.357067867,24936.4,3.017882452,61.66181341,-47.55900892,63.87576584,6.650669575,29.3448658,24.68379784,9
element_4685,2034,261.940178,5.931561251,133.1976121,876.2017902,291.5977892,22.29546537,0.003077406,0,2077.889922,0.357067867,24936.4,3.017882452,61.66181341,-47.55900892,63.87576584,6.650669575,29.3448658,24.68379784,9
element_4685,2035,262.1259846,5.859074051,133.3704116,829.6890564,303.0780529,22.27674115,0.00294982,0,2077.889922,0.357067867,24936.4,3.017882452,61.66181341,-47.55900892,63.87576584,6.650669575,29.3448658,24.68379784,9
element_4685,2036,261.4067609,5.868051552,132.5868007,831.4035904,293.9595057,22.28148306,0.002678185,0,2077.889922,0.357067867,24936.4,3.017882452,61.66181341,-47.55900892,63.87576584,6.650669575,29.3448658,24.68379784,9
element_4685,2037,261.1821265,5.93262408,134.1515602,829.7824532,288.7478876,22.27696729,0.002619998,0,2077.889922,0.357067867,24936.4,3.017882452,61.66181341,-47.55900892,63.87576584,6.650669575,29.3448658,24.68379784,9
element_4685,2038,261.3648261,5.766218047,132.7569828,755.8963132,287.3435815,22.2774724,0.002654663,0,2077.889922,0.357067867,24936.4,3.017882452,61.66181341,-47.55900892,63.87576584,6.650669575,29.3448658,24.68379784,9
element_4685,2039,261.5766099,5.680330886,133.1338121,775.0382872,297.9225974,22.27817687,0.002723039,0,2077.889922,0.357067867,24936.4,3.017882452,61.66181341,-47.55900892,63.87576584,6.650669575,29.3448658,24.68379784,9
element_4685,2040,260.7047428,5.885771553,133.3356557,885.6463524,275.5989553,22.2733734,0.002400448,0,2077.889922,0.357067867,24936.4,3.017882452,61.66181341,-47.55900892,63.87576584,6.650669575,29.3448658,24.68379784,9
element_4685,2041,261.3418094,5.787885287,131.3112426,817.4433725,279.1789024,22.27598936,0.002764061,0,2077.889922,0.357067867,24936.4,3.017882452,61.66181341,-47.55900892,63.87576584,6.650669575,29.3448658,24.68379784,9
element_4685,2042,262.0998397,5.861793591,132.1364854,907.3079804,287.1933751,22.28846479,0.002968456,0,2077.889922,0.357067867,24936.4,3.017882452,61.66181341,-47.55900892,63.87576584,6.650669575,29.3448658,24.68379784,9
element_4685,2043,261.8538952,5.788147683,131.5944382,839.5327762,291.9233141,22.28086968,0.003267102,0,2077.889922,0.357067867,24936.4,3.017882452,61.66181341,-47.55900892,63.87576584,6.650669575,29.3448658,24.68379784,9
element_4685,2044,261.9566177,5.709092516,132.3730143,841.8979105,287.114601,22.28440231,0.002738294,0,2077.889922,0.357067867,24936.4,3.017882452,61.66181341,-47.55900892,63.87576584,6.650669575,29.3448658,24.68379784,9
element_4685,2045,262.570531,5.944298583,132.8108222,841.728119,294.9851516,22.27750596,0.003045795,0,2077.889922,0.357067867,24936.4,3.017882452,61.66181341,-47.55900892,63.87576584,6.650669575,29.3448658,24.68379784,9
element_4685,2046,262.0637916,5.60744909,131.9421294,910.0144243,292.6168006,22.27866885,0.003236023,0,2077.889922,0.357067867,24936.4,3.017882452,61.66181341,-47.55900892,63.87576584,6.650669575,29.3448658,24.68379784,9
element_4685,2047,262.3507263,5.751450036,133.1268856,771.5130384,303.4895051,22.28317651,0.002948859,0,2077.889922,0.357067867,24936.4,3.017882452,61.66181341,-47.55900892,63.87576584,6.650669575,29.3448658,24.68379784,9
element_4685,2048,262.3650632,5.811680366,133.3200507,921.1749277,307.6864128,22.31954987,0.003012554,0,2077.889922,0.357067867,24936.4,3.017882452,61.66181341,-47.55900892,63.87576584,6.650669575,29.3448658,24.68379784,9
element_4685,2049,262.4895462,5.827885607,131.6474027,878.5952027,296.130194,22.30131588,0.00299087,0,2077.889922,0.357067867,24936.4,3.017882452,61.66181341,-47.55900892,63.87576584,6.650669575,29.3448658,24.68379784,9
element_4685,2050,262.8434658,5.91349058,133.0503281,865.8711674,308.7861734,22.2906878,0.003247643,0,2077.889922,0.357067867,24936.4,3.017882452,61.66181341,-47.55900892,63.87576584,6.650669575,29.3448658,24.68379784,9
element_4685,2051,262.4410049,5.80278528,129.8059593,942.4014526,308.2379521,22.28032831,0.003045338,0,2077.889922,0.357067867,24936.4,3.017882452,61.66181341,-47.55900892,63.87576584,6.650669575,29.3448658,24.68379784,9
element_4685,2052,262.6178866,5.923893926,130.5701051,949.0566718,298.5258185,22.30600216,0.002978427,0,2077.889922,0.357067867,24936.4,3.017882452,61.66181341,-47.55900892,63.87576584,6.650669575,29.3448658,24.68379784,9
element_4685,2053,262.3849567,5.892107124,133.2890913,852.778006,305.8671979,22.31267144,0.003029451,0,2077.889922,0.357067867,24936.4,3.017882452,61.66181341,-47.55900892,63.87576584,6.650669575,29.3448658,24.68379784,9
element_4685,2054,262.3528249,5.987502463,133.574677,827.1890907,303.6828145,22.29478149,0.00292497,0,2077.889922,0.357067867,24936.4,3.017882452,61.66181341,-47.55900892,63.87576584,6.650669575,29.3448658,24.68379784,9
element_4685,2055,261.9784903,5.56954403,131.6557257,895.2326961,308.2119674,22.29977066,0.003058042,0,2077.889922,0.357067867,24936.4,3.017882452,61.66181341,-47.55900892,63.87576584,6.650669575,29.3448658,24.68379784,9
element_4685,2056,262.5782654,5.94494809,132.3883872,851.8663292,298.3279544,22.2809171,0.003173337,0,2077.889922,0.357067867,24936.4,3.017882452,61.66181341,-47.55900892,63.87576584,6.650669575,29.3448658,24.68379784,9
element_4685,2057,262.7192327,5.702251487,132.017434,805.7127391,301.0219493,22.31378162,0.003492173,0,2077.889922,0.357067867,24936.4,3.017882452,61.66181341,-47.55900892,63.87576584,6.650669575,29.3448658,24.68379784,9
element_4685,2058,262.6614238,5.614201948,132.5332273,815.944281,313.2784022,22.32904944,0.003637336,0,2077.889922,0.357067867,24936.4,3.017882452,61.66181341,-47.55900892,63.87576584,6.650669575,29.3448658,24.68379784,9
element_4685,2059,263.0577892,5.612504606,130.8486035,837.5362134,319.8345076,22.33199364,0.003979995,0,2077.889922,0.357067867,24936.4,3.017882452,61.66181341,-47.55900892,63.87576584,6.650669575,29.3448658,24.68379784,9
element_4685,2060,262.5059959,5.907316283,130.2275162,915.5919565,313.4562897,22.30017926,0.003097424,0,2077.889922,0.357067867,24936.4,3.017882452,61.66181341,-47.55900892,63.87576584,6.650669575,29.3448658,24.68379784,9
element_4685,2061,263.0904211,5.799988141,128.8607528,896.3574081,310.7824777,22.30528178,0.003291533,0,2077.889922,0.357067867,24936.4,3.017882452,61.66181341,-47.55900892,63.87576584,6.650669575,29.3448658,24.68379784,9
element_4685,2062,263.3571959,5.811320929,130.0715957,931.288384,319.3871993,22.31967846,0.003636556,0,2077.889922,0.357067867,24936.4,3.017882452,61.66181341,-47.55900892,63.87576584,6.650669575,29.3448658,24.68379784,9
element_4685,2063,263.1378289,5.851624289,130.8232229,901.9004174,306.420205,22.32662978,0.003217248,0,2077.889922,0.357067867,24936.4,3.017882452,61.66181341,-47.55900892,63.87576584,6.650669575,29.3448658,24.68379784,9
element_4685,2064,263.427286,5.897666277,132.6773468,909.8365869,311.3927096,22.30988313,0.003865359,0,2077.889922,0.357067867,24936.4,3.017882452,61.66181341,-47.55900892,63.87576584,6.650669575,29.3448658,24.68379784,9
element_4685,2065,263.3979134,5.590272224,131.831303,826.0023086,311.7106772,22.2994768,0.003324904,0,2077.889922,0.357067867,24936.4,3.017882452,61.66181341,-47.55900892,63.87576584,6.650669575,29.3448658,24.68379784,9
element_4685,2066,263.3771659,5.724988397,132.5465731,835.4577897,331.797535,22.30396251,0.003572426,0,2077.889922,0.357067867,24936.4,3.017882452,61.66181341,-47.55900892,63.87576584,6.650669575,29.3448658,24.68379784,9
element_4685,2067,263.9064282,5.889320305,130.2272079,926.3496301,330.0889349,22.32239603,0.003837102,0,2077.889922,0.357067867,24936.4,3.017882452,61.66181341,-47.55900892,63.87576584,6.650669575,29.3448658,24.68379784,9
element_4685,2068,263.4224818,5.880119864,127.2612925,985.9982056,320.5724521,22.31980134,0.003642961,0,2077.889922,0.357067867,24936.4,3.017882452,61.66181341,-47.55900892,63.87576584,6.650669575,29.3448658,24.68379784,9
element_4685,2069,263.5712315,5.796996765,126.6684919,957.5689629,320.4055313,22.29842337,0.00354535,0,2077.889922,0.357067867,24936.4,3.017882452,61.66181341,-47.55900892,63.87576584,6.650669575,29.3448658,24.68379784,9
element_4685,2070,263.8850859,6.082251924,126.5508459,1042.826807,311.9959971,22.303737,0.003543742,0,2077.889922,0.357067867,24936.4,3.017882452,61.66181341,-47.55900892,63.87576584,6.650669575,29.3448658,24.68379784,9
element_4685,2071,263.635575,5.793862001,131.0578158,891.4106881,321.6341757,22.28419856,0.003935752,0,2077.889922,0.357067867,24936.4,3.017882452,61.66181341,-47.55900892,63.87576584,6.650669575,29.3448658,24.68379784,9
element_4685,2072,263.9074351,5.99640233,127.3295078,1028.301976,322.1058405,22.30005118,0.003599823,0,2077.889922,0.357067867,24936.4,3.017882452,61.66181341,-47.55900892,63.87576584,6.650669575,29.3448658,24.68379784,9
element_4685,2073,264.0886513,5.610802961,131.0571484,945.743941,342.1185064,22.31109543,0.003752471,0,2077.889922,0.357067867,24936.4,3.017882452,61.66181341,-47.55900892,63.87576584,6.650669575,29.3448658,24.68379784,9
element_4685,2074,263.5700544,5.783942529,129.3772047,902.352292,318.8659345,22.30089798,0.003247629,0,2077.889922,0.357067867,24936.4,3.017882452,61.66181341,-47.55900892,63.87576584,6.650669575,29.3448658,24.68379784,9
element_4685,2075,264.5259338,5.806902811,130.6065887,905.007075,331.4687486,22.29559736,0.003388157,0,2077.889922,0.357067867,24936.4,3.017882452,61.66181341,-47.55900892,63.87576584,6.650669575,29.3448658,24.68379784,9
element_4685,2076,263.7100338,5.646266708,130.9065316,893.8199176,321.2864864,22.2896432,0.003942952,0,2077.889922,0.357067867,24936.4,3.017882452,61.66181341,-47.55900892,63.87576584,6.650669575,29.3448658,24.68379784,9
element_4685,2077,264.4395764,5.834482413,128.1623954,992.4077661,338.7537317,22.29872263,0.00362767,0,2077.889922,0.357067867,24936.4,3.017882452,61.66181341,-47.55900892,63.87576584,6.650669575,29.3448658,24.68379784,9
element_4685,2078,264.673321,6.144387071,126.3189162,1023.440703,331.0516456,22.30155557,0.003427216,0,2077.889922,0.357067867,24936.4,3.017882452,61.66181341,-47.55900892,63.87576584,6.650669575,29.3448658,24.68379784,9
element_4685,2079,264.1489344,5.771316087,127.3705872,1036.066619,318.6076184,22.31806966,0.003633895,0,2077.889922,0.357067867,24936.4,3.017882452,61.66181341,-47.55900892,63.87576584,6.650669575,29.3448658,24.68379784,9
element_4685,2080,264.9743544,6.051412993,129.136229,977.7272609,337.3859024,22.29593887,0.003644081,0,2077.889922,0.357067867,24936.4,3.017882452,61.66181341,-47.55900892,63.87576584,6.650669575,29.3448658,24.68379784,9
element_4685,2081,264.6643206,5.91970387,129.2245109,981.891185,338.4420416,22.31544394,0.004243484,0.000780072,2077.889922,0.357067867,24936.4,3.017882452,61.66181341,-47.55900892,63.87576584,6.650669575,29.3448658,24.68379784,9
element_4685,2082,264.2189992,5.518098366,131.2618434,860.6032179,343.4680558,22.29568078,0.004277889,0.00082334,2077.889922,0.357067867,24936.4,3.017882452,61.66181341,-47.55900892,63.87576584,6.650669575,29.3448658,24.68379784,9
element_4685,2083,264.6189863,6.066980223,128.5020109,1038.362508,321.9493815,22.29808017,0.003535457,4.33E-05,2077.889922,0.357067867,24936.4,3.017882452,61.66181341,-47.55900892,63.87576584,6.650669575,29.3448658,24.68379784,9
element_4685,2084,264.8115243,5.798128813,124.8068206,1045.502037,340.7146898,22.32199375,0.003765356,0.001492285,2077.889922,0.357067867,24936.4,3.017882452,61.66181341,-47.55900892,63.87576584,6.650669575,29.3448658,24.68379784,9
element_4685,2085,264.6859361,5.694095758,129.9418777,946.9434076,343.124948,22.31633415,0.003947297,0.002984571,2077.889922,0.357067867,24936.4,3.017882452,61.66181341,-47.55900892,63.87576584,6.650669575,29.3448658,24.68379784,9
element_4685,2086,265.0308984,5.501346402,129.264953,949.6368042,344.8285045,22.28632612,0.004165936,0.000857269,2077.889922,0.357067867,24936.4,3.017882452,61.66181341,-47.55900892,63.87576584,6.650669575,29.3448658,24.68379784,9
element_4685,2087,264.4487179,5.724294571,128.7031462,902.9747563,338.941493,22.29976473,0.004723438,0.00082334,2077.889922,0.357067867,24936.4,3.017882452,61.66181341,-47.55900892,63.87576584,6.650669575,29.3448658,24.68379784,9
element_4685,2088,264.8986293,5.710706268,128.883885,993.0367409,348.5502185,22.31404069,0.004934782,0.000789411,2077.889922,0.357067867,24936.4,3.017882452,61.66181341,-47.55900892,63.87576584,6.650669575,29.3448658,24.68379784,9
element_4685,2089,264.7426663,5.949429952,126.2173252,1080.166827,333.143103,22.31319228,0.004082889,4.33E-05,2077.889922,0.357067867,24936.4,3.017882452,61.66181341,-47.55900892,63.87576584,6.650669575,29.3448658,24.68379784,9
element_4685,2090,264.2346805,5.607630083,128.3513967,977.74655,341.3454675,22.29884878,0.003614613,0.004476856,2077.889922,0.357067867,24936.4,3.017882452,61.66181341,-47.55900892,63.87576584,6.650669575,29.3448658,24.68379784,9
element_4685,2091,264.8777489,5.80385223,127.8873961,1078.532694,346.7650512,22.30313595,0.004126428,0.000866608,2077.889922,0.357067867,24936.4,3.017882452,61.66181341,-47.55900892,63.87576584,6.650669575,29.3448658,24.68379784,9
element_4685,2092,264.7502413,5.65881732,128.0214244,971.3071062,350.7531641,22.29276999,0.004448834,0.000789411,2077.889922,0.357067867,24936.4,3.017882452,61.66181341,-47.55900892,63.87576584,6.650669575,29.3448658,24.68379784,9
element_4685,2093,265.2281546,5.844851169,126.2765285,1089.835055,350.6591495,22.32262506,0.003999318,4.33E-05,2077.889922,0.357067867,24936.4,3.017882452,61.66181341,-47.55900892,63.87576584,6.650669575,29.3448658,24.68379784,9
element_4685,2094,264.8345479,5.70400202,128.8578045,1001.432542,351.7835668,22.32025757,0.003753206,4.33E-05,2077.889922,0.357067867,24936.4,3.017882452,61.66181341,-47.55900892,63.87576584,6.650669575,29.3448658,24.68379784,9
element_4685,2095,265.1362074,5.827269233,128.0901591,1048.03861,348.9746194,22.32009475,0.004018016,0.005222999,2077.889922,0.357067867,24936.4,3.017882452,61.66181341,-47.55900892,63.87576584,6.650669575,29.3448658,24.68379784,9
element_4685,2096,265.2416887,5.758639006,128.9541705,1019.033004,357.4016444,22.31872692,0.004026602,0.000789411,2077.889922,0.357067867,24936.4,3.017882452,61.66181341,-47.55900892,63.87576584,6.650669575,29.3448658,24.68379784,9
element_4685,2097,264.9540079,5.809515341,128.1435724,992.9722513,346.6531509,22.3133884,0.004214309,4.33E-05,2077.889922,0.357067867,24936.4,3.017882452,61.66181341,-47.55900892,63.87576584,6.650669575,29.3448658,24.68379784,9
element_4685,2098,265.7551318,5.863413794,125.4838867,1071.85572,368.4803983,22.32426239,0.005152664,4.33E-05,2077.889922,0.357067867,24936.4,3.017882452,61.66181341,-47.55900892,63.87576584,6.650669575,29.3448658,24.68379784,9
element_4685,2099,265.7950576,5.803187105,127.6405152,978.4591421,359.9041896,22.30603014,0.004885357,4.33E-05,2077.889922,0.357067867,24936.4,3.017882452,61.66181341,-47.55900892,63.87576584,6.650669575,29.3448658,24.68379784,9
element_4685,2100,265.1513304,5.721409168,126.0465194,990.4214912,350.4419303,22.31563537,0.004329826,4.33E-05,2077.889922,0.357067867,24936.4,3.017882452,61.66181341,-47.55900892,63.87576584,6.650669575,29.3448658,24.68379784,9
element_4687,2015,258.1928034,5.682010045,132.0217053,558.7384264,275.2777157,21.18188713,0.020374234,0,2087.786062,0.176800134,38334,3.873649656,46.7356476,-45.83678754,66.65530215,9.711612701,40.74080276,33.75069809,9
element_4687,2016,258.1302076,5.806129035,131.1568089,650.5665065,274.6596821,21.20604836,0.021772577,0,2087.786062,0.176800134,38334,3.873649656,46.7356476,-45.83678754,66.65530215,9.711612701,40.74080276,33.75069809,9
element_4687,2017,257.5463921,5.665243132,132.7205263,524.6475864,270.5634745,21.19562329,0.021968005,0,2087.786062,0.176800134,38334,3.873649656,46.7356476,-45.83678754,66.65530215,9.711612701,40.74080276,33.75069809,9
element_4687,2018,257.9994137,5.89435752,131.9796161,588.7239306,269.4526207,21.18673239,0.019751281,0,2087.786062,0.176800134,38334,3.873649656,46.7356476,-45.83678754,66.65530215,9.711612701,40.74080276,33.75069809,9
element_4687,2019,256.9453964,5.648515346,133.0663945,470.5577846,262.8877483,21.17956304,0.020844948,0,2087.786062,0.176800134,38334,3.873649656,46.7356476,-45.83678754,66.65530215,9.711612701,40.74080276,33.75069809,9
element_4687,2020,257.2328036,5.765079005,130.4677759,602.3864758,256.4722248,21.17859243,0.021429201,0,2087.786062,0.176800134,38334,3.873649656,46.7356476,-45.83678754,66.65530215,9.711612701,40.74080276,33.75069809,9
element_4687,2021,256.9735257,5.747389681,131.4513129,625.8058592,251.0433611,21.19233984,0.019100813,0,2087.786062,0.176800134,38334,3.873649656,46.7356476,-45.83678754,66.65530215,9.711612701,40.74080276,33.75069809,9
element_4687,2022,258.5906729,5.845320131,132.8029878,581.1179729,275.6229723,21.19515387,0.020953549,0,2087.786062,0.176800134,38334,3.873649656,46.7356476,-45.83678754,66.65530215,9.711612701,40.74080276,33.75069809,9
element_4687,2023,258.0127261,5.817384313,129.7600063,623.0772504,257.066435,21.20029293,0.021974589,0,2087.786062,0.176800134,38334,3.873649656,46.7356476,-45.83678754,66.65530215,9.711612701,40.74080276,33.75069809,9
element_4687,2024,258.5115875,5.71131543,132.3918129,563.0872602,279.5090252,21.18842349,0.02324106,0,2087.786062,0.176800134,38334,3.873649656,46.7356476,-45.83678754,66.65530215,9.711612701,40.74080276,33.75069809,9
element_4687,2025,259.0435963,5.928769786,130.5776994,698.0821483,269.1745447,21.18723235,0.021630895,0,2087.786062,0.176800134,38334,3.873649656,46.7356476,-45.83678754,66.65530215,9.711612701,40.74080276,33.75069809,9
element_4687,2026,258.4039336,5.819572287,129.6650898,594.448479,268.7764643,21.18329467,0.022275533,0,2087.786062,0.176800134,38334,3.873649656,46.7356476,-45.83678754,66.65530215,9.711612701,40.74080276,33.75069809,9
element_4687,2027,258.7233227,6.023805522,129.9778963,661.9882233,270.5772854,21.17621813,0.022729466,0,2087.786062,0.176800134,38334,3.873649656,46.7356476,-45.83678754,66.65530215,9.711612701,40.74080276,33.75069809,9
element_4687,2028,259.0358324,5.696916774,130.3673612,614.6176806,276.0843564,21.17983194,0.022911935,0,2087.786062,0.176800134,38334,3.873649656,46.7356476,-45.83678754,66.65530215,9.711612701,40.74080276,33.75069809,9
element_4687,2029,258.9298925,5.923510762,128.5491801,627.0575642,285.2794262,21.18007127,0.021203267,0,2087.786062,0.176800134,38334,3.873649656,46.7356476,-45.83678754,66.65530215,9.711612701,40.74080276,33.75069809,9
element_4687,2030,258.1978531,5.699249922,130.6308719,584.9039483,270.3759109,21.17976267,0.021057633,0,2087.786062,0.176800134,38334,3.873649656,46.7356476,-45.83678754,66.65530215,9.711612701,40.74080276,33.75069809,9
element_4687,2031,258.8084386,5.884105054,128.3747923,657.0176436,271.5295639,21.17488799,0.022455934,0,2087.786062,0.176800134,38334,3.873649656,46.7356476,-45.83678754,66.65530215,9.711612701,40.74080276,33.75069809,9
element_4687,2032,258.5791843,5.878332153,132.6273328,605.6524765,271.4104923,21.18124161,0.021375961,0,2087.786062,0.176800134,38334,3.873649656,46.7356476,-45.83678754,66.65530215,9.711612701,40.74080276,33.75069809,9
element_4687,2033,258.9654619,5.914375957,130.6933241,670.6342629,280.576991,21.18882433,0.020871468,0,2087.786062,0.176800134,38334,3.873649656,46.7356476,-45.83678754,66.65530215,9.711612701,40.74080276,33.75069809,9
element_4687,2034,259.0800165,5.87201516,130.2084523,653.342266,270.5271877,21.18711275,0.023731967,0,2087.786062,0.176800134,38334,3.873649656,46.7356476,-45.83678754,66.65530215,9.711612701,40.74080276,33.75069809,9
element_4687,2035,259.1991165,5.851719364,131.858425,620.9242492,288.2716477,21.17468205,0.02266958,0,2087.786062,0.176800134,38334,3.873649656,46.7356476,-45.83678754,66.65530215,9.711612701,40.74080276,33.75069809,9
element_4687,2036,258.6966242,5.773923647,129.689892,632.2574126,277.8475319,21.18130537,0.021685551,0,2087.786062,0.176800134,38334,3.873649656,46.7356476,-45.83678754,66.65530215,9.711612701,40.74080276,33.75069809,9
element_4687,2037,258.3115564,5.828970176,130.4893884,650.9432527,268.0459942,21.17568492,0.020069201,0,2087.786062,0.176800134,38334,3.873649656,46.7356476,-45.83678754,66.65530215,9.711612701,40.74080276,33.75069809,9
element_4687,2038,258.7613522,5.738629405,129.0958571,593.4423043,268.6957642,21.17602205,0.021503159,0,2087.786062,0.176800134,38334,3.873649656,46.7356476,-45.83678754,66.65530215,9.711612701,40.74080276,33.75069809,9
element_4687,2039,258.9518242,5.747904147,129.4911164,609.3181595,280.2466016,21.18068551,0.022800354,0,2087.786062,0.176800134,38334,3.873649656,46.7356476,-45.83678754,66.65530215,9.711612701,40.74080276,33.75069809,9
element_4687,2040,257.9249027,5.744634574,129.5358406,629.6233349,257.9179843,21.17388985,0.018575308,0,2087.786062,0.176800134,38334,3.873649656,46.7356476,-45.83678754,66.65530215,9.711612701,40.74080276,33.75069809,9
element_4687,2041,258.6616023,5.819666713,127.9459361,614.0751342,262.188499,21.18722881,0.021603395,0,2087.786062,0.176800134,38334,3.873649656,46.7356476,-45.83678754,66.65530215,9.711612701,40.74080276,33.75069809,9
element_4687,2042,259.2783871,5.841414849,129.2826292,671.0274267,266.2268778,21.18454131,0.023385639,0,2087.786062,0.176800134,38334,3.873649656,46.7356476,-45.83678754,66.65530215,9.711612701,40.74080276,33.75069809,9
element_4687,2043,259.0499991,5.75415638,129.0836515,636.5301537,275.2086636,21.18263014,0.022565612,0,2087.786062,0.176800134,38334,3.873649656,46.7356476,-45.83678754,66.65530215,9.711612701,40.74080276,33.75069809,9
element_4687,2044,259.2337341,5.827306751,128.849724,648.9579539,268.8886663,21.18914541,0.022208412,0,2087.786062,0.176800134,38334,3.873649656,46.7356476,-45.83678754,66.65530215,9.711612701,40.74080276,33.75069809,9
element_4687,2045,260.0037184,5.918053507,129.338317,644.5208095,275.5869488,21.18628784,0.023424945,0,2087.786062,0.176800134,38334,3.873649656,46.7356476,-45.83678754,66.65530215,9.711612701,40.74080276,33.75069809,9
element_4687,2046,259.4772767,5.696653181,128.4439608,716.9001317,274.2856907,21.17875915,0.023950554,0,2087.786062,0.176800134,38334,3.873649656,46.7356476,-45.83678754,66.65530215,9.711612701,40.74080276,33.75069809,9
element_4687,2047,259.6679195,5.795683536,128.4971319,614.6145109,285.1702534,21.18194974,0.022689676,0,2087.786062,0.176800134,38334,3.873649656,46.7356476,-45.83678754,66.65530215,9.711612701,40.74080276,33.75069809,9
element_4687,2048,259.4593397,5.773310418,129.1402756,713.2041102,288.5987315,21.19438462,0.022935902,0,2087.786062,0.176800134,38334,3.873649656,46.7356476,-45.83678754,66.65530215,9.711612701,40.74080276,33.75069809,9
element_4687,2049,259.7582941,5.789746826,129.62938,688.6997187,277.4245843,21.18905057,0.021838039,0,2087.786062,0.176800134,38334,3.873649656,46.7356476,-45.83678754,66.65530215,9.711612701,40.74080276,33.75069809,9
element_4687,2050,260.2000152,5.906359615,129.2718704,663.4105889,293.8841121,21.18462231,0.024089205,0,2087.786062,0.176800134,38334,3.873649656,46.7356476,-45.83678754,66.65530215,9.711612701,40.74080276,33.75069809,9
element_4687,2051,259.6188002,5.730254468,127.0897112,702.0616471,286.1779348,21.17483926,0.022719014,0,2087.786062,0.176800134,38334,3.873649656,46.7356476,-45.83678754,66.65530215,9.711612701,40.74080276,33.75069809,9
element_4687,2052,259.8833974,5.840004173,127.6342238,711.9866317,280.6279196,21.17812895,0.022951302,0,2087.786062,0.176800134,38334,3.873649656,46.7356476,-45.83678754,66.65530215,9.711612701,40.74080276,33.75069809,9
element_4687,2053,259.7002892,5.857329498,129.0591133,645.8309928,287.7124146,21.19266856,0.022527206,0,2087.786062,0.176800134,38334,3.873649656,46.7356476,-45.83678754,66.65530215,9.711612701,40.74080276,33.75069809,9
element_4687,2054,259.6756266,5.941960554,129.6119985,652.6881042,286.0403725,21.18771969,0.022482325,0,2087.786062,0.176800134,38334,3.873649656,46.7356476,-45.83678754,66.65530215,9.711612701,40.74080276,33.75069809,9
element_4687,2055,259.3307992,5.609141095,128.1399878,663.0486258,289.5822673,21.19578486,0.022794402,0,2087.786062,0.176800134,38334,3.873649656,46.7356476,-45.83678754,66.65530215,9.711612701,40.74080276,33.75069809,9
element_4687,2056,260.0111238,5.855745253,128.9672099,666.6903304,283.0572622,21.17783692,0.023918332,0,2087.786062,0.176800134,38334,3.873649656,46.7356476,-45.83678754,66.65530215,9.711612701,40.74080276,33.75069809,9
element_4687,2057,260.1290843,5.745980662,128.2504338,611.0392515,282.7855884,21.18311859,0.02479659,0,2087.786062,0.176800134,38334,3.873649656,46.7356476,-45.83678754,66.65530215,9.711612701,40.74080276,33.75069809,9
element_4687,2058,259.9094795,5.66494336,128.8539562,631.0134181,295.6535219,21.18739978,0.023362411,0,2087.786062,0.176800134,38334,3.873649656,46.7356476,-45.83678754,66.65530215,9.711612701,40.74080276,33.75069809,9
element_4687,2059,260.2007226,5.531510606,126.6347099,636.612751,296.6710587,21.20749231,0.025394725,0,2087.786062,0.176800134,38334,3.873649656,46.7356476,-45.83678754,66.65530215,9.711612701,40.74080276,33.75069809,9
element_4687,2060,259.7092519,5.853169789,127.6222575,716.7255444,289.831904,21.1939527,0.024364848,0,2087.786062,0.176800134,38334,3.873649656,46.7356476,-45.83678754,66.65530215,9.711612701,40.74080276,33.75069809,9
element_4687,2061,260.3584763,5.806041917,126.260007,680.1407024,289.6697675,21.19758478,0.024186829,0,2087.786062,0.176800134,38334,3.873649656,46.7356476,-45.83678754,66.65530215,9.711612701,40.74080276,33.75069809,9
element_4687,2062,260.6769629,5.814229526,127.0424575,711.4925082,298.8532485,21.20517659,0.026070088,0,2087.786062,0.176800134,38334,3.873649656,46.7356476,-45.83678754,66.65530215,9.711612701,40.74080276,33.75069809,9
element_4687,2063,260.4718723,5.813920647,126.6989989,715.8789883,287.1260039,21.21467087,0.02399583,0,2087.786062,0.176800134,38334,3.873649656,46.7356476,-45.83678754,66.65530215,9.711612701,40.74080276,33.75069809,9
element_4687,2064,260.7272616,5.727762514,129.2699006,700.2400993,292.0336685,21.19960475,0.025799983,0,2087.786062,0.176800134,38334,3.873649656,46.7356476,-45.83678754,66.65530215,9.711612701,40.74080276,33.75069809,9
element_4687,2065,260.8507594,5.635306889,128.004178,645.5914897,296.7086333,21.19518138,0.023439635,0,2087.786062,0.176800134,38334,3.873649656,46.7356476,-45.83678754,66.65530215,9.711612701,40.74080276,33.75069809,9
element_4687,2066,260.7330352,5.660376316,128.9768745,635.9402307,313.6431483,21.18692713,0.023358943,0,2087.786062,0.176800134,38334,3.873649656,46.7356476,-45.83678754,66.65530215,9.711612701,40.74080276,33.75069809,9
element_4687,2067,261.1699052,5.778062176,126.8390378,702.7018838,304.7338872,21.20863438,0.024523345,0,2087.786062,0.176800134,38334,3.873649656,46.7356476,-45.83678754,66.65530215,9.711612701,40.74080276,33.75069809,9
element_4687,2068,260.5526277,5.776756047,124.783636,714.780773,297.8469963,21.1914745,0.024689053,0,2087.786062,0.176800134,38334,3.873649656,46.7356476,-45.83678754,66.65530215,9.711612701,40.74080276,33.75069809,9
element_4687,2069,260.9039183,5.784025115,123.7613302,754.212536,300.3288484,21.18256005,0.024703461,0,2087.786062,0.176800134,38334,3.873649656,46.7356476,-45.83678754,66.65530215,9.711612701,40.74080276,33.75069809,9
element_4687,2070,261.3556834,6.009698433,122.0752587,836.9963406,292.5860224,21.18490364,0.023983747,0,2087.786062,0.176800134,38334,3.873649656,46.7356476,-45.83678754,66.65530215,9.711612701,40.74080276,33.75069809,9
element_4687,2071,261.0210389,5.834244891,127.6334994,680.5028312,301.214732,21.17048395,0.026188358,0,2087.786062,0.176800134,38334,3.873649656,46.7356476,-45.83678754,66.65530215,9.711612701,40.74080276,33.75069809,9
element_4687,2072,261.19523,5.957931261,124.4551945,774.7801484,301.527811,21.18337945,0.024454408,0,2087.786062,0.176800134,38334,3.873649656,46.7356476,-45.83678754,66.65530215,9.711612701,40.74080276,33.75069809,9
element_4687,2073,261.3008321,5.691333157,127.4908812,715.6991158,315.3992758,21.19076715,0.024865295,0,2087.786062,0.176800134,38334,3.873649656,46.7356476,-45.83678754,66.65530215,9.711612701,40.74080276,33.75069809,9
element_4687,2074,261.0197741,5.708329691,124.4603388,717.6811635,297.7798931,21.17964058,0.023826136,0,2087.786062,0.176800134,38334,3.873649656,46.7356476,-45.83678754,66.65530215,9.711612701,40.74080276,33.75069809,9
element_4687,2075,261.8865573,5.794655056,126.2643462,727.800016,307.5940921,21.17438986,0.024711719,0,2087.786062,0.176800134,38334,3.873649656,46.7356476,-45.83678754,66.65530215,9.711612701,40.74080276,33.75069809,9
element_4687,2076,261.2630993,5.625166355,126.0514904,705.8066809,303.0899268,21.16203835,0.026043363,0,2087.786062,0.176800134,38334,3.873649656,46.7356476,-45.83678754,66.65530215,9.711612701,40.74080276,33.75069809,9
element_4687,2077,261.7809759,5.751756968,125.6181767,747.8087991,318.8195604,21.1727923,0.024264566,0,2087.786062,0.176800134,38334,3.873649656,46.7356476,-45.83678754,66.65530215,9.711612701,40.74080276,33.75069809,9
element_4687,2078,262.0939433,6.063186047,124.3737906,751.9989018,315.9815554,21.18375188,0.025431158,0,2087.786062,0.176800134,38334,3.873649656,46.7356476,-45.83678754,66.65530215,9.711612701,40.74080276,33.75069809,9
element_4687,2079,261.4279486,5.783559807,124.5051286,775.8945211,300.7834283,21.19236196,0.025877166,0,2087.786062,0.176800134,38334,3.873649656,46.7356476,-45.83678754,66.65530215,9.711612701,40.74080276,33.75069809,9
element_4687,2080,262.409999,5.95364546,124.8250837,782.132305,315.5092068,21.17406103,0.024888176,0,2087.786062,0.176800134,38334,3.873649656,46.7356476,-45.83678754,66.65530215,9.711612701,40.74080276,33.75069809,9
element_4687,2081,262.0819438,5.96183641,125.44467,770.3360472,318.9093805,21.1892003,0.027076339,5.58E-10,2087.786062,0.176800134,38334,3.873649656,46.7356476,-45.83678754,66.65530215,9.711612701,40.74080276,33.75069809,9
element_4687,2082,261.4165517,5.44144001,128.3850342,661.3867128,322.5342322,21.16647897,0.027503019,0.000229905,2087.786062,0.176800134,38334,3.873649656,46.7356476,-45.83678754,66.65530215,9.711612701,40.74080276,33.75069809,9
element_4687,2083,261.9726643,6.057615306,124.9107697,802.4206074,307.5359351,21.18002073,0.0252135,0.000229905,2087.786062,0.176800134,38334,3.873649656,46.7356476,-45.83678754,66.65530215,9.711612701,40.74080276,33.75069809,9
element_4687,2084,262.228684,5.844263121,122.0695397,833.8514327,312.6253782,21.19333087,0.025614083,0,2087.786062,0.176800134,38334,3.873649656,46.7356476,-45.83678754,66.65530215,9.711612701,40.74080276,33.75069809,9
element_4687,2085,262.1534382,5.635066332,126.6116586,729.576531,319.1722336,21.2017082,0.026016831,0,2087.786062,0.176800134,38334,3.873649656,46.7356476,-45.83678754,66.65530215,9.711612701,40.74080276,33.75069809,9
element_4687,2086,262.2967121,5.560492464,125.6068505,780.3681172,319.3417421,21.17394866,0.024851359,0.000229906,2087.786062,0.176800134,38334,3.873649656,46.7356476,-45.83678754,66.65530215,9.711612701,40.74080276,33.75069809,9
element_4687,2087,261.7761218,5.651838416,125.6496961,716.262085,317.5743763,21.18130613,0.02682402,0.000229905,2087.786062,0.176800134,38334,3.873649656,46.7356476,-45.83678754,66.65530215,9.711612701,40.74080276,33.75069809,9
element_4687,2088,262.2650409,5.76788259,124.7787636,768.0997869,326.5925521,21.19347396,0.027756723,0.000229905,2087.786062,0.176800134,38334,3.873649656,46.7356476,-45.83678754,66.65530215,9.711612701,40.74080276,33.75069809,9
element_4687,2089,262.0763316,5.833820302,124.468606,804.3079265,311.3504422,21.17914887,0.027564538,0.000229905,2087.786062,0.176800134,38334,3.873649656,46.7356476,-45.83678754,66.65530215,9.711612701,40.74080276,33.75069809,9
element_4687,2090,261.4379278,5.581579995,125.8906321,760.5540551,317.8065761,21.18156065,0.024836246,0,2087.786062,0.176800134,38334,3.873649656,46.7356476,-45.83678754,66.65530215,9.711612701,40.74080276,33.75069809,9
element_4687,2091,262.1051707,5.762688091,124.6742932,810.4353397,323.2724022,21.18404401,0.026247151,0.00045981,2087.786062,0.176800134,38334,3.873649656,46.7356476,-45.83678754,66.65530215,9.711612701,40.74080276,33.75069809,9
element_4687,2092,262.2093631,5.621075465,123.8613141,761.1448703,332.6163363,21.17317813,0.025912249,0.000229905,2087.786062,0.176800134,38334,3.873649656,46.7356476,-45.83678754,66.65530215,9.711612701,40.74080276,33.75069809,9
element_4687,2093,262.7461503,5.822504811,123.7196184,813.6078979,333.5231103,21.19820347,0.025899414,0.000393865,2087.786062,0.176800134,38334,3.873649656,46.7356476,-45.83678754,66.65530215,9.711612701,40.74080276,33.75069809,9
element_4687,2094,262.0519325,5.745406654,125.1229047,803.2590774,331.8900786,21.19438956,0.024683579,0.000393865,2087.786062,0.176800134,38334,3.873649656,46.7356476,-45.83678754,66.65530215,9.711612701,40.74080276,33.75069809,9
element_4687,2095,262.4767996,5.814888101,124.946737,832.1174979,326.7714723,21.19449017,0.026928712,0,2087.786062,0.176800134,38334,3.873649656,46.7356476,-45.83678754,66.65530215,9.711612701,40.74080276,33.75069809,9
element_4687,2096,262.5160097,5.796487231,124.8902561,813.0720474,333.7601973,21.19538461,0.027466486,0.000229905,2087.786062,0.176800134,38334,3.873649656,46.7356476,-45.83678754,66.65530215,9.711612701,40.74080276,33.75069809,9
element_4687,2097,262.243619,5.776999485,124.0175074,813.4731382,319.3363279,21.18652109,0.027077288,0.000420508,2087.786062,0.176800134,38334,3.873649656,46.7356476,-45.83678754,66.65530215,9.711612701,40.74080276,33.75069809,9
element_4687,2098,263.2256336,5.857460304,121.3148218,879.4019823,342.7974164,21.20517172,0.02851474,0.000393865,2087.786062,0.176800134,38334,3.873649656,46.7356476,-45.83678754,66.65530215,9.711612701,40.74080276,33.75069809,9
element_4687,2099,263.3632025,5.74276067,124.5222982,761.9974087,342.0987282,21.17380407,0.029259513,0.000420508,2087.786062,0.176800134,38334,3.873649656,46.7356476,-45.83678754,66.65530215,9.711612701,40.74080276,33.75069809,9
element_4687,2100,262.6606129,5.695338124,122.8254112,765.6300561,330.3447591,21.18547309,0.027542802,0.000393865,2087.786062,0.176800134,38334,3.873649656,46.7356476,-45.83678754,66.65530215,9.711612701,40.74080276,33.75069809,9
element_4691,2015,257.6940534,5.911151472,128.8492258,487.2134924,286.5930273,22.20409734,0.010690004,0,1496.531431,0.428523754,12681.7,2.251565749,34.54228747,-47.79074976,69.26051413,0,0,0,9
element_4691,2016,257.8081139,5.995271843,128.7662655,503.3196144,287.3756034,22.22433477,0.011414199,0,1496.531431,0.428523754,12681.7,2.251565749,34.54228747,-47.79074976,69.26051413,0,0,0,9
element_4691,2017,257.1971262,5.868077163,129.0549016,456.6674823,286.3135788,22.21474416,0.011587315,0,1496.531431,0.428523754,12681.7,2.251565749,34.54228747,-47.79074976,69.26051413,0,0,0,9
element_4691,2018,257.6540287,6.071838265,128.7813435,473.117702,284.5900399,22.20051967,0.010459418,0,1496.531431,0.428523754,12681.7,2.251565749,34.54228747,-47.79074976,69.26051413,0,0,0,9
element_4691,2019,256.5855236,5.819643995,130.0267229,394.7530873,282.3473743,22.19511907,0.011197588,0,1496.531431,0.428523754,12681.7,2.251565749,34.54228747,-47.79074976,69.26051413,0,0,0,9
element_4691,2020,256.7115742,5.875623982,128.3823605,484.5487132,269.1262313,22.19444951,0.011091214,0,1496.531431,0.428523754,12681.7,2.251565749,34.54228747,-47.79074976,69.26051413,0,0,0,9
element_4691,2021,256.3987241,5.880133187,127.57445,526.6691323,260.5898257,22.19638122,0.010624093,0,1496.531431,0.428523754,12681.7,2.251565749,34.54228747,-47.79074976,69.26051413,0,0,0,9
element_4691,2022,258.1842077,5.984800366,129.9207677,459.2414605,287.9987932,22.1950188,0.01132802,0,1496.531431,0.428523754,12681.7,2.251565749,34.54228747,-47.79074976,69.26051413,0,0,0,9
element_4691,2023,257.6847312,5.950436087,127.1159859,504.851439,271.9492185,22.20816376,0.011892918,0,1496.531431,0.428523754,12681.7,2.251565749,34.54228747,-47.79074976,69.26051413,0,0,0,9
element_4691,2024,258.1143307,5.973108564,129.062132,449.2477166,295.9447745,22.19756674,0.01211726,0,1496.531431,0.428523754,12681.7,2.251565749,34.54228747,-47.79074976,69.26051413,0,0,0,9
element_4691,2025,258.5775523,5.991140174,127.3090067,574.567624,282.8387152,22.20048604,0.011896144,0,1496.531431,0.428523754,12681.7,2.251565749,34.54228747,-47.79074976,69.26051413,0,0,0,9
element_4691,2026,257.8703416,5.953701613,126.9720693,490.8219472,278.6165586,22.19407445,0.012091513,0,1496.531431,0.428523754,12681.7,2.251565749,34.54228747,-47.79074976,69.26051413,0,0,0,9
element_4691,2027,258.3126231,6.152378718,126.6542311,559.8530303,283.8789619,22.18795292,0.01193978,0,1496.531431,0.428523754,12681.7,2.251565749,34.54228747,-47.79074976,69.26051413,0,0,0,9
element_4691,2028,258.6550744,5.891576095,125.8497808,537.9634756,286.2402451,22.19697932,0.011818944,0,1496.531431,0.428523754,12681.7,2.251565749,34.54228747,-47.79074976,69.26051413,0,0,0,9
element_4691,2029,258.4151919,6.142669326,125.7205521,553.1098933,298.7870503,22.20234563,0.011475431,0,1496.531431,0.428523754,12681.7,2.251565749,34.54228747,-47.79074976,69.26051413,0,0,0,9
element_4691,2030,257.8462924,5.823547055,127.3907595,450.2433867,285.3941201,22.21404432,0.011841098,0,1496.531431,0.428523754,12681.7,2.251565749,34.54228747,-47.79074976,69.26051413,0,0,0,9
element_4691,2031,258.2716445,5.978718811,126.0270862,518.0017329,283.2295039,22.19286746,0.012532666,0,1496.531431,0.428523754,12681.7,2.251565749,34.54228747,-47.79074976,69.26051413,0,0,0,9
element_4691,2032,258.2443316,5.989253626,129.3920958,489.8143431,288.9854293,22.19969942,0.011324611,0,1496.531431,0.428523754,12681.7,2.251565749,34.54228747,-47.79074976,69.26051413,0,0,0,9
element_4691,2033,258.4921494,6.120843231,127.6880869,579.1338649,295.0916098,22.19743391,0.010494362,0,1496.531431,0.428523754,12681.7,2.251565749,34.54228747,-47.79074976,69.26051413,0,0,0,9
element_4691,2034,258.6850025,6.151703022,126.6474392,553.1070088,282.5484317,22.1970524,0.011877319,0,1496.531431,0.428523754,12681.7,2.251565749,34.54228747,-47.79074976,69.26051413,0,0,0,9
element_4691,2035,258.7627539,6.030995773,129.3589777,511.9673795,306.376999,22.1896259,0.012244241,0,1496.531431,0.428523754,12681.7,2.251565749,34.54228747,-47.79074976,69.26051413,0,0,0,9
element_4691,2036,258.269375,5.907402955,126.609295,521.9982298,289.8483485,22.20199269,0.011717235,0,1496.531431,0.428523754,12681.7,2.251565749,34.54228747,-47.79074976,69.26051413,0,0,0,9
element_4691,2037,257.8579367,5.949774741,127.2779823,530.9632382,278.8661981,22.19153201,0.010410985,0,1496.531431,0.428523754,12681.7,2.251565749,34.54228747,-47.79074976,69.26051413,0,0,0,9
element_4691,2038,258.3686458,5.965013032,125.6208609,466.615706,280.2182006,22.18965093,0.011717316,0,1496.531431,0.428523754,12681.7,2.251565749,34.54228747,-47.79074976,69.26051413,0,0,0,9
element_4691,2039,258.6511507,5.997297421,125.4763251,493.9561662,296.7132726,22.19929628,0.012332238,0,1496.531431,0.428523754,12681.7,2.251565749,34.54228747,-47.79074976,69.26051413,0,0,0,9
element_4691,2040,257.563353,5.801173036,127.2710424,454.0069096,275.0854877,22.19047015,0.010484626,0,1496.531431,0.428523754,12681.7,2.251565749,34.54228747,-47.79074976,69.26051413,0,0,0,9
element_4691,2041,258.1833305,5.96099076,126.1630747,481.6940121,278.8734164,22.20025644,0.011083896,0,1496.531431,0.428523754,12681.7,2.251565749,34.54228747,-47.79074976,69.26051413,0,0,0,9
element_4691,2042,258.8647,5.945840738,126.5127249,561.3311173,280.7970452,22.20154681,0.011906562,0,1496.531431,0.428523754,12681.7,2.251565749,34.54228747,-47.79074976,69.26051413,0,0,0,9
element_4691,2043,258.616378,5.942269437,125.9836333,506.7742007,288.4121768,22.18958398,0.011787875,0,1496.531431,0.428523754,12681.7,2.251565749,34.54228747,-47.79074976,69.26051413,0,0,0,9
element_4691,2044,258.7357531,6.086713555,125.899521,552.6062832,280.5844181,22.2090016,0.011607205,0,1496.531431,0.428523754,12681.7,2.251565749,34.54228747,-47.79074976,69.26051413,0,0,0,9
element_4691,2045,259.7462283,6.079631519,126.0449605,459.0999317,292.5139917,22.20775533,0.012480826,0,1496.531431,0.428523754,12681.7,2.251565749,34.54228747,-47.79074976,69.26051413,0,0,0,9
element_4691,2046,259.1517296,5.931967207,125.3110886,613.7305417,288.2463886,22.19308252,0.013005213,0,1496.531431,0.428523754,12681.7,2.251565749,34.54228747,-47.79074976,69.26051413,0,0,0,9
element_4691,2047,259.4694532,5.986927151,124.0922448,531.2852053,302.1605322,22.20099385,0.011962929,0,1496.531431,0.428523754,12681.7,2.251565749,34.54228747,-47.79074976,69.26051413,0,0,0,9
element_4691,2048,259.0390995,5.917908954,125.4581787,621.489933,302.6817187,22.20689621,0.011828054,0,1496.531431,0.428523754,12681.7,2.251565749,34.54228747,-47.79074976,69.26051413,0,0,0,9
element_4691,2049,259.4170007,6.01922041,127.4781779,544.2871949,288.9989928,22.20521652,0.010459337,0,1496.531431,0.428523754,12681.7,2.251565749,34.54228747,-47.79074976,69.26051413,0,0,0,9
element_4691,2050,259.9666182,6.077363502,126.1753785,539.8282003,315.4967564,22.20432252,0.012582954,0,1496.531431,0.428523754,12681.7,2.251565749,34.54228747,-47.79074976,69.26051413,0,0,0,9
element_4691,2051,259.2472966,5.880144153,124.2480294,581.2288635,301.0758941,22.20337694,0.011934781,0,1496.531431,0.428523754,12681.7,2.251565749,34.54228747,-47.79074976,69.26051413,0,0,0,9
element_4691,2052,259.4995108,5.919780171,125.305634,564.4411273,297.7194012,22.19866027,0.012329705,0,1496.531431,0.428523754,12681.7,2.251565749,34.54228747,-47.79074976,69.26051413,0,0,0,9
element_4691,2053,259.3066501,5.91391004,125.4018438,562.3826403,302.3221912,22.21460854,0.012273874,0,1496.531431,0.428523754,12681.7,2.251565749,34.54228747,-47.79074976,69.26051413,0,0,0,9
element_4691,2054,259.3720124,6.106410969,126.0833838,583.827961,298.7004287,22.20498974,0.011938894,0,1496.531431,0.428523754,12681.7,2.251565749,34.54228747,-47.79074976,69.26051413,0,0,0,9
element_4691,2055,258.9933439,5.777183573,124.6294429,547.7542204,304.8105598,22.23298145,0.011885934,0,1496.531431,0.428523754,12681.7,2.251565749,34.54228747,-47.79074976,69.26051413,0,0,0,9
element_4691,2056,259.7405534,5.993198742,125.1917353,570.5512621,297.9260498,22.19728576,0.012658289,0,1496.531431,0.428523754,12681.7,2.251565749,34.54228747,-47.79074976,69.26051413,0,0,0,9
element_4691,2057,259.8404604,5.96650171,126.0128625,470.423794,298.3100523,22.21038933,0.013145651,0,1496.531431,0.428523754,12681.7,2.251565749,34.54228747,-47.79074976,69.26051413,0,0,0,9
element_4691,2058,259.5648978,5.841296705,126.1637166,540.302974,310.2944187,22.20155076,0.012707202,0,1496.531431,0.428523754,12681.7,2.251565749,34.54228747,-47.79074976,69.26051413,0,0,0,9
element_4691,2059,259.8047658,5.730071842,122.5163378,581.0542869,301.8039853,22.23381985,0.013137989,0,1496.531431,0.428523754,12681.7,2.251565749,34.54228747,-47.79074976,69.26051413,0,0,0,9
element_4691,2060,259.4495234,5.921065107,124.6240872,587.0720218,306.2447256,22.22423679,0.013042007,0,1496.531431,0.428523754,12681.7,2.251565749,34.54228747,-47.79074976,69.26051413,0,0,0,9
element_4691,2061,259.9809649,5.892201696,124.6087359,561.4571512,304.9122553,22.22432203,0.013551678,0,1496.531431,0.428523754,12681.7,2.251565749,34.54228747,-47.79074976,69.26051413,0,0,0,9
element_4691,2062,260.2637033,5.985084455,124.6867431,555.6983253,314.5580591,22.23323905,0.013700721,0,1496.531431,0.428523754,12681.7,2.251565749,34.54228747,-47.79074976,69.26051413,0,0,0,9
element_4691,2063,260.2033511,5.978984787,122.5472943,627.9228746,300.1815203,22.24532185,0.01295485,0,1496.531431,0.428523754,12681.7,2.251565749,34.54228747,-47.79074976,69.26051413,0,0,0,9
element_4691,2064,260.2322424,5.761496185,126.0419081,632.1352577,302.2117931,22.23098759,0.013535628,0,1496.531431,0.428523754,12681.7,2.251565749,34.54228747,-47.79074976,69.26051413,0,0,0,9
element_4691,2065,260.460348,5.87053,124.5460867,546.902141,318.0134079,22.2273836,0.012541419,0,1496.531431,0.428523754,12681.7,2.251565749,34.54228747,-47.79074976,69.26051413,0,0,0,9
element_4691,2066,260.4633744,5.82306792,125.4624813,536.0499961,329.0475224,22.22010322,0.012229885,0,1496.531431,0.428523754,12681.7,2.251565749,34.54228747,-47.79074976,69.26051413,0,0,0,9
element_4691,2067,260.7941993,5.920247635,124.2328849,594.5367638,313.8660017,22.24577437,0.012250393,0,1496.531431,0.428523754,12681.7,2.251565749,34.54228747,-47.79074976,69.26051413,0,0,0,9
element_4691,2068,260.0212956,5.837794217,122.4865742,591.9037955,311.0357823,22.22765069,0.01273113,0,1496.531431,0.428523754,12681.7,2.251565749,34.54228747,-47.79074976,69.26051413,0,0,0,9
element_4691,2069,260.5141089,5.904651329,121.1085727,644.0947822,316.6244613,22.22106451,0.012439899,0,1496.531431,0.428523754,12681.7,2.251565749,34.54228747,-47.79074976,69.26051413,0,0,0,9
element_4691,2070,260.9022461,6.093380765,119.3083065,688.0606311,307.6008613,22.2326566,0.012626706,0,1496.531431,0.428523754,12681.7,2.251565749,34.54228747,-47.79074976,69.26051413,0,0,0,9
element_4691,2071,260.6911084,6.019844023,125.3070567,532.7447123,316.0590274,22.21010339,0.012508356,0,1496.531431,0.428523754,12681.7,2.251565749,34.54228747,-47.79074976,69.26051413,0,0,0,9
element_4691,2072,260.8868107,6.154652415,121.3235894,634.6344079,315.438499,22.2287774,0.013443876,0,1496.531431,0.428523754,12681.7,2.251565749,34.54228747,-47.79074976,69.26051413,0,0,0,9
element_4691,2073,260.8819393,5.928706132,123.7807772,596.1399418,325.8821458,22.2379766,0.012774281,0,1496.531431,0.428523754,12681.7,2.251565749,34.54228747,-47.79074976,69.26051413,0,0,0,9
element_4691,2074,260.6530133,5.803296663,121.5490482,578.5724822,311.7101338,22.22414768,0.013521787,0,1496.531431,0.428523754,12681.7,2.251565749,34.54228747,-47.79074976,69.26051413,0,0,0,9
element_4691,2075,261.3889523,5.97352776,122.551011,618.4507773,318.0264101,22.22811954,0.013777,0,1496.531431,0.428523754,12681.7,2.251565749,34.54228747,-47.79074976,69.26051413,0,0,0,9
element_4691,2076,261.0008285,5.785412044,123.1860087,564.8753258,319.4812149,22.20634996,0.013970902,0,1496.531431,0.428523754,12681.7,2.251565749,34.54228747,-47.79074976,69.26051413,0,0,0,9
element_4691,2077,261.302299,5.856118266,123.7108321,563.1479158,330.1972103,22.21866898,0.013017945,0,1496.531431,0.428523754,12681.7,2.251565749,34.54228747,-47.79074976,69.26051413,0,0,0,9
element_4691,2078,261.707638,6.140038278,122.5826262,583.8620245,335.649688,22.24254038,0.013650364,0,1496.531431,0.428523754,12681.7,2.251565749,34.54228747,-47.79074976,69.26051413,0,0,0,9
element_4691,2079,260.9559035,5.941596027,121.7762494,602.5178134,316.7042273,22.24257347,0.014330808,0,1496.531431,0.428523754,12681.7,2.251565749,34.54228747,-47.79074976,69.26051413,0,0,0,9
element_4691,2080,262.1658449,6.136833686,121.9261269,670.8912478,333.3286229,22.23136226,0.012518078,0,1496.531431,0.428523754,12681.7,2.251565749,34.54228747,-47.79074976,69.26051413,0,0,0,9
element_4691,2081,261.7661906,6.134415335,122.2138219,651.9195806,335.8000455,22.24111985,0.013842005,0,1496.531431,0.428523754,12681.7,2.251565749,34.54228747,-47.79074976,69.26051413,0,0,0,9
element_4691,2082,260.920425,5.713031447,123.6139449,571.6992743,329.3517079,22.21856279,0.014901676,0,1496.531431,0.428523754,12681.7,2.251565749,34.54228747,-47.79074976,69.26051413,0,0,0,9
element_4691,2083,261.5261519,6.296808538,122.145845,606.9308023,326.7093486,22.22258263,0.013754169,0,1496.531431,0.428523754,12681.7,2.251565749,34.54228747,-47.79074976,69.26051413,0,0,0,9
element_4691,2084,261.8231773,6.030040095,119.7377007,696.7660948,322.450569,22.23903092,0.014389231,0,1496.531431,0.428523754,12681.7,2.251565749,34.54228747,-47.79074976,69.26051413,0,0,0,9
element_4691,2085,261.7467615,5.866084625,124.3383399,569.5624062,327.8529164,22.25331844,0.013448534,0,1496.531431,0.428523754,12681.7,2.251565749,34.54228747,-47.79074976,69.26051413,0,0,0,9
element_4691,2086,261.773327,5.75942685,121.9291643,686.2965351,329.7352029,22.22233408,0.013816293,0,1496.531431,0.428523754,12681.7,2.251565749,34.54228747,-47.79074976,69.26051413,0,0,0,9
element_4691,2087,261.3246011,5.812807415,123.1405805,601.9875325,329.5969022,22.23036107,0.014826322,0,1496.531431,0.428523754,12681.7,2.251565749,34.54228747,-47.79074976,69.26051413,0,0,0,9
element_4691,2088,261.8617821,6.064155303,122.1830665,592.4619046,339.1032254,22.2451711,0.014884081,0,1496.531431,0.428523754,12681.7,2.251565749,34.54228747,-47.79074976,69.26051413,0,0,0,9
element_4691,2089,261.6431643,5.948633122,122.4454676,631.4161349,326.0858003,22.2311172,0.015722624,0,1496.531431,0.428523754,12681.7,2.251565749,34.54228747,-47.79074976,69.26051413,0,0,0,9
element_4691,2090,260.9944021,5.810244396,124.3818998,601.0517021,334.2432005,22.23288818,0.014425952,0,1496.531431,0.428523754,12681.7,2.251565749,34.54228747,-47.79074976,69.26051413,0,0,0,9
element_4691,2091,261.5384533,5.93115331,122.4050895,629.9100082,336.208747,22.23888868,0.015021441,0,1496.531431,0.428523754,12681.7,2.251565749,34.54228747,-47.79074976,69.26051413,0,0,0,9
element_4691,2092,261.6886788,5.852077842,121.2144424,593.0781535,346.7632039,22.22825704,0.014749732,0,1496.531431,0.428523754,12681.7,2.251565749,34.54228747,-47.79074976,69.26051413,0,0,0,9
element_4691,2093,262.3465651,5.970121971,122.6848393,631.4137119,348.7022422,22.24920822,0.014796091,0,1496.531431,0.428523754,12681.7,2.251565749,34.54228747,-47.79074976,69.26051413,0,0,0,9
element_4691,2094,261.5160287,5.974849808,121.333231,642.1155283,343.8386473,22.24246567,0.014527333,0,1496.531431,0.428523754,12681.7,2.251565749,34.54228747,-47.79074976,69.26051413,0,0,0,9
element_4691,2095,261.9739666,5.921877505,121.8631195,657.811862,341.596082,22.23969468,0.015088696,0,1496.531431,0.428523754,12681.7,2.251565749,34.54228747,-47.79074976,69.26051413,0,0,0,9
element_4691,2096,262.0000134,6.015830935,122.1354518,694.5064407,347.5572091,22.24089138,0.015615957,0,1496.531431,0.428523754,12681.7,2.251565749,34.54228747,-47.79074976,69.26051413,0,0,0,9
element_4691,2097,261.8082276,5.944869607,120.5761233,708.624575,331.6061574,22.2329905,0.014110543,0,1496.531431,0.428523754,12681.7,2.251565749,34.54228747,-47.79074976,69.26051413,0,0,0,9
element_4691,2098,262.7963733,5.994599617,118.6031248,716.9269545,354.721032,22.25227519,0.015740572,0,1496.531431,0.428523754,12681.7,2.251565749,34.54228747,-47.79074976,69.26051413,0,0,0,9
element_4691,2099,263.0497804,5.953687886,122.1491149,625.548367,360.6429224,22.23475467,0.015824439,0,1496.531431,0.428523754,12681.7,2.251565749,34.54228747,-47.79074976,69.26051413,0,0,0,9
element_4691,2100,262.3124753,5.858116626,120.1424772,685.8385896,340.1950782,22.23267668,0.015433594,0,1496.531431,0.428523754,12681.7,2.251565749,34.54228747,-47.79074976,69.26051413,0,0,0,9
element_4693,2015,254.6512495,6.005557851,133.4238331,436.8648472,222.2382439,21.96900341,7.33E-07,0,2081.134231,0.203943054,78013,3.049788606,40.64882843,-45.26455835,68.81646726,0,0,0,9
element_4693,2016,254.565486,6.057379464,132.9139005,477.0398112,222.8972248,21.9807687,8.36E-07,0,2081.134231,0.203943054,78013,3.049788606,40.64882843,-45.26455835,68.81646726,0,0,0,9
element_4693,2017,253.9103815,5.893320186,134.2134744,412.4898828,221.7346131,21.97563204,1.20E-06,0,2081.134231,0.203943054,78013,3.049788606,40.64882843,-45.26455835,68.81646726,0,0,0,9
element_4693,2018,254.5056796,6.194232474,133.1303288,438.1751718,220.901843,21.96903078,1.15E-06,0,2081.134231,0.203943054,78013,3.049788606,40.64882843,-45.26455835,68.81646726,0,0,0,9
element_4693,2019,253.3065216,5.870597785,134.0923166,363.2330295,214.6206545,21.96562472,1.10E-06,0,2081.134231,0.203943054,78013,3.049788606,40.64882843,-45.26455835,68.81646726,0,0,0,9
element_4693,2020,253.6791267,5.952418776,132.3619025,459.2198543,209.4015806,21.96535511,1.54E-06,0,2081.134231,0.203943054,78013,3.049788606,40.64882843,-45.26455835,68.81646726,0,0,0,9
element_4693,2021,253.2416432,5.923424668,132.3545557,476.5885955,202.1920243,21.9657572,9.07E-07,0,2081.134231,0.203943054,78013,3.049788606,40.64882843,-45.26455835,68.81646726,0,0,0,9
element_4693,2022,254.8457258,6.027049986,133.9983855,437.7169015,223.2201812,21.9661539,1.38E-06,0,2081.134231,0.203943054,78013,3.049788606,40.64882843,-45.26455835,68.81646726,0,0,0,9
element_4693,2023,254.4343146,5.963889571,131.7184199,459.0530102,210.6414244,21.97158285,1.18E-06,0,2081.134231,0.203943054,78013,3.049788606,40.64882843,-45.26455835,68.81646726,0,0,0,9
element_4693,2024,254.9557846,5.990377514,133.6015098,411.062979,230.1693933,21.96599072,1.36E-06,0,2081.134231,0.203943054,78013,3.049788606,40.64882843,-45.26455835,68.81646726,0,0,0,9
element_4693,2025,255.3615393,6.096443606,132.4282152,519.1072566,220.3859536,21.96847999,1.80E-06,0,2081.134231,0.203943054,78013,3.049788606,40.64882843,-45.26455835,68.81646726,0,0,0,9
element_4693,2026,254.7387648,6.048029034,131.462445,456.7424826,215.9077309,21.9658585,1.60E-06,0,2081.134231,0.203943054,78013,3.049788606,40.64882843,-45.26455835,68.81646726,0,0,0,9
element_4693,2027,255.1466454,6.146725196,131.043336,498.0248977,221.384831,21.96335766,1.08E-06,0,2081.134231,0.203943054,78013,3.049788606,40.64882843,-45.26455835,68.81646726,0,0,0,9
element_4693,2028,255.2695167,5.848632945,131.1534699,467.5736069,222.6241555,21.9655145,1.78E-06,0,2081.134231,0.203943054,78013,3.049788606,40.64882843,-45.26455835,68.81646726,0,0,0,9
element_4693,2029,255.151241,6.185966056,130.8468414,493.1216143,232.956849,21.9692912,1.38E-06,0,2081.134231,0.203943054,78013,3.049788606,40.64882843,-45.26455835,68.81646726,0,0,0,9
element_4693,2030,254.6323652,5.866688034,131.781609,423.168665,221.9395841,21.97339397,1.06E-06,0,2081.134231,0.203943054,78013,3.049788606,40.64882843,-45.26455835,68.81646726,0,0,0,9
element_4693,2031,254.982754,6.032618624,130.6452163,484.2236302,217.4039113,21.96455283,1.28E-06,0,2081.134231,0.203943054,78013,3.049788606,40.64882843,-45.26455835,68.81646726,0,0,0,9
element_4693,2032,255.0326928,6.07503106,133.4292508,468.298218,224.2174652,21.9683801,1.32E-06,0,2081.134231,0.203943054,78013,3.049788606,40.64882843,-45.26455835,68.81646726,0,0,0,9
element_4693,2033,255.3238389,6.195029697,132.2562297,514.4191501,227.6306223,21.96657981,1.17E-06,0,2081.134231,0.203943054,78013,3.049788606,40.64882843,-45.26455835,68.81646726,0,0,0,9
element_4693,2034,255.3821752,6.133740826,131.4578211,501.7266845,217.8311743,21.96785011,1.53E-06,0,2081.134231,0.203943054,78013,3.049788606,40.64882843,-45.26455835,68.81646726,0,0,0,9
element_4693,2035,255.4598987,6.054829252,133.8527421,456.5396437,238.3832292,21.96413237,1.44E-06,0,2081.134231,0.203943054,78013,3.049788606,40.64882843,-45.26455835,68.81646726,0,0,0,9
element_4693,2036,255.1099421,5.979099194,131.0958747,500.68628,226.7979321,21.96787096,1.02E-06,0,2081.134231,0.203943054,78013,3.049788606,40.64882843,-45.26455835,68.81646726,0,0,0,9
element_4693,2037,254.7299769,5.984616448,131.9145484,489.1611562,217.5943662,21.96428129,1.39E-06,0,2081.134231,0.203943054,78013,3.049788606,40.64882843,-45.26455835,68.81646726,0,0,0,9
element_4693,2038,255.3829305,6.088344301,130.3351021,447.5445651,217.0408601,21.96406161,1.30E-06,0,2081.134231,0.203943054,78013,3.049788606,40.64882843,-45.26455835,68.81646726,0,0,0,9
element_4693,2039,255.6073748,6.121282067,130.6506377,464.3343517,230.3852588,21.96889368,1.72E-06,0,2081.134231,0.203943054,78013,3.049788606,40.64882843,-45.26455835,68.81646726,0,0,0,9
element_4693,2040,254.4314245,5.880549003,131.2498972,456.1592536,213.3611835,21.9645182,1.59E-06,0,2081.134231,0.203943054,78013,3.049788606,40.64882843,-45.26455835,68.81646726,0,0,0,9
element_4693,2041,255.1815082,6.062231357,130.303519,447.3640981,216.7316219,21.96906349,2.05E-06,0,2081.134231,0.203943054,78013,3.049788606,40.64882843,-45.26455835,68.81646726,0,0,0,9
element_4693,2042,255.6925595,6.035851128,131.3969922,510.9222304,218.4144517,21.9682812,1.92E-06,0,2081.134231,0.203943054,78013,3.049788606,40.64882843,-45.26455835,68.81646726,0,0,0,9
element_4693,2043,255.4595242,6.054551902,131.4560819,462.8910452,225.9955627,21.9637127,2.72E-06,0,2081.134231,0.203943054,78013,3.049788606,40.64882843,-45.26455835,68.81646726,0,0,0,9
element_4693,2044,255.6413302,6.174356931,130.0573942,501.7412969,216.6024023,21.97197601,1.64E-06,0,2081.134231,0.203943054,78013,3.049788606,40.64882843,-45.26455835,68.81646726,0,0,0,9
element_4693,2045,256.535419,6.153230789,129.9573965,451.7575997,225.4981244,21.97242414,2.18E-06,0,2081.134231,0.203943054,78013,3.049788606,40.64882843,-45.26455835,68.81646726,0,0,0,9
element_4693,2046,255.999645,5.989759591,130.4876976,540.5395982,226.1830495,21.9650567,1.90E-06,0,2081.134231,0.203943054,78013,3.049788606,40.64882843,-45.26455835,68.81646726,0,0,0,9
element_4693,2047,256.1125146,6.037147534,129.6550617,474.5983877,234.2725157,21.96778787,1.86E-06,0,2081.134231,0.203943054,78013,3.049788606,40.64882843,-45.26455835,68.81646726,0,0,0,9
element_4693,2048,255.8041879,5.988205536,130.2296559,559.9781995,235.8287767,21.97188443,1.67E-06,0,2081.134231,0.203943054,78013,3.049788606,40.64882843,-45.26455835,68.81646726,0,0,0,9
element_4693,2049,256.1069473,5.972390497,131.8312568,489.764093,225.8979564,21.97127244,1.84E-06,0,2081.134231,0.203943054,78013,3.049788606,40.64882843,-45.26455835,68.81646726,0,0,0,9
element_4693,2050,256.7089546,6.150471163,130.5659174,493.1435178,243.34967,21.96968857,2.56E-06,0,2081.134231,0.203943054,78013,3.049788606,40.64882843,-45.26455835,68.81646726,0,0,0,9
element_4693,2051,256.070835,5.919359013,128.6721253,545.2389836,233.4529298,21.96795607,1.84E-06,0,2081.134231,0.203943054,78013,3.049788606,40.64882843,-45.26455835,68.81646726,0,0,0,9
element_4693,2052,256.3418726,6.01861267,129.3509648,530.0527132,230.5678631,21.96534155,1.92E-06,0,2081.134231,0.203943054,78013,3.049788606,40.64882843,-45.26455835,68.81646726,0,0,0,9
element_4693,2053,256.1875289,6.0611333,129.9806933,497.9443433,235.1946834,21.97520065,2.47E-06,0,2081.134231,0.203943054,78013,3.049788606,40.64882843,-45.26455835,68.81646726,0,0,0,9
element_4693,2054,256.236716,6.211859717,130.7119654,524.9861521,232.6027054,21.96973449,1.84E-06,0,2081.134231,0.203943054,78013,3.049788606,40.64882843,-45.26455835,68.81646726,0,0,0,9
element_4693,2055,255.9421454,5.818446093,130.0148844,504.5249173,239.222923,21.98275448,1.44E-06,0,2081.134231,0.203943054,78013,3.049788606,40.64882843,-45.26455835,68.81646726,0,0,0,9
element_4693,2056,256.4143445,5.990194626,130.0792628,524.7163859,229.5108556,21.96543869,2.35E-06,0,2081.134231,0.203943054,78013,3.049788606,40.64882843,-45.26455835,68.81646726,0,0,0,9
element_4693,2057,256.6078544,6.00282361,130.2529408,441.1631632,231.4457379,21.97116677,2.95E-06,0,2081.134231,0.203943054,78013,3.049788606,40.64882843,-45.26455835,68.81646726,0,0,0,9
element_4693,2058,256.4162784,5.88761116,130.9365052,483.3372296,244.4950672,21.96861638,3.53E-06,0,2081.134231,0.203943054,78013,3.049788606,40.64882843,-45.26455835,68.81646726,0,0,0,9
element_4693,2059,256.6528115,5.854970209,127.7993171,532.8032496,238.8204508,21.98757276,4.33E-06,0,2081.134231,0.203943054,78013,3.049788606,40.64882843,-45.26455835,68.81646726,0,0,0,9
element_4693,2060,256.221664,6.002941249,130.0259246,539.2739003,234.9935516,21.98125385,1.84E-06,0,2081.134231,0.203943054,78013,3.049788606,40.64882843,-45.26455835,68.81646726,0,0,0,9
element_4693,2061,256.7286206,5.993290778,128.9033233,525.4946718,237.4678886,21.98012407,2.34E-06,0,2081.134231,0.203943054,78013,3.049788606,40.64882843,-45.26455835,68.81646726,0,0,0,9
element_4693,2062,257.1987506,6.114421473,128.9653856,529.0333715,246.3125175,21.99046978,3.00E-06,0,2081.134231,0.203943054,78013,3.049788606,40.64882843,-45.26455835,68.81646726,0,0,0,9
element_4693,2063,257.0482782,5.990562757,127.6668116,549.8450475,235.6510988,21.99883007,1.96E-06,0,2081.134231,0.203943054,78013,3.049788606,40.64882843,-45.26455835,68.81646726,0,0,0,9
element_4693,2064,257.1841764,5.874810125,130.923615,544.5803147,239.7281966,21.98495853,2.94E-06,0,2081.134231,0.203943054,78013,3.049788606,40.64882843,-45.26455835,68.81646726,0,0,0,9
element_4693,2065,257.3988385,5.990700902,129.5283854,494.4532211,248.5750192,21.98156954,2.06E-06,0,2081.134231,0.203943054,78013,3.049788606,40.64882843,-45.26455835,68.81646726,0,0,0,9
element_4693,2066,257.3835984,5.937370708,129.9641844,505.4179439,258.9664888,21.97649382,2.89E-06,0,2081.134231,0.203943054,78013,3.049788606,40.64882843,-45.26455835,68.81646726,0,0,0,9
element_4693,2067,257.6271912,5.988335673,128.6764509,539.8449264,247.8544486,21.99891279,3.31E-06,0,2081.134231,0.203943054,78013,3.049788606,40.64882843,-45.26455835,68.81646726,0,0,0,9
element_4693,2068,256.855448,5.987344839,127.5936874,541.5871463,241.4178247,21.98091695,3.14E-06,0,2081.134231,0.203943054,78013,3.049788606,40.64882843,-45.26455835,68.81646726,0,0,0,9
element_4693,2069,257.4175952,6.013180811,126.2074749,577.004339,245.3639801,21.9769638,2.91E-06,0,2081.134231,0.203943054,78013,3.049788606,40.64882843,-45.26455835,68.81646726,0,0,0,9
element_4693,2070,257.948711,6.218011118,124.5762715,632.0635666,240.0844299,21.98377179,2.81E-06,0,2081.134231,0.203943054,78013,3.049788606,40.64882843,-45.26455835,68.81646726,0,0,0,9
element_4693,2071,257.3711354,6.027270841,130.3536868,485.4189308,247.154071,21.97192824,4.18E-06,0,2081.134231,0.203943054,78013,3.049788606,40.64882843,-45.26455835,68.81646726,0,0,0,9
element_4693,2072,257.4892826,6.122178484,126.958586,579.1103505,246.3086486,21.98120924,2.69E-06,0,2081.134231,0.203943054,78013,3.049788606,40.64882843,-45.26455835,68.81646726,0,0,0,9
element_4693,2073,257.6761635,5.979326301,129.0997004,543.4307481,257.0634279,21.98932937,2.65E-06,0,2081.134231,0.203943054,78013,3.049788606,40.64882843,-45.26455835,68.81646726,0,0,0,9
element_4693,2074,257.6766494,5.956321342,126.8065403,555.2003641,245.7619405,21.98229664,1.77E-06,0,2081.134231,0.203943054,78013,3.049788606,40.64882843,-45.26455835,68.81646726,0,0,0,9
element_4693,2075,258.3180819,6.044086894,127.8880321,551.7598745,250.8841622,21.98035578,2.40E-06,0,2081.134231,0.203943054,78013,3.049788606,40.64882843,-45.26455835,68.81646726,0,0,0,9
element_4693,2076,257.9359511,5.9028647,127.7143852,521.6306077,252.124532,21.97035568,3.31E-06,0,2081.134231,0.203943054,78013,3.049788606,40.64882843,-45.26455835,68.81646726,0,0,0,9
element_4693,2077,258.3287538,5.996305441,127.777542,534.6202589,260.4495995,21.97544048,3.05E-06,0,2081.134231,0.203943054,78013,3.049788606,40.64882843,-45.26455835,68.81646726,0,0,0,9
element_4693,2078,258.6597069,6.276291547,127.7932094,544.8183721,260.3990154,21.99339741,2.73E-06,0,2081.134231,0.203943054,78013,3.049788606,40.64882843,-45.26455835,68.81646726,0,0,0,9
element_4693,2079,257.9207935,6.070678255,126.6623129,560.4870452,249.3823422,21.99574161,2.58E-06,0,2081.134231,0.203943054,78013,3.049788606,40.64882843,-45.26455835,68.81646726,0,0,0,9
element_4693,2080,258.9363311,6.230576758,126.3978888,622.0901268,259.7022212,21.98350106,3.05E-06,0,2081.134231,0.203943054,78013,3.049788606,40.64882843,-45.26455835,68.81646726,0,0,0,9
element_4693,2081,258.6393958,6.229412779,126.9465766,604.5085191,263.3916813,21.99419815,4.35E-06,0,2081.134231,0.203943054,78013,3.049788606,40.64882843,-45.26455835,68.81646726,0,0,0,9
element_4693,2082,257.8820531,5.742029069,129.0053006,525.3681432,261.1080034,21.97786312,3.45E-06,0,2081.134231,0.203943054,78013,3.049788606,40.64882843,-45.26455835,68.81646726,0,0,0,9
element_4693,2083,258.3863034,6.31313877,126.6698711,578.2595905,257.1465105,21.98139421,2.51E-06,0,2081.134231,0.203943054,78013,3.049788606,40.64882843,-45.26455835,68.81646726,0,0,0,9
element_4693,2084,258.728825,6.116411182,124.2491249,648.0980964,252.5952322,21.99339734,2.91E-06,0,2081.134231,0.203943054,78013,3.049788606,40.64882843,-45.26455835,68.81646726,0,0,0,9
element_4693,2085,258.7077282,5.907242631,128.3224512,527.7232026,259.3945194,22.01129514,3.05E-06,0,2081.134231,0.203943054,78013,3.049788606,40.64882843,-45.26455835,68.81646726,0,0,0,9
element_4693,2086,258.5302627,5.806724244,127.1442104,592.2031213,258.0329002,21.97991396,3.94E-06,0,2081.134231,0.203943054,78013,3.049788606,40.64882843,-45.26455835,68.81646726,0,0,0,9
element_4693,2087,258.2367396,5.879671597,128.4669062,544.2692844,261.1178495,21.98574581,5.78E-06,0,2081.134231,0.203943054,78013,3.049788606,40.64882843,-45.26455835,68.81646726,0,0,0,9
element_4693,2088,258.6244912,6.069257768,126.6844514,557.5477481,265.25707,22.01095331,5.96E-06,0,2081.134231,0.203943054,78013,3.049788606,40.64882843,-45.26455835,68.81646726,0,0,0,9
element_4693,2089,258.5041383,6.049651126,126.6002661,604.3245719,254.9757335,21.98402214,4.10E-06,0,2081.134231,0.203943054,78013,3.049788606,40.64882843,-45.26455835,68.81646726,0,0,0,9
element_4693,2090,257.7785548,5.849525348,128.3265209,562.165234,261.3397778,21.98877283,2.33E-06,0,2081.134231,0.203943054,78013,3.049788606,40.64882843,-45.26455835,68.81646726,0,0,0,9
element_4693,2091,258.3465833,6.003564873,127.0316649,584.2042211,264.8817924,21.98888319,3.70E-06,0,2081.134231,0.203943054,78013,3.049788606,40.64882843,-45.26455835,68.81646726,0,0,0,9
element_4693,2092,258.7908225,5.948229297,126.0066739,569.9822953,273.3367024,21.98324454,5.22E-06,0,2081.134231,0.203943054,78013,3.049788606,40.64882843,-45.26455835,68.81646726,0,0,0,9
element_4693,2093,259.2329913,6.099856654,127.0746134,595.8070273,275.5652721,22.00600475,3.67E-06,0,2081.134231,0.203943054,78013,3.049788606,40.64882843,-45.26455835,68.81646726,0,0,0,9
element_4693,2094,258.3750902,5.986637437,126.6322826,585.7656776,272.9486825,21.9949475,3.36E-06,0,2081.134231,0.203943054,78013,3.049788606,40.64882843,-45.26455835,68.81646726,0,0,0,9
element_4693,2095,258.9770834,6.061805339,126.4999128,600.6024872,270.203313,21.99243683,3.47E-06,0,2081.134231,0.203943054,78013,3.049788606,40.64882843,-45.26455835,68.81646726,0,0,0,9
element_4693,2096,258.7009604,6.03674136,127.2484687,607.3390037,272.3842395,21.99508417,3.22E-06,0,2081.134231,0.203943054,78013,3.049788606,40.64882843,-45.26455835,68.81646726,0,0,0,9
element_4693,2097,258.522033,5.945987274,126.2680152,600.2310127,260.9750834,21.98547474,3.93E-06,0,2081.134231,0.203943054,78013,3.049788606,40.64882843,-45.26455835,68.81646726,0,0,0,9
element_4693,2098,259.7483051,6.137121628,123.3070488,656.6091465,279.3585678,22.0121988,5.85E-06,0,2081.134231,0.203943054,78013,3.049788606,40.64882843,-45.26455835,68.81646726,0,0,0,9
element_4693,2099,259.8912913,5.936073912,126.8498178,558.9771341,283.6566542,21.98564198,5.05E-06,0,2081.134231,0.203943054,78013,3.049788606,40.64882843,-45.26455835,68.81646726,0,0,0,9
element_4693,2100,259.1533881,5.900081789,124.8335907,617.2950963,268.8559103,21.99238202,4.36E-06,0,2081.134231,0.203943054,78013,3.049788606,40.64882843,-45.26455835,68.81646726,0,0,0,9
element_4694,2015,255.694491,5.957209777,134.4052973,471.0458739,232.4790849,21.94656679,6.31E-06,0,2117.801668,0.133638124,27823.7,3.948090281,38.70456277,-45.24020415,67.81190092,0,0,0,9
element_4694,2016,255.5982928,6.057681429,133.5919792,541.9965703,231.9408679,21.9634125,6.85E-06,0,2117.801668,0.133638124,27823.7,3.948090281,38.70456277,-45.24020415,67.81190092,0,0,0,9
element_4694,2017,254.9703612,5.867884718,135.2656975,448.9292392,230.1024515,21.956405,1.66E-05,0,2117.801668,0.133638124,27823.7,3.948090281,38.70456277,-45.24020415,67.81190092,0,0,0,9
element_4694,2018,255.5231234,6.169258215,134.1244998,492.5963678,229.7608125,21.94882186,1.44E-05,0,2117.801668,0.133638124,27823.7,3.948090281,38.70456277,-45.24020415,67.81190092,0,0,0,9
element_4694,2019,254.3513745,5.874867177,134.9501472,399.8884575,222.5743719,21.9446299,1.23E-05,0,2117.801668,0.133638124,27823.7,3.948090281,38.70456277,-45.24020415,67.81190092,0,0,0,9
element_4694,2020,254.7474149,5.965573425,132.9026392,510.3443467,217.2487159,21.94294689,2.18E-05,0,2117.801668,0.133638124,27823.7,3.948090281,38.70456277,-45.24020415,67.81190092,0,0,0,9
element_4694,2021,254.3395954,5.924091281,133.6872407,528.1495386,211.1724641,21.94436587,8.61E-06,0,2117.801668,0.133638124,27823.7,3.948090281,38.70456277,-45.24020415,67.81190092,0,0,0,9
element_4694,2022,255.9345408,6.049484076,134.8946907,493.5363569,232.9371513,21.9454208,1.74E-05,0,2117.801668,0.133638124,27823.7,3.948090281,38.70456277,-45.24020415,67.81190092,0,0,0,9
element_4694,2023,255.4540837,5.986042012,132.355611,514.4845657,217.9583183,21.9523863,1.39E-05,0,2117.801668,0.133638124,27823.7,3.948090281,38.70456277,-45.24020415,67.81190092,0,0,0,9
element_4694,2024,255.9786473,5.962273556,134.7054065,462.7448007,237.9683386,21.94381117,1.77E-05,0,2117.801668,0.133638124,27823.7,3.948090281,38.70456277,-45.24020415,67.81190092,0,0,0,9
element_4694,2025,256.4533199,6.115921529,133.2192019,580.1506436,229.9811497,21.94815822,2.55E-05,0,2117.801668,0.133638124,27823.7,3.948090281,38.70456277,-45.24020415,67.81190092,0,0,0,9
element_4694,2026,255.8200794,6.059461577,132.245232,503.9756258,226.4607603,21.94591102,2.08E-05,0,2117.801668,0.133638124,27823.7,3.948090281,38.70456277,-45.24020415,67.81190092,0,0,0,9
element_4694,2027,256.1735867,6.174377853,131.9947061,549.0701636,230.3373186,21.94183005,1.16E-05,0,2117.801668,0.133638124,27823.7,3.948090281,38.70456277,-45.24020415,67.81190092,0,0,0,9
element_4694,2028,256.3341487,5.856206639,132.5870435,512.959814,232.6718069,21.9432748,2.58E-05,0,2117.801668,0.133638124,27823.7,3.948090281,38.70456277,-45.24020415,67.81190092,0,0,0,9
element_4694,2029,256.2683226,6.172912754,131.5123521,540.579336,242.1832185,21.94764979,1.79E-05,0,2117.801668,0.133638124,27823.7,3.948090281,38.70456277,-45.24020415,67.81190092,0,0,0,9
element_4694,2030,255.6668491,5.86845906,132.7287446,482.9391073,229.7804783,21.95068878,1.29E-05,0,2117.801668,0.133638124,27823.7,3.948090281,38.70456277,-45.24020415,67.81190092,0,0,0,9
element_4694,2031,256.0976378,6.058681966,131.2539214,545.5406887,228.0376045,21.94218966,1.72E-05,0,2117.801668,0.133638124,27823.7,3.948090281,38.70456277,-45.24020415,67.81190092,0,0,0,9
element_4694,2032,256.0582017,6.09461657,134.3932368,518.5849665,231.43776,21.94710744,1.82E-05,0,2117.801668,0.133638124,27823.7,3.948090281,38.70456277,-45.24020415,67.81190092,0,0,0,9
element_4694,2033,256.4101626,6.182536171,133.1661836,560.6733819,237.6858971,21.94627687,1.22E-05,0,2117.801668,0.133638124,27823.7,3.948090281,38.70456277,-45.24020415,67.81190092,0,0,0,9
element_4694,2034,256.425931,6.088084962,132.6460605,555.8666691,226.632111,21.94759142,1.99E-05,0,2117.801668,0.133638124,27823.7,3.948090281,38.70456277,-45.24020415,67.81190092,0,0,0,9
element_4694,2035,256.5345053,6.070762423,134.6291653,515.4213244,246.2892668,21.94295703,1.84E-05,0,2117.801668,0.133638124,27823.7,3.948090281,38.70456277,-45.24020415,67.81190092,0,0,0,9
element_4694,2036,256.1533781,5.991497277,132.1576152,553.2410264,236.424075,21.94625627,1.02E-05,0,2117.801668,0.133638124,27823.7,3.948090281,38.70456277,-45.24020415,67.81190092,0,0,0,9
element_4694,2037,255.7542252,6.00442058,132.9203593,548.8876086,226.7006136,21.94235701,1.73E-05,0,2117.801668,0.133638124,27823.7,3.948090281,38.70456277,-45.24020415,67.81190092,0,0,0,9
element_4694,2038,256.4058789,6.05099193,131.2272687,508.6326641,226.5369484,21.94233245,1.56E-05,0,2117.801668,0.133638124,27823.7,3.948090281,38.70456277,-45.24020415,67.81190092,0,0,0,9
element_4694,2039,256.5694723,6.0794386,131.6527542,523.9255613,238.0732932,21.94934156,2.33E-05,0,2117.801668,0.133638124,27823.7,3.948090281,38.70456277,-45.24020415,67.81190092,0,0,0,9
element_4694,2040,255.4361854,5.901923886,131.7759248,533.7480719,218.8183204,21.94264546,2.21E-05,0,2117.801668,0.133638124,27823.7,3.948090281,38.70456277,-45.24020415,67.81190092,0,0,0,9
element_4694,2041,256.2184499,6.068300563,130.801733,508.0420151,223.4151376,21.95026467,2.81E-05,0,2117.801668,0.133638124,27823.7,3.948090281,38.70456277,-45.24020415,67.81190092,0,0,0,9
element_4694,2042,256.7147571,6.050070573,132.2136318,562.3997597,225.6713842,21.94651801,2.64E-05,0,2117.801668,0.133638124,27823.7,3.948090281,38.70456277,-45.24020415,67.81190092,0,0,0,9
element_4694,2043,256.5011455,6.016906009,132.4159854,523.5918696,234.5434352,21.94210611,4.36E-05,0,2117.801668,0.133638124,27823.7,3.948090281,38.70456277,-45.24020415,67.81190092,0,0,0,9
element_4694,2044,256.6940356,6.138270367,130.8534908,558.5491379,225.4098296,21.95172526,2.00E-05,0,2117.801668,0.133638124,27823.7,3.948090281,38.70456277,-45.24020415,67.81190092,0,0,0,9
element_4694,2045,257.5338303,6.153330509,131.0190916,533.4935077,233.5592335,21.95188276,3.01E-05,0,2117.801668,0.133638124,27823.7,3.948090281,38.70456277,-45.24020415,67.81190092,0,0,0,9
element_4694,2046,256.989848,5.960183364,131.0545334,602.7396996,233.7832604,21.94394063,2.63E-05,0,2117.801668,0.133638124,27823.7,3.948090281,38.70456277,-45.24020415,67.81190092,0,0,0,9
element_4694,2047,257.1078513,6.033960779,130.872831,525.6121201,242.838665,21.94707059,2.54E-05,0,2117.801668,0.133638124,27823.7,3.948090281,38.70456277,-45.24020415,67.81190092,0,0,0,9
element_4694,2048,256.8247996,5.999792056,131.3075811,617.2463993,244.4118255,21.95400277,2.10E-05,0,2117.801668,0.133638124,27823.7,3.948090281,38.70456277,-45.24020415,67.81190092,0,0,0,9
element_4694,2049,257.1156216,5.961819786,132.3525134,564.8373553,234.0618661,21.9519815,2.41E-05,0,2117.801668,0.133638124,27823.7,3.948090281,38.70456277,-45.24020415,67.81190092,0,0,0,9
element_4694,2050,257.6678829,6.14707221,131.4115395,557.5473947,251.3318027,21.95055043,3.76E-05,0,2117.801668,0.133638124,27823.7,3.948090281,38.70456277,-45.24020415,67.81190092,0,0,0,9
element_4694,2051,257.0718934,5.90711615,129.5181714,600.1489115,242.145838,21.94497888,2.53E-05,0,2117.801668,0.133638124,27823.7,3.948090281,38.70456277,-45.24020415,67.81190092,0,0,0,9
element_4694,2052,257.3523263,6.039098134,130.0818822,596.0443066,237.7962202,21.94320492,2.63E-05,0,2117.801668,0.133638124,27823.7,3.948090281,38.70456277,-45.24020415,67.81190092,0,0,0,9
element_4694,2053,257.2056121,6.092215657,130.9926563,546.1265095,244.1343187,21.95798306,3.71E-05,0,2117.801668,0.133638124,27823.7,3.948090281,38.70456277,-45.24020415,67.81190092,0,0,0,9
element_4694,2054,257.2231288,6.202911376,131.6155598,567.9760685,242.4227903,21.95127896,2.42E-05,0,2117.801668,0.133638124,27823.7,3.948090281,38.70456277,-45.24020415,67.81190092,0,0,0,9
element_4694,2055,256.9265914,5.833087233,130.7647789,562.9205584,247.1013713,21.96193963,1.89E-05,0,2117.801668,0.133638124,27823.7,3.948090281,38.70456277,-45.24020415,67.81190092,0,0,0,9
element_4694,2056,257.4291934,6.017257329,131.0656217,577.0942834,238.3636075,21.94437039,3.52E-05,0,2117.801668,0.133638124,27823.7,3.948090281,38.70456277,-45.24020415,67.81190092,0,0,0,9
element_4694,2057,257.6286305,5.99616038,130.7805085,509.5368352,239.5628704,21.95036481,4.46E-05,0,2117.801668,0.133638124,27823.7,3.948090281,38.70456277,-45.24020415,67.81190092,0,0,0,9
element_4694,2058,257.3934271,5.883523775,131.6515936,531.358925,252.3300039,21.94847079,5.77E-05,0,2117.801668,0.133638124,27823.7,3.948090281,38.70456277,-45.24020415,67.81190092,0,0,0,9
element_4694,2059,257.6497894,5.800805596,128.9788745,561.6089855,250.179062,21.96860973,7.24E-05,0,2117.801668,0.133638124,27823.7,3.948090281,38.70456277,-45.24020415,67.81190092,0,0,0,9
element_4694,2060,257.1827771,6.035721183,130.6587516,610.8591851,243.6551651,21.96320564,2.06E-05,0,2117.801668,0.133638124,27823.7,3.948090281,38.70456277,-45.24020415,67.81190092,0,0,0,9
element_4694,2061,257.7662289,6.033710534,129.3648034,584.4375257,246.1966751,21.96229205,3.34E-05,0,2117.801668,0.133638124,27823.7,3.948090281,38.70456277,-45.24020415,67.81190092,0,0,0,9
element_4694,2062,258.185684,6.10903929,129.7733762,597.6679811,254.2977385,21.97052656,4.42E-05,0,2117.801668,0.133638124,27823.7,3.948090281,38.70456277,-45.24020415,67.81190092,0,0,0,9
element_4694,2063,258.0062668,5.995567358,128.8802444,604.630891,245.3336836,21.98059174,2.37E-05,0,2117.801668,0.133638124,27823.7,3.948090281,38.70456277,-45.24020415,67.81190092,0,0,0,9
element_4694,2064,258.2120377,5.882900433,131.7996672,592.6104771,249.0270829,21.96838832,4.09E-05,0,2117.801668,0.133638124,27823.7,3.948090281,38.70456277,-45.24020415,67.81190092,0,0,0,9
element_4694,2065,258.3963907,5.958309417,130.2916211,551.2995814,254.1126732,21.96520792,2.67E-05,0,2117.801668,0.133638124,27823.7,3.948090281,38.70456277,-45.24020415,67.81190092,0,0,0,9
element_4694,2066,258.3270377,5.92939304,131.0282081,552.7199411,269.0938716,21.95757667,3.98E-05,0,2117.801668,0.133638124,27823.7,3.948090281,38.70456277,-45.24020415,67.81190092,0,0,0,9
element_4694,2067,258.6414765,5.996172328,129.2456924,597.7978091,258.1966886,21.98290608,4.99E-05,0,2117.801668,0.133638124,27823.7,3.948090281,38.70456277,-45.24020415,67.81190092,0,0,0,9
element_4694,2068,257.9185288,5.995920678,128.1053664,596.6892118,251.6909385,21.9633886,4.61E-05,0,2117.801668,0.133638124,27823.7,3.948090281,38.70456277,-45.24020415,67.81190092,0,0,0,9
element_4694,2069,258.3999853,6.018335491,126.7571412,640.2743419,254.1738339,21.95706158,4.10E-05,0,2117.801668,0.133638124,27823.7,3.948090281,38.70456277,-45.24020415,67.81190092,0,0,0,9
element_4694,2070,258.9291164,6.224419696,125.2006447,712.7315139,248.8375251,21.96442208,4.23E-05,0,2117.801668,0.133638124,27823.7,3.948090281,38.70456277,-45.24020415,67.81190092,0,0,0,9
element_4694,2071,258.3967179,6.034154009,130.8601171,558.1820783,255.1802743,21.95216908,6.19E-05,0,2117.801668,0.133638124,27823.7,3.948090281,38.70456277,-45.24020415,67.81190092,0,0,0,9
element_4694,2072,258.5254832,6.140128481,127.836489,654.2546416,255.9876802,21.96355664,3.79E-05,0,2117.801668,0.133638124,27823.7,3.948090281,38.70456277,-45.24020415,67.81190092,0,0,0,9
element_4694,2073,258.7148559,5.960014997,129.9967009,603.9461519,266.7899607,21.97230454,3.91E-05,0,2117.801668,0.133638124,27823.7,3.948090281,38.70456277,-45.24020415,67.81190092,0,0,0,9
element_4694,2074,258.6381262,5.936669577,127.1889986,620.7928617,253.9857049,21.9643571,2.05E-05,0,2117.801668,0.133638124,27823.7,3.948090281,38.70456277,-45.24020415,67.81190092,0,0,0,9
element_4694,2075,259.3580424,6.022220123,128.7996775,608.6829938,261.676469,21.96095597,3.14E-05,0,2117.801668,0.133638124,27823.7,3.948090281,38.70456277,-45.24020415,67.81190092,0,0,0,9
element_4694,2076,258.8792937,5.880578202,128.5744369,589.514366,260.0381799,21.95015192,5.20E-05,0,2117.801668,0.133638124,27823.7,3.948090281,38.70456277,-45.24020415,67.81190092,0,0,0,9
element_4694,2077,259.345993,5.988060541,128.3813035,614.7519163,270.6107015,21.95705069,4.41E-05,0,2117.801668,0.133638124,27823.7,3.948090281,38.70456277,-45.24020415,67.81190092,0,0,0,9
element_4694,2078,259.6522468,6.312975522,128.014842,623.9340226,268.0503755,21.97433043,3.76E-05,0,2117.801668,0.133638124,27823.7,3.948090281,38.70456277,-45.24020415,67.81190092,0,0,0,9
element_4694,2079,258.9200639,6.049635975,127.4003589,641.0541239,256.5978526,21.98275073,3.67E-05,0,2117.801668,0.133638124,27823.7,3.948090281,38.70456277,-45.24020415,67.81190092,0,0,0,9
element_4694,2080,259.8954371,6.223650151,127.1267126,680.1882198,267.5057023,21.96454542,4.50E-05,0,2117.801668,0.133638124,27823.7,3.948090281,38.70456277,-45.24020415,67.81190092,0,0,0,9
element_4694,2081,259.585229,6.220307723,127.728033,671.2995573,271.6311074,21.97727289,7.00E-05,0,2117.801668,0.133638124,27823.7,3.948090281,38.70456277,-45.24020415,67.81190092,0,0,0,9
element_4694,2082,258.8628545,5.669482607,130.5700709,573.9319441,272.6374678,21.95889845,5.19E-05,0,2117.801668,0.133638124,27823.7,3.948090281,38.70456277,-45.24020415,67.81190092,0,0,0,9
element_4694,2083,259.417346,6.316088026,127.430628,664.620469,264.639877,21.96658611,3.45E-05,0,2117.801668,0.133638124,27823.7,3.948090281,38.70456277,-45.24020415,67.81190092,0,0,0,9
element_4694,2084,259.7545159,6.119322093,124.8863009,718.9029325,263.1345301,21.97799505,3.99E-05,0,2117.801668,0.133638124,27823.7,3.948090281,38.70456277,-45.24020415,67.81190092,0,0,0,9
element_4694,2085,259.7077921,5.876611969,128.9145778,607.7724353,269.480923,21.99618651,4.42E-05,0,2117.801668,0.133638124,27823.7,3.948090281,38.70456277,-45.24020415,67.81190092,0,0,0,9
element_4694,2086,259.5865489,5.789818638,128.3435729,652.3749585,268.6035822,21.96369215,6.16E-05,0,2117.801668,0.133638124,27823.7,3.948090281,38.70456277,-45.24020415,67.81190092,0,0,0,9
element_4694,2087,259.2438329,5.862294143,128.9680674,606.7544871,270.148999,21.97085274,9.79E-05,0,2117.801668,0.133638124,27823.7,3.948090281,38.70456277,-45.24020415,67.81190092,0,0,0,9
element_4694,2088,259.6443142,6.037377752,127.4466861,635.0241931,275.0748543,21.99498196,0.000101716,0,2117.801668,0.133638124,27823.7,3.948090281,38.70456277,-45.24020415,67.81190092,0,0,0,9
element_4694,2089,259.5367249,6.055327401,127.0570412,686.485354,264.7716382,21.96630876,6.23E-05,0,2117.801668,0.133638124,27823.7,3.948090281,38.70456277,-45.24020415,67.81190092,0,0,0,9
element_4694,2090,258.8040311,5.816157091,128.7985012,638.7096762,269.5491451,21.96870144,2.88E-05,0,2117.801668,0.133638124,27823.7,3.948090281,38.70456277,-45.24020415,67.81190092,0,0,0,9
element_4694,2091,259.4444888,5.994542445,127.5111785,673.3697947,274.7535024,21.97193771,5.79E-05,0,2117.801668,0.133638124,27823.7,3.948090281,38.70456277,-45.24020415,67.81190092,0,0,0,9
element_4694,2092,259.7977336,5.904083614,126.7376161,649.2169802,283.2455698,21.96402624,8.75E-05,0,2117.801668,0.133638124,27823.7,3.948090281,38.70456277,-45.24020415,67.81190092,0,0,0,9
element_4694,2093,260.2463574,6.09605334,127.0546693,683.0285547,284.3238759,21.99305507,5.60E-05,0,2117.801668,0.133638124,27823.7,3.948090281,38.70456277,-45.24020415,67.81190092,0,0,0,9
element_4694,2094,259.4188272,5.977026322,127.7093773,664.80947,282.0338763,21.98014988,5.30E-05,0,2117.801668,0.133638124,27823.7,3.948090281,38.70456277,-45.24020415,67.81190092,0,0,0,9
element_4694,2095,259.9666439,6.065356264,127.4082008,690.2655191,278.0462976,21.9773099,5.19E-05,0,2117.801668,0.133638124,27823.7,3.948090281,38.70456277,-45.24020415,67.81190092,0,0,0,9
element_4694,2096,259.8107586,6.033645419,127.89802,678.375407,282.3169072,21.98325126,4.84E-05,0,2117.801668,0.133638124,27823.7,3.948090281,38.70456277,-45.24020415,67.81190092,0,0,0,9
element_4694,2097,259.5746452,5.946977518,127.0470148,674.0162107,269.9711779,21.96986752,6.27E-05,0,2117.801668,0.133638124,27823.7,3.948090281,38.70456277,-45.24020415,67.81190092,0,0,0,9
element_4694,2098,260.7485689,6.126218363,123.993752,742.9535705,291.5576716,22.00033792,0.00010291,0,2117.801668,0.133638124,27823.7,3.948090281,38.70456277,-45.24020415,67.81190092,0,0,0,9
element_4694,2099,260.8808174,5.9418938,127.4109423,634.3273401,293.3945738,21.96760128,8.19E-05,0,2117.801668,0.133638124,27823.7,3.948090281,38.70456277,-45.24020415,67.81190092,0,0,0,9
element_4694,2100,260.1277981,5.894057596,125.5831343,665.45522,279.6091177,21.97692429,6.84E-05,0,2117.801668,0.133638124,27823.7,3.948090281,38.70456277,-45.24020415,67.81190092,0,0,0,9
element_4695,2015,252.1264543,5.959971807,134.9312088,394.7498918,175.6763026,21.93602992,0,0,2444.851999,0.145267582,37538.6,3.471244949,50.88614371,-43.53485537,69.4647359,0,0,0,9
element_4695,2016,251.911292,5.956224893,134.3486644,426.2534675,177.7306673,21.93617415,0,0,2444.851999,0.145267582,37538.6,3.471244949,50.88614371,-43.53485537,69.4647359,0,0,0,9
element_4695,2017,251.2244585,5.806117982,136.0149581,367.9925974,176.2305315,21.93602992,0,0,2444.851999,0.145267582,37538.6,3.471244949,50.88614371,-43.53485537,69.4647359,0,0,0,9
element_4695,2018,251.9241096,6.155837806,134.5946855,391.0491322,175.2744716,21.93602992,0,0,2444.851999,0.145267582,37538.6,3.471244949,50.88614371,-43.53485537,69.4647359,0,0,0,9
element_4695,2019,250.6653176,5.786816954,135.4706293,326.7578242,167.2692937,21.93602992,0,0,2444.851999,0.145267582,37538.6,3.471244949,50.88614371,-43.53485537,69.4647359,0,0,0,9
element_4695,2020,251.1283667,5.891437764,133.8281856,415.2431835,167.6637661,21.93602992,0,0,2444.851999,0.145267582,37538.6,3.471244949,50.88614371,-43.53485537,69.4647359,0,0,0,9
element_4695,2021,250.65222,5.849437775,133.8186659,413.9498698,161.9180067,21.93602992,0,0,2444.851999,0.145267582,37538.6,3.471244949,50.88614371,-43.53485537,69.4647359,0,0,0,9
element_4695,2022,252.1347782,5.909398383,135.2378116,392.7019513,177.7984972,21.93602992,0,0,2444.851999,0.145267582,37538.6,3.471244949,50.88614371,-43.53485537,69.4647359,0,0,0,9
element_4695,2023,251.8336758,5.831283964,133.5670128,405.5744134,168.677557,21.93602992,0,0,2444.851999,0.145267582,37538.6,3.471244949,50.88614371,-43.53485537,69.4647359,0,0,0,9
element_4695,2024,252.3641087,5.881867341,135.0217009,370.8905653,184.432751,21.93602992,0,0,2444.851999,0.145267582,37538.6,3.471244949,50.88614371,-43.53485537,69.4647359,0,0,0,9
element_4695,2025,252.6982913,6.046445264,134.4550962,457.9360813,175.3337405,21.93602992,0,0,2444.851999,0.145267582,37538.6,3.471244949,50.88614371,-43.53485537,69.4647359,0,0,0,9
element_4695,2026,252.1559237,5.965614619,133.1167736,411.190494,170.5726538,21.93602992,0,0,2444.851999,0.145267582,37538.6,3.471244949,50.88614371,-43.53485537,69.4647359,0,0,0,9
element_4695,2027,252.5804985,6.027839228,132.6538092,439.1070331,177.2766847,21.93602992,0,0,2444.851999,0.145267582,37538.6,3.471244949,50.88614371,-43.53485537,69.4647359,0,0,0,9
element_4695,2028,252.5497629,5.713021148,132.9241684,403.5496873,177.5720223,21.93602992,0,0,2444.851999,0.145267582,37538.6,3.471244949,50.88614371,-43.53485537,69.4647359,0,0,0,9
element_4695,2029,252.4507045,6.095685647,132.9757504,428.2957169,186.5614168,21.93602992,0,0,2444.851999,0.145267582,37538.6,3.471244949,50.88614371,-43.53485537,69.4647359,0,0,0,9
element_4695,2030,252.0203342,5.799088229,133.2237976,377.9999706,177.9783896,21.93602992,0,0,2444.851999,0.145267582,37538.6,3.471244949,50.88614371,-43.53485537,69.4647359,0,0,0,9
element_4695,2031,252.2969591,5.944617518,132.515376,435.7732667,170.5296926,21.93602992,0,0,2444.851999,0.145267582,37538.6,3.471244949,50.88614371,-43.53485537,69.4647359,0,0,0,9
element_4695,2032,252.4259666,5.986986515,134.8083758,428.3139438,179.8127146,21.93602992,0,0,2444.851999,0.145267582,37538.6,3.471244949,50.88614371,-43.53485537,69.4647359,0,0,0,9
element_4695,2033,252.6911358,6.11596097,133.8636742,451.2667164,179.5125542,21.93602992,0,0,2444.851999,0.145267582,37538.6,3.471244949,50.88614371,-43.53485537,69.4647359,0,0,0,9
element_4695,2034,252.7205519,6.032475831,132.9246979,443.3853254,173.0517431,21.93602992,0,0,2444.851999,0.145267582,37538.6,3.471244949,50.88614371,-43.53485537,69.4647359,0,0,0,9
element_4695,2035,252.7822617,5.939135622,135.4513112,390.0871289,190.7487174,21.93602992,0,0,2444.851999,0.145267582,37538.6,3.471244949,50.88614371,-43.53485537,69.4647359,0,0,0,9
element_4695,2036,252.5140001,5.899310984,132.5460971,451.6548797,181.4204977,21.93602992,0,0,2444.851999,0.145267582,37538.6,3.471244949,50.88614371,-43.53485537,69.4647359,0,0,0,9
element_4695,2037,252.195017,5.893024871,133.3404414,432.6945682,173.9140117,21.93602992,0,0,2444.851999,0.145267582,37538.6,3.471244949,50.88614371,-43.53485537,69.4647359,0,0,0,9
element_4695,2038,252.8675265,6.050484975,132.1079059,404.7823869,172.5973291,21.93602992,0,0,2444.851999,0.145267582,37538.6,3.471244949,50.88614371,-43.53485537,69.4647359,0,0,0,9
element_4695,2039,253.1303855,6.091813976,132.4818243,416.4506895,184.946887,21.93602992,0,0,2444.851999,0.145267582,37538.6,3.471244949,50.88614371,-43.53485537,69.4647359,0,0,0,9
element_4695,2040,251.8819376,5.826745795,132.8092041,410.7118291,172.5182757,21.93602992,0,0,2444.851999,0.145267582,37538.6,3.471244949,50.88614371,-43.53485537,69.4647359,0,0,0,9
element_4695,2041,252.6656535,5.996853338,131.8262989,400.9649713,173.963561,21.93602992,0,0,2444.851999,0.145267582,37538.6,3.471244949,50.88614371,-43.53485537,69.4647359,0,0,0,9
element_4695,2042,253.122246,5.973012023,133.107281,453.8015274,176.0884584,21.93602992,0,0,2444.851999,0.145267582,37538.6,3.471244949,50.88614371,-43.53485537,69.4647359,0,0,0,9
element_4695,2043,252.8721468,6.032450983,133.3700339,406.3328153,181.4918784,21.93602992,0,0,2444.851999,0.145267582,37538.6,3.471244949,50.88614371,-43.53485537,69.4647359,0,0,0,9
element_4695,2044,253.0947094,6.117912749,131.4417548,439.6953249,172.7900229,21.93602992,0,0,2444.851999,0.145267582,37538.6,3.471244949,50.88614371,-43.53485537,69.4647359,0,0,0,9
element_4695,2045,253.9204204,6.065770783,131.1546333,411.2394107,179.2572736,21.93602992,0,0,2444.851999,0.145267582,37538.6,3.471244949,50.88614371,-43.53485537,69.4647359,0,0,0,9
element_4695,2046,253.4149178,5.931986135,132.9308558,461.4060552,183.8221838,21.93602992,0,0,2444.851999,0.145267582,37538.6,3.471244949,50.88614371,-43.53485537,69.4647359,0,0,0,9
element_4695,2047,253.4031808,5.937965485,131.7088853,414.6425261,186.5768007,21.93602992,0,0,2444.851999,0.145267582,37538.6,3.471244949,50.88614371,-43.53485537,69.4647359,0,0,0,9
element_4695,2048,253.2059188,5.909459262,131.8986309,489.6725715,189.2391723,21.93602992,0,0,2444.851999,0.145267582,37538.6,3.471244949,50.88614371,-43.53485537,69.4647359,0,0,0,9
element_4695,2049,253.5029197,5.839932867,133.4494794,419.8382145,183.1008025,21.93602992,0,0,2444.851999,0.145267582,37538.6,3.471244949,50.88614371,-43.53485537,69.4647359,0,0,0,9
element_4695,2050,254.161888,6.068387023,132.0828841,430.7719816,192.9354151,21.93602992,0,0,2444.851999,0.145267582,37538.6,3.471244949,50.88614371,-43.53485537,69.4647359,0,0,0,9
element_4695,2051,253.5169771,5.852098121,130.0069933,497.2100476,186.1937713,21.93602992,0,0,2444.851999,0.145267582,37538.6,3.471244949,50.88614371,-43.53485537,69.4647359,0,0,0,9
element_4695,2052,253.7678066,5.948120692,130.7615311,478.6685473,184.8795509,21.93602992,0,0,2444.851999,0.145267582,37538.6,3.471244949,50.88614371,-43.53485537,69.4647359,0,0,0,9
element_4695,2053,253.6257337,6.025447054,131.5288346,431.6994153,187.8883445,21.93631143,0,0,2444.851999,0.145267582,37538.6,3.471244949,50.88614371,-43.53485537,69.4647359,0,0,0,9
element_4695,2054,253.6969119,6.160141744,132.336934,467.457098,185.4255674,21.93602992,0,0,2444.851999,0.145267582,37538.6,3.471244949,50.88614371,-43.53485537,69.4647359,0,0,0,9
element_4695,2055,253.4232244,5.720906131,132.281127,443.9254741,193.1299207,21.93602992,0,0,2444.851999,0.145267582,37538.6,3.471244949,50.88614371,-43.53485537,69.4647359,0,0,0,9
element_4695,2056,253.733558,5.866499223,131.8739883,470.4354048,182.6509945,21.93602992,0,0,2444.851999,0.145267582,37538.6,3.471244949,50.88614371,-43.53485537,69.4647359,0,0,0,9
element_4695,2057,253.9732787,5.899670597,131.7493939,392.9005391,186.2423002,21.93602992,0,0,2444.851999,0.145267582,37538.6,3.471244949,50.88614371,-43.53485537,69.4647359,0,0,0,9
element_4695,2058,253.9158512,5.80905921,132.6133586,429.0070704,199.2036747,21.93602992,0,0,2444.851999,0.145267582,37538.6,3.471244949,50.88614371,-43.53485537,69.4647359,0,0,0,9
element_4695,2059,254.1229419,5.872534406,129.6683134,490.5002099,193.3869895,21.93824511,0,0,2444.851999,0.145267582,37538.6,3.471244949,50.88614371,-43.53485537,69.4647359,0,0,0,9
element_4695,2060,253.6868916,5.939418946,132.1972373,462.4004529,186.3595504,21.93682035,0,0,2444.851999,0.145267582,37538.6,3.471244949,50.88614371,-43.53485537,69.4647359,0,0,0,9
element_4695,2061,254.119239,5.924105209,130.3950687,472.7441797,190.8848057,21.93602992,0,0,2444.851999,0.145267582,37538.6,3.471244949,50.88614371,-43.53485537,69.4647359,0,0,0,9
element_4695,2062,254.7223112,6.040459489,130.2975116,485.4515854,198.7405425,21.94071354,0,0,2444.851999,0.145267582,37538.6,3.471244949,50.88614371,-43.53485537,69.4647359,0,0,0,9
element_4695,2063,254.5329444,5.884479315,129.4680995,475.3852672,189.6251562,21.94322698,0,0,2444.851999,0.145267582,37538.6,3.471244949,50.88614371,-43.53485537,69.4647359,0,0,0,9
element_4695,2064,254.6994718,5.878675381,132.4766713,468.0845488,195.4046963,21.93676132,0,0,2444.851999,0.145267582,37538.6,3.471244949,50.88614371,-43.53485537,69.4647359,0,0,0,9
element_4695,2065,254.9209397,5.951785957,131.5233349,435.9391593,202.6937081,21.93610986,0,0,2444.851999,0.145267582,37538.6,3.471244949,50.88614371,-43.53485537,69.4647359,0,0,0,9
element_4695,2066,254.9074541,5.897111733,131.3253786,464.577652,208.2671021,21.93602992,0,0,2444.851999,0.145267582,37538.6,3.471244949,50.88614371,-43.53485537,69.4647359,0,0,0,9
element_4695,2067,255.0542346,5.899741191,130.4929318,474.3896267,200.2910415,21.94338209,0,0,2444.851999,0.145267582,37538.6,3.471244949,50.88614371,-43.53485537,69.4647359,0,0,0,9
element_4695,2068,254.2813463,5.973714736,129.3548738,488.438014,191.3595769,21.93602992,0,0,2444.851999,0.145267582,37538.6,3.471244949,50.88614371,-43.53485537,69.4647359,0,0,0,9
element_4695,2069,254.9435637,5.96289685,128.3343323,508.3682191,196.1879463,21.93602992,0,0,2444.851999,0.145267582,37538.6,3.471244949,50.88614371,-43.53485537,69.4647359,0,0,0,9
element_4695,2070,255.5757917,6.189486366,126.7276377,558.071882,193.1891084,21.93602992,0,0,2444.851999,0.145267582,37538.6,3.471244949,50.88614371,-43.53485537,69.4647359,0,0,0,9
element_4695,2071,254.7202236,5.903440808,132.2650941,422.6098864,200.5663956,21.93602992,0,0,2444.851999,0.145267582,37538.6,3.471244949,50.88614371,-43.53485537,69.4647359,0,0,0,9
element_4695,2072,254.7986439,5.953755536,129.1708092,500.1954703,197.9228114,21.93604346,0,0,2444.851999,0.145267582,37538.6,3.471244949,50.88614371,-43.53485537,69.4647359,0,0,0,9
element_4695,2073,255.0787305,5.885490779,131.097553,484.8986155,208.879818,21.93794011,0,0,2444.851999,0.145267582,37538.6,3.471244949,50.88614371,-43.53485537,69.4647359,0,0,0,9
element_4695,2074,255.2690453,5.969103523,129.2756813,502.2679385,200.727549,21.93809101,0,0,2444.851999,0.145267582,37538.6,3.471244949,50.88614371,-43.53485537,69.4647359,0,0,0,9
element_4695,2075,255.7992354,5.987502405,129.9504868,480.8044683,202.6343546,21.93602992,0,0,2444.851999,0.145267582,37538.6,3.471244949,50.88614371,-43.53485537,69.4647359,0,0,0,9
element_4695,2076,255.4726048,5.873154878,129.2646935,462.771099,205.99551,21.93602992,0,0,2444.851999,0.145267582,37538.6,3.471244949,50.88614371,-43.53485537,69.4647359,0,0,0,9
element_4695,2077,255.8966813,5.989769517,129.0488324,486.9675816,211.706069,21.93602992,0,0,2444.851999,0.145267582,37538.6,3.471244949,50.88614371,-43.53485537,69.4647359,0,0,0,9
element_4695,2078,256.191073,6.201781878,130.0017199,485.0376699,208.8345014,21.94020483,0,0,2444.851999,0.145267582,37538.6,3.471244949,50.88614371,-43.53485537,69.4647359,0,0,0,9
element_4695,2079,255.4768097,6.03959922,128.3713885,498.8676417,203.7606396,21.94017945,0,0,2444.851999,0.145267582,37538.6,3.471244949,50.88614371,-43.53485537,69.4647359,0,0,0,9
element_4695,2080,256.3720886,6.132968965,128.0477356,561.8872956,209.9931773,21.93602992,0,0,2444.851999,0.145267582,37538.6,3.471244949,50.88614371,-43.53485537,69.4647359,0,0,0,9
element_4695,2081,256.1883385,6.186419109,128.5903919,534.6484614,213.589851,21.93976798,0,0,2444.851999,0.145267582,37538.6,3.471244949,50.88614371,-43.53485537,69.4647359,0,0,0,9
element_4695,2082,255.4666482,5.694946987,130.5381517,471.9620083,212.8372417,21.93602992,0,0,2444.851999,0.145267582,37538.6,3.471244949,50.88614371,-43.53485537,69.4647359,0,0,0,9
element_4695,2083,255.8601033,6.155953156,128.3994729,518.9220698,209.2803914,21.93650644,0,0,2444.851999,0.145267582,37538.6,3.471244949,50.88614371,-43.53485537,69.4647359,0,0,0,9
element_4695,2084,256.1903708,6.030208478,125.9864244,576.8199851,203.4558365,21.93931373,0,0,2444.851999,0.145267582,37538.6,3.471244949,50.88614371,-43.53485537,69.4647359,0,0,0,9
element_4695,2085,256.2090195,5.826373378,129.7916674,462.2919261,211.2658311,21.95171908,0,0,2444.851999,0.145267582,37538.6,3.471244949,50.88614371,-43.53485537,69.4647359,0,0,0,9
element_4695,2086,255.9496314,5.753384453,128.7128985,506.4369629,208.2848005,21.93688912,0,0,2444.851999,0.145267582,37538.6,3.471244949,50.88614371,-43.53485537,69.4647359,0,0,0,9
element_4695,2087,255.7645319,5.835916311,130.6151923,475.3455486,213.4073686,21.93666468,0,0,2444.851999,0.145267582,37538.6,3.471244949,50.88614371,-43.53485537,69.4647359,0,0,0,9
element_4695,2088,256.0249996,5.944818385,128.2402138,502.195653,214.2422032,21.96110982,0,0,2444.851999,0.145267582,37538.6,3.471244949,50.88614371,-43.53485537,69.4647359,0,0,0,9
element_4695,2089,255.958963,5.998235811,128.1715559,542.5304259,204.9885638,21.93609167,0,0,2444.851999,0.145267582,37538.6,3.471244949,50.88614371,-43.53485537,69.4647359,0,0,0,9
element_4695,2090,255.2367677,5.788027118,129.6196039,498.9409384,212.1114294,21.94008425,0,0,2444.851999,0.145267582,37538.6,3.471244949,50.88614371,-43.53485537,69.4647359,0,0,0,9
element_4695,2091,255.7452407,5.941148749,128.7654527,514.0463157,215.4616834,21.93650901,0,0,2444.851999,0.145267582,37538.6,3.471244949,50.88614371,-43.53485537,69.4647359,0,0,0,9
element_4695,2092,256.3829174,5.906920953,127.787031,517.7178271,221.1261965,21.93644472,0,0,2444.851999,0.145267582,37538.6,3.471244949,50.88614371,-43.53485537,69.4647359,0,0,0,9
element_4695,2093,256.7069003,6.054304182,129.0499541,525.631227,224.9621215,21.94512759,0,0,2444.851999,0.145267582,37538.6,3.471244949,50.88614371,-43.53485537,69.4647359,0,0,0,9
element_4695,2094,255.8715685,5.880451474,128.5114784,510.9850713,225.053271,21.93928301,0,0,2444.851999,0.145267582,37538.6,3.471244949,50.88614371,-43.53485537,69.4647359,0,0,0,9
element_4695,2095,256.5883868,6.036236197,127.8663206,525.9306451,221.3187323,21.93839955,0,0,2444.851999,0.145267582,37538.6,3.471244949,50.88614371,-43.53485537,69.4647359,0,0,0,9
element_4695,2096,256.0294432,5.911993402,129.1929759,519.3920962,221.1575299,21.93959709,0,0,2444.851999,0.145267582,37538.6,3.471244949,50.88614371,-43.53485537,69.4647359,0,0,0,9
element_4695,2097,255.9185507,5.845453521,128.4724722,497.0850861,213.2042004,21.93660904,0,0,2444.851999,0.145267582,37538.6,3.471244949,50.88614371,-43.53485537,69.4647359,0,0,0,9
element_4695,2098,257.2748657,6.114050494,125.1785418,575.4562788,224.605868,21.95373316,0,0,2444.851999,0.145267582,37538.6,3.471244949,50.88614371,-43.53485537,69.4647359,0,0,0,9
element_4695,2099,257.3565916,5.799375388,128.888588,482.8172714,229.234892,21.93602992,0,0,2444.851999,0.145267582,37538.6,3.471244949,50.88614371,-43.53485537,69.4647359,0,0,0,9
element_4695,2100,256.6794915,5.841589568,126.6940113,547.3138527,219.0861607,21.94310132,0,0,2444.851999,0.145267582,37538.6,3.471244949,50.88614371,-43.53485537,69.4647359,0,0,0,9
element_4696,2015,249.9215133,5.47313139,134.4921279,329.7170973,149.464815,21.93602992,0,0,2904.762326,0.079380863,14559.7,4.533325629,46.65608367,-40.46842961,70.43978118,0,0,0,9
element_4696,2016,249.653743,5.412994154,134.4927293,340.8941645,153.6700034,21.93603758,0,0,2904.762326,0.079380863,14559.7,4.533325629,46.65608367,-40.46842961,70.43978118,0,0,0,9
element_4696,2017,248.9888968,5.340611826,135.5558672,303.4959418,152.9203069,21.93602992,0,0,2904.762326,0.079380863,14559.7,4.533325629,46.65608367,-40.46842961,70.43978118,0,0,0,9
element_4696,2018,249.770156,5.668146038,134.6535666,324.8809565,149.9591518,21.93602992,0,0,2904.762326,0.079380863,14559.7,4.533325629,46.65608367,-40.46842961,70.43978118,0,0,0,9
element_4696,2019,248.4702047,5.240670062,134.9436312,282.4447325,143.310989,21.93602992,0,0,2904.762326,0.079380863,14559.7,4.533325629,46.65608367,-40.46842961,70.43978118,0,0,0,9
element_4696,2020,248.8946159,5.408369504,133.9892077,334.7032665,146.7557278,21.93602992,0,0,2904.762326,0.079380863,14559.7,4.533325629,46.65608367,-40.46842961,70.43978118,0,0,0,9
element_4696,2021,248.5133958,5.407265764,133.7580509,331.2088462,141.4533453,21.93602992,0,0,2904.762326,0.079380863,14559.7,4.533325629,46.65608367,-40.46842961,70.43978118,0,0,0,9
element_4696,2022,249.8740291,5.387126604,135.1273515,318.8028538,151.9412001,21.93602992,0,0,2904.762326,0.079380863,14559.7,4.533325629,46.65608367,-40.46842961,70.43978118,0,0,0,9
element_4696,2023,249.6652743,5.334296614,134.0023517,329.3788259,148.0882298,21.93602992,0,0,2904.762326,0.079380863,14559.7,4.533325629,46.65608367,-40.46842961,70.43978118,0,0,0,9
element_4696,2024,250.0697401,5.398998249,134.6858606,320.5246959,158.5316152,21.93602992,0,0,2904.762326,0.079380863,14559.7,4.533325629,46.65608367,-40.46842961,70.43978118,0,0,0,9
element_4696,2025,250.4685561,5.552368784,134.9991094,365.4166527,152.4984569,21.93602992,0,0,2904.762326,0.079380863,14559.7,4.533325629,46.65608367,-40.46842961,70.43978118,0,0,0,9
element_4696,2026,249.9802055,5.463864695,133.3047631,342.6243619,146.2372324,21.93602992,0,0,2904.762326,0.079380863,14559.7,4.533325629,46.65608367,-40.46842961,70.43978118,0,0,0,9
element_4696,2027,250.4595072,5.55451022,132.8396382,360.6438713,152.1127902,21.93602992,0,0,2904.762326,0.079380863,14559.7,4.533325629,46.65608367,-40.46842961,70.43978118,0,0,0,9
element_4696,2028,250.3193038,5.28599147,133.277897,325.8205957,153.0399633,21.93602992,0,0,2904.762326,0.079380863,14559.7,4.533325629,46.65608367,-40.46842961,70.43978118,0,0,0,9
element_4696,2029,250.2441877,5.612613832,133.3970719,343.9639993,160.4999823,21.93602992,0,0,2904.762326,0.079380863,14559.7,4.533325629,46.65608367,-40.46842961,70.43978118,0,0,0,9
element_4696,2030,249.879774,5.37338811,133.0341805,312.5492376,153.9461395,21.93602992,0,0,2904.762326,0.079380863,14559.7,4.533325629,46.65608367,-40.46842961,70.43978118,0,0,0,9
element_4696,2031,250.1163528,5.437230664,133.1288196,345.94815,148.1019002,21.93602992,0,0,2904.762326,0.079380863,14559.7,4.533325629,46.65608367,-40.46842961,70.43978118,0,0,0,9
element_4696,2032,250.2103434,5.416807106,134.7553757,338.4366572,155.9203468,21.93602992,0,0,2904.762326,0.079380863,14559.7,4.533325629,46.65608367,-40.46842961,70.43978118,0,0,0,9
element_4696,2033,250.4679347,5.612211523,133.4896643,375.757021,152.4892993,21.93602992,0,0,2904.762326,0.079380863,14559.7,4.533325629,46.65608367,-40.46842961,70.43978118,0,0,0,9
element_4696,2034,250.5182946,5.570742084,133.051628,359.0877833,149.8704337,21.93602992,0,0,2904.762326,0.079380863,14559.7,4.533325629,46.65608367,-40.46842961,70.43978118,0,0,0,9
element_4696,2035,250.5377224,5.434445984,135.5191099,319.2676745,162.0538406,21.93602992,0,0,2904.762326,0.079380863,14559.7,4.533325629,46.65608367,-40.46842961,70.43978118,0,0,0,9
element_4696,2036,250.3702268,5.431517116,132.8130055,360.7326357,157.3140397,21.93602992,0,0,2904.762326,0.079380863,14559.7,4.533325629,46.65608367,-40.46842961,70.43978118,0,0,0,9
element_4696,2037,250.1516307,5.48182543,132.735696,364.6182119,149.9257614,21.93602992,0,0,2904.762326,0.079380863,14559.7,4.533325629,46.65608367,-40.46842961,70.43978118,0,0,0,9
element_4696,2038,250.5247728,5.488648956,132.5740553,336.8236058,151.1398594,21.93602992,0,0,2904.762326,0.079380863,14559.7,4.533325629,46.65608367,-40.46842961,70.43978118,0,0,0,9
element_4696,2039,250.9332517,5.563603799,132.6998492,341.7201706,160.5704193,21.93602992,0,0,2904.762326,0.079380863,14559.7,4.533325629,46.65608367,-40.46842961,70.43978118,0,0,0,9
element_4696,2040,249.7479794,5.359234825,132.8466247,340.6565598,151.1046417,21.93602992,0,0,2904.762326,0.079380863,14559.7,4.533325629,46.65608367,-40.46842961,70.43978118,0,0,0,9
element_4696,2041,250.4485145,5.437938281,132.1541408,335.596626,151.796102,21.93602992,0,0,2904.762326,0.079380863,14559.7,4.533325629,46.65608367,-40.46842961,70.43978118,0,0,0,9
element_4696,2042,251.0320899,5.521360749,132.8430072,371.7994979,153.8360868,21.93602992,0,0,2904.762326,0.079380863,14559.7,4.533325629,46.65608367,-40.46842961,70.43978118,0,0,0,9
element_4696,2043,250.7098256,5.560445926,133.4176917,328.2962558,156.5955898,21.93602992,0,0,2904.762326,0.079380863,14559.7,4.533325629,46.65608367,-40.46842961,70.43978118,0,0,0,9
element_4696,2044,250.9420353,5.632691942,131.7365644,353.5758803,151.0373855,21.93602992,0,0,2904.762326,0.079380863,14559.7,4.533325629,46.65608367,-40.46842961,70.43978118,0,0,0,9
element_4696,2045,251.5800803,5.488100102,131.3451722,343.629094,155.5226414,21.93602992,0,0,2904.762326,0.079380863,14559.7,4.533325629,46.65608367,-40.46842961,70.43978118,0,0,0,9
element_4696,2046,251.2727674,5.551590419,133.2111823,367.4369992,161.096596,21.93602992,0,0,2904.762326,0.079380863,14559.7,4.533325629,46.65608367,-40.46842961,70.43978118,0,0,0,9
element_4696,2047,251.1052461,5.450537627,132.1687882,347.5445271,160.0551358,21.93602992,0,0,2904.762326,0.079380863,14559.7,4.533325629,46.65608367,-40.46842961,70.43978118,0,0,0,9
element_4696,2048,251.1788628,5.435141429,131.8114537,395.5172738,164.3176564,21.93602992,0,0,2904.762326,0.079380863,14559.7,4.533325629,46.65608367,-40.46842961,70.43978118,0,0,0,9
element_4696,2049,251.4167282,5.379451243,133.4010878,346.1571754,158.8056438,21.93602992,0,0,2904.762326,0.079380863,14559.7,4.533325629,46.65608367,-40.46842961,70.43978118,0,0,0,9
element_4696,2050,252.1020403,5.542762674,132.192583,358.2677884,167.8603433,21.93602992,0,0,2904.762326,0.079380863,14559.7,4.533325629,46.65608367,-40.46842961,70.43978118,0,0,0,9
element_4696,2051,251.4142435,5.436903175,130.3592887,399.780028,162.8813502,21.93602992,0,0,2904.762326,0.079380863,14559.7,4.533325629,46.65608367,-40.46842961,70.43978118,0,0,0,9
element_4696,2052,251.6295268,5.456469226,131.2158924,387.5726758,162.5732517,21.93602992,0,0,2904.762326,0.079380863,14559.7,4.533325629,46.65608367,-40.46842961,70.43978118,0,0,0,9
element_4696,2053,251.5215743,5.541107038,131.6357676,354.8606598,161.6074829,21.93604487,0,0,2904.762326,0.079380863,14559.7,4.533325629,46.65608367,-40.46842961,70.43978118,0,0,0,9
element_4696,2054,251.4515665,5.693276718,132.5160946,390.3388845,160.4361174,21.93602992,0,0,2904.762326,0.079380863,14559.7,4.533325629,46.65608367,-40.46842961,70.43978118,0,0,0,9
element_4696,2055,251.3300498,5.291354254,132.628804,370.4918817,166.8226881,21.93602992,0,0,2904.762326,0.079380863,14559.7,4.533325629,46.65608367,-40.46842961,70.43978118,0,0,0,9
element_4696,2056,251.5396534,5.360533557,132.3623544,383.1625724,160.3585562,21.93602992,0,0,2904.762326,0.079380863,14559.7,4.533325629,46.65608367,-40.46842961,70.43978118,0,0,0,9
element_4696,2057,251.7437544,5.3105381,132.2306748,324.7738942,163.3017075,21.93602992,0,0,2904.762326,0.079380863,14559.7,4.533325629,46.65608367,-40.46842961,70.43978118,0,0,0,9
element_4696,2058,251.9166041,5.365547756,132.0154107,363.2908465,173.2520923,21.93602992,0,0,2904.762326,0.079380863,14559.7,4.533325629,46.65608367,-40.46842961,70.43978118,0,0,0,9
element_4696,2059,252.1172041,5.498089812,129.799622,416.7334183,168.1281339,21.93614752,0,0,2904.762326,0.079380863,14559.7,4.533325629,46.65608367,-40.46842961,70.43978118,0,0,0,9
element_4696,2060,251.7322844,5.481389521,132.0297662,387.5287188,162.785272,21.93607188,0,0,2904.762326,0.079380863,14559.7,4.533325629,46.65608367,-40.46842961,70.43978118,0,0,0,9
element_4696,2061,252.0463572,5.461583085,130.1754349,388.2264159,165.7121351,21.93602992,0,0,2904.762326,0.079380863,14559.7,4.533325629,46.65608367,-40.46842961,70.43978118,0,0,0,9
element_4696,2062,252.6042819,5.471284982,130.7512018,398.1983283,173.0476591,21.93685206,0,0,2904.762326,0.079380863,14559.7,4.533325629,46.65608367,-40.46842961,70.43978118,0,0,0,9
element_4696,2063,252.503979,5.453686291,129.6961341,388.7471427,164.6657679,21.93732392,0,0,2904.762326,0.079380863,14559.7,4.533325629,46.65608367,-40.46842961,70.43978118,0,0,0,9
element_4696,2064,252.6183861,5.541275862,132.2145272,388.6034127,170.0160691,21.93606875,0,0,2904.762326,0.079380863,14559.7,4.533325629,46.65608367,-40.46842961,70.43978118,0,0,0,9
element_4696,2065,252.8598553,5.465259878,131.442056,363.2769771,178.6618479,21.93603417,0,0,2904.762326,0.079380863,14559.7,4.533325629,46.65608367,-40.46842961,70.43978118,0,0,0,9
element_4696,2066,252.8274604,5.431399065,130.4326158,400.9797908,180.4354174,21.93602992,0,0,2904.762326,0.079380863,14559.7,4.533325629,46.65608367,-40.46842961,70.43978118,0,0,0,9
element_4696,2067,252.8753653,5.403066783,130.4688532,383.4461524,172.9788914,21.93753685,0,0,2904.762326,0.079380863,14559.7,4.533325629,46.65608367,-40.46842961,70.43978118,0,0,0,9
element_4696,2068,252.2209167,5.508160073,129.2583743,397.6127842,168.5804383,21.93602992,0,0,2904.762326,0.079380863,14559.7,4.533325629,46.65608367,-40.46842961,70.43978118,0,0,0,9
element_4696,2069,252.9398994,5.494667385,128.9714744,421.2073466,173.395044,21.93602992,0,0,2904.762326,0.079380863,14559.7,4.533325629,46.65608367,-40.46842961,70.43978118,0,0,0,9
element_4696,2070,253.6178922,5.666286905,127.5428917,461.1060136,170.0854782,21.93602992,0,0,2904.762326,0.079380863,14559.7,4.533325629,46.65608367,-40.46842961,70.43978118,0,0,0,9
element_4696,2071,252.5761533,5.369447113,132.2051847,354.34823,174.6029938,21.93602992,0,0,2904.762326,0.079380863,14559.7,4.533325629,46.65608367,-40.46842961,70.43978118,0,0,0,9
element_4696,2072,252.6920634,5.410882101,129.6880508,395.4211379,173.2571749,21.93603064,0,0,2904.762326,0.079380863,14559.7,4.533325629,46.65608367,-40.46842961,70.43978118,0,0,0,9
element_4696,2073,253.0010402,5.429768489,131.5312116,394.5718604,183.9223463,21.93613132,0,0,2904.762326,0.079380863,14559.7,4.533325629,46.65608367,-40.46842961,70.43978118,0,0,0,9
element_4696,2074,253.2617361,5.550403005,130.3575332,419.4605921,175.506585,21.93613934,0,0,2904.762326,0.079380863,14559.7,4.533325629,46.65608367,-40.46842961,70.43978118,0,0,0,9
element_4696,2075,253.580563,5.48404153,130.410194,389.8591781,175.1650415,21.93602992,0,0,2904.762326,0.079380863,14559.7,4.533325629,46.65608367,-40.46842961,70.43978118,0,0,0,9
element_4696,2076,253.3218196,5.414370347,129.511917,385.6395502,180.1870389,21.93602992,0,0,2904.762326,0.079380863,14559.7,4.533325629,46.65608367,-40.46842961,70.43978118,0,0,0,9
element_4696,2077,253.880043,5.553625107,128.5560068,423.7021497,184.5522547,21.93602992,0,0,2904.762326,0.079380863,14559.7,4.533325629,46.65608367,-40.46842961,70.43978118,0,0,0,9
element_4696,2078,254.0461968,5.564256926,130.2792516,418.2578406,182.7844311,21.9367738,0,0,2904.762326,0.079380863,14559.7,4.533325629,46.65608367,-40.46842961,70.43978118,0,0,0,9
element_4696,2079,253.421626,5.563044836,128.590128,420.1565653,179.2279657,21.93662416,0,0,2904.762326,0.079380863,14559.7,4.533325629,46.65608367,-40.46842961,70.43978118,0,0,0,9
element_4696,2080,254.1083388,5.564763794,128.7695292,465.8223909,182.6844311,21.93602992,0,0,2904.762326,0.079380863,14559.7,4.533325629,46.65608367,-40.46842961,70.43978118,0,0,0,9
element_4696,2081,254.2116657,5.703600005,128.7826239,441.4488986,186.1311115,21.93657908,0,0,2904.762326,0.079380863,14559.7,4.533325629,46.65608367,-40.46842961,70.43978118,0,0,0,9
element_4696,2082,253.5411186,5.305417958,129.9487714,393.9399683,185.8750418,21.93602992,0,0,2904.762326,0.079380863,14559.7,4.533325629,46.65608367,-40.46842961,70.43978118,0,0,0,9
element_4696,2083,253.7411783,5.557649341,128.5932292,431.3504134,181.5725418,21.93605522,0,0,2904.762326,0.079380863,14559.7,4.533325629,46.65608367,-40.46842961,70.43978118,0,0,0,9
element_4696,2084,253.9846007,5.497052147,126.5966144,472.1149284,175.4305408,21.93623943,0,0,2904.762326,0.079380863,14559.7,4.533325629,46.65608367,-40.46842961,70.43978118,0,0,0,9
element_4696,2085,253.9690975,5.336166647,129.7236865,383.587741,183.6032809,21.93864677,0,0,2904.762326,0.079380863,14559.7,4.533325629,46.65608367,-40.46842961,70.43978118,0,0,0,9
element_4696,2086,253.8288985,5.348763036,128.6562165,430.1380178,182.8161588,21.93607553,0,0,2904.762326,0.079380863,14559.7,4.533325629,46.65608367,-40.46842961,70.43978118,0,0,0,9
element_4696,2087,253.6420989,5.400411446,130.6747091,390.0858074,185.2975071,21.93606362,0,0,2904.762326,0.079380863,14559.7,4.533325629,46.65608367,-40.46842961,70.43978118,0,0,0,9
element_4696,2088,253.8340337,5.373419923,129.1249821,413.7499912,187.5101145,21.9415914,0,0,2904.762326,0.079380863,14559.7,4.533325629,46.65608367,-40.46842961,70.43978118,0,0,0,9
element_4696,2089,253.9194773,5.477560942,127.6489223,442.0838972,180.7532004,21.9360332,0,0,2904.762326,0.079380863,14559.7,4.533325629,46.65608367,-40.46842961,70.43978118,0,0,0,9
element_4696,2090,253.2988043,5.384651072,129.1057421,413.4301041,183.7500052,21.93686471,0,0,2904.762326,0.079380863,14559.7,4.533325629,46.65608367,-40.46842961,70.43978118,0,0,0,9
element_4696,2091,253.5508412,5.477890076,128.8951258,419.3716106,187.065345,21.93605536,0,0,2904.762326,0.079380863,14559.7,4.533325629,46.65608367,-40.46842961,70.43978118,0,0,0,9
element_4696,2092,254.3095838,5.434924932,128.3924133,437.3358722,189.7680046,21.93605194,0,0,2904.762326,0.079380863,14559.7,4.533325629,46.65608367,-40.46842961,70.43978118,0,0,0,9
element_4696,2093,254.6532315,5.570351113,128.6585087,438.3710819,196.7627932,21.93743242,0,0,2904.762326,0.079380863,14559.7,4.533325629,46.65608367,-40.46842961,70.43978118,0,0,0,9
element_4696,2094,253.7669309,5.410780788,129.1414906,409.5227552,196.433909,21.93653043,0,0,2904.762326,0.079380863,14559.7,4.533325629,46.65608367,-40.46842961,70.43978118,0,0,0,9
element_4696,2095,254.6142022,5.563725239,127.4900017,438.1507487,192.6471222,21.93615571,0,0,2904.762326,0.079380863,14559.7,4.533325629,46.65608367,-40.46842961,70.43978118,0,0,0,9
element_4696,2096,253.8640901,5.398834571,128.7193791,434.1309613,192.9496962,21.93650445,0,0,2904.762326,0.079380863,14559.7,4.533325629,46.65608367,-40.46842961,70.43978118,0,0,0,9
element_4696,2097,253.8619326,5.387272521,128.3067489,403.8086413,187.96328,21.93606067,0,0,2904.762326,0.079380863,14559.7,4.533325629,46.65608367,-40.46842961,70.43978118,0,0,0,9
element_4696,2098,255.0935583,5.607868515,126.134386,468.2085222,196.4215894,21.93883417,0,0,2904.762326,0.079380863,14559.7,4.533325629,46.65608367,-40.46842961,70.43978118,0,0,0,9
element_4696,2099,255.2011142,5.262811088,129.1703293,393.9580846,202.5450587,21.93602992,0,0,2904.762326,0.079380863,14559.7,4.533325629,46.65608367,-40.46842961,70.43978118,0,0,0,9
element_4696,2100,254.7558855,5.39804333,127.5772744,445.5941317,194.5051707,21.93714107,0,0,2904.762326,0.079380863,14559.7,4.533325629,46.65608367,-40.46842961,70.43978118,0,0,0,9
element_4697,2015,251.5962632,5.478153535,136.6716687,387.0644297,172.0313871,21.93602992,0,0,2722.014739,0.085713885,10030.1,4.26577152,47.96689427,-40.81246242,68.82965897,0,0,0,9
element_4697,2016,251.3424066,5.483566732,135.6968779,437.9462415,172.6301807,21.93608525,0,0,2722.014739,0.085713885,10030.1,4.26577152,47.96689427,-40.81246242,68.82965897,0,0,0,9
element_4697,2017,250.6283081,5.3366788,138.0632734,363.2655807,171.8070373,21.93602992,0,0,2722.014739,0.085713885,10030.1,4.26577152,47.96689427,-40.81246242,68.82965897,0,0,0,9
element_4697,2018,251.4113021,5.729035084,136.5620256,398.5602889,169.8188873,21.93602992,0,0,2722.014739,0.085713885,10030.1,4.26577152,47.96689427,-40.81246242,68.82965897,0,0,0,9
element_4697,2019,250.1848196,5.342222662,136.4864937,343.2541424,160.3161318,21.93602992,0,0,2722.014739,0.085713885,10030.1,4.26577152,47.96689427,-40.81246242,68.82965897,0,0,0,9
element_4697,2020,250.7476253,5.524460509,135.2321031,429.3857974,164.8568604,21.93602992,0,0,2722.014739,0.085713885,10030.1,4.26577152,47.96689427,-40.81246242,68.82965897,0,0,0,9
element_4697,2021,250.1777732,5.460267673,135.9171813,412.7352418,158.6879067,21.93602992,0,0,2722.014739,0.085713885,10030.1,4.26577152,47.96689427,-40.81246242,68.82965897,0,0,0,9
element_4697,2022,251.5677165,5.454853481,136.8734849,398.8105727,172.0540457,21.93602992,0,0,2722.014739,0.085713885,10030.1,4.26577152,47.96689427,-40.81246242,68.82965897,0,0,0,9
element_4697,2023,251.3422198,5.352650516,135.6574328,399.7748824,166.204369,21.93602992,0,0,2722.014739,0.085713885,10030.1,4.26577152,47.96689427,-40.81246242,68.82965897,0,0,0,9
element_4697,2024,251.8683018,5.448627942,136.716567,385.0992306,179.8542673,21.93602992,0,0,2722.014739,0.085713885,10030.1,4.26577152,47.96689427,-40.81246242,68.82965897,0,0,0,9
element_4697,2025,252.1882643,5.643730783,136.398025,452.3205001,172.0360736,21.93602992,0,0,2722.014739,0.085713885,10030.1,4.26577152,47.96689427,-40.81246242,68.82965897,0,0,0,9
element_4697,2026,251.741097,5.557119139,134.8959688,417.604968,167.008267,21.93602992,0,0,2722.014739,0.085713885,10030.1,4.26577152,47.96689427,-40.81246242,68.82965897,0,0,0,9
element_4697,2027,252.1560231,5.64221337,134.4088016,433.2830249,172.7329678,21.93602992,0,0,2722.014739,0.085713885,10030.1,4.26577152,47.96689427,-40.81246242,68.82965897,0,0,0,9
element_4697,2028,252.1213817,5.36191666,135.4510061,390.2091185,175.0831628,21.93602992,0,0,2722.014739,0.085713885,10030.1,4.26577152,47.96689427,-40.81246242,68.82965897,0,0,0,9
element_4697,2029,251.9887629,5.677781079,135.2671148,419.9567392,182.2788731,21.93602992,0,0,2722.014739,0.085713885,10030.1,4.26577152,47.96689427,-40.81246242,68.82965897,0,0,0,9
element_4697,2030,251.6032576,5.415594101,134.6032306,395.0582398,173.3321557,21.93602992,0,0,2722.014739,0.085713885,10030.1,4.26577152,47.96689427,-40.81246242,68.82965897,0,0,0,9
element_4697,2031,251.7994409,5.529440899,134.5474808,434.9243761,166.8610083,21.93602992,0,0,2722.014739,0.085713885,10030.1,4.26577152,47.96689427,-40.81246242,68.82965897,0,0,0,9
element_4697,2032,251.8981927,5.481582213,136.1638267,437.6370795,174.4201308,21.93603049,0,0,2722.014739,0.085713885,10030.1,4.26577152,47.96689427,-40.81246242,68.82965897,0,0,0,9
element_4697,2033,252.2027282,5.667927293,135.3019482,452.6322399,173.4042302,21.93602992,0,0,2722.014739,0.085713885,10030.1,4.26577152,47.96689427,-40.81246242,68.82965897,0,0,0,9
element_4697,2034,252.1644601,5.584783114,135.1568738,441.1743516,168.6804468,21.93602992,0,0,2722.014739,0.085713885,10030.1,4.26577152,47.96689427,-40.81246242,68.82965897,0,0,0,9
element_4697,2035,252.2410349,5.514114793,137.1430064,397.7873238,183.0272943,21.93602992,0,0,2722.014739,0.085713885,10030.1,4.26577152,47.96689427,-40.81246242,68.82965897,0,0,0,9
element_4697,2036,252.0322549,5.468932573,134.7451886,462.3062798,177.986492,21.93602992,0,0,2722.014739,0.085713885,10030.1,4.26577152,47.96689427,-40.81246242,68.82965897,0,0,0,9
element_4697,2037,251.7824631,5.515898798,134.5819452,445.1177297,169.7959113,21.93602992,0,0,2722.014739,0.085713885,10030.1,4.26577152,47.96689427,-40.81246242,68.82965897,0,0,0,9
element_4697,2038,252.3765279,5.573169168,133.961169,428.1071433,169.9570958,21.93602992,0,0,2722.014739,0.085713885,10030.1,4.26577152,47.96689427,-40.81246242,68.82965897,0,0,0,9
element_4697,2039,252.6280715,5.623297731,134.5607933,428.709325,180.0067666,21.93602992,0,0,2722.014739,0.085713885,10030.1,4.26577152,47.96689427,-40.81246242,68.82965897,0,0,0,9
element_4697,2040,251.4865166,5.391690055,133.7727367,443.9095888,168.3390876,21.93602992,0,0,2722.014739,0.085713885,10030.1,4.26577152,47.96689427,-40.81246242,68.82965897,0,0,0,9
element_4697,2041,252.1575097,5.561799735,133.2610943,420.4260003,168.6283316,21.93602992,0,0,2722.014739,0.085713885,10030.1,4.26577152,47.96689427,-40.81246242,68.82965897,0,0,0,9
element_4697,2042,252.6257956,5.537068692,134.5956843,450.8505207,171.5954903,21.93602992,0,0,2722.014739,0.085713885,10030.1,4.26577152,47.96689427,-40.81246242,68.82965897,0,0,0,9
element_4697,2043,252.3964781,5.567013286,135.4018699,407.4302506,176.5724125,21.93602992,0,0,2722.014739,0.085713885,10030.1,4.26577152,47.96689427,-40.81246242,68.82965897,0,0,0,9
element_4697,2044,252.5905122,5.644522735,133.4571077,449.7970587,168.1997987,21.93602992,0,0,2722.014739,0.085713885,10030.1,4.26577152,47.96689427,-40.81246242,68.82965897,0,0,0,9
element_4697,2045,253.339993,5.606705976,132.5440355,453.5661536,173.131308,21.93602992,0,0,2722.014739,0.085713885,10030.1,4.26577152,47.96689427,-40.81246242,68.82965897,0,0,0,9
element_4697,2046,252.9273078,5.568053438,135.0132737,457.5583256,180.6832937,21.93602992,0,0,2722.014739,0.085713885,10030.1,4.26577152,47.96689427,-40.81246242,68.82965897,0,0,0,9
element_4697,2047,252.814352,5.572262657,134.0656373,418.3705689,180.5584782,21.93602992,0,0,2722.014739,0.085713885,10030.1,4.26577152,47.96689427,-40.81246242,68.82965897,0,0,0,9
element_4697,2048,252.75045,5.485248244,133.6895238,479.7699845,182.9910629,21.93602992,0,0,2722.014739,0.085713885,10030.1,4.26577152,47.96689427,-40.81246242,68.82965897,0,0,0,9
element_4697,2049,253.0528535,5.406263517,134.8564319,426.7437337,178.6664106,21.93602992,0,0,2722.014739,0.085713885,10030.1,4.26577152,47.96689427,-40.81246242,68.82965897,0,0,0,9
element_4697,2050,253.5800107,5.586310654,133.7331092,450.7159747,186.821993,21.93602992,0,0,2722.014739,0.085713885,10030.1,4.26577152,47.96689427,-40.81246242,68.82965897,0,0,0,9
element_4697,2051,253.0015542,5.415908508,131.6432528,488.7019808,182.2276497,21.93602992,0,0,2722.014739,0.085713885,10030.1,4.26577152,47.96689427,-40.81246242,68.82965897,0,0,0,9
element_4697,2052,253.2637552,5.506813725,132.2604848,483.7585062,180.4133468,21.93602992,0,0,2722.014739,0.085713885,10030.1,4.26577152,47.96689427,-40.81246242,68.82965897,0,0,0,9
element_4697,2053,253.1765686,5.639977224,133.237405,430.701713,181.4855042,21.93614468,0,0,2722.014739,0.085713885,10030.1,4.26577152,47.96689427,-40.81246242,68.82965897,0,0,0,9
element_4697,2054,253.1928952,5.786174304,133.6196307,483.0983048,180.28198,21.93603813,0,0,2722.014739,0.085713885,10030.1,4.26577152,47.96689427,-40.81246242,68.82965897,0,0,0,9
element_4697,2055,252.9749975,5.336982906,134.3216762,446.2942518,187.9004334,21.93602992,0,0,2722.014739,0.085713885,10030.1,4.26577152,47.96689427,-40.81246242,68.82965897,0,0,0,9
element_4697,2056,253.2188925,5.444138772,133.7333655,479.2850464,178.1529874,21.93602992,0,0,2722.014739,0.085713885,10030.1,4.26577152,47.96689427,-40.81246242,68.82965897,0,0,0,9
element_4697,2057,253.4151569,5.40149999,133.7081613,406.2299512,180.6622387,21.93602992,0,0,2722.014739,0.085713885,10030.1,4.26577152,47.96689427,-40.81246242,68.82965897,0,0,0,9
element_4697,2058,253.4924717,5.413582081,133.9057018,438.6431231,193.362976,21.93603255,0,0,2722.014739,0.085713885,10030.1,4.26577152,47.96689427,-40.81246242,68.82965897,0,0,0,9
element_4697,2059,253.719424,5.524482753,131.9651916,489.1102814,190.7563153,21.93666603,0,0,2722.014739,0.085713885,10030.1,4.26577152,47.96689427,-40.81246242,68.82965897,0,0,0,9
element_4697,2060,253.2635398,5.567192301,133.8698752,480.8276671,181.855999,21.93629925,0,0,2722.014739,0.085713885,10030.1,4.26577152,47.96689427,-40.81246242,68.82965897,0,0,0,9
element_4697,2061,253.7173891,5.553027618,131.7818028,483.704071,185.2454285,21.93602992,0,0,2722.014739,0.085713885,10030.1,4.26577152,47.96689427,-40.81246242,68.82965897,0,0,0,9
element_4697,2062,254.277704,5.578197634,132.2437694,488.3444868,194.4230991,21.93710083,0,0,2722.014739,0.085713885,10030.1,4.26577152,47.96689427,-40.81246242,68.82965897,0,0,0,9
element_4697,2063,254.0367274,5.506493393,132.0012833,461.3904046,185.7091226,21.93743973,0,0,2722.014739,0.085713885,10030.1,4.26577152,47.96689427,-40.81246242,68.82965897,0,0,0,9
element_4697,2064,254.3874536,5.625426147,134.1563297,466.9178154,192.8538865,21.93626769,0,0,2722.014739,0.085713885,10030.1,4.26577152,47.96689427,-40.81246242,68.82965897,0,0,0,9
element_4697,2065,254.5624272,5.534529247,132.8752089,450.2688675,196.2262974,21.93608082,0,0,2722.014739,0.085713885,10030.1,4.26577152,47.96689427,-40.81246242,68.82965897,0,0,0,9
element_4697,2066,254.4869123,5.508515261,132.6070986,481.3306684,204.8525199,21.93603234,0,0,2722.014739,0.085713885,10030.1,4.26577152,47.96689427,-40.81246242,68.82965897,0,0,0,9
element_4697,2067,254.5531788,5.469079593,131.8584087,474.687119,196.3051959,21.93783647,0,0,2722.014739,0.085713885,10030.1,4.26577152,47.96689427,-40.81246242,68.82965897,0,0,0,9
element_4697,2068,253.8713958,5.562884598,131.1508862,480.6668534,188.7730547,21.93602992,0,0,2722.014739,0.085713885,10030.1,4.26577152,47.96689427,-40.81246242,68.82965897,0,0,0,9
element_4697,2069,254.5508709,5.591696645,129.9609439,516.100726,191.5581321,21.936068,0,0,2722.014739,0.085713885,10030.1,4.26577152,47.96689427,-40.81246242,68.82965897,0,0,0,9
element_4697,2070,255.1811261,5.704114796,128.5378009,581.7790306,189.7880369,21.93607127,0,0,2722.014739,0.085713885,10030.1,4.26577152,47.96689427,-40.81246242,68.82965897,0,0,0,9
element_4697,2071,254.2593681,5.482257438,133.7900941,443.2874074,195.819998,21.93602992,0,0,2722.014739,0.085713885,10030.1,4.26577152,47.96689427,-40.81246242,68.82965897,0,0,0,9
element_4697,2072,254.2752201,5.463672132,131.5548534,506.1625893,194.1113342,21.93605033,0,0,2722.014739,0.085713885,10030.1,4.26577152,47.96689427,-40.81246242,68.82965897,0,0,0,9
element_4697,2073,254.7316531,5.490196224,133.3751859,494.9075824,206.6167745,21.93662764,0,0,2722.014739,0.085713885,10030.1,4.26577152,47.96689427,-40.81246242,68.82965897,0,0,0,9
element_4697,2074,254.8793125,5.595228224,130.8946047,545.0359663,196.0420178,21.93684307,0,0,2722.014739,0.085713885,10030.1,4.26577152,47.96689427,-40.81246242,68.82965897,0,0,0,9
element_4697,2075,255.3309972,5.520301208,132.3022173,476.1839518,197.4340055,21.93609683,0,0,2722.014739,0.085713885,10030.1,4.26577152,47.96689427,-40.81246242,68.82965897,0,0,0,9
element_4697,2076,254.9629666,5.496396318,131.0632067,483.1257189,201.9925203,21.93602992,0,0,2722.014739,0.085713885,10030.1,4.26577152,47.96689427,-40.81246242,68.82965897,0,0,0,9
element_4697,2077,255.554625,5.597011747,130.2427997,523.6722272,207.9587691,21.93602992,0,0,2722.014739,0.085713885,10030.1,4.26577152,47.96689427,-40.81246242,68.82965897,0,0,0,9
element_4697,2078,255.7004667,5.670290707,131.7249684,519.170105,203.5180957,21.93688054,0,0,2722.014739,0.085713885,10030.1,4.26577152,47.96689427,-40.81246242,68.82965897,0,0,0,9
element_4697,2079,255.0703904,5.607394245,129.9596824,524.7110653,199.3374841,21.93774791,0,0,2722.014739,0.085713885,10030.1,4.26577152,47.96689427,-40.81246242,68.82965897,0,0,0,9
element_4697,2080,255.7332275,5.67970036,129.9977127,579.1448263,202.5583351,21.93603565,0,0,2722.014739,0.085713885,10030.1,4.26577152,47.96689427,-40.81246242,68.82965897,0,0,0,9
element_4697,2081,255.7789945,5.759759535,130.2864093,565.2389314,207.2932594,21.93692695,0,0,2722.014739,0.085713885,10030.1,4.26577152,47.96689427,-40.81246242,68.82965897,0,0,0,9
element_4697,2082,255.1106781,5.310658097,132.7199325,473.9022531,208.6244924,21.93603085,0,0,2722.014739,0.085713885,10030.1,4.26577152,47.96689427,-40.81246242,68.82965897,0,0,0,9
element_4697,2083,255.4138421,5.685941843,129.9687179,549.4075412,203.8332902,21.93622422,0,0,2722.014739,0.085713885,10030.1,4.26577152,47.96689427,-40.81246242,68.82965897,0,0,0,9
element_4697,2084,255.7115289,5.582696712,128.1550437,586.2927397,200.1157165,21.93698178,0,0,2722.014739,0.085713885,10030.1,4.26577152,47.96689427,-40.81246242,68.82965897,0,0,0,9
element_4697,2085,255.7863641,5.442491077,130.9739136,481.2006492,207.723905,21.94296812,0,0,2722.014739,0.085713885,10030.1,4.26577152,47.96689427,-40.81246242,68.82965897,0,0,0,9
element_4697,2086,255.563325,5.438578145,131.0636928,507.819706,206.4974056,21.9362639,0,0,2722.014739,0.085713885,10030.1,4.26577152,47.96689427,-40.81246242,68.82965897,0,0,0,9
element_4697,2087,255.3965633,5.49862909,132.2793875,493.2612204,208.7143331,21.93624673,0,0,2722.014739,0.085713885,10030.1,4.26577152,47.96689427,-40.81246242,68.82965897,0,0,0,9
element_4697,2088,255.5045882,5.460873442,129.9935571,532.1460751,208.9392095,21.94869058,0,0,2722.014739,0.085713885,10030.1,4.26577152,47.96689427,-40.81246242,68.82965897,0,0,0,9
element_4697,2089,255.5564689,5.576173472,129.2138086,563.7094567,201.8761765,21.93608792,0,0,2722.014739,0.085713885,10030.1,4.26577152,47.96689427,-40.81246242,68.82965897,0,0,0,9
element_4697,2090,254.8741151,5.427197117,130.9019931,516.2345084,204.7963657,21.93696514,0,0,2722.014739,0.085713885,10030.1,4.26577152,47.96689427,-40.81246242,68.82965897,0,0,0,9
element_4697,2091,255.3512505,5.526897147,130.3899892,537.1098745,212.5777463,21.93625488,0,0,2722.014739,0.085713885,10030.1,4.26577152,47.96689427,-40.81246242,68.82965897,0,0,0,9
element_4697,2092,256.0763269,5.504043097,129.6863258,567.628706,215.3170004,21.93616159,0,0,2722.014739,0.085713885,10030.1,4.26577152,47.96689427,-40.81246242,68.82965897,0,0,0,9
element_4697,2093,256.3065572,5.691644391,130.4068205,548.8444476,220.3353854,21.93964651,0,0,2722.014739,0.085713885,10030.1,4.26577152,47.96689427,-40.81246242,68.82965897,0,0,0,9
element_4697,2094,255.5101875,5.515642434,130.7033581,502.4220593,221.0346705,21.93776004,0,0,2722.014739,0.085713885,10030.1,4.26577152,47.96689427,-40.81246242,68.82965897,0,0,0,9
element_4697,2095,256.2729626,5.686426109,129.0067286,549.6851532,214.2139045,21.93683564,0,0,2722.014739,0.085713885,10030.1,4.26577152,47.96689427,-40.81246242,68.82965897,0,0,0,9
element_4697,2096,255.6327796,5.50314607,130.9970457,523.9656899,216.3671838,21.93820843,0,0,2722.014739,0.085713885,10030.1,4.26577152,47.96689427,-40.81246242,68.82965897,0,0,0,9
element_4697,2097,255.5527966,5.515987169,130.5138955,487.587421,209.2449373,21.93640673,0,0,2722.014739,0.085713885,10030.1,4.26577152,47.96689427,-40.81246242,68.82965897,0,0,0,9
element_4697,2098,256.8028389,5.69537769,127.017064,594.2220167,222.2889262,21.94634126,0,0,2722.014739,0.085713885,10030.1,4.26577152,47.96689427,-40.81246242,68.82965897,0,0,0,9
element_4697,2099,256.935598,5.332743899,130.3001288,487.1857881,225.6493299,21.936067,0,0,2722.014739,0.085713885,10030.1,4.26577152,47.96689427,-40.81246242,68.82965897,0,0,0,9
element_4697,2100,256.3677063,5.488473842,128.3259973,541.1556817,218.1791839,21.93919153,0,0,2722.014739,0.085713885,10030.1,4.26577152,47.96689427,-40.81246242,68.82965897,0,0,0,9
element_4698,2015,250.043169,5.394850715,135.1529069,333.9728181,151.9360745,21.93602992,0,0,2937.203709,0.071170656,25435.1,4.841468772,41.75685159,-39.21744654,69.83823347,0,0,0,9
element_4698,2016,249.7751133,5.347063453,134.9839092,352.0387255,155.374583,21.93603667,0,0,2937.203709,0.071170656,25435.1,4.841468772,41.75685159,-39.21744654,69.83823347,0,0,0,9
element_4698,2017,249.1082133,5.270893327,136.30498,308.4970067,154.8007003,21.93602992,0,0,2937.203709,0.071170656,25435.1,4.841468772,41.75685159,-39.21744654,69.83823347,0,0,0,9
element_4698,2018,249.9045774,5.608069928,135.3782581,335.4568404,151.7152435,21.93602992,0,0,2937.203709,0.071170656,25435.1,4.841468772,41.75685159,-39.21744654,69.83823347,0,0,0,9
element_4698,2019,248.6201011,5.181249927,135.3921203,292.1622776,144.4559194,21.93602992,0,0,2937.203709,0.071170656,25435.1,4.841468772,41.75685159,-39.21744654,69.83823347,0,0,0,9
element_4698,2020,249.0793041,5.367452331,134.5151117,347.7036336,148.7150529,21.93602992,0,0,2937.203709,0.071170656,25435.1,4.841468772,41.75685159,-39.21744654,69.83823347,0,0,0,9
element_4698,2021,248.6692991,5.356787558,134.4839276,339.524516,143.1273917,21.93602992,0,0,2937.203709,0.071170656,25435.1,4.841468772,41.75685159,-39.21744654,69.83823347,0,0,0,9
element_4698,2022,249.9937139,5.319860963,135.7283155,327.4117421,153.7489025,21.93602992,0,0,2937.203709,0.071170656,25435.1,4.841468772,41.75685159,-39.21744654,69.83823347,0,0,0,9
element_4698,2023,249.8025567,5.261434337,134.7240389,334.6581721,150.2432082,21.93602992,0,0,2937.203709,0.071170656,25435.1,4.841468772,41.75685159,-39.21744654,69.83823347,0,0,0,9
element_4698,2024,250.2211635,5.339453873,135.3661826,331.2264346,160.5887866,21.93602992,0,0,2937.203709,0.071170656,25435.1,4.841468772,41.75685159,-39.21744654,69.83823347,0,0,0,9
element_4698,2025,250.6075856,5.499232308,135.6918379,372.2485704,154.6398112,21.93602992,0,0,2937.203709,0.071170656,25435.1,4.841468772,41.75685159,-39.21744654,69.83823347,0,0,0,9
element_4698,2026,250.1402957,5.413290676,133.9370278,351.8592962,148.29516,21.93602992,0,0,2937.203709,0.071170656,25435.1,4.841468772,41.75685159,-39.21744654,69.83823347,0,0,0,9
element_4698,2027,250.6136136,5.50304156,133.4609827,366.2251743,154.2208953,21.93602992,0,0,2937.203709,0.071170656,25435.1,4.841468772,41.75685159,-39.21744654,69.83823347,0,0,0,9
element_4698,2028,250.4864589,5.250336824,134.1259838,329.0287683,155.5122057,21.93602992,0,0,2937.203709,0.071170656,25435.1,4.841468772,41.75685159,-39.21744654,69.83823347,0,0,0,9
element_4698,2029,250.3993301,5.558633045,134.2357246,349.3998625,162.7660194,21.93602992,0,0,2937.203709,0.071170656,25435.1,4.841468772,41.75685159,-39.21744654,69.83823347,0,0,0,9
element_4698,2030,250.0343554,5.322987501,133.601752,324.526568,155.745002,21.93602992,0,0,2937.203709,0.071170656,25435.1,4.841468772,41.75685159,-39.21744654,69.83823347,0,0,0,9
element_4698,2031,250.2601276,5.386970172,133.8334277,354.0905487,150.0744757,21.93602992,0,0,2937.203709,0.071170656,25435.1,4.841468772,41.75685159,-39.21744654,69.83823347,0,0,0,9
element_4698,2032,250.3309303,5.338822401,135.2805466,349.4389422,157.3733205,21.93602992,0,0,2937.203709,0.071170656,25435.1,4.841468772,41.75685159,-39.21744654,69.83823347,0,0,0,9
element_4698,2033,250.6144499,5.551700552,134.0458221,384.5390336,154.3235302,21.93602992,0,0,2937.203709,0.071170656,25435.1,4.841468772,41.75685159,-39.21744654,69.83823347,0,0,0,9
element_4698,2034,250.6391234,5.505422567,133.8412614,366.6060596,151.6049232,21.93602992,0,0,2937.203709,0.071170656,25435.1,4.841468772,41.75685159,-39.21744654,69.83823347,0,0,0,9
element_4698,2035,250.6733967,5.377733722,136.196648,328.157213,163.6852015,21.93602992,0,0,2937.203709,0.071170656,25435.1,4.841468772,41.75685159,-39.21744654,69.83823347,0,0,0,9
element_4698,2036,250.5147445,5.369339408,133.6116257,372.9085434,159.6582511,21.93602992,0,0,2937.203709,0.071170656,25435.1,4.841468772,41.75685159,-39.21744654,69.83823347,0,0,0,9
element_4698,2037,250.2994335,5.431894574,133.261568,376.7267647,151.6119188,21.93602992,0,0,2937.203709,0.071170656,25435.1,4.841468772,41.75685159,-39.21744654,69.83823347,0,0,0,9
element_4698,2038,250.6738938,5.412515671,133.1696449,351.998928,153.1364515,21.93602992,0,0,2937.203709,0.071170656,25435.1,4.841468772,41.75685159,-39.21744654,69.83823347,0,0,0,9
element_4698,2039,251.0656043,5.48910507,133.4667918,353.1691299,162.2148112,21.93602992,0,0,2937.203709,0.071170656,25435.1,4.841468772,41.75685159,-39.21744654,69.83823347,0,0,0,9
element_4698,2040,249.9215112,5.295899605,133.1927013,360.1609132,152.557304,21.93602992,0,0,2937.203709,0.071170656,25435.1,4.841468772,41.75685159,-39.21744654,69.83823347,0,0,0,9
element_4698,2041,250.5864845,5.378400075,132.6579273,348.4357676,153.3805924,21.93602992,0,0,2937.203709,0.071170656,25435.1,4.841468772,41.75685159,-39.21744654,69.83823347,0,0,0,9
element_4698,2042,251.160184,5.457458448,133.4468224,379.3317383,155.3916188,21.93602992,0,0,2937.203709,0.071170656,25435.1,4.841468772,41.75685159,-39.21744654,69.83823347,0,0,0,9
element_4698,2043,250.8504645,5.486849496,134.1261414,337.1765819,158.4173115,21.93602992,0,0,2937.203709,0.071170656,25435.1,4.841468772,41.75685159,-39.21744654,69.83823347,0,0,0,9
element_4698,2044,251.0750907,5.553908621,132.45929,366.4373688,152.5352094,21.93602992,0,0,2937.203709,0.071170656,25435.1,4.841468772,41.75685159,-39.21744654,69.83823347,0,0,0,9
element_4698,2045,251.7044554,5.424571488,131.8698612,364.1675403,156.8432324,21.93602992,0,0,2937.203709,0.071170656,25435.1,4.841468772,41.75685159,-39.21744654,69.83823347,0,0,0,9
element_4698,2046,251.404552,5.502631219,133.9364306,375.2070697,163.0626308,21.93602992,0,0,2937.203709,0.071170656,25435.1,4.841468772,41.75685159,-39.21744654,69.83823347,0,0,0,9
element_4698,2047,251.2275047,5.414057351,132.9552,355.4530073,161.6263739,21.93602992,0,0,2937.203709,0.071170656,25435.1,4.841468772,41.75685159,-39.21744654,69.83823347,0,0,0,9
element_4698,2048,251.3199701,5.37697107,132.462935,401.8384852,165.7416913,21.93602992,0,0,2937.203709,0.071170656,25435.1,4.841468772,41.75685159,-39.21744654,69.83823347,0,0,0,9
element_4698,2049,251.5638912,5.316110745,133.8922711,356.3656001,160.6097899,21.93602992,0,0,2937.203709,0.071170656,25435.1,4.841468772,41.75685159,-39.21744654,69.83823347,0,0,0,9
element_4698,2050,252.1964007,5.468470862,132.8273115,373.3925555,169.3229769,21.93602992,0,0,2937.203709,0.071170656,25435.1,4.841468772,41.75685159,-39.21744654,69.83823347,0,0,0,9
element_4698,2051,251.5460562,5.369873628,130.9196745,407.1747516,164.8335277,21.93602992,0,0,2937.203709,0.071170656,25435.1,4.841468772,41.75685159,-39.21744654,69.83823347,0,0,0,9
element_4698,2052,251.7601804,5.395316146,131.7286538,398.0767284,164.2927744,21.93602992,0,0,2937.203709,0.071170656,25435.1,4.841468772,41.75685159,-39.21744654,69.83823347,0,0,0,9
element_4698,2053,251.6681297,5.492942333,132.2562345,361.3700726,163.2245237,21.93604309,0,0,2937.203709,0.071170656,25435.1,4.841468772,41.75685159,-39.21744654,69.83823347,0,0,0,9
element_4698,2054,251.5899368,5.645804195,133.0174883,402.5638841,162.3231737,21.93602992,0,0,2937.203709,0.071170656,25435.1,4.841468772,41.75685159,-39.21744654,69.83823347,0,0,0,9
element_4698,2055,251.47275,5.24164742,133.3288834,379.1967911,168.8712023,21.93602992,0,0,2937.203709,0.071170656,25435.1,4.841468772,41.75685159,-39.21744654,69.83823347,0,0,0,9
element_4698,2056,251.6716102,5.301946859,133.0519641,392.1419893,162.3637506,21.93602992,0,0,2937.203709,0.071170656,25435.1,4.841468772,41.75685159,-39.21744654,69.83823347,0,0,0,9
element_4698,2057,251.8640295,5.233317176,132.9527225,335.8951485,164.6467951,21.93602992,0,0,2937.203709,0.071170656,25435.1,4.841468772,41.75685159,-39.21744654,69.83823347,0,0,0,9
element_4698,2058,252.0553823,5.310227781,132.5588185,372.3209418,174.8982567,21.93602992,0,0,2937.203709,0.071170656,25435.1,4.841468772,41.75685159,-39.21744654,69.83823347,0,0,0,9
element_4698,2059,252.2721899,5.455308188,130.5870492,424.7097015,170.7548269,21.93613349,0,0,2937.203709,0.071170656,25435.1,4.841468772,41.75685159,-39.21744654,69.83823347,0,0,0,9
element_4698,2060,251.8661002,5.434355028,132.6924367,402.0859007,164.362119,21.93606688,0,0,2937.203709,0.071170656,25435.1,4.841468772,41.75685159,-39.21744654,69.83823347,0,0,0,9
element_4698,2061,252.203303,5.415588256,130.7285179,399.6046974,167.6588588,21.93602992,0,0,2937.203709,0.071170656,25435.1,4.841468772,41.75685159,-39.21744654,69.83823347,0,0,0,9
element_4698,2062,252.7549615,5.410239579,131.4613683,408.1673467,175.3398411,21.9363363,0,0,2937.203709,0.071170656,25435.1,4.841468772,41.75685159,-39.21744654,69.83823347,0,0,0,9
element_4698,2063,252.6320203,5.399581654,130.5710216,392.1935255,166.8087958,21.93650538,0,0,2937.203709,0.071170656,25435.1,4.841468772,41.75685159,-39.21744654,69.83823347,0,0,0,9
element_4698,2064,252.7976177,5.519772016,132.9127288,395.0652637,172.6163198,21.93606412,0,0,2937.203709,0.071170656,25435.1,4.841468772,41.75685159,-39.21744654,69.83823347,0,0,0,9
element_4698,2065,253.0176647,5.403967632,131.9685531,374.6386956,179.9159737,21.93603366,0,0,2937.203709,0.071170656,25435.1,4.841468772,41.75685159,-39.21744654,69.83823347,0,0,0,9
element_4698,2066,252.977047,5.385776306,131.0507093,413.4681016,182.8223661,21.93602992,0,0,2937.203709,0.071170656,25435.1,4.841468772,41.75685159,-39.21744654,69.83823347,0,0,0,9
element_4698,2067,253.0084616,5.346261271,130.9584956,392.1938038,175.5366298,21.93654712,0,0,2937.203709,0.071170656,25435.1,4.841468772,41.75685159,-39.21744654,69.83823347,0,0,0,9
element_4698,2068,252.378635,5.452785212,130.0013034,403.1194054,170.9424591,21.93602992,0,0,2937.203709,0.071170656,25435.1,4.841468772,41.75685159,-39.21744654,69.83823347,0,0,0,9
element_4698,2069,253.0905752,5.444107565,129.5822664,431.4660247,175.1625558,21.93602992,0,0,2937.203709,0.071170656,25435.1,4.841468772,41.75685159,-39.21744654,69.83823347,0,0,0,9
element_4698,2070,253.7607969,5.581623125,128.1400008,479.8365159,172.2659484,21.93602992,0,0,2937.203709,0.071170656,25435.1,4.841468772,41.75685159,-39.21744654,69.83823347,0,0,0,9
element_4698,2071,252.7201008,5.314036615,132.7631239,368.1611155,176.6383003,21.93602992,0,0,2937.203709,0.071170656,25435.1,4.841468772,41.75685159,-39.21744654,69.83823347,0,0,0,9
element_4698,2072,252.8215862,5.338754847,130.4877859,407.6696123,175.4786472,21.93603056,0,0,2937.203709,0.071170656,25435.1,4.841468772,41.75685159,-39.21744654,69.83823347,0,0,0,9
element_4698,2073,253.1732439,5.382074165,132.3483339,405.8354511,186.6861625,21.93611923,0,0,2937.203709,0.071170656,25435.1,4.841468772,41.75685159,-39.21744654,69.83823347,0,0,0,9
element_4698,2074,253.4100451,5.499050675,130.7937339,445.1280932,177.2033592,21.93612629,0,0,2937.203709,0.071170656,25435.1,4.841468772,41.75685159,-39.21744654,69.83823347,0,0,0,9
element_4698,2075,253.7268484,5.415086238,131.2455702,397.3356189,177.102365,21.93602992,0,0,2937.203709,0.071170656,25435.1,4.841468772,41.75685159,-39.21744654,69.83823347,0,0,0,9
element_4698,2076,253.4490019,5.371857966,130.1789401,401.0889646,182.4381578,21.93602992,0,0,2937.203709,0.071170656,25435.1,4.841468772,41.75685159,-39.21744654,69.83823347,0,0,0,9
element_4698,2077,254.0516223,5.493111644,128.99909,443.0935028,186.8594293,21.93602992,0,0,2937.203709,0.071170656,25435.1,4.841468772,41.75685159,-39.21744654,69.83823347,0,0,0,9
element_4698,2078,254.177062,5.477386682,130.9499183,436.6176568,184.8346313,21.9363047,0,0,2937.203709,0.071170656,25435.1,4.841468772,41.75685159,-39.21744654,69.83823347,0,0,0,9
element_4698,2079,253.5733975,5.494064476,129.1706493,436.6468829,181.1136099,21.93628092,0,0,2937.203709,0.071170656,25435.1,4.841468772,41.75685159,-39.21744654,69.83823347,0,0,0,9
element_4698,2080,254.2045137,5.503068671,129.3884417,482.6786855,183.974639,21.93602992,0,0,2937.203709,0.071170656,25435.1,4.841468772,41.75685159,-39.21744654,69.83823347,0,0,0,9
element_4698,2081,254.3515111,5.637968975,129.4036739,462.8041178,187.8228602,21.93625814,0,0,2937.203709,0.071170656,25435.1,4.841468772,41.75685159,-39.21744654,69.83823347,0,0,0,9
element_4698,2082,253.6947922,5.248638174,130.8481659,402.5958263,188.0847515,21.93602992,0,0,2937.203709,0.071170656,25435.1,4.841468772,41.75685159,-39.21744654,69.83823347,0,0,0,9
element_4698,2083,253.8818032,5.493650916,129.1572653,450.8660582,183.6024226,21.9360522,0,0,2937.203709,0.071170656,25435.1,4.841468772,41.75685159,-39.21744654,69.83823347,0,0,0,9
element_4698,2084,254.1295462,5.433323823,127.3302511,487.4618653,178.1967814,21.93618882,0,0,2937.203709,0.071170656,25435.1,4.841468772,41.75685159,-39.21744654,69.83823347,0,0,0,9
element_4698,2085,254.1289061,5.291162343,130.2181964,398.4121361,186.0511558,21.93752645,0,0,2937.203709,0.071170656,25435.1,4.841468772,41.75685159,-39.21744654,69.83823347,0,0,0,9
element_4698,2086,253.9893815,5.317916132,129.5129695,439.637295,185.6342523,21.9360701,0,0,2937.203709,0.071170656,25435.1,4.841468772,41.75685159,-39.21744654,69.83823347,0,0,0,9
element_4698,2087,253.8105123,5.363300058,131.2710892,405.0724768,187.2773778,21.9360596,0,0,2937.203709,0.071170656,25435.1,4.841468772,41.75685159,-39.21744654,69.83823347,0,0,0,9
element_4698,2088,253.9663665,5.302815395,129.6944268,431.5332654,189.5127186,21.94043533,0,0,2937.203709,0.071170656,25435.1,4.841468772,41.75685159,-39.21744654,69.83823347,0,0,0,9
element_4698,2089,254.0750625,5.416172074,128.1055533,458.8254622,183.303482,21.93603281,0,0,2937.203709,0.071170656,25435.1,4.841468772,41.75685159,-39.21744654,69.83823347,0,0,0,9
element_4698,2090,253.4626553,5.339494139,129.6332534,429.0310604,185.1618231,21.93631389,0,0,2937.203709,0.071170656,25435.1,4.841468772,41.75685159,-39.21744654,69.83823347,0,0,0,9
element_4698,2091,253.7245263,5.416152543,129.5158259,436.2388628,190.0138122,21.93605232,0,0,2937.203709,0.071170656,25435.1,4.841468772,41.75685159,-39.21744654,69.83823347,0,0,0,9
element_4698,2092,254.4952822,5.376328759,128.9992727,462.3908379,191.9909364,21.93604932,0,0,2937.203709,0.071170656,25435.1,4.841468772,41.75685159,-39.21744654,69.83823347,0,0,0,9
element_4698,2093,254.8026046,5.519672151,129.2119068,456.4848016,199.291024,21.93670538,0,0,2937.203709,0.071170656,25435.1,4.841468772,41.75685159,-39.21744654,69.83823347,0,0,0,9
element_4698,2094,253.9400847,5.366695551,129.8831045,416.5037287,199.0214405,21.93629219,0,0,2937.203709,0.071170656,25435.1,4.841468772,41.75685159,-39.21744654,69.83823347,0,0,0,9
element_4698,2095,254.7829193,5.517595048,127.9825219,453.3362114,194.3278,21.93614071,0,0,2937.203709,0.071170656,25435.1,4.841468772,41.75685159,-39.21744654,69.83823347,0,0,0,9
element_4698,2096,254.0339883,5.35161094,129.4444277,444.2050807,195.2532169,21.93624016,0,0,2937.203709,0.071170656,25435.1,4.841468772,41.75685159,-39.21744654,69.83823347,0,0,0,9
element_4698,2097,254.0304166,5.355862395,129.0336383,410.0830495,190.1747619,21.936057,0,0,2937.203709,0.071170656,25435.1,4.841468772,41.75685159,-39.21744654,69.83823347,0,0,0,9
element_4698,2098,255.2361819,5.549380785,126.7936755,485.4176808,199.483775,21.93824332,0,0,2937.203709,0.071170656,25435.1,4.841468772,41.75685159,-39.21744654,69.83823347,0,0,0,9
element_4698,2099,255.3458131,5.190259438,129.6566863,403.4797015,205.1842112,21.93602992,0,0,2937.203709,0.071170656,25435.1,4.841468772,41.75685159,-39.21744654,69.83823347,0,0,0,9
element_4698,2100,254.920653,5.350355038,128.1070711,452.3545681,197.5669768,21.93671505,0,0,2937.203709,0.071170656,25435.1,4.841468772,41.75685159,-39.21744654,69.83823347,0,0,0,9
element_4702,2015,257.1895238,5.740961724,126.047023,489.7078469,264.2051783,22.01630176,0.007971838,0,1886.831372,0.37257511,6986.7,2.492800267,45.09055358,-49.18075923,71.58667978,0,0,0,9
element_4702,2016,257.3418163,5.774414303,126.447135,443.7128287,269.2009939,22.02246036,0.008790832,0,1886.831372,0.37257511,6986.7,2.492800267,45.09055358,-49.18075923,71.58667978,0,0,0,9
element_4702,2017,256.7612636,5.786044732,125.7663279,433.0080939,267.1479895,22.01657714,0.009262737,0,1886.831372,0.37257511,6986.7,2.492800267,45.09055358,-49.18075923,71.58667978,0,0,0,9
element_4702,2018,257.2225595,5.909220479,125.6042785,430.0514673,262.4682875,22.00981373,0.008282677,0,1886.831372,0.37257511,6986.7,2.492800267,45.09055358,-49.18075923,71.58667978,0,0,0,9
element_4702,2019,256.2865882,5.735883638,127.1782597,352.4765637,259.7515188,22.00464148,0.009156096,0,1886.831372,0.37257511,6986.7,2.492800267,45.09055358,-49.18075923,71.58667978,0,0,0,9
element_4702,2020,256.3060632,5.764235336,126.0539665,438.5146283,252.584698,22.00945094,0.008750134,0,1886.831372,0.37257511,6986.7,2.492800267,45.09055358,-49.18075923,71.58667978,0,0,0,9
element_4702,2021,255.8588812,5.771389696,124.2812342,463.1968726,243.8800446,22.01013395,0.008723083,0,1886.831372,0.37257511,6986.7,2.492800267,45.09055358,-49.18075923,71.58667978,0,0,0,9
element_4702,2022,257.6897546,5.793457576,126.1672603,419.3045089,265.6528917,22.00741449,0.009265688,0,1886.831372,0.37257511,6986.7,2.492800267,45.09055358,-49.18075923,71.58667978,0,0,0,9
element_4702,2023,257.3148179,5.78221419,124.7237497,463.340447,255.3164338,22.01676246,0.009690577,0,1886.831372,0.37257511,6986.7,2.492800267,45.09055358,-49.18075923,71.58667978,0,0,0,9
element_4702,2024,257.6597078,5.8397222,125.1249544,435.0302094,277.9398671,22.01300103,0.009679913,0,1886.831372,0.37257511,6986.7,2.492800267,45.09055358,-49.18075923,71.58667978,0,0,0,9
element_4702,2025,258.0215072,5.878408258,124.6902685,538.2718178,262.4910865,22.01132211,0.010009077,0,1886.831372,0.37257511,6986.7,2.492800267,45.09055358,-49.18075923,71.58667978,0,0,0,9
element_4702,2026,257.4401194,5.75430609,124.3676006,458.0149094,260.4443397,22.00649399,0.009949552,0,1886.831372,0.37257511,6986.7,2.492800267,45.09055358,-49.18075923,71.58667978,0,0,0,9
element_4702,2027,257.9636532,6.018050517,123.6538883,538.2101553,265.6314583,22.00524307,0.009750837,0,1886.831372,0.37257511,6986.7,2.492800267,45.09055358,-49.18075923,71.58667978,0,0,0,9
element_4702,2028,258.2317783,5.804887686,121.8793023,506.291005,267.6837508,22.01238649,0.00957778,0,1886.831372,0.37257511,6986.7,2.492800267,45.09055358,-49.18075923,71.58667978,0,0,0,9
element_4702,2029,257.9360907,6.002590175,122.2207279,518.4768154,278.9818135,22.01180345,0.009199513,0,1886.831372,0.37257511,6986.7,2.492800267,45.09055358,-49.18075923,71.58667978,0,0,0,9
element_4702,2030,257.5407769,5.766092099,124.0869966,407.5499473,269.5237319,22.02767764,0.009743589,0,1886.831372,0.37257511,6986.7,2.492800267,45.09055358,-49.18075923,71.58667978,0,0,0,9
element_4702,2031,257.7286571,5.873471823,123.3064938,474.2837742,259.2407062,22.00553928,0.01058019,0,1886.831372,0.37257511,6986.7,2.492800267,45.09055358,-49.18075923,71.58667978,0,0,0,9
element_4702,2032,257.8553314,5.832105615,126.8229165,452.3847186,271.7642533,22.00992319,0.009162738,0,1886.831372,0.37257511,6986.7,2.492800267,45.09055358,-49.18075923,71.58667978,0,0,0,9
element_4702,2033,258.0627886,5.980150963,124.0239484,552.0440257,274.0852893,22.00661462,0.00816463,0,1886.831372,0.37257511,6986.7,2.492800267,45.09055358,-49.18075923,71.58667978,0,0,0,9
element_4702,2034,258.2848935,6.044277772,123.1995254,526.0631666,267.2760788,22.00854165,0.009692444,0,1886.831372,0.37257511,6986.7,2.492800267,45.09055358,-49.18075923,71.58667978,0,0,0,9
element_4702,2035,258.307398,5.934713415,125.6957859,472.8710533,285.2569458,22.00562916,0.010329641,0,1886.831372,0.37257511,6986.7,2.492800267,45.09055358,-49.18075923,71.58667978,0,0,0,9
element_4702,2036,257.8420335,5.776421183,122.7537467,462.4557692,270.0605137,22.01312417,0.009869624,0,1886.831372,0.37257511,6986.7,2.492800267,45.09055358,-49.18075923,71.58667978,0,0,0,9
element_4702,2037,257.4870931,5.821142844,123.333442,484.2059413,260.4812795,22.00574453,0.008494629,0,1886.831372,0.37257511,6986.7,2.492800267,45.09055358,-49.18075923,71.58667978,0,0,0,9
element_4702,2038,257.9019959,5.862984317,122.9295068,439.711277,262.2615899,22.00342467,0.010143808,0,1886.831372,0.37257511,6986.7,2.492800267,45.09055358,-49.18075923,71.58667978,0,0,0,9
element_4702,2039,258.3248219,5.912228165,121.3036209,471.363801,277.1736633,22.01132182,0.010468508,0,1886.831372,0.37257511,6986.7,2.492800267,45.09055358,-49.18075923,71.58667978,0,0,0,9
element_4702,2040,257.1565664,5.674035633,125.4218553,362.7876107,264.5187327,22.00435658,0.00895885,0,1886.831372,0.37257511,6986.7,2.492800267,45.09055358,-49.18075923,71.58667978,0,0,0,9
element_4702,2041,257.7132734,5.831296829,123.4020298,458.0006257,266.5943684,22.01028967,0.008800573,0,1886.831372,0.37257511,6986.7,2.492800267,45.09055358,-49.18075923,71.58667978,0,0,0,9
element_4702,2042,258.498667,5.762541863,123.5144903,508.09889,267.3341871,22.01230789,0.010012998,0,1886.831372,0.37257511,6986.7,2.492800267,45.09055358,-49.18075923,71.58667978,0,0,0,9
element_4702,2043,258.195872,5.861857598,122.4309813,466.6336382,271.7934189,22.00644378,0.009969621,0,1886.831372,0.37257511,6986.7,2.492800267,45.09055358,-49.18075923,71.58667978,0,0,0,9
element_4702,2044,258.2932883,5.97012537,122.7372446,506.8064528,266.137026,22.01662518,0.009580615,0,1886.831372,0.37257511,6986.7,2.492800267,45.09055358,-49.18075923,71.58667978,0,0,0,9
element_4702,2045,259.3013339,5.895766972,122.6130234,410.0722784,276.4143944,22.01153114,0.01083718,0,1886.831372,0.37257511,6986.7,2.492800267,45.09055358,-49.18075923,71.58667978,0,0,0,9
element_4702,2046,258.7266643,5.839178966,123.0879288,563.4556571,276.1670524,22.00661531,0.011364511,0,1886.831372,0.37257511,6986.7,2.492800267,45.09055358,-49.18075923,71.58667978,0,0,0,9
element_4702,2047,259.1849983,5.839596489,121.0514409,491.3853593,282.5628058,22.00977048,0.010068522,0,1886.831372,0.37257511,6986.7,2.492800267,45.09055358,-49.18075923,71.58667978,0,0,0,9
element_4702,2048,258.6861114,5.75147828,121.528237,551.5652785,284.6977763,22.01107749,0.009854884,0,1886.831372,0.37257511,6986.7,2.492800267,45.09055358,-49.18075923,71.58667978,0,0,0,9
element_4702,2049,259.1389561,5.961741517,124.7445852,473.2439175,274.9959706,22.01084714,0.008133284,0,1886.831372,0.37257511,6986.7,2.492800267,45.09055358,-49.18075923,71.58667978,0,0,0,9
element_4702,2050,259.7494947,5.876384997,123.3367454,501.8223611,298.5659903,22.01361998,0.01049575,0,1886.831372,0.37257511,6986.7,2.492800267,45.09055358,-49.18075923,71.58667978,0,0,0,9
element_4702,2051,258.9473149,5.802214121,121.4901408,566.2371055,289.0618665,22.01421732,0.009812891,0,1886.831372,0.37257511,6986.7,2.492800267,45.09055358,-49.18075923,71.58667978,0,0,0,9
element_4702,2052,259.1290412,5.75169396,122.7801155,537.6194243,282.0765391,22.01213197,0.010572789,0,1886.831372,0.37257511,6986.7,2.492800267,45.09055358,-49.18075923,71.58667978,0,0,0,9
element_4702,2053,258.9473485,5.796468502,122.5821784,535.9549314,283.9377904,22.01577816,0.010597695,0,1886.831372,0.37257511,6986.7,2.492800267,45.09055358,-49.18075923,71.58667978,0,0,0,9
element_4702,2054,259.0021654,5.999524713,122.2710252,581.7225165,279.1757115,22.01107046,0.01030487,0,1886.831372,0.37257511,6986.7,2.492800267,45.09055358,-49.18075923,71.58667978,0,0,0,9
element_4702,2055,258.6083536,5.638809646,121.9393778,486.705036,288.5260573,22.03057374,0.009507283,0,1886.831372,0.37257511,6986.7,2.492800267,45.09055358,-49.18075923,71.58667978,0,0,0,9
element_4702,2056,259.3914909,5.920563007,120.8843154,569.7608277,279.1458463,22.00609761,0.01065003,0,1886.831372,0.37257511,6986.7,2.492800267,45.09055358,-49.18075923,71.58667978,0,0,0,9
element_4702,2057,259.4438803,5.928087192,122.4266995,451.2913286,282.5463331,22.01216983,0.011390685,0,1886.831372,0.37257511,6986.7,2.492800267,45.09055358,-49.18075923,71.58667978,0,0,0,9
element_4702,2058,259.342179,5.796405922,123.1988787,527.5586764,296.3531964,22.00784844,0.011118533,0,1886.831372,0.37257511,6986.7,2.492800267,45.09055358,-49.18075923,71.58667978,0,0,0,9
element_4702,2059,259.4772438,5.756521952,119.1562366,578.8079712,281.4879712,22.03985284,0.011541656,0,1886.831372,0.37257511,6986.7,2.492800267,45.09055358,-49.18075923,71.58667978,0,0,0,9
element_4702,2060,259.3078405,5.727991487,121.0109285,515.7747122,290.4593807,22.02008026,0.0113653,0,1886.831372,0.37257511,6986.7,2.492800267,45.09055358,-49.18075923,71.58667978,0,0,0,9
element_4702,2061,259.7529885,5.773239257,122.3753751,526.5209248,289.4721138,22.01634937,0.01203468,0,1886.831372,0.37257511,6986.7,2.492800267,45.09055358,-49.18075923,71.58667978,0,0,0,9
element_4702,2062,260.0128273,5.782584775,121.1224101,507.7904382,300.4628056,22.03549093,0.011939464,0,1886.831372,0.37257511,6986.7,2.492800267,45.09055358,-49.18075923,71.58667978,0,0,0,9
element_4702,2063,259.971351,5.866825903,118.7978811,597.2239461,282.6361014,22.04412623,0.01102016,0,1886.831372,0.37257511,6986.7,2.492800267,45.09055358,-49.18075923,71.58667978,0,0,0,9
element_4702,2064,259.9245299,5.753674826,121.0646033,644.5380498,285.2325075,22.03240691,0.011904947,0,1886.831372,0.37257511,6986.7,2.492800267,45.09055358,-49.18075923,71.58667978,0,0,0,9
element_4702,2065,260.3129238,5.786886561,122.0090191,531.1279096,305.7339601,22.02619044,0.010757629,0,1886.831372,0.37257511,6986.7,2.492800267,45.09055358,-49.18075923,71.58667978,0,0,0,9
element_4702,2066,260.1309483,5.693528452,121.906309,513.403918,308.0331696,22.01651024,0.010551528,0,1886.831372,0.37257511,6986.7,2.492800267,45.09055358,-49.18075923,71.58667978,0,0,0,9
element_4702,2067,260.5114006,5.763224416,121.6358338,539.9655367,297.5836418,22.05334453,0.010291267,0,1886.831372,0.37257511,6986.7,2.492800267,45.09055358,-49.18075923,71.58667978,0,0,0,9
element_4702,2068,259.6848897,5.76329367,119.3491678,576.3647651,292.2952398,22.02200756,0.010845475,0,1886.831372,0.37257511,6986.7,2.492800267,45.09055358,-49.18075923,71.58667978,0,0,0,9
element_4702,2069,260.2491598,5.77925197,118.2148417,605.9517907,298.6017849,22.0175596,0.010535356,0,1886.831372,0.37257511,6986.7,2.492800267,45.09055358,-49.18075923,71.58667978,0,0,0,9
element_4702,2070,260.6123728,5.923957012,117.0020723,626.1832453,292.5041323,22.02917581,0.010979539,0,1886.831372,0.37257511,6986.7,2.492800267,45.09055358,-49.18075923,71.58667978,0,0,0,9
element_4702,2071,260.4965062,5.916937328,122.2744584,481.3375792,302.7062851,22.01233053,0.010652507,0,1886.831372,0.37257511,6986.7,2.492800267,45.09055358,-49.18075923,71.58667978,0,0,0,9
element_4702,2072,260.7308939,5.983528476,118.5409432,577.0513455,302.4173116,22.02555758,0.011849342,0,1886.831372,0.37257511,6986.7,2.492800267,45.09055358,-49.18075923,71.58667978,0,0,0,9
element_4702,2073,260.5339895,5.816740089,120.6135989,551.2728476,309.5270597,22.04430137,0.010777576,0,1886.831372,0.37257511,6986.7,2.492800267,45.09055358,-49.18075923,71.58667978,0,0,0,9
element_4702,2074,260.3382918,5.724111126,119.9182211,506.025069,300.7276773,22.01815009,0.011969383,0,1886.831372,0.37257511,6986.7,2.492800267,45.09055358,-49.18075923,71.58667978,0,0,0,9
element_4702,2075,261.0937467,5.875150093,119.0227065,578.2337838,298.9247801,22.02144028,0.012466237,0,1886.831372,0.37257511,6986.7,2.492800267,45.09055358,-49.18075923,71.58667978,0,0,0,9
element_4702,2076,260.7219521,5.66277961,120.9293662,530.7876252,304.0508947,22.01325305,0.012407073,0,1886.831372,0.37257511,6986.7,2.492800267,45.09055358,-49.18075923,71.58667978,0,0,0,9
element_4702,2077,260.9546381,5.752184741,121.5980284,522.0340129,315.3740976,22.02046378,0.01157421,0,1886.831372,0.37257511,6986.7,2.492800267,45.09055358,-49.18075923,71.58667978,0,0,0,9
element_4702,2078,261.3486979,5.933113727,120.1208679,526.2523281,317.404109,22.05283732,0.012188081,0,1886.831372,0.37257511,6986.7,2.492800267,45.09055358,-49.18075923,71.58667978,0,0,0,9
element_4702,2079,260.6600533,5.776365103,118.8840567,550.2727552,302.1727728,22.04091561,0.012789484,0,1886.831372,0.37257511,6986.7,2.492800267,45.09055358,-49.18075923,71.58667978,0,0,0,9
element_4702,2080,261.9309543,5.962790722,119.9504525,616.0280013,318.8171006,22.03381111,0.010157473,0,1886.831372,0.37257511,6986.7,2.492800267,45.09055358,-49.18075923,71.58667978,0,0,0,9
element_4702,2081,261.5823549,5.998532885,118.8040114,607.0317127,318.7455088,22.0458344,0.012005326,0,1886.831372,0.37257511,6986.7,2.492800267,45.09055358,-49.18075923,71.58667978,0,0,0,9
element_4702,2082,260.6625135,5.681812382,118.9918988,560.7324966,311.7375239,22.01715257,0.013149237,0,1886.831372,0.37257511,6986.7,2.492800267,45.09055358,-49.18075923,71.58667978,0,0,0,9
element_4702,2083,261.3118468,6.120956799,119.8683405,525.5939846,312.5196557,22.02061137,0.011798582,0,1886.831372,0.37257511,6986.7,2.492800267,45.09055358,-49.18075923,71.58667978,0,0,0,9
element_4702,2084,261.4359182,5.83813717,118.0343466,612.3413946,310.2127504,22.04080427,0.012844423,0,1886.831372,0.37257511,6986.7,2.492800267,45.09055358,-49.18075923,71.58667978,0,0,0,9
element_4702,2085,261.5311737,5.814150745,121.5147188,512.6911864,312.6851058,22.06881031,0.011169247,0,1886.831372,0.37257511,6986.7,2.492800267,45.09055358,-49.18075923,71.58667978,0,0,0,9
element_4702,2086,261.5937563,5.778424876,118.7381375,645.6263766,313.1968433,22.02717381,0.012008447,0,1886.831372,0.37257511,6986.7,2.492800267,45.09055358,-49.18075923,71.58667978,0,0,0,9
element_4702,2087,261.0410324,5.824165049,119.5586275,553.5952942,311.747224,22.03236817,0.013424454,0,1886.831372,0.37257511,6986.7,2.492800267,45.09055358,-49.18075923,71.58667978,0,0,0,9
element_4702,2088,261.602809,6.001312748,119.0806669,552.0973816,322.9290371,22.05299707,0.01334886,0,1886.831372,0.37257511,6986.7,2.492800267,45.09055358,-49.18075923,71.58667978,0,0,0,9
element_4702,2089,261.3005001,5.854123893,120.0487908,548.4139903,309.3357666,22.0318137,0.014002403,0,1886.831372,0.37257511,6986.7,2.492800267,45.09055358,-49.18075923,71.58667978,0,0,0,9
element_4702,2090,260.7148202,5.773067589,122.8835766,532.1163646,317.8762961,22.03636545,0.01272622,0,1886.831372,0.37257511,6986.7,2.492800267,45.09055358,-49.18075923,71.58667978,0,0,0,9
element_4702,2091,261.267592,5.880987296,119.6521315,577.3292457,319.5405034,22.04596972,0.013209516,0,1886.831372,0.37257511,6986.7,2.492800267,45.09055358,-49.18075923,71.58667978,0,0,0,9
element_4702,2092,261.3588462,5.768124927,118.4498994,540.5009102,330.7229225,22.0289481,0.012941311,0,1886.831372,0.37257511,6986.7,2.492800267,45.09055358,-49.18075923,71.58667978,0,0,0,9
element_4702,2093,262.0025743,5.849105115,120.8267309,525.8369422,334.316976,22.05575994,0.013029141,0,1886.831372,0.37257511,6986.7,2.492800267,45.09055358,-49.18075923,71.58667978,0,0,0,9
element_4702,2094,261.2739171,5.896560112,118.5771252,579.4220201,327.4504049,22.04987876,0.012285213,0,1886.831372,0.37257511,6986.7,2.492800267,45.09055358,-49.18075923,71.58667978,0,0,0,9
element_4702,2095,261.786999,5.830434707,118.4732634,618.2093478,328.1817988,22.04007272,0.012972194,0,1886.831372,0.37257511,6986.7,2.492800267,45.09055358,-49.18075923,71.58667978,0,0,0,9
element_4702,2096,261.7117379,5.903670082,119.1657783,628.3352298,334.6905178,22.04256024,0.013350272,0,1886.831372,0.37257511,6986.7,2.492800267,45.09055358,-49.18075923,71.58667978,0,0,0,9
element_4702,2097,261.7397857,5.973380456,117.2486127,654.9594827,317.5083494,22.0292886,0.01155579,0,1886.831372,0.37257511,6986.7,2.492800267,45.09055358,-49.18075923,71.58667978,0,0,0,9
element_4702,2098,262.4762265,5.870883514,116.2586224,656.1411304,334.4983488,22.05952809,0.013635243,0,1886.831372,0.37257511,6986.7,2.492800267,45.09055358,-49.18075923,71.58667978,0,0,0,9
element_4702,2099,262.8121113,5.893479598,119.7390456,572.2411591,343.4519872,22.03187534,0.013547036,0,1886.831372,0.37257511,6986.7,2.492800267,45.09055358,-49.18075923,71.58667978,0,0,0,9
element_4702,2100,262.2809825,5.828897754,118.0170128,638.9473162,322.0139924,22.03747553,0.012845763,0,1886.831372,0.37257511,6986.7,2.492800267,45.09055358,-49.18075923,71.58667978,0,0,0,9
element_4703,2015,253.6025419,5.927734115,131.1690475,427.4785482,201.8823283,21.97360538,0.002235876,0,2356.710592,0.184471578,36711.7,3.494285292,40.3986941,-44.94561944,70.41360524,0,0,0,9
element_4703,2016,253.5174016,5.922027066,131.2347536,416.8915185,205.9176254,21.97864764,0.002453207,0,2356.710592,0.184471578,36711.7,3.494285292,40.3986941,-44.94561944,70.41360524,0,0,0,9
element_4703,2017,252.9012312,5.84799454,131.7212304,385.5746344,204.758792,21.97598219,0.00258785,0,2356.710592,0.184471578,36711.7,3.494285292,40.3986941,-44.94561944,70.41360524,0,0,0,9
element_4703,2018,253.4863,6.104960016,130.8643923,394.8953854,202.1073412,21.97240902,0.002309549,0,2356.710592,0.184471578,36711.7,3.494285292,40.3986941,-44.94561944,70.41360524,0,0,0,9
element_4703,2019,252.3309338,5.796039979,132.237782,331.2746832,196.5008691,21.97023598,0.002545089,0,2356.710592,0.184471578,36711.7,3.494285292,40.3986941,-44.94561944,70.41360524,0,0,0,9
element_4703,2020,252.5528225,5.849221353,130.7875042,406.9825733,194.0753697,21.97206628,0.002437545,0,2356.710592,0.184471578,36711.7,3.494285292,40.3986941,-44.94561944,70.41360524,0,0,0,9
element_4703,2021,252.1639453,5.854312204,129.8677043,421.9506863,187.6276751,21.97251071,0.002424252,0,2356.710592,0.184471578,36711.7,3.494285292,40.3986941,-44.94561944,70.41360524,0,0,0,9
element_4703,2022,253.8139993,5.898417755,131.7083836,387.6700124,204.7052566,21.97116489,0.002574712,0,2356.710592,0.184471578,36711.7,3.494285292,40.3986941,-44.94561944,70.41360524,0,0,0,9
element_4703,2023,253.477713,5.867243134,130.0253935,420.070251,195.8371123,21.97494518,0.002701203,0,2356.710592,0.184471578,36711.7,3.494285292,40.3986941,-44.94561944,70.41360524,0,0,0,9
element_4703,2024,253.8807471,5.917748767,131.024356,387.282928,213.1887565,21.9720953,0.002703145,0,2356.710592,0.184471578,36711.7,3.494285292,40.3986941,-44.94561944,70.41360524,0,0,0,9
element_4703,2025,254.268599,5.99477174,130.5964583,480.0099048,202.6955295,21.97259637,0.002786132,0,2356.710592,0.184471578,36711.7,3.494285292,40.3986941,-44.94561944,70.41360524,0,0,0,9
element_4703,2026,253.6932401,5.90484758,129.5462772,417.6323817,198.0609036,21.96999638,0.002767247,0,2356.710592,0.184471578,36711.7,3.494285292,40.3986941,-44.94561944,70.41360524,0,0,0,9
element_4703,2027,254.1271094,6.045117815,129.1339271,469.8409124,203.9857711,21.96972456,0.002713346,0,2356.710592,0.184471578,36711.7,3.494285292,40.3986941,-44.94561944,70.41360524,0,0,0,9
element_4703,2028,254.2338015,5.767822973,128.4126382,438.1515977,204.7671744,21.97233682,0.002676774,0,2356.710592,0.184471578,36711.7,3.494285292,40.3986941,-44.94561944,70.41360524,0,0,0,9
element_4703,2029,254.0184391,6.084069453,128.6429423,450.0360034,214.2080175,21.9731526,0.002568765,0,2356.710592,0.184471578,36711.7,3.494285292,40.3986941,-44.94561944,70.41360524,0,0,0,9
element_4703,2030,253.6264885,5.811270259,129.6507074,373.7856608,205.9037416,21.97784848,0.002720909,0,2356.710592,0.184471578,36711.7,3.494285292,40.3986941,-44.94561944,70.41360524,0,0,0,9
element_4703,2031,253.9184076,5.926390859,128.9536294,434.7080509,198.5105141,21.96994448,0.00294551,0,2356.710592,0.184471578,36711.7,3.494285292,40.3986941,-44.94561944,70.41360524,0,0,0,9
element_4703,2032,254.0275807,5.956950511,131.5808065,419.5488211,208.4030268,21.9722767,0.002556609,0,2356.710592,0.184471578,36711.7,3.494285292,40.3986941,-44.94561944,70.41360524,0,0,0,9
element_4703,2033,254.2350422,6.088922178,129.9001802,486.1338411,208.0227565,21.97100374,0.002273521,0,2356.710592,0.184471578,36711.7,3.494285292,40.3986941,-44.94561944,70.41360524,0,0,0,9
element_4703,2034,254.3645573,6.090291399,128.9888571,457.7148117,203.1355712,21.97171658,0.002693981,0,2356.710592,0.184471578,36711.7,3.494285292,40.3986941,-44.94561944,70.41360524,0,0,0,9
element_4703,2035,254.4070146,5.955821473,131.6130154,411.3235359,218.9681912,21.96984507,0.002875127,0,2356.710592,0.184471578,36711.7,3.494285292,40.3986941,-44.94561944,70.41360524,0,0,0,9
element_4703,2036,254.0888085,5.878963551,128.5131739,436.4806071,208.2289667,21.97288654,0.00274883,0,2356.710592,0.184471578,36711.7,3.494285292,40.3986941,-44.94561944,70.41360524,0,0,0,9
element_4703,2037,253.7813944,5.901907002,129.3442162,437.6715134,200.9692315,21.9703217,0.002364697,0,2356.710592,0.184471578,36711.7,3.494285292,40.3986941,-44.94561944,70.41360524,0,0,0,9
element_4703,2038,254.2815186,6.00789253,128.5281948,395.7461545,201.0484733,21.9697953,0.002816547,0,2356.710592,0.184471578,36711.7,3.494285292,40.3986941,-44.94561944,70.41360524,0,0,0,9
element_4703,2039,254.6299565,6.049907599,128.1640396,421.2051291,214.2993165,21.9725527,0.002911237,0,2356.710592,0.184471578,36711.7,3.494285292,40.3986941,-44.94561944,70.41360524,0,0,0,9
element_4703,2040,253.4156438,5.799421699,130.0301586,374.9529834,202.0922865,21.96996657,0.002490212,0,2356.710592,0.184471578,36711.7,3.494285292,40.3986941,-44.94561944,70.41360524,0,0,0,9
element_4703,2041,254.118806,5.941214606,128.7740283,407.3674959,203.2078591,21.97198568,0.002445862,0,2356.710592,0.184471578,36711.7,3.494285292,40.3986941,-44.94561944,70.41360524,0,0,0,9
element_4703,2042,254.7298274,5.937042566,129.2711228,469.9096103,205.2898113,21.97249778,0.002779123,0,2356.710592,0.184471578,36711.7,3.494285292,40.3986941,-44.94561944,70.41360524,0,0,0,9
element_4703,2043,254.4256278,6.011982945,129.036387,418.8484779,209.0122443,21.97003118,0.002770703,0,2356.710592,0.184471578,36711.7,3.494285292,40.3986941,-44.94561944,70.41360524,0,0,0,9
element_4703,2044,254.6101551,6.104603936,127.9225864,449.1007972,202.5403515,21.97454476,0.00265602,0,2356.710592,0.184471578,36711.7,3.494285292,40.3986941,-44.94561944,70.41360524,0,0,0,9
element_4703,2045,255.4994385,6.035102191,127.9240586,389.2199408,210.74458,21.97356546,0.002997619,0,2356.710592,0.184471578,36711.7,3.494285292,40.3986941,-44.94561944,70.41360524,0,0,0,9
element_4703,2046,254.9915207,5.921600064,128.9141759,489.8580813,213.0091143,21.9699578,0.003153694,0,2356.710592,0.184471578,36711.7,3.494285292,40.3986941,-44.94561944,70.41360524,0,0,0,9
element_4703,2047,255.1180141,5.908564584,127.3207231,438.9914576,216.6600841,21.97194441,0.002795957,0,2356.710592,0.184471578,36711.7,3.494285292,40.3986941,-44.94561944,70.41360524,0,0,0,9
element_4703,2048,254.8643271,5.887867315,127.8861856,507.7081182,219.5512554,21.97273182,0.002735918,0,2356.710592,0.184471578,36711.7,3.494285292,40.3986941,-44.94561944,70.41360524,0,0,0,9
element_4703,2049,255.1992229,5.938226881,129.9670192,429.9621229,211.5970098,21.97314076,0.002266755,0,2356.710592,0.184471578,36711.7,3.494285292,40.3986941,-44.94561944,70.41360524,0,0,0,9
element_4703,2050,255.8851613,6.043671268,128.5308741,444.3886135,226.8274132,21.97360271,0.002918788,0,2356.710592,0.184471578,36711.7,3.494285292,40.3986941,-44.94561944,70.41360524,0,0,0,9
element_4703,2051,255.1372213,5.890183961,126.744539,504.0044356,219.0015523,21.97369783,0.002730417,0,2356.710592,0.184471578,36711.7,3.494285292,40.3986941,-44.94561944,70.41360524,0,0,0,9
element_4703,2052,255.3515141,5.900563945,127.7290724,479.1545181,216.2875181,21.97275283,0.002931056,0,2356.710592,0.184471578,36711.7,3.494285292,40.3986941,-44.94561944,70.41360524,0,0,0,9
element_4703,2053,255.1890658,5.938609591,128.013728,463.8942131,217.4336259,21.97550316,0.002937682,0,2356.710592,0.184471578,36711.7,3.494285292,40.3986941,-44.94561944,70.41360524,0,0,0,9
element_4703,2054,255.2270573,6.124940042,128.6315278,500.0641417,214.7596948,21.97294646,0.002856649,0,2356.710592,0.184471578,36711.7,3.494285292,40.3986941,-44.94561944,70.41360524,0,0,0,9
element_4703,2055,254.9527422,5.721732407,128.2198707,453.2022263,222.0814039,21.98189172,0.002654473,0,2356.710592,0.184471578,36711.7,3.494285292,40.3986941,-44.94561944,70.41360524,0,0,0,9
element_4703,2056,255.4427214,5.913910726,127.7640123,492.0397424,213.2716736,21.97159374,0.002963814,0,2356.710592,0.184471578,36711.7,3.494285292,40.3986941,-44.94561944,70.41360524,0,0,0,9
element_4703,2057,255.6066972,5.944874839,128.1673399,397.961996,216.6119563,21.9748329,0.003155381,0,2356.710592,0.184471578,36711.7,3.494285292,40.3986941,-44.94561944,70.41360524,0,0,0,9
element_4703,2058,255.5544937,5.840169253,128.8467838,455.3028028,228.5476067,21.97213387,0.003087058,0,2356.710592,0.184471578,36711.7,3.494285292,40.3986941,-44.94561944,70.41360524,0,0,0,9
element_4703,2059,255.703617,5.857336468,125.4176848,516.2973269,219.7135599,21.98751837,0.00319872,0,2356.710592,0.184471578,36711.7,3.494285292,40.3986941,-44.94561944,70.41360524,0,0,0,9
element_4703,2060,255.4241441,5.883136239,127.7369853,468.0685709,220.0410286,21.98010525,0.003141825,0,2356.710592,0.184471578,36711.7,3.494285292,40.3986941,-44.94561944,70.41360524,0,0,0,9
element_4703,2061,255.8110328,5.880726478,127.0759699,478.559839,221.4214818,21.97719549,0.003329637,0,2356.710592,0.184471578,36711.7,3.494285292,40.3986941,-44.94561944,70.41360524,0,0,0,9
element_4703,2062,256.2682897,5.970198326,126.8652352,478.9240728,230.0126575,21.98853432,0.003310764,0,2356.710592,0.184471578,36711.7,3.494285292,40.3986941,-44.94561944,70.41360524,0,0,0,9
element_4703,2063,256.1590062,5.910529328,125.1170727,514.054388,218.2565642,21.99399218,0.003050717,0,2356.710592,0.184471578,36711.7,3.494285292,40.3986941,-44.94561944,70.41360524,0,0,0,9
element_4703,2064,256.1821217,5.835395966,127.9317001,527.8288829,222.2207859,21.984583,0.003285662,0,2356.710592,0.184471578,36711.7,3.494285292,40.3986941,-44.94561944,70.41360524,0,0,0,9
element_4703,2065,256.4732534,5.91473795,127.8419973,456.2200185,235.7757961,21.98143726,0.002982915,0,2356.710592,0.184471578,36711.7,3.494285292,40.3986941,-44.94561944,70.41360524,0,0,0,9
element_4703,2066,256.4493309,5.837103451,127.3883299,469.326265,239.4913141,21.97805148,0.002910775,0,2356.710592,0.184471578,36711.7,3.494285292,40.3986941,-44.94561944,70.41360524,0,0,0,9
element_4703,2067,256.6621662,5.882573574,127.2137469,488.207681,229.7939573,21.9969046,0.002846533,0,2356.710592,0.184471578,36711.7,3.494285292,40.3986941,-44.94561944,70.41360524,0,0,0,9
element_4703,2068,255.8760445,5.910952139,125.2455639,510.2497453,223.7619221,21.97871787,0.002997432,0,2356.710592,0.184471578,36711.7,3.494285292,40.3986941,-44.94561944,70.41360524,0,0,0,9
element_4703,2069,256.5058703,5.91161422,124.4948748,539.4294084,229.5460158,21.97903766,0.002909979,0,2356.710592,0.184471578,36711.7,3.494285292,40.3986941,-44.94561944,70.41360524,0,0,0,9
element_4703,2070,257.0371222,6.132650096,122.8879055,565.1691183,224.1883403,21.98336583,0.003035652,0,2356.710592,0.184471578,36711.7,3.494285292,40.3986941,-44.94561944,70.41360524,0,0,0,9
element_4703,2071,256.4333911,5.935168226,128.3950821,431.5105045,231.7452268,21.97472726,0.002931474,0,2356.710592,0.184471578,36711.7,3.494285292,40.3986941,-44.94561944,70.41360524,0,0,0,9
element_4703,2072,256.5934831,6.014901841,124.8740195,505.9073565,229.8904642,21.9798772,0.003278568,0,2356.710592,0.184471578,36711.7,3.494285292,40.3986941,-44.94561944,70.41360524,0,0,0,9
element_4703,2073,256.6626792,5.873184329,126.8284569,496.0756278,239.9795068,21.98820679,0.00298666,0,2356.710592,0.184471578,36711.7,3.494285292,40.3986941,-44.94561944,70.41360524,0,0,0,9
element_4703,2074,256.740635,5.907954322,126.1568217,475.3072086,231.9699001,21.97832341,0.00331406,0,2356.710592,0.184471578,36711.7,3.494285292,40.3986941,-44.94561944,70.41360524,0,0,0,9
element_4703,2075,257.3082662,5.971390952,125.5067674,510.2945935,231.8655757,21.97906029,0.003441601,0,2356.710592,0.184471578,36711.7,3.494285292,40.3986941,-44.94561944,70.41360524,0,0,0,9
element_4703,2076,256.9817781,5.802128848,125.8402703,467.2751378,235.3964881,21.97337985,0.003438783,0,2356.710592,0.184471578,36711.7,3.494285292,40.3986941,-44.94561944,70.41360524,0,0,0,9
element_4703,2077,257.3264423,5.931426706,125.9937743,488.0043427,242.9555628,21.97759358,0.003197482,0,2356.710592,0.184471578,36711.7,3.494285292,40.3986941,-44.94561944,70.41360524,0,0,0,9
element_4703,2078,257.6818744,6.121898003,126.073907,486.0081047,243.2373801,21.9933144,0.003362575,0,2356.710592,0.184471578,36711.7,3.494285292,40.3986941,-44.94561944,70.41360524,0,0,0,9
element_4703,2079,256.9951559,5.996262893,124.655879,505.5197283,234.1813048,21.98982868,0.003540202,0,2356.710592,0.184471578,36711.7,3.494285292,40.3986941,-44.94561944,70.41360524,0,0,0,9
element_4703,2080,258.042458,6.094734548,124.7577705,568.05757,244.5381456,21.98311364,0.002818787,0,2356.710592,0.184471578,36711.7,3.494285292,40.3986941,-44.94561944,70.41360524,0,0,0,9
element_4703,2081,257.7946286,6.147776258,124.7915709,535.9301016,246.3582411,21.99242983,0.003323266,0,2356.710592,0.184471578,36711.7,3.494285292,40.3986941,-44.94561944,70.41360524,0,0,0,9
element_4703,2082,257.0036998,5.735494778,125.5892709,486.0960114,242.9771679,21.97867915,0.003635923,0,2356.710592,0.184471578,36711.7,3.494285292,40.3986941,-44.94561944,70.41360524,0,0,0,9
element_4703,2083,257.4371146,6.165115212,125.1606833,500.9330431,240.0820053,21.9793769,0.003264857,0,2356.710592,0.184471578,36711.7,3.494285292,40.3986941,-44.94561944,70.41360524,0,0,0,9
element_4703,2084,257.7009211,5.984400385,122.5880155,570.481272,235.7691212,21.98808094,0.003548491,0,2356.710592,0.184471578,36711.7,3.494285292,40.3986941,-44.94561944,70.41360524,0,0,0,9
element_4703,2085,257.7114793,5.846693001,126.6487605,463.9828745,242.1671042,22.00480951,0.003093812,0,2356.710592,0.184471578,36711.7,3.494285292,40.3986941,-44.94561944,70.41360524,0,0,0,9
element_4703,2086,257.5759771,5.758116489,124.5729786,551.5556237,241.0582791,21.98184674,0.003318671,0,2356.710592,0.184471578,36711.7,3.494285292,40.3986941,-44.94561944,70.41360524,0,0,0,9
element_4703,2087,257.2542439,5.838438232,126.5049607,484.9339397,243.6244436,21.98410754,0.003708975,0,2356.710592,0.184471578,36711.7,3.494285292,40.3986941,-44.94561944,70.41360524,0,0,0,9
element_4703,2088,257.6714713,5.987285579,124.9003282,497.2715282,247.6544028,22.00236177,0.003690087,0,2356.710592,0.184471578,36711.7,3.494285292,40.3986941,-44.94561944,70.41360524,0,0,0,9
element_4703,2089,257.510649,5.957589253,124.8461662,522.0035371,237.4927814,21.98347485,0.003870541,0,2356.710592,0.184471578,36711.7,3.494285292,40.3986941,-44.94561944,70.41360524,0,0,0,9
element_4703,2090,256.8672702,5.814144098,126.73834,491.8203637,245.0094386,21.98852364,0.003515427,0,2356.710592,0.184471578,36711.7,3.494285292,40.3986941,-44.94561944,70.41360524,0,0,0,9
element_4703,2091,257.3191877,5.951410544,125.1842922,515.8083858,247.2256008,21.98932543,0.003656303,0,2356.710592,0.184471578,36711.7,3.494285292,40.3986941,-44.94561944,70.41360524,0,0,0,9
element_4703,2092,257.7496475,5.885759275,124.31458,498.7799082,253.4167679,21.98322005,0.003583861,0,2356.710592,0.184471578,36711.7,3.494285292,40.3986941,-44.94561944,70.41360524,0,0,0,9
element_4703,2093,258.2606778,6.004621949,125.6746201,509.3946981,258.5915606,21.99817979,0.003599749,0,2356.710592,0.184471578,36711.7,3.494285292,40.3986941,-44.94561944,70.41360524,0,0,0,9
element_4703,2094,257.3985117,5.893178146,124.5670097,522.9798344,255.1488302,21.99306464,0.003411281,0,2356.710592,0.184471578,36711.7,3.494285292,40.3986941,-44.94561944,70.41360524,0,0,0,9
element_4703,2095,258.0983789,5.954837359,124.0909283,544.9573919,254.0095008,21.98858166,0.003586428,0,2356.710592,0.184471578,36711.7,3.494285292,40.3986941,-44.94561944,70.41360524,0,0,0,9
element_4703,2096,257.6689257,5.923975088,125.0622279,554.1954537,256.2051894,21.9890574,0.003700205,0,2356.710592,0.184471578,36711.7,3.494285292,40.3986941,-44.94561944,70.41360524,0,0,0,9
element_4703,2097,257.6185273,5.888813625,123.8809745,547.05772,245.719751,21.98411057,0.003208176,0,2356.710592,0.184471578,36711.7,3.494285292,40.3986941,-44.94561944,70.41360524,0,0,0,9
element_4703,2098,258.7651653,6.040294273,121.8409294,581.4367074,258.427965,22.00172219,0.00377948,0,2356.710592,0.184471578,36711.7,3.494285292,40.3986941,-44.94561944,70.41360524,0,0,0,9
element_4703,2099,258.9421598,5.854075242,125.4573154,504.0729077,264.8633353,21.98416761,0.00374832,0,2356.710592,0.184471578,36711.7,3.494285292,40.3986941,-44.94561944,70.41360524,0,0,0,9
element_4703,2100,258.3184366,5.857566862,123.5140698,569.8065289,250.8708608,21.98859277,0.003559426,0,2356.710592,0.184471578,36711.7,3.494285292,40.3986941,-44.94561944,70.41360524,0,0,0,9
element_4704,2015,255.5925462,5.928880039,127.9422564,469.7860103,229.8859046,21.96657687,0.002161401,0,2298.15064,0.206846595,83000.6,3.204785378,37.95968783,-47.93319528,71.99354313,0,0,0,9
element_4704,2016,255.6936926,5.957889322,128.1898667,427.2407155,236.2610318,21.97033491,0.002380459,0,2298.15064,0.206846595,83000.6,3.204785378,37.95968783,-47.93319528,71.99354313,0,0,0,9
element_4704,2017,255.070544,5.964661973,128.0145559,411.4463912,232.2364309,21.96690612,0.00252064,0,2298.15064,0.206846595,83000.6,3.204785378,37.95968783,-47.93319528,71.99354313,0,0,0,9
element_4704,2018,255.5746883,6.114888038,127.3305626,410.9223821,228.9999641,21.96363265,0.002246483,0,2298.15064,0.206846595,83000.6,3.204785378,37.95968783,-47.93319528,71.99354313,0,0,0,9
element_4704,2019,254.58837,5.913644948,129.1032583,338.5133966,224.4649688,21.96145155,0.002482086,0,2298.15064,0.206846595,83000.6,3.204785378,37.95968783,-47.93319528,71.99354313,0,0,0,9
element_4704,2020,254.6758938,5.901942997,127.8456918,417.7380829,220.7683129,21.96343066,0.002373002,0,2298.15064,0.206846595,83000.6,3.204785378,37.95968783,-47.93319528,71.99354313,0,0,0,9
element_4704,2021,254.2093173,5.926353615,126.2615095,441.0308973,212.4466494,21.9637273,0.002362917,0,2298.15064,0.206846595,83000.6,3.204785378,37.95968783,-47.93319528,71.99354313,0,0,0,9
element_4704,2022,256.006161,5.962408759,127.8831678,410.2594582,231.6926235,21.96248352,0.002508972,0,2298.15064,0.206846595,83000.6,3.204785378,37.95968783,-47.93319528,71.99354313,0,0,0,9
element_4704,2023,255.6525073,5.964911033,126.5228501,447.3748469,222.8459881,21.96636048,0.002630531,0,2298.15064,0.206846595,83000.6,3.204785378,37.95968783,-47.93319528,71.99354313,0,0,0,9
element_4704,2024,255.9870402,6.010643294,126.9513476,413.0967824,242.9989985,21.96427065,0.002624249,0,2298.15064,0.206846595,83000.6,3.204785378,37.95968783,-47.93319528,71.99354313,0,0,0,9
element_4704,2025,256.3493414,6.046715802,126.6395165,515.9369856,229.277689,21.96411254,0.002715527,0,2298.15064,0.206846595,83000.6,3.204785378,37.95968783,-47.93319528,71.99354313,0,0,0,9
element_4704,2026,255.8140479,5.939576325,126.2373955,441.2009956,226.8145354,21.96174818,0.002698333,0,2298.15064,0.206846595,83000.6,3.204785378,37.95968783,-47.93319528,71.99354313,0,0,0,9
element_4704,2027,256.2422201,6.128282492,125.7062009,512.2511616,231.704652,21.96134624,0.002644434,0,2298.15064,0.206846595,83000.6,3.204785378,37.95968783,-47.93319528,71.99354313,0,0,0,9
element_4704,2028,256.4864861,5.913101616,123.8890755,484.2218155,232.993554,21.96419976,0.002600937,0,2298.15064,0.206846595,83000.6,3.204785378,37.95968783,-47.93319528,71.99354313,0,0,0,9
element_4704,2029,256.1986552,6.144197226,124.2964571,490.1393705,244.054939,21.96441395,0.002495334,0,2298.15064,0.206846595,83000.6,3.204785378,37.95968783,-47.93319528,71.99354313,0,0,0,9
element_4704,2030,255.8586246,5.90464813,125.9163471,391.1264801,235.0454667,21.97184963,0.002649991,0,2298.15064,0.206846595,83000.6,3.204785378,37.95968783,-47.93319528,71.99354313,0,0,0,9
element_4704,2031,256.026163,6.006093143,125.2212078,455.2712082,224.5998295,21.96151967,0.002879175,0,2298.15064,0.206846595,83000.6,3.204785378,37.95968783,-47.93319528,71.99354313,0,0,0,9
element_4704,2032,256.1626151,6.027188344,128.567861,432.1314235,237.200457,21.96363498,0.002489809,0,2298.15064,0.206846595,83000.6,3.204785378,37.95968783,-47.93319528,71.99354313,0,0,0,9
element_4704,2033,256.4044972,6.151187676,125.8162866,524.4158506,238.0395956,21.96218807,0.00220822,0,2298.15064,0.206846595,83000.6,3.204785378,37.95968783,-47.93319528,71.99354313,0,0,0,9
element_4704,2034,256.5586355,6.184060393,125.2568692,496.6580678,233.4269553,21.96301279,0.002626023,0,2298.15064,0.206846595,83000.6,3.204785378,37.95968783,-47.93319528,71.99354313,0,0,0,9
element_4704,2035,256.5819531,6.078992722,127.605819,449.9051069,249.4113606,21.96148831,0.002803928,0,2298.15064,0.206846595,83000.6,3.204785378,37.95968783,-47.93319528,71.99354313,0,0,0,9
element_4704,2036,256.1846368,5.936985068,124.4580705,445.8784269,235.9100788,21.96463937,0.002679931,0,2298.15064,0.206846595,83000.6,3.204785378,37.95968783,-47.93319528,71.99354313,0,0,0,9
element_4704,2037,255.8790905,5.96623028,125.3055846,462.8217063,228.4303511,21.96172597,0.002299891,0,2298.15064,0.206846595,83000.6,3.204785378,37.95968783,-47.93319528,71.99354313,0,0,0,9
element_4704,2038,256.2957034,6.063883179,124.9365684,417.2404917,229.0431255,21.96099254,0.002753357,0,2298.15064,0.206846595,83000.6,3.204785378,37.95968783,-47.93319528,71.99354313,0,0,0,9
element_4704,2039,256.7237342,6.112386187,123.4791122,454.0474953,242.6187819,21.96412521,0.002838797,0,2298.15064,0.206846595,83000.6,3.204785378,37.95968783,-47.93319528,71.99354313,0,0,0,9
element_4704,2040,255.5116305,5.84618091,127.2287689,351.6626693,232.4551668,21.96143311,0.002429172,0,2298.15064,0.206846595,83000.6,3.204785378,37.95968783,-47.93319528,71.99354313,0,0,0,9
element_4704,2041,256.1446675,6.001606819,125.4575785,431.5983153,233.2250007,21.96357161,0.00237395,0,2298.15064,0.206846595,83000.6,3.204785378,37.95968783,-47.93319528,71.99354313,0,0,0,9
element_4704,2042,256.8624443,5.961320058,125.5248973,493.4040768,234.7799809,21.96454497,0.002709186,0,2298.15064,0.206846595,83000.6,3.204785378,37.95968783,-47.93319528,71.99354313,0,0,0,9
element_4704,2043,256.5403807,6.063768651,124.7214483,452.2764248,238.8548994,21.9617331,0.002704192,0,2298.15064,0.206846595,83000.6,3.204785378,37.95968783,-47.93319528,71.99354313,0,0,0,9
element_4704,2044,256.6624729,6.157678882,124.4483322,476.0180275,232.8234604,21.9660723,0.002588345,0,2298.15064,0.206846595,83000.6,3.204785378,37.95968783,-47.93319528,71.99354313,0,0,0,9
element_4704,2045,257.6297476,6.096502468,124.3181305,396.0424177,241.1938036,21.96457646,0.002932929,0,2298.15064,0.206846595,83000.6,3.204785378,37.95968783,-47.93319528,71.99354313,0,0,0,9
element_4704,2046,257.1161692,5.973189959,125.0516572,535.6707407,243.8078148,21.96178379,0.003082347,0,2298.15064,0.206846595,83000.6,3.204785378,37.95968783,-47.93319528,71.99354313,0,0,0,9
element_4704,2047,257.4424244,5.988004876,123.2312482,473.150688,245.9362344,21.96336062,0.002729918,0,2298.15064,0.206846595,83000.6,3.204785378,37.95968783,-47.93319528,71.99354313,0,0,0,9
element_4704,2048,257.0456845,5.932367765,123.7516668,522.4595106,250.9243991,21.96392032,0.002667554,0,2298.15064,0.206846595,83000.6,3.204785378,37.95968783,-47.93319528,71.99354313,0,0,0,9
element_4704,2049,257.4065441,6.094606585,126.5697999,452.9020975,241.1834654,21.96432907,0.002192934,0,2298.15064,0.206846595,83000.6,3.204785378,37.95968783,-47.93319528,71.99354313,0,0,0,9
element_4704,2050,258.073078,6.073325,125.1963192,474.8427029,260.588011,21.96493804,0.002843014,0,2298.15064,0.206846595,83000.6,3.204785378,37.95968783,-47.93319528,71.99354313,0,0,0,9
element_4704,2051,257.2813968,5.967514409,123.6175842,540.6176766,252.9230229,21.96504214,0.002658211,0,2298.15064,0.206846595,83000.6,3.204785378,37.95968783,-47.93319528,71.99354313,0,0,0,9
element_4704,2052,257.4837371,5.937308753,124.6952492,508.2882038,246.6976571,21.96421648,0.002865102,0,2298.15064,0.206846595,83000.6,3.204785378,37.95968783,-47.93319528,71.99354313,0,0,0,9
element_4704,2053,257.3241728,5.966610006,124.5697516,511.3360396,248.1718944,21.96642897,0.002870726,0,2298.15064,0.206846595,83000.6,3.204785378,37.95968783,-47.93319528,71.99354313,0,0,0,9
element_4704,2054,257.3440905,6.180830293,124.5089521,558.0362811,244.712635,21.96419872,0.002791506,0,2298.15064,0.206846595,83000.6,3.204785378,37.95968783,-47.93319528,71.99354313,0,0,0,9
element_4704,2055,257.0051571,5.783335045,124.2916381,466.1874176,252.9117093,21.97520011,0.002579335,0,2298.15064,0.206846595,83000.6,3.204785378,37.95968783,-47.93319528,71.99354313,0,0,0,9
element_4704,2056,257.7156779,6.06935903,123.1438942,546.7402332,242.9566169,21.96310991,0.002888918,0,2298.15064,0.206846595,83000.6,3.204785378,37.95968783,-47.93319528,71.99354313,0,0,0,9
element_4704,2057,257.7944474,6.115928229,124.2053932,430.7474832,247.0985635,21.96609038,0.003085155,0,2298.15064,0.206846595,83000.6,3.204785378,37.95968783,-47.93319528,71.99354313,0,0,0,9
element_4704,2058,257.7036455,5.95696982,125.3396188,497.8569293,260.2419603,21.96357802,0.003015273,0,2298.15064,0.206846595,83000.6,3.204785378,37.95968783,-47.93319528,71.99354313,0,0,0,9
element_4704,2059,257.8099173,5.919260847,121.4324493,552.6283957,248.2825014,21.98531416,0.003127483,0,2298.15064,0.206846595,83000.6,3.204785378,37.95968783,-47.93319528,71.99354313,0,0,0,9
element_4704,2060,257.6707032,5.890702735,123.3105331,488.36817,254.3899708,21.97215975,0.003072219,0,2298.15064,0.206846595,83000.6,3.204785378,37.95968783,-47.93319528,71.99354313,0,0,0,9
element_4704,2061,258.0522547,5.931073155,124.187243,504.5822674,253.3800633,21.96828288,0.003260107,0,2298.15064,0.206846595,83000.6,3.204785378,37.95968783,-47.93319528,71.99354313,0,0,0,9
element_4704,2062,258.3967345,5.9974566,123.1256987,490.7319646,264.2484226,21.98553465,0.003231202,0,2298.15064,0.206846595,83000.6,3.204785378,37.95968783,-47.93319528,71.99354313,0,0,0,9
element_4704,2063,258.32534,5.993635735,120.8458776,565.2843413,248.5776915,21.98939098,0.002977201,0,2298.15064,0.206846595,83000.6,3.204785378,37.95968783,-47.93319528,71.99354313,0,0,0,9
element_4704,2064,258.2744188,5.875759377,123.126393,603.1811156,252.4017195,21.97992403,0.00321201,0,2298.15064,0.206846595,83000.6,3.204785378,37.95968783,-47.93319528,71.99354313,0,0,0,9
element_4704,2065,258.6782472,5.971674868,124.1743737,502.5053162,270.5875845,21.97556202,0.002906996,0,2298.15064,0.206846595,83000.6,3.204785378,37.95968783,-47.93319528,71.99354313,0,0,0,9
element_4704,2066,258.5486714,5.858222115,123.5691219,491.5526185,272.642508,21.96920423,0.002837613,0,2298.15064,0.206846595,83000.6,3.204785378,37.95968783,-47.93319528,71.99354313,0,0,0,9
element_4704,2067,258.8681397,5.934292959,123.6808432,515.8091301,262.7465391,22.00022299,0.002772685,0,2298.15064,0.206846595,83000.6,3.204785378,37.95968783,-47.93319528,71.99354313,0,0,0,9
element_4704,2068,258.0213802,5.939656242,121.4751488,549.5000164,256.9577541,21.9710032,0.002923662,0,2298.15064,0.206846595,83000.6,3.204785378,37.95968783,-47.93319528,71.99354313,0,0,0,9
element_4704,2069,258.6162275,5.943736005,120.4116742,577.8062035,262.2016765,21.97016068,0.002839177,0,2298.15064,0.206846595,83000.6,3.204785378,37.95968783,-47.93319528,71.99354313,0,0,0,9
element_4704,2070,259.0356172,6.126628223,119.3111836,595.351709,257.6851449,21.97656184,0.002964748,0,2298.15064,0.206846595,83000.6,3.204785378,37.95968783,-47.93319528,71.99354313,0,0,0,9
element_4704,2071,258.7701219,6.062895515,124.5568645,453.9845243,265.6515166,21.9661504,0.002856155,0,2298.15064,0.206846595,83000.6,3.204785378,37.95968783,-47.93319528,71.99354313,0,0,0,9
element_4704,2072,258.9657501,6.131035713,120.7907527,542.3940422,265.6769488,21.97263559,0.003203967,0,2298.15064,0.206846595,83000.6,3.204785378,37.95968783,-47.93319528,71.99354313,0,0,0,9
element_4704,2073,258.8061841,5.947530874,122.713131,520.3208933,273.1178072,21.9860275,0.002909363,0,2298.15064,0.206846595,83000.6,3.204785378,37.95968783,-47.93319528,71.99354313,0,0,0,9
element_4704,2074,258.7407371,5.914411677,122.4509982,475.3669198,266.2372253,21.96916355,0.003236727,0,2298.15064,0.206846595,83000.6,3.204785378,37.95968783,-47.93319528,71.99354313,0,0,0,9
element_4704,2075,259.4810319,6.044212997,121.1296872,556.5243131,263.7478729,21.97024937,0.003371414,0,2298.15064,0.206846595,83000.6,3.204785378,37.95968783,-47.93319528,71.99354313,0,0,0,9
element_4704,2076,259.1309591,5.839154523,122.7133358,499.3678688,268.4281662,21.96594759,0.00336085,0,2298.15064,0.206846595,83000.6,3.204785378,37.95968783,-47.93319528,71.99354313,0,0,0,9
element_4704,2077,259.3341341,5.928664814,123.4115955,500.8261912,278.9687754,21.97024035,0.003125544,0,2298.15064,0.206846595,83000.6,3.204785378,37.95968783,-47.93319528,71.99354313,0,0,0,9
element_4704,2078,259.7262118,6.141095189,122.2364499,504.6647362,279.1690458,21.994412,0.003292232,0,2298.15064,0.206846595,83000.6,3.204785378,37.95968783,-47.93319528,71.99354313,0,0,0,9
element_4704,2079,259.0593433,6.001246725,121.0758583,528.4682452,267.3532068,21.98468172,0.003464173,0,2298.15064,0.206846595,83000.6,3.204785378,37.95968783,-47.93319528,71.99354313,0,0,0,9
element_4704,2080,260.2716665,6.154350172,121.8435221,586.5486496,280.1985181,21.97817698,0.002737858,0,2298.15064,0.206846595,83000.6,3.204785378,37.95968783,-47.93319528,71.99354313,0,0,0,9
element_4704,2081,259.9292543,6.174990938,121.164937,576.1251342,281.4200669,21.99099181,0.003246281,0,2298.15064,0.206846595,83000.6,3.204785378,37.95968783,-47.93319528,71.99354313,0,0,0,9
element_4704,2082,259.0517073,5.830686439,121.0947259,535.3728372,275.3756295,21.97003699,0.003557321,0,2298.15064,0.206846595,83000.6,3.204785378,37.95968783,-47.93319528,71.99354313,0,0,0,9
element_4704,2083,259.634996,6.258931729,121.872349,502.9166873,275.7252224,21.97171377,0.003185801,0,2298.15064,0.206846595,83000.6,3.204785378,37.95968783,-47.93319528,71.99354313,0,0,0,9
element_4704,2084,259.7783088,6.006635874,119.6105719,585.5241814,272.2798441,21.98480462,0.003469152,0,2298.15064,0.206846595,83000.6,3.204785378,37.95968783,-47.93319528,71.99354313,0,0,0,9
element_4704,2085,259.9155365,5.967315684,123.4515062,486.903936,276.6712069,22.01356042,0.003015727,0,2298.15064,0.206846595,83000.6,3.204785378,37.95968783,-47.93319528,71.99354313,0,0,0,9
element_4704,2086,259.8328687,5.876297907,120.9134443,608.4871401,274.6801483,21.97470637,0.003245892,0,2298.15064,0.206846595,83000.6,3.204785378,37.95968783,-47.93319528,71.99354313,0,0,0,9
element_4704,2087,259.3572265,5.948038624,121.9670378,520.9976272,275.7495092,21.978532,0.003635322,0,2298.15064,0.206846595,83000.6,3.204785378,37.95968783,-47.93319528,71.99354313,0,0,0,9
element_4704,2088,259.9190154,6.145514302,121.2182112,527.4558261,283.8688828,22.00253968,0.003616848,0,2298.15064,0.206846595,83000.6,3.204785378,37.95968783,-47.93319528,71.99354313,0,0,0,9
element_4704,2089,259.6225565,6.001877294,121.7763531,531.1185508,272.0171595,21.97754948,0.003785143,0,2298.15064,0.206846595,83000.6,3.204785378,37.95968783,-47.93319528,71.99354313,0,0,0,9
element_4704,2090,259.0138961,5.910313957,124.486073,504.2472976,280.3146681,21.98464962,0.003435897,0,2298.15064,0.206846595,83000.6,3.204785378,37.95968783,-47.93319528,71.99354313,0,0,0,9
element_4704,2091,259.5774937,6.051143847,121.5271111,549.3149358,282.1874528,21.98677919,0.00357589,0,2298.15064,0.206846595,83000.6,3.204785378,37.95968783,-47.93319528,71.99354313,0,0,0,9
element_4704,2092,259.8003597,5.954929365,120.4681306,516.229623,291.6062747,21.97687333,0.003504634,0,2298.15064,0.206846595,83000.6,3.204785378,37.95968783,-47.93319528,71.99354313,0,0,0,9
element_4704,2093,260.3700085,6.025661638,122.7927141,505.3300777,296.8223418,21.99807083,0.003522258,0,2298.15064,0.206846595,83000.6,3.204785378,37.95968783,-47.93319528,71.99354313,0,0,0,9
element_4704,2094,259.5744715,6.003929336,120.6780947,556.8291142,289.3779378,21.99190059,0.003326762,0,2298.15064,0.206846595,83000.6,3.204785378,37.95968783,-47.93319528,71.99354313,0,0,0,9
element_4704,2095,260.1879796,5.996048286,120.3775683,592.6116506,290.3005555,21.98403389,0.003505879,0,2298.15064,0.206846595,83000.6,3.204785378,37.95968783,-47.93319528,71.99354313,0,0,0,9
element_4704,2096,259.9455209,6.036911495,121.2229352,595.7719999,294.9089213,21.98476546,0.003613553,0,2298.15064,0.206846595,83000.6,3.204785378,37.95968783,-47.93319528,71.99354313,0,0,0,9
element_4704,2097,259.9935947,6.065837075,119.6042772,606.6373884,280.3577364,21.97685585,0.00312646,0,2298.15064,0.206846595,83000.6,3.204785378,37.95968783,-47.93319528,71.99354313,0,0,0,9
element_4704,2098,260.852108,6.054787945,118.4251685,618.0348491,295.9643493,22.00269075,0.003699171,0,2298.15064,0.206846595,83000.6,3.204785378,37.95968783,-47.93319528,71.99354313,0,0,0,9
element_4704,2099,261.1384989,5.997133962,121.7711412,543.4005593,303.4955177,21.9776707,0.003659389,0,2298.15064,0.206846595,83000.6,3.204785378,37.95968783,-47.93319528,71.99354313,0,0,0,9
element_4704,2100,260.5667362,5.954510085,120.0921508,612.7580025,285.2017255,21.98452598,0.003472076,0,2298.15064,0.206846595,83000.6,3.204785378,37.95968783,-47.93319528,71.99354313,0,0,0,9
element_4705,2015,251.056741,5.714277399,130.4833303,357.0220864,162.0467498,21.93898371,8.25E-05,0,2811.940267,0.089863307,70433.9,4.771860388,43.55463377,-43.09982037,71.89870477,0,0,0,9
element_4705,2016,250.9312666,5.639082994,130.9516177,333.7618759,169.4548107,21.93943965,9.11E-05,0,2811.940267,0.089863307,70433.9,4.771860388,43.55463377,-43.09982037,71.89870477,0,0,0,9
element_4705,2017,250.2250898,5.631716383,131.1234518,317.6313594,165.4343367,21.93878393,9.70E-05,0,2811.940267,0.089863307,70433.9,4.771860388,43.55463377,-43.09982037,71.89870477,0,0,0,9
element_4705,2018,250.9272892,5.862810221,130.3368191,322.8983141,163.1989911,21.93841533,8.62E-05,0,2811.940267,0.089863307,70433.9,4.771860388,43.55463377,-43.09982037,71.89870477,0,0,0,9
element_4705,2019,249.7692698,5.526058105,131.6066086,274.9728911,158.042524,21.93819706,9.54E-05,0,2811.940267,0.089863307,70433.9,4.771860388,43.55463377,-43.09982037,71.89870477,0,0,0,9
element_4705,2020,250.0424922,5.588774842,130.3758187,321.7623555,159.1096452,21.93839433,9.12E-05,0,2811.940267,0.089863307,70433.9,4.771860388,43.55463377,-43.09982037,71.89870477,0,0,0,9
element_4705,2021,249.6318818,5.633847213,129.4346755,335.8506262,153.4767044,21.93842301,9.07E-05,0,2811.940267,0.089863307,70433.9,4.771860388,43.55463377,-43.09982037,71.89870477,0,0,0,9
element_4705,2022,251.1789139,5.656765982,130.8077499,329.102047,164.4627975,21.93827867,9.63E-05,0,2811.940267,0.089863307,70433.9,4.771860388,43.55463377,-43.09982037,71.89870477,0,0,0,9
element_4705,2023,250.9247458,5.640416883,129.6557947,345.889552,160.4056285,21.93867745,0.000101014,0,2811.940267,0.089863307,70433.9,4.771860388,43.55463377,-43.09982037,71.89870477,0,0,0,9
element_4705,2024,251.1995508,5.660316261,130.0438667,324.2295636,172.5320459,21.9384237,0.000100402,0,2811.940267,0.089863307,70433.9,4.771860388,43.55463377,-43.09982037,71.89870477,0,0,0,9
element_4705,2025,251.6417377,5.775013142,130.0664964,385.2016808,164.4539251,21.93845338,0.000104211,0,2811.940267,0.089863307,70433.9,4.771860388,43.55463377,-43.09982037,71.89870477,0,0,0,9
element_4705,2026,251.1278359,5.681913617,129.4025227,344.1658851,160.0448319,21.93818364,0.000103684,0,2811.940267,0.089863307,70433.9,4.771860388,43.55463377,-43.09982037,71.89870477,0,0,0,9
element_4705,2027,251.5880891,5.772821227,128.9631237,385.000657,165.3523008,21.93814556,0.000101586,0,2811.940267,0.089863307,70433.9,4.771860388,43.55463377,-43.09982037,71.89870477,0,0,0,9
element_4705,2028,251.5334971,5.527365656,128.0175675,359.9620479,165.1181549,21.93842802,9.96E-05,0,2811.940267,0.089863307,70433.9,4.771860388,43.55463377,-43.09982037,71.89870477,0,0,0,9
element_4705,2029,251.4016184,5.799597491,128.1697871,366.3075364,173.9526409,21.93848777,9.56E-05,0,2811.940267,0.089863307,70433.9,4.771860388,43.55463377,-43.09982037,71.89870477,0,0,0,9
element_4705,2030,251.0945605,5.57556158,128.7778526,312.1897959,167.6046999,21.9398676,0.000101843,0,2811.940267,0.089863307,70433.9,4.771860388,43.55463377,-43.09982037,71.89870477,0,0,0,9
element_4705,2031,251.2362159,5.651006335,128.6761064,352.2120367,159.7926915,21.93816841,0.000111042,0,2811.940267,0.089863307,70433.9,4.771860388,43.55463377,-43.09982037,71.89870477,0,0,0,9
element_4705,2032,251.4171952,5.695648226,131.0541212,332.6193871,170.3644924,21.93840519,9.57E-05,0,2811.940267,0.089863307,70433.9,4.771860388,43.55463377,-43.09982037,71.89870477,0,0,0,9
element_4705,2033,251.6976774,5.848279206,129.1895896,388.7817367,167.3122852,21.93824989,8.45E-05,0,2811.940267,0.089863307,70433.9,4.771860388,43.55463377,-43.09982037,71.89870477,0,0,0,9
element_4705,2034,251.7561232,5.826302958,128.5306197,374.966241,165.0151659,21.93833762,0.000100859,0,2811.940267,0.089863307,70433.9,4.771860388,43.55463377,-43.09982037,71.89870477,0,0,0,9
element_4705,2035,251.7650221,5.708081908,130.7819607,339.0307092,176.6927736,21.93815621,0.000107698,0,2811.940267,0.089863307,70433.9,4.771860388,43.55463377,-43.09982037,71.89870477,0,0,0,9
element_4705,2036,251.5182581,5.657721025,127.8717342,350.976713,169.4583367,21.93848555,0.000102937,0,2811.940267,0.089863307,70433.9,4.771860388,43.55463377,-43.09982037,71.89870477,0,0,0,9
element_4705,2037,251.3108867,5.682580014,128.481733,362.6431422,163.935551,21.93819886,8.81E-05,0,2811.940267,0.089863307,70433.9,4.771860388,43.55463377,-43.09982037,71.89870477,0,0,0,9
element_4705,2038,251.6225619,5.778685592,128.6459562,328.1539351,164.3724623,21.93814413,0.000105948,0,2811.940267,0.089863307,70433.9,4.771860388,43.55463377,-43.09982037,71.89870477,0,0,0,9
element_4705,2039,252.1443603,5.853098136,127.4934502,353.2009804,174.4960908,21.93845485,0.000108938,0,2811.940267,0.089863307,70433.9,4.771860388,43.55463377,-43.09982037,71.89870477,0,0,0,9
element_4705,2040,250.8517832,5.572906461,129.7926308,294.1930634,167.6118424,21.93818602,9.32E-05,0,2811.940267,0.089863307,70433.9,4.771860388,43.55463377,-43.09982037,71.89870477,0,0,0,9
element_4705,2041,251.5630234,5.663401853,128.609445,333.7956361,166.1610166,21.93838148,9.06E-05,0,2811.940267,0.089863307,70433.9,4.771860388,43.55463377,-43.09982037,71.89870477,0,0,0,9
element_4705,2042,252.2750379,5.737020723,128.6573614,381.7903979,169.3606973,21.93861933,0.000103845,0,2811.940267,0.089863307,70433.9,4.771860388,43.55463377,-43.09982037,71.89870477,0,0,0,9
element_4705,2043,251.8838679,5.804849417,128.4596347,345.9952635,171.2703604,21.93817767,0.000103908,0,2811.940267,0.089863307,70433.9,4.771860388,43.55463377,-43.09982037,71.89870477,0,0,0,9
element_4705,2044,252.0596186,5.893203838,127.5095633,357.717467,166.5824838,21.93863613,9.92E-05,0,2811.940267,0.089863307,70433.9,4.771860388,43.55463377,-43.09982037,71.89870477,0,0,0,9
element_4705,2045,252.7898899,5.731171188,127.1686349,325.0474567,171.608284,21.93852622,0.000112801,0,2811.940267,0.089863307,70433.9,4.771860388,43.55463377,-43.09982037,71.89870477,0,0,0,9
element_4705,2046,252.4668468,5.723613121,128.473243,395.6954886,176.628248,21.93817606,0.000118475,0,2811.940267,0.089863307,70433.9,4.771860388,43.55463377,-43.09982037,71.89870477,0,0,0,9
element_4705,2047,252.4570126,5.626321756,127.3101937,368.3278582,174.5963899,21.93835958,0.000104951,0,2811.940267,0.089863307,70433.9,4.771860388,43.55463377,-43.09982037,71.89870477,0,0,0,9
element_4705,2048,252.3946913,5.646485961,127.4677472,397.5839192,180.7967577,21.93843387,0.000102344,0,2811.940267,0.089863307,70433.9,4.771860388,43.55463377,-43.09982037,71.89870477,0,0,0,9
element_4705,2049,252.625237,5.661751064,129.6957435,351.2942699,173.2232196,21.93851237,8.34E-05,0,2811.940267,0.089863307,70433.9,4.771860388,43.55463377,-43.09982037,71.89870477,0,0,0,9
element_4705,2050,253.4172541,5.782306553,128.2160791,359.3714114,185.2183549,21.93853455,0.000108993,0,2811.940267,0.089863307,70433.9,4.771860388,43.55463377,-43.09982037,71.89870477,0,0,0,9
element_4705,2051,252.6337214,5.69298012,126.7324794,414.5510385,179.9213391,21.93853121,0.000101904,0,2811.940267,0.089863307,70433.9,4.771860388,43.55463377,-43.09982037,71.89870477,0,0,0,9
element_4705,2052,252.8157393,5.666986931,127.7756904,389.4036472,178.2800911,21.93844205,0.000110192,0,2811.940267,0.089863307,70433.9,4.771860388,43.55463377,-43.09982037,71.89870477,0,0,0,9
element_4705,2053,252.717543,5.719591164,127.522155,387.6685911,176.725131,21.93873021,0.000110308,0,2811.940267,0.089863307,70433.9,4.771860388,43.55463377,-43.09982037,71.89870477,0,0,0,9
element_4705,2054,252.6439971,5.905561588,128.1618485,420.0920558,174.7476241,21.93846546,0.000107273,0,2811.940267,0.089863307,70433.9,4.771860388,43.55463377,-43.09982037,71.89870477,0,0,0,9
element_4705,2055,252.4675268,5.50258618,127.9880172,371.7174296,181.7584009,21.94034379,9.88E-05,0,2811.940267,0.089863307,70433.9,4.771860388,43.55463377,-43.09982037,71.89870477,0,0,0,9
element_4705,2056,252.86919,5.666977701,127.200975,410.6229658,173.7543983,21.93832478,0.000110888,0,2811.940267,0.089863307,70433.9,4.771860388,43.55463377,-43.09982037,71.89870477,0,0,0,9
element_4705,2057,253.0036629,5.67305796,127.6302171,335.7638553,178.7848756,21.93866619,0.00011861,0,2811.940267,0.089863307,70433.9,4.771860388,43.55463377,-43.09982037,71.89870477,0,0,0,9
element_4705,2058,253.1003715,5.601815768,128.2418892,380.615342,188.257848,21.93838064,0.000115796,0,2811.940267,0.089863307,70433.9,4.771860388,43.55463377,-43.09982037,71.89870477,0,0,0,9
element_4705,2059,253.2310719,5.677028986,125.2914189,427.382068,180.5870346,21.94302388,0.000120203,0,2811.940267,0.089863307,70433.9,4.771860388,43.55463377,-43.09982037,71.89870477,0,0,0,9
element_4705,2060,253.0704598,5.658934029,127.1710852,380.0159302,181.5520452,21.939852,0.000118,0,2811.940267,0.089863307,70433.9,4.771860388,43.55463377,-43.09982037,71.89870477,0,0,0,9
element_4705,2061,253.2728516,5.641464058,126.6281347,394.9570163,181.3802308,21.938924,0.000125444,0,2811.940267,0.089863307,70433.9,4.771860388,43.55463377,-43.09982037,71.89870477,0,0,0,9
element_4705,2062,253.7768904,5.699253368,126.3302977,393.6327723,189.2456459,21.94364564,0.000123882,0,2811.940267,0.089863307,70433.9,4.771860388,43.55463377,-43.09982037,71.89870477,0,0,0,9
element_4705,2063,253.7434546,5.691714859,124.6070154,426.4243035,178.8587681,21.94412758,0.000114155,0,2811.940267,0.089863307,70433.9,4.771860388,43.55463377,-43.09982037,71.89870477,0,0,0,9
element_4705,2064,253.7123828,5.668871611,126.9337506,433.9928312,184.1509767,21.94156301,0.000123158,0,2811.940267,0.089863307,70433.9,4.771860388,43.55463377,-43.09982037,71.89870477,0,0,0,9
element_4705,2065,254.0717211,5.692104053,127.0926145,385.1613718,196.8377559,21.94064047,0.00011122,0,2811.940267,0.089863307,70433.9,4.771860388,43.55463377,-43.09982037,71.89870477,0,0,0,9
element_4705,2066,254.0180397,5.618223508,125.9121464,397.6182374,196.5279017,21.9390526,0.000108321,0,2811.940267,0.089863307,70433.9,4.771860388,43.55463377,-43.09982037,71.89870477,0,0,0,9
element_4705,2067,254.1695868,5.61574755,126.4313057,392.1381722,189.1000489,21.9479809,0.000105933,0,2811.940267,0.089863307,70433.9,4.771860388,43.55463377,-43.09982037,71.89870477,0,0,0,9
element_4705,2068,253.3966523,5.700073057,124.748935,418.6231948,184.5937556,21.93948117,0.00011188,0,2811.940267,0.089863307,70433.9,4.771860388,43.55463377,-43.09982037,71.89870477,0,0,0,9
element_4705,2069,254.0946943,5.700139727,124.2455934,438.9006972,189.1432161,21.9393365,0.000108687,0,2811.940267,0.089863307,70433.9,4.771860388,43.55463377,-43.09982037,71.89870477,0,0,0,9
element_4705,2070,254.693125,5.908465224,123.5859829,455.215908,186.3078635,21.94066325,0.000113645,0,2811.940267,0.089863307,70433.9,4.771860388,43.55463377,-43.09982037,71.89870477,0,0,0,9
element_4705,2071,253.909116,5.614106175,127.9763235,351.6648981,191.1258595,21.93864592,0.000108862,0,2811.940267,0.089863307,70433.9,4.771860388,43.55463377,-43.09982037,71.89870477,0,0,0,9
element_4705,2072,254.0486258,5.689328219,124.8896967,404.9301988,190.3311531,21.93979957,0.000122928,0,2811.940267,0.089863307,70433.9,4.771860388,43.55463377,-43.09982037,71.89870477,0,0,0,9
element_4705,2073,254.1080672,5.610532672,126.4047001,396.519266,198.9080672,21.94282609,0.000111307,0,2811.940267,0.089863307,70433.9,4.771860388,43.55463377,-43.09982037,71.89870477,0,0,0,9
element_4705,2074,254.3287133,5.720592554,126.6889678,377.8856059,193.1377205,21.93904377,0.000124069,0,2811.940267,0.089863307,70433.9,4.771860388,43.55463377,-43.09982037,71.89870477,0,0,0,9
element_4705,2075,254.8277958,5.741830939,125.1883719,423.5158031,191.3070992,21.93915441,0.000129603,0,2811.940267,0.089863307,70433.9,4.771860388,43.55463377,-43.09982037,71.89870477,0,0,0,9
element_4705,2076,254.6007547,5.606610988,125.4150872,386.5362666,196.0342932,21.93872886,0.000129024,0,2811.940267,0.089863307,70433.9,4.771860388,43.55463377,-43.09982037,71.89870477,0,0,0,9
element_4705,2077,254.9190155,5.741341131,125.4604521,405.183747,202.3793121,21.93947235,0.000119839,0,2811.940267,0.089863307,70433.9,4.771860388,43.55463377,-43.09982037,71.89870477,0,0,0,9
element_4705,2078,255.1927572,5.824867074,125.6717677,406.4514416,200.4437925,21.94558381,0.000126469,0,2811.940267,0.089863307,70433.9,4.771860388,43.55463377,-43.09982037,71.89870477,0,0,0,9
element_4705,2079,254.5559201,5.798871693,124.4827946,414.7052727,195.6578854,21.94257923,0.000133167,0,2811.940267,0.089863307,70433.9,4.771860388,43.55463377,-43.09982037,71.89870477,0,0,0,9
element_4705,2080,255.4672123,5.790426343,125.077241,451.8206043,201.8144811,21.9409863,0.000104438,0,2811.940267,0.089863307,70433.9,4.771860388,43.55463377,-43.09982037,71.89870477,0,0,0,9
element_4705,2081,255.3808991,5.915055483,124.6925772,437.700021,204.3695274,21.94452285,0.000124567,0,2811.940267,0.089863307,70433.9,4.771860388,43.55463377,-43.09982037,71.89870477,0,0,0,9
element_4705,2082,254.6788624,5.548193874,124.3448811,419.9623701,201.9457945,21.93939206,0.000136716,0,2811.940267,0.089863307,70433.9,4.771860388,43.55463377,-43.09982037,71.89870477,0,0,0,9
element_4705,2083,255.0101362,5.819954348,124.8574675,403.7438123,199.6897755,21.93977787,0.000122048,0,2811.940267,0.089863307,70433.9,4.771860388,43.55463377,-43.09982037,71.89870477,0,0,0,9
element_4705,2084,255.1634211,5.715178345,122.5262776,462.2885323,193.6195829,21.94268068,0.000133013,0,2811.940267,0.089863307,70433.9,4.771860388,43.55463377,-43.09982037,71.89870477,0,0,0,9
element_4705,2085,255.2489971,5.58192945,126.0226302,377.8667409,201.1339563,21.95204672,0.000115542,0,2811.940267,0.089863307,70433.9,4.771860388,43.55463377,-43.09982037,71.89870477,0,0,0,9
element_4705,2086,255.0821406,5.531077342,124.0735239,460.1124901,198.4218769,21.94020982,0.00012472,0,2811.940267,0.089863307,70433.9,4.771860388,43.55463377,-43.09982037,71.89870477,0,0,0,9
element_4705,2087,254.7822344,5.605527198,125.9316444,394.4315127,201.4282383,21.94115066,0.000139937,0,2811.940267,0.089863307,70433.9,4.771860388,43.55463377,-43.09982037,71.89870477,0,0,0,9
element_4705,2088,255.1418418,5.690734104,124.9216555,408.6738078,205.1840218,21.95066464,0.000139325,0,2811.940267,0.089863307,70433.9,4.771860388,43.55463377,-43.09982037,71.89870477,0,0,0,9
element_4705,2089,255.0949538,5.690098591,124.2517643,423.9223897,196.9773284,21.94088847,0.000145252,0,2811.940267,0.089863307,70433.9,4.771860388,43.55463377,-43.09982037,71.89870477,0,0,0,9
element_4705,2090,254.4274395,5.583162748,125.9480944,398.7952447,202.6128848,21.94340422,0.000131723,0,2811.940267,0.089863307,70433.9,4.771860388,43.55463377,-43.09982037,71.89870477,0,0,0,9
element_4705,2091,254.8296772,5.733886912,124.2954418,423.1911356,203.3500875,21.9429041,0.000137411,0,2811.940267,0.089863307,70433.9,4.771860388,43.55463377,-43.09982037,71.89870477,0,0,0,9
element_4705,2092,255.4120957,5.663818007,123.8490022,415.3552877,209.3450756,21.94071934,0.000134684,0,2811.940267,0.089863307,70433.9,4.771860388,43.55463377,-43.09982037,71.89870477,0,0,0,9
element_4705,2093,255.8848899,5.767021666,125.2330957,411.3257074,216.1391967,21.9464359,0.000135333,0,2811.940267,0.089863307,70433.9,4.771860388,43.55463377,-43.09982037,71.89870477,0,0,0,9
element_4705,2094,254.9435637,5.629513806,124.3334577,430.139973,212.2059687,21.94443525,0.000127622,0,2811.940267,0.089863307,70433.9,4.771860388,43.55463377,-43.09982037,71.89870477,0,0,0,9
element_4705,2095,255.7301735,5.739768874,123.3602152,459.3699168,211.0483717,21.94229898,0.000134668,0,2811.940267,0.089863307,70433.9,4.771860388,43.55463377,-43.09982037,71.89870477,0,0,0,9
element_4705,2096,255.0984207,5.620208523,124.168498,452.5771688,211.9674211,21.94248997,0.00013875,0,2811.940267,0.089863307,70433.9,4.771860388,43.55463377,-43.09982037,71.89870477,0,0,0,9
element_4705,2097,255.2024397,5.612507792,123.4112956,443.3169544,205.5137361,21.94059142,0.000119935,0,2811.940267,0.089863307,70433.9,4.771860388,43.55463377,-43.09982037,71.89870477,0,0,0,9
element_4705,2098,256.3065207,5.81311287,121.9514903,469.9212088,214.1251135,21.94828059,0.000142513,0,2811.940267,0.089863307,70433.9,4.771860388,43.55463377,-43.09982037,71.89870477,0,0,0,9
element_4705,2099,256.4491047,5.563378541,125.1300449,412.8036998,220.854876,21.94080706,0.0001403,0,2811.940267,0.089863307,70433.9,4.771860388,43.55463377,-43.09982037,71.89870477,0,0,0,9
element_4705,2100,256.0001497,5.622130045,123.4471738,475.8995118,210.2272194,21.9432782,0.000133203,0,2811.940267,0.089863307,70433.9,4.771860388,43.55463377,-43.09982037,71.89870477,0,0,0,9
element_4706,2015,254.8046996,5.980439168,128.4510355,458.1023322,213.0427829,21.94454275,0.000256571,0,2327.931354,0.198971685,6323.6,3.472750655,41.2336482,-47.35059885,71.80697497,0,0,0,9
element_4706,2016,254.8873136,6.001894231,128.6692062,412.8232296,220.5516095,21.94578446,0.000283591,0,2327.931354,0.198971685,6323.6,3.472750655,41.2336482,-47.35059885,71.80697497,0,0,0,9
element_4706,2017,254.2451293,6.018527026,128.6379851,398.0704908,215.220819,21.94368012,0.000302036,0,2327.931354,0.198971685,6323.6,3.472750655,41.2336482,-47.35059885,71.80697497,0,0,0,9
element_4706,2018,254.7701628,6.174303908,127.7607019,397.2681112,212.4576945,21.94261942,0.000268339,0,2327.931354,0.198971685,6323.6,3.472750655,41.2336482,-47.35059885,71.80697497,0,0,0,9
element_4706,2019,253.7798976,5.964877149,129.6022803,327.8500934,207.2880388,21.94197883,0.00029706,0,2327.931354,0.198971685,6323.6,3.472750655,41.2336482,-47.35059885,71.80697497,0,0,0,9
element_4706,2020,253.8842262,5.934474757,128.3384982,402.4735246,205.3952496,21.94256051,0.000283814,0,2327.931354,0.198971685,6323.6,3.472750655,41.2336482,-47.35059885,71.80697497,0,0,0,9
element_4706,2021,253.4006938,5.968657445,126.7964444,423.5624585,197.3648418,21.94263835,0.000282409,0,2327.931354,0.198971685,6323.6,3.472750655,41.2336482,-47.35059885,71.80697497,0,0,0,9
element_4706,2022,255.1808881,6.004354136,128.2373689,402.2615269,215.0618008,21.94222374,0.000299768,0,2327.931354,0.198971685,6323.6,3.472750655,41.2336482,-47.35059885,71.80697497,0,0,0,9
element_4706,2023,254.8513218,6.014908553,127.0341567,434.7136841,207.3910849,21.94339783,0.000314429,0,2327.931354,0.198971685,6323.6,3.472750655,41.2336482,-47.35059885,71.80697497,0,0,0,9
element_4706,2024,255.1651905,6.054320247,127.3472718,401.0038833,226.0522413,21.94268925,0.000312293,0,2327.931354,0.198971685,6323.6,3.472750655,41.2336482,-47.35059885,71.80697497,0,0,0,9
element_4706,2025,255.5240739,6.095068167,127.169738,500.0231568,212.9583054,21.94274582,0.000324353,0,2327.931354,0.198971685,6323.6,3.472750655,41.2336482,-47.35059885,71.80697497,0,0,0,9
element_4706,2026,255.0200871,5.988363087,126.7764066,429.2102911,210.4900491,21.94196969,0.000322839,0,2327.931354,0.198971685,6323.6,3.472750655,41.2336482,-47.35059885,71.80697497,0,0,0,9
element_4706,2027,255.4177452,6.14735665,126.2874071,496.1504169,215.2965683,21.94184773,0.000316285,0,2327.931354,0.198971685,6323.6,3.472750655,41.2336482,-47.35059885,71.80697497,0,0,0,9
element_4706,2028,255.6419222,5.93628377,124.3571526,469.8203318,216.2658245,21.94268843,0.000309942,0,2327.931354,0.198971685,6323.6,3.472750655,41.2336482,-47.35059885,71.80697497,0,0,0,9
element_4706,2029,255.3526953,6.176567736,124.8345088,472.8039795,227.0544021,21.94283033,0.000297327,0,2327.931354,0.198971685,6323.6,3.472750655,41.2336482,-47.35059885,71.80697497,0,0,0,9
element_4706,2030,255.0505982,5.941337147,126.3175889,380.0921436,218.6447922,21.94740328,0.000316975,0,2327.931354,0.198971685,6323.6,3.472750655,41.2336482,-47.35059885,71.80697497,0,0,0,9
element_4706,2031,255.1903876,6.036064881,125.7143486,441.0022836,207.6386637,21.94191451,0.000345886,0,2327.931354,0.198971685,6323.6,3.472750655,41.2336482,-47.35059885,71.80697497,0,0,0,9
element_4706,2032,255.3453989,6.083231617,129.0508918,417.0767562,220.7171478,21.94259386,0.000297835,0,2327.931354,0.198971685,6323.6,3.472750655,41.2336482,-47.35059885,71.80697497,0,0,0,9
element_4706,2033,255.5978394,6.196431082,126.2369783,505.2669144,220.5491005,21.94213476,0.000263106,0,2327.931354,0.198971685,6323.6,3.472750655,41.2336482,-47.35059885,71.80697497,0,0,0,9
element_4706,2034,255.7240587,6.215501095,125.788058,480.1010675,217.1452049,21.94239533,0.000314055,0,2327.931354,0.198971685,6323.6,3.472750655,41.2336482,-47.35059885,71.80697497,0,0,0,9
element_4706,2035,255.7444578,6.118920181,128.028011,435.5535365,231.9527441,21.94188095,0.000335255,0,2327.931354,0.198971685,6323.6,3.472750655,41.2336482,-47.35059885,71.80697497,0,0,0,9
element_4706,2036,255.3767959,5.981110103,124.8001637,431.3986014,219.2462566,21.94285272,0.000320417,0,2327.931354,0.198971685,6323.6,3.472750655,41.2336482,-47.35059885,71.80697497,0,0,0,9
element_4706,2037,255.0997789,6.002670898,125.7425868,448.1138121,212.8193002,21.94199302,0.000274019,0,2327.931354,0.198971685,6323.6,3.472750655,41.2336482,-47.35059885,71.80697497,0,0,0,9
element_4706,2038,255.5036739,6.125746278,125.523361,403.7829115,213.1104925,21.94182088,0.000329961,0,2327.931354,0.198971685,6323.6,3.472750655,41.2336482,-47.35059885,71.80697497,0,0,0,9
element_4706,2039,255.9512762,6.176201246,123.9877743,442.8702543,225.9119169,21.94275124,0.000339091,0,2327.931354,0.198971685,6323.6,3.472750655,41.2336482,-47.35059885,71.80697497,0,0,0,9
element_4706,2040,254.7138287,5.898102539,127.7655166,337.2238247,217.3408871,21.94195716,0.000290201,0,2327.931354,0.198971685,6323.6,3.472750655,41.2336482,-47.35059885,71.80697497,0,0,0,9
element_4706,2041,255.3683617,6.048583273,126.0262495,416.1146089,217.3108855,21.9425409,0.000281855,0,2327.931354,0.198971685,6323.6,3.472750655,41.2336482,-47.35059885,71.80697497,0,0,0,9
element_4706,2042,256.0721995,6.018098771,126.0326492,479.707339,219.295722,21.94334832,0.000323258,0,2327.931354,0.198971685,6323.6,3.472750655,41.2336482,-47.35059885,71.80697497,0,0,0,9
element_4706,2043,255.7370491,6.128361073,125.3169373,440.9771382,223.0326876,21.94194671,0.000323527,0,2327.931354,0.198971685,6323.6,3.472750655,41.2336482,-47.35059885,71.80697497,0,0,0,9
element_4706,2044,255.8645658,6.215568765,124.8466503,456.6725731,217.0199102,21.94328527,0.000308802,0,2327.931354,0.198971685,6323.6,3.472750655,41.2336482,-47.35059885,71.80697497,0,0,0,9
element_4706,2045,256.8132101,6.149161739,124.6801427,384.8327129,224.3011804,21.94293654,0.000351428,0,2327.931354,0.198971685,6323.6,3.472750655,41.2336482,-47.35059885,71.80697497,0,0,0,9
element_4706,2046,256.3289644,6.010764739,125.6209139,517.0777259,228.5453285,21.941952,0.000368918,0,2327.931354,0.198971685,6323.6,3.472750655,41.2336482,-47.35059885,71.80697497,0,0,0,9
element_4706,2047,256.6033252,6.020514602,123.8453481,460.9090161,228.1462329,21.94246932,0.000326841,0,2327.931354,0.198971685,6323.6,3.472750655,41.2336482,-47.35059885,71.80697497,0,0,0,9
element_4706,2048,256.2558251,5.980654501,124.3223737,499.6619567,234.5671879,21.94267697,0.000318641,0,2327.931354,0.198971685,6323.6,3.472750655,41.2336482,-47.35059885,71.80697497,0,0,0,9
element_4706,2049,256.5796935,6.129028825,127.0810726,437.1667424,225.0472481,21.94288873,0.000259311,0,2327.931354,0.198971685,6323.6,3.472750655,41.2336482,-47.35059885,71.80697497,0,0,0,9
element_4706,2050,257.2754175,6.126372036,125.7019797,457.5120563,242.3780221,21.94297561,0.000339237,0,2327.931354,0.198971685,6323.6,3.472750655,41.2336482,-47.35059885,71.80697497,0,0,0,9
element_4706,2051,256.4794779,6.016318437,124.2490713,525.2335581,235.9282659,21.94296699,0.000317165,0,2327.931354,0.198971685,6323.6,3.472750655,41.2336482,-47.35059885,71.80697497,0,0,0,9
element_4706,2052,256.6850624,5.990324176,125.2685051,490.3418336,229.7365094,21.94270993,0.000343228,0,2327.931354,0.198971685,6323.6,3.472750655,41.2336482,-47.35059885,71.80697497,0,0,0,9
element_4706,2053,256.5418221,6.015616241,125.1007405,495.9782274,230.874087,21.9435221,0.000343528,0,2327.931354,0.198971685,6323.6,3.472750655,41.2336482,-47.35059885,71.80697497,0,0,0,9
element_4706,2054,256.5434381,6.234134312,125.0628461,544.5946718,227.9936213,21.9427683,0.000334084,0,2327.931354,0.198971685,6323.6,3.472750655,41.2336482,-47.35059885,71.80697497,0,0,0,9
element_4706,2055,256.2209956,5.820392493,124.981425,450.2904211,235.7242378,21.9487143,0.000307477,0,2327.931354,0.198971685,6323.6,3.472750655,41.2336482,-47.35059885,71.80697497,0,0,0,9
element_4706,2056,256.9074313,6.110401172,123.6648171,534.6044976,225.6240863,21.94237271,0.000345164,0,2327.931354,0.198971685,6323.6,3.472750655,41.2336482,-47.35059885,71.80697497,0,0,0,9
element_4706,2057,256.9946692,6.175437588,124.5762273,419.1165377,230.3866833,21.94335773,0.000369443,0,2327.931354,0.198971685,6323.6,3.472750655,41.2336482,-47.35059885,71.80697497,0,0,0,9
element_4706,2058,256.9252928,6.006265752,125.9028602,481.3172106,243.1527275,21.9425336,0.000360503,0,2327.931354,0.198971685,6323.6,3.472750655,41.2336482,-47.35059885,71.80697497,0,0,0,9
element_4706,2059,257.009136,5.974156004,122.0500944,537.0886327,232.0861813,21.95747128,0.000374349,0,2327.931354,0.198971685,6323.6,3.472750655,41.2336482,-47.35059885,71.80697497,0,0,0,9
element_4706,2060,256.90286,5.935238303,123.9225455,468.899962,237.3121771,21.94709705,0.000367569,0,2327.931354,0.198971685,6323.6,3.472750655,41.2336482,-47.35059885,71.80697497,0,0,0,9
element_4706,2061,257.2456924,5.97472585,124.6669565,490.2094512,236.1176906,21.94410585,0.000390804,0,2327.931354,0.198971685,6323.6,3.472750655,41.2336482,-47.35059885,71.80697497,0,0,0,9
element_4706,2062,257.6212041,6.057563595,123.5813426,477.3073813,246.9693817,21.95881569,0.000385641,0,2327.931354,0.198971685,6323.6,3.472750655,41.2336482,-47.35059885,71.80697497,0,0,0,9
element_4706,2063,257.5427479,6.024680971,121.3472183,546.5037409,232.1506599,21.96006788,0.000355471,0,2327.931354,0.198971685,6323.6,3.472750655,41.2336482,-47.35059885,71.80697497,0,0,0,9
element_4706,2064,257.4867821,5.917052745,123.5033957,582.5314314,236.7116404,21.95273707,0.000383585,0,2327.931354,0.198971685,6323.6,3.472750655,41.2336482,-47.35059885,71.80697497,0,0,0,9
element_4706,2065,257.9097494,6.027605435,124.7659304,487.5455076,254.1413272,21.94976643,0.000346123,0,2327.931354,0.198971685,6323.6,3.472750655,41.2336482,-47.35059885,71.80697497,0,0,0,9
element_4706,2066,257.790111,5.906022664,123.8482987,478.1085049,255.3644637,21.94445105,0.000337172,0,2327.931354,0.198971685,6323.6,3.472750655,41.2336482,-47.35059885,71.80697497,0,0,0,9
element_4706,2067,258.0825659,5.97813022,124.2322729,498.2547029,245.8987238,21.97192608,0.000329711,0,2327.931354,0.198971685,6323.6,3.472750655,41.2336482,-47.35059885,71.80697497,0,0,0,9
element_4706,2068,257.2214659,5.994599219,121.9910917,533.2817745,239.8322818,21.94598776,0.000348331,0,2327.931354,0.198971685,6323.6,3.472750655,41.2336482,-47.35059885,71.80697497,0,0,0,9
element_4706,2069,257.8415132,5.990501565,120.9880276,558.1133848,244.8712675,21.94537341,0.000338437,0,2327.931354,0.198971685,6323.6,3.472750655,41.2336482,-47.35059885,71.80697497,0,0,0,9
element_4706,2070,258.2813432,6.188846484,120.0422061,573.7733747,241.2686237,21.94973526,0.000353882,0,2327.931354,0.198971685,6323.6,3.472750655,41.2336482,-47.35059885,71.80697497,0,0,0,9
element_4706,2071,257.9565744,6.099868688,125.1704404,436.1019996,248.4183191,21.94331098,0.000338891,0,2327.931354,0.198971685,6323.6,3.472750655,41.2336482,-47.35059885,71.80697497,0,0,0,9
element_4706,2072,258.138388,6.161188685,121.4464854,520.5093457,248.565594,21.94701465,0.000382795,0,2327.931354,0.198971685,6323.6,3.472750655,41.2336482,-47.35059885,71.80697497,0,0,0,9
element_4706,2073,257.9781161,5.977391299,123.2647941,500.2372164,255.839057,21.95679934,0.000346449,0,2327.931354,0.198971685,6323.6,3.472750655,41.2336482,-47.35059885,71.80697497,0,0,0,9
element_4706,2074,257.9742672,5.978762453,123.2801519,454.4078573,250.1860484,21.94443169,0.000386252,0,2327.931354,0.198971685,6323.6,3.472750655,41.2336482,-47.35059885,71.80697497,0,0,0,9
element_4706,2075,258.7108198,6.094901458,121.6592895,540.8469728,246.8388443,21.94479282,0.000403769,0,2327.931354,0.198971685,6323.6,3.472750655,41.2336482,-47.35059885,71.80697497,0,0,0,9
element_4706,2076,258.3751549,5.893639815,123.1717067,481.4617058,251.7198756,21.94367546,0.000401722,0,2327.931354,0.198971685,6323.6,3.472750655,41.2336482,-47.35059885,71.80697497,0,0,0,9
element_4706,2077,258.5583297,5.984861196,123.908669,485.9415489,261.9930094,21.94600233,0.000373191,0,2327.931354,0.198971685,6323.6,3.472750655,41.2336482,-47.35059885,71.80697497,0,0,0,9
element_4706,2078,258.9480054,6.198084278,122.8104986,489.7085101,260.9674352,21.96522199,0.000394012,0,2327.931354,0.198971685,6323.6,3.472750655,41.2336482,-47.35059885,71.80697497,0,0,0,9
element_4706,2079,258.2940674,6.07176512,121.6736795,512.0422281,251.022248,21.9555564,0.000414767,0,2327.931354,0.198971685,6323.6,3.472750655,41.2336482,-47.35059885,71.80697497,0,0,0,9
element_4706,2080,259.4813785,6.203888758,122.4168047,565.1937535,262.1282236,21.95088527,0.000324903,0,2327.931354,0.198971685,6323.6,3.472750655,41.2336482,-47.35059885,71.80697497,0,0,0,9
element_4706,2081,259.15073,6.227577082,121.8231113,556.7489991,263.7399712,21.96187684,0.000387909,0,2327.931354,0.198971685,6323.6,3.472750655,41.2336482,-47.35059885,71.80697497,0,0,0,9
element_4706,2082,258.2881184,5.87727067,121.5207705,521.6705927,258.1459307,21.94559218,0.00042588,0,2327.931354,0.198971685,6323.6,3.472750655,41.2336482,-47.35059885,71.80697497,0,0,0,9
element_4706,2083,258.8480051,6.284435897,122.4281666,484.4266108,258.6124803,21.94689218,0.000379996,0,2327.931354,0.198971685,6323.6,3.472750655,41.2336482,-47.35059885,71.80697497,0,0,0,9
element_4706,2084,258.9794022,6.047659796,120.0313034,565.1015697,254.5254425,21.95625302,0.000414204,0,2327.931354,0.198971685,6323.6,3.472750655,41.2336482,-47.35059885,71.80697497,0,0,0,9
element_4706,2085,259.1493346,6.012607837,123.9645082,469.0653073,259.6425022,21.98441868,0.000359751,0,2327.931354,0.198971685,6323.6,3.472750655,41.2336482,-47.35059885,71.80697497,0,0,0,9
element_4706,2086,259.0080409,5.905748052,121.4801514,587.4130586,256.4098225,21.94825479,0.000388544,0,2327.931354,0.198971685,6323.6,3.472750655,41.2336482,-47.35059885,71.80697497,0,0,0,9
element_4706,2087,258.5605985,5.986560147,122.5744174,500.8039881,258.5255544,21.951362,0.00043602,0,2327.931354,0.198971685,6323.6,3.472750655,41.2336482,-47.35059885,71.80697497,0,0,0,9
element_4706,2088,259.1178833,6.184759698,121.801439,511.5999199,265.5176602,21.97560952,0.000434155,0,2327.931354,0.198971685,6323.6,3.472750655,41.2336482,-47.35059885,71.80697497,0,0,0,9
element_4706,2089,258.8251533,6.041690473,122.2242748,514.8959835,254.3274472,21.95051026,0.000452354,0,2327.931354,0.198971685,6323.6,3.472750655,41.2336482,-47.35059885,71.80697497,0,0,0,9
element_4706,2090,258.212581,5.950779209,124.9047689,484.2230642,262.7067583,21.95804833,0.0004102,0,2327.931354,0.198971685,6323.6,3.472750655,41.2336482,-47.35059885,71.80697497,0,0,0,9
element_4706,2091,258.7801903,6.106066903,121.9600383,531.12189,264.3845223,21.95710375,0.000427987,0,2327.931354,0.198971685,6323.6,3.472750655,41.2336482,-47.35059885,71.80697497,0,0,0,9
element_4706,2092,259.0559513,6.015574535,120.9869883,500.9713495,273.130655,21.94988839,0.000419474,0,2327.931354,0.198971685,6323.6,3.472750655,41.2336482,-47.35059885,71.80697497,0,0,0,9
element_4706,2093,259.5883646,6.077856719,123.3952286,486.2162556,279.1738296,21.96750633,0.000421592,0,2327.931354,0.198971685,6323.6,3.472750655,41.2336482,-47.35059885,71.80697497,0,0,0,9
element_4706,2094,258.7752113,6.028575573,121.2708362,539.7637113,271.5480469,21.96168544,0.000397305,0,2327.931354,0.198971685,6323.6,3.472750655,41.2336482,-47.35059885,71.80697497,0,0,0,9
element_4706,2095,259.4366942,6.049951143,120.7919722,577.1566473,272.4840804,21.95503778,0.00041951,0,2327.931354,0.198971685,6323.6,3.472750655,41.2336482,-47.35059885,71.80697497,0,0,0,9
element_4706,2096,259.1119715,6.067160821,121.7440009,573.2495721,276.3963017,21.95540268,0.000432079,0,2327.931354,0.198971685,6323.6,3.472750655,41.2336482,-47.35059885,71.80697497,0,0,0,9
element_4706,2097,259.1890382,6.090972065,120.2387275,578.7092976,262.9333865,21.9493644,0.000373424,0,2327.931354,0.198971685,6323.6,3.472750655,41.2336482,-47.35059885,71.80697497,0,0,0,9
element_4706,2098,260.0775255,6.110021362,119.0474352,594.2342168,277.5823717,21.97274778,0.000444013,0,2327.931354,0.198971685,6323.6,3.472750655,41.2336482,-47.35059885,71.80697497,0,0,0,9
element_4706,2099,260.3480442,6.02267497,122.3168434,525.2648709,284.6694031,21.95016208,0.000436883,0,2327.931354,0.198971685,6323.6,3.472750655,41.2336482,-47.35059885,71.80697497,0,0,0,9
element_4706,2100,259.7838296,5.991765058,120.7187514,594.9771331,267.9882458,21.95751398,0.000414809,0,2327.931354,0.198971685,6323.6,3.472750655,41.2336482,-47.35059885,71.80697497,0,0,0,9
element_4707,2015,247.2599151,4.968279435,132.1853578,216.10666,125.722138,21.93602992,0,0,3189.737846,0.033835341,6450,5.324107839,40.05532092,-38.02738859,72.08421871,0,0,0,9
element_4707,2016,246.915788,4.785833123,133.1212119,212.0340518,132.6432917,21.93602992,0,0,3189.737846,0.033835341,6450,5.324107839,40.05532092,-38.02738859,72.08421871,0,0,0,9
element_4707,2017,246.0811057,4.80341413,133.3385519,200.8801623,130.4541833,21.93602992,0,0,3189.737846,0.033835341,6450,5.324107839,40.05532092,-38.02738859,72.08421871,0,0,0,9
element_4707,2018,247.0798588,5.051568716,133.1003901,213.475709,127.7350945,21.93602992,0,0,3189.737846,0.033835341,6450,5.324107839,40.05532092,-38.02738859,72.08421871,0,0,0,9
element_4707,2019,245.6778431,4.565523386,133.0179705,197.8513676,123.0926686,21.93602992,0,0,3189.737846,0.033835341,6450,5.324107839,40.05532092,-38.02738859,72.08421871,0,0,0,9
element_4707,2020,246.2509274,4.842541966,132.597706,207.3197183,127.3081679,21.93602992,0,0,3189.737846,0.033835341,6450,5.324107839,40.05532092,-38.02738859,72.08421871,0,0,0,9
element_4707,2021,245.9040538,4.870638062,131.6741734,216.1927123,121.8585372,21.93602992,0,0,3189.737846,0.033835341,6450,5.324107839,40.05532092,-38.02738859,72.08421871,0,0,0,9
element_4707,2022,247.0902406,4.869558853,133.3813734,208.9698549,126.6139594,21.93602992,0,0,3189.737846,0.033835341,6450,5.324107839,40.05532092,-38.02738859,72.08421871,0,0,0,9
element_4707,2023,246.9044483,4.797261709,132.1862429,216.1562281,127.4306972,21.93602992,0,0,3189.737846,0.033835341,6450,5.324107839,40.05532092,-38.02738859,72.08421871,0,0,0,9
element_4707,2024,247.1723228,4.812391606,132.5214167,215.1029787,134.1219344,21.93602992,0,0,3189.737846,0.033835341,6450,5.324107839,40.05532092,-38.02738859,72.08421871,0,0,0,9
element_4707,2025,247.7700298,5.015125187,133.1223171,224.8094139,130.0784804,21.93602992,0,0,3189.737846,0.033835341,6450,5.324107839,40.05532092,-38.02738859,72.08421871,0,0,0,9
element_4707,2026,247.241824,4.930251645,131.9413688,225.1054275,124.3903658,21.93602992,0,0,3189.737846,0.033835341,6450,5.324107839,40.05532092,-38.02738859,72.08421871,0,0,0,9
element_4707,2027,247.8482481,5.001547413,131.6912235,231.5068655,129.9302924,21.93602992,0,0,3189.737846,0.033835341,6450,5.324107839,40.05532092,-38.02738859,72.08421871,0,0,0,9
element_4707,2028,247.4546841,4.784018371,131.8072886,211.9117033,128.2551174,21.93602992,0,0,3189.737846,0.033835341,6450,5.324107839,40.05532092,-38.02738859,72.08421871,0,0,0,9
element_4707,2029,247.6013186,5.017558157,131.4344139,227.8789197,136.2565374,21.93602992,0,0,3189.737846,0.033835341,6450,5.324107839,40.05532092,-38.02738859,72.08421871,0,0,0,9
element_4707,2030,247.2320394,4.842933856,131.2230372,203.5076707,131.3600848,21.93602992,0,0,3189.737846,0.033835341,6450,5.324107839,40.05532092,-38.02738859,72.08421871,0,0,0,9
element_4707,2031,247.2959246,4.861958039,132.1081934,219.7264044,126.1300609,21.93602992,0,0,3189.737846,0.033835341,6450,5.324107839,40.05532092,-38.02738859,72.08421871,0,0,0,9
element_4707,2032,247.4335527,4.789738456,132.6608979,204.7696975,133.1698669,21.93602992,0,0,3189.737846,0.033835341,6450,5.324107839,40.05532092,-38.02738859,72.08421871,0,0,0,9
element_4707,2033,247.8284198,5.063192002,131.422256,243.0202277,129.5990126,21.93602992,0,0,3189.737846,0.033835341,6450,5.324107839,40.05532092,-38.02738859,72.08421871,0,0,0,9
element_4707,2034,247.7919389,5.019498804,131.2534081,229.1685261,128.5230223,21.93602992,0,0,3189.737846,0.033835341,6450,5.324107839,40.05532092,-38.02738859,72.08421871,0,0,0,9
element_4707,2035,247.797531,4.847265861,133.7266694,206.3464307,137.0854055,21.93602992,0,0,3189.737846,0.033835341,6450,5.324107839,40.05532092,-38.02738859,72.08421871,0,0,0,9
element_4707,2036,247.6594696,4.911311748,131.5112328,226.7328173,134.2868018,21.93602992,0,0,3189.737846,0.033835341,6450,5.324107839,40.05532092,-38.02738859,72.08421871,0,0,0,9
element_4707,2037,247.5783867,4.989485567,130.4756974,251.3483746,127.7327008,21.93602992,0,0,3189.737846,0.033835341,6450,5.324107839,40.05532092,-38.02738859,72.08421871,0,0,0,9
element_4707,2038,247.5209343,4.863790183,131.6014561,228.2497266,129.3164677,21.93602992,0,0,3189.737846,0.033835341,6450,5.324107839,40.05532092,-38.02738859,72.08421871,0,0,0,9
element_4707,2039,248.2437911,5.000449136,130.8342219,227.2815867,136.3856599,21.93602992,0,0,3189.737846,0.033835341,6450,5.324107839,40.05532092,-38.02738859,72.08421871,0,0,0,9
element_4707,2040,246.9599667,4.750900936,131.3213701,221.6518803,132.0798305,21.93602992,0,0,3189.737846,0.033835341,6450,5.324107839,40.05532092,-38.02738859,72.08421871,0,0,0,9
element_4707,2041,247.6893644,4.761362586,130.9527359,220.6713538,130.8197427,21.93602992,0,0,3189.737846,0.033835341,6450,5.324107839,40.05532092,-38.02738859,72.08421871,0,0,0,9
element_4707,2042,248.4717582,4.9808708,130.9450162,236.1433025,133.4360111,21.93602992,0,0,3189.737846,0.033835341,6450,5.324107839,40.05532092,-38.02738859,72.08421871,0,0,0,9
element_4707,2043,248.0160874,5.009421902,131.4046484,206.6342794,133.2123804,21.93602992,0,0,3189.737846,0.033835341,6450,5.324107839,40.05532092,-38.02738859,72.08421871,0,0,0,9
element_4707,2044,248.2574988,5.069282032,130.5129101,218.0815095,131.5072531,21.93602992,0,0,3189.737846,0.033835341,6450,5.324107839,40.05532092,-38.02738859,72.08421871,0,0,0,9
element_4707,2045,248.5957681,4.783137178,129.8386696,230.4422947,132.8686322,21.93602992,0,0,3189.737846,0.033835341,6450,5.324107839,40.05532092,-38.02738859,72.08421871,0,0,0,9
element_4707,2046,248.6668626,5.069196142,131.0401458,233.5908675,138.143936,21.93602992,0,0,3189.737846,0.033835341,6450,5.324107839,40.05532092,-38.02738859,72.08421871,0,0,0,9
element_4707,2047,248.3554376,4.856766282,130.9407271,229.1224261,135.2831476,21.93602992,0,0,3189.737846,0.033835341,6450,5.324107839,40.05532092,-38.02738859,72.08421871,0,0,0,9
element_4707,2048,248.6385262,4.851033617,130.1625089,255.7611204,142.9461843,21.93602992,0,0,3189.737846,0.033835341,6450,5.324107839,40.05532092,-38.02738859,72.08421871,0,0,0,9
element_4707,2049,248.698692,4.765751702,131.7657415,229.6880328,135.4541086,21.93602992,0,0,3189.737846,0.033835341,6450,5.324107839,40.05532092,-38.02738859,72.08421871,0,0,0,9
element_4707,2050,249.5681939,4.927854297,130.8106682,227.6555678,145.9165025,21.93602992,0,0,3189.737846,0.033835341,6450,5.324107839,40.05532092,-38.02738859,72.08421871,0,0,0,9
element_4707,2051,248.8575354,4.949023108,129.3125782,259.9626704,140.5175781,21.93602992,0,0,3189.737846,0.033835341,6450,5.324107839,40.05532092,-38.02738859,72.08421871,0,0,0,9
element_4707,2052,248.995351,4.88204157,129.9591552,255.3754023,142.3493314,21.93602992,0,0,3189.737846,0.033835341,6450,5.324107839,40.05532092,-38.02738859,72.08421871,0,0,0,9
element_4707,2053,248.9104953,4.995467359,129.6440288,242.7239975,136.8931903,21.93602992,0,0,3189.737846,0.033835341,6450,5.324107839,40.05532092,-38.02738859,72.08421871,0,0,0,9
element_4707,2054,248.6720772,5.137799838,131.0176978,254.6821713,136.2023801,21.93602992,0,0,3189.737846,0.033835341,6450,5.324107839,40.05532092,-38.02738859,72.08421871,0,0,0,9
element_4707,2055,248.7423161,4.754765623,130.612804,254.118575,144.3390955,21.93602992,0,0,3189.737846,0.033835341,6450,5.324107839,40.05532092,-38.02738859,72.08421871,0,0,0,9
element_4707,2056,248.842149,4.800266087,130.7759168,238.8849359,138.4424205,21.93602992,0,0,3189.737846,0.033835341,6450,5.324107839,40.05532092,-38.02738859,72.08421871,0,0,0,9
element_4707,2057,248.892375,4.61097318,131.2050852,215.0030378,142.6233706,21.93602992,0,0,3189.737846,0.033835341,6450,5.324107839,40.05532092,-38.02738859,72.08421871,0,0,0,9
element_4707,2058,249.3133348,4.777402407,129.8382609,247.6127866,149.0782844,21.93602992,0,0,3189.737846,0.033835341,6450,5.324107839,40.05532092,-38.02738859,72.08421871,0,0,0,9
element_4707,2059,249.6041026,5.018088961,128.4270698,277.2304217,143.1633734,21.93602992,0,0,3189.737846,0.033835341,6450,5.324107839,40.05532092,-38.02738859,72.08421871,0,0,0,9
element_4707,2060,249.2744616,4.92046994,129.7376063,271.7256346,143.1117538,21.93602992,0,0,3189.737846,0.033835341,6450,5.324107839,40.05532092,-38.02738859,72.08421871,0,0,0,9
element_4707,2061,249.3576649,4.902250319,128.4931075,254.2356119,143.4164712,21.93602992,0,0,3189.737846,0.033835341,6450,5.324107839,40.05532092,-38.02738859,72.08421871,0,0,0,9
element_4707,2062,249.9523271,4.828903887,129.6126427,262.3552744,148.7815431,21.93602992,0,0,3189.737846,0.033835341,6450,5.324107839,40.05532092,-38.02738859,72.08421871,0,0,0,9
element_4707,2063,250.0421033,4.988225388,127.6847308,260.4306134,140.5830627,21.93602992,0,0,3189.737846,0.033835341,6450,5.324107839,40.05532092,-38.02738859,72.08421871,0,0,0,9
element_4707,2064,249.9777104,5.044976465,130.2669699,255.1057154,146.2868015,21.93602992,0,0,3189.737846,0.033835341,6450,5.324107839,40.05532092,-38.02738859,72.08421871,0,0,0,9
element_4707,2065,250.3015719,4.88091641,129.2078312,250.6044274,156.1365426,21.93602992,0,0,3189.737846,0.033835341,6450,5.324107839,40.05532092,-38.02738859,72.08421871,0,0,0,9
element_4707,2066,250.2664983,4.883571431,127.7784696,283.3733391,152.9714944,21.93602992,0,0,3189.737846,0.033835341,6450,5.324107839,40.05532092,-38.02738859,72.08421871,0,0,0,9
element_4707,2067,250.2335774,4.805705802,128.1243172,248.9649232,148.4608609,21.93602992,0,0,3189.737846,0.033835341,6450,5.324107839,40.05532092,-38.02738859,72.08421871,0,0,0,9
element_4707,2068,249.719733,4.976132736,127.366853,260.7817756,147.810908,21.93602992,0,0,3189.737846,0.033835341,6450,5.324107839,40.05532092,-38.02738859,72.08421871,0,0,0,9
element_4707,2069,250.4243462,4.984983283,127.6599012,277.5177952,149.4555893,21.93602992,0,0,3189.737846,0.033835341,6450,5.324107839,40.05532092,-38.02738859,72.08421871,0,0,0,9
element_4707,2070,251.1839479,5.062737843,127.5545314,297.605905,148.5645045,21.93602992,0,0,3189.737846,0.033835341,6450,5.324107839,40.05532092,-38.02738859,72.08421871,0,0,0,9
element_4707,2071,249.940289,4.678395403,130.2824795,241.6721291,148.8187672,21.93602992,0,0,3189.737846,0.033835341,6450,5.324107839,40.05532092,-38.02738859,72.08421871,0,0,0,9
element_4707,2072,250.084238,4.781721292,128.3920844,253.2017666,150.7233019,21.93602992,0,0,3189.737846,0.033835341,6450,5.324107839,40.05532092,-38.02738859,72.08421871,0,0,0,9
element_4707,2073,250.3804985,4.871313625,129.7564514,258.6897708,159.1719861,21.93602992,0,0,3189.737846,0.033835341,6450,5.324107839,40.05532092,-38.02738859,72.08421871,0,0,0,9
element_4707,2074,250.6402993,4.938074422,129.6812081,279.2475873,150.8479202,21.93602992,0,0,3189.737846,0.033835341,6450,5.324107839,40.05532092,-38.02738859,72.08421871,0,0,0,9
element_4707,2075,250.9446175,4.924700826,128.985524,257.5830325,151.7748645,21.93602992,0,0,3189.737846,0.033835341,6450,5.324107839,40.05532092,-38.02738859,72.08421871,0,0,0,9
element_4707,2076,250.7841972,4.866540213,128.015108,262.7332344,155.6503299,21.93602992,0,0,3189.737846,0.033835341,6450,5.324107839,40.05532092,-38.02738859,72.08421871,0,0,0,9
element_4707,2077,251.334614,4.992071135,126.5795475,292.6530942,159.4851515,21.93602992,0,0,3189.737846,0.033835341,6450,5.324107839,40.05532092,-38.02738859,72.08421871,0,0,0,9
element_4707,2078,251.3743547,4.871982219,128.4309766,285.4948077,157.8894788,21.93602992,0,0,3189.737846,0.033835341,6450,5.324107839,40.05532092,-38.02738859,72.08421871,0,0,0,9
element_4707,2079,250.8153126,5.020877533,127.2593028,287.0402758,155.9335161,21.93602992,0,0,3189.737846,0.033835341,6450,5.324107839,40.05532092,-38.02738859,72.08421871,0,0,0,9
element_4707,2080,251.3325357,4.907020739,128.2073686,295.7398118,155.0851189,21.93602992,0,0,3189.737846,0.033835341,6450,5.324107839,40.05532092,-38.02738859,72.08421871,0,0,0,9
element_4707,2081,251.6736119,5.093730729,127.3545139,286.5897543,160.8597616,21.93602992,0,0,3189.737846,0.033835341,6450,5.324107839,40.05532092,-38.02738859,72.08421871,0,0,0,9
element_4707,2082,251.1908713,4.833240663,127.2430389,283.2403469,160.1165261,21.93602992,0,0,3189.737846,0.033835341,6450,5.324107839,40.05532092,-38.02738859,72.08421871,0,0,0,9
element_4707,2083,251.2062263,4.879616191,126.7044211,287.9928476,157.1413846,21.93602992,0,0,3189.737846,0.033835341,6450,5.324107839,40.05532092,-38.02738859,72.08421871,0,0,0,9
element_4707,2084,251.2568457,4.894697126,125.684942,310.3316008,149.8519954,21.93602992,0,0,3189.737846,0.033835341,6450,5.324107839,40.05532092,-38.02738859,72.08421871,0,0,0,9
element_4707,2085,251.2925068,4.69099455,127.5682551,256.6428307,158.2760872,21.93602992,0,0,3189.737846,0.033835341,6450,5.324107839,40.05532092,-38.02738859,72.08421871,0,0,0,9
element_4707,2086,251.3042507,4.818458747,126.6880001,295.4514229,156.8378536,21.93602992,0,0,3189.737846,0.033835341,6450,5.324107839,40.05532092,-38.02738859,72.08421871,0,0,0,9
element_4707,2087,251.011242,4.79121442,128.8651824,260.2556495,158.7308266,21.93602992,0,0,3189.737846,0.033835341,6450,5.324107839,40.05532092,-38.02738859,72.08421871,0,0,0,9
element_4707,2088,251.1775502,4.721373227,128.4190618,260.9790747,162.957512,21.93602992,0,0,3189.737846,0.033835341,6450,5.324107839,40.05532092,-38.02738859,72.08421871,0,0,0,9
element_4707,2089,251.4630887,4.857301319,126.0509701,286.640797,159.1777006,21.93602992,0,0,3189.737846,0.033835341,6450,5.324107839,40.05532092,-38.02738859,72.08421871,0,0,0,9
element_4707,2090,250.7509399,4.808184465,127.2929413,281.4637575,157.0171916,21.93602992,0,0,3189.737846,0.033835341,6450,5.324107839,40.05532092,-38.02738859,72.08421871,0,0,0,9
element_4707,2091,250.8921702,4.872611857,126.8817384,277.6892761,158.4628744,21.93602992,0,0,3189.737846,0.033835341,6450,5.324107839,40.05532092,-38.02738859,72.08421871,0,0,0,9
element_4707,2092,251.8360662,4.831860743,126.6231078,293.9896201,163.1842258,21.93602992,0,0,3189.737846,0.033835341,6450,5.324107839,40.05532092,-38.02738859,72.08421871,0,0,0,9
element_4707,2093,252.2528708,4.965348345,126.3262785,300.5299594,171.300604,21.93602992,0,0,3189.737846,0.033835341,6450,5.324107839,40.05532092,-38.02738859,72.08421871,0,0,0,9
element_4707,2094,251.2255954,4.86571417,127.4907439,275.9318417,168.5833256,21.93602992,0,0,3189.737846,0.033835341,6450,5.324107839,40.05532092,-38.02738859,72.08421871,0,0,0,9
element_4707,2095,252.0170326,4.963193031,125.9068886,293.8121943,165.5247632,21.93602992,0,0,3189.737846,0.033835341,6450,5.324107839,40.05532092,-38.02738859,72.08421871,0,0,0,9
element_4707,2096,251.1696091,4.766777586,125.9472559,297.120108,164.2632427,21.93602992,0,0,3189.737846,0.033835341,6450,5.324107839,40.05532092,-38.02738859,72.08421871,0,0,0,9
element_4707,2097,251.386316,4.774760403,125.927994,281.6467641,164.9915868,21.93602992,0,0,3189.737846,0.033835341,6450,5.324107839,40.05532092,-38.02738859,72.08421871,0,0,0,9
element_4707,2098,252.4519504,5.001748145,125.5622147,310.0952387,170.2857559,21.93602992,0,0,3189.737846,0.033835341,6450,5.324107839,40.05532092,-38.02738859,72.08421871,0,0,0,9
element_4707,2099,252.5532144,4.633891493,127.4549514,262.7868206,176.0828131,21.93602992,0,0,3189.737846,0.033835341,6450,5.324107839,40.05532092,-38.02738859,72.08421871,0,0,0,9
element_4707,2100,252.4036008,4.790354511,125.9963857,305.4878678,171.1733365,21.93602992,0,0,3189.737846,0.033835341,6450,5.324107839,40.05532092,-38.02738859,72.08421871,0,0,0,9
element_4708,2015,247.3991438,4.956408029,132.7499831,215.6104621,127.302615,21.93602992,0,0,3159.772461,0.035834507,4622.6,5.074245968,34.49397442,-37.70135036,71.55720799,0,0,0,9
element_4708,2016,247.0743095,4.800533223,133.5879432,213.904724,133.8921849,21.93602992,0,0,3159.772461,0.035834507,4622.6,5.074245968,34.49397442,-37.70135036,71.55720799,0,0,0,9
element_4708,2017,246.2708922,4.822693913,133.8984763,201.378803,132.030241,21.93602992,0,0,3159.772461,0.035834507,4622.6,5.074245968,34.49397442,-37.70135036,71.55720799,0,0,0,9
element_4708,2018,247.2597622,5.065593299,133.6580687,218.0267075,129.1775323,21.93602992,0,0,3159.772461,0.035834507,4622.6,5.074245968,34.49397442,-37.70135036,71.55720799,0,0,0,9
element_4708,2019,245.8570926,4.576801172,133.4466936,201.317764,124.1238672,21.93602992,0,0,3159.772461,0.035834507,4622.6,5.074245968,34.49397442,-37.70135036,71.55720799,0,0,0,9
element_4708,2020,246.4172235,4.862978669,133.0969769,211.2637131,128.7063769,21.93602992,0,0,3159.772461,0.035834507,4622.6,5.074245968,34.49397442,-37.70135036,71.55720799,0,0,0,9
element_4708,2021,246.0816201,4.88381658,132.2524377,218.6467807,122.9891488,21.93602992,0,0,3159.772461,0.035834507,4622.6,5.074245968,34.49397442,-37.70135036,71.55720799,0,0,0,9
element_4708,2022,247.240486,4.871746949,133.9329223,209.3844257,128.5510395,21.93602992,0,0,3159.772461,0.035834507,4622.6,5.074245968,34.49397442,-37.70135036,71.55720799,0,0,0,9
element_4708,2023,247.0723292,4.80347452,132.8189493,215.7290232,128.871357,21.93602992,0,0,3159.772461,0.035834507,4622.6,5.074245968,34.49397442,-37.70135036,71.55720799,0,0,0,9
element_4708,2024,247.3558111,4.827015842,133.1199119,217.7110278,135.879017,21.93602992,0,0,3159.772461,0.035834507,4622.6,5.074245968,34.49397442,-37.70135036,71.55720799,0,0,0,9
element_4708,2025,247.9270026,5.025392006,133.8939436,225.7432429,131.5718356,21.93602992,0,0,3159.772461,0.035834507,4622.6,5.074245968,34.49397442,-37.70135036,71.55720799,0,0,0,9
element_4708,2026,247.4264779,4.942336176,132.457533,229.6714124,125.6292209,21.93602992,0,0,3159.772461,0.035834507,4622.6,5.074245968,34.49397442,-37.70135036,71.55720799,0,0,0,9
element_4708,2027,248.0210048,5.019927061,132.190846,232.7642314,131.4743943,21.93602992,0,0,3159.772461,0.035834507,4622.6,5.074245968,34.49397442,-37.70135036,71.55720799,0,0,0,9
element_4708,2028,247.6575198,4.816028158,132.4272772,213.0532304,130.1387413,21.93602992,0,0,3159.772461,0.035834507,4622.6,5.074245968,34.49397442,-37.70135036,71.55720799,0,0,0,9
element_4708,2029,247.7902123,5.051226695,132.1478294,229.2000094,137.9576922,21.93602992,0,0,3159.772461,0.035834507,4622.6,5.074245968,34.49397442,-37.70135036,71.55720799,0,0,0,9
element_4708,2030,247.4111882,4.873742977,131.751959,206.6182894,132.8323964,21.93602992,0,0,3159.772461,0.035834507,4622.6,5.074245968,34.49397442,-37.70135036,71.55720799,0,0,0,9
element_4708,2031,247.5034046,4.884731556,132.6962011,221.2271558,127.8584299,21.93602992,0,0,3159.772461,0.035834507,4622.6,5.074245968,34.49397442,-37.70135036,71.55720799,0,0,0,9
element_4708,2032,247.5877864,4.790844468,133.2047928,206.6044054,134.4904292,21.93602992,0,0,3159.772461,0.035834507,4622.6,5.074245968,34.49397442,-37.70135036,71.55720799,0,0,0,9
element_4708,2033,247.9889568,5.077143929,131.8518932,248.0755969,131.0902011,21.93602992,0,0,3159.772461,0.035834507,4622.6,5.074245968,34.49397442,-37.70135036,71.55720799,0,0,0,9
element_4708,2034,247.9610014,5.040040643,131.911136,230.0613215,130.3387695,21.93602992,0,0,3159.772461,0.035834507,4622.6,5.074245968,34.49397442,-37.70135036,71.55720799,0,0,0,9
element_4708,2035,247.9842231,4.870534967,134.3397373,208.3315294,138.638987,21.93602992,0,0,3159.772461,0.035834507,4622.6,5.074245968,34.49397442,-37.70135036,71.55720799,0,0,0,9
element_4708,2036,247.8511196,4.932075187,132.2047249,229.7230364,135.9130501,21.93602992,0,0,3159.772461,0.035834507,4622.6,5.074245968,34.49397442,-37.70135036,71.55720799,0,0,0,9
element_4708,2037,247.754136,5.013929734,130.8838902,257.0253919,129.0035707,21.93602992,0,0,3159.772461,0.035834507,4622.6,5.074245968,34.49397442,-37.70135036,71.55720799,0,0,0,9
element_4708,2038,247.6793052,4.851463902,132.0084041,233.1059107,130.7051245,21.93602992,0,0,3159.772461,0.035834507,4622.6,5.074245968,34.49397442,-37.70135036,71.55720799,0,0,0,9
element_4708,2039,248.3960896,4.986314886,131.5457698,230.1073849,138.0103161,21.93602992,0,0,3159.772461,0.035834507,4622.6,5.074245968,34.49397442,-37.70135036,71.55720799,0,0,0,9
element_4708,2040,247.1657401,4.762587431,131.6820201,229.5789326,133.2625319,21.93602992,0,0,3159.772461,0.035834507,4622.6,5.074245968,34.49397442,-37.70135036,71.55720799,0,0,0,9
element_4708,2041,247.8692862,4.767543849,131.3681279,225.150804,132.6291842,21.93602992,0,0,3159.772461,0.035834507,4622.6,5.074245968,34.49397442,-37.70135036,71.55720799,0,0,0,9
element_4708,2042,248.6247045,4.993108228,131.4302401,239.3892447,134.5441366,21.93602992,0,0,3159.772461,0.035834507,4622.6,5.074245968,34.49397442,-37.70135036,71.55720799,0,0,0,9
element_4708,2043,248.1748205,5.019954038,132.0722874,209.0850508,134.7849104,21.93602992,0,0,3159.772461,0.035834507,4622.6,5.074245968,34.49397442,-37.70135036,71.55720799,0,0,0,9
element_4708,2044,248.4195582,5.065802918,131.1532619,219.8329309,132.7259377,21.93602992,0,0,3159.772461,0.035834507,4622.6,5.074245968,34.49397442,-37.70135036,71.55720799,0,0,0,9
element_4708,2045,248.7551742,4.789011752,130.4388293,233.7820775,134.2836167,21.93602992,0,0,3159.772461,0.035834507,4622.6,5.074245968,34.49397442,-37.70135036,71.55720799,0,0,0,9
element_4708,2046,248.8419193,5.104413681,131.6955259,234.8016627,139.6179107,21.93602992,0,0,3159.772461,0.035834507,4622.6,5.074245968,34.49397442,-37.70135036,71.55720799,0,0,0,9
element_4708,2047,248.5422941,4.894744088,131.515792,230.2778824,136.5973142,21.93602992,0,0,3159.772461,0.035834507,4622.6,5.074245968,34.49397442,-37.70135036,71.55720799,0,0,0,9
element_4708,2048,248.826807,4.873226518,130.6664358,257.486988,144.3890386,21.93602992,0,0,3159.772461,0.035834507,4622.6,5.074245968,34.49397442,-37.70135036,71.55720799,0,0,0,9
element_4708,2049,248.8999876,4.794446109,132.217312,232.3694967,136.9807282,21.93602992,0,0,3159.772461,0.035834507,4622.6,5.074245968,34.49397442,-37.70135036,71.55720799,0,0,0,9
element_4708,2050,249.7031327,4.929827295,131.346217,231.3756012,147.4972455,21.93602992,0,0,3159.772461,0.035834507,4622.6,5.074245968,34.49397442,-37.70135036,71.55720799,0,0,0,9
element_4708,2051,249.0276285,4.96222895,129.8572825,263.802714,142.115868,21.93602992,0,0,3159.772461,0.035834507,4622.6,5.074245968,34.49397442,-37.70135036,71.55720799,0,0,0,9
element_4708,2052,249.1604442,4.898753447,130.4479639,259.3592052,143.6474853,21.93602992,0,0,3159.772461,0.035834507,4622.6,5.074245968,34.49397442,-37.70135036,71.55720799,0,0,0,9
element_4708,2053,249.0842524,5.017855662,130.250871,242.9614847,138.4402674,21.93602992,0,0,3159.772461,0.035834507,4622.6,5.074245968,34.49397442,-37.70135036,71.55720799,0,0,0,9
element_4708,2054,248.8330747,5.152903193,131.5756803,255.8010123,138.1623358,21.93602992,0,0,3159.772461,0.035834507,4622.6,5.074245968,34.49397442,-37.70135036,71.55720799,0,0,0,9
element_4708,2055,248.9129107,4.777537671,131.2072871,255.7781175,145.8431314,21.93602992,0,0,3159.772461,0.035834507,4622.6,5.074245968,34.49397442,-37.70135036,71.55720799,0,0,0,9
element_4708,2056,249.0220138,4.814012425,131.5007427,240.6001303,140.4299079,21.93602992,0,0,3159.772461,0.035834507,4622.6,5.074245968,34.49397442,-37.70135036,71.55720799,0,0,0,9
element_4708,2057,249.0655286,4.618328926,131.8217928,216.7023985,144.136049,21.93602992,0,0,3159.772461,0.035834507,4622.6,5.074245968,34.49397442,-37.70135036,71.55720799,0,0,0,9
element_4708,2058,249.5016663,4.808199139,130.232406,250.7252887,150.5696977,21.93602992,0,0,3159.772461,0.035834507,4622.6,5.074245968,34.49397442,-37.70135036,71.55720799,0,0,0,9
element_4708,2059,249.7839089,5.04536438,128.9553282,282.7018633,145.0609821,21.93602992,0,0,3159.772461,0.035834507,4622.6,5.074245968,34.49397442,-37.70135036,71.55720799,0,0,0,9
element_4708,2060,249.4294026,4.942583669,130.263472,276.8929203,144.4012123,21.93602992,0,0,3159.772461,0.035834507,4622.6,5.074245968,34.49397442,-37.70135036,71.55720799,0,0,0,9
element_4708,2061,249.5471409,4.927936254,128.9608968,257.1620724,145.16339,21.93602992,0,0,3159.772461,0.035834507,4622.6,5.074245968,34.49397442,-37.70135036,71.55720799,0,0,0,9
element_4708,2062,250.1252786,4.846413523,130.3332517,265.3428299,150.45534,21.93602992,0,0,3159.772461,0.035834507,4622.6,5.074245968,34.49397442,-37.70135036,71.55720799,0,0,0,9
element_4708,2063,250.213614,5.002020738,128.3375581,260.5179372,142.5535698,21.93602992,0,0,3159.772461,0.035834507,4622.6,5.074245968,34.49397442,-37.70135036,71.55720799,0,0,0,9
element_4708,2064,250.1482241,5.076380033,130.9100496,256.5976143,147.9628747,21.93602992,0,0,3159.772461,0.035834507,4622.6,5.074245968,34.49397442,-37.70135036,71.55720799,0,0,0,9
element_4708,2065,250.4549709,4.891150374,129.804483,252.2536482,157.6537668,21.93602992,0,0,3159.772461,0.035834507,4622.6,5.074245968,34.49397442,-37.70135036,71.55720799,0,0,0,9
element_4708,2066,250.4391466,4.907840014,128.3368431,287.8927542,154.4900282,21.93602992,0,0,3159.772461,0.035834507,4622.6,5.074245968,34.49397442,-37.70135036,71.55720799,0,0,0,9
element_4708,2067,250.3880523,4.834783156,128.6592881,252.1157004,150.1207769,21.93602992,0,0,3159.772461,0.035834507,4622.6,5.074245968,34.49397442,-37.70135036,71.55720799,0,0,0,9
element_4708,2068,249.8956622,4.999449093,128.0168425,262.6386531,149.7363966,21.93602992,0,0,3159.772461,0.035834507,4622.6,5.074245968,34.49397442,-37.70135036,71.55720799,0,0,0,9
element_4708,2069,250.5937595,4.993642988,128.3134418,279.5230673,151.4520621,21.93602992,0,0,3159.772461,0.035834507,4622.6,5.074245968,34.49397442,-37.70135036,71.55720799,0,0,0,9
element_4708,2070,251.3344406,5.056335708,128.0621353,304.7576502,150.2562019,21.93602992,0,0,3159.772461,0.035834507,4622.6,5.074245968,34.49397442,-37.70135036,71.55720799,0,0,0,9
element_4708,2071,250.1054487,4.71090301,130.7676488,245.5712302,150.2964423,21.93602992,0,0,3159.772461,0.035834507,4622.6,5.074245968,34.49397442,-37.70135036,71.55720799,0,0,0,9
element_4708,2072,250.2756728,4.815713697,128.9978584,255.4285927,152.6772875,21.93602992,0,0,3159.772461,0.035834507,4622.6,5.074245968,34.49397442,-37.70135036,71.55720799,0,0,0,9
element_4708,2073,250.5525202,4.906383925,130.5142488,260.850684,160.9856413,21.93602992,0,0,3159.772461,0.035834507,4622.6,5.074245968,34.49397442,-37.70135036,71.55720799,0,0,0,9
element_4708,2074,250.8002659,4.947578391,130.0470727,287.9337287,152.1512897,21.93602992,0,0,3159.772461,0.035834507,4622.6,5.074245968,34.49397442,-37.70135036,71.55720799,0,0,0,9
element_4708,2075,251.0914331,4.939086301,129.7158432,257.8197513,153.0083688,21.93602992,0,0,3159.772461,0.035834507,4622.6,5.074245968,34.49397442,-37.70135036,71.55720799,0,0,0,9
element_4708,2076,250.9084303,4.888947801,128.6091877,267.0665606,157.3224709,21.93602992,0,0,3159.772461,0.035834507,4622.6,5.074245968,34.49397442,-37.70135036,71.55720799,0,0,0,9
element_4708,2077,251.504352,4.993816916,126.9195887,301.007872,161.0926651,21.93602992,0,0,3159.772461,0.035834507,4622.6,5.074245968,34.49397442,-37.70135036,71.55720799,0,0,0,9
element_4708,2078,251.5169511,4.873165187,129.0851726,291.5942743,159.5355697,21.93602992,0,0,3159.772461,0.035834507,4622.6,5.074245968,34.49397442,-37.70135036,71.55720799,0,0,0,9
element_4708,2079,250.968826,5.024281944,127.8108231,294.5935365,157.4423221,21.93602992,0,0,3159.772461,0.035834507,4622.6,5.074245968,34.49397442,-37.70135036,71.55720799,0,0,0,9
element_4708,2080,251.4720264,4.929447143,128.6891911,302.0494367,156.5443256,21.93602992,0,0,3159.772461,0.035834507,4622.6,5.074245968,34.49397442,-37.70135036,71.55720799,0,0,0,9
element_4708,2081,251.8316418,5.102298266,127.8683871,292.8619593,162.3021776,21.93602992,0,0,3159.772461,0.035834507,4622.6,5.074245968,34.49397442,-37.70135036,71.55720799,0,0,0,9
element_4708,2082,251.3506065,4.857921428,127.9914657,284.4431341,161.7185305,21.93602992,0,0,3159.772461,0.035834507,4622.6,5.074245968,34.49397442,-37.70135036,71.55720799,0,0,0,9
element_4708,2083,251.336822,4.890332958,127.2072107,294.8311347,158.5476222,21.93602992,0,0,3159.772461,0.035834507,4622.6,5.074245968,34.49397442,-37.70135036,71.55720799,0,0,0,9
element_4708,2084,251.409244,4.908150547,126.2595624,314.9700729,151.4424157,21.93602992,0,0,3159.772461,0.035834507,4622.6,5.074245968,34.49397442,-37.70135036,71.55720799,0,0,0,9
element_4708,2085,251.4345596,4.722412181,128.2032266,260.5054498,159.4785418,21.93602992,0,0,3159.772461,0.035834507,4622.6,5.074245968,34.49397442,-37.70135036,71.55720799,0,0,0,9
element_4708,2086,251.4641821,4.860942618,127.346343,297.4804221,158.6038939,21.93602992,0,0,3159.772461,0.035834507,4622.6,5.074245968,34.49397442,-37.70135036,71.55720799,0,0,0,9
element_4708,2087,251.1606785,4.819423543,129.3882343,265.1088718,160.122253,21.93602992,0,0,3159.772461,0.035834507,4622.6,5.074245968,34.49397442,-37.70135036,71.55720799,0,0,0,9
element_4708,2088,251.3405954,4.73664166,129.0012937,263.9168789,164.7750517,21.93602992,0,0,3159.772461,0.035834507,4622.6,5.074245968,34.49397442,-37.70135036,71.55720799,0,0,0,9
element_4708,2089,251.6215929,4.871466958,126.395116,293.5565179,161.1802076,21.93602992,0,0,3159.772461,0.035834507,4622.6,5.074245968,34.49397442,-37.70135036,71.55720799,0,0,0,9
element_4708,2090,250.9479077,4.842383971,127.7987561,285.877978,158.5535379,21.93602992,0,0,3159.772461,0.035834507,4622.6,5.074245968,34.49397442,-37.70135036,71.55720799,0,0,0,9
element_4708,2091,251.0616389,4.897361947,127.5613652,281.3818946,160.4415293,21.93602992,0,0,3159.772461,0.035834507,4622.6,5.074245968,34.49397442,-37.70135036,71.55720799,0,0,0,9
element_4708,2092,251.9965414,4.849347873,127.2702189,299.0729507,164.4851258,21.93602992,0,0,3159.772461,0.035834507,4622.6,5.074245968,34.49397442,-37.70135036,71.55720799,0,0,0,9
element_4708,2093,252.377026,4.976909478,126.7570928,308.285506,172.9804456,21.93602992,0,0,3159.772461,0.035834507,4622.6,5.074245968,34.49397442,-37.70135036,71.55720799,0,0,0,9
element_4708,2094,251.3986524,4.9021892,128.1665795,277.0039095,170.168164,21.93602992,0,0,3159.772461,0.035834507,4622.6,5.074245968,34.49397442,-37.70135036,71.55720799,0,0,0,9
element_4708,2095,252.1801396,4.982958905,126.4255485,295.2891924,166.9779045,21.93602992,0,0,3159.772461,0.035834507,4622.6,5.074245968,34.49397442,-37.70135036,71.55720799,0,0,0,9
element_4708,2096,251.3511212,4.810051869,126.5104272,299.7100139,166.0032615,21.93602992,0,0,3159.772461,0.035834507,4622.6,5.074245968,34.49397442,-37.70135036,71.55720799,0,0,0,9
element_4708,2097,251.5618649,4.817488454,126.5124748,281.2676886,166.5499252,21.93602992,0,0,3159.772461,0.035834507,4622.6,5.074245968,34.49397442,-37.70135036,71.55720799,0,0,0,9
element_4708,2098,252.5924491,5.015060811,126.2285254,315.7016786,172.0583841,21.93602992,0,0,3159.772461,0.035834507,4622.6,5.074245968,34.49397442,-37.70135036,71.55720799,0,0,0,9
element_4708,2099,252.7054408,4.65071056,127.8956068,265.3307799,178.2975016,21.93602992,0,0,3159.772461,0.035834507,4622.6,5.074245968,34.49397442,-37.70135036,71.55720799,0,0,0,9
element_4708,2100,252.5666391,4.816892924,126.5864406,306.4782427,173.0784997,21.93602992,0,0,3159.772461,0.035834507,4622.6,5.074245968,34.49397442,-37.70135036,71.55720799,0,0,0,9
element_4712,2015,256.991153,5.635552667,124.9294508,467.030565,261.2777334,22.02133587,0.000562878,0,1874.287196,1.071899562,6277.3,2.717590134,24.15871522,-49.97169602,72.16127925,6.839374542,32.00541687,32,9
element_4712,2016,257.1931922,5.649556241,125.3025166,418.7718548,268.5661808,22.01816737,0.000616351,0,1874.287196,1.071899562,6277.3,2.717590134,24.15871522,-49.97169602,72.16127925,6.839374542,32.00541687,32,9
element_4712,2017,256.5830167,5.713967463,124.276169,411.5297856,263.509587,22.01415053,0.000596063,0,1874.287196,1.071899562,6277.3,2.717590134,24.15871522,-49.97169602,72.16127925,6.839374542,32.00541687,32,9
element_4712,2018,257.0539882,5.803925405,124.2776468,409.3069585,258.2114296,22.01008613,0.000569316,0,1874.287196,1.071899562,6277.3,2.717590134,24.15871522,-49.97169602,72.16127925,6.839374542,32.00541687,32,9
element_4712,2019,256.1976557,5.644402631,125.7760678,335.2042634,256.4887499,22.00659419,0.00062214,0,1874.287196,1.071899562,6277.3,2.717590134,24.15871522,-49.97169602,72.16127925,6.839374542,32.00541687,32,9
element_4712,2020,256.1841174,5.66391347,124.83048,412.8638954,249.5845251,22.01006722,0.000602844,0,1874.287196,1.071899562,6277.3,2.717590134,24.15871522,-49.97169602,72.16127925,6.839374542,32.00541687,32,9
element_4712,2021,255.678753,5.67616536,123.1001244,431.8453758,240.1703206,22.0095974,0.000596699,0,1874.287196,1.071899562,6277.3,2.717590134,24.15871522,-49.97169602,72.16127925,6.839374542,32.00541687,32,9
element_4712,2022,257.4864981,5.694779976,124.4135001,411.5581248,260.5944089,22.00822644,0.000626621,0,1874.287196,1.071899562,6277.3,2.717590134,24.15871522,-49.97169602,72.16127925,6.839374542,32.00541687,32,9
element_4712,2023,257.1649287,5.676990339,123.4040714,444.4184295,252.1255497,22.01594022,0.000647538,0,1874.287196,1.071899562,6277.3,2.717590134,24.15871522,-49.97169602,72.16127925,6.839374542,32.00541687,32,9
element_4712,2024,257.4644506,5.733356495,123.5229529,415.9239209,274.763002,22.01846563,0.000653339,0,1874.287196,1.071899562,6277.3,2.717590134,24.15871522,-49.97169602,72.16127925,6.839374542,32.00541687,32,9
element_4712,2025,257.7757104,5.788117548,123.2676298,501.5802088,258.6973135,22.01293382,0.000668737,0,1874.287196,1.071899562,6277.3,2.717590134,24.15871522,-49.97169602,72.16127925,6.839374542,32.00541687,32,9
element_4712,2026,257.226549,5.644352433,123.1606184,443.8345269,256.9534215,22.01102167,0.000677873,0,1874.287196,1.071899562,6277.3,2.717590134,24.15871522,-49.97169602,72.16127925,6.839374542,32.00541687,32,9
element_4712,2027,257.8242484,5.921178652,122.2751379,515.9776509,261.5283322,22.00943261,0.000659889,0,1874.287196,1.071899562,6277.3,2.717590134,24.15871522,-49.97169602,72.16127925,6.839374542,32.00541687,32,9
element_4712,2028,258.0187366,5.728832786,120.4675361,479.9835701,264.2681576,22.01529563,0.000648465,0,1874.287196,1.071899562,6277.3,2.717590134,24.15871522,-49.97169602,72.16127925,6.839374542,32.00541687,32,9
element_4712,2029,257.7726186,5.899802891,120.7079236,497.6213142,276.475003,22.01236307,0.000632342,0,1874.287196,1.071899562,6277.3,2.717590134,24.15871522,-49.97169602,72.16127925,6.839374542,32.00541687,32,9
element_4712,2030,257.4306764,5.6926791,122.4182758,403.4672044,266.6502417,22.02556432,0.000634833,0,1874.287196,1.071899562,6277.3,2.717590134,24.15871522,-49.97169602,72.16127925,6.839374542,32.00541687,32,9
element_4712,2031,257.4943729,5.784797268,121.8399694,453.6418206,254.9264679,22.00970934,0.000664095,0,1874.287196,1.071899562,6277.3,2.717590134,24.15871522,-49.97169602,72.16127925,6.839374542,32.00541687,32,9
element_4712,2032,257.6946864,5.744678721,125.9389523,431.7600547,268.4098856,22.01285668,0.000608357,0,1874.287196,1.071899562,6277.3,2.717590134,24.15871522,-49.97169602,72.16127925,6.839374542,32.00541687,32,9
element_4712,2033,257.9400481,5.891554477,122.7524421,516.0314594,270.7238669,22.00715312,0.000579298,0,1874.287196,1.071899562,6277.3,2.717590134,24.15871522,-49.97169602,72.16127925,6.839374542,32.00541687,32,9
element_4712,2034,258.1383717,5.936688772,121.8895283,511.57484,264.4362222,22.01015486,0.000662763,0,1874.287196,1.071899562,6277.3,2.717590134,24.15871522,-49.97169602,72.16127925,6.839374542,32.00541687,32,9
element_4712,2035,258.1448167,5.865980874,123.9669287,455.6567382,282.9965551,22.00957849,0.000691771,0,1874.287196,1.071899562,6277.3,2.717590134,24.15871522,-49.97169602,72.16127925,6.839374542,32.00541687,32,9
element_4712,2036,257.6722773,5.708507257,121.2712473,440.6704864,267.8211344,22.01616205,0.000649887,0,1874.287196,1.071899562,6277.3,2.717590134,24.15871522,-49.97169602,72.16127925,6.839374542,32.00541687,32,9
element_4712,2037,257.3272358,5.73331204,121.8032004,462.4432943,257.0813247,22.00928545,0.000596338,0,1874.287196,1.071899562,6277.3,2.717590134,24.15871522,-49.97169602,72.16127925,6.839374542,32.00541687,32,9
element_4712,2038,257.7228515,5.782759036,121.7667927,427.9521311,258.9088532,22.00545679,0.000670886,0,1874.287196,1.071899562,6277.3,2.717590134,24.15871522,-49.97169602,72.16127925,6.839374542,32.00541687,32,9
element_4712,2039,258.1592767,5.828092608,119.4671803,458.5801917,271.7994133,22.01323208,0.000697615,0,1874.287196,1.071899562,6277.3,2.717590134,24.15871522,-49.97169602,72.16127925,6.839374542,32.00541687,32,9
element_4712,2040,257.0132953,5.603429705,124.5560891,332.603465,262.2014949,22.00869465,0.00060793,0,1874.287196,1.071899562,6277.3,2.717590134,24.15871522,-49.97169602,72.16127925,6.839374542,32.00541687,32,9
element_4712,2041,257.5656721,5.734886433,121.9980978,446.3482874,264.5311121,22.01278907,0.000655074,0,1874.287196,1.071899562,6277.3,2.717590134,24.15871522,-49.97169602,72.16127925,6.839374542,32.00541687,32,9
element_4712,2042,258.3558716,5.666433417,122.1249387,480.2599157,264.6939754,22.01420976,0.000695065,0,1874.287196,1.071899562,6277.3,2.717590134,24.15871522,-49.97169602,72.16127925,6.839374542,32.00541687,32,9
element_4712,2043,258.0531638,5.789571324,120.9056866,448.10353,270.3584766,22.01078153,0.000672612,0,1874.287196,1.071899562,6277.3,2.717590134,24.15871522,-49.97169602,72.16127925,6.839374542,32.00541687,32,9
element_4712,2044,258.1120572,5.890783383,121.4167534,483.205589,263.2520176,22.01678956,0.000694217,0,1874.287196,1.071899562,6277.3,2.717590134,24.15871522,-49.97169602,72.16127925,6.839374542,32.00541687,32,9
element_4712,2045,259.0943953,5.76970628,121.0670591,394.6136033,272.6794468,22.00933463,0.000729937,0,1874.287196,1.071899562,6277.3,2.717590134,24.15871522,-49.97169602,72.16127925,6.839374542,32.00541687,32,9
element_4712,2046,258.5569005,5.770894742,121.9531702,538.1385382,274.7990331,22.00939708,0.000763256,0,1874.287196,1.071899562,6277.3,2.717590134,24.15871522,-49.97169602,72.16127925,6.839374542,32.00541687,32,9
element_4712,2047,259.0680723,5.744694899,120.0436571,470.7313473,279.4450196,22.0100062,0.000697004,0,1874.287196,1.071899562,6277.3,2.717590134,24.15871522,-49.97169602,72.16127925,6.839374542,32.00541687,32,9
element_4712,2048,258.5376035,5.658459745,120.0067326,504.0033551,282.0819595,22.01154826,0.000684911,0,1874.287196,1.071899562,6277.3,2.717590134,24.15871522,-49.97169602,72.16127925,6.839374542,32.00541687,32,9
element_4712,2049,259.0123925,5.863607589,123.8165785,445.0429273,272.832369,22.01341267,0.000598722,0,1874.287196,1.071899562,6277.3,2.717590134,24.15871522,-49.97169602,72.16127925,6.839374542,32.00541687,32,9
element_4712,2050,259.6251307,5.77609666,122.2342305,475.2086555,295.5035744,22.01272926,0.000712927,0,1874.287196,1.071899562,6277.3,2.717590134,24.15871522,-49.97169602,72.16127925,6.839374542,32.00541687,32,9
element_4712,2051,258.7867146,5.730591275,120.5792988,544.0655783,286.5353538,22.01289049,0.000674152,0,1874.287196,1.071899562,6277.3,2.717590134,24.15871522,-49.97169602,72.16127925,6.839374542,32.00541687,32,9
element_4712,2052,258.974566,5.656335148,121.7356703,516.0723119,278.705324,22.01321766,0.000709195,0,1874.287196,1.071899562,6277.3,2.717590134,24.15871522,-49.97169602,72.16127925,6.839374542,32.00541687,32,9
element_4712,2053,258.8202627,5.721677786,121.2262356,517.5389461,281.9917825,22.01519096,0.000720022,0,1874.287196,1.071899562,6277.3,2.717590134,24.15871522,-49.97169602,72.16127925,6.839374542,32.00541687,32,9
element_4712,2054,258.8284532,5.905426716,120.6262656,557.6774244,275.687091,22.01262397,0.000705007,0,1874.287196,1.071899562,6277.3,2.717590134,24.15871522,-49.97169602,72.16127925,6.839374542,32.00541687,32,9
element_4712,2055,258.4534519,5.559046993,120.7051281,459.6444174,285.855223,22.02990783,0.000654047,0,1874.287196,1.071899562,6277.3,2.717590134,24.15871522,-49.97169602,72.16127925,6.839374542,32.00541687,32,9
element_4712,2056,259.2258684,5.82937557,119.1472896,555.7726296,275.9804052,22.00835722,0.00070849,0,1874.287196,1.071899562,6277.3,2.717590134,24.15871522,-49.97169602,72.16127925,6.839374542,32.00541687,32,9
element_4712,2057,259.288859,5.855630923,120.7313063,447.6328299,279.9060034,22.01202448,0.000772517,0,1874.287196,1.071899562,6277.3,2.717590134,24.15871522,-49.97169602,72.16127925,6.839374542,32.00541687,32,9
element_4712,2058,259.2195428,5.732466243,121.6807117,511.4389676,295.1484826,22.01007816,0.000753569,0,1874.287196,1.071899562,6277.3,2.717590134,24.15871522,-49.97169602,72.16127925,6.839374542,32.00541687,32,9
element_4712,2059,259.3386173,5.694361459,117.8092391,552.7947473,278.9707125,22.03851558,0.000775293,0,1874.287196,1.071899562,6277.3,2.717590134,24.15871522,-49.97169602,72.16127925,6.839374542,32.00541687,32,9
element_4712,2060,259.2205735,5.627418641,119.6933344,484.3609826,288.256635,22.01662647,0.000789025,0,1874.287196,1.071899562,6277.3,2.717590134,24.15871522,-49.97169602,72.16127925,6.839374542,32.00541687,32,9
element_4712,2061,259.6126037,5.695050526,121.3390944,507.8167774,287.6373093,22.01530484,0.000819337,0,1874.287196,1.071899562,6277.3,2.717590134,24.15871522,-49.97169602,72.16127925,6.839374542,32.00541687,32,9
element_4712,2062,259.8725061,5.678489043,119.1291669,482.0635721,298.5504172,22.0358647,0.000822621,0,1874.287196,1.071899562,6277.3,2.717590134,24.15871522,-49.97169602,72.16127925,6.839374542,32.00541687,32,9
element_4712,2063,259.8745686,5.778221337,117.3346631,573.2061525,280.8997156,22.03830449,0.000785091,0,1874.287196,1.071899562,6277.3,2.717590134,24.15871522,-49.97169602,72.16127925,6.839374542,32.00541687,32,9
element_4712,2064,259.814062,5.709021626,119.0255416,624.535483,283.8513929,22.03022291,0.00084908,0,1874.287196,1.071899562,6277.3,2.717590134,24.15871522,-49.97169602,72.16127925,6.839374542,32.00541687,32,9
element_4712,2065,260.2516269,5.711751953,120.3043784,519.0326984,304.8038427,22.02450868,0.000775583,0,1874.287196,1.071899562,6277.3,2.717590134,24.15871522,-49.97169602,72.16127925,6.839374542,32.00541687,32,9
element_4712,2066,260.0038472,5.615020216,119.8866351,501.0508557,305.5852421,22.01744309,0.000812571,0,1874.287196,1.071899562,6277.3,2.717590134,24.15871522,-49.97169602,72.16127925,6.839374542,32.00541687,32,9
element_4712,2067,260.3771396,5.657501533,120.0576419,507.7770905,294.930886,22.05372803,0.000800185,0,1874.287196,1.071899562,6277.3,2.717590134,24.15871522,-49.97169602,72.16127925,6.839374542,32.00541687,32,9
element_4712,2068,259.540019,5.691059873,118.1497591,551.9856103,289.8645202,22.01730662,0.00079465,0,1874.287196,1.071899562,6277.3,2.717590134,24.15871522,-49.97169602,72.16127925,6.839374542,32.00541687,32,9
element_4712,2069,260.1306545,5.694157431,117.0129064,564.12251,295.4689057,22.01318096,0.000780901,0,1874.287196,1.071899562,6277.3,2.717590134,24.15871522,-49.97169602,72.16127925,6.839374542,32.00541687,32,9
element_4712,2070,260.5139621,5.82301667,116.0364104,587.8465119,291.5191022,22.02149155,0.000777348,0,1874.287196,1.071899562,6277.3,2.717590134,24.15871522,-49.97169602,72.16127925,6.839374542,32.00541687,32,9
element_4712,2071,260.4686589,5.816478667,120.651829,460.1575723,302.8341779,22.01333886,0.000833846,0,1874.287196,1.071899562,6277.3,2.717590134,24.15871522,-49.97169602,72.16127925,6.839374542,32.00541687,32,9
element_4712,2072,260.6664206,5.840544893,117.26003,545.7196958,303.3712005,22.02344607,0.000831609,0,1874.287196,1.071899562,6277.3,2.717590134,24.15871522,-49.97169602,72.16127925,6.839374542,32.00541687,32,9
element_4712,2073,260.3766293,5.737313785,119.2348201,509.2805524,308.102346,22.0461504,0.000775009,0,1874.287196,1.071899562,6277.3,2.717590134,24.15871522,-49.97169602,72.16127925,6.839374542,32.00541687,32,9
element_4712,2074,260.2329113,5.656961823,118.7711789,466.382877,300.1094014,22.01697929,0.000833341,0,1874.287196,1.071899562,6277.3,2.717590134,24.15871522,-49.97169602,72.16127925,6.839374542,32.00541687,32,9
element_4712,2075,261.0071073,5.798868086,117.3330039,555.6736169,297.0336305,22.02078706,0.000862456,0,1874.287196,1.071899562,6277.3,2.717590134,24.15871522,-49.97169602,72.16127925,6.839374542,32.00541687,32,9
element_4712,2076,260.6865604,5.600241366,119.7197841,511.9882505,303.4261875,22.01926939,0.000846074,0,1874.287196,1.071899562,6277.3,2.717590134,24.15871522,-49.97169602,72.16127925,6.839374542,32.00541687,32,9
element_4712,2077,260.8418673,5.676076632,120.6437197,490.9329669,314.5476559,22.01945177,0.000822766,0,1874.287196,1.071899562,6277.3,2.717590134,24.15871522,-49.97169602,72.16127925,6.839374542,32.00541687,32,9
element_4712,2078,261.2260351,5.815448265,118.907089,503.3330618,315.947299,22.05179792,0.000858275,0,1874.287196,1.071899562,6277.3,2.717590134,24.15871522,-49.97169602,72.16127925,6.839374542,32.00541687,32,9
element_4712,2079,260.531215,5.679740143,117.5085963,516.1026247,301.6547065,22.03794632,0.000868755,0,1874.287196,1.071899562,6277.3,2.717590134,24.15871522,-49.97169602,72.16127925,6.839374542,32.00541687,32,9
element_4712,2080,261.7882224,5.845677692,119.1927299,571.0633703,317.5146839,22.03448608,0.000763217,0,1874.287196,1.071899562,6277.3,2.717590134,24.15871522,-49.97169602,72.16127925,6.839374542,32.00541687,32,9
element_4712,2081,261.5039809,5.922095628,117.4305919,588.4207628,316.7274148,22.04188212,0.000831741,0,1874.287196,1.071899562,6277.3,2.717590134,24.15871522,-49.97169602,72.16127925,6.839374542,32.00541687,32,9
element_4712,2082,260.5556896,5.620364253,117.2060357,562.8420691,309.1760539,22.01234614,0.000896589,0,1874.287196,1.071899562,6277.3,2.717590134,24.15871522,-49.97169602,72.16127925,6.839374542,32.00541687,32,9
element_4712,2083,261.2660524,6.000496591,118.5276026,493.1568782,313.9511267,22.01887282,0.000837351,0,1874.287196,1.071899562,6277.3,2.717590134,24.15871522,-49.97169602,72.16127925,6.839374542,32.00541687,32,9
element_4712,2084,261.2979132,5.722082648,117.1408408,576.1616531,309.1703484,22.03918919,0.000908495,0,1874.287196,1.071899562,6277.3,2.717590134,24.15871522,-49.97169602,72.16127925,6.839374542,32.00541687,32,9
element_4712,2085,261.4473114,5.729499398,120.1698963,488.7028353,311.7435424,22.07052433,0.000800832,0,1874.287196,1.071899562,6277.3,2.717590134,24.15871522,-49.97169602,72.16127925,6.839374542,32.00541687,32,9
element_4712,2086,261.528864,5.740928069,117.0525245,625.99102,310.569129,22.02320266,0.000834289,0,1874.287196,1.071899562,6277.3,2.717590134,24.15871522,-49.97169602,72.16127925,6.839374542,32.00541687,32,9
element_4712,2087,260.9582963,5.783273695,117.7551911,535.5713797,308.9930892,22.02797428,0.000908727,0,1874.287196,1.071899562,6277.3,2.717590134,24.15871522,-49.97169602,72.16127925,6.839374542,32.00541687,32,9
element_4712,2088,261.5033146,5.918863693,117.5942468,533.5561744,322.969972,22.05037647,0.000882938,0,1874.287196,1.071899562,6277.3,2.717590134,24.15871522,-49.97169602,72.16127925,6.839374542,32.00541687,32,9
element_4712,2089,261.217044,5.765118222,118.9765899,515.9254754,308.1699923,22.02860117,0.00098576,0,1874.287196,1.071899562,6277.3,2.717590134,24.15871522,-49.97169602,72.16127925,6.839374542,32.00541687,32,9
element_4712,2090,260.6722863,5.70217157,121.7060329,506.0601371,317.1068904,22.0331567,0.000915502,0,1874.287196,1.071899562,6277.3,2.717590134,24.15871522,-49.97169602,72.16127925,6.839374542,32.00541687,32,9
element_4712,2091,261.2000734,5.813114681,117.9343021,549.2751941,316.9396214,22.04311062,0.000907795,0,1874.287196,1.071899562,6277.3,2.717590134,24.15871522,-49.97169602,72.16127925,6.839374542,32.00541687,32,9
element_4712,2092,261.3165325,5.693788284,116.904202,521.6874218,331.1839982,22.02968779,0.00089776,0,1874.287196,1.071899562,6277.3,2.717590134,24.15871522,-49.97169602,72.16127925,6.839374542,32.00541687,32,9
element_4712,2093,261.897868,5.755124765,119.6247283,488.9132542,334.946236,22.05316078,0.000906807,0,1874.287196,1.071899562,6277.3,2.717590134,24.15871522,-49.97169602,72.16127925,6.839374542,32.00541687,32,9
element_4712,2094,261.21847,5.818581202,117.1748024,553.4271274,326.8517676,22.04904318,0.000837439,0,1874.287196,1.071899562,6277.3,2.717590134,24.15871522,-49.97169602,72.16127925,6.839374542,32.00541687,32,9
element_4712,2095,261.6792569,5.772039609,117.028357,594.4244209,327.8383544,22.03386296,0.000914326,0,1874.287196,1.071899562,6277.3,2.717590134,24.15871522,-49.97169602,72.16127925,6.839374542,32.00541687,32,9
element_4712,2096,261.6204436,5.817143769,117.5660833,591.9871177,335.7119563,22.04459995,0.000937062,0,1874.287196,1.071899562,6277.3,2.717590134,24.15871522,-49.97169602,72.16127925,6.839374542,32.00541687,32,9
element_4712,2097,261.7485712,5.924910726,116.0631851,621.5843013,317.1055237,22.02928008,0.000825866,0,1874.287196,1.071899562,6277.3,2.717590134,24.15871522,-49.97169602,72.16127925,6.839374542,32.00541687,32,9
element_4712,2098,262.3563786,5.802647128,115.0624994,625.5033514,332.5336657,22.05691432,0.000897059,0,1874.287196,1.071899562,6277.3,2.717590134,24.15871522,-49.97169602,72.16127925,6.839374542,32.00541687,32,9
element_4712,2099,262.7351909,5.836367951,118.2826154,537.9195858,342.957035,22.02936533,0.000966005,0,1874.287196,1.071899562,6277.3,2.717590134,24.15871522,-49.97169602,72.16127925,6.839374542,32.00541687,32,9
element_4712,2100,262.2910229,5.756042218,116.9499387,611.8966759,321.1936467,22.03624371,0.0009195,0,1874.287196,1.071899562,6277.3,2.717590134,24.15871522,-49.97169602,72.16127925,6.839374542,32.00541687,32,9
element_4714,2015,253.8531758,5.73051164,125.2073741,397.587483,208.1476309,22.06968414,0.003195035,0,2268.39283,0.313514429,57854.7,3.962540626,35.91820586,-48.42579871,73.26385011,7.365619659,37.9208107,29.38630867,9
element_4714,2016,253.9933692,5.702727885,125.6480015,364.9512125,217.7428348,22.06785357,0.002899081,0,2268.39283,0.313514429,57854.7,3.962540626,35.91820586,-48.42579871,73.26385011,7.365619659,37.9208107,29.38630867,9
element_4714,2017,253.2686063,5.774358621,125.011911,352.5475354,210.770556,22.06630855,0.002917175,0,2268.39283,0.313514429,57854.7,3.962540626,35.91820586,-48.42579871,73.26385011,7.365619659,37.9208107,29.38630867,9
element_4714,2018,253.8496165,5.895155597,124.6477838,358.8022403,207.8616448,22.0636933,0.002866846,0,2268.39283,0.313514429,57854.7,3.962540626,35.91820586,-48.42579871,73.26385011,7.365619659,37.9208107,29.38630867,9
element_4714,2019,252.99377,5.687350066,126.4600543,293.6110149,205.8573757,22.06218762,0.003085112,0,2268.39283,0.313514429,57854.7,3.962540626,35.91820586,-48.42579871,73.26385011,7.365619659,37.9208107,29.38630867,9
element_4714,2020,253.0602592,5.674467948,125.1932634,339.6849776,201.7222037,22.06405128,0.003072188,0,2268.39283,0.313514429,57854.7,3.962540626,35.91820586,-48.42579871,73.26385011,7.365619659,37.9208107,29.38630867,9
element_4714,2021,252.5459702,5.721772572,123.9956652,360.0565517,194.3766762,22.06420337,0.00289053,0,2268.39283,0.313514429,57854.7,3.962540626,35.91820586,-48.42579871,73.26385011,7.365619659,37.9208107,29.38630867,9
element_4714,2022,254.2109008,5.750923092,124.5945589,376.7827082,208.967189,22.06318014,0.003185724,0,2268.39283,0.313514429,57854.7,3.962540626,35.91820586,-48.42579871,73.26385011,7.365619659,37.9208107,29.38630867,9
element_4714,2023,253.9782308,5.755992732,123.9908312,380.5544863,203.2979975,22.06789152,0.003197846,0,2268.39283,0.313514429,57854.7,3.962540626,35.91820586,-48.42579871,73.26385011,7.365619659,37.9208107,29.38630867,9
element_4714,2024,254.1793001,5.763858291,123.768826,354.5240275,219.3782786,22.07026245,0.003460783,0,2268.39283,0.313514429,57854.7,3.962540626,35.91820586,-48.42579871,73.26385011,7.365619659,37.9208107,29.38630867,9
element_4714,2025,254.5122441,5.864785747,123.5740224,415.9987075,207.7412757,22.06522505,0.003418996,0,2268.39283,0.313514429,57854.7,3.962540626,35.91820586,-48.42579871,73.26385011,7.365619659,37.9208107,29.38630867,9
element_4714,2026,254.022221,5.752179448,123.9991472,380.1136635,204.7730951,22.06486189,0.003405098,0,2268.39283,0.313514429,57854.7,3.962540626,35.91820586,-48.42579871,73.26385011,7.365619659,37.9208107,29.38630867,9
element_4714,2027,254.5501156,5.889147171,123.0581281,440.1622586,208.8473101,22.06518979,0.003251119,0,2268.39283,0.313514429,57854.7,3.962540626,35.91820586,-48.42579871,73.26385011,7.365619659,37.9208107,29.38630867,9
element_4714,2028,254.6232097,5.717109152,121.6579682,408.9258313,210.827545,22.0672012,0.00336225,0,2268.39283,0.313514429,57854.7,3.962540626,35.91820586,-48.42579871,73.26385011,7.365619659,37.9208107,29.38630867,9
element_4714,2029,254.4829762,5.876136648,121.7123072,414.5882125,223.0251783,22.06622686,0.003179858,0,2268.39283,0.313514429,57854.7,3.962540626,35.91820586,-48.42579871,73.26385011,7.365619659,37.9208107,29.38630867,9
element_4714,2030,254.197616,5.696343173,122.5784591,360.7798378,213.630293,22.07186963,0.002954573,0,2268.39283,0.313514429,57854.7,3.962540626,35.91820586,-48.42579871,73.26385011,7.365619659,37.9208107,29.38630867,9
element_4714,2031,254.1851058,5.769675661,122.4858519,389.2268843,205.114634,22.06347729,0.003358686,0,2268.39283,0.313514429,57854.7,3.962540626,35.91820586,-48.42579871,73.26385011,7.365619659,37.9208107,29.38630867,9
element_4714,2032,254.4389149,5.798036369,126.2003216,360.5924969,217.2557458,22.06641262,0.003129757,0,2268.39283,0.313514429,57854.7,3.962540626,35.91820586,-48.42579871,73.26385011,7.365619659,37.9208107,29.38630867,9
element_4714,2033,254.7778688,5.941265091,123.3492254,425.5322954,216.4840911,22.06177587,0.002712713,0,2268.39283,0.313514429,57854.7,3.962540626,35.91820586,-48.42579871,73.26385011,7.365619659,37.9208107,29.38630867,9
element_4714,2034,254.8259135,5.915308662,122.7613604,432.8471004,212.229038,22.06549478,0.003294701,0,2268.39283,0.313514429,57854.7,3.962540626,35.91820586,-48.42579871,73.26385011,7.365619659,37.9208107,29.38630867,9
element_4714,2035,254.8761412,5.890316747,124.3104917,388.1004761,227.5258751,22.06281996,0.003636398,0,2268.39283,0.313514429,57854.7,3.962540626,35.91820586,-48.42579871,73.26385011,7.365619659,37.9208107,29.38630867,9
element_4714,2036,254.4741643,5.761654677,121.5840564,383.5257777,216.0452003,22.06778972,0.003336176,0,2268.39283,0.313514429,57854.7,3.962540626,35.91820586,-48.42579871,73.26385011,7.365619659,37.9208107,29.38630867,9
element_4714,2037,254.2089792,5.772026997,122.5914064,399.0794498,207.7112963,22.06677977,0.00287832,0,2268.39283,0.313514429,57854.7,3.962540626,35.91820586,-48.42579871,73.26385011,7.365619659,37.9208107,29.38630867,9
element_4714,2038,254.5418235,5.881193653,122.9385077,363.9573764,209.439368,22.06202861,0.003326844,0,2268.39283,0.313514429,57854.7,3.962540626,35.91820586,-48.42579871,73.26385011,7.365619659,37.9208107,29.38630867,9
element_4714,2039,255.0782881,5.957419529,120.3525304,404.2443288,219.414491,22.06582386,0.00346686,0,2268.39283,0.313514429,57854.7,3.962540626,35.91820586,-48.42579871,73.26385011,7.365619659,37.9208107,29.38630867,9
element_4714,2040,253.8760072,5.674939504,125.0580695,289.3193064,214.0459547,22.06318917,0.002908425,0,2268.39283,0.313514429,57854.7,3.962540626,35.91820586,-48.42579871,73.26385011,7.365619659,37.9208107,29.38630867,9
element_4714,2041,254.482621,5.773318725,122.9701268,375.2217882,212.5907019,22.06573725,0.00293588,0,2268.39283,0.313514429,57854.7,3.962540626,35.91820586,-48.42579871,73.26385011,7.365619659,37.9208107,29.38630867,9
element_4714,2042,255.2626752,5.800125457,122.5933841,411.04478,215.2767301,22.06771456,0.003481383,0,2268.39283,0.313514429,57854.7,3.962540626,35.91820586,-48.42579871,73.26385011,7.365619659,37.9208107,29.38630867,9
element_4714,2043,254.8778968,5.880177871,121.8771077,392.3304961,219.5309821,22.06312392,0.003551133,0,2268.39283,0.313514429,57854.7,3.962540626,35.91820586,-48.42579871,73.26385011,7.365619659,37.9208107,29.38630867,9
element_4714,2044,254.935378,5.992169303,121.8442409,403.3615363,212.3287081,22.06655039,0.003383229,0,2268.39283,0.313514429,57854.7,3.962540626,35.91820586,-48.42579871,73.26385011,7.365619659,37.9208107,29.38630867,9
element_4714,2045,255.7790354,5.806568598,121.2065225,350.1472509,218.8957144,22.06237895,0.003690598,0,2268.39283,0.313514429,57854.7,3.962540626,35.91820586,-48.42579871,73.26385011,7.365619659,37.9208107,29.38630867,9
element_4714,2046,255.4062918,5.814974896,122.3597212,450.6591052,224.1333434,22.06061007,0.003979631,0,2268.39283,0.313514429,57854.7,3.962540626,35.91820586,-48.42579871,73.26385011,7.365619659,37.9208107,29.38630867,9
element_4714,2047,255.6929852,5.746231075,121.1870652,412.4713481,223.5539577,22.06201031,0.003685818,0,2268.39283,0.313514429,57854.7,3.962540626,35.91820586,-48.42579871,73.26385011,7.365619659,37.9208107,29.38630867,9
element_4714,2048,255.3697259,5.737319078,121.2152777,414.4655172,228.9341535,22.06590376,0.003473244,0,2268.39283,0.313514429,57854.7,3.962540626,35.91820586,-48.42579871,73.26385011,7.365619659,37.9208107,29.38630867,9
element_4714,2049,255.7611242,5.819770703,124.4475272,388.5435572,221.4891855,22.06727084,0.00342515,0,2268.39283,0.313514429,57854.7,3.962540626,35.91820586,-48.42579871,73.26385011,7.365619659,37.9208107,29.38630867,9
element_4714,2050,256.4338355,5.852689277,122.6789993,397.2331419,236.2826145,22.06411289,0.003507045,0,2268.39283,0.313514429,57854.7,3.962540626,35.91820586,-48.42579871,73.26385011,7.365619659,37.9208107,29.38630867,9
element_4714,2051,255.5907736,5.785925189,121.3072076,460.2199105,230.0321773,22.06428999,0.003262456,0,2268.39283,0.313514429,57854.7,3.962540626,35.91820586,-48.42579871,73.26385011,7.365619659,37.9208107,29.38630867,9
element_4714,2052,255.7658523,5.733754918,122.9232069,427.5159644,225.7301456,22.0647578,0.003563965,0,2268.39283,0.313514429,57854.7,3.962540626,35.91820586,-48.42579871,73.26385011,7.365619659,37.9208107,29.38630867,9
element_4714,2053,255.7187797,5.801802575,121.6726437,443.4454343,227.3382202,22.06667712,0.00386108,0,2268.39283,0.313514429,57854.7,3.962540626,35.91820586,-48.42579871,73.26385011,7.365619659,37.9208107,29.38630867,9
element_4714,2054,255.6451152,5.984310775,121.7016833,477.6208228,221.9682985,22.0652001,0.003550518,0,2268.39283,0.313514429,57854.7,3.962540626,35.91820586,-48.42579871,73.26385011,7.365619659,37.9208107,29.38630867,9
element_4714,2055,255.3295843,5.621150657,121.8510969,391.8360957,230.2186754,22.06780266,0.00354542,0,2268.39283,0.313514429,57854.7,3.962540626,35.91820586,-48.42579871,73.26385011,7.365619659,37.9208107,29.38630867,9
element_4714,2056,255.9850786,5.840053406,119.9882741,471.9110256,222.6455726,22.05198828,0.003496376,0,2268.39283,0.313514429,57854.7,3.962540626,35.91820586,-48.42579871,73.26385011,7.365619659,37.9208107,29.38630867,9
element_4714,2057,256.0779947,5.88733865,121.0576241,391.8133637,227.688606,22.04979775,0.003734218,0,2268.39283,0.313514429,57854.7,3.962540626,35.91820586,-48.42579871,73.26385011,7.365619659,37.9208107,29.38630867,9
element_4714,2058,256.0560521,5.7580907,122.4804032,435.6764509,238.4731216,22.05349182,0.003763951,0,2268.39283,0.313514429,57854.7,3.962540626,35.91820586,-48.42579871,73.26385011,7.365619659,37.9208107,29.38630867,9
element_4714,2059,256.158895,5.744067985,119.2306651,460.0925415,227.6678039,22.07229439,0.003935451,0,2268.39283,0.313514429,57854.7,3.962540626,35.91820586,-48.42579871,73.26385011,7.365619659,37.9208107,29.38630867,9
element_4714,2060,256.1330217,5.721611945,120.9231236,405.0214284,233.6672854,22.06262048,0.004013148,0,2268.39283,0.313514429,57854.7,3.962540626,35.91820586,-48.42579871,73.26385011,7.365619659,37.9208107,29.38630867,9
element_4714,2061,256.3417168,5.740170233,121.7025811,434.9403081,231.1112512,22.05462324,0.00419711,0,2268.39283,0.313514429,57854.7,3.962540626,35.91820586,-48.42579871,73.26385011,7.365619659,37.9208107,29.38630867,9
element_4714,2062,256.7129627,5.766322125,119.7785411,419.601116,239.7586174,22.05643852,0.004156894,0,2268.39283,0.313514429,57854.7,3.962540626,35.91820586,-48.42579871,73.26385011,7.365619659,37.9208107,29.38630867,9
element_4714,2063,256.7683842,5.806810033,118.3103395,487.9238283,227.443592,22.05572407,0.003928163,0,2268.39283,0.313514429,57854.7,3.962540626,35.91820586,-48.42579871,73.26385011,7.365619659,37.9208107,29.38630867,9
element_4714,2064,256.6881264,5.769782429,119.9774493,508.1157814,233.0770644,22.0545147,0.004141458,0,2268.39283,0.313514429,57854.7,3.962540626,35.91820586,-48.42579871,73.26385011,7.365619659,37.9208107,29.38630867,9
element_4714,2065,257.135593,5.785487181,120.4769721,449.1185971,249.2214815,22.05640658,0.003823318,0,2268.39283,0.313514429,57854.7,3.962540626,35.91820586,-48.42579871,73.26385011,7.365619659,37.9208107,29.38630867,9
element_4714,2066,256.9395601,5.710270035,119.5748767,441.1176203,247.0468354,22.05241901,0.003860039,0,2268.39283,0.313514429,57854.7,3.962540626,35.91820586,-48.42579871,73.26385011,7.365619659,37.9208107,29.38630867,9
element_4714,2067,257.1940512,5.696586264,120.35324,426.2218041,238.3366915,22.06559301,0.00357471,0,2268.39283,0.313514429,57854.7,3.962540626,35.91820586,-48.42579871,73.26385011,7.365619659,37.9208107,29.38630867,9
element_4714,2068,256.363266,5.767566487,119.2156973,461.3689648,234.6649333,22.04855956,0.003918227,0,2268.39283,0.313514429,57854.7,3.962540626,35.91820586,-48.42579871,73.26385011,7.365619659,37.9208107,29.38630867,9
element_4714,2069,257.0410168,5.774405087,117.8722927,480.8000616,239.7170163,22.0455169,0.003590937,0,2268.39283,0.313514429,57854.7,3.962540626,35.91820586,-48.42579871,73.26385011,7.365619659,37.9208107,29.38630867,9
element_4714,2070,257.5089428,5.943814773,117.882091,485.385973,237.3239827,22.04463248,0.003888195,0,2268.39283,0.313514429,57854.7,3.962540626,35.91820586,-48.42579871,73.26385011,7.365619659,37.9208107,29.38630867,9
element_4714,2071,257.1839929,5.762947769,121.5296834,389.8321732,245.3701522,22.0410536,0.004055472,0,2268.39283,0.313514429,57854.7,3.962540626,35.91820586,-48.42579871,73.26385011,7.365619659,37.9208107,29.38630867,9
element_4714,2072,257.314034,5.803428354,118.4282067,454.9469856,245.0641882,22.04913419,0.004339327,0,2268.39283,0.313514429,57854.7,3.962540626,35.91820586,-48.42579871,73.26385011,7.365619659,37.9208107,29.38630867,9
element_4714,2073,257.0907283,5.730356586,119.9347555,421.7526081,250.6782867,22.05687432,0.004033736,0,2268.39283,0.313514429,57854.7,3.962540626,35.91820586,-48.42579871,73.26385011,7.365619659,37.9208107,29.38630867,9
element_4714,2074,257.2216801,5.774169854,120.2107571,390.415527,244.4853039,22.04907798,0.004187385,0,2268.39283,0.313514429,57854.7,3.962540626,35.91820586,-48.42579871,73.26385011,7.365619659,37.9208107,29.38630867,9
element_4714,2075,257.900887,5.861012438,118.1759244,483.0521743,242.1961323,22.05196533,0.004372613,0,2268.39283,0.313514429,57854.7,3.962540626,35.91820586,-48.42579871,73.26385011,7.365619659,37.9208107,29.38630867,9
element_4714,2076,257.7051647,5.728739387,120.0331788,435.6517396,248.7840242,22.04654616,0.004525748,0,2268.39283,0.313514429,57854.7,3.962540626,35.91820586,-48.42579871,73.26385011,7.365619659,37.9208107,29.38630867,9
element_4714,2077,257.807127,5.780230555,121.0561711,421.3082987,257.5826417,22.04455419,0.004217145,0,2268.39283,0.313514429,57854.7,3.962540626,35.91820586,-48.42579871,73.26385011,7.365619659,37.9208107,29.38630867,9
element_4714,2078,258.1134579,5.892673015,119.7484025,436.3822426,255.7722928,22.05750866,0.004366406,0,2268.39283,0.313514429,57854.7,3.962540626,35.91820586,-48.42579871,73.26385011,7.365619659,37.9208107,29.38630867,9
element_4714,2079,257.4815971,5.838334004,118.4317656,437.2249592,248.1138378,22.05213503,0.004564156,0,2268.39283,0.313514429,57854.7,3.962540626,35.91820586,-48.42579871,73.26385011,7.365619659,37.9208107,29.38630867,9
element_4714,2080,258.5435457,5.856133226,119.7870792,469.3519586,258.6796397,22.05093337,0.003751082,0,2268.39283,0.313514429,57854.7,3.962540626,35.91820586,-48.42579871,73.26385011,7.365619659,37.9208107,29.38630867,9
element_4714,2081,258.4129998,6.019157127,118.7149939,504.1106588,259.4397081,22.05045349,0.004291808,0,2268.39283,0.313514429,57854.7,3.962540626,35.91820586,-48.42579871,73.26385011,7.365619659,37.9208107,29.38630867,9
element_4714,2082,257.5786335,5.680106172,117.5441885,503.386181,254.0080953,22.0377973,0.004553963,0,2268.39283,0.313514429,57854.7,3.962540626,35.91820586,-48.42579871,73.26385011,7.365619659,37.9208107,29.38630867,9
element_4714,2083,258.1505475,5.934334523,119.1747476,421.3990641,256.343695,22.04321212,0.004075036,0,2268.39283,0.313514429,57854.7,3.962540626,35.91820586,-48.42579871,73.26385011,7.365619659,37.9208107,29.38630867,9
element_4714,2084,258.1739143,5.788235062,117.6301956,494.3782884,248.1868381,22.05177313,0.004476251,0,2268.39283,0.313514429,57854.7,3.962540626,35.91820586,-48.42579871,73.26385011,7.365619659,37.9208107,29.38630867,9
element_4714,2085,258.3704002,5.740949154,120.5170259,415.8255246,255.1739534,22.06518004,0.004324286,0,2268.39283,0.313514429,57854.7,3.962540626,35.91820586,-48.42579871,73.26385011,7.365619659,37.9208107,29.38630867,9
element_4714,2086,258.2613296,5.70896148,117.7911081,527.7234662,252.1221004,22.04877319,0.00425577,0,2268.39283,0.313514429,57854.7,3.962540626,35.91820586,-48.42579871,73.26385011,7.365619659,37.9208107,29.38630867,9
element_4714,2087,257.8685254,5.797810896,118.8236333,456.7254595,252.7876217,22.05077116,0.004455495,0,2268.39283,0.313514429,57854.7,3.962540626,35.91820586,-48.42579871,73.26385011,7.365619659,37.9208107,29.38630867,9
element_4714,2088,258.2970562,5.879709481,118.5342786,460.8998757,262.6187887,22.05848067,0.004501882,0,2268.39283,0.313514429,57854.7,3.962540626,35.91820586,-48.42579871,73.26385011,7.365619659,37.9208107,29.38630867,9
element_4714,2089,258.1603289,5.795825333,119.3219084,448.8624365,251.3838533,22.04727881,0.004753479,0,2268.39283,0.313514429,57854.7,3.962540626,35.91820586,-48.42579871,73.26385011,7.365619659,37.9208107,29.38630867,9
element_4714,2090,257.557182,5.717171113,121.1814894,434.7454881,259.5508308,22.04703586,0.004461356,0,2268.39283,0.313514429,57854.7,3.962540626,35.91820586,-48.42579871,73.26385011,7.365619659,37.9208107,29.38630867,9
element_4714,2091,258.0517565,5.882792795,117.7632466,475.5540959,257.7387284,22.05356406,0.004343675,0,2268.39283,0.313514429,57854.7,3.962540626,35.91820586,-48.42579871,73.26385011,7.365619659,37.9208107,29.38630867,9
element_4714,2092,258.4191736,5.765044508,117.2836304,451.5874376,269.6018128,22.04712331,0.00403409,0,2268.39283,0.313514429,57854.7,3.962540626,35.91820586,-48.42579871,73.26385011,7.365619659,37.9208107,29.38630867,9
element_4714,2093,258.8795727,5.817435683,120.1093725,426.5909513,274.5393558,22.05449613,0.004372999,0,2268.39283,0.313514429,57854.7,3.962540626,35.91820586,-48.42579871,73.26385011,7.365619659,37.9208107,29.38630867,9
element_4714,2094,258.1022718,5.775210192,117.7895354,483.1911421,268.7643001,22.05309973,0.004129452,0,2268.39283,0.313514429,57854.7,3.962540626,35.91820586,-48.42579871,73.26385011,7.365619659,37.9208107,29.38630867,9
element_4714,2095,258.682806,5.842319829,117.4661628,517.9015893,269.2181661,22.04949458,0.004434804,0,2268.39283,0.313514429,57854.7,3.962540626,35.91820586,-48.42579871,73.26385011,7.365619659,37.9208107,29.38630867,9
element_4714,2096,258.3421746,5.777860207,117.9086229,508.171731,273.1486431,22.05416798,0.004719836,0,2268.39283,0.313514429,57854.7,3.962540626,35.91820586,-48.42579871,73.26385011,7.365619659,37.9208107,29.38630867,9
element_4714,2097,258.5597617,5.829223945,117.2278186,514.9235474,261.0506302,22.05247738,0.004120418,0,2268.39283,0.313514429,57854.7,3.962540626,35.91820586,-48.42579871,73.26385011,7.365619659,37.9208107,29.38630867,9
element_4714,2098,259.3373966,5.905044731,116.1627674,522.6862634,271.1065319,22.05894265,0.004765314,0,2268.39283,0.313514429,57854.7,3.962540626,35.91820586,-48.42579871,73.26385011,7.365619659,37.9208107,29.38630867,9
element_4714,2099,259.5850713,5.771204377,119.0770005,452.7483755,280.9819608,22.04778197,0.004819164,0,2268.39283,0.313514429,57854.7,3.962540626,35.91820586,-48.42579871,73.26385011,7.365619659,37.9208107,29.38630867,9
element_4714,2100,259.2006485,5.778918067,117.5428169,537.4105574,264.4963637,22.04778371,0.004634545,0,2268.39283,0.313514429,57854.7,3.962540626,35.91820586,-48.42579871,73.26385011,7.365619659,37.9208107,29.38630867,9
element_4718,2015,253.8237961,5.893669976,121.7534715,400.1800079,203.658934,21.95416842,3.37E-05,0,2208.23001,0.178233444,59248,3.881341215,34.01992486,-49.927492,74.77594095,4.393258572,29.28089905,31,9
element_4718,2016,254.1742853,5.882469817,122.4045341,367.0087244,215.5130948,21.95033211,3.62E-05,0,2208.23001,0.178233444,59248,3.881341215,34.01992486,-49.927492,74.77594095,4.393258572,29.28089905,31,9
element_4718,2017,253.3736103,5.998786148,121.2186617,358.5448217,207.5572946,21.94882007,3.24E-05,0,2208.23001,0.178233444,59248,3.881341215,34.01992486,-49.927492,74.77594095,4.393258572,29.28089905,31,9
element_4718,2018,253.9314456,6.09058044,121.381135,360.8988373,206.3047659,21.94760874,3.82E-05,0,2208.23001,0.178233444,59248,3.881341215,34.01992486,-49.927492,74.77594095,4.393258572,29.28089905,31,9
element_4718,2019,253.3011115,5.918040791,123.5490922,299.4911441,206.0467455,21.94487187,4.12E-05,0,2208.23001,0.178233444,59248,3.881341215,34.01992486,-49.927492,74.77594095,4.393258572,29.28089905,31,9
element_4718,2020,253.2154158,5.861709703,122.0164997,329.7783204,199.1430316,21.9470921,3.90E-05,0,2208.23001,0.178233444,59248,3.881341215,34.01992486,-49.927492,74.77594095,4.393258572,29.28089905,31,9
element_4718,2021,252.6886781,5.876983593,121.2805515,343.5300297,192.1852746,21.94495093,3.80E-05,0,2208.23001,0.178233444,59248,3.881341215,34.01992486,-49.927492,74.77594095,4.393258572,29.28089905,31,9
element_4718,2022,254.2436644,5.951924771,120.9629564,392.6904593,205.4571244,21.9456895,4.26E-05,0,2208.23001,0.178233444,59248,3.881341215,34.01992486,-49.927492,74.77594095,4.393258572,29.28089905,31,9
element_4718,2023,254.0625389,5.939320483,121.1015854,373.4843813,201.4524238,21.9507116,4.06E-05,0,2208.23001,0.178233444,59248,3.881341215,34.01992486,-49.927492,74.77594095,4.393258572,29.28089905,31,9
element_4718,2024,254.1769321,5.969870924,120.0584369,358.0407082,214.4446526,21.95587098,3.98E-05,0,2208.23001,0.178233444,59248,3.881341215,34.01992486,-49.927492,74.77594095,4.393258572,29.28089905,31,9
element_4718,2025,254.5517614,6.073349883,119.7734683,399.4669338,204.7541959,21.94857651,3.77E-05,0,2208.23001,0.178233444,59248,3.881341215,34.01992486,-49.927492,74.77594095,4.393258572,29.28089905,31,9
element_4718,2026,254.0389909,5.950938086,120.8394734,381.5663738,199.1762487,21.94674633,4.38E-05,0,2208.23001,0.178233444,59248,3.881341215,34.01992486,-49.927492,74.77594095,4.393258572,29.28089905,31,9
element_4718,2027,254.5385203,6.045565834,119.774164,438.8167035,203.1727452,21.9472546,4.02E-05,0,2208.23001,0.178233444,59248,3.881341215,34.01992486,-49.927492,74.77594095,4.393258572,29.28089905,31,9
element_4718,2028,254.6273119,5.974898822,118.6563616,413.54156,206.8800002,21.95028471,3.71E-05,0,2208.23001,0.178233444,59248,3.881341215,34.01992486,-49.927492,74.77594095,4.393258572,29.28089905,31,9
element_4718,2029,254.6674735,6.0566091,118.7373792,411.791479,220.2987579,21.94977537,4.04E-05,0,2208.23001,0.178233444,59248,3.881341215,34.01992486,-49.927492,74.77594095,4.393258572,29.28089905,31,9
element_4718,2030,254.3692348,5.922460289,119.176044,379.3930168,210.9828715,21.95499604,3.22E-05,0,2208.23001,0.178233444,59248,3.881341215,34.01992486,-49.927492,74.77594095,4.393258572,29.28089905,31,9
element_4718,2031,254.2184683,5.958338173,119.4784834,377.0672586,203.2912304,21.94564196,3.47E-05,0,2208.23001,0.178233444,59248,3.881341215,34.01992486,-49.927492,74.77594095,4.393258572,29.28089905,31,9
element_4718,2032,254.5342426,5.973492741,123.3934637,342.5522785,215.8226169,21.94821513,3.80E-05,0,2208.23001,0.178233444,59248,3.881341215,34.01992486,-49.927492,74.77594095,4.393258572,29.28089905,31,9
element_4718,2033,254.9360715,6.123455369,119.8190961,426.2965477,215.0583748,21.94321191,3.83E-05,0,2208.23001,0.178233444,59248,3.881341215,34.01992486,-49.927492,74.77594095,4.393258572,29.28089905,31,9
element_4718,2034,254.9271864,6.07559373,119.8353818,438.1652562,210.2360592,21.94690911,4.38E-05,0,2208.23001,0.178233444,59248,3.881341215,34.01992486,-49.927492,74.77594095,4.393258572,29.28089905,31,9
element_4718,2035,255.0309299,6.112905863,120.52545,392.8275583,225.8656737,21.94337098,3.81E-05,0,2208.23001,0.178233444,59248,3.881341215,34.01992486,-49.927492,74.77594095,4.393258572,29.28089905,31,9
element_4718,2036,254.5453919,5.962052366,117.6496925,394.2126427,212.9426675,21.94850558,3.31E-05,0,2208.23001,0.178233444,59248,3.881341215,34.01992486,-49.927492,74.77594095,4.393258572,29.28089905,31,9
element_4718,2037,254.3079692,6.000731428,119.3360351,402.5140215,204.9336253,21.94556427,3.77E-05,0,2208.23001,0.178233444,59248,3.881341215,34.01992486,-49.927492,74.77594095,4.393258572,29.28089905,31,9
element_4718,2038,254.5696478,6.076420274,120.1119999,360.8863325,208.2581786,21.93985568,4.08E-05,0,2208.23001,0.178233444,59248,3.881341215,34.01992486,-49.927492,74.77594095,4.393258572,29.28089905,31,9
element_4718,2039,255.2443902,6.189798562,116.3014911,421.9248066,214.4294028,21.94507918,4.67E-05,0,2208.23001,0.178233444,59248,3.881341215,34.01992486,-49.927492,74.77594095,4.393258572,29.28089905,31,9
element_4718,2040,254.0267167,5.888556491,122.3265056,282.2335769,213.7228907,21.94525667,3.67E-05,0,2208.23001,0.178233444,59248,3.881341215,34.01992486,-49.927492,74.77594095,4.393258572,29.28089905,31,9
element_4718,2041,254.6125939,5.980148324,119.8886748,386.0969696,211.4163521,21.94890417,5.28E-05,0,2208.23001,0.178233444,59248,3.881341215,34.01992486,-49.927492,74.77594095,4.393258572,29.28089905,31,9
element_4718,2042,255.3797198,6.019224997,118.7139031,397.5247801,212.7524403,21.95084089,4.82E-05,0,2208.23001,0.178233444,59248,3.881341215,34.01992486,-49.927492,74.77594095,4.393258572,29.28089905,31,9
element_4718,2043,255.0130432,6.076662152,118.4802351,396.6215945,218.2853471,21.94480144,4.12E-05,0,2208.23001,0.178233444,59248,3.881341215,34.01992486,-49.927492,74.77594095,4.393258572,29.28089905,31,9
element_4718,2044,254.9596913,6.205454733,118.9053164,407.7866713,209.3405405,21.94669521,5.16E-05,0,2208.23001,0.178233444,59248,3.881341215,34.01992486,-49.927492,74.77594095,4.393258572,29.28089905,31,9
element_4718,2045,255.7733772,5.991805935,118.1865289,347.1701249,216.1563372,21.94294292,5.79E-05,0,2208.23001,0.178233444,59248,3.881341215,34.01992486,-49.927492,74.77594095,4.393258572,29.28089905,31,9
element_4718,2046,255.5175663,6.045765005,119.0412457,445.0902928,221.5679192,21.94082326,5.49E-05,0,2208.23001,0.178233444,59248,3.881341215,34.01992486,-49.927492,74.77594095,4.393258572,29.28089905,31,9
element_4718,2047,255.8790449,5.981743803,117.9807847,411.5094861,221.003928,21.94003293,5.20E-05,0,2208.23001,0.178233444,59248,3.881341215,34.01992486,-49.927492,74.77594095,4.393258572,29.28089905,31,9
element_4718,2048,255.4350498,5.927119064,118.2512604,390.0302691,225.45949,21.94503208,4.66E-05,0,2208.23001,0.178233444,59248,3.881341215,34.01992486,-49.927492,74.77594095,4.393258572,29.28089905,31,9
element_4718,2049,255.930003,5.998948246,121.4800651,391.8826266,220.7918173,21.95041574,5.27E-05,0,2208.23001,0.178233444,59248,3.881341215,34.01992486,-49.927492,74.77594095,4.393258572,29.28089905,31,9
element_4718,2050,256.4758689,6.034525278,118.8636168,396.9873456,232.353129,21.94339043,4.54E-05,0,2208.23001,0.178233444,59248,3.881341215,34.01992486,-49.927492,74.77594095,4.393258572,29.28089905,31,9
element_4718,2051,255.6582373,5.966006346,118.3654695,440.3628069,226.6900202,21.94234551,4.56E-05,0,2208.23001,0.178233444,59248,3.881341215,34.01992486,-49.927492,74.77594095,4.393258572,29.28089905,31,9
element_4718,2052,255.809139,5.913707265,120.7079697,403.3543052,222.9981206,21.94284609,5.27E-05,0,2208.23001,0.178233444,59248,3.881341215,34.01992486,-49.927492,74.77594095,4.393258572,29.28089905,31,9
element_4718,2053,255.8407973,6.013361489,117.9482925,445.6025238,226.8736831,21.94596649,5.58E-05,0,2208.23001,0.178233444,59248,3.881341215,34.01992486,-49.927492,74.77594095,4.393258572,29.28089905,31,9
element_4718,2054,255.7181955,6.176175141,118.4899829,457.2638765,218.724069,21.94448388,5.35E-05,0,2208.23001,0.178233444,59248,3.881341215,34.01992486,-49.927492,74.77594095,4.393258572,29.28089905,31,9
element_4718,2055,255.4012422,5.858724563,118.5995308,382.9767606,227.4361689,21.9504582,3.97E-05,0,2208.23001,0.178233444,59248,3.881341215,34.01992486,-49.927492,74.77594095,4.393258572,29.28089905,31,9
element_4718,2056,256.0387663,6.080987814,115.966333,478.8408759,220.730671,21.94386803,4.46E-05,0,2208.23001,0.178233444,59248,3.881341215,34.01992486,-49.927492,74.77594095,4.393258572,29.28089905,31,9
element_4718,2057,256.1766331,6.106026685,117.6360667,396.8643757,226.6479922,21.94337144,4.92E-05,0,2208.23001,0.178233444,59248,3.881341215,34.01992486,-49.927492,74.77594095,4.393258572,29.28089905,31,9
element_4718,2058,256.1038248,5.982644511,119.3026431,429.1527754,235.6638991,21.9434977,5.05E-05,0,2208.23001,0.178233444,59248,3.881341215,34.01992486,-49.927492,74.77594095,4.393258572,29.28089905,31,9
element_4718,2059,256.239185,5.916058129,116.5102661,429.9042934,226.1397566,21.95815932,5.42E-05,0,2208.23001,0.178233444,59248,3.881341215,34.01992486,-49.927492,74.77594095,4.393258572,29.28089905,31,9
element_4718,2060,256.3015564,5.922922137,117.6433104,400.4769836,232.0736336,21.94576105,6.04E-05,0,2208.23001,0.178233444,59248,3.881341215,34.01992486,-49.927492,74.77594095,4.393258572,29.28089905,31,9
element_4718,2061,256.4319692,5.964110604,118.9279295,423.1190581,228.6408269,21.94829028,6.07E-05,0,2208.23001,0.178233444,59248,3.881341215,34.01992486,-49.927492,74.77594095,4.393258572,29.28089905,31,9
element_4718,2062,256.7340117,5.91796105,116.3572844,410.544665,235.4281526,21.95435451,5.81E-05,0,2208.23001,0.178233444,59248,3.881341215,34.01992486,-49.927492,74.77594095,4.393258572,29.28089905,31,9
element_4718,2063,256.9038833,6.002565153,115.2352391,485.6161386,225.5561883,21.95217592,6.04E-05,0,2208.23001,0.178233444,59248,3.881341215,34.01992486,-49.927492,74.77594095,4.393258572,29.28089905,31,9
element_4718,2064,256.8348029,5.974465022,116.2316902,503.9478392,232.4693686,21.95404772,7.08E-05,0,2208.23001,0.178233444,59248,3.881341215,34.01992486,-49.927492,74.77594095,4.393258572,29.28089905,31,9
element_4718,2065,257.3375554,5.990168139,116.6054896,457.6967405,248.2191651,21.95189311,5.59E-05,0,2208.23001,0.178233444,59248,3.881341215,34.01992486,-49.927492,74.77594095,4.393258572,29.28089905,31,9
element_4718,2066,257.006795,5.932111222,115.1438415,460.0191306,242.2369011,21.94867156,7.53E-05,0,2208.23001,0.178233444,59248,3.881341215,34.01992486,-49.927492,74.77594095,4.393258572,29.28089905,31,9
element_4718,2067,257.2225929,5.897960659,117.0997338,419.6435746,233.4746916,21.96957674,7.63E-05,0,2208.23001,0.178233444,59248,3.881341215,34.01992486,-49.927492,74.77594095,4.393258572,29.28089905,31,9
element_4718,2068,256.4405034,5.95683543,116.6475995,438.6592028,231.8449108,21.94980633,7.16E-05,0,2208.23001,0.178233444,59248,3.881341215,34.01992486,-49.927492,74.77594095,4.393258572,29.28089905,31,9
element_4718,2069,257.1511874,5.979476751,114.9220531,488.1738581,236.4884787,21.94357505,6.71E-05,0,2208.23001,0.178233444,59248,3.881341215,34.01992486,-49.927492,74.77594095,4.393258572,29.28089905,31,9
element_4718,2070,257.5680272,6.108888891,115.9045607,450.0596479,237.2127383,21.94044057,5.89E-05,0,2208.23001,0.178233444,59248,3.881341215,34.01992486,-49.927492,74.77594095,4.393258572,29.28089905,31,9
element_4718,2071,257.3901038,5.948225756,117.9432365,395.1548112,244.31679,21.93943076,8.82E-05,0,2208.23001,0.178233444,59248,3.881341215,34.01992486,-49.927492,74.77594095,4.393258572,29.28089905,31,9
element_4718,2072,257.4748601,5.975621841,115.3064077,445.4845045,244.6668163,21.94480763,7.78E-05,0,2208.23001,0.178233444,59248,3.881341215,34.01992486,-49.927492,74.77594095,4.393258572,29.28089905,31,9
element_4718,2073,257.1109535,5.968639852,116.6306708,410.8170496,246.4062608,21.95497341,5.99E-05,0,2208.23001,0.178233444,59248,3.881341215,34.01992486,-49.927492,74.77594095,4.393258572,29.28089905,31,9
element_4718,2074,257.3211485,5.950478115,116.8837439,377.6699326,240.222435,21.94919487,6.78E-05,0,2208.23001,0.178233444,59248,3.881341215,34.01992486,-49.927492,74.77594095,4.393258572,29.28089905,31,9
element_4718,2075,257.9760739,6.064175098,114.3742568,480.9999156,240.6388406,21.94765614,7.42E-05,0,2208.23001,0.178233444,59248,3.881341215,34.01992486,-49.927492,74.77594095,4.393258572,29.28089905,31,9
element_4718,2076,257.9579681,5.96082533,117.2761816,430.9583103,249.2568753,21.94965737,6.51E-05,0,2208.23001,0.178233444,59248,3.881341215,34.01992486,-49.927492,74.77594095,4.393258572,29.28089905,31,9
element_4718,2077,257.8754721,5.924061827,118.5890922,405.481761,255.4901867,21.9420168,7.34E-05,0,2208.23001,0.178233444,59248,3.881341215,34.01992486,-49.927492,74.77594095,4.393258572,29.28089905,31,9
element_4718,2078,258.1503539,6.056646641,116.4804743,416.0755075,252.5877762,21.95618758,8.06E-05,0,2208.23001,0.178233444,59248,3.881341215,34.01992486,-49.927492,74.77594095,4.393258572,29.28089905,31,9
element_4718,2079,257.5322166,6.007329783,115.3876423,416.5228921,247.1742039,21.94748523,7.85E-05,0,2208.23001,0.178233444,59248,3.881341215,34.01992486,-49.927492,74.77594095,4.393258572,29.28089905,31,9
element_4718,2080,258.582838,6.018164174,116.5571731,446.2635125,257.9366661,21.95220383,7.38E-05,0,2208.23001,0.178233444,59248,3.881341215,34.01992486,-49.927492,74.77594095,4.393258572,29.28089905,31,9
element_4718,2081,258.5556145,6.225283907,115.6475696,516.1863419,258.9741854,21.94994183,7.41E-05,0,2208.23001,0.178233444,59248,3.881341215,34.01992486,-49.927492,74.77594095,4.393258572,29.28089905,31,9
element_4718,2082,257.6889507,5.932242254,113.987706,529.4492931,249.8407175,21.93811687,6.85E-05,0,2208.23001,0.178233444,59248,3.881341215,34.01992486,-49.927492,74.77594095,4.393258572,29.28089905,31,9
element_4718,2083,258.331904,6.068286997,115.7317353,416.8232008,255.2925882,21.94701225,6.86E-05,0,2208.23001,0.178233444,59248,3.881341215,34.01992486,-49.927492,74.77594095,4.393258572,29.28089905,31,9
element_4718,2084,258.2591437,5.986315184,115.0086621,477.5677843,244.7693677,21.95069299,7.66E-05,0,2208.23001,0.178233444,59248,3.881341215,34.01992486,-49.927492,74.77594095,4.393258572,29.28089905,31,9
element_4718,2085,258.5085535,5.952792964,117.0225171,417.2389431,253.2513758,21.96871416,6.95E-05,0,2208.23001,0.178233444,59248,3.881341215,34.01992486,-49.927492,74.77594095,4.393258572,29.28089905,31,9
element_4718,2086,258.380833,5.956403391,115.1741324,501.838156,250.3705807,21.94859403,6.61E-05,0,2208.23001,0.178233444,59248,3.881341215,34.01992486,-49.927492,74.77594095,4.393258572,29.28089905,31,9
element_4718,2087,258.0614731,6.023356229,115.166186,474.7836852,249.4159823,21.95105486,7.24E-05,0,2208.23001,0.178233444,59248,3.881341215,34.01992486,-49.927492,74.77594095,4.393258572,29.28089905,31,9
element_4718,2088,258.4080527,6.078628703,115.3446726,472.6695787,261.1121554,21.95851365,7.54E-05,0,2208.23001,0.178233444,59248,3.881341215,34.01992486,-49.927492,74.77594095,4.393258572,29.28089905,31,9
element_4718,2089,258.3169283,5.986141465,116.1654605,436.2743643,250.8504909,21.9488925,7.55E-05,0,2208.23001,0.178233444,59248,3.881341215,34.01992486,-49.927492,74.77594095,4.393258572,29.28089905,31,9
element_4718,2090,257.7560848,5.945051698,117.7901968,436.4458604,258.3880735,21.94383812,7.68E-05,0,2208.23001,0.178233444,59248,3.881341215,34.01992486,-49.927492,74.77594095,4.393258572,29.28089905,31,9
element_4718,2091,258.2517392,6.108111167,113.6858437,487.732423,255.1997668,21.95253434,7.13E-05,0,2208.23001,0.178233444,59248,3.881341215,34.01992486,-49.927492,74.77594095,4.393258572,29.28089905,31,9
element_4718,2092,258.6102371,5.975535104,113.4847579,441.9799295,269.8834889,21.94755243,7.45E-05,0,2208.23001,0.178233444,59248,3.881341215,34.01992486,-49.927492,74.77594095,4.393258572,29.28089905,31,9
element_4718,2093,259.0227472,5.98917347,116.6816536,431.3058329,272.3459193,21.96024823,7.81E-05,0,2208.23001,0.178233444,59248,3.881341215,34.01992486,-49.927492,74.77594095,4.393258572,29.28089905,31,9
element_4718,2094,258.3088928,5.971046529,114.2679341,490.7508244,267.0920013,21.95956169,6.59E-05,0,2208.23001,0.178233444,59248,3.881341215,34.01992486,-49.927492,74.77594095,4.393258572,29.28089905,31,9
element_4718,2095,258.7922506,6.043185245,114.68671,512.6874857,270.5943002,21.94714524,8.36E-05,0,2208.23001,0.178233444,59248,3.881341215,34.01992486,-49.927492,74.77594095,4.393258572,29.28089905,31,9
element_4718,2096,258.5146842,5.964631572,114.5107656,506.1045203,273.5026959,21.95315317,7.76E-05,0,2208.23001,0.178233444,59248,3.881341215,34.01992486,-49.927492,74.77594095,4.393258572,29.28089905,31,9
element_4718,2097,258.8105229,6.041449022,114.580655,513.1177121,259.8545559,21.95028895,7.61E-05,0,2208.23001,0.178233444,59248,3.881341215,34.01992486,-49.927492,74.77594095,4.393258572,29.28089905,31,9
element_4718,2098,259.4208917,6.075772386,113.8834641,508.7637148,270.1616238,21.95373412,7.20E-05,0,2208.23001,0.178233444,59248,3.881341215,34.01992486,-49.927492,74.77594095,4.393258572,29.28089905,31,9
element_4718,2099,259.7364081,5.951811849,115.6127839,444.5611697,280.4197843,21.94869926,9.12E-05,0,2208.23001,0.178233444,59248,3.881341215,34.01992486,-49.927492,74.77594095,4.393258572,29.28089905,31,9
element_4718,2100,259.3845512,6.000455386,114.5761581,526.8957611,263.5723814,21.94880695,8.06E-05,0,2208.23001,0.178233444,59248,3.881341215,34.01992486,-49.927492,74.77594095,4.393258572,29.28089905,31,9
element_4720,2015,252.8392081,5.675230195,119.5623715,363.6842574,190.1585037,22.4715983,0.000454118,0,2400.530431,0.114938945,92346.5,4.681424054,36.76051857,-50.17834325,76.39824734,2.980354786,19.51291275,11.25269508,9
element_4720,2016,253.2448336,5.612516306,120.4809429,328.6580441,202.6696217,22.4720933,0.000438109,0,2400.530431,0.114938945,92346.5,4.681424054,36.76051857,-50.17834325,76.39824734,2.980354786,19.51291275,11.25269508,9
element_4720,2017,252.4513738,5.71508537,118.8616552,335.0801424,194.9955492,22.47028874,0.000485505,0,2400.530431,0.114938945,92346.5,4.681424054,36.76051857,-50.17834325,76.39824734,2.980354786,19.51291275,11.25269508,9
element_4720,2018,253.0199986,5.836048793,119.5788268,325.7844483,195.2070104,22.47048057,0.000461775,0,2400.530431,0.114938945,92346.5,4.681424054,36.76051857,-50.17834325,76.39824734,2.980354786,19.51291275,11.25269508,9
element_4720,2019,252.4257966,5.614956591,121.4285246,278.8090728,195.0307406,22.47154932,0.000478547,0,2400.530431,0.114938945,92346.5,4.681424054,36.76051857,-50.17834325,76.39824734,2.980354786,19.51291275,11.25269508,9
element_4720,2020,252.3790136,5.598143492,119.6518793,305.6979422,187.7618602,22.47278402,0.000448999,0,2400.530431,0.114938945,92346.5,4.681424054,36.76051857,-50.17834325,76.39824734,2.980354786,19.51291275,11.25269508,9
element_4720,2021,251.8424307,5.603232021,119.4233244,311.7468087,182.8374828,22.47227278,0.000456195,0,2400.530431,0.114938945,92346.5,4.681424054,36.76051857,-50.17834325,76.39824734,2.980354786,19.51291275,11.25269508,9
element_4720,2022,253.2362572,5.708894742,119.1258214,356.2991385,193.4166758,22.4731771,0.000491051,0,2400.530431,0.114938945,92346.5,4.681424054,36.76051857,-50.17834325,76.39824734,2.980354786,19.51291275,11.25269508,9
element_4720,2023,253.1064795,5.656829807,119.3975605,338.3110977,190.8268768,22.47567349,0.00050573,0,2400.530431,0.114938945,92346.5,4.681424054,36.76051857,-50.17834325,76.39824734,2.980354786,19.51291275,11.25269508,9
element_4720,2024,253.1818997,5.68237852,118.2295356,325.2878055,200.6821875,22.4774852,0.000529628,0,2400.530431,0.114938945,92346.5,4.681424054,36.76051857,-50.17834325,76.39824734,2.980354786,19.51291275,11.25269508,9
element_4720,2025,253.6292001,5.808390096,117.6258343,364.2665727,191.449849,22.47410066,0.000529259,0,2400.530431,0.114938945,92346.5,4.681424054,36.76051857,-50.17834325,76.39824734,2.980354786,19.51291275,11.25269508,9
element_4720,2026,253.1078374,5.679655222,119.0203792,342.8942461,187.6545254,22.47382221,0.000523812,0,2400.530431,0.114938945,92346.5,4.681424054,36.76051857,-50.17834325,76.39824734,2.980354786,19.51291275,11.25269508,9
element_4720,2027,253.5880227,5.788696766,118.4259601,387.8603127,189.7731677,22.4755376,0.000497538,0,2400.530431,0.114938945,92346.5,4.681424054,36.76051857,-50.17834325,76.39824734,2.980354786,19.51291275,11.25269508,9
element_4720,2028,253.6959336,5.729533425,116.9525898,377.7122122,195.5614722,22.47585421,0.000555239,0,2400.530431,0.114938945,92346.5,4.681424054,36.76051857,-50.17834325,76.39824734,2.980354786,19.51291275,11.25269508,9
element_4720,2029,253.797527,5.777245798,117.2128867,372.982471,206.3208161,22.47584003,0.000545345,0,2400.530431,0.114938945,92346.5,4.681424054,36.76051857,-50.17834325,76.39824734,2.980354786,19.51291275,11.25269508,9
element_4720,2030,253.4509151,5.654523721,117.6356811,343.5184125,198.7965216,22.47725882,0.000450706,0,2400.530431,0.114938945,92346.5,4.681424054,36.76051857,-50.17834325,76.39824734,2.980354786,19.51291275,11.25269508,9
element_4720,2031,253.2659439,5.676835268,117.8465771,340.1750541,192.359879,22.47174643,0.000539844,0,2400.530431,0.114938945,92346.5,4.681424054,36.76051857,-50.17834325,76.39824734,2.980354786,19.51291275,11.25269508,9
element_4720,2032,253.566147,5.667050807,121.2277033,309.8781374,202.9501674,22.47269435,0.000510363,0,2400.530431,0.114938945,92346.5,4.681424054,36.76051857,-50.17834325,76.39824734,2.980354786,19.51291275,11.25269508,9
element_4720,2033,254.0243813,5.84373481,118.2312386,384.213455,202.8528071,22.46894199,0.000437685,0,2400.530431,0.114938945,92346.5,4.681424054,36.76051857,-50.17834325,76.39824734,2.980354786,19.51291275,11.25269508,9
element_4720,2034,253.9539556,5.793899541,117.9393582,392.3477817,197.885994,22.47096932,0.000551243,0,2400.530431,0.114938945,92346.5,4.681424054,36.76051857,-50.17834325,76.39824734,2.980354786,19.51291275,11.25269508,9
element_4720,2035,254.1280639,5.829569814,118.3801795,363.0400856,211.41745,22.4627148,0.000550517,0,2400.530431,0.114938945,92346.5,4.681424054,36.76051857,-50.17834325,76.39824734,2.980354786,19.51291275,11.25269508,9
element_4720,2036,253.6237833,5.685328317,115.935366,357.2421479,200.7161033,22.456073,0.000514037,0,2400.530431,0.114938945,92346.5,4.681424054,36.76051857,-50.17834325,76.39824734,2.980354786,19.51291275,11.25269508,9
element_4720,2037,253.3866892,5.728983526,117.520249,362.33589,192.7979201,22.45170359,0.000491052,0,2400.530431,0.114938945,92346.5,4.681424054,36.76051857,-50.17834325,76.39824734,2.980354786,19.51291275,11.25269508,9
element_4720,2038,253.5952857,5.777110546,118.3680054,330.5409597,197.0929897,22.45101385,0.000509487,0,2400.530431,0.114938945,92346.5,4.681424054,36.76051857,-50.17834325,76.39824734,2.980354786,19.51291275,11.25269508,9
element_4720,2039,254.3749288,5.918775015,114.8530619,386.120307,202.6387968,22.46092423,0.000630512,0,2400.530431,0.114938945,92346.5,4.681424054,36.76051857,-50.17834325,76.39824734,2.980354786,19.51291275,11.25269508,9
element_4720,2040,253.132388,5.590891735,120.2363806,266.754401,203.0024103,22.46626272,0.000456396,0,2400.530431,0.114938945,92346.5,4.681424054,36.76051857,-50.17834325,76.39824734,2.980354786,19.51291275,11.25269508,9
element_4720,2041,253.7151067,5.69767606,118.127592,361.4588744,198.9578591,22.47249588,0.000574646,0,2400.530431,0.114938945,92346.5,4.681424054,36.76051857,-50.17834325,76.39824734,2.980354786,19.51291275,11.25269508,9
element_4720,2042,254.4825636,5.74270733,116.8099389,356.8646197,201.0449147,22.47242874,0.000573943,0,2400.530431,0.114938945,92346.5,4.681424054,36.76051857,-50.17834325,76.39824734,2.980354786,19.51291275,11.25269508,9
element_4720,2043,254.1156255,5.795605771,116.5746707,358.1685449,205.7096964,22.46577813,0.000595233,0,2400.530431,0.114938945,92346.5,4.681424054,36.76051857,-50.17834325,76.39824734,2.980354786,19.51291275,11.25269508,9
element_4720,2044,254.0428869,5.905421528,117.0688747,373.5698739,198.0216071,22.46556345,0.000567393,0,2400.530431,0.114938945,92346.5,4.681424054,36.76051857,-50.17834325,76.39824734,2.980354786,19.51291275,11.25269508,9
element_4720,2045,254.8068781,5.69337208,116.5862234,319.5047593,203.2968261,22.45489378,0.000632008,0,2400.530431,0.114938945,92346.5,4.681424054,36.76051857,-50.17834325,76.39824734,2.980354786,19.51291275,11.25269508,9
element_4720,2046,254.6283301,5.778504613,117.254012,400.3657103,208.5332452,22.44819183,0.000655916,0,2400.530431,0.114938945,92346.5,4.681424054,36.76051857,-50.17834325,76.39824734,2.980354786,19.51291275,11.25269508,9
element_4720,2047,254.9778362,5.713930736,116.0565911,377.9269472,207.0811164,22.44909398,0.000611631,0,2400.530431,0.114938945,92346.5,4.681424054,36.76051857,-50.17834325,76.39824734,2.980354786,19.51291275,11.25269508,9
element_4720,2048,254.5344536,5.632432892,116.7640646,351.9482666,213.119905,22.45589577,0.00055758,0,2400.530431,0.114938945,92346.5,4.681424054,36.76051857,-50.17834325,76.39824734,2.980354786,19.51291275,11.25269508,9
element_4720,2049,255.0325085,5.687703083,119.2553078,361.6384441,208.3154364,22.46098504,0.000628439,0,2400.530431,0.114938945,92346.5,4.681424054,36.76051857,-50.17834325,76.39824734,2.980354786,19.51291275,11.25269508,9
element_4720,2050,255.5510783,5.743667594,116.6003612,360.9768443,218.0040313,22.45153781,0.000558358,0,2400.530431,0.114938945,92346.5,4.681424054,36.76051857,-50.17834325,76.39824734,2.980354786,19.51291275,11.25269508,9
element_4720,2051,254.7991958,5.694604084,116.55365,386.5303728,213.6760681,22.45068127,0.000523326,0,2400.530431,0.114938945,92346.5,4.681424054,36.76051857,-50.17834325,76.39824734,2.980354786,19.51291275,11.25269508,9
element_4720,2052,254.8647385,5.656144697,118.8685439,363.9408991,212.0904764,22.45005042,0.000620038,0,2400.530431,0.114938945,92346.5,4.681424054,36.76051857,-50.17834325,76.39824734,2.980354786,19.51291275,11.25269508,9
element_4720,2053,254.9429927,5.747233719,115.7134165,411.7496349,212.7375683,22.45312772,0.000660647,0,2400.530431,0.114938945,92346.5,4.681424054,36.76051857,-50.17834325,76.39824734,2.980354786,19.51291275,11.25269508,9
element_4720,2054,254.8045127,5.90433395,116.775022,401.8303338,205.2246054,22.45330551,0.00060502,0,2400.530431,0.114938945,92346.5,4.681424054,36.76051857,-50.17834325,76.39824734,2.980354786,19.51291275,11.25269508,9
element_4720,2055,254.5012808,5.609607937,116.5753907,356.6113121,213.4413358,22.45419306,0.000552887,0,2400.530431,0.114938945,92346.5,4.681424054,36.76051857,-50.17834325,76.39824734,2.980354786,19.51291275,11.25269508,9
element_4720,2056,255.0657173,5.805323442,114.0965131,436.477839,208.9583049,22.45071464,0.000573241,0,2400.530431,0.114938945,92346.5,4.681424054,36.76051857,-50.17834325,76.39824734,2.980354786,19.51291275,11.25269508,9
element_4720,2057,255.217708,5.779618003,115.9868418,366.3301011,213.9350964,22.45029179,0.00061492,0,2400.530431,0.114938945,92346.5,4.681424054,36.76051857,-50.17834325,76.39824734,2.980354786,19.51291275,11.25269508,9
element_4720,2058,255.2233427,5.686539003,117.033891,387.5791753,222.7059896,22.45082757,0.000665146,0,2400.530431,0.114938945,92346.5,4.681424054,36.76051857,-50.17834325,76.39824734,2.980354786,19.51291275,11.25269508,9
element_4720,2059,255.4132301,5.64720132,114.8443137,386.7799532,214.2871451,22.4607927,0.000738806,0,2400.530431,0.114938945,92346.5,4.681424054,36.76051857,-50.17834325,76.39824734,2.980354786,19.51291275,11.25269508,9
element_4720,2060,255.4985452,5.674744919,115.647051,370.8384931,220.1148413,22.45316529,0.000706783,0,2400.530431,0.114938945,92346.5,4.681424054,36.76051857,-50.17834325,76.39824734,2.980354786,19.51291275,11.25269508,9
element_4720,2061,255.5695176,5.688324518,117.1576339,384.2382549,215.784975,22.45402004,0.00072919,0,2400.530431,0.114938945,92346.5,4.681424054,36.76051857,-50.17834325,76.39824734,2.980354786,19.51291275,11.25269508,9
element_4720,2062,255.9031518,5.63480181,114.3893113,376.1720727,222.0765907,22.45527792,0.000746668,0,2400.530431,0.114938945,92346.5,4.681424054,36.76051857,-50.17834325,76.39824734,2.980354786,19.51291275,11.25269508,9
element_4720,2063,256.0780879,5.767905718,113.397518,444.9104366,212.5147364,22.45446584,0.000675186,0,2400.530431,0.114938945,92346.5,4.681424054,36.76051857,-50.17834325,76.39824734,2.980354786,19.51291275,11.25269508,9
element_4720,2064,256.021027,5.75600469,114.3178932,459.3481502,219.5495205,22.45568088,0.000763391,0,2400.530431,0.114938945,92346.5,4.681424054,36.76051857,-50.17834325,76.39824734,2.980354786,19.51291275,11.25269508,9
element_4720,2065,256.509443,5.722384147,114.2710965,417.4129051,234.4290163,22.45743527,0.000643828,0,2400.530431,0.114938945,92346.5,4.681424054,36.76051857,-50.17834325,76.39824734,2.980354786,19.51291275,11.25269508,9
element_4720,2066,256.209784,5.686834103,113.0831879,423.0050595,228.3842815,22.45505892,0.000716344,0,2400.530431,0.114938945,92346.5,4.681424054,36.76051857,-50.17834325,76.39824734,2.980354786,19.51291275,11.25269508,9
element_4720,2067,256.3411164,5.647556333,115.2970729,382.5052747,221.1856647,22.46989506,0.000715627,0,2400.530431,0.114938945,92346.5,4.681424054,36.76051857,-50.17834325,76.39824734,2.980354786,19.51291275,11.25269508,9
element_4720,2068,255.6369034,5.695997658,115.00605,393.0837661,219.2393853,22.453379,0.000736239,0,2400.530431,0.114938945,92346.5,4.681424054,36.76051857,-50.17834325,76.39824734,2.980354786,19.51291275,11.25269508,9
element_4720,2069,256.3873657,5.738396727,113.1825962,449.7934152,224.9587605,22.45071846,0.000724026,0,2400.530431,0.114938945,92346.5,4.681424054,36.76051857,-50.17834325,76.39824734,2.980354786,19.51291275,11.25269508,9
element_4720,2070,256.761687,5.836757825,114.6820454,400.7615944,224.8733964,22.44397866,0.00068261,0,2400.530431,0.114938945,92346.5,4.681424054,36.76051857,-50.17834325,76.39824734,2.980354786,19.51291275,11.25269508,9
element_4720,2071,256.5100668,5.652010037,115.8456983,367.3760046,228.9513708,22.43910085,0.000821007,0,2400.530431,0.114938945,92346.5,4.681424054,36.76051857,-50.17834325,76.39824734,2.980354786,19.51291275,11.25269508,9
element_4720,2072,256.5967921,5.667798062,113.5676556,401.4005671,230.6190526,22.44767257,0.000890092,0,2400.530431,0.114938945,92346.5,4.681424054,36.76051857,-50.17834325,76.39824734,2.980354786,19.51291275,11.25269508,9
element_4720,2073,256.2756948,5.699306667,114.7635589,378.6291303,232.8957303,22.45373006,0.000738874,0,2400.530431,0.114938945,92346.5,4.681424054,36.76051857,-50.17834325,76.39824734,2.980354786,19.51291275,11.25269508,9
element_4720,2074,256.5004868,5.679232257,115.1599422,349.0899575,226.9565124,22.45505221,0.000741598,0,2400.530431,0.114938945,92346.5,4.681424054,36.76051857,-50.17834325,76.39824734,2.980354786,19.51291275,11.25269508,9
element_4720,2075,257.1274394,5.828506382,112.5093171,435.4713923,227.7357108,22.45432639,0.000772151,0,2400.530431,0.114938945,92346.5,4.681424054,36.76051857,-50.17834325,76.39824734,2.980354786,19.51291275,11.25269508,9
element_4720,2076,257.1809829,5.690171135,115.3220659,393.0680343,236.6239743,22.45273238,0.000713159,0,2400.530431,0.114938945,92346.5,4.681424054,36.76051857,-50.17834325,76.39824734,2.980354786,19.51291275,11.25269508,9
element_4720,2077,257.0758007,5.648930912,116.2727611,375.3662007,242.4452966,22.44666367,0.000784717,0,2400.530431,0.114938945,92346.5,4.681424054,36.76051857,-50.17834325,76.39824734,2.980354786,19.51291275,11.25269508,9
element_4720,2078,257.2977531,5.743377566,114.4512583,378.2546592,238.3006216,22.45419561,0.000841576,0,2400.530431,0.114938945,92346.5,4.681424054,36.76051857,-50.17834325,76.39824734,2.980354786,19.51291275,11.25269508,9
element_4720,2079,256.7072697,5.716091679,113.5328903,382.3433822,235.1216495,22.44831566,0.000820261,0,2400.530431,0.114938945,92346.5,4.681424054,36.76051857,-50.17834325,76.39824734,2.980354786,19.51291275,11.25269508,9
element_4720,2080,257.6938959,5.726218623,114.4554499,410.129352,243.8782741,22.44924593,0.000790541,0,2400.530431,0.114938945,92346.5,4.681424054,36.76051857,-50.17834325,76.39824734,2.980354786,19.51291275,11.25269508,9
element_4720,2081,257.7348009,5.923984994,113.6477069,466.2441908,246.4269479,22.45099286,0.000900293,0,2400.530431,0.114938945,92346.5,4.681424054,36.76051857,-50.17834325,76.39824734,2.980354786,19.51291275,11.25269508,9
element_4720,2082,256.9762479,5.678188667,111.8018457,481.4317562,238.4747561,22.44282715,0.000858457,0,2400.530431,0.114938945,92346.5,4.681424054,36.76051857,-50.17834325,76.39824734,2.980354786,19.51291275,11.25269508,9
element_4720,2083,257.4743347,5.758218063,113.8713258,387.1648576,239.7907537,22.44789317,0.000721443,0,2400.530431,0.114938945,92346.5,4.681424054,36.76051857,-50.17834325,76.39824734,2.980354786,19.51291275,11.25269508,9
element_4720,2084,257.4201497,5.714030777,113.1429338,434.4177644,231.2959973,22.45193294,0.00075311,0,2400.530431,0.114938945,92346.5,4.681424054,36.76051857,-50.17834325,76.39824734,2.980354786,19.51291275,11.25269508,9
element_4720,2085,257.6803057,5.647414529,114.8560181,383.9483575,240.7485116,22.46005911,0.000740472,0,2400.530431,0.114938945,92346.5,4.681424054,36.76051857,-50.17834325,76.39824734,2.980354786,19.51291275,11.25269508,9
element_4720,2086,257.5958489,5.70377195,113.4662401,448.6803153,238.944732,22.45447781,0.000750365,0,2400.530431,0.114938945,92346.5,4.681424054,36.76051857,-50.17834325,76.39824734,2.980354786,19.51291275,11.25269508,9
element_4720,2087,257.3043305,5.730012617,113.5687714,439.6017554,237.5069032,22.45730598,0.000810268,0,2400.530431,0.114938945,92346.5,4.681424054,36.76051857,-50.17834325,76.39824734,2.980354786,19.51291275,11.25269508,9
element_4720,2088,257.5342681,5.777700808,113.7031438,430.8933067,246.8427742,22.45745748,0.00095471,0,2400.530431,0.114938945,92346.5,4.681424054,36.76051857,-50.17834325,76.39824734,2.980354786,19.51291275,11.25269508,9
element_4720,2089,257.5248238,5.69772557,114.3617332,397.6458119,237.8622936,22.45036429,0.000801377,0,2400.530431,0.114938945,92346.5,4.681424054,36.76051857,-50.17834325,76.39824734,2.980354786,19.51291275,11.25269508,9
element_4720,2090,256.9875439,5.655724748,115.0869819,411.0509583,245.0309617,22.44323827,0.00082821,0,2400.530431,0.114938945,92346.5,4.681424054,36.76051857,-50.17834325,76.39824734,2.980354786,19.51291275,11.25269508,9
element_4720,2091,257.4640041,5.791833081,111.6344115,453.3302034,241.4592392,22.45174443,0.000795197,0,2400.530431,0.114938945,92346.5,4.681424054,36.76051857,-50.17834325,76.39824734,2.980354786,19.51291275,11.25269508,9
element_4720,2092,257.8432564,5.701591428,111.3467413,410.062703,254.7143855,22.4465369,0.000788329,0,2400.530431,0.114938945,92346.5,4.681424054,36.76051857,-50.17834325,76.39824734,2.980354786,19.51291275,11.25269508,9
element_4720,2093,258.2777955,5.722091854,114.5351962,405.4751224,258.2260685,22.4538935,0.000882418,0,2400.530431,0.114938945,92346.5,4.681424054,36.76051857,-50.17834325,76.39824734,2.980354786,19.51291275,11.25269508,9
element_4720,2094,257.5469745,5.711950077,111.9119606,457.6096024,253.4834464,22.45704913,0.000771497,0,2400.530431,0.114938945,92346.5,4.681424054,36.76051857,-50.17834325,76.39824734,2.980354786,19.51291275,11.25269508,9
element_4720,2095,258.0059586,5.756654222,112.7820599,468.9757157,255.9899247,22.44561302,0.000923441,0,2400.530431,0.114938945,92346.5,4.681424054,36.76051857,-50.17834325,76.39824734,2.980354786,19.51291275,11.25269508,9
element_4720,2096,257.6620869,5.649650985,112.5328389,462.3315483,258.0060172,22.45238273,0.000937315,0,2400.530431,0.114938945,92346.5,4.681424054,36.76051857,-50.17834325,76.39824734,2.980354786,19.51291275,11.25269508,9
element_4720,2097,258.0561801,5.764990447,112.7570064,470.6367957,247.329938,22.45531386,0.000897315,0,2400.530431,0.114938945,92346.5,4.681424054,36.76051857,-50.17834325,76.39824734,2.980354786,19.51291275,11.25269508,9
element_4720,2098,258.6386488,5.791994963,112.0579509,460.0771817,257.2879901,22.45876133,0.001007047,0,2400.530431,0.114938945,92346.5,4.681424054,36.76051857,-50.17834325,76.39824734,2.980354786,19.51291275,11.25269508,9
element_4720,2099,258.9259984,5.666485688,113.4952904,415.217039,265.5461868,22.44995471,0.001115004,0,2400.530431,0.114938945,92346.5,4.681424054,36.76051857,-50.17834325,76.39824734,2.980354786,19.51291275,11.25269508,9
element_4720,2100,258.6296043,5.71904759,112.674337,479.8614311,252.4369036,22.44814095,0.001042067,0,2400.530431,0.114938945,92346.5,4.681424054,36.76051857,-50.17834325,76.39824734,2.980354786,19.51291275,11.25269508,9
element_4723,2015,253.7395689,5.235014653,110.3904996,292.5796794,207.6177455,21.39038614,0.000421524,0,1498.152747,0.355061102,61828.6,4.135653388,36.67622502,-58.75626363,79.06258503,9.810155869,39.44947052,34.09698868,9
element_4723,2016,254.4765096,5.101786554,111.5238438,246.2796862,220.0603513,21.39026184,0.000431431,0,1498.152747,0.355061102,61828.6,4.135653388,36.67622502,-58.75626363,79.06258503,9.810155869,39.44947052,34.09698868,9
element_4723,2017,254.043885,5.329717629,109.8473765,283.8149232,213.7552473,21.39223868,0.000434142,0,1498.152747,0.355061102,61828.6,4.135653388,36.67622502,-58.75626363,79.06258503,9.810155869,39.44947052,34.09698868,9
element_4723,2018,254.2729897,5.420027407,111.4873258,262.5133968,215.0865546,21.39294498,0.000448639,0,1498.152747,0.355061102,61828.6,4.135653388,36.67622502,-58.75626363,79.06258503,9.810155869,39.44947052,34.09698868,9
element_4723,2019,254.039411,5.132303547,111.9849741,250.3989487,218.2521866,21.39438139,0.000453896,0,1498.152747,0.355061102,61828.6,4.135653388,36.67622502,-58.75626363,79.06258503,9.810155869,39.44947052,34.09698868,9
element_4723,2020,254.1661588,5.247135095,110.1983909,260.6207305,207.2055522,21.3934675,0.000460665,0,1498.152747,0.355061102,61828.6,4.135653388,36.67622502,-58.75626363,79.06258503,9.810155869,39.44947052,34.09698868,9
element_4723,2021,253.3805164,5.113593307,111.1660578,242.8687854,202.7842289,21.39241367,0.000426517,0,1498.152747,0.355061102,61828.6,4.135653388,36.67622502,-58.75626363,79.06258503,9.810155869,39.44947052,34.09698868,9
element_4723,2022,254.2823272,5.34778703,109.722929,289.8385842,211.0733421,21.39444044,0.000444342,0,1498.152747,0.355061102,61828.6,4.135653388,36.67622502,-58.75626363,79.06258503,9.810155869,39.44947052,34.09698868,9
element_4723,2023,254.3982401,5.195697268,111.9734811,255.3594201,214.3968833,21.39767057,0.000463405,0,1498.152747,0.355061102,61828.6,4.135653388,36.67622502,-58.75626363,79.06258503,9.810155869,39.44947052,34.09698868,9
element_4723,2024,254.417794,5.251258342,109.9911496,242.0508386,221.3527485,21.40190984,0.000447818,0,1498.152747,0.355061102,61828.6,4.135653388,36.67622502,-58.75626363,79.06258503,9.810155869,39.44947052,34.09698868,9
element_4723,2025,254.9667588,5.376477336,108.9764886,282.1417249,209.140044,21.40542956,0.000466961,0,1498.152747,0.355061102,61828.6,4.135653388,36.67622502,-58.75626363,79.06258503,9.810155869,39.44947052,34.09698868,9
element_4723,2026,254.1378925,5.133073421,111.0623445,261.2661444,207.226588,21.40318067,0.000452955,0,1498.152747,0.355061102,61828.6,4.135653388,36.67622502,-58.75626363,79.06258503,9.810155869,39.44947052,34.09698868,9
element_4723,2027,254.7989986,5.262750168,110.7974734,269.2634961,205.0258121,21.40542853,0.000460295,0,1498.152747,0.355061102,61828.6,4.135653388,36.67622502,-58.75626363,79.06258503,9.810155869,39.44947052,34.09698868,9
element_4723,2028,255.0541177,5.362534795,109.9617486,292.9234113,216.5657919,21.4115405,0.000450648,0,1498.152747,0.355061102,61828.6,4.135653388,36.67622502,-58.75626363,79.06258503,9.810155869,39.44947052,34.09698868,9
element_4723,2029,255.3734255,5.348282828,110.2791616,290.5107931,227.761428,21.40588136,0.00045512,0,1498.152747,0.355061102,61828.6,4.135653388,36.67622502,-58.75626363,79.06258503,9.810155869,39.44947052,34.09698868,9
element_4723,2030,255.1509618,5.287905698,109.8736349,271.9870954,219.1955351,21.4037027,0.00044756,0,1498.152747,0.355061102,61828.6,4.135653388,36.67622502,-58.75626363,79.06258503,9.810155869,39.44947052,34.09698868,9
element_4723,2031,254.7621981,5.178385329,109.4181976,258.8235938,215.6484511,21.40071678,0.000455111,0,1498.152747,0.355061102,61828.6,4.135653388,36.67622502,-58.75626363,79.06258503,9.810155869,39.44947052,34.09698868,9
element_4723,2032,254.8775883,5.168563023,112.5557737,228.9283493,218.8454103,21.39583542,0.000450476,0,1498.152747,0.355061102,61828.6,4.135653388,36.67622502,-58.75626363,79.06258503,9.810155869,39.44947052,34.09698868,9
element_4723,2033,255.4302389,5.320205797,110.7178446,280.318749,225.6556068,21.39440676,0.000476933,0,1498.152747,0.355061102,61828.6,4.135653388,36.67622502,-58.75626363,79.06258503,9.810155869,39.44947052,34.09698868,9
element_4723,2034,255.514871,5.374652875,108.9134769,291.3497195,222.9712475,21.39462936,0.00048112,0,1498.152747,0.355061102,61828.6,4.135653388,36.67622502,-58.75626363,79.06258503,9.810155869,39.44947052,34.09698868,9
element_4723,2035,255.4491898,5.322261905,108.7051374,299.9928527,234.1674105,21.39227815,0.000456493,0,1498.152747,0.355061102,61828.6,4.135653388,36.67622502,-58.75626363,79.06258503,9.810155869,39.44947052,34.09698868,9
element_4723,2036,255.2404331,5.25666676,107.9537948,292.9991491,223.5712651,21.38977698,0.000458299,0,1498.152747,0.355061102,61828.6,4.135653388,36.67622502,-58.75626363,79.06258503,9.810155869,39.44947052,34.09698868,9
element_4723,2037,254.771473,5.309055399,109.4781661,283.4484351,210.9850694,21.39494446,0.000468691,0,1498.152747,0.355061102,61828.6,4.135653388,36.67622502,-58.75626363,79.06258503,9.810155869,39.44947052,34.09698868,9
element_4723,2038,255.0771999,5.264256834,109.6397303,268.9204129,219.9893585,21.40162943,0.00046623,0,1498.152747,0.355061102,61828.6,4.135653388,36.67622502,-58.75626363,79.06258503,9.810155869,39.44947052,34.09698868,9
element_4723,2039,255.6078324,5.351948732,107.9556592,300.5431982,218.4092255,21.40574749,0.000473038,0,1498.152747,0.355061102,61828.6,4.135653388,36.67622502,-58.75626363,79.06258503,9.810155869,39.44947052,34.09698868,9
element_4723,2040,254.848067,5.085976145,110.8114201,233.6139631,224.0119428,21.40415207,0.000469676,0,1498.152747,0.355061102,61828.6,4.135653388,36.67622502,-58.75626363,79.06258503,9.810155869,39.44947052,34.09698868,9
element_4723,2041,255.4126386,5.258220089,110.5468068,313.4247517,220.9886314,21.40158508,0.000484498,0,1498.152747,0.355061102,61828.6,4.135653388,36.67622502,-58.75626363,79.06258503,9.810155869,39.44947052,34.09698868,9
element_4723,2042,255.905721,5.156975239,108.6193382,261.0295631,223.4683586,21.40633987,0.000493425,0,1498.152747,0.355061102,61828.6,4.135653388,36.67622502,-58.75626363,79.06258503,9.810155869,39.44947052,34.09698868,9
element_4723,2043,255.8802363,5.403339101,107.644978,287.0249243,229.0131406,21.40679206,0.000481889,0,1498.152747,0.355061102,61828.6,4.135653388,36.67622502,-58.75626363,79.06258503,9.810155869,39.44947052,34.09698868,9
element_4723,2044,255.4855941,5.376338494,109.2346547,295.7130821,220.7770711,21.40352937,0.000476271,0,1498.152747,0.355061102,61828.6,4.135653388,36.67622502,-58.75626363,79.06258503,9.810155869,39.44947052,34.09698868,9
element_4723,2045,256.1714747,5.213001975,109.4190925,258.6866828,223.9991534,21.40500687,0.000512285,0,1498.152747,0.355061102,61828.6,4.135653388,36.67622502,-58.75626363,79.06258503,9.810155869,39.44947052,34.09698868,9
element_4723,2046,256.1287019,5.368923065,108.5217099,285.5178218,229.5038985,21.407408,0.000498269,0,1498.152747,0.355061102,61828.6,4.135653388,36.67622502,-58.75626363,79.06258503,9.810155869,39.44947052,34.09698868,9
element_4723,2047,256.7918194,5.363662407,107.968395,319.8064044,229.1465975,21.40894647,0.000521842,0,1498.152747,0.355061102,61828.6,4.135653388,36.67622502,-58.75626363,79.06258503,9.810155869,39.44947052,34.09698868,9
element_4723,2048,255.9686763,5.122890177,108.7584351,264.15005,236.7732335,21.4082349,0.000531964,0,1498.152747,0.355061102,61828.6,4.135653388,36.67622502,-58.75626363,79.06258503,9.810155869,39.44947052,34.09698868,9
element_4723,2049,256.7514758,5.258739898,110.3181495,304.960462,231.124055,21.40805177,0.000519097,0,1498.152747,0.355061102,61828.6,4.135653388,36.67622502,-58.75626363,79.06258503,9.810155869,39.44947052,34.09698868,9
element_4723,2050,256.9461363,5.22336411,107.4296712,272.0888038,237.8444125,21.40285917,0.000519657,0,1498.152747,0.355061102,61828.6,4.135653388,36.67622502,-58.75626363,79.06258503,9.810155869,39.44947052,34.09698868,9
element_4723,2051,256.4398413,5.31425426,109.4626519,260.9455849,236.0354996,21.40486263,0.000535468,0,1498.152747,0.355061102,61828.6,4.135653388,36.67622502,-58.75626363,79.06258503,9.810155869,39.44947052,34.09698868,9
element_4723,2052,256.2215524,5.109165429,110.09222,279.8445822,237.4315626,21.40607464,0.000530534,0,1498.152747,0.355061102,61828.6,4.135653388,36.67622502,-58.75626363,79.06258503,9.810155869,39.44947052,34.09698868,9
element_4723,2053,256.4319515,5.335293713,106.5858058,342.3858094,239.2179988,21.41239443,0.000496827,0,1498.152747,0.355061102,61828.6,4.135653388,36.67622502,-58.75626363,79.06258503,9.810155869,39.44947052,34.09698868,9
element_4723,2054,256.114377,5.403955514,108.2745233,284.7392341,226.6596999,21.41306198,0.000531822,0,1498.152747,0.355061102,61828.6,4.135653388,36.67622502,-58.75626363,79.06258503,9.810155869,39.44947052,34.09698868,9
element_4723,2055,256.0410796,5.187665783,108.2760587,286.2086726,234.3124589,21.41164855,0.000524923,0,1498.152747,0.355061102,61828.6,4.135653388,36.67622502,-58.75626363,79.06258503,9.810155869,39.44947052,34.09698868,9
element_4723,2056,256.4987805,5.385094968,104.977816,342.1279611,234.7811267,21.40726051,0.000524088,0,1498.152747,0.355061102,61828.6,4.135653388,36.67622502,-58.75626363,79.06258503,9.810155869,39.44947052,34.09698868,9
element_4723,2057,256.6526957,5.239628849,107.9722967,303.1276987,238.4844768,21.4044517,0.000528325,0,1498.152747,0.355061102,61828.6,4.135653388,36.67622502,-58.75626363,79.06258503,9.810155869,39.44947052,34.09698868,9
element_4723,2058,256.9108736,5.311353444,108.805997,293.2440079,246.8032067,21.40538501,0.000556222,0,1498.152747,0.355061102,61828.6,4.135653388,36.67622502,-58.75626363,79.06258503,9.810155869,39.44947052,34.09698868,9
element_4723,2059,257.1388971,5.216582384,106.6440793,310.5784455,237.6204091,21.42510955,0.000550798,0,1498.152747,0.355061102,61828.6,4.135653388,36.67622502,-58.75626363,79.06258503,9.810155869,39.44947052,34.09698868,9
element_4723,2060,257.0421064,5.168231332,106.7610287,311.4057002,245.815815,21.41285224,0.000568636,0,1498.152747,0.355061102,61828.6,4.135653388,36.67622502,-58.75626363,79.06258503,9.810155869,39.44947052,34.09698868,9
element_4723,2061,257.3157917,5.214652593,109.6219789,292.5853917,242.0074788,21.41270667,0.000550373,0,1498.152747,0.355061102,61828.6,4.135653388,36.67622502,-58.75626363,79.06258503,9.810155869,39.44947052,34.09698868,9
element_4723,2062,257.4706827,5.177668926,105.5899436,311.5389119,243.6539397,21.41488093,0.000521436,0,1498.152747,0.355061102,61828.6,4.135653388,36.67622502,-58.75626363,79.06258503,9.810155869,39.44947052,34.09698868,9
element_4723,2063,257.7087791,5.427004706,104.8466698,376.1073666,233.1728129,21.41643405,0.000539161,0,1498.152747,0.355061102,61828.6,4.135653388,36.67622502,-58.75626363,79.06258503,9.810155869,39.44947052,34.09698868,9
element_4723,2064,257.7590135,5.357073043,106.1651708,362.1309,242.1229114,21.43075151,0.000558649,0,1498.152747,0.355061102,61828.6,4.135653388,36.67622502,-58.75626363,79.06258503,9.810155869,39.44947052,34.09698868,9
element_4723,2065,258.2166992,5.307735559,105.6619461,336.4439342,259.2726947,21.42839708,0.000564544,0,1498.152747,0.355061102,61828.6,4.135653388,36.67622502,-58.75626363,79.06258503,9.810155869,39.44947052,34.09698868,9
element_4723,2066,257.8145531,5.271980839,104.1824316,342.2018713,253.8462448,21.41911808,0.000584959,0,1498.152747,0.355061102,61828.6,4.135653388,36.67622502,-58.75626363,79.06258503,9.810155869,39.44947052,34.09698868,9
element_4723,2067,257.843171,5.254536844,108.4747583,296.5992386,247.3259369,21.44150083,0.00059714,0,1498.152747,0.355061102,61828.6,4.135653388,36.67622502,-58.75626363,79.06258503,9.810155869,39.44947052,34.09698868,9
element_4723,2068,257.5154977,5.274351835,108.9531086,322.097102,244.3051391,21.41403194,0.000577944,0,1498.152747,0.355061102,61828.6,4.135653388,36.67622502,-58.75626363,79.06258503,9.810155869,39.44947052,34.09698868,9
element_4723,2069,258.0864729,5.276775218,106.5248993,368.9934767,251.1928615,21.40880412,0.000603749,0,1498.152747,0.355061102,61828.6,4.135653388,36.67622502,-58.75626363,79.06258503,9.810155869,39.44947052,34.09698868,9
element_4723,2070,258.4786768,5.353163617,109.3050209,283.4500091,251.6390551,21.40454072,0.000603035,0,1498.152747,0.355061102,61828.6,4.135653388,36.67622502,-58.75626363,79.06258503,9.810155869,39.44947052,34.09698868,9
element_4723,2071,258.3475556,5.231554792,107.0135896,304.7231088,253.0434884,21.40218188,0.000623836,0,1498.152747,0.355061102,61828.6,4.135653388,36.67622502,-58.75626363,79.06258503,9.810155869,39.44947052,34.09698868,9
element_4723,2072,258.3932515,5.232763438,105.8242652,321.6698891,258.2795303,21.40740312,0.000613152,0,1498.152747,0.355061102,61828.6,4.135653388,36.67622502,-58.75626363,79.06258503,9.810155869,39.44947052,34.09698868,9
element_4723,2073,258.032792,5.341129268,106.2774563,311.6210806,256.7130794,21.41823251,0.000597279,0,1498.152747,0.355061102,61828.6,4.135653388,36.67622502,-58.75626363,79.06258503,9.810155869,39.44947052,34.09698868,9
element_4723,2074,257.9634109,5.154312544,106.6282143,289.6686376,245.7473832,21.431343,0.000582755,0,1498.152747,0.355061102,61828.6,4.135653388,36.67622502,-58.75626363,79.06258503,9.810155869,39.44947052,34.09698868,9
element_4723,2075,258.4557053,5.424167195,105.1520957,346.6627625,248.0208071,21.41667375,0.000612507,0,1498.152747,0.355061102,61828.6,4.135653388,36.67622502,-58.75626363,79.06258503,9.810155869,39.44947052,34.09698868,9
element_4723,2076,258.9317608,5.165153315,107.6579996,301.9080832,264.1412243,21.43478966,0.000611482,0,1498.152747,0.355061102,61828.6,4.135653388,36.67622502,-58.75626363,79.06258503,9.810155869,39.44947052,34.09698868,9
element_4723,2077,258.5513906,5.115427919,107.7795828,299.2420515,265.7309781,21.41941621,0.000616771,0,1498.152747,0.355061102,61828.6,4.135653388,36.67622502,-58.75626363,79.06258503,9.810155869,39.44947052,34.09698868,9
element_4723,2078,258.8479319,5.161286235,106.0476738,304.0588141,263.7571492,21.43753947,0.000624405,0,1498.152747,0.355061102,61828.6,4.135653388,36.67622502,-58.75626363,79.06258503,9.810155869,39.44947052,34.09698868,9
element_4723,2079,258.3783594,5.211610983,105.8014969,318.4400783,262.159063,21.4245468,0.000608072,0,1498.152747,0.355061102,61828.6,4.135653388,36.67622502,-58.75626363,79.06258503,9.810155869,39.44947052,34.09698868,9
element_4723,2080,259.0396685,5.224322031,106.558051,314.0993964,268.5907992,21.43369003,0.000597288,0,1498.152747,0.355061102,61828.6,4.135653388,36.67622502,-58.75626363,79.06258503,9.810155869,39.44947052,34.09698868,9
element_4723,2081,259.4681931,5.337607157,106.2553161,356.3132844,276.0327921,21.43216582,0.000612145,0,1498.152747,0.355061102,61828.6,4.135653388,36.67622502,-58.75626363,79.06258503,9.810155869,39.44947052,34.09698868,9
element_4723,2082,259.021509,5.270385949,102.6187433,388.0831643,266.3848044,21.41740158,0.000642229,0,1498.152747,0.355061102,61828.6,4.135653388,36.67622502,-58.75626363,79.06258503,9.810155869,39.44947052,34.09698868,9
element_4723,2083,259.2963288,5.243445487,104.9837794,328.6661332,266.7125136,21.41532374,0.000617855,0,1498.152747,0.355061102,61828.6,4.135653388,36.67622502,-58.75626363,79.06258503,9.810155869,39.44947052,34.09698868,9
element_4723,2084,259.1934235,5.320596593,105.667578,343.7307438,258.633232,21.44068202,0.000643065,0,1498.152747,0.355061102,61828.6,4.135653388,36.67622502,-58.75626363,79.06258503,9.810155869,39.44947052,34.09698868,9
element_4723,2085,259.4486432,5.190129792,105.1893927,348.5886647,269.7660375,21.42847218,0.000628166,0,1498.152747,0.355061102,61828.6,4.135653388,36.67622502,-58.75626363,79.06258503,9.810155869,39.44947052,34.09698868,9
element_4723,2086,259.5865969,5.385085408,106.3350235,336.2885939,270.9537505,21.4195788,0.000616753,0,1498.152747,0.355061102,61828.6,4.135653388,36.67622502,-58.75626363,79.06258503,9.810155869,39.44947052,34.09698868,9
element_4723,2087,259.4625742,5.287662242,104.9212177,369.9110928,268.5847475,21.43120296,0.000648092,0,1498.152747,0.355061102,61828.6,4.135653388,36.67622502,-58.75626363,79.06258503,9.810155869,39.44947052,34.09698868,9
element_4723,2088,259.5122564,5.359032434,106.3861536,336.3759938,272.9148047,21.42779441,0.000640342,0,1498.152747,0.355061102,61828.6,4.135653388,36.67622502,-58.75626363,79.06258503,9.810155869,39.44947052,34.09698868,9
element_4723,2089,259.4499976,5.231959428,107.2632655,322.0740576,265.1578967,21.45046744,0.000648418,0,1498.152747,0.355061102,61828.6,4.135653388,36.67622502,-58.75626363,79.06258503,9.810155869,39.44947052,34.09698868,9
element_4723,2090,259.1049487,5.34405385,103.912499,402.1690084,268.1873076,21.42633446,0.000653978,0,1498.152747,0.355061102,61828.6,4.135653388,36.67622502,-58.75626363,79.06258503,9.810155869,39.44947052,34.09698868,9
element_4723,2091,259.369303,5.207268938,103.3094994,373.2268943,270.3268198,21.45151042,0.000631921,0,1498.152747,0.355061102,61828.6,4.135653388,36.67622502,-58.75626363,79.06258503,9.810155869,39.44947052,34.09698868,9
element_4723,2092,259.8136541,5.29319877,102.7703687,365.3951992,286.2751363,21.44944049,0.00062626,0,1498.152747,0.355061102,61828.6,4.135653388,36.67622502,-58.75626363,79.06258503,9.810155869,39.44947052,34.09698868,9
element_4723,2093,260.1694154,5.218877111,107.612107,344.6492231,287.4274493,21.43059682,0.000660922,0,1498.152747,0.355061102,61828.6,4.135653388,36.67622502,-58.75626363,79.06258503,9.810155869,39.44947052,34.09698868,9
element_4723,2094,259.818246,5.32302749,101.5404044,422.3254921,278.9288714,21.4756774,0.000583996,0,1498.152747,0.355061102,61828.6,4.135653388,36.67622502,-58.75626363,79.06258503,9.810155869,39.44947052,34.09698868,9
element_4723,2095,259.7943371,5.279730488,103.7945508,392.0552634,282.3030319,21.44158798,0.000666907,0,1498.152747,0.355061102,61828.6,4.135653388,36.67622502,-58.75626363,79.06258503,9.810155869,39.44947052,34.09698868,9
element_4723,2096,259.7190548,5.27626718,102.9220343,396.5299289,291.6933872,21.44850877,0.000604458,0,1498.152747,0.355061102,61828.6,4.135653388,36.67622502,-58.75626363,79.06258503,9.810155869,39.44947052,34.09698868,9
element_4723,2097,260.3249197,5.396532777,104.3219758,396.5672063,277.5868069,21.44386338,0.000649374,0,1498.152747,0.355061102,61828.6,4.135653388,36.67622502,-58.75626363,79.06258503,9.810155869,39.44947052,34.09698868,9
element_4723,2098,260.543182,5.315708222,104.2558774,372.6370323,285.8161665,21.45235141,0.000654494,0,1498.152747,0.355061102,61828.6,4.135653388,36.67622502,-58.75626363,79.06258503,9.810155869,39.44947052,34.09698868,9
element_4723,2099,260.72377,5.308551958,105.0446468,357.6178543,291.7810343,21.44909803,0.00066958,0,1498.152747,0.355061102,61828.6,4.135653388,36.67622502,-58.75626363,79.06258503,9.810155869,39.44947052,34.09698868,9
element_4723,2100,260.6259737,5.254338252,104.8130604,409.9253659,283.2905888,21.44953966,0.000676171,0,1498.152747,0.355061102,61828.6,4.135653388,36.67622502,-58.75626363,79.06258503,9.810155869,39.44947052,34.09698868,9
element_4725,2015,252.5868557,5.563542337,112.0501441,257.0033888,190.4392859,20.85516422,0.000148208,0,1709.413057,0.500430791,31743.3,4.254999259,33.47413861,-52.75006871,79.64213535,9.02708149,44.70998383,30.4661808,9
element_4725,2016,253.3031913,5.388605864,113.4206021,221.0322324,203.5056799,20.85187187,0.000131602,0,1709.413057,0.500430791,31743.3,4.254999259,33.47413861,-52.75006871,79.64213535,9.02708149,44.70998383,30.4661808,9
element_4725,2017,252.8322643,5.654793043,111.1912318,246.8575546,196.264407,20.85451017,0.000136452,0,1709.413057,0.500430791,31743.3,4.254999259,33.47413861,-52.75006871,79.64213535,9.02708149,44.70998383,30.4661808,9
element_4725,2018,253.0882555,5.684783925,112.8549865,234.5358531,199.0121154,20.8570478,0.000130694,0,1709.413057,0.500430791,31743.3,4.254999259,33.47413861,-52.75006871,79.64213535,9.02708149,44.70998383,30.4661808,9
element_4725,2019,252.9440885,5.45715106,113.5883983,218.2753966,201.0338885,20.85457761,0.000132324,0,1709.413057,0.500430791,31743.3,4.254999259,33.47413861,-52.75006871,79.64213535,9.02708149,44.70998383,30.4661808,9
element_4725,2020,253.0627452,5.566019971,112.2788777,223.8318955,193.2558194,20.84906048,0.000134363,0,1709.413057,0.500430791,31743.3,4.254999259,33.47413861,-52.75006871,79.64213535,9.02708149,44.70998383,30.4661808,9
element_4725,2021,252.2997343,5.437092981,112.5137688,237.2258099,189.1357955,20.85088212,0.000130994,0,1709.413057,0.500430791,31743.3,4.254999259,33.47413861,-52.75006871,79.64213535,9.02708149,44.70998383,30.4661808,9
element_4725,2022,253.1305105,5.678827059,111.03269,248.5288075,196.0578878,20.85723313,0.000129341,0,1709.413057,0.500430791,31743.3,4.254999259,33.47413861,-52.75006871,79.64213535,9.02708149,44.70998383,30.4661808,9
element_4725,2023,253.2475923,5.501919666,113.6042226,227.9098,199.9823571,20.85808805,0.000135795,0,1709.413057,0.500430791,31743.3,4.254999259,33.47413861,-52.75006871,79.64213535,9.02708149,44.70998383,30.4661808,9
element_4725,2024,253.236411,5.557065415,111.8317475,215.0505371,205.069177,20.85565276,0.000133694,0,1709.413057,0.500430791,31743.3,4.254999259,33.47413861,-52.75006871,79.64213535,9.02708149,44.70998383,30.4661808,9
element_4725,2025,253.8695784,5.638583474,110.6422552,247.4509168,195.2463732,20.8534058,0.00013327,0,1709.413057,0.500430791,31743.3,4.254999259,33.47413861,-52.75006871,79.64213535,9.02708149,44.70998383,30.4661808,9
element_4725,2026,253.1452331,5.434750141,112.2540577,239.8017508,193.5137107,20.85358519,0.000126182,0,1709.413057,0.500430791,31743.3,4.254999259,33.47413861,-52.75006871,79.64213535,9.02708149,44.70998383,30.4661808,9
element_4725,2027,253.6816628,5.567728194,112.4350442,243.0357594,190.9788573,20.85407917,0.000131672,0,1709.413057,0.500430791,31743.3,4.254999259,33.47413861,-52.75006871,79.64213535,9.02708149,44.70998383,30.4661808,9
element_4725,2028,253.9141416,5.674505552,111.5521108,242.4848195,201.4577489,20.85640172,0.000144165,0,1709.413057,0.500430791,31743.3,4.254999259,33.47413861,-52.75006871,79.64213535,9.02708149,44.70998383,30.4661808,9
element_4725,2029,254.1655872,5.612231935,111.2718723,251.4211168,208.7663,20.85200495,0.000134827,0,1709.413057,0.500430791,31743.3,4.254999259,33.47413861,-52.75006871,79.64213535,9.02708149,44.70998383,30.4661808,9
element_4725,2030,253.9323866,5.567817284,111.2187159,248.3207272,203.5216877,20.85008621,0.000137751,0,1709.413057,0.500430791,31743.3,4.254999259,33.47413861,-52.75006871,79.64213535,9.02708149,44.70998383,30.4661808,9
element_4725,2031,253.574672,5.471626013,110.6938263,233.3091042,199.9704256,20.85645832,0.00013031,0,1709.413057,0.500430791,31743.3,4.254999259,33.47413861,-52.75006871,79.64213535,9.02708149,44.70998383,30.4661808,9
element_4725,2032,253.7293565,5.473240877,113.9370016,204.0136321,204.3333405,20.85273459,0.000140624,0,1709.413057,0.500430791,31743.3,4.254999259,33.47413861,-52.75006871,79.64213535,9.02708149,44.70998383,30.4661808,9
element_4725,2033,254.3480305,5.603731081,112.1508968,251.9239725,211.7027265,20.85260146,0.000135071,0,1709.413057,0.500430791,31743.3,4.254999259,33.47413861,-52.75006871,79.64213535,9.02708149,44.70998383,30.4661808,9
element_4725,2034,254.2356745,5.622007165,111.0961904,244.8183186,206.5796857,20.85392037,0.000133662,0,1709.413057,0.500430791,31743.3,4.254999259,33.47413861,-52.75006871,79.64213535,9.02708149,44.70998383,30.4661808,9
element_4725,2035,254.2932762,5.6050275,110.2559384,256.6487484,217.6358534,20.85395837,0.000139566,0,1709.413057,0.500430791,31743.3,4.254999259,33.47413861,-52.75006871,79.64213535,9.02708149,44.70998383,30.4661808,9
element_4725,2036,254.0863107,5.563791465,109.620966,260.9408433,208.8356073,20.85198302,0.000137365,0,1709.413057,0.500430791,31743.3,4.254999259,33.47413861,-52.75006871,79.64213535,9.02708149,44.70998383,30.4661808,9
element_4725,2037,253.6569947,5.558924183,111.3365662,256.7076057,197.2470003,20.85172529,0.000122805,0,1709.413057,0.500430791,31743.3,4.254999259,33.47413861,-52.75006871,79.64213535,9.02708149,44.70998383,30.4661808,9
element_4725,2038,253.9511945,5.568187641,110.9643795,240.0461293,203.7978544,20.85796502,0.000130701,0,1709.413057,0.500430791,31743.3,4.254999259,33.47413861,-52.75006871,79.64213535,9.02708149,44.70998383,30.4661808,9
element_4725,2039,254.5902077,5.648458069,109.1961044,270.5229088,205.5804795,20.86277437,0.000143555,0,1709.413057,0.500430791,31743.3,4.254999259,33.47413861,-52.75006871,79.64213535,9.02708149,44.70998383,30.4661808,9
element_4725,2040,253.7209519,5.44442048,112.7301568,209.3439721,210.0269926,20.86089154,0.000130698,0,1709.413057,0.500430791,31743.3,4.254999259,33.47413861,-52.75006871,79.64213535,9.02708149,44.70998383,30.4661808,9
element_4725,2041,254.278888,5.54352541,112.262672,260.4961915,205.3956123,20.85387796,0.000147229,0,1709.413057,0.500430791,31743.3,4.254999259,33.47413861,-52.75006871,79.64213535,9.02708149,44.70998383,30.4661808,9
element_4725,2042,254.7922019,5.477072648,110.1669322,237.4379501,207.1057943,20.85361327,0.000132622,0,1709.413057,0.500430791,31743.3,4.254999259,33.47413861,-52.75006871,79.64213535,9.02708149,44.70998383,30.4661808,9
element_4725,2043,254.7525096,5.681472104,109.1362724,251.5072836,212.260245,20.8572194,0.000132767,0,1709.413057,0.500430791,31743.3,4.254999259,33.47413861,-52.75006871,79.64213535,9.02708149,44.70998383,30.4661808,9
element_4725,2044,254.3679183,5.641027162,110.6562854,268.3293043,205.9796545,20.85745854,0.000139207,0,1709.413057,0.500430791,31743.3,4.254999259,33.47413861,-52.75006871,79.64213535,9.02708149,44.70998383,30.4661808,9
element_4725,2045,255.0717472,5.49343793,110.1064331,244.8628772,208.6737439,20.8596436,0.000128613,0,1709.413057,0.500430791,31743.3,4.254999259,33.47413861,-52.75006871,79.64213535,9.02708149,44.70998383,30.4661808,9
element_4725,2046,254.9891742,5.655942229,110.5117322,249.7943709,213.7370781,20.8632404,0.000131211,0,1709.413057,0.500430791,31743.3,4.254999259,33.47413861,-52.75006871,79.64213535,9.02708149,44.70998383,30.4661808,9
element_4725,2047,255.5827684,5.668874743,108.8045191,289.8886742,212.1868399,20.86184971,0.000130144,0,1709.413057,0.500430791,31743.3,4.254999259,33.47413861,-52.75006871,79.64213535,9.02708149,44.70998383,30.4661808,9
element_4725,2048,254.9324758,5.41668708,111.1823651,231.7861928,223.045214,20.85919817,0.000139233,0,1709.413057,0.500430791,31743.3,4.254999259,33.47413861,-52.75006871,79.64213535,9.02708149,44.70998383,30.4661808,9
element_4725,2049,255.5582473,5.521013374,111.5534536,269.1895283,216.2918135,20.8521325,0.000143758,0,1709.413057,0.500430791,31743.3,4.254999259,33.47413861,-52.75006871,79.64213535,9.02708149,44.70998383,30.4661808,9
element_4725,2050,255.756111,5.53080297,108.9856671,245.2709511,222.4413783,20.850444,0.000133487,0,1709.413057,0.500430791,31743.3,4.254999259,33.47413861,-52.75006871,79.64213535,9.02708149,44.70998383,30.4661808,9
element_4725,2051,255.4475633,5.538525078,110.7218868,232.5567297,221.5938227,20.85276469,0.00012709,0,1709.413057,0.500430791,31743.3,4.254999259,33.47413861,-52.75006871,79.64213535,9.02708149,44.70998383,30.4661808,9
element_4725,2052,255.1546001,5.432442614,111.4429364,260.2980032,220.8374459,20.85103526,0.000134718,0,1709.413057,0.500430791,31743.3,4.254999259,33.47413861,-52.75006871,79.64213535,9.02708149,44.70998383,30.4661808,9
element_4725,2053,255.2982984,5.614667182,108.6527246,310.8141695,222.2434086,20.84845735,0.000136598,0,1709.413057,0.500430791,31743.3,4.254999259,33.47413861,-52.75006871,79.64213535,9.02708149,44.70998383,30.4661808,9
element_4725,2054,255.1040373,5.789123998,109.7114014,260.9217093,213.8757257,20.84576826,0.000132276,0,1709.413057,0.500430791,31743.3,4.254999259,33.47413861,-52.75006871,79.64213535,9.02708149,44.70998383,30.4661808,9
element_4725,2055,254.9595938,5.458857795,109.931704,256.8809641,218.6832756,20.84633581,0.000144468,0,1709.413057,0.500430791,31743.3,4.254999259,33.47413861,-52.75006871,79.64213535,9.02708149,44.70998383,30.4661808,9
element_4725,2056,255.4334283,5.705322269,107.6304518,293.6914622,219.1826011,20.84398212,0.000133969,0,1709.413057,0.500430791,31743.3,4.254999259,33.47413861,-52.75006871,79.64213535,9.02708149,44.70998383,30.4661808,9
element_4725,2057,255.7068824,5.5289209,109.4644832,273.5025048,222.9459756,20.85108388,0.000135686,0,1709.413057,0.500430791,31743.3,4.254999259,33.47413861,-52.75006871,79.64213535,9.02708149,44.70998383,30.4661808,9
element_4725,2058,255.879914,5.567472255,110.5631966,263.5032429,233.0128477,20.85439157,0.000150892,0,1709.413057,0.500430791,31743.3,4.254999259,33.47413861,-52.75006871,79.64213535,9.02708149,44.70998383,30.4661808,9
element_4725,2059,256.0306898,5.491559976,108.1905989,284.2843157,220.9308424,20.85886565,0.000138118,0,1709.413057,0.500430791,31743.3,4.254999259,33.47413861,-52.75006871,79.64213535,9.02708149,44.70998383,30.4661808,9
element_4725,2060,256.073247,5.453022649,108.6132344,278.3230353,230.3703671,20.85345443,0.00014276,0,1709.413057,0.500430791,31743.3,4.254999259,33.47413861,-52.75006871,79.64213535,9.02708149,44.70998383,30.4661808,9
element_4725,2061,256.2458658,5.506240448,110.6969444,266.4731852,227.9061549,20.85167995,0.000135989,0,1709.413057,0.500430791,31743.3,4.254999259,33.47413861,-52.75006871,79.64213535,9.02708149,44.70998383,30.4661808,9
element_4725,2062,256.5118362,5.506202947,106.9167597,283.3130563,228.846873,20.85355467,0.000148416,0,1709.413057,0.500430791,31743.3,4.254999259,33.47413861,-52.75006871,79.64213535,9.02708149,44.70998383,30.4661808,9
element_4725,2063,256.6339905,5.731453164,105.806759,332.9882311,218.1485191,20.85872673,0.000133428,0,1709.413057,0.500430791,31743.3,4.254999259,33.47413861,-52.75006871,79.64213535,9.02708149,44.70998383,30.4661808,9
element_4725,2064,256.6594107,5.672464749,108.0202936,308.4378926,227.3493668,20.86645482,0.000134514,0,1709.413057,0.500430791,31743.3,4.254999259,33.47413861,-52.75006871,79.64213535,9.02708149,44.70998383,30.4661808,9
element_4725,2065,257.1939012,5.592772749,107.0081904,305.6522144,245.5087279,20.86231323,0.00016567,0,1709.413057,0.500430791,31743.3,4.254999259,33.47413861,-52.75006871,79.64213535,9.02708149,44.70998383,30.4661808,9
element_4725,2066,256.8077979,5.566947259,105.3807203,302.7148918,236.20453,20.8641307,0.000141065,0,1709.413057,0.500430791,31743.3,4.254999259,33.47413861,-52.75006871,79.64213535,9.02708149,44.70998383,30.4661808,9
element_4725,2067,256.8255823,5.529389439,110.3263578,265.8210194,233.2381947,20.86492896,0.000152549,0,1709.413057,0.500430791,31743.3,4.254999259,33.47413861,-52.75006871,79.64213535,9.02708149,44.70998383,30.4661808,9
element_4725,2068,256.4670064,5.567459792,110.99431,286.2497901,231.5392199,20.84529679,0.000152673,0,1709.413057,0.500430791,31743.3,4.254999259,33.47413861,-52.75006871,79.64213535,9.02708149,44.70998383,30.4661808,9
element_4725,2069,257.0868138,5.530274646,107.6903788,334.1605439,235.1385613,20.84410204,0.000133463,0,1709.413057,0.500430791,31743.3,4.254999259,33.47413861,-52.75006871,79.64213535,9.02708149,44.70998383,30.4661808,9
element_4725,2070,257.4578961,5.598046168,110.3193257,258.9687077,237.5204529,20.84232922,0.000148879,0,1709.413057,0.500430791,31743.3,4.254999259,33.47413861,-52.75006871,79.64213535,9.02708149,44.70998383,30.4661808,9
element_4725,2071,257.2473865,5.458047358,108.5199937,263.8142419,238.786586,20.83693524,0.000136307,0,1709.413057,0.500430791,31743.3,4.254999259,33.47413861,-52.75006871,79.64213535,9.02708149,44.70998383,30.4661808,9
element_4725,2072,257.353894,5.482398841,107.6208518,288.76872,245.6712593,20.83795119,0.000141841,0,1709.413057,0.500430791,31743.3,4.254999259,33.47413861,-52.75006871,79.64213535,9.02708149,44.70998383,30.4661808,9
element_4725,2073,256.9204074,5.604262172,107.3831917,283.2089826,240.3697927,20.84256746,0.000153606,0,1709.413057,0.500430791,31743.3,4.254999259,33.47413861,-52.75006871,79.64213535,9.02708149,44.70998383,30.4661808,9
element_4725,2074,256.9792142,5.406482015,107.9946884,270.6987685,231.9302404,20.84673892,0.000139882,0,1709.413057,0.500430791,31743.3,4.254999259,33.47413861,-52.75006871,79.64213535,9.02708149,44.70998383,30.4661808,9
element_4725,2075,257.4772299,5.720593969,106.9354107,306.4833669,235.6084491,20.84671441,0.000140863,0,1709.413057,0.500430791,31743.3,4.254999259,33.47413861,-52.75006871,79.64213535,9.02708149,44.70998383,30.4661808,9
element_4725,2076,257.8942854,5.428387484,109.5102344,268.6763966,252.5497494,20.85396731,0.000160801,0,1709.413057,0.500430791,31743.3,4.254999259,33.47413861,-52.75006871,79.64213535,9.02708149,44.70998383,30.4661808,9
element_4725,2077,257.4872646,5.384195427,108.900227,272.7810527,251.3023761,20.85995494,0.000135719,0,1709.413057,0.500430791,31743.3,4.254999259,33.47413861,-52.75006871,79.64213535,9.02708149,44.70998383,30.4661808,9
element_4725,2078,257.7686004,5.431018131,107.9013663,267.6093239,249.1603439,20.86888147,0.00014419,0,1709.413057,0.500430791,31743.3,4.254999259,33.47413861,-52.75006871,79.64213535,9.02708149,44.70998383,30.4661808,9
element_4725,2079,257.3803507,5.509334036,107.5341326,294.5998278,246.7865495,20.86600037,0.000159941,0,1709.413057,0.500430791,31743.3,4.254999259,33.47413861,-52.75006871,79.64213535,9.02708149,44.70998383,30.4661808,9
element_4725,2080,258.023414,5.449972896,107.3071621,289.844523,251.0668581,20.86592304,0.000134168,0,1709.413057,0.500430791,31743.3,4.254999259,33.47413861,-52.75006871,79.64213535,9.02708149,44.70998383,30.4661808,9
element_4725,2081,258.4499476,5.590130803,108.5832048,299.8292807,261.2714003,20.8576745,0.000150718,0,1709.413057,0.500430791,31743.3,4.254999259,33.47413861,-52.75006871,79.64213535,9.02708149,44.70998383,30.4661808,9
element_4725,2082,258.0367124,5.522714132,104.3205398,358.9502923,249.7517123,20.85232707,0.000138732,0,1709.413057,0.500430791,31743.3,4.254999259,33.47413861,-52.75006871,79.64213535,9.02708149,44.70998383,30.4661808,9
element_4725,2083,258.3467919,5.488783069,106.4087569,302.7876051,251.2614662,20.85614015,0.000144177,0,1709.413057,0.500430791,31743.3,4.254999259,33.47413861,-52.75006871,79.64213535,9.02708149,44.70998383,30.4661808,9
element_4725,2084,258.0319045,5.550939884,106.3893211,327.8348018,241.1510707,20.87080728,0.000129213,0,1709.413057,0.500430791,31743.3,4.254999259,33.47413861,-52.75006871,79.64213535,9.02708149,44.70998383,30.4661808,9
element_4725,2085,258.4480157,5.45601302,107.1636024,298.6905146,254.6406283,20.86635541,0.000147609,0,1709.413057,0.500430791,31743.3,4.254999259,33.47413861,-52.75006871,79.64213535,9.02708149,44.70998383,30.4661808,9
element_4725,2086,258.4646945,5.622566835,108.1999641,303.0983041,255.0408576,20.86513412,0.000138062,0,1709.413057,0.500430791,31743.3,4.254999259,33.47413861,-52.75006871,79.64213535,9.02708149,44.70998383,30.4661808,9
element_4725,2087,258.4680891,5.582349369,106.5929496,346.9324129,252.4518368,20.87064013,0.000144131,0,1709.413057,0.500430791,31743.3,4.254999259,33.47413861,-52.75006871,79.64213535,9.02708149,44.70998383,30.4661808,9
element_4725,2088,258.4830123,5.677796237,108.1264834,303.3809217,257.4724037,20.86655234,0.000132877,0,1709.413057,0.500430791,31743.3,4.254999259,33.47413861,-52.75006871,79.64213535,9.02708149,44.70998383,30.4661808,9
element_4725,2089,258.3879842,5.466360606,109.2443451,275.6614898,250.3145469,20.87779024,0.000150214,0,1709.413057,0.500430791,31743.3,4.254999259,33.47413861,-52.75006871,79.64213535,9.02708149,44.70998383,30.4661808,9
element_4725,2090,258.0145199,5.590566473,104.1985099,367.720466,251.3605298,20.86603117,0.000143554,0,1709.413057,0.500430791,31743.3,4.254999259,33.47413861,-52.75006871,79.64213535,9.02708149,44.70998383,30.4661808,9
element_4725,2091,258.326294,5.484023821,104.3793336,346.3507028,253.1077642,20.87736414,0.000139248,0,1709.413057,0.500430791,31743.3,4.254999259,33.47413861,-52.75006871,79.64213535,9.02708149,44.70998383,30.4661808,9
element_4725,2092,258.8746792,5.56073354,104.3043636,330.4223456,271.9344325,20.8785757,0.000147415,0,1709.413057,0.500430791,31743.3,4.254999259,33.47413861,-52.75006871,79.64213535,9.02708149,44.70998383,30.4661808,9
element_4725,2093,259.1941993,5.473372544,108.8162878,302.0805616,273.4871062,20.87235942,0.000144092,0,1709.413057,0.500430791,31743.3,4.254999259,33.47413861,-52.75006871,79.64213535,9.02708149,44.70998383,30.4661808,9
element_4725,2094,258.7391543,5.654574037,103.0244817,381.1354969,263.7761916,20.90120807,0.000159745,0,1709.413057,0.500430791,31743.3,4.254999259,33.47413861,-52.75006871,79.64213535,9.02708149,44.70998383,30.4661808,9
element_4725,2095,258.8535072,5.587089488,105.2902174,359.2119687,268.195148,20.87777681,0.000145252,0,1709.413057,0.500430791,31743.3,4.254999259,33.47413861,-52.75006871,79.64213535,9.02708149,44.70998383,30.4661808,9
element_4725,2096,258.6419036,5.518965828,104.2078143,361.6183802,273.7492326,20.8772271,0.000176074,0,1709.413057,0.500430791,31743.3,4.254999259,33.47413861,-52.75006871,79.64213535,9.02708149,44.70998383,30.4661808,9
element_4725,2097,259.281691,5.683782081,105.5195456,351.1735969,265.1236088,20.87705931,0.000145878,0,1709.413057,0.500430791,31743.3,4.254999259,33.47413861,-52.75006871,79.64213535,9.02708149,44.70998383,30.4661808,9
element_4725,2098,259.4400276,5.5557275,105.5942111,325.6271755,268.6648895,20.88121012,0.000146595,0,1709.413057,0.500430791,31743.3,4.254999259,33.47413861,-52.75006871,79.64213535,9.02708149,44.70998383,30.4661808,9
element_4725,2099,259.6114399,5.551309795,106.8697479,300.3969185,277.5003383,20.8784031,0.000159551,0,1709.413057,0.500430791,31743.3,4.254999259,33.47413861,-52.75006871,79.64213535,9.02708149,44.70998383,30.4661808,9
element_4725,2100,259.5712561,5.554358156,106.0133891,360.9996977,268.4291477,20.87815416,0.000160763,0,1709.413057,0.500430791,31743.3,4.254999259,33.47413861,-52.75006871,79.64213535,9.02708149,44.70998383,30.4661808,9
element_4726,2015,252.7020196,5.278153702,110.2083233,240.9106518,195.6050523,21.19766692,0.001610911,0,1499.404596,0.904167736,75948,4.120354177,34.17384901,-48.60338985,80.23072975,8.924476624,41.70685577,31.23204422,9
element_4726,2016,253.412245,5.08452335,111.3427593,209.0310677,208.6022601,21.19277332,0.00164226,0,1499.404596,0.904167736,75948,4.120354177,34.17384901,-48.60338985,80.23072975,8.924476624,41.70685577,31.23204422,9
element_4726,2017,252.9971844,5.333131987,109.1352173,235.4518697,202.1398552,21.1954246,0.001643943,0,1499.404596,0.904167736,75948,4.120354177,34.17384901,-48.60338985,80.23072975,8.924476624,41.70685577,31.23204422,9
element_4726,2018,253.2654718,5.347195158,110.4363124,226.278165,205.5292712,21.19897149,0.001642873,0,1499.404596,0.904167736,75948,4.120354177,34.17384901,-48.60338985,80.23072975,8.924476624,41.70685577,31.23204422,9
element_4726,2019,253.2195267,5.183090187,111.563178,209.5029448,207.0314186,21.19569286,0.001660868,0,1499.404596,0.904167736,75948,4.120354177,34.17384901,-48.60338985,80.23072975,8.924476624,41.70685577,31.23204422,9
element_4726,2020,253.3080393,5.282412786,110.6165597,213.6987396,200.0997056,21.19023952,0.001666617,0,1499.404596,0.904167736,75948,4.120354177,34.17384901,-48.60338985,80.23072975,8.924476624,41.70685577,31.23204422,9
element_4726,2021,252.6146267,5.171408466,110.0902951,241.0106522,195.8515234,21.19164521,0.001657875,0,1499.404596,0.904167736,75948,4.120354177,34.17384901,-48.60338985,80.23072975,8.924476624,41.70685577,31.23204422,9
element_4726,2022,253.3392986,5.376157081,108.9846933,236.4692549,202.4977185,21.1997474,0.001661708,0,1499.404596,0.904167736,75948,4.120354177,34.17384901,-48.60338985,80.23072975,8.924476624,41.70685577,31.23204422,9
element_4726,2023,253.5004815,5.203981294,111.7171301,217.3470557,205.8452648,21.20143335,0.001739729,0,1499.404596,0.904167736,75948,4.120354177,34.17384901,-48.60338985,80.23072975,8.924476624,41.70685577,31.23204422,9
element_4726,2024,253.5263655,5.239590311,109.8884132,207.4935953,211.8339604,21.19818187,0.001693716,0,1499.404596,0.904167736,75948,4.120354177,34.17384901,-48.60338985,80.23072975,8.924476624,41.70685577,31.23204422,9
element_4726,2025,254.1044702,5.309027161,109.1581892,233.1600292,202.5963615,21.19496988,0.00173399,0,1499.404596,0.904167736,75948,4.120354177,34.17384901,-48.60338985,80.23072975,8.924476624,41.70685577,31.23204422,9
element_4726,2026,253.4035889,5.142332999,110.1590795,232.2095397,200.5654396,21.19513403,0.001642337,0,1499.404596,0.904167736,75948,4.120354177,34.17384901,-48.60338985,80.23072975,8.924476624,41.70685577,31.23204422,9
element_4726,2027,253.9250038,5.247742045,110.6578525,229.2564939,199.4938803,21.19718044,0.001676522,0,1499.404596,0.904167736,75948,4.120354177,34.17384901,-48.60338985,80.23072975,8.924476624,41.70685577,31.23204422,9
element_4726,2028,254.1780023,5.349520759,109.7621067,227.5172683,208.2987884,21.20066498,0.001720937,0,1499.404596,0.904167736,75948,4.120354177,34.17384901,-48.60338985,80.23072975,8.924476624,41.70685577,31.23204422,9
element_4726,2029,254.4127557,5.299482044,109.0933995,237.5156191,215.3011645,21.19481373,0.001719791,0,1499.404596,0.904167736,75948,4.120354177,34.17384901,-48.60338985,80.23072975,8.924476624,41.70685577,31.23204422,9
element_4726,2030,254.2659238,5.263579267,109.2513189,237.6291674,211.4342253,21.19237564,0.001755678,0,1499.404596,0.904167736,75948,4.120354177,34.17384901,-48.60338985,80.23072975,8.924476624,41.70685577,31.23204422,9
element_4726,2031,253.8059388,5.170537488,108.5396185,225.3480872,206.5439444,21.20036324,0.001717007,0,1499.404596,0.904167736,75948,4.120354177,34.17384901,-48.60338985,80.23072975,8.924476624,41.70685577,31.23204422,9
element_4726,2032,253.9761621,5.175522628,111.3575555,199.5756909,210.9221676,21.19426135,0.001718438,0,1499.404596,0.904167736,75948,4.120354177,34.17384901,-48.60338985,80.23072975,8.924476624,41.70685577,31.23204422,9
element_4726,2033,254.6478617,5.304424522,110.2397357,245.4990545,218.1921929,21.19463679,0.001742767,0,1499.404596,0.904167736,75948,4.120354177,34.17384901,-48.60338985,80.23072975,8.924476624,41.70685577,31.23204422,9
element_4726,2034,254.4670541,5.29739293,109.3605758,227.7757623,213.939406,21.19695249,0.001744124,0,1499.404596,0.904167736,75948,4.120354177,34.17384901,-48.60338985,80.23072975,8.924476624,41.70685577,31.23204422,9
element_4726,2035,254.5314369,5.276876939,108.3559861,238.7752493,224.1033855,21.19461623,0.001767879,0,1499.404596,0.904167736,75948,4.120354177,34.17384901,-48.60338985,80.23072975,8.924476624,41.70685577,31.23204422,9
element_4726,2036,254.4307911,5.30849855,108.0129712,253.2020945,215.6327505,21.19228629,0.001771685,0,1499.404596,0.904167736,75948,4.120354177,34.17384901,-48.60338985,80.23072975,8.924476624,41.70685577,31.23204422,9
element_4726,2037,253.9400833,5.242345617,109.4463514,245.1562798,205.7118959,21.19384847,0.00173271,0,1499.404596,0.904167736,75948,4.120354177,34.17384901,-48.60338985,80.23072975,8.924476624,41.70685577,31.23204422,9
element_4726,2038,254.2723543,5.277710655,108.8131039,238.4027001,211.1445394,21.20162563,0.001737758,0,1499.404596,0.904167736,75948,4.120354177,34.17384901,-48.60338985,80.23072975,8.924476624,41.70685577,31.23204422,9
element_4726,2039,254.8511435,5.31575464,107.5934312,259.2470682,213.2238312,21.20785833,0.001773501,0,1499.404596,0.904167736,75948,4.120354177,34.17384901,-48.60338985,80.23072975,8.924476624,41.70685577,31.23204422,9
element_4726,2040,254.0358113,5.161318115,110.3384469,205.0803959,217.3080333,21.20498805,0.001723927,0,1499.404596,0.904167736,75948,4.120354177,34.17384901,-48.60338985,80.23072975,8.924476624,41.70685577,31.23204422,9
element_4726,2041,254.6462111,5.222577759,110.3623318,244.2942562,214.3723952,21.19609672,0.001785576,0,1499.404596,0.904167736,75948,4.120354177,34.17384901,-48.60338985,80.23072975,8.924476624,41.70685577,31.23204422,9
element_4726,2042,255.1383682,5.183410991,108.2251756,229.3597473,215.9300053,21.19423475,0.001793186,0,1499.404596,0.904167736,75948,4.120354177,34.17384901,-48.60338985,80.23072975,8.924476624,41.70685577,31.23204422,9
element_4726,2043,255.099451,5.390500256,107.2361274,242.5035531,219.5690747,21.1988025,0.001761403,0,1499.404596,0.904167736,75948,4.120354177,34.17384901,-48.60338985,80.23072975,8.924476624,41.70685577,31.23204422,9
element_4726,2044,254.6987019,5.322051058,108.7791423,256.9775151,214.34874,21.20064678,0.0017688,0,1499.404596,0.904167736,75948,4.120354177,34.17384901,-48.60338985,80.23072975,8.924476624,41.70685577,31.23204422,9
element_4726,2045,255.3750064,5.191895035,107.9158422,239.6559737,216.9958503,21.20426471,0.001770547,0,1499.404596,0.904167736,75948,4.120354177,34.17384901,-48.60338985,80.23072975,8.924476624,41.70685577,31.23204422,9
element_4726,2046,255.2711075,5.337234125,108.4200595,237.1860757,221.141298,21.2095522,0.001780824,0,1499.404596,0.904167736,75948,4.120354177,34.17384901,-48.60338985,80.23072975,8.924476624,41.70685577,31.23204422,9
element_4726,2047,255.9164825,5.397387282,106.6696756,281.921742,220.6062826,21.2077683,0.001811011,0,1499.404596,0.904167736,75948,4.120354177,34.17384901,-48.60338985,80.23072975,8.924476624,41.70685577,31.23204422,9
element_4726,2048,255.3927583,5.147083049,109.4848414,225.2609827,232.2209492,21.20497791,0.001826314,0,1499.404596,0.904167736,75948,4.120354177,34.17384901,-48.60338985,80.23072975,8.924476624,41.70685577,31.23204422,9
element_4726,2049,255.9537344,5.220222571,109.4081001,255.6376169,225.1893172,21.19562715,0.001787242,0,1499.404596,0.904167736,75948,4.120354177,34.17384901,-48.60338985,80.23072975,8.924476624,41.70685577,31.23204422,9
element_4726,2050,256.1133321,5.221215531,106.9517538,240.3954046,230.9052322,21.19223022,0.001849943,0,1499.404596,0.904167736,75948,4.120354177,34.17384901,-48.60338985,80.23072975,8.924476624,41.70685577,31.23204422,9
element_4726,2051,255.9102241,5.235863805,108.5061457,224.9397552,231.0609924,21.19518431,0.001843554,0,1499.404596,0.904167736,75948,4.120354177,34.17384901,-48.60338985,80.23072975,8.924476624,41.70685577,31.23204422,9
element_4726,2052,255.5602999,5.168658193,109.1903799,256.8610742,228.3246867,21.19350077,0.001836796,0,1499.404596,0.904167736,75948,4.120354177,34.17384901,-48.60338985,80.23072975,8.924476624,41.70685577,31.23204422,9
element_4726,2053,255.6762033,5.333667433,106.8921085,301.7686691,230.1955548,21.19037769,0.001793724,0,1499.404596,0.904167736,75948,4.120354177,34.17384901,-48.60338985,80.23072975,8.924476624,41.70685577,31.23204422,9
element_4726,2054,255.471044,5.508911905,107.5059486,257.4843498,222.5754495,21.18756349,0.001812052,0,1499.404596,0.904167736,75948,4.120354177,34.17384901,-48.60338985,80.23072975,8.924476624,41.70685577,31.23204422,9
element_4726,2055,255.4266021,5.204783957,107.8948938,251.7775512,227.2092495,21.18743931,0.001848851,0,1499.404596,0.904167736,75948,4.120354177,34.17384901,-48.60338985,80.23072975,8.924476624,41.70685577,31.23204422,9
element_4726,2056,255.8589106,5.432357035,106.1040595,276.9935268,228.9548117,21.18369943,0.001868916,0,1499.404596,0.904167736,75948,4.120354177,34.17384901,-48.60338985,80.23072975,8.924476624,41.70685577,31.23204422,9
element_4726,2057,256.1848769,5.26807128,107.2149019,267.3765097,233.1662991,21.19309375,0.001836369,0,1499.404596,0.904167736,75948,4.120354177,34.17384901,-48.60338985,80.23072975,8.924476624,41.70685577,31.23204422,9
element_4726,2058,256.395972,5.297102305,108.3288198,254.7379797,243.1409417,21.19876856,0.001931802,0,1499.404596,0.904167736,75948,4.120354177,34.17384901,-48.60338985,80.23072975,8.924476624,41.70685577,31.23204422,9
element_4726,2059,256.5201209,5.226754558,106.2136478,281.4009333,231.347493,21.20566315,0.00185353,0,1499.404596,0.904167736,75948,4.120354177,34.17384901,-48.60338985,80.23072975,8.924476624,41.70685577,31.23204422,9
element_4726,2060,256.5206796,5.165861973,106.6137359,273.5372073,240.3733698,21.19649869,0.001874929,0,1499.404596,0.904167736,75948,4.120354177,34.17384901,-48.60338985,80.23072975,8.924476624,41.70685577,31.23204422,9
element_4726,2061,256.7035229,5.219844822,108.2863935,257.9992157,238.8400439,21.1940388,0.001867638,0,1499.404596,0.904167736,75948,4.120354177,34.17384901,-48.60338985,80.23072975,8.924476624,41.70685577,31.23204422,9
element_4726,2062,256.9552403,5.24947093,104.7367211,275.8530741,238.4086687,21.19786365,0.001887532,0,1499.404596,0.904167736,75948,4.120354177,34.17384901,-48.60338985,80.23072975,8.924476624,41.70685577,31.23204422,9
element_4726,2063,257.1037991,5.47114515,103.5037771,316.9507035,228.6473456,21.20467021,0.001845649,0,1499.404596,0.904167736,75948,4.120354177,34.17384901,-48.60338985,80.23072975,8.924476624,41.70685577,31.23204422,9
element_4726,2064,257.1480618,5.418684931,106.0343843,295.1692351,236.650018,21.21430614,0.001844173,0,1499.404596,0.904167736,75948,4.120354177,34.17384901,-48.60338985,80.23072975,8.924476624,41.70685577,31.23204422,9
element_4726,2065,257.646754,5.325300315,105.1115048,294.0522522,254.740363,21.2110472,0.001971658,0,1499.404596,0.904167736,75948,4.120354177,34.17384901,-48.60338985,80.23072975,8.924476624,41.70685577,31.23204422,9
element_4726,2066,257.3189498,5.299936949,103.1163687,292.2994782,245.4250705,21.21521997,0.001890376,0,1499.404596,0.904167736,75948,4.120354177,34.17384901,-48.60338985,80.23072975,8.924476624,41.70685577,31.23204422,9
element_4726,2067,257.3507095,5.252376206,108.007826,263.8505484,243.8497487,21.21287378,0.001889294,0,1499.404596,0.904167736,75948,4.120354177,34.17384901,-48.60338985,80.23072975,8.924476624,41.70685577,31.23204422,9
element_4726,2068,257.1154657,5.318220123,109.017444,283.1425511,242.6999976,21.18871449,0.001945579,0,1499.404596,0.904167736,75948,4.120354177,34.17384901,-48.60338985,80.23072975,8.924476624,41.70685577,31.23204422,9
element_4726,2069,257.6579255,5.259794405,105.5201694,327.3921016,245.4656188,21.18820288,0.001876623,0,1499.404596,0.904167736,75948,4.120354177,34.17384901,-48.60338985,80.23072975,8.924476624,41.70685577,31.23204422,9
element_4726,2070,257.9506436,5.297674755,107.9723268,261.434198,245.9599985,21.18644759,0.001940752,0,1499.404596,0.904167736,75948,4.120354177,34.17384901,-48.60338985,80.23072975,8.924476624,41.70685577,31.23204422,9
element_4726,2071,257.8082223,5.175047761,106.3454156,261.3319023,248.6557605,21.17883043,0.001925082,0,1499.404596,0.904167736,75948,4.120354177,34.17384901,-48.60338985,80.23072975,8.924476624,41.70685577,31.23204422,9
element_4726,2072,257.9317623,5.219792797,105.3883757,279.0242753,255.9814358,21.18076387,0.001939047,0,1499.404596,0.904167736,75948,4.120354177,34.17384901,-48.60338985,80.23072975,8.924476624,41.70685577,31.23204422,9
element_4726,2073,257.5204735,5.327681322,104.9909193,282.9014371,251.2886278,21.18929826,0.001930489,0,1499.404596,0.904167736,75948,4.120354177,34.17384901,-48.60338985,80.23072975,8.924476624,41.70685577,31.23204422,9
element_4726,2074,257.4663554,5.115344727,105.7780433,272.5480758,241.1401248,21.19306031,0.001869675,0,1499.404596,0.904167736,75948,4.120354177,34.17384901,-48.60338985,80.23072975,8.924476624,41.70685577,31.23204422,9
element_4726,2075,258.0275742,5.449669133,104.8639202,293.5121763,247.1611938,21.19413306,0.001924984,0,1499.404596,0.904167736,75948,4.120354177,34.17384901,-48.60338985,80.23072975,8.924476624,41.70685577,31.23204422,9
element_4726,2076,258.4210736,5.153442166,107.1350446,267.6946647,262.7968889,21.20521512,0.001952199,0,1499.404596,0.904167736,75948,4.120354177,34.17384901,-48.60338985,80.23072975,8.924476624,41.70685577,31.23204422,9
element_4726,2077,258.0589165,5.137340471,106.31393,278.7446417,263.334504,21.21116627,0.001863343,0,1499.404596,0.904167736,75948,4.120354177,34.17384901,-48.60338985,80.23072975,8.924476624,41.70685577,31.23204422,9
element_4726,2078,258.3831417,5.16573426,106.0062166,263.7698842,261.6771865,21.22154295,0.001941897,0,1499.404596,0.904167736,75948,4.120354177,34.17384901,-48.60338985,80.23072975,8.924476624,41.70685577,31.23204422,9
element_4726,2079,258.009796,5.27352165,105.2127561,298.9081267,257.1032492,21.21709412,0.001957984,0,1499.404596,0.904167736,75948,4.120354177,34.17384901,-48.60338985,80.23072975,8.924476624,41.70685577,31.23204422,9
element_4726,2080,258.486519,5.166403291,104.9571037,286.0137181,260.5702476,21.21837682,0.001905019,0,1499.404596,0.904167736,75948,4.120354177,34.17384901,-48.60338985,80.23072975,8.924476624,41.70685577,31.23204422,9
element_4726,2081,259.0145983,5.273128665,106.4544434,289.4175012,272.3805603,21.20768796,0.001946242,0,1499.404596,0.904167736,75948,4.120354177,34.17384901,-48.60338985,80.23072975,8.924476624,41.70685577,31.23204422,9
element_4726,2082,258.7057484,5.273197789,102.2454948,351.4937309,262.2084122,21.20202044,0.001940776,0,1499.404596,0.904167736,75948,4.120354177,34.17384901,-48.60338985,80.23072975,8.924476624,41.70685577,31.23204422,9
element_4726,2083,259.0761584,5.255387457,103.8545256,307.853826,263.4325123,21.20734747,0.001909083,0,1499.404596,0.904167736,75948,4.120354177,34.17384901,-48.60338985,80.23072975,8.924476624,41.70685577,31.23204422,9
element_4726,2084,258.6887618,5.286201383,103.5917704,327.8963281,254.5444875,21.22365027,0.001923126,0,1499.404596,0.904167736,75948,4.120354177,34.17384901,-48.60338985,80.23072975,8.924476624,41.70685577,31.23204422,9
element_4726,2085,259.1667481,5.208682693,104.5460477,299.162061,268.0283275,21.22321227,0.001949622,0,1499.404596,0.904167736,75948,4.120354177,34.17384901,-48.60338985,80.23072975,8.924476624,41.70685577,31.23204422,9
element_4726,2086,259.1920959,5.359687656,105.508797,305.7571751,268.7052696,21.22480706,0.001955637,0,1499.404596,0.904167736,75948,4.120354177,34.17384901,-48.60338985,80.23072975,8.924476624,41.70685577,31.23204422,9
element_4726,2087,259.1819256,5.33910205,104.2036035,344.5461504,265.0404963,21.23194324,0.001951815,0,1499.404596,0.904167736,75948,4.120354177,34.17384901,-48.60338985,80.23072975,8.924476624,41.70685577,31.23204422,9
element_4726,2088,259.1128797,5.399016762,105.844185,293.5175227,269.1942869,21.22687057,0.001927917,0,1499.404596,0.904167736,75948,4.120354177,34.17384901,-48.60338985,80.23072975,8.924476624,41.70685577,31.23204422,9
element_4726,2089,259.0803076,5.185303088,106.9444029,278.0728865,264.5885958,21.23506171,0.001966037,0,1499.404596,0.904167736,75948,4.120354177,34.17384901,-48.60338985,80.23072975,8.924476624,41.70685577,31.23204422,9
element_4726,2090,258.7477873,5.368217994,101.0516238,372.2963238,263.3966349,21.22638704,0.001969117,0,1499.404596,0.904167736,75948,4.120354177,34.17384901,-48.60338985,80.23072975,8.924476624,41.70685577,31.23204422,9
element_4726,2091,259.0158083,5.229392337,102.0230948,343.4287402,266.7670764,21.24118567,0.001943907,0,1499.404596,0.904167736,75948,4.120354177,34.17384901,-48.60338985,80.23072975,8.924476624,41.70685577,31.23204422,9
element_4726,2092,259.6128592,5.291223695,101.9213144,326.3323487,283.9433803,21.24344898,0.001966752,0,1499.404596,0.904167736,75948,4.120354177,34.17384901,-48.60338985,80.23072975,8.924476624,41.70685577,31.23204422,9
element_4726,2093,259.8909015,5.188349113,106.2493922,297.0028246,287.7804725,21.23430284,0.001969892,0,1499.404596,0.904167736,75948,4.120354177,34.17384901,-48.60338985,80.23072975,8.924476624,41.70685577,31.23204422,9
element_4726,2094,259.491099,5.416540799,100.3941958,375.3069587,278.8396117,21.26113541,0.001984152,0,1499.404596,0.904167736,75948,4.120354177,34.17384901,-48.60338985,80.23072975,8.924476624,41.70685577,31.23204422,9
element_4726,2095,259.559786,5.320078759,102.6365601,354.7200177,281.7973527,21.2445402,0.001969416,0,1499.404596,0.904167736,75948,4.120354177,34.17384901,-48.60338985,80.23072975,8.924476624,41.70685577,31.23204422,9
element_4726,2096,259.4164705,5.276599725,101.258042,363.9286673,286.8748531,21.24729372,0.002029881,0,1499.404596,0.904167736,75948,4.120354177,34.17384901,-48.60338985,80.23072975,8.924476624,41.70685577,31.23204422,9
element_4726,2097,260.0552506,5.445911421,102.6186036,352.39584,281.1043989,21.24818589,0.001971657,0,1499.404596,0.904167736,75948,4.120354177,34.17384901,-48.60338985,80.23072975,8.924476624,41.70685577,31.23204422,9
element_4726,2098,260.1937366,5.295151126,103.0127395,324.3580604,283.8510858,21.25453375,0.001966839,0,1499.404596,0.904167736,75948,4.120354177,34.17384901,-48.60338985,80.23072975,8.924476624,41.70685577,31.23204422,9
element_4726,2099,260.2502684,5.28860055,104.549995,294.2642166,292.3532745,21.25186559,0.002001917,0,1499.404596,0.904167736,75948,4.120354177,34.17384901,-48.60338985,80.23072975,8.924476624,41.70685577,31.23204422,9
element_4726,2100,260.338431,5.299626994,103.4611812,354.6861357,284.7192704,21.24991546,0.002014674,0,1499.404596,0.904167736,75948,4.120354177,34.17384901,-48.60338985,80.23072975,8.924476624,41.70685577,31.23204422,9
element_4727,2015,252.0562745,5.723779334,114.1721285,183.5977612,181.0301347,22.0937617,2.16E-05,0,1959.091275,0.266848955,20552.8,5.269432938,36.98589971,-42.59301349,80.30211399,0,0,0,9
element_4727,2016,252.6388971,5.487014013,115.6214119,161.3304467,193.4171819,22.09379225,1.87E-05,0,1959.091275,0.266848955,20552.8,5.269432938,36.98589971,-42.59301349,80.30211399,0,0,0,9
element_4727,2017,252.1733818,5.774359654,112.3112393,189.019429,187.4320553,22.09316327,1.98E-05,0,1959.091275,0.266848955,20552.8,5.269432938,36.98589971,-42.59301349,80.30211399,0,0,0,9
element_4727,2018,252.6786446,5.697357916,114.1304299,184.9819293,190.6840462,22.09238004,1.77E-05,0,1959.091275,0.266848955,20552.8,5.269432938,36.98589971,-42.59301349,80.30211399,0,0,0,9
element_4727,2019,252.5491559,5.63967473,115.2706276,165.1722253,193.7756438,22.09178054,1.92E-05,0,1959.091275,0.266848955,20552.8,5.269432938,36.98589971,-42.59301349,80.30211399,0,0,0,9
element_4727,2020,252.6742271,5.68243064,114.3552888,172.7124893,185.7188764,22.09156681,1.99E-05,0,1959.091275,0.266848955,20552.8,5.269432938,36.98589971,-42.59301349,80.30211399,0,0,0,9
element_4727,2021,252.0943317,5.625434366,113.5352846,220.3408345,183.0833043,22.0913986,1.78E-05,0,1959.091275,0.266848955,20552.8,5.269432938,36.98589971,-42.59301349,80.30211399,0,0,0,9
element_4727,2022,252.6454164,5.820029059,112.6983929,178.5155207,191.6134298,22.09617243,1.67E-05,0,1959.091275,0.266848955,20552.8,5.269432938,36.98589971,-42.59301349,80.30211399,0,0,0,9
element_4727,2023,252.7448179,5.627467281,114.872487,169.6952133,192.366309,22.09365101,2.00E-05,0,1959.091275,0.266848955,20552.8,5.269432938,36.98589971,-42.59301349,80.30211399,0,0,0,9
element_4727,2024,252.8071048,5.631385822,114.3507457,160.3966698,197.8142938,22.09289384,1.82E-05,0,1959.091275,0.266848955,20552.8,5.269432938,36.98589971,-42.59301349,80.30211399,0,0,0,9
element_4727,2025,253.368093,5.687944311,114.016381,177.8616042,187.546807,22.09382268,1.76E-05,0,1959.091275,0.266848955,20552.8,5.269432938,36.98589971,-42.59301349,80.30211399,0,0,0,9
element_4727,2026,252.8883845,5.568601421,113.5993684,201.3494379,188.4812155,22.09189338,1.57E-05,0,1959.091275,0.266848955,20552.8,5.269432938,36.98589971,-42.59301349,80.30211399,0,0,0,9
element_4727,2027,253.2106026,5.703599637,114.2427857,182.9293146,185.1889783,22.09332122,1.84E-05,0,1959.091275,0.266848955,20552.8,5.269432938,36.98589971,-42.59301349,80.30211399,0,0,0,9
element_4727,2028,253.4418953,5.768088058,113.4512555,174.8069086,191.6758463,22.09566978,2.15E-05,0,1959.091275,0.266848955,20552.8,5.269432938,36.98589971,-42.59301349,80.30211399,0,0,0,9
element_4727,2029,253.6574226,5.718050281,111.8637614,193.2630227,198.292035,22.09338808,2.03E-05,0,1959.091275,0.266848955,20552.8,5.269432938,36.98589971,-42.59301349,80.30211399,0,0,0,9
element_4727,2030,253.4104592,5.660784799,113.3845438,192.8514631,195.4867465,22.09426778,1.87E-05,0,1959.091275,0.266848955,20552.8,5.269432938,36.98589971,-42.59301349,80.30211399,0,0,0,9
element_4727,2031,253.0627862,5.635871583,111.3188576,186.0030879,192.0089837,22.09389027,1.73E-05,0,1959.091275,0.266848955,20552.8,5.269432938,36.98589971,-42.59301349,80.30211399,0,0,0,9
element_4727,2032,253.1802192,5.540170809,114.0082281,159.9383748,196.0936486,22.09284082,2.16E-05,0,1959.091275,0.266848955,20552.8,5.269432938,36.98589971,-42.59301349,80.30211399,0,0,0,9
element_4727,2033,253.9543955,5.739210914,114.0186669,205.4878441,204.9910146,22.09311342,2.00E-05,0,1959.091275,0.266848955,20552.8,5.269432938,36.98589971,-42.59301349,80.30211399,0,0,0,9
element_4727,2034,253.5893481,5.669838333,113.5374198,164.6324889,197.7003568,22.09360872,1.79E-05,0,1959.091275,0.266848955,20552.8,5.269432938,36.98589971,-42.59301349,80.30211399,0,0,0,9
element_4727,2035,253.8010935,5.641604843,113.0017933,178.4794796,211.3592654,22.09313154,2.11E-05,0,1959.091275,0.266848955,20552.8,5.269432938,36.98589971,-42.59301349,80.30211399,0,0,0,9
element_4727,2036,253.6551091,5.746336258,112.0030385,203.413344,200.2664759,22.09232701,1.98E-05,0,1959.091275,0.266848955,20552.8,5.269432938,36.98589971,-42.59301349,80.30211399,0,0,0,9
element_4727,2037,253.3182831,5.59419799,112.5953395,206.3028993,191.4672114,22.09158098,1.54E-05,0,1959.091275,0.266848955,20552.8,5.269432938,36.98589971,-42.59301349,80.30211399,0,0,0,9
element_4727,2038,253.5466107,5.652746467,112.4849966,194.4710489,195.1357014,22.09299835,1.66E-05,0,1959.091275,0.266848955,20552.8,5.269432938,36.98589971,-42.59301349,80.30211399,0,0,0,9
element_4727,2039,254.1488742,5.686316238,112.0417805,206.9084724,199.5830901,22.09789591,2.09E-05,0,1959.091275,0.266848955,20552.8,5.269432938,36.98589971,-42.59301349,80.30211399,0,0,0,9
element_4727,2040,253.2816715,5.564157914,114.101733,165.9570278,204.0085818,22.0952852,1.71E-05,0,1959.091275,0.266848955,20552.8,5.269432938,36.98589971,-42.59301349,80.30211399,0,0,0,9
element_4727,2041,253.8623915,5.606441178,114.4828318,181.278398,200.3534517,22.09570067,2.02E-05,0,1959.091275,0.266848955,20552.8,5.269432938,36.98589971,-42.59301349,80.30211399,0,0,0,9
element_4727,2042,254.3027732,5.563391146,112.1721768,193.102675,198.2728923,22.09468339,1.92E-05,0,1959.091275,0.266848955,20552.8,5.269432938,36.98589971,-42.59301349,80.30211399,0,0,0,9
element_4727,2043,254.266242,5.763479722,111.7715594,186.5228231,201.7592812,22.09258411,1.74E-05,0,1959.091275,0.266848955,20552.8,5.269432938,36.98589971,-42.59301349,80.30211399,0,0,0,9
element_4727,2044,253.912423,5.657842844,112.5379933,208.4269279,198.7537705,22.09378225,2.20E-05,0,1959.091275,0.266848955,20552.8,5.269432938,36.98589971,-42.59301349,80.30211399,0,0,0,9
element_4727,2045,254.5722775,5.588100836,110.7933476,209.0514859,200.9921551,22.09348624,1.88E-05,0,1959.091275,0.266848955,20552.8,5.269432938,36.98589971,-42.59301349,80.30211399,0,0,0,9
element_4727,2046,254.5015722,5.712914865,112.1792709,180.3275059,207.8745447,22.09378289,1.73E-05,0,1959.091275,0.266848955,20552.8,5.269432938,36.98589971,-42.59301349,80.30211399,0,0,0,9
element_4727,2047,255.0605978,5.85893748,110.1350763,226.7764345,202.9422893,22.09344157,1.73E-05,0,1959.091275,0.266848955,20552.8,5.269432938,36.98589971,-42.59301349,80.30211399,0,0,0,9
element_4727,2048,254.6013954,5.519354501,114.0743685,177.1729819,216.9020196,22.09713531,1.78E-05,0,1959.091275,0.266848955,20552.8,5.269432938,36.98589971,-42.59301349,80.30211399,0,0,0,9
element_4727,2049,255.0422146,5.589906114,113.0795585,208.3050972,208.7097888,22.09359466,2.05E-05,0,1959.091275,0.266848955,20552.8,5.269432938,36.98589971,-42.59301349,80.30211399,0,0,0,9
element_4727,2050,255.2766547,5.651616319,110.5239485,194.9279365,217.324498,22.09138841,2.11E-05,0,1959.091275,0.266848955,20552.8,5.269432938,36.98589971,-42.59301349,80.30211399,0,0,0,9
element_4727,2051,255.0748229,5.514781482,112.8987648,180.5999604,213.847116,22.09153998,1.66E-05,0,1959.091275,0.266848955,20552.8,5.269432938,36.98589971,-42.59301349,80.30211399,0,0,0,9
element_4727,2052,254.7017829,5.617582701,113.2004738,216.2944444,212.1816575,22.09364607,1.87E-05,0,1959.091275,0.266848955,20552.8,5.269432938,36.98589971,-42.59301349,80.30211399,0,0,0,9
element_4727,2053,254.908041,5.70534339,111.0707817,238.4455534,213.2061014,22.09198789,2.04E-05,0,1959.091275,0.266848955,20552.8,5.269432938,36.98589971,-42.59301349,80.30211399,0,0,0,9
element_4727,2054,254.7875771,5.994378248,111.6299053,214.0149284,209.7516864,22.09207036,1.76E-05,0,1959.091275,0.266848955,20552.8,5.269432938,36.98589971,-42.59301349,80.30211399,0,0,0,9
element_4727,2055,254.6713992,5.605583388,111.449055,209.9985841,213.1658594,22.09293989,2.02E-05,0,1959.091275,0.266848955,20552.8,5.269432938,36.98589971,-42.59301349,80.30211399,0,0,0,9
element_4727,2056,254.977351,5.797792757,112.7097064,195.5632375,213.1194651,22.09098351,2.00E-05,0,1959.091275,0.266848955,20552.8,5.269432938,36.98589971,-42.59301349,80.30211399,0,0,0,9
element_4727,2057,255.3454457,5.623262915,111.5937097,219.1406476,214.0064835,22.09257275,1.87E-05,0,1959.091275,0.266848955,20552.8,5.269432938,36.98589971,-42.59301349,80.30211399,0,0,0,9
element_4727,2058,255.5187779,5.641636806,112.7462049,200.8260929,223.7704608,22.09571486,2.47E-05,0,1959.091275,0.266848955,20552.8,5.269432938,36.98589971,-42.59301349,80.30211399,0,0,0,9
element_4727,2059,255.7560353,5.641333371,110.5506949,246.8384988,214.3100939,22.1006593,2.10E-05,0,1959.091275,0.266848955,20552.8,5.269432938,36.98589971,-42.59301349,80.30211399,0,0,0,9
element_4727,2060,255.7283503,5.497032114,111.2381574,229.9470683,222.6211234,22.09432669,2.00E-05,0,1959.091275,0.266848955,20552.8,5.269432938,36.98589971,-42.59301349,80.30211399,0,0,0,9
element_4727,2061,255.7539463,5.642269166,112.8394013,205.9729305,220.6369119,22.09318643,1.91E-05,0,1959.091275,0.266848955,20552.8,5.269432938,36.98589971,-42.59301349,80.30211399,0,0,0,9
element_4727,2062,256.1899726,5.648448968,109.1706922,215.5859813,223.4019722,22.09451291,2.25E-05,0,1959.091275,0.266848955,20552.8,5.269432938,36.98589971,-42.59301349,80.30211399,0,0,0,9
element_4727,2063,256.3051812,5.89611675,107.8271942,244.3677324,211.7608719,22.09565624,1.90E-05,0,1959.091275,0.266848955,20552.8,5.269432938,36.98589971,-42.59301349,80.30211399,0,0,0,9
element_4727,2064,256.2748167,5.89317268,110.5821306,228.3924737,217.7768912,22.09729922,1.73E-05,0,1959.091275,0.266848955,20552.8,5.269432938,36.98589971,-42.59301349,80.30211399,0,0,0,9
element_4727,2065,256.7970955,5.729276977,110.1655083,238.3744495,236.9406165,22.09742309,2.84E-05,0,1959.091275,0.266848955,20552.8,5.269432938,36.98589971,-42.59301349,80.30211399,0,0,0,9
element_4727,2066,256.4849297,5.682683824,107.2969164,227.4621734,223.1951635,22.09744071,2.26E-05,0,1959.091275,0.266848955,20552.8,5.269432938,36.98589971,-42.59301349,80.30211399,0,0,0,9
element_4727,2067,256.3846768,5.542369733,112.3852383,213.6289155,227.4522578,22.09628406,2.01E-05,0,1959.091275,0.266848955,20552.8,5.269432938,36.98589971,-42.59301349,80.30211399,0,0,0,9
element_4727,2068,256.2245173,5.709738849,113.9140879,232.4446747,227.6369823,22.09241339,2.56E-05,0,1959.091275,0.266848955,20552.8,5.269432938,36.98589971,-42.59301349,80.30211399,0,0,0,9
element_4727,2069,256.8570854,5.628157771,110.134437,268.1682689,229.6892379,22.0912193,2.03E-05,0,1959.091275,0.266848955,20552.8,5.269432938,36.98589971,-42.59301349,80.30211399,0,0,0,9
element_4727,2070,256.9735231,5.551524437,112.2599524,229.0196735,230.3758542,22.09007366,2.25E-05,0,1959.091275,0.266848955,20552.8,5.269432938,36.98589971,-42.59301349,80.30211399,0,0,0,9
element_4727,2071,256.7842798,5.500825319,109.9306176,228.9791751,229.5390629,22.08624281,2.00E-05,0,1959.091275,0.266848955,20552.8,5.269432938,36.98589971,-42.59301349,80.30211399,0,0,0,9
element_4727,2072,256.9693476,5.546529918,110.0692759,219.5716046,239.9056337,22.08761706,1.97E-05,0,1959.091275,0.266848955,20552.8,5.269432938,36.98589971,-42.59301349,80.30211399,0,0,0,9
element_4727,2073,256.6661432,5.682968903,108.5334835,248.6217501,232.6811413,22.09226236,2.18E-05,0,1959.091275,0.266848955,20552.8,5.269432938,36.98589971,-42.59301349,80.30211399,0,0,0,9
element_4727,2074,256.5470344,5.440653906,109.293443,232.447906,224.7229287,22.09161543,2.15E-05,0,1959.091275,0.266848955,20552.8,5.269432938,36.98589971,-42.59301349,80.30211399,0,0,0,9
element_4727,2075,257.2064668,5.808904805,109.7500634,224.8697012,229.8906705,22.09289792,2.09E-05,0,1959.091275,0.266848955,20552.8,5.269432938,36.98589971,-42.59301349,80.30211399,0,0,0,9
element_4727,2076,257.4099309,5.481657089,111.5319383,240.7648456,244.5302579,22.11102708,2.35E-05,0,1959.091275,0.266848955,20552.8,5.269432938,36.98589971,-42.59301349,80.30211399,0,0,0,9
element_4727,2077,257.2041379,5.457243367,110.0619293,247.7060892,248.4935726,22.09518849,1.87E-05,0,1959.091275,0.266848955,20552.8,5.269432938,36.98589971,-42.59301349,80.30211399,0,0,0,9
element_4727,2078,257.3885314,5.508265136,111.3983594,204.7916091,245.2424396,22.09861414,2.04E-05,0,1959.091275,0.266848955,20552.8,5.269432938,36.98589971,-42.59301349,80.30211399,0,0,0,9
element_4727,2079,257.099586,5.652815335,109.7855701,250.8669437,241.7177103,22.10009248,2.30E-05,0,1959.091275,0.266848955,20552.8,5.269432938,36.98589971,-42.59301349,80.30211399,0,0,0,9
element_4727,2080,257.4491728,5.502083428,108.6607305,243.9611792,241.2897646,22.09879154,1.86E-05,0,1959.091275,0.266848955,20552.8,5.269432938,36.98589971,-42.59301349,80.30211399,0,0,0,9
element_4727,2081,258.0446613,5.528129685,111.4147607,214.0717242,254.9347733,22.09578723,2.12E-05,0,1959.091275,0.266848955,20552.8,5.269432938,36.98589971,-42.59301349,80.30211399,0,0,0,9
element_4727,2082,257.6917086,5.550830448,106.9503119,296.8465266,238.4328271,22.09428446,1.86E-05,0,1959.091275,0.266848955,20552.8,5.269432938,36.98589971,-42.59301349,80.30211399,0,0,0,9
element_4727,2083,258.0929629,5.557152219,109.0376144,263.6949858,244.5686201,22.09360148,1.99E-05,0,1959.091275,0.266848955,20552.8,5.269432938,36.98589971,-42.59301349,80.30211399,0,0,0,9
element_4727,2084,257.3907485,5.582156252,107.2668027,283.6684144,228.9297743,22.10221311,1.64E-05,0,1959.091275,0.266848955,20552.8,5.269432938,36.98589971,-42.59301349,80.30211399,0,0,0,9
element_4727,2085,258.1053286,5.578963815,108.849287,240.7435612,246.5896888,22.09850855,2.14E-05,0,1959.091275,0.266848955,20552.8,5.269432938,36.98589971,-42.59301349,80.30211399,0,0,0,9
element_4727,2086,258.0036999,5.678816881,109.8713166,258.0054239,245.3888824,22.09635779,2.12E-05,0,1959.091275,0.266848955,20552.8,5.269432938,36.98589971,-42.59301349,80.30211399,0,0,0,9
element_4727,2087,258.1080342,5.712224665,108.2762009,295.5972113,244.8889317,22.10211803,1.89E-05,0,1959.091275,0.266848955,20552.8,5.269432938,36.98589971,-42.59301349,80.30211399,0,0,0,9
element_4727,2088,257.9236971,5.70585032,110.8838609,231.2725456,250.4360539,22.09963472,1.81E-05,0,1959.091275,0.266848955,20552.8,5.269432938,36.98589971,-42.59301349,80.30211399,0,0,0,9
element_4727,2089,257.9006459,5.451291397,111.7762396,236.6751673,242.8863638,22.11593203,2.02E-05,0,1959.091275,0.266848955,20552.8,5.269432938,36.98589971,-42.59301349,80.30211399,0,0,0,9
element_4727,2090,257.6947643,5.719478007,105.4443898,318.9155607,243.1138941,22.09431264,2.04E-05,0,1959.091275,0.266848955,20552.8,5.269432938,36.98589971,-42.59301349,80.30211399,0,0,0,9
element_4727,2091,257.8901533,5.576188162,106.6337373,302.1905473,241.6635131,22.10037369,1.89E-05,0,1959.091275,0.266848955,20552.8,5.269432938,36.98589971,-42.59301349,80.30211399,0,0,0,9
element_4727,2092,258.5943129,5.584747737,106.8446581,270.7155628,265.0143199,22.1078278,2.13E-05,0,1959.091275,0.266848955,20552.8,5.269432938,36.98589971,-42.59301349,80.30211399,0,0,0,9
element_4727,2093,258.6756091,5.458841447,111.0195066,241.4752206,268.4645201,22.0995877,2.13E-05,0,1959.091275,0.266848955,20552.8,5.269432938,36.98589971,-42.59301349,80.30211399,0,0,0,9
element_4727,2094,258.2781485,5.86659187,105.7259349,310.9849452,256.7497095,22.13085531,2.14E-05,0,1959.091275,0.266848955,20552.8,5.269432938,36.98589971,-42.59301349,80.30211399,0,0,0,9
element_4727,2095,258.4830236,5.638382761,107.9894384,290.2751321,261.3900717,22.10101825,2.20E-05,0,1959.091275,0.266848955,20552.8,5.269432938,36.98589971,-42.59301349,80.30211399,0,0,0,9
element_4727,2096,258.1933163,5.610797216,106.2189179,296.650096,262.5338785,22.11782121,2.72E-05,0,1959.091275,0.266848955,20552.8,5.269432938,36.98589971,-42.59301349,80.30211399,0,0,0,9
element_4727,2097,258.9718801,5.814806405,106.9155088,294.9943757,262.5250128,22.11167868,2.21E-05,0,1959.091275,0.266848955,20552.8,5.269432938,36.98589971,-42.59301349,80.30211399,0,0,0,9
element_4727,2098,259.0078702,5.559211833,108.3828019,258.4380586,260.5908847,22.10897993,2.08E-05,0,1959.091275,0.266848955,20552.8,5.269432938,36.98589971,-42.59301349,80.30211399,0,0,0,9
element_4727,2099,258.9597748,5.62799247,109.5817689,240.7611535,268.5768708,22.10054511,2.54E-05,0,1959.091275,0.266848955,20552.8,5.269432938,36.98589971,-42.59301349,80.30211399,0,0,0,9
element_4727,2100,259.3068406,5.686282333,107.8689723,293.1319241,262.5866109,22.10758047,2.68E-05,0,1959.091275,0.266848955,20552.8,5.269432938,36.98589971,-42.59301349,80.30211399,0,0,0,9
element_4729,2015,253.0939639,5.775552346,116.3518561,178.2825769,197.8847516,21.65689688,0,0,1648.864204,0.286434376,76522.3,4.574770219,33.34403136,-32.91884163,79.68188119,11.47290421,43.68272018,37.11188889,9
element_4729,2016,253.4777986,5.59992883,116.4748485,178.479305,208.4903663,21.65724442,0,0,1648.864204,0.286434376,76522.3,4.574770219,33.34403136,-32.91884163,79.68188119,11.47290421,43.68272018,37.11188889,9
element_4729,2017,253.1516488,5.840653276,114.8039381,192.4987768,206.753109,21.6573461,0,0,1648.864204,0.286434376,76522.3,4.574770219,33.34403136,-32.91884163,79.68188119,11.47290421,43.68272018,37.11188889,9
element_4729,2018,253.797546,5.781217967,114.9946835,229.0047961,207.4228522,21.6559256,0,0,1648.864204,0.286434376,76522.3,4.574770219,33.34403136,-32.91884163,79.68188119,11.47290421,43.68272018,37.11188889,9
element_4729,2019,253.6633076,5.881420494,115.9930883,195.8431186,208.318173,21.65449229,0,0,1648.864204,0.286434376,76522.3,4.574770219,33.34403136,-32.91884163,79.68188119,11.47290421,43.68272018,37.11188889,9
element_4729,2020,253.8923845,5.845542748,115.6687981,205.4560377,202.4199373,21.65395103,0,0,1648.864204,0.286434376,76522.3,4.574770219,33.34403136,-32.91884163,79.68188119,11.47290421,43.68272018,37.11188889,9
element_4729,2021,253.2969553,5.829246473,113.7093549,258.2306715,198.0422528,21.65479573,0,0,1648.864204,0.286434376,76522.3,4.574770219,33.34403136,-32.91884163,79.68188119,11.47290421,43.68272018,37.11188889,9
element_4729,2022,253.7549283,5.838733631,114.3310505,188.5270402,211.517305,21.6562718,0,0,1648.864204,0.286434376,76522.3,4.574770219,33.34403136,-32.91884163,79.68188119,11.47290421,43.68272018,37.11188889,9
element_4729,2023,253.83872,5.735713736,116.1304953,182.2660362,208.6915225,21.6566846,0,0,1648.864204,0.286434376,76522.3,4.574770219,33.34403136,-32.91884163,79.68188119,11.47290421,43.68272018,37.11188889,9
element_4729,2024,253.9816157,5.757216025,116.1202576,185.1965563,216.1671503,21.65704227,0,0,1648.864204,0.286434376,76522.3,4.574770219,33.34403136,-32.91884163,79.68188119,11.47290421,43.68272018,37.11188889,9
element_4729,2025,254.4581157,5.731517456,116.5545049,217.0881624,208.7344979,21.65655585,0,0,1648.864204,0.286434376,76522.3,4.574770219,33.34403136,-32.91884163,79.68188119,11.47290421,43.68272018,37.11188889,9
element_4729,2026,254.0648181,5.771540254,113.332237,268.6192511,204.4040279,21.65638852,0,0,1648.864204,0.286434376,76522.3,4.574770219,33.34403136,-32.91884163,79.68188119,11.47290421,43.68272018,37.11188889,9
element_4729,2027,254.3775484,5.934089667,115.0309493,217.3903126,203.5408648,21.65645484,0,0,1648.864204,0.286434376,76522.3,4.574770219,33.34403136,-32.91884163,79.68188119,11.47290421,43.68272018,37.11188889,9
element_4729,2028,254.4903684,5.872015279,114.3271443,193.9768454,209.9294588,21.65697736,0,0,1648.864204,0.286434376,76522.3,4.574770219,33.34403136,-32.91884163,79.68188119,11.47290421,43.68272018,37.11188889,9
element_4729,2029,254.7684206,5.844758543,112.2494455,245.3547344,217.6306025,21.65722398,0,0,1648.864204,0.286434376,76522.3,4.574770219,33.34403136,-32.91884163,79.68188119,11.47290421,43.68272018,37.11188889,9
element_4729,2030,254.466328,5.817675049,114.810246,211.2297518,213.732263,21.65661408,0,0,1648.864204,0.286434376,76522.3,4.574770219,33.34403136,-32.91884163,79.68188119,11.47290421,43.68272018,37.11188889,9
element_4729,2031,254.1644782,5.791171759,111.8491625,211.4955084,209.6643114,21.65766566,0,0,1648.864204,0.286434376,76522.3,4.574770219,33.34403136,-32.91884163,79.68188119,11.47290421,43.68272018,37.11188889,9
element_4729,2032,254.2991749,5.647125223,114.0623026,215.2495609,214.1542992,21.65809073,0,0,1648.864204,0.286434376,76522.3,4.574770219,33.34403136,-32.91884163,79.68188119,11.47290421,43.68272018,37.11188889,9
element_4729,2033,255.0454372,5.91761418,114.7762511,251.097388,219.5330986,21.65782651,0,0,1648.864204,0.286434376,76522.3,4.574770219,33.34403136,-32.91884163,79.68188119,11.47290421,43.68272018,37.11188889,9
element_4729,2034,254.6336705,5.818750126,114.9260555,182.741947,215.4297014,21.65726702,0,0,1648.864204,0.286434376,76522.3,4.574770219,33.34403136,-32.91884163,79.68188119,11.47290421,43.68272018,37.11188889,9
element_4729,2035,254.837265,5.727132243,114.9832556,180.714819,229.5599742,21.65656743,0,0,1648.864204,0.286434376,76522.3,4.574770219,33.34403136,-32.91884163,79.68188119,11.47290421,43.68272018,37.11188889,9
element_4729,2036,254.7348584,5.955598335,113.5084474,239.4769583,216.8112446,21.6557779,0,0,1648.864204,0.286434376,76522.3,4.574770219,33.34403136,-32.91884163,79.68188119,11.47290421,43.68272018,37.11188889,9
element_4729,2037,254.5107552,5.788374948,112.8541342,240.9800649,211.162767,21.65476681,0,0,1648.864204,0.286434376,76522.3,4.574770219,33.34403136,-32.91884163,79.68188119,11.47290421,43.68272018,37.11188889,9
element_4729,2038,254.7768821,5.776188372,112.7379096,235.5646724,212.7580088,21.65694232,0,0,1648.864204,0.286434376,76522.3,4.574770219,33.34403136,-32.91884163,79.68188119,11.47290421,43.68272018,37.11188889,9
element_4729,2039,255.4162008,5.765070635,113.2793733,251.4674722,221.039176,21.65737285,0,0,1648.864204,0.286434376,76522.3,4.574770219,33.34403136,-32.91884163,79.68188119,11.47290421,43.68272018,37.11188889,9
element_4729,2040,254.5411492,5.673443354,113.6824077,218.5307368,223.1481463,21.65754584,0,0,1648.864204,0.286434376,76522.3,4.574770219,33.34403136,-32.91884163,79.68188119,11.47290421,43.68272018,37.11188889,9
element_4729,2041,255.0235025,5.70397636,114.7794402,199.0884543,219.902275,21.65740531,0,0,1648.864204,0.286434376,76522.3,4.574770219,33.34403136,-32.91884163,79.68188119,11.47290421,43.68272018,37.11188889,9
element_4729,2042,255.36708,5.784286378,113.7438184,240.8816337,215.7375842,21.656255,0,0,1648.864204,0.286434376,76522.3,4.574770219,33.34403136,-32.91884163,79.68188119,11.47290421,43.68272018,37.11188889,9
element_4729,2043,255.3595214,5.796371613,113.7421019,206.1276084,221.9909032,21.65619147,0,0,1648.864204,0.286434376,76522.3,4.574770219,33.34403136,-32.91884163,79.68188119,11.47290421,43.68272018,37.11188889,9
element_4729,2044,255.0522487,5.704942202,113.3378318,220.4334233,216.6300661,21.65707554,0,0,1648.864204,0.286434376,76522.3,4.574770219,33.34403136,-32.91884163,79.68188119,11.47290421,43.68272018,37.11188889,9
element_4729,2045,255.6575889,5.713272588,112.1313689,236.0321854,220.9196811,21.65801962,0,0,1648.864204,0.286434376,76522.3,4.574770219,33.34403136,-32.91884163,79.68188119,11.47290421,43.68272018,37.11188889,9
element_4729,2046,255.6384039,5.82842043,112.8829011,226.5110533,229.6210197,21.65920572,0,0,1648.864204,0.286434376,76522.3,4.574770219,33.34403136,-32.91884163,79.68188119,11.47290421,43.68272018,37.11188889,9
element_4729,2047,256.1689806,6.010261821,111.5461764,249.7602537,224.5076347,21.65947507,0,0,1648.864204,0.286434376,76522.3,4.574770219,33.34403136,-32.91884163,79.68188119,11.47290421,43.68272018,37.11188889,9
element_4729,2048,255.9261577,5.678440781,114.5576457,216.6465098,233.3864648,21.65887851,0,0,1648.864204,0.286434376,76522.3,4.574770219,33.34403136,-32.91884163,79.68188119,11.47290421,43.68272018,37.11188889,9
element_4729,2049,256.1671599,5.652315946,113.0351495,241.3963907,227.8755385,21.65716497,0,0,1648.864204,0.286434376,76522.3,4.574770219,33.34403136,-32.91884163,79.68188119,11.47290421,43.68272018,37.11188889,9
element_4729,2050,256.4389561,5.772042724,112.2103277,222.1764729,239.8374077,21.65575385,0,0,1648.864204,0.286434376,76522.3,4.574770219,33.34403136,-32.91884163,79.68188119,11.47290421,43.68272018,37.11188889,9
element_4729,2051,256.1611436,5.663537471,113.8290611,246.9970069,232.0521608,21.65487459,0,0,1648.864204,0.286434376,76522.3,4.574770219,33.34403136,-32.91884163,79.68188119,11.47290421,43.68272018,37.11188889,9
element_4729,2052,255.9024062,5.719697355,113.6416728,253.9901776,232.2958868,21.65265858,0,0,1648.864204,0.286434376,76522.3,4.574770219,33.34403136,-32.91884163,79.68188119,11.47290421,43.68272018,37.11188889,9
element_4729,2053,256.217163,5.868422824,112.2204493,268.5390119,235.5550844,21.65039352,0,0,1648.864204,0.286434376,76522.3,4.574770219,33.34403136,-32.91884163,79.68188119,11.47290421,43.68272018,37.11188889,9
element_4729,2054,256.0290423,6.004657427,112.5356839,246.9871082,230.2433838,21.65038498,0,0,1648.864204,0.286434376,76522.3,4.574770219,33.34403136,-32.91884163,79.68188119,11.47290421,43.68272018,37.11188889,9
element_4729,2055,255.9214223,5.780420656,112.5270906,266.8052622,236.9475899,21.65190337,0,0,1648.864204,0.286434376,76522.3,4.574770219,33.34403136,-32.91884163,79.68188119,11.47290421,43.68272018,37.11188889,9
element_4729,2056,256.1545301,5.877721646,114.7723188,238.8383644,229.8330693,21.65182769,0,0,1648.864204,0.286434376,76522.3,4.574770219,33.34403136,-32.91884163,79.68188119,11.47290421,43.68272018,37.11188889,9
element_4729,2057,256.5498163,5.764745171,112.4668788,260.6994004,233.1161301,21.65324511,0,0,1648.864204,0.286434376,76522.3,4.574770219,33.34403136,-32.91884163,79.68188119,11.47290421,43.68272018,37.11188889,9
element_4729,2058,256.7584666,5.786324347,113.2070817,237.143585,241.3108193,21.65674904,0,0,1648.864204,0.286434376,76522.3,4.574770219,33.34403136,-32.91884163,79.68188119,11.47290421,43.68272018,37.11188889,9
element_4729,2059,257.0385885,5.888204173,111.9480755,280.4288319,235.2088768,21.65970767,0,0,1648.864204,0.286434376,76522.3,4.574770219,33.34403136,-32.91884163,79.68188119,11.47290421,43.68272018,37.11188889,9
element_4729,2060,256.962186,5.634119749,112.2314096,285.1804994,241.8695067,21.65640357,0,0,1648.864204,0.286434376,76522.3,4.574770219,33.34403136,-32.91884163,79.68188119,11.47290421,43.68272018,37.11188889,9
element_4729,2061,256.8305217,5.849865044,114.1788968,250.1257158,240.5640772,21.65557366,0,0,1648.864204,0.286434376,76522.3,4.574770219,33.34403136,-32.91884163,79.68188119,11.47290421,43.68272018,37.11188889,9
element_4729,2062,257.2706277,5.726640476,111.4016047,243.8917649,245.9504312,21.65655275,0,0,1648.864204,0.286434376,76522.3,4.574770219,33.34403136,-32.91884163,79.68188119,11.47290421,43.68272018,37.11188889,9
element_4729,2063,257.4252197,6.033452671,109.1327043,269.7847125,237.6725228,21.66012824,0,0,1648.864204,0.286434376,76522.3,4.574770219,33.34403136,-32.91884163,79.68188119,11.47290421,43.68272018,37.11188889,9
element_4729,2064,257.3367709,5.986127494,112.86048,282.3678662,237.2228915,21.65839665,0,0,1648.864204,0.286434376,76522.3,4.574770219,33.34403136,-32.91884163,79.68188119,11.47290421,43.68272018,37.11188889,9
element_4729,2065,257.8822874,5.792229804,112.7181958,267.545364,257.705095,21.65856793,0,0,1648.864204,0.286434376,76522.3,4.574770219,33.34403136,-32.91884163,79.68188119,11.47290421,43.68272018,37.11188889,9
element_4729,2066,257.6151567,5.83832324,109.6942191,287.1147326,244.6127586,21.65846413,0,0,1648.864204,0.286434376,76522.3,4.574770219,33.34403136,-32.91884163,79.68188119,11.47290421,43.68272018,37.11188889,9
element_4729,2067,257.4264902,5.699695413,113.1000654,246.4106277,249.8649826,21.66068508,0,0,1648.864204,0.286434376,76522.3,4.574770219,33.34403136,-32.91884163,79.68188119,11.47290421,43.68272018,37.11188889,9
element_4729,2068,257.4811618,5.90498412,114.1348315,283.4421229,249.6233565,21.65961708,0,0,1648.864204,0.286434376,76522.3,4.574770219,33.34403136,-32.91884163,79.68188119,11.47290421,43.68272018,37.11188889,9
element_4729,2069,257.9678978,5.820589026,111.9719953,305.6411551,249.4339773,21.65155163,0,0,1648.864204,0.286434376,76522.3,4.574770219,33.34403136,-32.91884163,79.68188119,11.47290421,43.68272018,37.11188889,9
element_4729,2070,258.0497082,5.6978307,112.9407661,317.1456549,248.6114756,21.66065546,0,0,1648.864204,0.286434376,76522.3,4.574770219,33.34403136,-32.91884163,79.68188119,11.47290421,43.68272018,37.11188889,9
element_4729,2071,257.8882271,5.693064946,110.7105213,295.6497355,247.9849331,21.64733609,0,0,1648.864204,0.286434376,76522.3,4.574770219,33.34403136,-32.91884163,79.68188119,11.47290421,43.68272018,37.11188889,9
element_4729,2072,258.1630526,5.710773301,111.4582455,265.3397729,261.107434,21.65046801,0,0,1648.864204,0.286434376,76522.3,4.574770219,33.34403136,-32.91884163,79.68188119,11.47290421,43.68272018,37.11188889,9
element_4729,2073,257.8394617,5.870533354,109.9595539,299.6541976,255.4715279,21.6591089,0,0,1648.864204,0.286434376,76522.3,4.574770219,33.34403136,-32.91884163,79.68188119,11.47290421,43.68272018,37.11188889,9
element_4729,2074,257.7876505,5.640365894,110.0436483,306.3985267,245.8098054,21.65182634,0,0,1648.864204,0.286434376,76522.3,4.574770219,33.34403136,-32.91884163,79.68188119,11.47290421,43.68272018,37.11188889,9
element_4729,2075,258.3113076,5.896796309,112.1548075,266.7284434,251.071429,21.65733576,0,0,1648.864204,0.286434376,76522.3,4.574770219,33.34403136,-32.91884163,79.68188119,11.47290421,43.68272018,37.11188889,9
element_4729,2076,258.5163914,5.693264211,111.7160534,329.0884866,263.2236904,21.67085314,0,0,1648.864204,0.286434376,76522.3,4.574770219,33.34403136,-32.91884163,79.68188119,11.47290421,43.68272018,37.11188889,9
element_4729,2077,258.4916435,5.534324436,109.9103966,335.9182191,269.5129724,21.65847511,0,0,1648.864204,0.286434376,76522.3,4.574770219,33.34403136,-32.91884163,79.68188119,11.47290421,43.68272018,37.11188889,9
element_4729,2078,258.5648001,5.685700015,112.2673486,237.1491681,265.3718111,21.65862481,0,0,1648.864204,0.286434376,76522.3,4.574770219,33.34403136,-32.91884163,79.68188119,11.47290421,43.68272018,37.11188889,9
element_4729,2079,258.3819435,5.88243595,110.7983487,329.8030788,263.4385778,21.67417712,0,0,1648.864204,0.286434376,76522.3,4.574770219,33.34403136,-32.91884163,79.68188119,11.47290421,43.68272018,37.11188889,9
element_4729,2080,258.4351785,5.53440549,110.1721059,274.0290589,261.4225461,21.66194629,0,0,1648.864204,0.286434376,76522.3,4.574770219,33.34403136,-32.91884163,79.68188119,11.47290421,43.68272018,37.11188889,9
element_4729,2081,259.1860943,5.658101632,111.5925389,261.5008422,273.6986199,21.66191122,0,0,1648.864204,0.286434376,76522.3,4.574770219,33.34403136,-32.91884163,79.68188119,11.47290421,43.68272018,37.11188889,9
element_4729,2082,258.8431726,5.791628351,109.327296,349.2471805,259.1866243,21.66844834,0,0,1648.864204,0.286434376,76522.3,4.574770219,33.34403136,-32.91884163,79.68188119,11.47290421,43.68272018,37.11188889,9
element_4729,2083,259.1497585,5.739968606,109.5975567,301.7289436,262.7746554,21.66135082,0,0,1648.864204,0.286434376,76522.3,4.574770219,33.34403136,-32.91884163,79.68188119,11.47290421,43.68272018,37.11188889,9
element_4729,2084,258.6905198,5.779626493,107.6618346,351.5378311,253.3289442,21.662586,0,0,1648.864204,0.286434376,76522.3,4.574770219,33.34403136,-32.91884163,79.68188119,11.47290421,43.68272018,37.11188889,9
element_4729,2085,259.3214078,5.78757979,110.3204448,280.9378495,267.2379338,21.66657588,0,0,1648.864204,0.286434376,76522.3,4.574770219,33.34403136,-32.91884163,79.68188119,11.47290421,43.68272018,37.11188889,9
element_4729,2086,259.1429834,5.826739526,109.9214498,334.435904,265.9407045,21.66042589,0,0,1648.864204,0.286434376,76522.3,4.574770219,33.34403136,-32.91884163,79.68188119,11.47290421,43.68272018,37.11188889,9
element_4729,2087,259.3266013,5.996870876,109.4754216,339.0401011,263.0921694,21.66933704,0,0,1648.864204,0.286434376,76522.3,4.574770219,33.34403136,-32.91884163,79.68188119,11.47290421,43.68272018,37.11188889,9
element_4729,2088,259.1317188,5.777634255,111.7646376,276.6718728,271.2441106,21.66903118,0,0,1648.864204,0.286434376,76522.3,4.574770219,33.34403136,-32.91884163,79.68188119,11.47290421,43.68272018,37.11188889,9
element_4729,2089,259.0960797,5.694415676,112.2511459,303.7692066,267.883058,21.67674596,0,0,1648.864204,0.286434376,76522.3,4.574770219,33.34403136,-32.91884163,79.68188119,11.47290421,43.68272018,37.11188889,9
element_4729,2090,258.9428758,5.988145848,107.5373521,362.3776735,263.6395012,21.66394681,0,0,1648.864204,0.286434376,76522.3,4.574770219,33.34403136,-32.91884163,79.68188119,11.47290421,43.68272018,37.11188889,9
element_4729,2091,259.1249172,5.907817866,107.3502073,385.7298067,264.9164301,21.67053575,0,0,1648.864204,0.286434376,76522.3,4.574770219,33.34403136,-32.91884163,79.68188119,11.47290421,43.68272018,37.11188889,9
element_4729,2092,259.8630163,5.723260054,108.3697592,330.8242105,283.7637542,21.68485969,0,0,1648.864204,0.286434376,76522.3,4.574770219,33.34403136,-32.91884163,79.68188119,11.47290421,43.68272018,37.11188889,9
element_4729,2093,259.8090902,5.616186289,111.1126576,331.4121804,290.1617848,21.66695541,0,0,1648.864204,0.286434376,76522.3,4.574770219,33.34403136,-32.91884163,79.68188119,11.47290421,43.68272018,37.11188889,9
element_4729,2094,259.5065038,6.039723997,108.5434474,371.8344334,278.1538062,21.70211817,0,0,1648.864204,0.286434376,76522.3,4.574770219,33.34403136,-32.91884163,79.68188119,11.47290421,43.68272018,37.11188889,9
element_4729,2095,259.7744035,5.800590517,109.1017875,343.2887518,285.573649,21.67084929,0,0,1648.864204,0.286434376,76522.3,4.574770219,33.34403136,-32.91884163,79.68188119,11.47290421,43.68272018,37.11188889,9
element_4729,2096,259.3845853,5.774272517,107.6249927,352.3505022,283.2442745,21.70073148,0,0,1648.864204,0.286434376,76522.3,4.574770219,33.34403136,-32.91884163,79.68188119,11.47290421,43.68272018,37.11188889,9
element_4729,2097,260.2358747,5.917084054,107.3744271,338.7954549,290.6391904,21.68401972,0,0,1648.864204,0.286434376,76522.3,4.574770219,33.34403136,-32.91884163,79.68188119,11.47290421,43.68272018,37.11188889,9
element_4729,2098,260.2691731,5.757846809,110.6640644,324.7042941,285.6528131,21.67851931,0,0,1648.864204,0.286434376,76522.3,4.574770219,33.34403136,-32.91884163,79.68188119,11.47290421,43.68272018,37.11188889,9
element_4729,2099,260.0873989,5.705485592,110.3561575,288.7258226,292.0985308,21.67437,0,0,1648.864204,0.286434376,76522.3,4.574770219,33.34403136,-32.91884163,79.68188119,11.47290421,43.68272018,37.11188889,9
element_4729,2100,260.6050882,5.928489685,108.7988985,351.8111962,287.427829,21.68064323,0,0,1648.864204,0.286434376,76522.3,4.574770219,33.34403136,-32.91884163,79.68188119,11.47290421,43.68272018,37.11188889,9
