no,date,R,PPT,PET,tas,AET,LON,LAT,AREA,ELE,SLP,RIVER,CLAY,SAND,SILT,CTI,SW,SPEED,LAI,SRAD,CO2,Cluster,n
AT_0000003,1989,1778.05,1331.01,404.77,4.246666765,402.8083435,12.2479,47.2312,78.3358,2347.581379,10.26550381,20.6961978,11.96875,59.42708206,18.41935539,-0.139480315,19.21694374,4.112152576,1.2207625,142.5520844,5482.700293,6,3.432165510684983
AT_0000003,1990,1770.24,1346.63,415.76,4.246666765,413.6550049,12.2479,47.2312,78.3358,2347.581379,10.26550381,20.6961978,11.96875,59.42708206,18.41935539,-0.139480315,19.39041595,4.201527119,1.22158125,142.4588867,5493.321875,6,3.4373959326284047
AT_0000003,1991,1750.7,1363.66,405.01,4.246666765,402.1283386,12.2479,47.2312,78.3358,2347.581379,10.26550381,20.6961978,11.96875,59.42708206,18.41935539,-0.139480315,19.30888786,4.160069466,1.2210646,142.4002777,5565.70332,6,3.1234166480051617
AT_0000003,1992,1798.6,1337.4,422.5,4.246666765,417.188324,12.2479,47.2312,78.3358,2347.581379,10.26550381,20.6961978,11.96875,59.42708206,18.41935539,-0.139480315,19.23152695,4.22201395,1.206300024,143.4440247,5570.462695,6,2.8636045583404317
AT_0000003,1993,1836.67,1307.21,424.48,4.246666765,417.7049805,12.2479,47.2312,78.3358,2347.581379,10.26550381,20.6961978,11.96875,59.42708206,18.41935539,-0.139480315,19.16444397,4.359722137,1.200100024,143.6655518,5568.092188,6,2.751752905876409
AT_0000003,1994,1832.76,1311.26,442.38,4.246666765,434.571637,12.2479,47.2312,78.3358,2347.581379,10.26550381,20.6961978,11.96875,59.42708206,18.41935539,-0.139480315,19.11277695,4.31034708,1.17300835,144.7897186,5573.432813,6,2.752615089923258
AT_0000003,1995,1864.02,1307.95,430.82,4.246666765,420.9016541,12.2479,47.2312,78.3358,2347.581379,10.26550381,20.6961978,11.96875,59.42708206,18.41935539,-0.139480315,18.73666611,4.349930286,1.164887524,143.7154144,5576.362891,6,2.5248768238239543
AT_0000003,1996,1853.46,1324.53,425.55,4.246666765,416.8483337,12.2479,47.2312,78.3358,2347.581379,10.26550381,20.6961978,11.96875,59.42708206,18.41935539,-0.139480315,18.52499962,4.233055592,1.154431274,142.2163849,5529.996484,6,2.56409134607552
AT_0000003,1997,1856.21,1312.43,411.42,4.246666765,402.7416748,12.2479,47.2312,78.3358,2347.581379,10.26550381,20.6961978,11.96875,59.42708206,18.41935539,-0.139480315,18.37611084,4.264305592,1.16230625,142.2524994,5475.076855,6,2.5032056496738724
AT_0000003,1998,1824.95,1335.93,404.51,4.246666765,396.2916748,12.2479,47.2312,78.3358,2347.581379,10.26550381,20.6961978,11.96875,59.42708206,18.41935539,-0.139480315,18.36916656,4.361111164,1.1597104,141.8994446,5523.674707,6,2.473395002009141
AT_0000003,1999,1887.47,1406.77,394.01,4.246666765,387.3050049,12.2479,47.2312,78.3358,2347.581379,10.26550381,20.6961978,11.96875,59.42708206,18.41935539,-0.139480315,18.49805527,4.286458492,1.172312476,139.7215271,5577.539551,6,2.467601732162268
AT_0000003,2000,1978.85,1475.56,409.1,4.246666765,405.6899902,12.2479,47.2312,78.3358,2347.581379,10.26550381,20.6961978,11.96875,59.42708206,18.41935539,-0.139480315,18.97819366,4.332082748,1.17466665,140.3813904,5651.649805,6,2.8914073509070755
AT_0000003,2001,2004.7,1486.37,425.65,4.246666765,421.1549805,12.2479,47.2312,78.3358,2347.581379,10.26550381,20.6961978,11.96875,59.42708206,18.41935539,-0.139480315,19.39666595,4.328055859,1.150768726,141.6411102,5696.689941,6,2.799686983157284
AT_0000003,2002,2028.15,1527.45,429.86,4.246666765,427.6949768,12.2479,47.2312,78.3358,2347.581379,10.26550381,20.6961978,11.96875,59.42708206,18.41935539,-0.139480315,19.60791588,4.245555401,1.13955625,140.4568054,5864.728711,6,3.237947976430331
AT_0000003,2003,2102.4,1501.01,449.64,4.246666765,447.538324,12.2479,47.2312,78.3358,2347.581379,10.26550381,20.6961978,11.96875,59.42708206,18.41935539,-0.139480315,19.50638771,4.213471889,1.135379199,143.9402771,5981.339453,6,3.4220542903657223
AT_0000003,2004,2112.08,1443.45,448.3,4.246666765,446.1933411,12.2479,47.2312,78.3358,2347.581379,10.26550381,20.6961978,11.96875,59.42708206,18.41935539,-0.139480315,19.50638771,4.239860535,1.16094585,145.7056946,6135.583301,6,3.5029763661104556
AT_0000003,2005,2082.86,1369.15,437.43,4.246666765,434.8883484,12.2479,47.2312,78.3358,2347.581379,10.26550381,20.6961978,11.96875,59.42708206,18.41935539,-0.139480315,19.44708252,4.206249714,1.1926,146.3954163,6312.900879,6,3.4222630318709935
AT_0000003,2006,2102.4,1324.37,441.29,4.246666765,438.0116943,12.2479,47.2312,78.3358,2347.581379,10.26550381,20.6961978,11.96875,59.42708206,18.41935539,-0.139480315,19.32458229,4.29611063,1.2548375,147.2938904,6461.471094,6,3.346829651633372
AT_0000003,2007,2024.24,1308.93,449.37,4.246666765,444.5683716,12.2479,47.2312,78.3358,2347.581379,10.26550381,20.6961978,11.96875,59.42708206,18.41935539,-0.139480315,19.30152664,4.368055344,1.299252075,149.1402802,6528.580371,6,3.151028128593318
AT_0000003,2008,2010.2,1353.56,434.27,4.246666765,429.6250366,12.2479,47.2312,78.3358,2347.581379,10.26550381,20.6961978,11.96875,59.42708206,18.41935539,-0.139480315,19.43902664,4.28465271,1.321264575,145.6079193,6570.202344,6,3.0049101555274746
AT_0000003,2009,2024.24,1387.69,448.83,4.246666765,444.028363,12.2479,47.2312,78.3358,2347.581379,10.26550381,20.6961978,11.96875,59.42708206,18.41935539,-0.139480315,19.41763802,4.323541641,1.3129146,145.2384735,6517.89209,6,3.0213257416970296
AT_0000003,2010,2000.8,1389.55,441.71,4.246666765,437.3383667,12.2479,47.2312,78.3358,2347.581379,10.26550381,20.6961978,11.96875,59.42708206,18.41935539,-0.139480315,19.47694321,4.279444218,1.298512549,143.2190277,6512.950098,6,3.0396252984682524
AT_0000003,2011,1992.98,1392.17,449.37,4.246666765,445.585022,12.2479,47.2312,78.3358,2347.581379,10.26550381,20.6961978,11.96875,59.42708206,18.41935539,-0.139480315,19.49527664,4.211874485,1.312893799,143.734726,6488.083691,6,3.1843910036970735
AT_0000003,2012,2096.4,1402.99,453.55,4.246666765,451.1283386,12.2479,47.2312,78.3358,2347.581379,10.26550381,20.6961978,11.96875,59.42708206,18.41935539,-0.139480315,19.39819336,4.300763607,1.301310474,142.8723602,6452.330664,6,3.5108914850045956
AT_0000005,1990,1535.88,1555.3,499.12,8.723333359,498.280011,13.1604,47.5896,64.549,1615.816992,7.931173985,28.86979943,18.33333397,34.125,42.59999847,2.821499571,25.96472321,3.329860926,0.923472241,132.0052826,63584.08906,6,4.326912834182438
AT_0000005,1991,1593.65,1575.84,490.58,8.723333359,489.4866699,13.1604,47.5896,64.549,1615.816992,7.931173985,28.86979943,18.33333397,34.125,42.59999847,2.821499571,25.92027893,3.304166794,0.93208335,131.7944489,69799.10391,6,4.03292995616571
AT_0000005,1992,1535.26,1536.32,508.55,8.723333359,502.1966675,13.1604,47.5896,64.549,1615.816992,7.931173985,28.86979943,18.33333397,34.125,42.59999847,2.821499571,25.78333435,3.380971909,0.930172253,133.2050018,75264.51172,6,2.959951623990958
AT_0000005,1993,1545.5,1488.62,510.53,8.723333359,503.1966736,13.1604,47.5896,64.549,1615.816992,7.931173985,28.86979943,18.33333397,34.125,42.59999847,2.821499571,25.65694504,3.486666679,0.930647253,133.2013885,80796.86172,6,2.9327958184992595
AT_0000005,1994,1478.1,1492.89,530.94,8.723333359,519.2066772,13.1604,47.5896,64.549,1615.816992,7.931173985,28.86979943,18.33333397,34.125,42.59999847,2.821499571,25.38222275,3.445972204,0.939941687,134.710556,87175.86406,6,2.6902392011715404
AT_0000005,1995,1603.28,1497.05,517.89,8.723333359,505.1933533,13.1604,47.5896,64.549,1615.816992,7.931173985,28.86979943,18.33333397,34.125,42.59999847,2.821499571,24.91388893,3.507638931,0.952141699,133.4161102,88015.08438,6,2.56456255406638
AT_0000005,1996,1680.09,1507.54,512.26,8.723333359,499.8100281,13.1604,47.5896,64.549,1615.816992,7.931173985,28.86979943,18.33333397,34.125,42.59999847,2.821499571,24.46583328,3.339444399,0.969213928,131.6527771,90011.43594,6,2.5397182245187007
AT_0000005,1997,1728.46,1516.81,498.99,8.723333359,490.7666992,13.1604,47.5896,64.549,1615.816992,7.931173985,28.86979943,18.33333397,34.125,42.59999847,2.821499571,24.45444412,3.428055763,0.980761145,131.135553,90772.03906,6,2.753632763384375
AT_0000005,1998,1699.57,1533.08,492.71,8.723333359,485.1166992,13.1604,47.5896,64.549,1615.816992,7.931173985,28.86979943,18.33333397,34.125,42.59999847,2.821499571,24.53138885,3.523333311,0.99733335,130.3661072,92577.65156,6,2.756841943717415
AT_0000005,1999,1738.09,1550.99,473.43,8.723333359,470.2433533,13.1604,47.5896,64.549,1615.816992,7.931173985,28.86979943,18.33333397,34.125,42.59999847,2.821499571,24.80611115,3.401388884,1.010266687,127.8227768,94006.58906,6,3.2175941918830246
AT_0000005,2000,1718.71,1579.44,488.47,8.723333359,487.0933472,13.1604,47.5896,64.549,1615.816992,7.931173985,28.86979943,18.33333397,34.125,42.59999847,2.821499571,25.39305573,3.478610992,1.018330554,128.5675003,93105.82031,6,3.848984547471459
AT_0000005,2001,1675.5,1587.01,502.71,8.723333359,500.2133423,13.1604,47.5896,64.549,1615.816992,7.931173985,28.86979943,18.33333397,34.125,42.59999847,2.821499571,25.74722252,3.446527481,1.021408337,129.9525009,90815.94688,6,3.512179895889003
AT_0000005,2002,1733.28,1624.15,509.94,8.723333359,508.2100037,13.1604,47.5896,64.549,1615.816992,7.931173985,28.86979943,18.33333397,34.125,42.59999847,2.821499571,25.85694466,3.415694475,1.052002759,129.382222,91147.59688,6,3.7585278829808386
AT_0000005,2003,1694.76,1575.35,531.1,8.723333359,528.8600037,13.1604,47.5896,64.549,1615.816992,7.931173985,28.86979943,18.33333397,34.125,42.59999847,2.821499571,25.78388939,3.351944208,1.061802759,133.4619461,92025.02031,6,3.793826063923559
AT_0000005,2004,1684.92,1557.99,532.5,8.723333359,530.2566772,13.1604,47.5896,64.549,1615.816992,7.931173985,28.86979943,18.33333397,34.125,42.59999847,2.821499571,25.78388939,3.371388674,1.055641663,135.5047241,92606.28281,6,3.8335801350984537
AT_0000005,2005,1757.35,1529.85,519.93,8.723333359,517.5566711,13.1604,47.5896,64.549,1615.816992,7.931173985,28.86979943,18.33333397,34.125,42.59999847,2.821499571,25.76555634,3.354999781,1.047791675,136.5416687,96645.34219,6,3.7571605309950873
AT_0000005,2006,1839.2,1514.13,524.97,8.723333359,523.7033386,13.1604,47.5896,64.549,1615.816992,7.931173985,28.86979943,18.33333397,34.125,42.59999847,2.821499571,25.90166702,3.410416842,1.041916675,137.4816711,99155.59688,6,4.305521220866954
AT_0000005,2007,1766.98,1502.19,532.07,8.723333359,528.630011,13.1604,47.5896,64.549,1615.816992,7.931173985,28.86979943,18.33333397,34.125,42.59999847,2.821499571,25.82305641,3.511249781,1.037313892,138.9794525,99842.61719,6,3.6068084791899575
AT_0000005,2008,1829.75,1537.88,513.88,8.723333359,509.8333374,13.1604,47.5896,64.549,1615.816992,7.931173985,28.86979943,18.33333397,34.125,42.59999847,2.821499571,25.81055641,3.400138855,1.018630554,135.4127869,99620.90469,6,3.31125667991454
AT_0000005,2009,1945.12,1578.85,528.61,8.723333359,524.5633301,13.1604,47.5896,64.549,1615.816992,7.931173985,28.86979943,18.33333397,34.125,42.59999847,2.821499571,25.81055641,3.442777872,1.009238867,134.9786194,97571.01719,6,3.3364605950821886
AT_0000007,1989,1503.39,1327.48,557.86,7.549444962,555.7050049,12.6937,47.5812,110.8172,1246.385645,8.161493329,26.08736298,23.28125,41.61458206,31.33333397,0.548928756,27.13645706,2.445364714,1.785882031,132.4889557,6109.039746,6,4.629050913516878
AT_0000007,1990,1482.84,1326.04,574.8,7.549444962,570.4950195,12.6937,47.5812,110.8172,1246.385645,8.161493329,26.08736298,23.28125,41.61458206,31.33333397,0.548928756,26.97468605,2.537603855,1.782307031,132.4137482,6210.387012,6,4.133937915545526
AT_0000007,1991,1506.33,1343.76,572.09,7.549444962,566.3350098,12.6937,47.5812,110.8172,1246.385645,8.161493329,26.08736298,23.28125,41.61458206,31.33333397,0.548928756,26.71291542,2.49760437,1.793661182,132.3680206,6338.722656,6,3.7955174361243573
AT_0000007,1992,1492.79,1311.51,593.02,7.549444962,576.1637573,12.6937,47.5812,110.8172,1246.385645,8.161493329,26.08736298,23.28125,41.61458206,31.33333397,0.548928756,26.46051979,2.569322824,1.790741748,133.6515656,6415.993652,6,3.0200132508862447
AT_0000007,1993,1424.11,1276.68,594.4,7.549444962,574.4375122,12.6937,47.5812,110.8172,1246.385645,8.161493329,26.08736298,23.28125,41.61458206,31.33333397,0.548928756,26.21249924,2.689479113,1.786713965,133.7501068,6484.45127,6,2.9400798465950704
AT_0000007,1994,1409.43,1281.83,613.55,7.549444962,589.6287598,12.6937,47.5812,110.8172,1246.385645,8.161493329,26.08736298,23.28125,41.61458206,31.33333397,0.548928756,26.01374969,2.661145687,1.775008374,135.1460449,6546.854492,6,2.8683616693093588
AT_0000007,1995,1526.88,1288.53,595.7,7.549444962,572.1449951,12.6937,47.5812,110.8172,1246.385645,8.161493329,26.08736298,23.28125,41.61458206,31.33333397,0.548928756,25.82541618,2.716093779,1.765645874,133.8284393,6626.818164,6,2.768212316496892
AT_0000007,1996,1587.01,1295.36,584.13,7.549444962,562.7550049,12.6937,47.5812,110.8172,1246.385645,8.161493329,26.08736298,23.28125,41.61458206,31.33333397,0.548928756,25.97197876,2.551979065,1.777352856,132.2043732,6706.751758,6,2.7804723059304415
AT_0000007,1997,1541.56,1298.68,572.84,7.549444962,559.40625,12.6937,47.5812,110.8172,1246.385645,8.161493329,26.08736298,23.28125,41.61458206,31.33333397,0.548928756,25.84447861,2.616926908,1.784501416,131.9664551,6785.353027,6,3.1306062343095684
AT_0000007,1998,1565.05,1305.97,570.06,7.549444962,557.5612549,12.6937,47.5812,110.8172,1246.385645,8.161493329,26.08736298,23.28125,41.61458206,31.33333397,0.548928756,25.84687462,2.722552061,1.806131934,131.3370819,6936.038574,6,3.163227580830639
AT_0000007,1999,1617.91,1338.39,548.65,7.549444962,540.7525024,12.6937,47.5812,110.8172,1246.385645,8.161493329,26.08736298,23.28125,41.61458206,31.33333397,0.548928756,26.13645744,2.611979008,1.822215234,128.834166,7035.194824,6,3.3607985601007218
AT_0000007,2000,1645.9,1364.72,562.42,7.549444962,556.7012573,12.6937,47.5812,110.8172,1246.385645,8.161493329,26.08736298,23.28125,41.61458206,31.33333397,0.548928756,26.58374901,2.684583187,1.854563867,129.5053146,7196.424512,6,3.6795363642749828
AT_0000007,2001,1691.32,1375.96,578.22,7.549444962,569.3037476,12.6937,47.5812,110.8172,1246.385645,8.161493329,26.08736298,23.28125,41.61458206,31.33333397,0.548928756,26.56301994,2.653281212,1.877155518,130.6444809,7341.189258,6,3.3712600885646693
AT_0000007,2002,1791.15,1412.48,584.63,7.549444962,578.4112549,12.6937,47.5812,110.8172,1246.385645,8.161493329,26.08736298,23.28125,41.61458206,31.33333397,0.548928756,26.87624931,2.604687691,1.917338818,129.8669815,7541.302441,6,3.6534546626114337
AT_0000007,2003,1723.62,1375.6,609.38,7.549444962,603.0787598,12.6937,47.5812,110.8172,1246.385645,8.161493329,26.08736298,23.28125,41.61458206,31.33333397,0.548928756,26.77718697,2.54812479,1.940848584,133.8545853,7661.793848,6,3.9091084364473017
AT_0000007,2004,1728.34,1345.79,611.44,7.549444962,605.1387573,12.6937,47.5812,110.8172,1246.385645,8.161493329,26.08736298,23.28125,41.61458206,31.33333397,0.548928756,26.77718697,2.570677042,1.953206982,135.9609375,7819.149609,6,4.006832233096158
AT_0000007,2005,1697.19,1317.59,600.64,7.549444962,594.2012695,12.6937,47.5812,110.8172,1246.385645,8.161493329,26.08736298,23.28125,41.61458206,31.33333397,0.548928756,26.75739555,2.535520554,1.939212476,136.9873962,7937.579004,6,3.9808926055659444
AT_0000007,2006,1700.13,1294.63,603.03,7.549444962,598.0625244,12.6937,47.5812,110.8172,1246.385645,8.161493329,26.08736298,23.28125,41.61458206,31.33333397,0.548928756,26.76166611,2.619479179,1.935795801,138.0353149,8032.476074,6,4.333218733049702
AT_0000007,2007,1588.55,1281.75,606.09,7.549444962,593.3212646,12.6937,47.5812,110.8172,1246.385645,8.161493329,26.08736298,23.28125,41.61458206,31.33333397,0.548928756,26.62260361,2.707812309,1.940981934,139.5792725,8070.068359,6,3.4406518558060815
AT_0000007,2008,1634.12,1315.21,584.17,7.549444962,569.4587646,12.6937,47.5812,110.8172,1246.385645,8.161493329,26.08736298,23.28125,41.61458206,31.33333397,0.548928756,26.74645767,2.595208406,1.907079126,136.0171906,8154.850293,6,3.0841654337484186
AT_0000007,2009,1641.4,1347.97,595.51,7.549444962,580.6425171,12.6937,47.5812,110.8172,1246.385645,8.161493329,26.08736298,23.28125,41.61458206,31.33333397,0.548928756,26.72395782,2.623437405,1.898234619,135.5157318,8202.399023,6,3.0776990470011283
AT_0000012,1990,1102.09,1282.36,532.32,4.633809853,530.3700073,12.7354,47.3646,152.0805,1542.742923,5.113095552,24.41514748,15.67261887,53.875,25.64634132,1.558282565,23.49309578,2.780892849,1.846608276,135.6092804,8582.331641,6,4.626140542766625
AT_0000012,1991,1102.09,1302.32,527.6,4.633809853,525.3785767,12.7354,47.3646,152.0805,1542.742923,5.113095552,24.41514748,15.67261887,53.875,25.64634132,1.558282565,23.42583427,2.746845484,1.841478564,135.50047,8756.837695,6,4.4013220120782846
AT_0000012,1992,1040.1,1270.93,543.96,4.633809853,537.1571533,12.7354,47.3646,152.0805,1542.742923,5.113095552,24.41514748,15.67261887,53.875,25.64634132,1.558282565,23.29166756,2.809583426,1.824129395,136.6899963,8836.192383,6,3.6145857138468602
AT_0000012,1993,993.34,1240.15,545.02,4.633809853,536.1614502,12.7354,47.3646,152.0805,1542.742923,5.113095552,24.41514748,15.67261887,53.875,25.64634132,1.558282565,23.09726257,2.934821367,1.808105615,136.7810699,8916.360156,6,3.457153696219473
AT_0000012,1994,961.97,1245.55,564.63,4.633809853,552.5228882,12.7354,47.3646,152.0805,1542.742923,5.113095552,24.41514748,15.67261887,53.875,25.64634132,1.558282565,22.87940483,2.897976398,1.814137354,138.1054718,8998.653516,6,3.291700495848841
AT_0000012,1995,1012.16,1247.14,549.67,4.633809853,535.8614563,12.7354,47.3646,152.0805,1542.742923,5.113095552,24.41514748,15.67261887,53.875,25.64634132,1.558282565,22.44249992,2.948750019,1.798225464,136.8791656,9068.891211,6,3.065794771932958
AT_0000012,1996,1054.78,1257.59,541.78,4.633809853,528.4700317,12.7354,47.3646,152.0805,1542.742923,5.113095552,24.41514748,15.67261887,53.875,25.64634132,1.558282565,22.01619034,2.810059309,1.813565112,135.2557159,9080.799609,6,3.0265500876112204
AT_0000012,1997,1039.35,1260.94,526.74,4.633809853,515.3257507,12.7354,47.3646,152.0805,1542.742923,5.113095552,24.41514748,15.67261887,53.875,25.64634132,1.558282565,21.89904747,2.86107111,1.847077002,135.0632141,9067.532227,6,3.058098965506229
AT_0000012,1998,1045.62,1277.93,520.7,4.633809853,510.4543213,12.7354,47.3646,152.0805,1542.742923,5.113095552,24.41514748,15.67261887,53.875,25.64634132,1.558282565,21.97654724,2.956845045,1.873055127,134.5261871,9189.273047,6,3.0779019475068026
AT_0000012,1999,1116.73,1315.9,499.16,4.633809853,492.3857422,12.7354,47.3646,152.0805,1542.742923,5.113095552,24.41514748,15.67261887,53.875,25.64634132,1.558282565,22.22630959,2.860714436,1.860409546,132.137735,9290.415234,6,3.2046263425743553
AT_0000012,2000,1138.66,1356.57,511.92,4.633809853,508.3514465,12.7354,47.3646,152.0805,1542.742923,5.113095552,24.41514748,15.67261887,53.875,25.64634132,1.558282565,22.83476257,2.926666737,1.88664165,132.8182129,9428.236719,6,3.728372308038415
AT_0000012,2001,1143.91,1360.56,524.79,4.633809853,520.1157349,12.7354,47.3646,152.0805,1542.742923,5.113095552,24.41514748,15.67261887,53.875,25.64634132,1.558282565,23.25702362,2.903809309,1.891350854,134.0783325,9609.801172,6,3.5917605756260165
AT_0000012,2002,1192.01,1394.79,534.97,4.633809853,532.8971497,12.7354,47.3646,152.0805,1542.742923,5.113095552,24.41514748,15.67261887,53.875,25.64634132,1.558282565,23.49738083,2.843095064,1.902290967,133.1985718,9957.775781,6,4.269614832659321
AT_0000012,2003,1137.64,1362.53,557.99,4.633809853,555.5685669,12.7354,47.3646,152.0805,1542.742923,5.113095552,24.41514748,15.67261887,53.875,25.64634132,1.558282565,23.4376194,2.803570986,1.895585449,137.0203583,10235.76914,6,4.416480080388901
AT_0000012,2004,1117.69,1330.13,560.05,4.633809853,557.6285645,12.7354,47.3646,152.0805,1542.742923,5.113095552,24.41514748,15.67261887,53.875,25.64634132,1.558282565,23.4376194,2.820059538,1.899864355,138.9914307,10600.69941,6,4.532271322418374
AT_0000012,2005,1114.63,1289.48,550.06,4.633809853,547.6357056,12.7354,47.3646,152.0805,1542.742923,5.113095552,24.41514748,15.67261887,53.875,25.64634132,1.558282565,23.43642883,2.788809299,1.880975879,139.9044067,12021.9041,6,4.569223662389847
AT_0000012,2006,1114.63,1266.55,555.63,4.633809853,552.9399902,12.7354,47.3646,152.0805,1542.742923,5.113095552,24.41514748,15.67261887,53.875,25.64634132,1.558282565,23.34428673,2.875654697,1.87250437,140.8667847,13434.08164,6,4.600695516114332
AT_0000012,2007,1068.63,1257.28,559.84,4.633809853,555.9900024,12.7354,47.3646,152.0805,1542.742923,5.113095552,24.41514748,15.67261887,53.875,25.64634132,1.558282565,23.29916763,2.950237989,1.865833276,142.524408,14805.67539,6,4.322696489750056
AT_0000012,2008,1136.56,1289.19,539.33,4.633809853,535.7928711,12.7354,47.3646,152.0805,1542.742923,5.113095552,24.41514748,15.67261887,53.875,25.64634132,1.558282565,23.39333382,2.855595827,1.852569385,138.9710754,15986.46094,6,4.123531073194332
AT_0000012,2009,1139.73,1321.47,552.88,4.633809853,549.2885864,12.7354,47.3646,152.0805,1542.742923,5.113095552,24.41514748,15.67261887,53.875,25.64634132,1.558282565,23.38523827,2.892440319,1.85630354,138.5360718,16757.88809,6,4.132561355053759
AT_0000026,1989,1247.37,1233.01,510.37,4.246666861,507.0049866,12.1396,47.4187,134.5782,1577.858643,7.781612094,21.34011341,12.9921875,57.8359375,26.60483932,2.322023141,24.98225021,2.915500164,1.52425835,138.4264954,33949.67188,6,4.079910877336634
AT_0000026,1990,1219.24,1244.61,521.31,4.246666861,518.5960022,12.1396,47.4187,134.5782,1577.858643,7.781612094,21.34011341,12.9921875,57.8359375,26.60483932,2.322023141,25.4440834,3.010500431,1.53288125,138.2900848,33802.75703,6,4.339348560881088
AT_0000026,1991,998.84,1260.77,514.12,4.246666861,510.1290039,12.1396,47.4187,134.5782,1577.858643,7.781612094,21.34011341,12.9921875,57.8359375,26.60483932,2.322023141,25.3814167,2.948833466,1.542000024,138.3312531,34184.15313,6,3.882665092699272
AT_0000026,1992,942.79,1236.47,530.52,4.246666861,521.1690063,12.1396,47.4187,134.5782,1577.858643,7.781612094,21.34011341,12.9921875,57.8359375,26.60483932,2.322023141,25.20458374,3.024999857,1.533175024,139.4444214,34155.10938,6,3.3118918336433434
AT_0000026,1993,977.73,1214.1,533.11,4.246666861,521.9190308,12.1396,47.4187,134.5782,1577.858643,7.781612094,21.34011341,12.9921875,57.8359375,26.60483932,2.322023141,25.06733398,3.1615417,1.520287524,139.706842,34253.78672,6,3.2192492557473877
AT_0000026,1994,933.18,1214.76,551.54,4.246666861,539.3490295,12.1396,47.4187,134.5782,1577.858643,7.781612094,21.34011341,12.9921875,57.8359375,26.60483932,2.322023141,24.94433327,3.128708124,1.529950024,140.8528442,34260.00078,6,3.2676109822221338
AT_0000029,1989,881.98,1088.28,485.19,5.217666817,476.5950195,11.4604,47.1146,61.6433,1945.692135,7.028748187,23.97680938,11.64999962,62.625,23.89999962,1.311447782,19.80666695,3.06906271,1.486665039,142.6466705,174607.6219,6,3.42122419986782
AT_0000029,1990,861.47,1100.41,494.26,5.217666817,489.592511,11.4604,47.1146,61.6433,1945.692135,7.028748187,23.97680938,11.64999962,62.625,23.89999962,1.311447782,20.54020882,3.168124914,1.507305054,142.483963,168473.4813,6,4.048273417315512
AT_0000029,1991,861.47,1094.08,485.69,5.217666817,477.9450073,11.4604,47.1146,61.6433,1945.692135,7.028748187,23.97680938,11.64999962,62.625,23.89999962,1.311447782,20.81833382,3.083854198,1.509061743,142.6752136,165903.3219,6,3.5064454925047777
AT_0000029,1992,827.84,1085.95,500.46,5.217666817,489.7875122,11.4604,47.1146,61.6433,1945.692135,7.028748187,23.97680938,11.64999962,62.625,23.89999962,1.311447782,20.68166695,3.172708035,1.499880078,143.6383362,161758.7656,6,3.346890477535239
AT_0000029,1993,789.68,1075.46,503.95,5.217666817,492.0150146,11.4604,47.1146,61.6433,1945.692135,7.028748187,23.97680938,11.64999962,62.625,23.89999962,1.311447782,20.61645851,3.322083235,1.508541724,144.1089569,160554.2656,6,3.2961103282751654
AT_0000029,1994,753.79,1075.04,520.37,5.217666817,507.4725159,11.4604,47.1146,61.6433,1945.692135,7.028748187,23.97680938,11.64999962,62.625,23.89999962,1.311447782,20.39750061,3.279895782,1.517051709,145.0154144,159317.2969,6,3.35291540929218
AT_0000032,1989,975.6,1236.54,564.77,5.134722424,560.4099731,12.3979,47.5229,141.525,1268.667862,6.223019682,21.69521752,17.25,48.65277863,29.71739197,0.796076622,26.16565514,2.354255676,1.842397192,135.2903015,14202.0252,6,4.314741955960299
AT_0000032,1990,1005.56,1243.32,579.79,5.134722424,574.1228271,12.3979,47.5229,141.525,1268.667862,6.223019682,21.69521752,17.25,48.65277863,29.71739197,0.796076622,26.28636971,2.448958158,1.852637427,135.1698853,14267.34219,6,4.163466480547658
AT_0000032,1991,1054.77,1263.29,576.45,5.134722424,569.4771118,12.3979,47.5229,141.525,1268.667862,6.223019682,21.69521752,17.25,48.65277863,29.71739197,0.796076622,26.0689888,2.397916794,1.864941113,135.1719086,14573.52227,6,3.8657456942886514
AT_0000032,1992,1016.89,1232.04,596.14,5.134722424,578.9449707,12.3979,47.5229,141.525,1268.667862,6.223019682,21.69521752,17.25,48.65277863,29.71739197,0.796076622,25.70410767,2.469106913,1.841575415,136.3551208,14737.45566,6,3.197976244017539
AT_0000032,1993,1016.26,1204.42,597.85,5.134722424,576.7356934,12.3979,47.5229,141.525,1268.667862,6.223019682,21.69521752,17.25,48.65277863,29.71739197,0.796076622,25.44583435,2.599076986,1.829610156,136.5293457,14955.32559,6,3.067911248883799
AT_0000032,1994,1007.7,1205.54,616.14,5.134722424,593.3257202,12.3979,47.5229,141.525,1268.667862,6.223019682,21.69521752,17.25,48.65277863,29.71739197,0.796076622,25.33172836,2.571071386,1.833958276,137.7967896,15216.99121,6,3.106003707741701
AT_0000032,1995,1069.74,1210.4,600.0,5.134722424,577.1607178,12.3979,47.5229,141.525,1268.667862,6.223019682,21.69521752,17.25,48.65277863,29.71739197,0.796076622,25.150597,2.618958712,1.811465234,136.530957,15514.73008,6,2.9871032990913875
AT_0000032,1996,1096.27,1217.41,589.95,5.134722424,569.6328735,12.3979,47.5229,141.525,1268.667862,6.223019682,21.69521752,17.25,48.65277863,29.71739197,0.796076622,25.31184654,2.469226122,1.793893066,135.0073273,15661.39844,6,3.024324647433096
AT_0000032,1997,1091.14,1214.51,578.75,5.134722424,564.2343018,12.3979,47.5229,141.525,1268.667862,6.223019682,21.69521752,17.25,48.65277863,29.71739197,0.796076622,25.26404915,2.517202377,1.817611572,134.9531616,15712.77988,6,3.291296406363315
AT_0000032,1998,1078.3,1223.02,576.35,5.134722424,562.3878784,12.3979,47.5229,141.525,1268.667862,6.223019682,21.69521752,17.25,48.65277863,29.71739197,0.796076622,25.2358345,2.621279478,1.852165234,134.4712585,15961.0498,6,3.2912681879886443
AT_0000032,1999,1129.65,1275.25,555.7,5.134722424,544.5957275,12.3979,47.5229,141.525,1268.667862,6.223019682,21.69521752,17.25,48.65277863,29.71739197,0.796076622,25.5160717,2.52583313,1.839759253,132.0611389,16088.23438,6,3.2426143052112013
AT_0000032,2000,1128.45,1314.67,569.32,5.134722424,560.9000122,12.3979,47.5229,141.525,1268.667862,6.223019682,21.69521752,17.25,48.65277863,29.71739197,0.796076622,25.95517883,2.591994047,1.863761572,132.699173,16159.58184,6,3.4984942326166264
AT_0000032,2001,1108.25,1326.86,584.04,5.134722424,571.9850098,12.3979,47.5229,141.525,1268.667862,6.223019682,21.69521752,17.25,48.65277863,29.71739197,0.796076622,26.00785751,2.565416336,1.886687061,133.7638733,16258.85254,6,3.241563296516973
AT_0000032,2002,1159.6,1362.51,590.51,5.134722424,582.6643066,12.3979,47.5229,141.525,1268.667862,6.223019682,21.69521752,17.25,48.65277863,29.71739197,0.796076622,26.39071465,2.499940634,1.908956982,132.8064911,16600.24043,6,3.599362175987971
AT_0000032,2003,1099.69,1332.21,612.83,5.134722424,605.3685913,12.3979,47.5229,141.525,1268.667862,6.223019682,21.69521752,17.25,48.65277863,29.71739197,0.796076622,26.13273849,2.449791431,1.916170923,136.6145233,16816.06855,6,3.889309943611807
AT_0000032,2004,1055.51,1287.09,615.98,5.134722424,608.5171509,12.3979,47.5229,141.525,1268.667862,6.223019682,21.69521752,17.25,48.65277863,29.71739197,0.796076622,26.13238144,2.47610116,1.901966284,138.669223,17207.96387,6,4.049133323760795
AT_0000032,2005,1020.53,1240.17,605.6,5.134722424,597.8514404,12.3979,47.5229,141.525,1268.667862,6.223019682,21.69521752,17.25,48.65277863,29.71739197,0.796076622,26.09107208,2.432767868,1.888262134,139.6041046,17631.87578,6,4.075168029526783
AT_0000032,2006,1046.21,1204.09,609.47,5.134722424,600.7578613,12.3979,47.5229,141.525,1268.667862,6.223019682,21.69521752,17.25,48.65277863,29.71739197,0.796076622,25.90648918,2.532232046,1.869982446,140.6605927,17806.20039,6,4.109000952333129
AT_0000032,2007,988.44,1191.56,613.55,5.134722424,598.0571411,12.3979,47.5229,141.525,1268.667862,6.223019682,21.69521752,17.25,48.65277863,29.71739197,0.796076622,25.76619148,2.610029459,1.844482886,142.2857697,17821.40859,6,3.5469721192358303
AT_0000032,2008,1042.64,1227.94,593.78,5.134722424,577.4328369,12.3979,47.5229,141.525,1268.667862,6.223019682,21.69521752,17.25,48.65277863,29.71739197,0.796076622,26.11559639,2.507618666,1.806330542,138.7297577,17683.8707,6,3.2431031204206553
AT_0000032,2009,1067.6,1257.68,605.02,5.134722424,588.3349976,12.3979,47.5229,141.525,1268.667862,6.223019682,21.69521752,17.25,48.65277863,29.71739197,0.796076622,26.06137009,2.533154964,1.814770825,138.2351746,17251.16914,6,3.2254752018688375
AT_0000032,2010,1018.39,1253.59,602.36,5.134722424,586.31427,12.3979,47.5229,141.525,1268.667862,6.223019682,21.69521752,17.25,48.65277863,29.71739197,0.796076622,26.15309601,2.496547699,1.802589355,136.2213623,16910.93242,6,3.2567660795035662
AT_0000032,2011,934.95,1257.23,614.24,5.134722424,597.6564209,12.3979,47.5229,141.525,1268.667862,6.223019682,21.69521752,17.25,48.65277863,29.71739197,0.796076622,26.0980957,2.428005934,1.846642163,136.7211273,16490.06973,6,3.295327466432952
AT_0000032,2012,978.28,1262.55,618.38,5.134722424,608.1185669,12.3979,47.5229,141.525,1268.667862,6.223019682,21.69521752,17.25,48.65277863,29.71739197,0.796076622,25.9829174,2.500178814,1.844860693,135.9045227,16112.0334,6,3.811175079253005
AT_0000040,1989,425.97,1405.36,503.87,7.918444157,497.7600098,14.5479,46.9396,126.6087,1316.31556,4.791322627,23.28796699,15.72500038,52.125,30.77142906,1.96184996,20.06114578,2.874531269,2.323969531,133.3956268,10524.7541,6,3.1563519333512597
AT_0000040,1990,399.34,1403.1,515.33,7.918444157,509.9375061,14.5479,46.9396,126.6087,1316.31556,4.791322627,23.28796699,15.72500038,52.125,30.77142906,1.96184996,20.35864563,2.900728941,2.359045605,133.6859406,11062.66309,6,3.3289078435515718
AT_0000040,1991,396.92,1440.03,509.03,7.918444157,506.7537598,14.5479,46.9396,126.6087,1316.31556,4.791322627,23.28796699,15.72500038,52.125,30.77142906,1.96184996,20.57374954,2.924791574,2.392666113,132.8036499,11780.99785,6,3.8864169002790563
AT_0000040,1992,393.16,1427.59,525.01,7.918444157,514.6300171,14.5479,46.9396,126.6087,1316.31556,4.791322627,23.28796699,15.72500038,52.125,30.77142906,1.96184996,20.11541634,3.018645763,2.391687256,134.6215668,12396.49414,6,2.8402576712052654
AT_0000040,1993,389.66,1433.54,529.02,7.918444157,516.5062622,14.5479,46.9396,126.6087,1316.31556,4.791322627,23.28796699,15.72500038,52.125,30.77142906,1.96184996,19.97260399,3.139062405,2.381644482,134.5989594,13040.575,6,2.7108409150069144
AT_0000040,1994,392.08,1424.9,550.35,7.918444157,537.2050171,14.5479,46.9396,126.6087,1316.31556,4.791322627,23.28796699,15.72500038,52.125,30.77142906,1.96184996,20.15531235,2.980781317,2.382211719,136.1759369,13710.0127,6,2.796327949262631
AT_0000040,1995,401.76,1403.08,540.19,7.918444157,523.291272,14.5479,46.9396,126.6087,1316.31556,4.791322627,23.28796699,15.72500038,52.125,30.77142906,1.96184996,19.67791672,3.086145878,2.350104492,135.2388519,13876.26152,6,2.5778969890874324
AT_0000040,1996,398.01,1404.77,536.14,7.918444157,519.2387695,14.5479,46.9396,126.6087,1316.31556,4.791322627,23.28796699,15.72500038,52.125,30.77142906,1.96184996,19.15239601,2.957812548,2.340453418,133.6246872,13942.54316,6,2.5555271873427956
AT_0000040,1997,389.66,1374.8,523.86,7.918444157,514.7125122,14.5479,46.9396,126.6087,1316.31556,4.791322627,23.28796699,15.72500038,52.125,30.77142906,1.96184996,19.56062508,3.026093483,2.381560107,132.5201035,14087.20547,6,3.0147601668191832
AT_0000040,1998,401.76,1388.25,518.83,7.918444157,510.373761,14.5479,46.9396,126.6087,1316.31556,4.791322627,23.28796699,15.72500038,52.125,30.77142906,1.96184996,19.59322929,3.091927052,2.39798623,131.8175003,14357.16953,6,3.02448846460662
AT_0000040,1999,416.28,1410.78,502.66,7.918444157,496.0437561,14.5479,46.9396,126.6087,1316.31556,4.791322627,23.28796699,15.72500038,52.125,30.77142906,1.96184996,19.76020851,3.035104036,2.389072266,129.7037506,14449.12207,6,3.0798929083583935
AT_0000040,2000,431.99,1433.48,522.38,7.918444157,519.9712585,14.5479,46.9396,126.6087,1316.31556,4.791322627,23.28796699,15.72500038,52.125,30.77142906,1.96184996,20.35260468,3.059270859,2.420339502,131.1484375,14592.39746,6,3.95532627568535
AT_0000040,2001,418.71,1361.63,538.26,7.918444157,531.0500061,14.5479,46.9396,126.6087,1316.31556,4.791322627,23.28796699,15.72500038,52.125,30.77142906,1.96184996,20.4888546,3.090468645,2.432909473,133.270314,14687.21563,6,3.3219621111805995
AT_0000040,2002,413.86,1387.53,548.9,7.918444157,541.1212585,14.5479,46.9396,126.6087,1316.31556,4.791322627,23.28796699,15.72500038,52.125,30.77142906,1.96184996,20.41333389,3.011301994,2.413267822,133.0208359,14931.2875,6,3.2770126332435336
AT_0000040,2003,382.4,1342.09,570.58,7.918444157,563.3450073,14.5479,46.9396,126.6087,1316.31556,4.791322627,23.28796699,15.72500038,52.125,30.77142906,1.96184996,20.42093811,2.978437424,2.394655029,136.5843765,15067.26016,6,3.5808559317605426
AT_0000040,2004,368.89,1342.05,568.57,7.918444157,561.3275146,14.5479,46.9396,126.6087,1316.31556,4.791322627,23.28796699,15.72500038,52.125,30.77142906,1.96184996,20.42093811,2.980208397,2.37850835,137.5967743,15463.97852,6,3.5658103567468493
AT_0000040,2005,358.2,1342.7,550.15,7.918444157,542.3175049,14.5479,46.9396,126.6087,1316.31556,4.791322627,23.28796699,15.72500038,52.125,30.77142906,1.96184996,20.37677116,3.019374847,2.362176709,137.5922974,15711.06895,6,3.368917569831447
AT_0000040,2006,355.78,1359.37,551.68,7.918444157,540.9075073,14.5479,46.9396,126.6087,1316.31556,4.791322627,23.28796699,15.72500038,52.125,30.77142906,1.96184996,20.52208366,3.009583235,2.359088965,137.8672943,15745.17285,6,3.0744260938992625
AT_0000040,2007,353.36,1353.56,556.27,7.918444157,543.6525024,14.5479,46.9396,126.6087,1316.31556,4.791322627,23.28796699,15.72500038,52.125,30.77142906,1.96184996,20.51875038,3.128020763,2.365103955,139.1346893,15631.67988,6,2.978771777091467
AT_0000040,2008,364.03,1402.94,537.04,7.918444157,525.0825073,14.5479,46.9396,126.6087,1316.31556,4.791322627,23.28796699,15.72500038,52.125,30.77142906,1.96184996,20.58500023,3.078281403,2.357874561,135.5656281,15431.83379,6,2.8327581909662713
AT_0000040,2009,365.46,1440.0,551.58,7.918444157,539.6262573,14.5479,46.9396,126.6087,1316.31556,4.791322627,23.28796699,15.72500038,52.125,30.77142906,1.96184996,20.58500023,3.10718751,2.352800146,135.7254181,15054.79941,6,2.8554580269795453
AT_0000040,2010,350.94,1438.46,547.15,7.918444157,536.1975098,14.5479,46.9396,126.6087,1316.31556,4.791322627,23.28796699,15.72500038,52.125,30.77142906,1.96184996,20.68750038,3.091562271,2.340230127,133.5829163,14901.31816,6,2.9028254465665464
AT_0000040,2011,348.52,1415.83,556.91,7.918444157,552.7825073,14.5479,46.9396,126.6087,1316.31556,4.791322627,23.28796699,15.72500038,52.125,30.77142906,1.96184996,20.73312531,2.984062672,2.357765674,134.8570831,14802.72422,6,3.805160158592783
AT_0000040,2012,381.02,1425.14,560.5,7.918444157,558.8525024,14.5479,46.9396,126.6087,1316.31556,4.791322627,23.28796699,15.72500038,52.125,30.77142906,1.96184996,20.71135445,3.139478922,2.381298389,134.3671875,14677.01074,6,4.602225546840306
AT_0000048,1990,1268.09,1623.0,419.23,5.780833244,419.0766846,13.1729,46.9812,89.6358,2059.995923,7.567530731,22.50857244,12.27083302,59.91666794,21.20833397,1.222338021,13.51930408,4.345208168,1.059281799,138.9001373,6224.54082,6,4.701976906267507
AT_0000048,1991,1382.7,1644.55,402.98,5.780833244,402.8633362,13.1729,46.9812,89.6358,2059.995923,7.567530731,22.50857244,12.27083302,59.91666794,21.20833397,1.222338021,13.52763729,4.348819256,1.067829541,138.4795837,6310.808008,6,4.693320348693988
AT_0000048,1992,1334.59,1604.79,417.85,5.780833244,417.3333313,13.1729,46.9812,89.6358,2059.995923,7.567530731,22.50857244,12.27083302,59.91666794,21.20833397,1.222338021,13.51583157,4.399513721,1.07765,139.6690277,6336.774121,6,3.9521732841870643
AT_0000048,1993,1397.49,1565.56,420.94,5.780833244,419.9683167,13.1729,46.9812,89.6358,2059.995923,7.567530731,22.50857244,12.27083302,59.91666794,21.20833397,1.222338021,13.50402584,4.534166813,1.066417407,139.7458344,6343.223242,6,3.635405338690407
AT_0000048,1994,1393.8,1581.78,439.31,5.780833244,437.2749817,13.1729,46.9812,89.6358,2059.995923,7.567530731,22.50857244,12.27083302,59.91666794,21.20833397,1.222338021,13.4073595,4.438194275,1.049581836,140.9845856,6355.077832,6,3.264205367919306
AT_0000052,1989,695.79,1367.32,498.88,6.773333836,495.4143799,14.9104,47.3896,275.0904,1321.989046,5.979810215,24.75613406,16.17261887,50.88690567,29.58974266,1.59982685,26.99239731,3.145338535,1.764929297,130.3997421,7447.501953,6,3.633231403271722
AT_0000052,1990,704.1,1350.11,509.69,6.773333836,506.0674988,14.9104,47.3896,275.0904,1321.989046,5.979810215,24.75613406,16.17261887,50.88690567,29.58974266,1.59982685,27.10828285,3.167291641,1.776510693,130.713649,7575.589746,6,3.7137905354611
AT_0000052,1991,708.85,1390.61,502.04,6.773333836,500.4825012,14.9104,47.3896,275.0904,1321.989046,5.979810215,24.75613406,16.17261887,50.88690567,29.58974266,1.59982685,27.31760635,3.156353951,1.772019849,129.7659409,7801.917773,6,4.242467444018785
AT_0000052,1992,739.36,1380.63,518.68,6.773333836,510.6024963,14.9104,47.3896,275.0904,1321.989046,5.979810215,24.75613406,16.17261887,50.88690567,29.58974266,1.59982685,26.85791855,3.295286417,1.771626636,131.7805252,7975.543164,6,3.072243458694176
AT_0000052,1993,772.96,1379.11,522.91,6.773333836,513.1256165,14.9104,47.3896,275.0904,1321.989046,5.979810215,24.75613406,16.17261887,50.88690567,29.58974266,1.59982685,26.74380379,3.365781307,1.757732227,131.6553665,8121.49082,6,2.9488875074919094
AT_0000052,1994,710.03,1353.58,543.9,6.773333836,532.5381226,14.9104,47.3896,275.0904,1321.989046,5.979810215,24.75613406,16.17261887,50.88690567,29.58974266,1.59982685,26.57890778,3.234452963,1.782433008,133.3583862,8256.372656,6,2.993862388683097
AT_0000052,1995,698.16,1358.65,535.05,6.773333836,521.721875,14.9104,47.3896,275.0904,1321.989046,5.979810215,24.75613406,16.17261887,50.88690567,29.58974266,1.59982685,25.86302185,3.355130196,1.758550854,132.3189575,8377.06875,6,2.804204167649652
AT_0000052,1996,720.31,1360.36,530.76,6.773333836,517.475,14.9104,47.3896,275.0904,1321.989046,5.979810215,24.75613406,16.17261887,50.88690567,29.58974266,1.59982685,25.20364647,3.170104027,1.776880957,130.6575516,8473.339844,6,2.7804665602962495
AT_0000052,1997,707.66,1353.07,516.68,6.773333836,509.6843811,14.9104,47.3896,275.0904,1321.989046,5.979810215,24.75613406,16.17261887,50.88690567,29.58974266,1.59982685,25.62541733,3.300989628,1.832697241,129.3853134,8546.068555,6,3.223127798287339
AT_0000052,1998,706.47,1367.58,510.38,6.773333836,504.3031311,14.9104,47.3896,275.0904,1321.989046,5.979810215,24.75613406,16.17261887,50.88690567,29.58974266,1.59982685,25.66567802,3.36377573,1.858453223,128.4313034,8809.53418,6,3.2678375602877328
AT_0000052,1999,734.97,1393.84,493.16,6.773333836,488.7668762,14.9104,47.3896,275.0904,1321.989046,5.979810215,24.75613406,16.17261887,50.88690567,29.58974266,1.59982685,25.84823036,3.258124828,1.854977075,125.8788559,9021.454297,6,3.358750633620272
AT_0000052,2000,766.75,1405.41,511.69,6.773333836,509.7799988,14.9104,47.3896,275.0904,1321.989046,5.979810215,24.75613406,16.17261887,50.88690567,29.58974266,1.59982685,26.62812691,3.327890635,1.880025903,127.0835983,9247.673633,6,4.121971143639553
AT_0000052,2001,729.03,1347.33,526.02,6.773333836,520.2693787,14.9104,47.3896,275.0904,1321.989046,5.979810215,24.75613406,16.17261887,50.88690567,29.58974266,1.59982685,26.84093933,3.311484337,1.89437356,129.1494843,9449.674414,6,3.4566991233020783
AT_0000052,2002,706.47,1373.0,536.93,6.773333836,530.1362549,14.9104,47.3896,275.0904,1321.989046,5.979810215,24.75613406,16.17261887,50.88690567,29.58974266,1.59982685,26.62776222,3.247734308,1.877196558,129.2126068,9842.160156,6,3.3402536710447213
AT_0000052,2003,657.79,1313.49,557.67,6.773333836,549.1512573,14.9104,47.3896,275.0904,1321.989046,5.979810215,24.75613406,16.17261887,50.88690567,29.58974266,1.59982685,26.410783,3.181093693,1.849360767,133.1419281,10130.32012,6,3.409546506724259
AT_0000052,2004,672.69,1314.65,556.69,6.773333836,548.1762573,14.9104,47.3896,275.0904,1321.989046,5.979810215,24.75613406,16.17261887,50.88690567,29.58974266,1.59982685,26.410783,3.19494772,1.787129785,134.6176575,10528.81543,6,3.4007430040693545
AT_0000052,2005,682.73,1320.63,538.89,6.773333836,529.4325195,14.9104,47.3896,275.0904,1321.989046,5.979810215,24.75613406,16.17261887,50.88690567,29.58974266,1.59982685,26.32422028,3.226822853,1.729338037,135.1166626,10973.7916,6,3.178605208581924
AT_0000052,2006,694.6,1347.02,542.64,6.773333836,534.0143921,14.9104,47.3896,275.0904,1321.989046,5.979810215,24.75613406,16.17261887,50.88690567,29.58974266,1.59982685,26.5163559,3.19101572,1.683217798,135.5753601,11276.46914,6,3.228785330017145
AT_0000052,2007,707.66,1342.73,547.0,6.773333836,536.4825195,14.9104,47.3896,275.0904,1321.989046,5.979810215,24.75613406,16.17261887,50.88690567,29.58974266,1.59982685,26.63312683,3.375911474,1.650108643,136.6144226,11467.00293,6,3.0969422535685642
AT_0000052,2008,758.41,1395.31,527.9,6.773333836,519.2681458,14.9104,47.3896,275.0904,1321.989046,5.979810215,24.75613406,16.17261887,50.88690567,29.58974266,1.59982685,26.8684391,3.300442696,1.611943579,133.0280151,11528.32324,6,3.0502549586744983
AT_0000052,2009,832.33,1437.77,541.81,6.773333836,533.1812683,14.9104,47.3896,275.0904,1321.989046,5.979810215,24.75613406,16.17261887,50.88690567,29.58974266,1.59982685,26.8684391,3.322604179,1.620824561,132.9480164,11446.62988,6,3.061806688894111
AT_0000052,2010,802.65,1421.32,536.02,6.773333836,528.8850098,14.9104,47.3896,275.0904,1321.989046,5.979810215,24.75613406,16.17261887,50.88690567,29.58974266,1.59982685,27.04239731,3.307135344,1.61873335,130.7198425,11398.26348,6,3.205607024683259
AT_0000052,2011,783.65,1380.63,544.69,6.773333836,539.4756348,14.9104,47.3896,275.0904,1321.989046,5.979810215,24.75613406,16.17261887,50.88690567,29.58974266,1.59982685,27.10213699,3.188567638,1.634066309,131.8822906,11310.3293,6,3.5978670518718823
AT_0000052,2012,842.95,1359.58,546.78,6.773333836,544.5893799,14.9104,47.3896,275.0904,1321.989046,5.979810215,24.75613406,16.17261887,50.88690567,29.58974266,1.59982685,27.14869919,3.325260401,1.631402026,131.3492218,11166.91738,6,4.417121469320571
AT_0000053,1989,557.96,1190.25,552.54,7.31857214,543.6585693,15.0437,47.3854,167.0635,1172.498456,5.046451396,28.86800308,20.375,43.7678566,34.38775635,1.51949247,29.45464325,2.571964502,2.050107568,130.4443512,6147.621191,6,3.647182065528988
AT_0000053,1990,567.38,1173.76,566.28,7.31857214,557.1457275,15.0437,47.3854,167.0635,1172.498456,5.046451396,28.86800308,20.375,43.7678566,34.38775635,1.51949247,29.57595291,2.590416431,2.065971436,130.7963165,6115.074805,6,3.783151877833677
AT_0000053,1991,582.46,1213.55,561.6,7.31857214,556.3164307,15.0437,47.3854,167.0635,1172.498456,5.046451396,28.86800308,20.375,43.7678566,34.38775635,1.51949247,29.88773918,2.573541641,2.077132495,129.7488159,6160.433594,6,4.1707160602528415
AT_0000053,1992,612.41,1201.58,582.34,7.31857214,562.8935669,15.0437,47.3854,167.0635,1172.498456,5.046451396,28.86800308,20.375,43.7678566,34.38775635,1.51949247,29.09351311,2.728809595,2.089182446,131.8813751,6129.469531,6,3.0554638424679146
AT_0000053,1993,637.13,1198.62,586.31,7.31857214,564.0864258,15.0437,47.3854,167.0635,1172.498456,5.046451396,28.86800308,20.375,43.7678566,34.38775635,1.51949247,28.95779877,2.790416956,2.074475684,131.7569153,6117.77793,6,2.954299679870537
AT_0000053,1994,582.46,1169.02,606.47,7.31857214,580.1171387,15.0437,47.3854,167.0635,1172.498456,5.046451396,28.86800308,20.375,43.7678566,34.38775635,1.51949247,28.57071533,2.647797823,2.087895605,133.4811401,6126.351367,6,2.9794370950240388
AT_0000084,1989,685.91,1223.4,554.88,8.093333626,547.0287598,15.7271,47.7729,80.6903,1152.589558,5.240117624,29.10170576,26.375,37.56944275,34.61403656,0.198355949,48.54770737,3.347968578,1.816575952,130.2254166,7631.413086,6,3.6913830875083335
AT_0000084,1990,658.31,1205.96,570.38,8.093333626,560.9450073,15.7271,47.7729,80.6903,1152.589558,5.240117624,29.10170576,26.375,37.56944275,34.61403656,0.198355949,48.46864471,3.397916555,1.842386157,130.6957291,7869.632227,6,3.684342907494505
AT_0000084,1991,729.27,1251.15,564.57,8.093333626,557.6187622,15.7271,47.7729,80.6903,1152.589558,5.240117624,29.10170576,26.375,37.56944275,34.61403656,0.198355949,48.87458191,3.361822844,1.84337229,129.6562515,8208.83252,6,3.8079436333386116
AT_0000084,1992,739.17,1226.9,585.36,8.093333626,564.8375122,15.7271,47.7729,80.6903,1152.589558,5.240117624,29.10170576,26.375,37.56944275,34.61403656,0.198355949,47.77656174,3.538437366,1.866708374,132.0845856,8506.859277,6,2.9636362247941874
AT_0000084,1993,737.15,1228.86,589.07,8.093333626,568.68125,15.7271,47.7729,80.6903,1152.589558,5.240117624,29.10170576,26.375,37.56944275,34.61403656,0.198355949,47.7711441,3.587968588,1.868433325,132.1591705,8745.888477,6,2.9891409651106837
AT_0000084,1994,654.37,1195.06,610.41,8.093333626,583.61875,15.7271,47.7729,80.6903,1152.589558,5.240117624,29.10170576,26.375,37.56944275,34.61403656,0.198355949,46.53687363,3.418541431,1.873384302,133.8525055,8949.870898,6,2.924004866463623
AT_0000092,1989,369.39,1074.99,613.23,9.007222652,589.2233398,16.0896,47.5896,114.8337,925.9046093,5.184455207,23.118451,17.79166603,46.73958206,34.45238113,1.336864638,48.91986313,3.045694351,2.431769385,132.6719391,38511.50859,6,3.4223624124266805
AT_0000092,1990,361.12,1063.06,630.34,9.007222652,604.3733398,16.0896,47.5896,114.8337,925.9046093,5.184455207,23.118451,17.79166603,46.73958206,34.45238113,1.336864638,48.99361267,3.088819265,2.463644482,133.1679138,38965.50234,6,3.5143926433459103
AT_0000092,1991,391.44,1108.82,625.58,9.007222652,605.0933472,16.0896,47.5896,114.8337,925.9046093,5.184455207,23.118451,17.79166603,46.73958206,34.45238113,1.336864638,49.86333542,3.0759027,2.480990332,131.9522247,40466.50938,6,3.6003421243442726
AT_0000092,1992,373.17,1084.68,650.58,9.007222652,604.8866943,16.0896,47.5896,114.8337,925.9046093,5.184455207,23.118451,17.79166603,46.73958206,34.45238113,1.336864638,48.25444641,3.221874952,2.51403208,134.3940277,41359.06875,6,2.8611052665143157
AT_0000092,1993,383.17,1085.11,653.14,9.007222652,608.5083496,16.0896,47.5896,114.8337,925.9046093,5.184455207,23.118451,17.79166603,46.73958206,34.45238113,1.336864638,47.78208542,3.272013903,2.508511182,134.4506958,42698.71641,6,2.9077623071359686
AT_0000092,1994,352.85,1067.65,674.49,9.007222652,619.8849976,16.0896,47.5896,114.8337,925.9046093,5.184455207,23.118451,17.79166603,46.73958206,34.45238113,1.336864638,46.3483345,3.083888769,2.530504297,136.1184784,43921.74531,6,2.841805977828862
AT_0000104,1989,1264.45,1276.38,528.5,7.688889027,525.1900024,14.7437,47.6062,250.3359,1207.077842,5.725852828,24.35088256,19.38541603,44.5625,34.03529358,1.1174546,31.26131897,2.831493139,1.83505,129.4149323,6740.029297,6,4.127416798646319
AT_0000104,1990,1226.82,1254.33,541.3,7.688889027,536.6875122,14.7437,47.6062,250.3359,1207.077842,5.725852828,24.35088256,19.38541603,44.5625,34.03529358,1.1174546,31.16479149,2.856006861,1.857541992,129.7517365,6841.744727,6,3.9962909185408098
AT_0000104,1991,1276.99,1290.92,536.06,7.688889027,533.0391907,14.7437,47.6062,250.3359,1207.077842,5.725852828,24.35088256,19.38541603,44.5625,34.03529358,1.1174546,31.38444443,2.832014084,1.863828467,128.8054199,7031.481055,6,4.23368782243145
AT_0000104,1992,1279.24,1275.7,554.95,7.688889027,542.8383606,14.7437,47.6062,250.3359,1207.077842,5.725852828,24.35088256,19.38541603,44.5625,34.03529358,1.1174546,30.71624985,2.990763903,1.868657593,130.9126419,7167.788086,6,3.158070937811581
AT_0000104,1993,1289.54,1267.37,558.48,7.688889027,544.1925354,14.7437,47.6062,250.3359,1207.077842,5.725852828,24.35088256,19.38541603,44.5625,34.03529358,1.1174546,30.5829174,3.051388741,1.863447534,130.7980576,7283.921973,6,3.0487660593208785
AT_0000104,1994,1167.86,1236.52,579.73,7.688889027,561.7850281,14.7437,47.6062,250.3359,1207.077842,5.725852828,24.35088256,19.38541603,44.5625,34.03529358,1.1174546,30.13118095,2.921215057,1.867577417,132.5268768,7390.247852,6,3.037060625892814
AT_0000104,1995,1211.77,1251.28,569.15,7.688889027,549.6200195,14.7437,47.6062,250.3359,1207.077842,5.725852828,24.35088256,19.38541603,44.5625,34.03529358,1.1174546,29.67354202,3.046319246,1.838800342,131.486113,7484.54834,6,2.86049477241366
AT_0000104,1996,1236.47,1258.5,562.57,7.688889027,543.3300171,14.7437,47.6062,250.3359,1207.077842,5.725852828,24.35088256,19.38541603,44.5625,34.03529358,1.1174546,29.34375038,2.839201212,1.840951733,129.8385422,7553.481641,6,2.821206090000711
AT_0000104,1997,1216.78,1265.61,547.91,7.688889027,537.3025146,14.7437,47.6062,250.3359,1207.077842,5.725852828,24.35088256,19.38541603,44.5625,34.03529358,1.1174546,29.93854256,2.984062433,1.870688916,128.5089584,7601.229297,6,3.252862910243821
AT_0000104,1998,1235.6,1281.33,542.42,7.688889027,533.2908447,14.7437,47.6062,250.3359,1207.077842,5.725852828,24.35088256,19.38541603,44.5625,34.03529358,1.1174546,30.01277809,3.059722185,1.881104541,127.4686127,7825.798535,6,3.3147873582153946
AT_0000104,1999,1275.74,1308.96,523.0,7.688889027,517.4825195,14.7437,47.6062,250.3359,1207.077842,5.725852828,24.35088256,19.38541603,44.5625,34.03529358,1.1174546,30.45694504,2.938958406,1.876338574,124.812709,8012.964258,6,3.553102365243231
AT_0000104,2000,1293.07,1312.2,541.02,7.688889027,537.6166809,14.7437,47.6062,250.3359,1207.077842,5.725852828,24.35088256,19.38541603,44.5625,34.03529358,1.1174546,30.97465324,3.013159752,1.893475366,125.9592377,8261.642188,6,4.107929866081812
AT_0000104,2001,1200.48,1268.67,556.31,7.688889027,548.2225098,14.7437,47.6062,250.3359,1207.077842,5.725852828,24.35088256,19.38541603,44.5625,34.03529358,1.1174546,30.87701416,2.986145735,1.900812549,127.9510437,8518.120117,6,3.553614811559366
AT_0000104,2002,1149.04,1293.81,568.29,7.688889027,558.7233521,14.7437,47.6062,250.3359,1207.077842,5.725852828,24.35088256,19.38541603,44.5625,34.03529358,1.1174546,30.60819397,2.931770563,1.890011841,128.0705597,8913.564648,6,3.423004187115044
AT_0000104,2003,1023.6,1230.35,591.55,7.688889027,576.5825073,14.7437,47.6062,250.3359,1207.077842,5.725852828,24.35088256,19.38541603,44.5625,34.03529358,1.1174546,30.0140274,2.849340439,1.87775144,132.0814621,9214.565625,6,3.310456753283814
AT_0000104,2004,1002.51,1231.19,591.06,7.688889027,576.1400024,14.7437,47.6062,250.3359,1207.077842,5.725852828,24.35088256,19.38541603,44.5625,34.03529358,1.1174546,30.02159691,2.876527786,1.864603833,133.6537537,9618.049609,6,3.3080539053237876
AT_0000104,2005,977.19,1241.98,573.52,7.688889027,557.4266724,14.7437,47.6062,250.3359,1207.077842,5.725852828,24.35088256,19.38541603,44.5625,34.03529358,1.1174546,29.89576416,2.903055429,1.841506299,134.2554871,10000.2877,6,3.0892579037876455
AT_0000104,2006,1009.8,1265.95,576.02,7.688889027,561.7666748,14.7437,47.6062,250.3359,1207.077842,5.725852828,24.35088256,19.38541603,44.5625,34.03529358,1.1174546,30.00875053,2.854131699,1.849158008,134.8110413,10227.19688,6,3.1671062135824553
AT_0000104,2007,1048.69,1262.81,578.32,7.688889027,561.5658325,14.7437,47.6062,250.3359,1207.077842,5.725852828,24.35088256,19.38541603,44.5625,34.03529358,1.1174546,30.13770905,3.067291498,1.857872583,135.7904144,10372.04941,6,3.0362674210831386
AT_0000104,2008,1149.68,1314.06,557.95,7.688889027,546.0950073,14.7437,47.6062,250.3359,1207.077842,5.725852828,24.35088256,19.38541603,44.5625,34.03529358,1.1174546,30.7234726,2.975867987,1.847827783,132.2008331,10352.9377,6,3.1171910450368907
AT_0000104,2009,1268.21,1357.7,570.88,7.688889027,559.0225098,14.7437,47.6062,250.3359,1207.077842,5.725852828,24.35088256,19.38541603,44.5625,34.03529358,1.1174546,30.7234726,2.993228912,1.840600732,132.0603485,10196.38418,6,3.1115844287499677
AT_0000108,1989,1937.66,1395.89,510.45,7.953333759,509.3200012,14.3354,47.6687,41.0014,1195.775757,6.725304461,31.28464123,24.46875,38.96875,29.5714283,4.049468517,29.90000038,2.866458178,1.570679175,127.7691666,14505.96172,6,4.561836485928251
AT_0000108,1990,1874.9,1369.76,523.41,7.953333759,520.5400024,14.3354,47.6687,41.0014,1195.775757,6.725304461,31.28464123,24.46875,38.96875,29.5714283,4.049468517,29.70000076,2.909791708,1.569506274,128.0375015,14813.59844,6,3.9653679862914424
AT_0000108,1991,2000.42,1400.51,517.96,7.953333759,515.1599915,14.3354,47.6687,41.0014,1195.775757,6.725304461,31.28464123,24.46875,38.96875,29.5714283,4.049468517,29.71500053,2.887916565,1.579431274,127.3920837,15351.93086,6,3.8734565225080337
AT_0000108,1992,1998.03,1379.23,535.77,7.953333759,527.3199951,14.3354,47.6687,41.0014,1195.775757,6.725304461,31.28464123,24.46875,38.96875,29.5714283,4.049468517,29.36458397,3.024166584,1.558110425,129.3125,15776.87813,6,3.142521025696824
AT_0000108,1993,1969.04,1354.33,538.63,7.953333759,528.0150024,14.3354,47.6687,41.0014,1195.775757,6.725304461,31.28464123,24.46875,38.96875,29.5714283,4.049468517,29.20750084,3.097708225,1.52585625,129.2383331,16138.79219,6,3.0174846723368325
AT_0000108,1994,1827.83,1327.95,559.73,7.953333759,545.3299988,14.3354,47.6687,41.0014,1195.775757,6.725304461,31.28464123,24.46875,38.96875,29.5714283,4.049468517,28.86875038,2.999374866,1.543266675,130.9462509,16452.67227,6,2.9320180958137114
AT_0000108,1995,1937.66,1348.86,548.33,7.953333759,533.1250061,14.3354,47.6687,41.0014,1195.775757,6.725304461,31.28464123,24.46875,38.96875,29.5714283,4.049468517,28.56458321,3.097708464,1.541297925,129.8112503,16711.86094,6,2.785533610238559
AT_0000108,1996,1974.43,1360.86,540.72,7.953333759,525.9100098,14.3354,47.6687,41.0014,1195.775757,6.725304461,31.28464123,24.46875,38.96875,29.5714283,4.049468517,28.38833313,2.890416384,1.567181226,128.0474976,16919.62695,6,2.746577217125764
AT_0000108,1997,1969.04,1371.41,525.92,7.953333759,516.2650085,14.3354,47.6687,41.0014,1195.775757,6.725304461,31.28464123,24.46875,38.96875,29.5714283,4.049468517,28.66666641,3.026458025,1.632795825,126.9120819,17014.43359,6,2.989669566832827
AT_0000108,1998,2016.11,1388.41,519.66,7.953333759,511.5150024,14.3354,47.6687,41.0014,1195.775757,6.725304461,31.28464123,24.46875,38.96875,29.5714283,4.049468517,28.72999916,3.123333216,1.684375,125.8574997,17452.62031,6,3.058493998023993
AT_0000108,1999,2063.18,1409.66,499.13,7.953333759,494.805011,14.3354,47.6687,41.0014,1195.775757,6.725304461,31.28464123,24.46875,38.96875,29.5714283,4.049468517,29.0733326,2.987500191,1.719897925,123.2116638,17770.73477,6,3.3816791419683137
AT_0000108,2000,2084.56,1421.88,516.39,7.953333759,514.6200012,14.3354,47.6687,41.0014,1195.775757,6.725304461,31.28464123,24.46875,38.96875,29.5714283,4.049468517,29.58541603,3.057916403,1.753116675,124.2012482,18243.51758,6,4.182283068220932
AT_0000108,2001,1992.57,1401.46,531.0,7.953333759,525.2900024,14.3354,47.6687,41.0014,1195.775757,6.725304461,31.28464123,24.46875,38.96875,29.5714283,4.049468517,29.51624947,3.029166698,1.749300024,125.9537506,18717.63164,6,3.3883553375160926
AT_0000108,2002,2000.42,1430.44,542.22,7.953333759,535.4799988,14.3354,47.6687,41.0014,1195.775757,6.725304461,31.28464123,24.46875,38.96875,29.5714283,4.049468517,29.34374962,3.007708311,1.754222925,125.855835,19693.91094,6,3.2730724948245205
AT_0000108,2003,1851.37,1359.82,564.63,7.953333759,555.1699951,14.3354,47.6687,41.0014,1195.775757,6.725304461,31.28464123,24.46875,38.96875,29.5714283,4.049468517,29.01916656,2.914583206,1.73767085,129.9854202,20560.53203,6,3.264968629227867
AT_0000108,2004,1872.17,1363.45,565.39,7.953333759,555.9499939,14.3354,47.6687,41.0014,1195.775757,6.725304461,31.28464123,24.46875,38.96875,29.5714283,4.049468517,29.02125015,2.952916622,1.667722925,131.7512543,21642.41211,6,3.26436226135445
AT_0000108,2005,1859.21,1360.28,549.9,7.953333759,538.9800049,14.3354,47.6687,41.0014,1195.775757,6.725304461,31.28464123,24.46875,38.96875,29.5714283,4.049468517,28.81083336,2.965208292,1.59695,132.5687531,22680.18867,6,3.050666661755743
AT_0000108,2006,1976.88,1369.37,554.12,7.953333759,545.7599915,14.3354,47.6687,41.0014,1195.775757,6.725304461,31.28464123,24.46875,38.96875,29.5714283,4.049468517,28.92083359,2.938958406,1.547510425,133.3254211,23391.36133,6,3.284892956458242
AT_0000108,2007,1945.5,1363.72,557.51,7.953333759,546.5099915,14.3354,47.6687,41.0014,1195.775757,6.725304461,31.28464123,24.46875,38.96875,29.5714283,4.049468517,29.01625023,3.123749971,1.48429585,134.5075012,23796.89023,6,3.0839291164739144
AT_0000108,2008,2100.29,1405.02,538.26,7.953333759,528.5649963,14.3354,47.6687,41.0014,1195.775757,6.725304461,31.28464123,24.46875,38.96875,29.5714283,4.049468517,29.30375023,3.007916689,1.413147925,130.9283325,23825.35938,6,3.0025052912868473
AT_0000108,2009,2157.31,1451.58,551.25,7.953333759,541.5600037,14.3354,47.6687,41.0014,1195.775757,6.725304461,31.28464123,24.46875,38.96875,29.5714283,4.049468517,29.30375023,3.038750172,1.4143,130.6700012,23581.17344,6,3.0017168257369446
AT_0000108,2010,2086.71,1427.99,545.68,7.953333759,537.8099976,14.3354,47.6687,41.0014,1195.775757,6.725304461,31.28464123,24.46875,38.96875,29.5714283,4.049468517,29.56333389,3.008958101,1.400608325,128.4441681,23412.08047,6,3.174175725511006
AT_0000108,2011,1929.81,1383.36,554.22,7.953333759,546.3650024,14.3354,47.6687,41.0014,1195.775757,6.725304461,31.28464123,24.46875,38.96875,29.5714283,4.049468517,29.45208359,2.910416603,1.41707915,129.4158356,23096.59531,6,3.3107607695159693
AT_0000108,2012,1974.43,1356.97,556.74,7.953333759,553.0400024,14.3354,47.6687,41.0014,1195.775757,6.725304461,31.28464123,24.46875,38.96875,29.5714283,4.049468517,29.4704174,3.014374971,1.419295801,128.7795898,22707.35938,6,4.041233580834239
AT_0000139,1989,1096.83,1268.6,554.96,7.596761036,543.9449463,14.4271,48.0437,5851.9428,1142.382113,5.247229409,27.18497628,21.72115326,42.26754761,32.45951843,1.314761332,31.0334137,2.472997427,2.02058335,129.1008835,33267.0168,6,3.2597918891484143
AT_0000139,1990,1079.99,1249.96,568.28,7.596761036,553.9001465,14.4271,48.0437,5851.9428,1142.382113,5.247229409,27.18497628,21.72115326,42.26754761,32.45951843,1.314761332,30.80081863,2.521114826,2.035796313,129.3879776,34149.22969,6,3.143710501809032
AT_0000139,1991,1129.78,1277.61,563.05,7.596761036,551.4903687,14.4271,48.0437,5851.9428,1142.382113,5.247229409,27.18497628,21.72115326,42.26754761,32.45951843,1.314761332,31.18340721,2.498614073,2.039534302,128.7436783,35475.37109,6,3.249967851496877
AT_0000139,1992,1112.19,1253.73,584.57,7.596761036,559.2036377,14.4271,48.0437,5851.9428,1142.382113,5.247229409,27.18497628,21.72115326,42.26754761,32.45951843,1.314761332,30.43412628,2.638965607,2.041650854,130.7097519,35896.89141,6,2.70130529944747
AT_0000139,1993,1116.24,1232.21,587.5,7.596761036,559.6240601,14.4271,48.0437,5851.9428,1142.382113,5.247229409,27.18497628,21.72115326,42.26754761,32.45951843,1.314761332,30.4098732,2.717335224,2.034875562,130.69207,36360.06875,6,2.6687645436188836
AT_0000139,1994,1058.66,1212.5,607.11,7.596761036,569.6545044,14.4271,48.0437,5851.9428,1142.382113,5.247229409,27.18497628,21.72115326,42.26754761,32.45951843,1.314761332,29.51465912,2.607869387,2.039394409,132.3768524,37120.6125,6,2.5246021412582094
AT_0000139,1995,1098.65,1225.29,596.35,7.596761036,558.9705688,14.4271,48.0437,5851.9428,1142.382113,5.247229409,27.18497628,21.72115326,42.26754761,32.45951843,1.314761332,29.3291008,2.711049318,2.020484619,131.2748505,37538.70234,6,2.4472692755184737
AT_0000139,1996,1129.03,1237.11,587.75,7.596761036,552.0959473,14.4271,48.0437,5851.9428,1142.382113,5.247229409,27.18497628,21.72115326,42.26754761,32.45951843,1.314761332,29.3983757,2.504784822,2.014972778,129.5736603,37949.48203,6,2.4282661373278254
AT_0000139,1997,1149.29,1245.36,575.88,7.596761036,552.0925049,14.4271,48.0437,5851.9428,1142.382113,5.247229409,27.18497628,21.72115326,42.26754761,32.45951843,1.314761332,29.87155647,2.629801035,2.042424512,128.4361176,38740.08516,6,2.728007792430162
AT_0000139,1998,1131.11,1259.57,572.14,7.596761036,550.4579224,14.4271,48.0437,5851.9428,1142.382113,5.247229409,27.18497628,21.72115326,42.26754761,32.45951843,1.314761332,30.0048069,2.736191273,2.065374463,127.3780716,39558.46328,6,2.7656317063141613
AT_0000139,1999,1150.95,1281.01,552.95,7.596761036,540.5935425,14.4271,48.0437,5851.9428,1142.382113,5.247229409,27.18497628,21.72115326,42.26754761,32.45951843,1.314761332,30.83820915,2.606329203,2.061642773,124.7907654,40037.93281,6,3.115980651775455
AT_0000139,2000,1156.72,1288.64,568.93,7.596761036,555.3239624,14.4271,48.0437,5851.9428,1142.382113,5.247229409,27.18497628,21.72115326,42.26754761,32.45951843,1.314761332,30.76756325,2.666286707,2.079623608,125.8279144,40756.34844,6,3.115191775274899
AT_0000139,2001,1104.57,1262.61,586.69,7.596761036,565.7885254,14.4271,48.0437,5851.9428,1142.382113,5.247229409,27.18497628,21.72115326,42.26754761,32.45951843,1.314761332,30.22694778,2.646798611,2.098611279,127.5226959,41395.17813,6,2.8789086986846533
AT_0000139,2002,1106.0,1290.32,594.46,7.596761036,570.8429688,14.4271,48.0437,5851.9428,1142.382113,5.247229409,27.18497628,21.72115326,42.26754761,32.45951843,1.314761332,30.01873627,2.621548891,2.094392822,127.3983887,42490.03359,6,2.7555187019989327
AT_0000139,2003,1040.75,1235.19,615.24,7.596761036,581.0937988,14.4271,48.0437,5851.9428,1142.382113,5.247229409,27.18497628,21.72115326,42.26754761,32.45951843,1.314761332,29.07130356,2.525205135,2.08178291,131.4701462,44250.28203,6,2.6181801871401
AT_0000139,2004,1037.13,1234.2,616.41,7.596761036,582.2496704,14.4271,48.0437,5851.9428,1142.382113,5.247229409,27.18497628,21.72115326,42.26754761,32.45951843,1.314761332,29.04415665,2.571604729,2.075202393,133.1450989,46506.91875,6,2.626072707173684
AT_0000139,2005,1050.51,1234.37,600.7,7.596761036,569.3204468,14.4271,48.0437,5851.9428,1142.382113,5.247229409,27.18497628,21.72115326,42.26754761,32.45951843,1.314761332,29.45904579,2.583344698,2.06118186,133.8607849,48518.96875,6,2.6235194232764965
AT_0000139,2006,1100.51,1243.09,601.67,7.596761036,573.3502197,14.4271,48.0437,5851.9428,1142.382113,5.247229409,27.18497628,21.72115326,42.26754761,32.45951843,1.314761332,29.77637138,2.550373793,2.064518628,134.6294067,50013.45703,6,2.7123679237597664
AT_0000139,2007,1066.98,1237.6,606.54,7.596761036,574.3230835,14.4271,48.0437,5851.9428,1142.382113,5.247229409,27.18497628,21.72115326,42.26754761,32.45951843,1.314761332,29.80893555,2.739945173,2.07783855,135.7885315,51025.03984,6,2.6236651257179866
AT_0000139,2008,1140.15,1276.99,588.7,7.596761036,566.0529541,14.4271,48.0437,5851.9428,1142.382113,5.247229409,27.18497628,21.72115326,42.26754761,32.45951843,1.314761332,30.74071159,2.621077538,2.079546411,132.2197937,51332.62031,6,2.7870952216966978
AT_0000139,2009,1203.4,1317.34,600.21,7.596761036,576.6475708,14.4271,48.0437,5851.9428,1142.382113,5.247229409,27.18497628,21.72115326,42.26754761,32.45951843,1.314761332,30.68138275,2.645196915,2.079863794,132.0014679,50816.26094,6,2.7403890884375466
AT_0000139,2010,1161.24,1303.23,595.37,7.596761036,575.0455078,14.4271,48.0437,5851.9428,1142.382113,5.247229409,27.18497628,21.72115326,42.26754761,32.45951843,1.314761332,31.03680573,2.621691704,2.065181641,129.8023026,50797.09141,6,2.876144494036828
AT_0000139,2011,1072.31,1267.36,606.08,7.596761036,584.5599976,14.4271,48.0437,5851.9428,1142.382113,5.247229409,27.18497628,21.72115326,42.26754761,32.45951843,1.314761332,30.58707657,2.518565178,2.090571729,130.809697,50785.12109,6,2.9575362024722733
AT_0000139,2012,1119.67,1246.4,603.75,7.596761036,589.766394,14.4271,48.0437,5851.9428,1142.382113,5.247229409,27.18497628,21.72115326,42.26754761,32.45951843,1.314761332,30.82834091,2.632239819,2.085569873,130.2667007,50541.0375,6,3.4244692271787063
AT_0000140,1990,921.46,1446.72,512.41,5.103333569,510.4986877,13.4229,47.3812,132.2149,1420.4938,5.69139478,24.40015675,23.1875,40.75,32.45999908,1.675342309,19.35311089,2.730444431,1.656703638,132.9858917,15313.59082,6,4.034120793919038
AT_0000140,1991,926.15,1469.33,505.3,5.103333569,502.8906799,13.4229,47.3812,132.2149,1420.4938,5.69139478,24.40015675,23.1875,40.75,32.45999908,1.675342309,19.28566666,2.725333214,1.66304375,132.5954437,15801.30996,6,3.7574109432862324
AT_0000140,1992,888.72,1432.64,521.74,5.103333569,513.5013428,13.4229,47.3812,132.2149,1420.4938,5.69139478,24.40015675,23.1875,40.75,32.45999908,1.675342309,19.17166672,2.791111231,1.662428638,133.9757782,16156.87578,6,2.9907449607900882
AT_0000140,1993,879.26,1395.89,524.0,5.103333569,513.3586792,13.4229,47.3812,132.2149,1420.4938,5.69139478,24.40015675,23.1875,40.75,32.45999908,1.675342309,19.05255547,2.901888847,1.659397876,133.9389954,16433.50078,6,2.862975401167192
AT_0000140,1994,827.67,1394.2,543.46,5.103333569,529.1853516,13.4229,47.3812,132.2149,1420.4938,5.69139478,24.40015675,23.1875,40.75,32.45999908,1.675342309,18.86377716,2.833555698,1.661445801,135.4029968,16676.92793,6,2.74010439535542
AT_0000140,1995,883.95,1392.09,531.53,5.103333569,516.6920044,13.4229,47.3812,132.2149,1420.4938,5.69139478,24.40015675,23.1875,40.75,32.45999908,1.675342309,18.46333275,2.896388769,1.651828125,134.2368866,16864.44063,6,2.6505257784593304
AT_0000140,1996,902.83,1405.17,524.87,5.103333569,510.528009,13.4229,47.3812,132.2149,1420.4938,5.69139478,24.40015675,23.1875,40.75,32.45999908,1.675342309,18.11933289,2.761055231,1.648592163,132.4108887,16966.78086,6,2.6246168798566143
AT_0000140,1997,898.01,1413.83,512.32,5.103333569,502.718689,13.4229,47.3812,132.2149,1420.4938,5.69139478,24.40015675,23.1875,40.75,32.45999908,1.675342309,18.0785553,2.840888739,1.657889038,131.7793304,16946.37734,6,2.850107436785916
AT_0000140,1998,902.7,1440.2,506.5,5.103333569,498.497345,13.4229,47.3812,132.2149,1420.4938,5.69139478,24.40015675,23.1875,40.75,32.45999908,1.675342309,18.1035553,2.921666622,1.666293188,131.038559,17280.26836,6,2.915296477327715
AT_0000140,1999,954.29,1458.81,487.9,5.103333569,483.645343,13.4229,47.3812,132.2149,1420.4938,5.69139478,24.40015675,23.1875,40.75,32.45999908,1.675342309,18.30866661,2.813722372,1.658636401,128.6830048,17562.1707,6,3.2394767387960033
AT_0000140,2000,989.82,1498.76,502.49,5.103333569,500.5920227,13.4229,47.3812,132.2149,1420.4938,5.69139478,24.40015675,23.1875,40.75,32.45999908,1.675342309,18.81966667,2.874833345,1.678685864,129.540448,17928.62773,6,3.860472456160707
AT_0000140,2001,1001.18,1491.8,517.13,5.103333569,513.0680237,13.4229,47.3812,132.2149,1420.4938,5.69139478,24.40015675,23.1875,40.75,32.45999908,1.675342309,19.11222191,2.864999533,1.688872339,131.1975616,18290.61758,6,3.402476708987583
AT_0000140,2002,1015.25,1521.3,525.23,5.103333569,521.7373413,13.4229,47.3812,132.2149,1420.4938,5.69139478,24.40015675,23.1875,40.75,32.45999908,1.675342309,19.19244385,2.827332973,1.701698926,130.6218964,19085.05859,6,3.517148613551269
AT_0000140,2003,966.01,1479.4,546.17,5.103333569,543.369342,13.4229,47.3812,132.2149,1420.4938,5.69139478,24.40015675,23.1875,40.75,32.45999908,1.675342309,19.27077751,2.783888817,1.707339063,134.531778,19721.85,6,3.910587174112458
AT_0000140,2004,956.9,1470.68,547.92,5.103333569,545.1226746,13.4229,47.3812,132.2149,1420.4938,5.69139478,24.40015675,23.1875,40.75,32.45999908,1.675342309,19.27077751,2.792055607,1.666242725,136.285553,20505.68594,6,3.942785403228994
AT_0000140,2005,914.43,1437.07,535.74,5.103333569,532.9400085,13.4229,47.3812,132.2149,1420.4938,5.69139478,24.40015675,23.1875,40.75,32.45999908,1.675342309,19.27066612,2.791000128,1.626991675,137.1206665,21277.42773,6,3.9257225550307595
AT_0000140,2007,919.12,1419.47,545.38,5.103333569,540.8546753,13.4229,47.3812,132.2149,1420.4938,5.69139478,24.40015675,23.1875,40.75,32.45999908,1.675342309,19.33766632,2.921277523,1.5822302,139.4721069,21959.99961,6,3.6388504387544067
AT_0000140,2008,952.2,1445.72,526.84,5.103333569,520.225354,13.4229,47.3812,132.2149,1420.4938,5.69139478,24.40015675,23.1875,40.75,32.45999908,1.675342309,19.2492218,2.835055351,1.531456226,135.9121094,21913.92695,6,3.168098605211614
AT_0000140,2009,970.7,1488.79,539.85,5.103333569,533.2373535,13.4229,47.3812,132.2149,1420.4938,5.69139478,24.40015675,23.1875,40.75,32.45999908,1.675342309,19.2492218,2.892277718,1.537252563,135.6514435,21568.67656,6,3.1753044804810666
AT_0000140,2010,949.6,1479.93,536.3,5.103333569,529.6880005,13.4229,47.3812,132.2149,1420.4938,5.69139478,24.40015675,23.1875,40.75,32.45999908,1.675342309,19.24933319,2.84499979,1.535769775,133.4679977,21327.93203,6,3.168820889762731
AT_0000140,2011,860.5,1463.89,548.43,5.103333569,539.7746704,13.4229,47.3812,132.2149,1420.4938,5.69139478,24.40015675,23.1875,40.75,32.45999908,1.675342309,18.90822182,2.769999743,1.555899463,134.2362198,21055.04766,6,3.0552933544179535
AT_0000140,2012,933.39,1462.77,551.63,5.103333569,547.1880005,13.4229,47.3812,132.2149,1420.4938,5.69139478,24.40015675,23.1875,40.75,32.45999908,1.675342309,18.74155502,2.858889103,1.53297915,133.3308853,20689.75703,6,3.6091159939550765
AT_0000174,1989,545.41,1290.06,544.41,7.538255215,534.5229004,15.2812,47.4104,6152.2492,1296.051904,4.81136086,26.06649348,19.70081902,45.4522171,31.51614571,1.373452362,28.306493,2.616583347,1.995937256,131.5436798,41963.24297,6,3.238837980232009
AT_0000174,1990,540.28,1278.53,557.21,7.538255215,546.5682007,15.2812,47.4104,6152.2492,1296.051904,4.81136086,26.06649348,19.70081902,45.4522171,31.51614571,1.373452362,28.33802948,2.651781797,2.013536987,131.8385895,39794.90547,6,3.284168938603274
AT_0000174,1991,550.48,1311.73,551.47,7.538255215,543.7969727,15.2812,47.4104,6152.2492,1296.051904,4.81136086,26.06649348,19.70081902,45.4522171,31.51614571,1.373452362,28.64962425,2.651084423,2.020345972,131.0247833,39875.84609,6,3.463554030447641
AT_0000174,1992,557.74,1291.05,571.18,7.538255215,550.4952515,15.2812,47.4104,6152.2492,1296.051904,4.81136086,26.06649348,19.70081902,45.4522171,31.51614571,1.373452362,28.0216774,2.766386986,2.025040039,132.9391632,39215.86406,6,2.745434803294455
AT_0000174,1993,571.39,1278.1,574.41,7.538255215,550.5047119,15.2812,47.4104,6152.2492,1296.051904,4.81136086,26.06649348,19.70081902,45.4522171,31.51614571,1.373452362,27.75187721,2.855178356,2.020680664,132.8943817,38756.64688,6,2.656024588908757
AT_0000174,1994,539.01,1260.75,594.29,7.538255215,565.2786255,15.2812,47.4104,6152.2492,1296.051904,4.81136086,26.06649348,19.70081902,45.4522171,31.51614571,1.373452362,27.28407974,2.725437164,2.026604297,134.533374,38572.55234,6,2.615530717548275
AT_0000174,1995,539.01,1260.94,583.78,7.538255215,552.4135986,15.2812,47.4104,6152.2492,1296.051904,4.81136086,26.06649348,19.70081902,45.4522171,31.51614571,1.373452362,26.79503326,2.83607769,2.008481445,133.4907379,38549.2125,6,2.4874599413531806
AT_0000174,1996,559.63,1267.58,576.85,7.538255215,545.8153198,15.2812,47.4104,6152.2492,1296.051904,4.81136086,26.06649348,19.70081902,45.4522171,31.51614571,1.373452362,26.50845718,2.676255465,2.008052563,131.8368301,38056.64219,6,2.451237340798895
AT_0000174,1997,554.9,1265.87,564.82,7.538255215,544.2855347,15.2812,47.4104,6152.2492,1296.051904,4.81136086,26.06649348,19.70081902,45.4522171,31.51614571,1.373452362,26.86859398,2.772710085,2.037526367,130.6927322,38908.99922,6,2.7615401426154937
AT_0000174,1998,558.5,1283.05,560.78,7.538255215,542.9315918,15.2812,47.4104,6152.2492,1296.051904,4.81136086,26.06649348,19.70081902,45.4522171,31.51614571,1.373452362,27.15085754,2.848399639,2.055460596,129.7743027,39625.56875,6,2.832166639221486
AT_0000174,1999,588.7,1305.31,543.25,7.538255215,530.8353882,15.2812,47.4104,6152.2492,1296.051904,4.81136086,26.06649348,19.70081902,45.4522171,31.51614571,1.373452362,27.66669006,2.753654003,2.048707373,127.3819351,40753.03438,6,3.0031036839536545
AT_0000174,2000,626.34,1320.45,560.91,7.538255215,547.9646973,15.2812,47.4104,6152.2492,1296.051904,4.81136086,26.06649348,19.70081902,45.4522171,31.51614571,1.373452362,27.8153141,2.809013605,2.067717871,128.6011734,41176.54922,6,3.0457392127238156
AT_0000174,2001,585.81,1276.26,578.37,7.538255215,555.4780518,15.2812,47.4104,6152.2492,1296.051904,4.81136086,26.06649348,19.70081902,45.4522171,31.51614571,1.373452362,27.31629143,2.81205821,2.083902051,130.5142578,41878.79141,6,2.7203672920032735
AT_0000174,2002,575.71,1300.78,587.19,7.538255215,562.1232666,15.2812,47.4104,6152.2492,1296.051904,4.81136086,26.06649348,19.70081902,45.4522171,31.51614571,1.373452362,27.17207489,2.751425982,2.073187598,130.3980713,42900.79922,6,2.6428203583975147
AT_0000174,2003,535.11,1249.33,608.49,7.538255215,575.1628174,15.2812,47.4104,6152.2492,1296.051904,4.81136086,26.06649348,19.70081902,45.4522171,31.51614571,1.373452362,26.42037697,2.686570406,2.059793018,134.2560638,44666.3,6,2.579329248173369
AT_0000174,2004,523.19,1245.53,608.44,7.538255215,574.220752,15.2812,47.4104,6152.2492,1296.051904,4.81136086,26.06649348,19.70081902,45.4522171,31.51614571,1.373452362,26.24490242,2.707404375,2.047761475,135.6453979,45772.26328,6,2.5602313594814863
AT_0000174,2005,515.06,1244.05,591.24,7.538255215,559.0138306,15.2812,47.4104,6152.2492,1296.051904,4.81136086,26.06649348,19.70081902,45.4522171,31.51614571,1.373452362,26.58162842,2.734831572,2.033245581,136.0586304,46750.74688,6,2.529582107980398
AT_0000174,2006,533.94,1257.3,591.99,7.538255215,564.652356,15.2812,47.4104,6152.2492,1296.051904,4.81136086,26.06649348,19.70081902,45.4522171,31.51614571,1.373452362,27.08926811,2.708076239,2.031740015,136.5781342,46800.40781,6,2.6653900187217903
AT_0000174,2007,532.27,1253.42,596.78,7.538255215,565.6450195,15.2812,47.4104,6152.2492,1296.051904,4.81136086,26.06649348,19.70081902,45.4522171,31.51614571,1.373452362,27.07043648,2.862371683,2.049212231,137.7365387,45854.15234,6,2.575046198911853
AT_0000174,2008,565.33,1295.11,578.54,7.538255215,555.5476318,15.2812,47.4104,6152.2492,1296.051904,4.81136086,26.06649348,19.70081902,45.4522171,31.51614571,1.373452362,27.87936554,2.784096479,2.046026611,134.1850037,44939.35156,6,2.6840246865598645
AT_0000174,2009,601.79,1335.91,591.44,7.538255215,568.5891846,15.2812,47.4104,6152.2492,1296.051904,4.81136086,26.06649348,19.70081902,45.4522171,31.51614571,1.373452362,27.9497036,2.810380459,2.05038374,134.1423462,43321.62031,6,2.6892535099771693
AT_0000174,2010,574.95,1328.08,587.06,7.538255215,567.2239624,15.2812,47.4104,6152.2492,1296.051904,4.81136086,26.06649348,19.70081902,45.4522171,31.51614571,1.373452362,28.20507736,2.795018673,2.034604517,131.9578995,42161.39531,6,2.8054989159208654
AT_0000174,2011,548.86,1299.5,598.09,7.538255215,578.4672607,15.2812,47.4104,6152.2492,1296.051904,4.81136086,26.06649348,19.70081902,45.4522171,31.51614571,1.373452362,27.79613419,2.678388596,2.055221362,133.093895,41304.81719,6,2.9321918456545952
AT_0000174,2012,583.09,1289.28,597.97,7.538255215,585.3137817,15.2812,47.4104,6152.2492,1296.051904,4.81136086,26.06649348,19.70081902,45.4522171,31.51614571,1.373452362,28.00473518,2.821876764,2.053394995,132.5832443,41134.05313,6,3.3740650967264103
AT_0000176,1990,935.48,1635.33,465.81,5.257407665,465.1130188,13.8021,47.1354,371.4592,1745.677544,5.442907627,25.82737663,15.47500038,54.53055573,25.4389534,1.665401429,17.59166641,3.636708021,1.216483862,133.5207916,7000.182715,6,4.060774670216327
AT_0000176,1991,956.34,1657.58,452.73,5.257407665,452.0710144,13.8021,47.1354,371.4592,1745.677544,5.442907627,25.82737663,15.47500038,54.53055573,25.4389534,1.665401429,17.59779167,3.644145489,1.220468848,133.0108307,7201.146289,6,3.968467990997664
AT_0000176,1992,940.56,1626.18,466.8,5.257407665,464.9035156,13.8021,47.1354,371.4592,1745.677544,5.442907627,25.82737663,15.47500038,54.53055573,25.4389534,1.665401429,17.57079201,3.708166599,1.22164585,134.4269165,7348.475977,6,3.419217485936385
AT_0000176,1993,936.32,1594.4,470.11,5.257407665,467.4540161,13.8021,47.1354,371.4592,1745.677544,5.442907627,25.82737663,15.47500038,54.53055573,25.4389534,1.665401429,17.5260006,3.821749926,1.224944971,134.3793335,7459.066895,6,3.260621169950286
AT_0000176,1994,883.74,1596.73,489.69,5.257407665,485.0105225,13.8021,47.1354,371.4592,1745.677544,5.442907627,25.82737663,15.47500038,54.53055573,25.4389534,1.665401429,17.3625843,3.732374907,1.236116479,135.8373352,7556.682422,6,2.9913964018731916
AT_0000176,1995,899.6,1586.51,481.08,5.257407665,473.8255188,13.8021,47.1354,371.4592,1745.677544,5.442907627,25.82737663,15.47500038,54.53055573,25.4389534,1.665401429,16.87854233,3.801604033,1.235397754,134.736377,7644.788965,6,2.6689814339533253
AT_0000176,1996,882.82,1607.74,479.75,5.257407665,472.5120178,13.8021,47.1354,371.4592,1745.677544,5.442907627,25.82737663,15.47500038,54.53055573,25.4389534,1.665401429,16.39216709,3.678104401,1.237702002,132.8752548,7706.114844,6,2.641764155047205
AT_0000176,1997,893.76,1604.43,466.14,5.257407665,459.9865112,13.8021,47.1354,371.4592,1745.677544,5.442907627,25.82737663,15.47500038,54.53055573,25.4389534,1.665401429,16.39750004,3.755249739,1.253258105,132.1216263,7712.083301,6,2.6828296175310054
AT_0000176,1998,891.25,1637.88,457.95,5.257407665,452.2964966,13.8021,47.1354,371.4592,1745.677544,5.442907627,25.82737663,15.47500038,54.53055573,25.4389534,1.665401429,16.41879139,3.8306458,1.254739209,131.3600021,7883.373145,6,2.6621059294522693
AT_0000176,1999,938.82,1659.99,443.17,5.257407665,439.5374939,13.8021,47.1354,371.4592,1745.677544,5.442907627,25.82737663,15.47500038,54.53055573,25.4389534,1.665401429,16.58220768,3.729416609,1.246971387,129.1142517,8046.227832,6,2.8363401678057207
AT_0000176,2000,993.27,1717.33,459.21,5.257407665,458.7924927,13.8021,47.1354,371.4592,1745.677544,5.442907627,25.82737663,15.47500038,54.53055573,25.4389534,1.665401429,17.09866619,3.777249813,1.256313818,130.077417,8267.974707,6,4.21646227610747
AT_0000176,2001,997.24,1695.96,472.9,5.257407665,472.1015015,13.8021,47.1354,371.4592,1745.677544,5.442907627,25.82737663,15.47500038,54.53055573,25.4389534,1.665401429,17.5625412,3.783061981,1.268845313,131.8853317,8466.104883,6,3.9247908907757014
AT_0000176,2002,995.57,1728.48,480.89,5.257407665,480.1910034,13.8021,47.1354,371.4592,1745.677544,5.442907627,25.82737663,15.47500038,54.53055573,25.4389534,1.665401429,17.57612457,3.745187283,1.266799243,131.3596268,8871.371289,6,4.017246394759906
AT_0000176,2003,948.0,1686.86,498.56,5.257407665,498.1195068,13.8021,47.1354,371.4592,1745.677544,5.442907627,25.82737663,15.47500038,54.53055573,25.4389534,1.665401429,17.59962463,3.710520983,1.260527612,135.201918,9198.380078,6,4.527777952119885
AT_0000176,2004,953.94,1684.22,499.67,5.257407665,499.2300049,13.8021,47.1354,371.4592,1745.677544,5.442907627,25.82737663,15.47500038,54.53055573,25.4389534,1.665401429,17.59962463,3.713312626,1.260851123,136.7639191,9570.867969,6,4.542070329157506
AT_0000176,2005,914.62,1646.32,486.36,5.257407665,485.8800049,13.8021,47.1354,371.4592,1745.677544,5.442907627,25.82737663,15.47500038,54.53055573,25.4389534,1.665401429,17.59354134,3.722583055,1.25996687,137.4608765,9934.0625,6,4.449467878133891
AT_0000176,2006,925.47,1633.25,491.85,5.257407665,491.2649963,13.8021,47.1354,371.4592,1745.677544,5.442907627,25.82737663,15.47500038,54.53055573,25.4389534,1.665401429,17.56874962,3.751458406,1.271152808,138.102713,10167.29082,6,4.378172225010995
AT_0000176,2007,920.46,1626.04,501.53,5.257407665,500.1784973,13.8021,47.1354,371.4592,1745.677544,5.442907627,25.82737663,15.47500038,54.53055573,25.4389534,1.665401429,17.55524979,3.837374926,1.289722632,139.7143799,10318.91563,6,3.873182900966662
AT_0000176,2008,965.66,1653.43,486.88,5.257407665,485.3099976,13.8021,47.1354,371.4592,1745.677544,5.442907627,25.82737663,15.47500038,54.53055573,25.4389534,1.665401429,17.5371666,3.761229038,1.291695728,136.1556305,10323.34277,6,3.6314841081024403
AT_0000176,2009,996.4,1697.29,502.44,5.257407665,500.8749939,13.8021,47.1354,371.4592,1745.677544,5.442907627,25.82737663,15.47500038,54.53055573,25.4389534,1.665401429,17.5371666,3.824333191,1.297872632,136.0129211,10198.22012,6,3.6677006385910613
AT_0000176,2010,960.52,1686.14,496.24,5.257407665,494.7169983,13.8021,47.1354,371.4592,1745.677544,5.442907627,25.82737663,15.47500038,54.53055573,25.4389534,1.665401429,17.54324989,3.776166439,1.294883936,133.8027161,10103.42578,6,3.6633805381540046
AT_0000176,2011,913.78,1667.34,506.0,5.257407665,504.4240051,13.8021,47.1354,371.4592,1745.677544,5.442907627,25.82737663,15.47500038,54.53055573,25.4389534,1.665401429,17.45425034,3.69991684,1.304498584,134.6772552,10026.54316,6,3.7300186578911485
AT_0000176,2012,945.58,1672.55,506.77,5.257407665,506.0269958,13.8021,47.1354,371.4592,1745.677544,5.442907627,25.82737663,15.47500038,54.53055573,25.4389534,1.665401429,17.35008354,3.799854279,1.296948926,133.7863373,9920.376367,6,4.24974633292599
AT_0000178,1994,969.39,1651.16,475.7,5.276666737,473.8755615,13.7062,47.1771,74.3497,1787.371537,5.677140853,19.14532495,15.0,54.8125,25.3125,0.512456954,17.71277695,3.995740652,1.131622217,135.8377747,10603.39766,6,3.465137997215886
AT_0000178,1995,1006.21,1641.31,468.19,5.276666737,463.1355591,13.7062,47.1771,74.3497,1787.371537,5.677140853,19.14532495,15.0,54.8125,25.3125,0.512456954,17.16481438,4.064073563,1.131150684,134.7233276,10733.64453,6,2.7790389585701694
AT_0000178,1996,1021.27,1662.95,468.61,5.276666737,463.5600037,13.7062,47.1771,74.3497,1787.371537,5.677140853,19.14532495,15.0,54.8125,25.3125,0.512456954,16.62537022,3.938426018,1.12952085,132.8524033,10827.7748,6,2.759385955684273
AT_0000178,1997,998.03,1660.61,454.34,5.276666737,449.2377869,13.7062,47.1771,74.3497,1787.371537,5.677140853,19.14532495,15.0,54.8125,25.3125,0.512456954,16.61833324,4.017499924,1.144191699,132.1007401,10836.23691,6,2.6853797846688465
AT_0000178,1998,973.48,1695.4,445.45,5.276666737,440.4911133,13.7062,47.1771,74.3497,1787.371537,5.677140853,19.14532495,15.0,54.8125,25.3125,0.512456954,16.63814831,4.093055725,1.137346533,131.329628,11082.09844,6,2.6272957513105397
AT_0000178,1999,1038.93,1717.13,431.18,5.276666737,427.8977844,13.7062,47.1771,74.3497,1787.371537,5.677140853,19.14532495,15.0,54.8125,25.3125,0.512456954,16.80500011,3.989444733,1.131334033,129.0618515,11294.45527,6,2.779690783417111
AT_0000178,2011,1026.66,1722.77,495.98,5.276666737,495.5933289,13.7062,47.1771,74.3497,1787.371537,5.677140853,19.14532495,15.0,54.8125,25.3125,0.512456954,17.78999977,3.959537029,1.20812644,134.6718521,13868.4668,6,4.532246439239424
AT_0000178,2012,1062.28,1727.83,496.3,5.276666737,495.9111023,13.7062,47.1771,74.3497,1787.371537,5.677140853,19.14532495,15.0,54.8125,25.3125,0.512456954,17.67999992,4.057314396,1.202119482,133.7701859,13722.02754,6,4.521708770741241
AU_0001070,1996,1329.241142,1552.29,906.660022,11.42307707,822.147522,147.1600333,-36.79134421,108.2953484,1305.107684,5.194984595,20.44801325,38.03749847,36.59999847,24.17499924,1.024943301,172.6418823,4.621666622,3.343529102,177.2566711,5394.498242,6,2.4385605513408994
AU_0001070,1997,1141.092025,1376.37,921.3150024,11.42307707,810.9000122,147.1600333,-36.79134421,108.2953484,1305.107684,5.194984595,20.44801325,38.03749847,36.59999847,24.17499924,1.024943301,168.8345886,4.616083241,3.35659082,182.0385498,5449.675586,6,2.4710617294060295
AU_0001070,1998,1045.874633,1297.1025,933.6974976,11.42307707,775.1175171,147.1600333,-36.79134421,108.2953484,1305.107684,5.194984595,20.44801325,38.03749847,36.59999847,24.17499924,1.024943301,159.292923,4.628583145,3.355209961,182.8902161,5500.25791,6,2.152526312718386
AU_0001070,1999,1045.428334,1348.5925,930.1424805,11.42307707,771.8700073,147.1600333,-36.79134421,108.2953484,1305.107684,5.194984595,20.44801325,38.03749847,36.59999847,24.17499924,1.024943301,156.727713,4.590958023,3.343865771,181.3791718,5584.927441,6,2.0526793415812143
AU_0001070,2000,1086.513114,1337.7075,930.0299927,11.42307707,771.5275024,147.1600333,-36.79134421,108.2953484,1305.107684,5.194984595,20.44801325,38.03749847,36.59999847,24.17499924,1.024943301,155.3743805,4.58212471,3.339329199,182.1137543,5734.755469,6,2.067764277968409
AU_0001070,2001,979.1645769,1284.58,932.3199951,11.42307707,758.2000122,147.1600333,-36.79134421,108.2953484,1305.107684,5.194984595,20.44801325,38.03749847,36.59999847,24.17499924,1.024943301,148.7312561,4.547958088,3.39279834,182.6583405,5797.9125,6,2.030559560112499
AU_0001070,2002,983.1958871,1300.1925,946.3050049,11.42307707,777.072522,147.1600333,-36.79134421,108.2953484,1305.107684,5.194984595,20.44801325,38.03749847,36.59999847,24.17499924,1.024943301,147.2393829,4.610374832,3.418141602,182.5508392,5909.75,6,2.1014169625427748
AU_0001070,2003,1013.252291,1299.9475,942.5375,11.42307707,777.3300049,147.1600333,-36.79134421,108.2953484,1305.107684,5.194984595,20.44801325,38.03749847,36.59999847,24.17499924,1.024943301,146.6979218,4.630395603,3.371455811,183.3002136,6034.411133,6,2.1226158277277007
AU_0001070,2004,1052.953742,1287.4125,953.2725098,11.42307707,766.6349976,147.1600333,-36.79134421,108.2953484,1305.107684,5.194984595,20.44801325,38.03749847,36.59999847,24.17499924,1.024943301,144.3891724,4.669708157,3.32295835,184.8266693,6182.442188,6,2.004199149733135
AU_0001070,2005,988.5677831,1265.2075,966.6575073,11.42307707,775.85,147.1600333,-36.79134421,108.2953484,1305.107684,5.194984595,20.44801325,38.03749847,36.59999847,24.17499924,1.024943301,144.0314606,4.689833164,3.366489941,186.9764618,6250.509375,6,2.0628484765461605
AU_0001070,2006,837.8278715,1142.1625,982.7949951,11.42307707,752.4524902,147.1600333,-36.79134421,108.2953484,1305.107684,5.194984595,20.44801325,38.03749847,36.59999847,24.17499924,1.024943301,138.5360428,4.682166481,3.391870801,190.675,6344.854297,6,2.060433868440381
AU_0001070,2007,858.8995916,1177.8725,968.2224854,11.42307707,745.8299927,147.1600333,-36.79134421,108.2953484,1305.107684,5.194984595,20.44801325,38.03749847,36.59999847,24.17499924,1.024943301,139.6477066,4.654499722,3.197554199,189.8264587,6414.7875,6,1.9832461630704126
AU_0001070,2008,772.4014879,1119.5,968.5049927,11.42307707,771.0075073,147.1600333,-36.79134421,108.2953484,1305.107684,5.194984595,20.44801325,38.03749847,36.59999847,24.17499924,1.024943301,142.0731247,4.637458134,3.280819971,189.6618744,6507.482031,6,2.3548542604732856
AU_0001070,2009,757.5807874,1071.3275,966.7425049,11.42307707,761.9425171,147.1600333,-36.79134421,108.2953484,1305.107684,5.194984595,20.44801325,38.03749847,36.59999847,24.17499924,1.024943301,140.371666,4.654416561,3.369146582,190.7445862,6546.63916,6,2.4215926271515613
AU_0001070,2010,714.0033398,1149.21,946.6649902,11.42307707,760.1625122,147.1600333,-36.79134421,108.2953484,1305.107684,5.194984595,20.44801325,38.03749847,36.59999847,24.17499924,1.024943301,142.6262527,4.639499855,3.312807422,188.1935455,6645.381934,6,2.266751562785332
AU_0001070,2011,894.9564858,1320.7725,914.6600098,11.42307707,791.7650146,147.1600333,-36.79134421,108.2953484,1305.107684,5.194984595,20.44801325,38.03749847,36.59999847,24.17499924,1.024943301,159.0868774,4.64139576,3.322359082,183.1143799,6749.204492,6,2.4006192463599465
AU_0001070,2012,986.7310941,1351.6625,922.4350098,11.42307707,812.7575073,147.1600333,-36.79134421,108.2953484,1305.107684,5.194984595,20.44801325,38.03749847,36.59999847,24.17499924,1.024943301,166.4510437,4.642645836,3.546166553,182.2220886,6833.242676,6,2.538992812142655
AU_0001070,2013,1056.838217,1399.5825,931.1625122,11.42307707,806.0275024,147.1600333,-36.79134421,108.2953484,1305.107684,5.194984595,20.44801325,38.03749847,36.59999847,24.17499924,1.024943301,162.8625,4.67183342,3.510094092,182.2245911,6917.559375,6,2.29461528110609
AU_0001070,2014,1013.23638,1452.4175,926.9224854,11.42307707,814.4400024,147.1600333,-36.79134421,108.2953484,1305.107684,5.194984595,20.44801325,38.03749847,36.59999847,24.17499924,1.024943301,164.7429169,4.639833355,3.502556641,181.2916718,7041.441602,6,2.3281840628259616
AU_0001070,2015,979.5012147,1347.825,934.2474854,11.42307707,801.8775024,147.1600333,-36.79134421,108.2953484,1305.107684,5.194984595,20.44801325,38.03749847,36.59999847,24.17499924,1.024943301,163.3643707,4.641729259,3.568836719,182.6904236,7045.85459,6,2.325009220951145
AU_0001070,2016,1039.264717,1341.595,967.2699707,11.42307707,791.6275146,147.1600333,-36.79134421,108.2953484,1305.107684,5.194984595,20.44801325,38.03749847,36.59999847,24.17499924,1.024943301,152.3702057,4.679145908,3.530557568,182.5814636,7069.028125,6,2.0571850103791056
BR_0000001,1990,1176.016532,1218.642381,1130.005273,18.8634155,798.7741943,-77.55,-4.47,114366.7,2138.960772,6.014553474,34.20204201,25.38289452,41.94050217,29.19625092,1.613498341,58.07971573,2.336341524,3.08392915,167.4559113,2188.39873,6,1.8080415811969828
BR_0000001,1991,1174.64874,1195.809288,1123.654297,18.8634155,781.9698364,-77.55,-4.47,114366.7,2138.960772,6.014553474,34.20204201,25.38289452,41.94050217,29.19625092,1.613498341,57.64547348,2.332717896,3.072387988,165.1223236,2202.26377,6,1.764677233646079
BR_0000001,1992,1109.404283,1182.339379,1110.342358,18.8634155,766.054126,-77.55,-4.47,114366.7,2138.960772,6.014553474,34.20204201,25.38289452,41.94050217,29.19625092,1.613498341,55.59284592,2.324594879,3.073636963,163.2505737,2219.107666,6,1.7253915590125783
BR_0000001,1993,1165.427892,1251.61392,1095.974902,18.8634155,767.7572876,-77.55,-4.47,114366.7,2138.960772,6.014553474,34.20204201,25.38289452,41.94050217,29.19625092,1.613498341,58.52138977,2.321516514,3.074565918,160.8909149,2229.094385,6,1.6555577368104992
BR_0000001,1994,1184.299097,1312.644423,1096.073804,18.8634155,780.2677246,-77.55,-4.47,114366.7,2138.960772,6.014553474,34.20204201,25.38289452,41.94050217,29.19625092,1.613498341,60.06184387,2.32269392,3.069169189,161.2898438,2305.656006,6,1.6371830192579566
BR_0000001,1995,1109.959818,1286.491375,1096.638013,18.8634155,773.6586426,-77.55,-4.47,114366.7,2138.960772,6.014553474,34.20204201,25.38289452,41.94050217,29.19625092,1.613498341,59.83453445,2.318944359,3.069984082,163.083902,2439.480908,6,1.6366824319127868
BR_0000001,1996,1085.573672,1318.759497,1097.478125,18.8634155,783.9815796,-77.55,-4.47,114366.7,2138.960772,6.014553474,34.20204201,25.38289452,41.94050217,29.19625092,1.613498341,61.78980637,2.31459918,3.07571582,164.0779877,2626.500781,6,1.6452145132372482
BR_0000001,1997,1117.835846,1362.946495,1092.543384,18.8634155,785.5904907,-77.55,-4.47,114366.7,2138.960772,6.014553474,34.20204201,25.38289452,41.94050217,29.19625092,1.613498341,63.95057678,2.320031881,3.068102734,163.6667786,2826.354785,6,1.6096869490041794
BR_0000001,1998,1095.696471,1364.4856,1094.53667,18.8634155,789.946167,-77.55,-4.47,114366.7,2138.960772,6.014553474,34.20204201,25.38289452,41.94050217,29.19625092,1.613498341,65.08584137,2.332951069,3.071975391,164.6608887,2939.696533,6,1.625101985693123
BR_0000001,1999,1077.933049,1367.988038,1081.969336,18.8634155,781.8268555,-77.55,-4.47,114366.7,2138.960772,6.014553474,34.20204201,25.38289452,41.94050217,29.19625092,1.613498341,65.49418335,2.328670454,3.081425781,163.1831177,3005.115039,6,1.6075078176405824
BR_0000001,2000,1182.067066,1467.242292,1071.113818,18.8634155,790.0749878,-77.55,-4.47,114366.7,2138.960772,6.014553474,34.20204201,25.38289452,41.94050217,29.19625092,1.613498341,69.41502533,2.317815161,3.090662793,161.2969757,3013.871338,6,1.5665358301752201
BR_0000001,2001,1242.685673,1508.448074,1060.665894,18.8634155,781.0656982,-77.55,-4.47,114366.7,2138.960772,6.014553474,34.20204201,25.38289452,41.94050217,29.19625092,1.613498341,71.49112473,2.304751492,3.097081445,158.3049957,2960.385889,6,1.5103230019646632
BR_0000001,2002,1308.965337,1448.071405,1053.550964,18.8634155,765.7404297,-77.55,-4.47,114366.7,2138.960772,6.014553474,34.20204201,25.38289452,41.94050217,29.19625092,1.613498341,70.53625031,2.293043518,3.103587109,156.2721039,2892.378564,6,1.509454208148703
BR_0000001,2003,1282.665981,1474.219692,1037.1099,18.8634155,753.3643066,-77.55,-4.47,114366.7,2138.960772,6.014553474,34.20204201,25.38289452,41.94050217,29.19625092,1.613498341,71.17416077,2.280742311,3.106456836,152.8824127,2899.160547,6,1.465169471821553
BR_0000001,2004,1267.036048,1413.393811,1033.128943,18.8634155,741.9711426,-77.55,-4.47,114366.7,2138.960772,6.014553474,34.20204201,25.38289452,41.94050217,29.19625092,1.613498341,70.97265778,2.285891104,3.111249805,152.8571655,2988.895703,6,1.475466265284098
BR_0000001,2005,1258.195902,1313.316126,1035.356238,18.8634155,723.7602661,-77.55,-4.47,114366.7,2138.960772,6.014553474,34.20204201,25.38289452,41.94050217,29.19625092,1.613498341,67.82162933,2.304846287,3.134082764,153.4913208,3092.196826,6,1.4858591338586928
BR_0000150,1989,867.23,1304.89,1252.84,17.09550247,931.1532349,-67.5354,-14.4438,70333.72,2152.844698,6.187634156,24.68592169,25.91677856,36.93875504,36.88561249,1.590015511,129.740416,2.132185936,3.174361279,183.4184967,1614.980884,6,2.1890422518792665
BR_0000150,1990,844.35,1273.47,1256.87,17.09550247,921.7883545,-67.5354,-14.4438,70333.72,2152.844698,6.187634156,24.68592169,25.91677856,36.93875504,36.88561249,1.590015511,125.9513763,2.104611874,3.172390234,185.0908234,1686.068628,6,2.1895023745261133
BR_0000150,1991,763.26,1189.5,1257.74,17.09550247,892.2697144,-67.5354,-14.4438,70333.72,2152.844698,6.187634156,24.68592169,25.91677856,36.93875504,36.88561249,1.590015511,120.777327,2.158835173,3.151448633,184.8799957,1807.577954,6,2.203580364143077
BR_0000150,1992,771.8,1179.25,1244.59,17.09550247,878.5291626,-67.5354,-14.4438,70333.72,2152.844698,6.187634156,24.68592169,25.91677856,36.93875504,36.88561249,1.590015511,117.4548172,2.142841578,3.145483447,183.5290222,1924.303345,6,2.162280778905628
BR_0000150,1993,782.2,1162.55,1236.89,17.09550247,887.0278198,-67.5354,-14.4438,70333.72,2152.844698,6.187634156,24.68592169,25.91677856,36.93875504,36.88561249,1.590015511,118.9774551,2.116697073,3.15321626,182.7619781,2065.598218,6,2.3075702392229207
BR_0000150,1994,788.31,1197.57,1252.47,17.09550247,905.2581177,-67.5354,-14.4438,70333.72,2152.844698,6.187634156,24.68592169,25.91677856,36.93875504,36.88561249,1.590015511,122.4520554,2.15555954,3.14288042,184.9449554,2225.164795,6,2.2977425858258576
BR_0000150,1995,776.87,1126.87,1252.68,17.09550247,871.4328247,-67.5354,-14.4438,70333.72,2152.844698,6.187634156,24.68592169,25.91677856,36.93875504,36.88561249,1.590015511,117.3413376,2.164201498,3.13582085,184.0890594,2414.372461,6,2.2590949763815753
BR_0000150,1996,807.1,1143.21,1238.85,17.09550247,868.616272,-67.5354,-14.4438,70333.72,2152.844698,6.187634156,24.68592169,25.91677856,36.93875504,36.88561249,1.590015511,117.8941574,2.143129826,3.150847998,182.1336731,2532.385498,6,2.2139506355365333
BR_0000150,1997,818.32,1194.34,1232.5,17.09550247,870.2052246,-67.5354,-14.4438,70333.72,2152.844698,6.187634156,24.68592169,25.91677856,36.93875504,36.88561249,1.590015511,120.4512772,2.213285923,3.151734229,181.1416595,2643.827441,6,2.087243531987129
BR_0000150,1998,829.68,1152.22,1219.14,17.09550247,847.9909668,-67.5354,-14.4438,70333.72,2152.844698,6.187634156,24.68592169,25.91677856,36.93875504,36.88561249,1.590015511,119.6798996,2.186309338,3.150506445,177.9829163,2749.708496,6,2.075433736211993
BR_0000150,1999,892.36,1173.01,1199.18,17.09550247,847.5032959,-67.5354,-14.4438,70333.72,2152.844698,6.187634156,24.68592169,25.91677856,36.93875504,36.88561249,1.590015511,120.9748474,2.127835035,3.154396875,175.9080872,2779.84248,6,2.063303189396021
BR_0000150,2000,918.16,1217.52,1187.17,17.09550247,867.030835,-67.5354,-14.4438,70333.72,2152.844698,6.187634156,24.68592169,25.91677856,36.93875504,36.88561249,1.590015511,127.9109512,2.186058998,3.163696387,174.2744843,2722.724023,6,2.1216241682149035
BR_0000150,2001,991.86,1275.18,1189.43,17.09550247,880.4147461,-67.5354,-14.4438,70333.72,2152.844698,6.187634156,24.68592169,25.91677856,36.93875504,36.88561249,1.590015511,131.4691986,2.15661025,3.164534229,174.314328,2696.087207,6,2.07288048364416
BR_0000150,2002,1001.64,1256.27,1188.33,17.09550247,884.6611206,-67.5354,-14.4438,70333.72,2152.844698,6.187634156,24.68592169,25.91677856,36.93875504,36.88561249,1.590015511,133.931076,2.238863707,3.164875537,174.1023499,2698.020898,6,2.1521797256226405
BR_0000150,2003,989.22,1304.23,1189.99,17.09550247,893.7160522,-67.5354,-14.4438,70333.72,2152.844698,6.187634156,24.68592169,25.91677856,36.93875504,36.88561249,1.590015511,136.2218109,2.235889435,3.167382373,175.6158081,2698.253613,6,2.1008101677319324
BR_0000150,2004,928.37,1276.43,1192.08,17.09550247,876.9939941,-67.5354,-14.4438,70333.72,2152.844698,6.187634156,24.68592169,25.91677856,36.93875504,36.88561249,1.590015511,135.298877,2.217045784,3.170427002,174.3867096,2777.346973,6,2.0389788390526267
BR_0000150,2005,911.89,1299.92,1197.66,17.09550247,884.8093994,-67.5354,-14.4438,70333.72,2152.844698,6.187634156,24.68592169,25.91677856,36.93875504,36.88561249,1.590015511,134.2242157,2.268612146,3.183363672,175.5433716,2909.139941,6,2.0266242745875442
BR_0001572,1989,1021.69,1570.45,1013.31,19.46833344,880.7133789,-45.2021,-22.7354,168.2674,1062.536496,5.817127585,28.91101516,37.16666794,45.42499924,16.14999962,0.963532711,60.81700058,1.73149991,4.041473828,166.7397827,1257.000928,6,2.255959476653088
BR_0001572,1990,905.51,1499.49,1020.37,19.46833344,906.933374,-45.2021,-22.7354,168.2674,1062.536496,5.817127585,28.91101516,37.16666794,45.42499924,16.14999962,0.963532711,61.53411179,1.681999922,4.036847168,167.678894,1312.861963,6,2.6299112882757063
BR_0001572,1991,981.12,1538.02,1019.0,19.46833344,906.5947021,-45.2021,-22.7354,168.2674,1062.536496,5.817127585,28.91101516,37.16666794,45.42499924,16.14999962,0.963532711,61.6823349,1.794444442,3.984190527,166.990448,1351.062573,6,2.5592651521764265
BR_0001572,1992,1037.44,1600.29,1014.24,19.46833344,902.9533325,-45.2021,-22.7354,168.2674,1062.536496,5.817127585,28.91101516,37.16666794,45.42499924,16.14999962,0.963532711,62.17789078,1.81883347,4.028443359,165.7071167,1391.694629,6,2.4425317244591698
BR_0001572,1993,1003.25,1557.2,1026.61,19.46833344,925.8706787,-45.2021,-22.7354,168.2674,1062.536496,5.817127585,28.91101516,37.16666794,45.42499924,16.14999962,0.963532711,61.54366684,1.683722138,4.092402246,167.3475616,1440.840503,6,2.71126900831185
BR_0001572,1994,931.33,1601.31,1033.77,19.46833344,911.5333374,-45.2021,-22.7354,168.2674,1062.536496,5.817127585,28.91101516,37.16666794,45.42499924,16.14999962,0.963532711,62.21489029,1.70411098,4.064624463,168.1918945,1490.78103,6,2.39154428278542
BR_0001572,1995,1029.07,1778.09,1021.28,19.46833344,891.5506592,-45.2021,-22.7354,168.2674,1062.536496,5.817127585,28.91101516,37.16666794,45.42499924,16.14999962,0.963532711,64.495224,1.727333188,4.063173389,164.8015594,1562.376416,6,2.049281725258691
BR_0001572,1996,1009.7,1825.22,1017.91,19.46833344,895.2919678,-45.2021,-22.7354,168.2674,1062.536496,5.817127585,28.91101516,37.16666794,45.42499924,16.14999962,0.963532711,65.60600052,1.726055503,4.084326318,164.1467834,1654.038574,6,2.053123973210083
BR_0001572,1997,936.86,1791.57,1022.95,19.46833344,897.2799561,-45.2021,-22.7354,168.2674,1062.536496,5.817127585,28.91101516,37.16666794,45.42499924,16.14999962,0.963532711,64.71088867,1.836000085,4.014949658,165.4031158,1757.490137,6,2.0750849190483773
BR_0001572,1998,922.11,1844.15,1013.9,19.46833344,885.5612793,-45.2021,-22.7354,168.2674,1062.536496,5.817127585,28.91101516,37.16666794,45.42499924,16.14999962,0.963532711,64.94177856,1.816000104,3.996417432,163.9352264,1855.437939,6,1.9761215766830331
BR_0001572,1999,1060.42,1839.04,1007.81,19.46833344,881.7559326,-45.2021,-22.7354,168.2674,1062.536496,5.817127585,28.91101516,37.16666794,45.42499924,16.14999962,0.963532711,63.15244522,1.781000018,4.011030713,162.888559,1928.349463,6,1.9830310361538386
BR_0001572,2000,1118.8,1736.65,1013.8,19.46833344,876.4866089,-45.2021,-22.7354,168.2674,1062.536496,5.817127585,28.91101516,37.16666794,45.42499924,16.14999962,0.963532711,59.91033401,1.749166608,4.050997314,165.3354462,1972.906738,6,2.007712538280849
BR_0001572,2001,1132.35,1639.37,1026.86,19.46833344,883.5412964,-45.2021,-22.7354,168.2674,1062.536496,5.817127585,28.91101516,37.16666794,45.42499924,16.14999962,0.963532711,58.75244522,1.715777636,4.05295332,168.5167786,1992.345508,6,2.108463872505761
BR_0001572,2002,1233.78,1674.56,1032.8,19.46833344,878.7053101,-45.2021,-22.7354,168.2674,1062.536496,5.817127585,28.91101516,37.16666794,45.42499924,16.14999962,0.963532711,57.53444443,1.704166532,4.054711084,170.0765564,1998.481128,6,1.9973162773653022
BR_0001718,1989,1904.14,1975.76,991.6,20.97333412,943.0866821,-44.7646,-23.2271,80.4906,1001.25669,6.692081451,32.13457472,52.11111069,25.73611069,20.68055534,0.923537812,70.41555634,2.389305592,4.65667793,162.3758331,9860.928516,6,2.764215719180043
BR_0001718,1990,1660.63,1896.29,998.72,20.97333412,961.4733643,-44.7646,-23.2271,80.4906,1001.25669,6.692081451,32.13457472,52.11111069,25.73611069,20.68055534,0.923537812,72.96861267,2.436527729,4.64361582,163.4386108,10046.57598,6,3.193438860032813
BR_0001718,1991,1556.84,1933.9,997.61,20.97333412,959.9300293,-44.7646,-23.2271,80.4906,1001.25669,6.692081451,32.13457472,52.11111069,25.73611069,20.68055534,0.923537812,72.5,2.515138865,4.631404688,162.904718,10153.00273,6,3.1133368613691452
BR_0001718,1992,1485.05,1989.45,995.51,20.97333412,960.5966797,-44.7646,-23.2271,80.4906,1001.25669,6.692081451,32.13457472,52.11111069,25.73611069,20.68055534,0.923537812,72.87722168,2.582916737,4.700199121,162.3888855,10151.72168,6,3.099061648896002
BR_0001718,1993,1209.55,1893.54,1008.99,20.97333412,979.8367065,-44.7646,-23.2271,80.4906,1001.25669,6.692081451,32.13457472,52.11111069,25.73611069,20.68055534,0.923537812,73.4855545,2.32694459,4.719958301,164.1716644,10299.46836,6,3.523417918274373
BR_0001718,1994,1269.42,1921.53,1017.33,20.97333412,960.1133667,-44.7646,-23.2271,80.4906,1001.25669,6.692081451,32.13457472,52.11111069,25.73611069,20.68055534,0.923537812,71.41138763,2.403472185,4.71852041,164.9533325,10401.9873,6,2.757975120269231
BR_0001718,1995,1365.23,2100.83,1005.3,20.97333412,938.2033447,-44.7646,-23.2271,80.4906,1001.25669,6.692081451,32.13457472,52.11111069,25.73611069,20.68055534,0.923537812,69.58694305,2.450416565,4.708133496,161.4602753,10899.18965,6,2.3532007361467313
BR_0001718,1996,1461.03,2149.29,999.58,20.97333412,934.9533447,-44.7646,-23.2271,80.4906,1001.25669,6.692081451,32.13457472,52.11111069,25.73611069,20.68055534,0.923537812,70.22777863,2.431666613,4.686123242,160.4011108,11492.03594,6,2.327543436922578
BR_0001718,1997,1425.11,2102.65,999.84,20.97333412,935.6733521,-44.7646,-23.2271,80.4906,1001.25669,6.692081451,32.13457472,52.11111069,25.73611069,20.68055534,0.923537812,70.86111145,2.488194466,4.635314844,161.2086121,11929.49063,6,2.3773847665119416
BR_0001718,1998,1568.82,2168.49,988.06,20.97333412,921.1199951,-44.7646,-23.2271,80.4906,1001.25669,6.692081451,32.13457472,52.11111069,25.73611069,20.68055534,0.923537812,69.97861176,2.534305573,4.597552832,159.4327759,12389.43848,6,2.2480959576023003
BR_0001718,1999,1532.89,2157.68,980.77,20.97333412,929.5733276,-44.7646,-23.2271,80.4906,1001.25669,6.692081451,32.13457472,52.11111069,25.73611069,20.68055534,0.923537812,69.34944458,2.52444458,4.604675,158.0455536,12603.54004,6,2.4760182298591804
BR_0001718,2000,1493.06,2024.58,986.61,20.97333412,923.9300049,-44.7646,-23.2271,80.4906,1001.25669,6.692081451,32.13457472,52.11111069,25.73611069,20.68055534,0.923537812,67.77833328,2.505555391,4.675472168,160.5744415,12505.94531,6,2.4369645722920517
BR_0001718,2001,1309.34,1914.4,1002.4,20.97333412,938.7333252,-44.7646,-23.2271,80.4906,1001.25669,6.692081451,32.13457472,52.11111069,25.73611069,20.68055534,0.923537812,66.81027603,2.453749895,4.704423047,163.7905579,12144.50742,6,2.5996341559337686
BR_0001718,2002,1361.24,1954.64,1010.2,20.97333412,938.1699951,-44.7646,-23.2271,80.4906,1001.25669,6.692081451,32.13457472,52.11111069,25.73611069,20.68055534,0.923537812,64.04749908,2.401527643,4.69255459,165.343335,11742.49902,6,2.448959507887106
BR_0001718,2003,1249.46,1830.52,1014.34,20.97333412,922.9333252,-44.7646,-23.2271,80.4906,1001.25669,6.692081451,32.13457472,52.11111069,25.73611069,20.68055534,0.923537812,61.55166626,2.488472462,4.701479492,166.2519501,10907.75313,6,2.3547427502455527
BR_0001718,2004,1256.89,1907.67,1004.97,20.97333412,910.7300049,-44.7646,-23.2271,80.4906,1001.25669,6.692081451,32.13457472,52.11111069,25.73611069,20.68055534,0.923537812,63.00166473,2.535694361,4.689468359,165.172226,10374.3709,6,2.2080995024318
BR_0001718,2005,1289.38,2011.72,998.6,20.97333412,917.2333374,-44.7646,-23.2271,80.4906,1001.25669,6.692081451,32.13457472,52.11111069,25.73611069,20.68055534,0.923537812,65.43833084,2.510694265,4.647299707,163.747229,9748.675391,6,2.234241548455489
BR_0001718,2006,1145.67,2025.67,990.61,20.97333412,905.8800171,-44.7646,-23.2271,80.4906,1001.25669,6.692081451,32.13457472,52.11111069,25.73611069,20.68055534,0.923537812,65.17888718,2.408472061,4.646839648,162.3797272,9021.355566,6,2.1609188721823194
BR_0001718,2007,993.98,2018.08,988.09,20.97333412,894.4800171,-44.7646,-23.2271,80.4906,1001.25669,6.692081451,32.13457472,52.11111069,25.73611069,20.68055534,0.923537812,66.41750031,2.489444494,4.680186035,162.2700043,8471.241309,6,2.0673637517286862
BR_0001718,2008,1232.87,2159.04,971.1,20.97333412,900.5500244,-44.7646,-23.2271,80.4906,1001.25669,6.692081451,32.13457472,52.11111069,25.73611069,20.68055534,0.923537812,70.24833374,2.492222071,4.725787012,160.4275024,8182.587891,6,2.1647258189849947
BR_0001718,2009,1353.25,2244.34,969.94,20.97333412,917.1900024,-44.7646,-23.2271,80.4906,1001.25669,6.692081451,32.13457472,52.11111069,25.73611069,20.68055534,0.923537812,72.24194641,2.372499943,4.719949023,159.4669495,7739.435254,6,2.343436489495572
BR_0001718,2010,1504.95,2268.97,974.51,20.97333412,921.3600098,-44.7646,-23.2271,80.4906,1001.25669,6.692081451,32.13457472,52.11111069,25.73611069,20.68055534,0.923537812,71.49250183,2.598055363,4.72467041,160.2305603,7468.175391,6,2.329844356069021
BR_0001718,2011,2099.74,2323.81,965.5,20.97333412,901.9133301,-44.7646,-23.2271,80.4906,1001.25669,6.692081451,32.13457472,52.11111069,25.73611069,20.68055534,0.923537812,71.51889038,2.397777557,4.724591699,159.4924988,7480.565332,6,2.1198835748969245
BR_0001718,2012,2381.69,2389.8,960.98,20.97333412,902.983313,-44.7646,-23.2271,80.4906,1001.25669,6.692081451,32.13457472,52.11111069,25.73611069,20.68055534,0.923537812,72.06916656,2.389722109,4.738623145,159.1252777,7698.75127,6,2.139211432624226
BR_0001718,2013,2415.1,2304.56,968.86,20.97333412,910.0733032,-44.7646,-23.2271,80.4906,1001.25669,6.692081451,32.13457472,52.11111069,25.73611069,20.68055534,0.923537812,71.51666718,2.455694437,4.732267578,160.0011139,8001.339258,6,2.2048896123478086
BR_0001718,2014,2283.37,2104.34,989.91,20.97333412,906.5066528,-44.7646,-23.2271,80.4906,1001.25669,6.692081451,32.13457472,52.11111069,25.73611069,20.68055534,0.923537812,67.61694565,2.436527729,4.833800879,165.7572235,8224.327441,6,2.1084433392906465
BR_0001718,2015,2171.59,2106.15,989.56,20.97333412,910.8966553,-44.7646,-23.2271,80.4906,1001.25669,6.692081451,32.13457472,52.11111069,25.73611069,20.68055534,0.923537812,68.53611374,2.318472385,4.819200879,165.5975006,8285.219824,6,2.158798156616859
BR_0001718,2016,1833.3,2049.9,1000.51,20.97333412,931.9599854,-44.7646,-23.2271,80.4906,1001.25669,6.692081451,32.13457472,52.11111069,25.73611069,20.68055534,0.923537812,68.80472488,2.40972209,4.829968359,165.7902832,8271.995898,6,2.3676980728480572
CA_0002513,1989,871.21,920.37,451.71,-1.260266721,405.3431396,-116.4729,52.0021,1880.604,2184.019519,7.218820448,22.88082656,13.17291641,49.11875153,23.94524956,1.344194147,25.58597221,2.910752773,0.800718115,142.6238892,636.4779297,6,1.9967768480834145
CA_0002513,1990,907.28,953.73,447.74,-1.260266721,407.2421387,-116.4729,52.0021,1880.604,2184.019519,7.218820448,22.88082656,13.17291641,49.11875153,23.94524956,1.344194147,24.51007805,3.02282238,0.804658398,141.2384216,645.2390381,6,2.041655795043729
CA_0002513,1991,909.58,944.72,444.96,-1.260266721,405.8380127,-116.4729,52.0021,1880.604,2184.019519,7.218820448,22.88082656,13.17291641,49.11875153,23.94524956,1.344194147,22.6851162,3.009755373,0.8032177,141.4754181,643.9203125,6,2.072193040182139
CA_0002513,1992,898.92,976.31,435.85,-1.260266721,394.9393433,-116.4729,52.0021,1880.604,2184.019519,7.218820448,22.88082656,13.17291641,49.11875153,23.94524956,1.344194147,22.71998863,2.887783289,0.794555933,140.4726471,639.5344849,6,1.934637283026506
CA_0002513,1993,875.31,977.82,425.82,-1.260266721,385.4117493,-116.4729,52.0021,1880.604,2184.019519,7.218820448,22.88082656,13.17291641,49.11875153,23.94524956,1.344194147,23.8206665,2.841408253,0.788674988,139.4266724,628.9300781,6,1.8914835171302802
CA_0002513,1994,874.98,983.42,435.67,-1.260266721,389.9262085,-116.4729,52.0021,1880.604,2184.019519,7.218820448,22.88082656,13.17291641,49.11875153,23.94524956,1.344194147,23.9789669,2.973352671,0.786704614,139.4471619,624.7986938,6,1.8310227539311463
CA_0002513,1995,854.65,988.39,432.2,-1.260266721,396.6498108,-116.4729,52.0021,1880.604,2184.019519,7.218820448,22.88082656,13.17291641,49.11875153,23.94524956,1.344194147,24.51262245,2.830383301,0.78673562,139.9981232,632.0405029,6,2.015148614169756
CA_0002513,1996,833.48,1038.85,429.61,-1.260266721,385.20047,-116.4729,52.0021,1880.604,2184.019519,7.218820448,22.88082656,13.17291641,49.11875153,23.94524956,1.344194147,25.40698357,3.012375116,0.785623962,140.1806305,655.0308716,6,1.7589566601552018
CA_0002513,1997,856.45,1063.31,424.7,-1.260266721,386.2168701,-116.4729,52.0021,1880.604,2184.019519,7.218820448,22.88082656,13.17291641,49.11875153,23.94524956,1.344194147,26.56316643,3.040855408,0.791574854,139.9739471,692.1696533,6,1.8181593427731864
CA_0002513,1998,905.97,1087.91,438.38,-1.260266721,385.601001,-116.4729,52.0021,1880.604,2184.019519,7.218820448,22.88082656,13.17291641,49.11875153,23.94524956,1.344194147,26.08599396,2.741308212,0.795157898,140.6730469,733.513269,6,1.6155566932341061
CA_0002513,1999,911.05,1074.2,423.36,-1.260266721,374.4675415,-116.4729,52.0021,1880.604,2184.019519,7.218820448,22.88082656,13.17291641,49.11875153,23.94524956,1.344194147,25.70449944,3.002774954,0.792343982,140.3971832,763.0900146,6,1.6237233243886493
CA_0002513,2000,887.41,1034.56,421.21,-1.260266721,366.9558777,-116.4729,52.0021,1880.604,2184.019519,7.218820448,22.88082656,13.17291641,49.11875153,23.94524956,1.344194147,24.99632149,2.938627481,0.790017127,140.589093,782.9894653,6,1.575745700342026
CA_0002513,2001,879.08,940.93,429.82,-1.260266721,368.8824768,-116.4729,52.0021,1880.604,2184.019519,7.218820448,22.88082656,13.17291641,49.11875153,23.94524956,1.344194147,24.44753838,3.065583229,0.790554163,141.3261597,798.5881104,6,1.6199681347152495
CA_0002513,2002,849.4,880.8,430.9,-1.260266721,356.7614136,-116.4729,52.0021,1880.604,2184.019519,7.218820448,22.88082656,13.17291641,49.11875153,23.94524956,1.344194147,22.02283287,3.023719311,0.78851648,141.7976013,829.5456787,6,1.529971960731976
CA_0002513,2003,820.54,861.31,424.84,-1.260266721,346.6479431,-116.4729,52.0021,1880.604,2184.019519,7.218820448,22.88082656,13.17291641,49.11875153,23.94524956,1.344194147,21.03833847,2.996502399,0.786908191,142.4900879,864.7428467,6,1.480171266138136
CA_0002513,2004,823.12,872.77,424.18,-1.260266721,352.7758118,-116.4729,52.0021,1880.604,2184.019519,7.218820448,22.88082656,13.17291641,49.11875153,23.94524956,1.344194147,22.15957184,2.920447111,0.794954346,141.3475159,848.2652466,6,1.5419457394222984
CA_0002513,2005,838.08,899.82,429.86,-1.260266721,360.4826111,-116.4729,52.0021,1880.604,2184.019519,7.218820448,22.88082656,13.17291641,49.11875153,23.94524956,1.344194147,23.27603874,2.926394463,0.806014563,140.9889771,824.3393555,6,1.5597530951207133
CA_0002513,2006,865.31,933.65,436.43,-1.260266721,376.6442139,-116.4729,52.0021,1880.604,2184.019519,7.218820448,22.88082656,13.17291641,49.11875153,23.94524956,1.344194147,24.28815575,2.861005545,0.802709021,141.1872437,800.1215698,6,1.6747014734846748
CA_0002513,2007,894.49,963.81,443.83,-1.260266721,384.320282,-116.4729,52.0021,1880.604,2184.019519,7.218820448,22.88082656,13.17291641,49.11875153,23.94524956,1.344194147,26.01003952,2.932394505,0.798033936,140.9897858,761.2682251,6,1.6753412157222405
CA_0002513,2008,884.12,938.34,438.54,-1.260266721,384.7826233,-116.4729,52.0021,1880.604,2184.019519,7.218820448,22.88082656,13.17291641,49.11875153,23.94524956,1.344194147,25.98043365,2.938797235,0.802224512,140.5700226,723.578772,6,1.7692690001357518
CA_0002513,2009,861.86,900.47,450.44,-1.260266721,379.9100159,-116.4729,52.0021,1880.604,2184.019519,7.218820448,22.88082656,13.17291641,49.11875153,23.94524956,1.344194147,23.4409668,2.950472116,0.804734119,143.0956329,728.071521,6,1.6375953841507511
CA_0002513,2010,811.85,863.03,444.32,-1.260266721,371.3516113,-116.4729,52.0021,1880.604,2184.019519,7.218820448,22.88082656,13.17291641,49.11875153,23.94524956,1.344194147,21.93007202,2.815158367,0.79531665,142.8702881,744.6016113,6,1.6282865547034568
CA_0002513,2011,793.65,845.98,434.1,-1.260266721,353.3655396,-116.4729,52.0021,1880.604,2184.019519,7.218820448,22.88082656,13.17291641,49.11875153,23.94524956,1.344194147,21.47733841,2.986866474,0.777195081,141.8547302,767.5473999,6,1.5113892319655906
CA_0002513,2012,793.19,831.09,428.75,-1.260266721,338.967804,-116.4729,52.0021,1880.604,2184.019519,7.218820448,22.88082656,13.17291641,49.11875153,23.94524956,1.344194147,19.97171631,2.911766529,0.761442004,141.0932404,781.088562,6,1.4108441097470743
CA_0002513,2013,822.34,823.9,428.56,-1.260266721,333.1849976,-116.4729,52.0021,1880.604,2184.019519,7.218820448,22.88082656,13.17291641,49.11875153,23.94524956,1.344194147,18.39128876,2.925191641,0.749544263,140.6903656,799.3142456,6,1.3645529451325495
CA_0002513,2014,857.27,857.08,430.01,-1.260266721,335.5434082,-116.4729,52.0021,1880.604,2184.019519,7.218820448,22.88082656,13.17291641,49.11875153,23.94524956,1.344194147,19.02623329,2.848855495,0.736427795,139.3554321,845.3325562,6,1.3440877005458725
CA_0002530,1989,608.43,862.11,459.29,-1.262128961,409.5980652,-116.3188,52.3104,3829.028,2150.303521,6.155461679,22.43801461,13.49816132,49.08377075,24.16061974,1.480162814,26.73559265,3.011569023,0.854251196,143.161731,638.9241577,6,2.083025250001897
CA_0002530,1990,638.58,892.56,455.63,-1.262128961,411.2167603,-116.3188,52.3104,3829.028,2150.303521,6.155461679,22.43801461,13.49816132,49.08377075,24.16061974,1.480162814,25.29158134,3.13074398,0.85514436,141.7942627,648.8437622,6,2.111393123940203
CA_0002530,1991,662.9,885.74,453.01,-1.262128961,409.6327148,-116.3188,52.3104,3829.028,2150.303521,6.155461679,22.43801461,13.49816132,49.08377075,24.16061974,1.480162814,23.34874382,3.117141008,0.852117456,142.0766113,648.8496094,6,2.1322291907294715
CA_0002530,1992,679.03,913.89,443.27,-1.262128961,399.1017639,-116.3188,52.3104,3829.028,2150.303521,6.155461679,22.43801461,13.49816132,49.08377075,24.16061974,1.480162814,23.29578094,2.984488964,0.842088257,141.0203949,646.013855,6,2.0055930957184427
CA_0002530,1993,673.12,918.53,432.45,-1.262128961,389.6785889,-116.3188,52.3104,3829.028,2150.303521,6.155461679,22.43801461,13.49816132,49.08377075,24.16061974,1.480162814,24.3404171,2.957251787,0.83320061,139.9174896,636.4774292,6,1.9666476117481664
CA_0002530,1994,672.8,925.27,442.56,-1.262128961,394.9761658,-116.3188,52.3104,3829.028,2150.303521,6.155461679,22.43801461,13.49816132,49.08377075,24.16061974,1.480162814,24.456707,3.076355934,0.830705151,139.988028,633.8083618,6,1.9156110996522928
CA_0002530,1995,655.53,927.65,438.8,-1.262128961,401.1591003,-116.3188,52.3104,3829.028,2150.303521,6.155461679,22.43801461,13.49816132,49.08377075,24.16061974,1.480162814,24.98561935,2.920338869,0.831360169,140.5413818,641.7090454,6,2.101398532939198
CA_0002530,1996,624.4,967.72,436.35,-1.262128961,389.8057617,-116.3188,52.3104,3829.028,2150.303521,6.155461679,22.43801461,13.49816132,49.08377075,24.16061974,1.480162814,25.78740845,3.114537001,0.830603955,140.7103943,664.6819824,6,1.8409189053523414
CA_0002530,1997,625.37,990.3,431.75,-1.262128961,391.0063171,-116.3188,52.3104,3829.028,2150.303521,6.155461679,22.43801461,13.49816132,49.08377075,24.16061974,1.480162814,27.17314224,3.155980587,0.835809631,140.6472473,700.850061,6,1.8975774806381982
CA_0002530,1998,662.82,1010.48,445.47,-1.262128961,390.6215576,-116.3188,52.3104,3829.028,2150.303521,6.155461679,22.43801461,13.49816132,49.08377075,24.16061974,1.480162814,26.83830719,2.821066141,0.841392139,141.3308563,741.8245117,6,1.6951263909801546
CA_0002530,1999,678.15,997.16,430.74,-1.262128961,379.1751282,-116.3188,52.3104,3829.028,2150.303521,6.155461679,22.43801461,13.49816132,49.08377075,24.16061974,1.480162814,26.45070114,3.103678942,0.837389099,141.112793,771.4487305,6,1.6944008652908265
CA_0002530,2000,664.64,962.01,429.21,-1.262128961,372.4403992,-116.3188,52.3104,3829.028,2150.303521,6.155461679,22.43801461,13.49816132,49.08377075,24.16061974,1.480162814,25.53442459,3.035325766,0.8356979,141.3361877,792.0771973,6,1.650719727584996
CA_0002530,2001,649.69,878.08,437.92,-1.262128961,374.1227844,-116.3188,52.3104,3829.028,2150.303521,6.155461679,22.43801461,13.49816132,49.08377075,24.16061974,1.480162814,24.6416069,3.165846586,0.836160156,142.1715637,809.4556763,6,1.6988983532103112
CA_0002530,2002,643.12,822.14,438.39,-1.262128961,361.5833008,-116.3188,52.3104,3829.028,2150.303521,6.155461679,22.43801461,13.49816132,49.08377075,24.16061974,1.480162814,21.78671951,3.12645483,0.833688623,142.5572571,841.933374,6,1.6095478797318963
CA_0002530,2003,616.45,804.84,431.97,-1.262128961,351.710321,-116.3188,52.3104,3829.028,2150.303521,6.155461679,22.43801461,13.49816132,49.08377075,24.16061974,1.480162814,20.58887939,3.096018553,0.830446448,143.2783447,878.5959717,6,1.5614674077256991
CA_0002530,2004,608.55,815.25,430.74,-1.262128961,357.5276184,-116.3188,52.3104,3829.028,2150.303521,6.155461679,22.43801461,13.49816132,49.08377075,24.16061974,1.480162814,21.98866806,3.027556181,0.834980591,142.0463013,868.428418,6,1.6272357804952218
CA_0002530,2005,629.75,842.6,435.85,-1.262128961,365.2544067,-116.3188,52.3104,3829.028,2150.303521,6.155461679,22.43801461,13.49816132,49.08377075,24.16061974,1.480162814,23.71533432,3.022438765,0.838609851,141.6400879,854.5389282,6,1.6466971086650046
CA_0002530,2006,644.26,874.9,441.93,-1.262128961,381.5154724,-116.3188,52.3104,3829.028,2150.303521,6.155461679,22.43801461,13.49816132,49.08377075,24.16061974,1.480162814,25.10410423,2.944818258,0.83501394,141.7059509,839.6296509,6,1.773468421380233
CA_0002530,2007,660.72,904.22,449.52,-1.262128961,389.5295227,-116.3188,52.3104,3829.028,2150.303521,6.155461679,22.43801461,13.49816132,49.08377075,24.16061974,1.480162814,26.81651154,3.028427362,0.831099622,141.5226288,811.159021,6,1.7743092346521996
CA_0002530,2008,665.45,880.63,444.51,-1.262128961,389.3394409,-116.3188,52.3104,3829.028,2150.303521,6.155461679,22.43801461,13.49816132,49.08377075,24.16061974,1.480162814,26.63349533,3.026154041,0.829912,141.1360504,782.2071167,6,1.8623613901035614
CA_0002530,2009,645.64,845.75,456.03,-1.262128961,383.8218262,-116.3188,52.3104,3829.028,2150.303521,6.155461679,22.43801461,13.49816132,49.08377075,24.16061974,1.480162814,23.85254288,3.043970108,0.830469104,143.7043762,791.5574707,6,1.721114955512255
CA_0002530,2010,625.77,810.28,450.25,-1.262128961,375.6346863,-116.3188,52.3104,3829.028,2150.303521,6.155461679,22.43801461,13.49816132,49.08377075,24.16061974,1.480162814,22.13848534,2.894505501,0.826246692,143.4957367,808.7021484,6,1.716372741490902
CA_0002530,2011,617.67,795.3,440.27,-1.262128961,357.6983398,-116.3188,52.3104,3829.028,2150.303521,6.155461679,22.43801461,13.49816132,49.08377075,24.16061974,1.480162814,21.55530739,3.0940938,0.811337244,142.6021118,830.8425781,6,1.5885404615485708
CA_0002530,2012,636.51,781.62,435.18,-1.262128961,343.1480225,-116.3188,52.3104,3829.028,2150.303521,6.155461679,22.43801461,13.49816132,49.08377075,24.16061974,1.480162814,20.12616081,2.99736762,0.80030968,141.8863922,844.6603638,6,1.4781715545629235
CA_0003953,1989,1877.21,1326.03,350.7,0.318901968,333.4246948,-130.4021,57.0437,889.6387,1318.468084,6.309880369,25.20193672,13.44131088,39.79573059,30.62389374,1.375182649,52.03607025,2.078935146,0.495120026,108.4499512,86.95456085,6,1.7780030529123276
CA_0003953,1990,1880.95,1314.89,356.04,0.318901968,336.2903687,-130.4021,57.0437,889.6387,1318.468084,6.309880369,25.20193672,13.44131088,39.79573059,30.62389374,1.375182649,51.48866196,2.173276663,0.500406555,106.9392502,87.42836304,6,1.7328403516747297
CA_0003953,1991,1914.95,1366.23,356.32,0.318901968,336.7661682,-130.4021,57.0437,889.6387,1318.468084,6.309880369,25.20193672,13.44131088,39.79573059,30.62389374,1.375182649,51.47746887,2.279089451,0.501370215,105.9381714,86.01563568,6,1.7055187047713831
CA_0003953,1992,1978.27,1334.23,357.71,0.318901968,334.3311035,-130.4021,57.0437,889.6387,1318.468084,6.309880369,25.20193672,13.44131088,39.79573059,30.62389374,1.375182649,51.14869232,2.255745649,0.502189722,107.1080994,84.05207062,6,1.6322408523734235
CA_0003953,1993,1962.41,1266.64,377.86,0.318901968,345.5187561,-130.4021,57.0437,889.6387,1318.468084,6.309880369,25.20193672,13.44131088,39.79573059,30.62389374,1.375182649,49.80414505,2.097258091,0.504194507,110.4415253,80.97001038,6,1.566074064756725
CA_0003953,1994,1908.6,1303.59,374.36,0.318901968,345.7166565,-130.4021,57.0437,889.6387,1318.468084,6.309880369,25.20193672,13.44131088,39.79573059,30.62389374,1.375182649,50.21160431,2.16115737,0.497201068,108.0636765,79.1464859,6,1.6000776429339838
CA_0003953,1995,1607.44,1256.91,379.48,0.318901968,352.6909851,-130.4021,57.0437,889.6387,1318.468084,6.309880369,25.20193672,13.44131088,39.79573059,30.62389374,1.375182649,50.46014404,2.107916594,0.501255853,109.9290268,79.51852112,6,1.691773827287693
CA_0003956,1989,2087.45,1414.94,356.68,1.570952594,338.2375183,-129.4771,56.1104,216.2048,1283.955177,5.730121758,35.68036572,13.6875,39.54018021,33.1875,1.440053302,46.1000679,1.897500038,0.718129211,111.1428528,255.5577637,6,1.7085624471440224
CA_0003956,1990,2288.53,1419.49,359.38,1.570952594,340.3833496,-129.4771,56.1104,216.2048,1283.955177,5.730121758,35.68036572,13.6875,39.54018021,33.1875,1.440053302,46.13770676,1.952360988,0.729375879,109.3852127,256.9502655,6,1.7003509298214825
CA_0003956,1991,2327.59,1495.36,358.42,1.570952594,342.074176,-129.4771,56.1104,216.2048,1283.955177,5.730121758,35.68036572,13.6875,39.54018021,33.1875,1.440053302,46.59131775,2.042916536,0.727630005,108.5709763,252.7197723,6,1.7322438359181231
CA_0003956,1992,2345.57,1479.79,360.79,1.570952594,340.030011,-129.4771,56.1104,216.2048,1283.955177,5.730121758,35.68036572,13.6875,39.54018021,33.1875,1.440053302,46.21478958,2.001180649,0.731372485,109.9199341,246.7852325,6,1.6241638517990253
CA_0003956,1993,2372.43,1425.74,377.48,1.570952594,348.1541748,-129.4771,56.1104,216.2048,1283.955177,5.730121758,35.68036572,13.6875,39.54018021,33.1875,1.440053302,45.11222076,1.881145835,0.740452478,113.2547287,237.4926971,6,1.5269630185986618
CA_0003956,1994,2438.98,1468.33,372.79,1.570952594,347.95,-129.4771,56.1104,216.2048,1283.955177,5.730121758,35.68036572,13.6875,39.54018021,33.1875,1.440053302,45.68347092,1.926944375,0.725735815,110.6515335,231.7876221,6,1.577997844336031
CA_0003956,1995,2496.84,1418.17,378.12,1.570952594,355.9350037,-129.4771,56.1104,216.2048,1283.955177,5.730121758,35.68036572,13.6875,39.54018021,33.1875,1.440053302,45.81333237,1.967256904,0.720106665,112.6389618,232.4632843,6,1.687650762876238
CA_0003956,1996,2438.41,1307.01,371.0,1.570952594,346.2141785,-129.4771,56.1104,216.2048,1283.955177,5.730121758,35.68036572,13.6875,39.54018021,33.1875,1.440053302,45.44604111,2.00788188,0.72203252,112.8421539,243.7549255,6,1.6686371506857758
CA_0003956,1997,2417.28,1316.21,367.3,1.570952594,349.7450073,-129.4771,56.1104,216.2048,1283.955177,5.730121758,35.68036572,13.6875,39.54018021,33.1875,1.440053302,46.46138763,1.961319447,0.727435864,111.1911819,261.2670715,6,1.8469647178350779
CA_0003956,1998,2404.26,1311.95,364.38,1.570952594,351.6408447,-129.4771,56.1104,216.2048,1283.955177,5.730121758,35.68036572,13.6875,39.54018021,33.1875,1.440053302,46.98187408,1.974513888,0.742123389,110.481456,263.5377533,6,2.0248808590343703
CA_0003956,1999,2355.07,1328.03,349.92,1.570952594,339.6808411,-129.4771,56.1104,216.2048,1283.955177,5.730121758,35.68036572,13.6875,39.54018021,33.1875,1.440053302,47.40110931,1.996215224,0.743765881,109.1245804,263.4917969,6,2.068565596105088
CA_0003956,2000,2187.46,1380.96,333.77,1.570952594,326.3008362,-129.4771,56.1104,216.2048,1283.955177,5.730121758,35.68036572,13.6875,39.54018021,33.1875,1.440053302,48.12895584,1.943506837,0.728828369,106.6725708,269.7397186,6,2.121207515129155
CA_0003956,2001,2211.86,1448.14,327.63,1.570952594,323.055835,-129.4771,56.1104,216.2048,1283.955177,5.730121758,35.68036572,13.6875,39.54018021,33.1875,1.440053302,48.57138672,1.997847199,0.724752527,104.445697,258.3411346,6,2.2985332742202944
CA_0003956,2002,2219.09,1420.18,321.14,1.570952594,316.4833374,-129.4771,56.1104,216.2048,1283.955177,5.730121758,35.68036572,13.6875,39.54018021,33.1875,1.440053302,48.54902649,1.965069413,0.723925855,104.3798615,252.8878326,6,2.2778383024654385
CA_0003956,2003,2207.52,1465.22,311.23,1.570952594,309.3033325,-129.4771,56.1104,216.2048,1283.955177,5.730121758,35.68036572,13.6875,39.54018021,33.1875,1.440053302,48.98444366,1.960138917,0.719440002,103.4275024,253.1359589,6,2.646571288161294
CA_0003956,2004,2286.1,1411.58,332.25,1.570952594,327.3333374,-129.4771,56.1104,216.2048,1283.955177,5.730121758,35.68036572,13.6875,39.54018021,33.1875,1.440053302,48.30527802,1.939618111,0.776423352,106.4592407,242.4041779,6,2.3151433072271512
CA_0003956,2005,2436.08,1423.44,344.97,1.570952594,339.05,-129.4771,56.1104,216.2048,1283.955177,5.730121758,35.68036572,13.6875,39.54018021,33.1875,1.440053302,48.1620842,2.008749962,0.810565015,107.0256973,224.6235596,6,2.2697578728903283
CA_0003956,2006,2404.26,1357.47,358.17,1.570952594,350.530835,-129.4771,56.1104,216.2048,1283.955177,5.730121758,35.68036572,13.6875,39.54018021,33.1875,1.440053302,47.74902878,1.96763885,0.832489197,108.6290329,222.5068115,6,2.2521505721376607
CA_0003956,2007,2473.7,1377.75,361.84,1.570952594,354.194165,-129.4771,56.1104,216.2048,1283.955177,5.730121758,35.68036572,13.6875,39.54018021,33.1875,1.440053302,47.75361176,1.961354136,0.813561707,107.9547287,212.7638336,6,2.251711861449173
CA_0003956,2008,2483.37,1366.74,361.0,1.570952594,354.0608276,-129.4771,56.1104,216.2048,1283.955177,5.730121758,35.68036572,13.6875,39.54018021,33.1875,1.440053302,47.84159698,2.058506966,0.803126721,107.5759811,211.8252228,6,2.313913753026632
CA_0003956,2009,2385.45,1334.23,354.76,1.570952594,346.069989,-129.4771,56.1104,216.2048,1283.955177,5.730121758,35.68036572,13.6875,39.54018021,33.1875,1.440053302,47.80506821,2.064895868,0.769359204,107.9403519,214.4575867,6,2.181468479981624
CA_0003956,2010,2378.22,1319.09,358.12,1.570952594,344.4450012,-129.4771,56.1104,216.2048,1283.955177,5.730121758,35.68036572,13.6875,39.54018021,33.1875,1.440053302,46.9356926,2.112326384,0.785709204,109.1379211,213.1952942,6,1.9485833447865009
CA_0003956,2011,2423.06,1343.52,353.03,1.570952594,340.4091675,-129.4771,56.1104,216.2048,1283.955177,5.730121758,35.68036572,13.6875,39.54018021,33.1875,1.440053302,47.25027542,2.109583139,0.757560864,107.9454895,209.4312164,6,1.9517977859549098
CA_0003956,2012,2371.68,1303.26,350.56,1.570952594,336.4575012,-129.4771,56.1104,216.2048,1283.955177,5.730121758,35.68036572,13.6875,39.54018021,33.1875,1.440053302,47.04458084,1.9799999,0.798429187,109.3482666,206.49534,6,1.9089998513386504
CA_0003970,1989,1568.8,1601.18,426.6,4.091666985,393.5700195,-129.4771,55.4562,39.3699,735.2272075,6.006678283,33.04257461,5.625,69.25,23.25,-0.14520334,45.23610916,2.785694122,1.6418854,112.7469467,0.0,6,1.533572132392756
CA_0003970,1990,1488.76,1620.11,429.97,4.091666985,397.3166809,-129.4771,55.4562,39.3699,735.2272075,6.006678283,33.04257461,5.625,69.25,23.25,-0.14520334,45.30388718,2.857222319,1.672229175,111.1658371,0.0,6,1.5412207860733875
CA_0003970,1991,1648.84,1706.3,429.49,4.091666985,400.616687,-129.4771,55.4562,39.3699,735.2272075,6.006678283,33.04257461,5.625,69.25,23.25,-0.14520334,45.86083145,2.928194284,1.645106274,110.5644455,0.002551812,6,1.5666344042219662
CA_0003970,1992,1645.33,1705.61,435.2,4.091666985,398.9733643,-129.4771,55.4562,39.3699,735.2272075,6.006678283,33.04257461,5.625,69.25,23.25,-0.14520334,45.33888626,2.889583349,1.652393774,111.8575012,0.007773408,6,1.4629335316662044
CA_0003970,1993,1656.84,1657.85,449.57,4.091666985,400.3200256,-129.4771,55.4562,39.3699,735.2272075,6.006678283,33.04257461,5.625,69.25,23.25,-0.14520334,43.74638596,2.771389008,1.627541724,115.4116669,0.015392018,6,1.356063284170459
CA_0003970,1994,1568.8,1703.17,445.32,4.091666985,407.330011,-129.4771,55.4562,39.3699,735.2272075,6.006678283,33.04257461,5.625,69.25,23.25,-0.14520334,44.90083084,2.805416822,1.613643774,112.5338882,0.026168172,6,1.4669839262348932
CA_0003970,1995,1544.78,1643.92,447.48,4.091666985,411.2933533,-129.4771,55.4562,39.3699,735.2272075,6.006678283,33.04257461,5.625,69.25,23.25,-0.14520334,44.70083084,2.870555639,1.6041729,114.4341629,0.039431773,6,1.5258767399959479
CA_0003970,1996,1292.18,1510.31,441.03,4.091666985,402.0200134,-129.4771,55.4562,39.3699,735.2272075,6.006678283,33.04257461,5.625,69.25,23.25,-0.14520334,44.37055283,2.930555344,1.619906201,114.4724991,0.054204043,6,1.5294983465124457
CA_0004015,1989,1255.42,1031.16,435.66,1.907380962,382.7028809,-127.4979,54.6062,353.2641,1346.83265,6.019223509,25.35933349,10.0714283,66.8794632,21.1428566,1.676970097,73.17351379,2.457693338,0.973704907,117.7956573,126.3223663,6,1.6578733073890517
CA_0004015,1990,1288.08,1060.12,435.57,1.907380962,382.5453796,-127.4979,54.6062,353.2641,1346.83265,6.019223509,25.35933349,10.0714283,66.8794632,21.1428566,1.676970097,71.69241104,2.544851065,0.972462329,116.1894073,127.1288254,6,1.6272007244963396
CA_0004015,1991,1298.39,1105.88,434.22,1.907380962,390.6182373,-127.4979,54.6062,353.2641,1346.83265,6.019223509,25.35933349,10.0714283,66.8794632,21.1428566,1.676970097,72.03321457,2.524092197,0.974599292,116.0464935,125.4915588,6,1.7221433992618205
CA_0004015,1992,1305.39,1126.62,437.35,1.907380962,382.7864441,-127.4979,54.6062,353.2641,1346.83265,6.019223509,25.35933349,10.0714283,66.8794632,21.1428566,1.676970097,71.37982101,2.462529898,0.963063965,117.25914,123.2483521,6,1.5533115642220325
CA_0004015,1993,1247.69,1086.16,446.6,1.907380962,379.4135864,-127.4979,54.6062,353.2641,1346.83265,6.019223509,25.35933349,10.0714283,66.8794632,21.1428566,1.676970097,69.03268051,2.369478941,0.965193848,119.2427414,119.1890305,6,1.4699071842196834
CA_0004015,1994,1236.52,1120.85,441.53,1.907380962,378.6021484,-127.4979,54.6062,353.2641,1346.83265,6.019223509,25.35933349,10.0714283,66.8794632,21.1428566,1.676970097,70.71663895,2.419136763,0.956002197,116.7316086,116.9267853,6,1.471484719225212
CA_0004015,1995,1167.78,1082.24,445.29,1.907380962,388.4328613,-127.4979,54.6062,353.2641,1346.83265,6.019223509,25.35933349,10.0714283,66.8794632,21.1428566,1.676970097,71.76794891,2.474791765,0.964331189,117.8064621,117.5921051,6,1.59273373926356
CA_0004015,1996,1147.71,1015.17,436.7,1.907380962,377.4792847,-127.4979,54.6062,353.2641,1346.83265,6.019223509,25.35933349,10.0714283,66.8794632,21.1428566,1.676970097,71.83887177,2.53172636,0.956694592,117.3176224,123.2546722,6,1.5918737105971605
CA_0004015,1997,1038.02,1006.05,428.58,1.907380962,383.7332153,-127.4979,54.6062,353.2641,1346.83265,6.019223509,25.35933349,10.0714283,66.8794632,21.1428566,1.676970097,73.1647934,2.480029821,0.967420679,115.7990524,128.7792572,6,1.7847444621078596
CA_0004015,1998,1111.92,1004.83,430.26,1.907380962,391.3142822,-127.4979,54.6062,353.2641,1346.83265,6.019223509,25.35933349,10.0714283,66.8794632,21.1428566,1.676970097,73.7569046,2.420238018,0.982521228,115.5535172,126.349585,6,1.9072166542032596
CA_0004015,1999,1140.28,1014.29,412.61,1.907380962,382.5349976,-127.4979,54.6062,353.2641,1346.83265,6.019223509,25.35933349,10.0714283,66.8794632,21.1428566,1.676970097,74.87705231,2.477261782,0.967295691,114.6678619,120.7520721,6,2.0087248004732894
CA_0004015,2000,1189.07,1031.21,396.71,1.907380962,375.2410645,-127.4979,54.6062,353.2641,1346.83265,6.019223509,25.35933349,10.0714283,66.8794632,21.1428566,1.676970097,77.12056274,2.439866304,0.947264331,112.3680405,113.3386795,6,2.156337878512413
CA_0004015,2001,1131.69,1066.52,391.14,1.907380962,372.3182129,-127.4979,54.6062,353.2641,1346.83265,6.019223509,25.35933349,10.0714283,66.8794632,21.1428566,1.676970097,78.03380585,2.507484913,0.942671033,110.540538,100.2642975,6,2.17273635467548
CA_0004015,2002,1219.33,1056.12,385.9,1.907380962,359.3996399,-127.4979,54.6062,353.2641,1346.83265,6.019223509,25.35933349,10.0714283,66.8794632,21.1428566,1.676970097,77.24056244,2.502232075,0.939511072,110.3755966,91.89658356,6,1.9127435295953434
CA_0004015,2003,1216.76,1088.73,378.54,1.907380962,357.0421509,-127.4979,54.6062,353.2641,1346.83265,6.019223509,25.35933349,10.0714283,66.8794632,21.1428566,1.676970097,78.56008606,2.496368885,0.92937085,109.3658356,89.95579681,6,1.9837571983171656
CA_0004015,2004,1222.68,1068.72,401.37,1.907380962,374.0375122,-127.4979,54.6062,353.2641,1346.83265,6.019223509,25.35933349,10.0714283,66.8794632,21.1428566,1.676970097,77.38496704,2.432633877,0.918724829,111.4444382,83.74974594,6,1.9530563183975298
CA_0004015,2005,1230.51,1077.56,413.79,1.907380962,384.5335938,-127.4979,54.6062,353.2641,1346.83265,6.019223509,25.35933349,10.0714283,66.8794632,21.1428566,1.676970097,76.8640152,2.527931452,0.89032085,112.2823227,77.42046814,6,1.9541860195266798
CA_0004015,2006,1183.24,1029.78,431.83,1.907380962,392.0203735,-127.4979,54.6062,353.2641,1346.83265,6.019223509,25.35933349,10.0714283,66.8794632,21.1428566,1.676970097,75.04990997,2.487901688,0.854918848,115.3519958,75.57251282,6,1.8652302984236544
CA_0004015,2007,1178.95,1049.81,432.75,1.907380962,403.3057373,-127.4979,54.6062,353.2641,1346.83265,6.019223509,25.35933349,10.0714283,66.8794632,21.1428566,1.676970097,76.30869141,2.489613056,0.78736377,113.9878296,68.90404053,6,2.0819843809188883
CA_0004015,2008,1201.13,1042.8,427.08,1.907380962,397.8878723,-127.4979,54.6062,353.2641,1346.83265,6.019223509,25.35933349,10.0714283,66.8794632,21.1428566,1.676970097,76.35440826,2.565163851,0.743356714,114.0659546,65.38336182,6,2.068784024188904
CA_0004015,2009,1175.51,997.39,421.91,1.907380962,381.742865,-127.4979,54.6062,353.2641,1346.83265,6.019223509,25.35933349,10.0714283,66.8794632,21.1428566,1.676970097,75.89690857,2.60982132,0.733706519,114.7805069,65.63416138,6,1.8509201431475852
CA_0004015,2010,1171.21,980.96,423.33,1.907380962,366.012146,-127.4979,54.6062,353.2641,1346.83265,6.019223509,25.35933349,10.0714283,66.8794632,21.1428566,1.676970097,74.77491455,2.584464312,0.732326636,115.2543472,64.91400223,6,1.596382231644379
CA_0004015,2011,1282.92,990.39,408.4,1.907380962,362.0460754,-127.4979,54.6062,353.2641,1346.83265,6.019223509,25.35933349,10.0714283,66.8794632,21.1428566,1.676970097,76.47574615,2.595714331,0.693370313,111.4518768,62.96166153,6,1.6841341884827477
CA_0004015,2012,1269.2,942.32,410.96,1.907380962,359.5617798,-127.4979,54.6062,353.2641,1346.83265,6.019223509,25.35933349,10.0714283,66.8794632,21.1428566,1.676970097,75.45544739,2.489761829,0.701603455,113.418158,63.67100754,6,1.6703483476351992
CA_0004015,2013,1234.8,891.47,415.97,1.907380962,355.4624939,-127.4979,54.6062,353.2641,1346.83265,6.019223509,25.35933349,10.0714283,66.8794632,21.1428566,1.676970097,73.04294586,2.299806595,0.721063586,113.8472946,62.79126205,6,1.6220300075231324
CA_0004015,2014,1245.11,925.03,417.21,1.907380962,369.8385803,-127.4979,54.6062,353.2641,1346.83265,6.019223509,25.35933349,10.0714283,66.8794632,21.1428566,1.676970097,73.51214447,2.484955072,0.753702368,112.9007187,63.06734085,6,1.7890325735231738
CA_0004026,1989,1176.46,1176.41,457.93,2.263205862,391.8553223,-128.3271,54.4937,2960.352,1174.795654,5.635896222,26.91256882,14.36086941,58.89282608,23.76955414,1.480638829,63.24911346,2.386298418,1.33720459,117.8588333,317.5384216,6,1.452500440341215
CA_0004026,1990,1182.88,1213.92,458.7,2.263205862,393.8364136,-128.3271,54.4937,2960.352,1174.795654,5.635896222,26.91256882,14.36086941,58.89282608,23.76955414,1.480638829,62.26622162,2.473231554,1.339438086,116.335936,321.3043518,6,1.441716746018666
CA_0004026,1991,1253.92,1265.56,458.34,2.263205862,403.2618713,-128.3271,54.4937,2960.352,1174.795654,5.635896222,26.91256882,14.36086941,58.89282608,23.76955414,1.480638829,62.71547241,2.456536293,1.344651465,116.2126953,322.5033386,6,1.5166333670014707
CA_0004026,1992,1315.16,1288.79,463.02,2.263205862,395.6757935,-128.3271,54.4937,2960.352,1174.795654,5.635896222,26.91256882,14.36086941,58.89282608,23.76955414,1.480638829,62.29917984,2.392071247,1.339808545,117.3564819,323.4244019,6,1.3828488554804377
CA_0004026,1993,1324.4,1246.59,471.5,2.263205862,389.3047729,-128.3271,54.4937,2960.352,1174.795654,5.635896222,26.91256882,14.36086941,58.89282608,23.76955414,1.480638829,59.95410004,2.305028915,1.341008008,119.5446289,320.6178406,6,1.2995606730515603
CA_0004026,1994,1319.2,1285.07,466.35,2.263205862,390.1366943,-128.3271,54.4937,2960.352,1174.795654,5.635896222,26.91256882,14.36086941,58.89282608,23.76955414,1.480638829,61.54962692,2.354942322,1.330756714,116.9044952,319.9268677,6,1.3134615612410367
CA_0004026,1995,1276.27,1238.21,469.32,2.263205862,397.9146545,-128.3271,54.4937,2960.352,1174.795654,5.635896222,26.91256882,14.36086941,58.89282608,23.76955414,1.480638829,61.62546692,2.410460234,1.334214941,118.0237701,322.0018616,6,1.3938488654132897
CA_0004026,1996,1232.5,1160.19,461.31,2.263205862,387.7836731,-128.3271,54.4937,2960.352,1174.795654,5.635896222,26.91256882,14.36086941,58.89282608,23.76955414,1.480638829,61.39416656,2.483365059,1.324586108,117.5576248,330.2790894,6,1.3995519011111026
CA_0004026,1997,1174.14,1148.19,451.08,2.263205862,394.7667725,-128.3271,54.4937,2960.352,1174.795654,5.635896222,26.91256882,14.36086941,58.89282608,23.76955414,1.480638829,62.51940231,2.418563604,1.327130151,116.0708221,339.7183533,6,1.5641232752998526
CA_0004026,1998,1138.95,1143.47,453.29,2.263205862,401.7770691,-128.3271,54.4937,2960.352,1174.795654,5.635896222,26.91256882,14.36086941,58.89282608,23.76955414,1.480638829,63.11568069,2.355327129,1.339192017,115.7523605,343.6602966,6,1.6414178274427795
CA_0004026,1999,1138.28,1151.55,436.17,2.263205862,395.5131836,-128.3271,54.4937,2960.352,1174.795654,5.635896222,26.91256882,14.36086941,58.89282608,23.76955414,1.480638829,64.25127487,2.407739162,1.324050293,114.791983,345.6138184,6,1.7367879717339232
CA_0004026,2000,1159.16,1170.16,421.2,2.263205862,391.360675,-128.3271,54.4937,2960.352,1174.795654,5.635896222,26.91256882,14.36086941,58.89282608,23.76955414,1.480638829,66.43414841,2.378927231,1.310038208,112.377713,346.8379944,6,1.8728837266234586
CA_0004026,2001,1126.55,1210.19,415.72,2.263205862,389.7993225,-128.3271,54.4937,2960.352,1174.795654,5.635896222,26.91256882,14.36086941,58.89282608,23.76955414,1.480638829,67.45854721,2.447951555,1.304026343,110.4378494,342.6296326,6,1.905609538555872
CA_0004026,2002,1165.5,1196.19,410.28,2.263205862,377.0033508,-128.3271,54.4937,2960.352,1174.795654,5.635896222,26.91256882,14.36086941,58.89282608,23.76955414,1.480638829,66.96665115,2.43745923,1.303013989,110.2847412,341.8594849,6,1.727996435358359
CA_0004026,2003,1161.85,1234.36,403.4,2.263205862,377.2305481,-128.3271,54.4937,2960.352,1174.795654,5.635896222,26.91256882,14.36086941,58.89282608,23.76955414,1.480638829,68.09618835,2.4402771,1.294466064,109.1724396,345.0124695,6,1.8235521641070667
CA_0004026,2004,1172.14,1209.2,426.39,2.263205862,390.3455261,-128.3271,54.4937,2960.352,1174.795654,5.635896222,26.91256882,14.36086941,58.89282608,23.76955414,1.480638829,66.57319107,2.369504452,1.328484912,111.4609512,342.7771912,6,1.7287932228760965
CA_0004026,2005,1202.13,1218.04,438.72,2.263205862,399.1137085,-128.3271,54.4937,2960.352,1174.795654,5.635896222,26.91256882,14.36086941,58.89282608,23.76955414,1.480638829,65.69620132,2.471607447,1.338517896,112.3624634,343.5053833,6,1.705961288511504
CA_0004026,2006,1142.16,1165.86,455.01,2.263205862,401.9856018,-128.3271,54.4937,2960.352,1174.795654,5.635896222,26.91256882,14.36086941,58.89282608,23.76955414,1.480638829,63.88839493,2.426833391,1.337680273,115.541571,348.5967773,6,1.607405976724333
CA_0004026,2007,1140.28,1186.43,456.05,2.263205862,413.57724,-128.3271,54.4937,2960.352,1174.795654,5.635896222,26.91256882,14.36086941,58.89282608,23.76955414,1.480638829,64.88729172,2.43022275,1.286029492,114.154895,351.1951965,6,1.753618668087085
CA_0004026,2008,1208.64,1175.93,449.35,2.263205862,407.6959656,-128.3271,54.4937,2960.352,1174.795654,5.635896222,26.91256882,14.36086941,58.89282608,23.76955414,1.480638829,64.97507401,2.504454374,1.275920068,114.1718033,356.0214905,6,1.7504374530465072
CA_0004026,2009,1202.68,1125.67,443.64,2.263205862,392.1021484,-128.3271,54.4937,2960.352,1174.795654,5.635896222,26.91256882,14.36086941,58.89282608,23.76955414,1.480638829,64.98414383,2.546035051,1.254397217,114.8012772,357.9618225,6,1.619411383549991
CA_0004026,2010,1166.5,1113.95,444.42,2.263205862,375.871167,-128.3271,54.4937,2960.352,1174.795654,5.635896222,26.91256882,14.36086941,58.89282608,23.76955414,1.480638829,64.60706635,2.528209209,1.25773457,115.1936264,360.3662598,6,1.4257591428716847
CA_0004026,2011,1254.69,1122.81,428.34,2.263205862,373.0349487,-128.3271,54.4937,2960.352,1174.795654,5.635896222,26.91256882,14.36086941,58.89282608,23.76955414,1.480638829,66.13484497,2.535362244,1.200934436,111.3616333,363.1697998,6,1.5131126275901112
CA_0004026,2012,1250.14,1068.71,432.14,2.263205862,371.5086914,-128.3271,54.4937,2960.352,1174.795654,5.635896222,26.91256882,14.36086941,58.89282608,23.76955414,1.480638829,65.2829361,2.423824072,1.216807898,113.3295151,364.2183167,6,1.506139188224743
CA_0004026,2013,1189.63,1013.74,437.26,2.263205862,365.6293091,-128.3271,54.4937,2960.352,1174.795654,5.635896222,26.91256882,14.36086941,58.89282608,23.76955414,1.480638829,63.44272385,2.227324247,1.240978992,113.9008102,364.6641602,6,1.4484869036467083
CA_0004036,1989,2018.81,1699.58,452.12,3.951098347,394.5836609,-128.7271,54.5187,375.4752,892.4671971,7.327339602,28.43645048,12.85227299,59.39204407,23.14619827,1.366314197,42.36493835,2.630803108,1.290314307,115.0613022,911.0828247,6,1.2635103630036517
CA_0004036,1990,2013.77,1738.4,454.59,3.951098347,399.2640259,-128.7271,54.5187,375.4752,892.4671971,7.327339602,28.43645048,12.85227299,59.39204407,23.14619827,1.366314197,42.11914978,2.692939043,1.297906226,113.6726044,924.9779785,6,1.277264470308535
CA_0004036,1991,2053.19,1823.86,453.7,3.951098347,405.1789185,-128.7271,54.5187,375.4752,892.4671971,7.327339602,28.43645048,12.85227299,59.39204407,23.14619827,1.366314197,42.62369537,2.731484652,1.289625049,113.3702759,930.9636719,6,1.315346250840691
CA_0004036,1992,2061.34,1834.74,458.05,3.951098347,399.8774719,-128.7271,54.5187,375.4752,892.4671971,7.327339602,28.43645048,12.85227299,59.39204407,23.14619827,1.366314197,42.1999382,2.678924322,1.283735522,114.5446411,934.8943359,6,1.2290625974730303
CA_0004036,1993,2009.58,1787.18,471.32,3.951098347,396.3251038,-128.7271,54.5187,375.4752,892.4671971,7.327339602,28.43645048,12.85227299,59.39204407,23.14619827,1.366314197,40.60530319,2.595560789,1.278681885,117.8227325,934.3644043,6,1.1407931726907785
CA_0004036,1994,1994.48,1837.28,465.4,3.951098347,400.6618225,-128.7271,54.5187,375.4752,892.4671971,7.327339602,28.43645048,12.85227299,59.39204407,23.14619827,1.366314197,41.52057495,2.618106127,1.270713281,114.7785217,940.8234497,6,1.1900671684595576
CA_0004036,1995,1830.09,1768.12,467.44,3.951098347,405.8509216,-128.7271,54.5187,375.4752,892.4671971,7.327339602,28.43645048,12.85227299,59.39204407,23.14619827,1.366314197,41.49172592,2.697666883,1.276078613,116.361763,956.8244263,6,1.2414899567221858
CA_0004037,1989,3851.65,2256.63,418.43,4.522883987,395.9528748,-129.3104,54.3604,368.2155,889.9973133,9.321145301,34.3974656,6.152777672,68.5357132,21.20999908,1.331085804,31.74352264,3.156285763,0.754686426,113.3155746,254.9169434,6,1.4671963675599133
CA_0004037,1990,3900.24,2297.3,423.08,4.522883987,401.0517334,-129.3104,54.3604,368.2155,889.9973133,9.321145301,34.3974656,6.152777672,68.5357132,21.20999908,1.331085804,32.11052284,3.25880909,0.762285986,112.1906723,261.2075958,6,1.4769494982804272
CA_0004037,1991,4107.35,2410.03,423.81,4.522883987,403.684021,-129.3104,54.3604,368.2155,889.9973133,9.321145301,34.3974656,6.152777672,68.5357132,21.20999908,1.331085804,32.38002434,3.354904413,0.764997388,111.9084366,265.3072784,6,1.4891872964306074
CA_0004037,1992,4138.26,2408.5,428.61,4.522883987,404.8603088,-129.3104,54.3604,368.2155,889.9973133,9.321145301,34.3974656,6.152777672,68.5357132,21.20999908,1.331085804,31.91497612,3.288308859,0.765683801,113.0403427,266.4121094,6,1.428947849881092
CA_0004037,1993,4057.92,2349.43,444.2,4.522883987,412.0651672,-129.3104,54.3604,368.2155,889.9973133,9.321145301,34.3974656,6.152777672,68.5357132,21.20999908,1.331085804,31.13364296,3.187737942,0.780582483,116.7724854,265.9670837,6,1.3455720118508019
CA_0004037,1994,4005.92,2419.64,437.43,4.522883987,412.6894409,-129.3104,54.3604,368.2155,889.9973133,9.321145301,34.3974656,6.152777672,68.5357132,21.20999908,1.331085804,32.01509476,3.184095144,0.763305725,113.605098,266.6295898,6,1.4291628402171797
CA_0004037,1995,3934.33,2327.89,438.79,4.522883987,419.9700073,-129.3104,54.3604,368.2155,889.9973133,9.321145301,34.3974656,6.152777672,68.5357132,21.20999908,1.331085804,31.95971489,3.272130966,0.764801331,115.21017,264.5203369,6,1.5793396126649029
CA_0004037,1996,3639.14,2145.97,433.91,4.522883987,412.8263,-129.3104,54.3604,368.2155,889.9973133,9.321145301,34.3974656,6.152777672,68.5357132,21.20999908,1.331085804,31.66361885,3.368868828,0.774296057,115.2138107,266.9555054,6,1.569753771339466
CA_0004037,1997,3491.12,2118.78,427.58,4.522883987,412.1582886,-129.3104,54.3604,368.2155,889.9973133,9.321145301,34.3974656,6.152777672,68.5357132,21.20999908,1.331085804,32.45409584,3.317321301,0.764123242,113.8550491,286.7144165,6,1.7096425081242803
CA_0004037,1998,3410.15,2080.17,426.33,4.522883987,414.831427,-129.3104,54.3604,368.2155,889.9973133,9.321145301,34.3974656,6.152777672,68.5357132,21.20999908,1.331085804,32.65954781,3.286357403,0.78850481,113.0563126,308.0434204,6,1.8624136593470235
CA_0004037,1999,3448.5,2098.01,409.17,4.522883987,399.0680115,-129.3104,54.3604,368.2155,889.9973133,9.321145301,34.3974656,6.152777672,68.5357132,21.20999908,1.331085804,32.86173973,3.318833351,0.776249536,111.6156937,335.0633057,6,1.8621184293829591
CA_0004037,2000,3504.96,2169.34,396.36,4.522883987,388.900592,-129.3104,54.3604,368.2155,889.9973133,9.321145301,34.3974656,6.152777672,68.5357132,21.20999908,1.331085804,33.30509491,3.279011726,0.748617957,108.9587387,359.4120117,6,1.9330223832293394
CA_0004037,2001,3531.18,2278.75,388.3,4.522883987,383.23573,-129.3104,54.3604,368.2155,889.9973133,9.321145301,34.3974656,6.152777672,68.5357132,21.20999908,1.331085804,33.62342834,3.426892757,0.743441638,106.4407608,383.3929077,6,2.0385215080537393
CA_0004037,2002,3616.41,2250.47,381.96,4.522883987,376.9134521,-129.3104,54.3604,368.2155,889.9973133,9.321145301,34.3974656,6.152777672,68.5357132,21.20999908,1.331085804,33.62064285,3.282809496,0.769929797,106.2386673,410.1588379,6,2.0291369978325813
CA_0004037,2003,3682.89,2340.9,373.24,4.522883987,371.6531677,-129.3104,54.3604,368.2155,889.9973133,9.321145301,34.3974656,6.152777672,68.5357132,21.20999908,1.331085804,34.05414429,3.338809729,0.766672803,104.7284073,425.4179504,6,2.476143469576957
CA_0004037,2004,3741.7,2257.76,398.82,4.522883987,394.0423035,-129.3104,54.3604,368.2155,889.9973133,9.321145301,34.3974656,6.152777672,68.5357132,21.20999908,1.331085804,33.47457199,3.212571383,0.832391235,108.0899567,429.1871948,6,2.110527461426942
CA_0004037,2005,3884.89,2260.92,410.71,4.522883987,403.3405762,-129.3104,54.3604,368.2155,889.9973133,9.321145301,34.3974656,6.152777672,68.5357132,21.20999908,1.331085804,33.19609604,3.375559568,0.88785791,109.0096497,440.9770935,6,1.949989360590229
CA_0004037,2006,3786.02,2148.82,424.72,4.522883987,415.1357239,-129.3104,54.3604,368.2155,889.9973133,9.321145301,34.3974656,6.152777672,68.5357132,21.20999908,1.331085804,32.73823853,3.274523497,0.908651782,111.9511734,454.9801941,6,1.9166622281196246
CA_0004037,2007,3820.97,2167.36,426.23,4.522883987,416.6540161,-129.3104,54.3604,368.2155,889.9973133,9.321145301,34.3974656,6.152777672,68.5357132,21.20999908,1.331085804,32.73945236,3.329702139,0.864652234,110.9305038,456.6189209,6,1.9143006736735961
CA_0004037,2008,3822.89,2120.2,420.19,4.522883987,411.4414429,-129.3104,54.3604,368.2155,889.9973133,9.321145301,34.3974656,6.152777672,68.5357132,21.20999908,1.331085804,32.85588074,3.419095039,0.833896069,110.1370499,461.8601868,6,1.9578064659765715
CA_0004037,2009,3714.43,2037.88,413.9,4.522883987,400.5805847,-129.3104,54.3604,368.2155,889.9973133,9.321145301,34.3974656,6.152777672,68.5357132,21.20999908,1.331085804,32.76392822,3.371261597,0.797543872,110.1512161,461.9189331,6,1.7693436278636203
CA_0004037,2010,3500.5,2034.71,413.09,4.522883987,395.4308655,-129.3104,54.3604,368.2155,889.9973133,9.321145301,34.3974656,6.152777672,68.5357132,21.20999908,1.331085804,32.2956913,3.533857107,0.826246057,110.2840729,434.4481567,6,1.6332773233598235
CA_0004037,2011,3686.3,2032.67,400.46,4.522883987,384.5340027,-129.3104,54.3604,368.2155,889.9973133,9.321145301,34.3974656,6.152777672,68.5357132,21.20999908,1.331085804,32.68442955,3.405249834,0.778245618,107.4356705,402.6578125,6,1.645375388943891
CA_0004037,2012,3628.88,1945.51,401.05,4.522883987,383.4802734,-129.3104,54.3604,368.2155,889.9973133,9.321145301,34.3974656,6.152777672,68.5357132,21.20999908,1.331085804,32.45947762,3.302559614,0.801914905,108.8790771,370.1411682,6,1.6327974163878305
CA_0004053,1989,1729.52,1229.14,473.9,3.163000059,400.4825134,-126.5187,52.4229,161.6775,1066.511505,9.554194112,24.90758912,5.59499979,69.16000366,23.15999985,0.947591104,54.44708405,2.452604294,1.427425977,122.9311478,145.6325531,6,1.3948379698699516
CA_0004053,1990,1765.22,1328.42,471.76,3.163000059,401.1725159,-126.5187,52.4229,161.6775,1066.511505,9.554194112,24.90758912,5.59499979,69.16000366,23.15999985,0.947591104,54.28302155,2.534687519,1.436924316,121.5081253,146.9543945,6,1.355676263181031
CA_0004053,1991,1820.76,1326.04,474.35,3.163000059,412.6825195,-126.5187,52.4229,161.6775,1066.511505,9.554194112,24.90758912,5.59499979,69.16000366,23.15999985,0.947591104,54.51927185,2.488749981,1.449294336,122.1173981,146.0007111,6,1.45364647936768
CA_0004053,1992,1829.72,1353.33,477.58,3.163000059,406.0175171,-126.5187,52.4229,161.6775,1066.511505,9.554194112,24.90758912,5.59499979,69.16000366,23.15999985,0.947591104,54.46645966,2.41854167,1.465964673,122.1101074,144.4840424,6,1.3501395940854863
CA_0004053,1993,1751.34,1302.83,480.32,3.163000059,400.8537659,-126.5187,52.4229,161.6775,1066.511505,9.554194112,24.90758912,5.59499979,69.16000366,23.15999985,0.947591104,53.74135513,2.355833292,1.476163354,123.181044,141.6839081,6,1.3165056535100892
CA_0004053,1994,1729.52,1349.41,477.05,3.163000059,397.0162659,-126.5187,52.4229,161.6775,1066.511505,9.554194112,24.90758912,5.59499979,69.16000366,23.15999985,0.947591104,54.36625137,2.372031212,1.465404663,121.1981277,141.1968475,6,1.2784957821059164
CA_0004053,1995,1681.92,1312.01,476.77,3.163000059,410.4825134,-126.5187,52.4229,161.6775,1066.511505,9.554194112,24.90758912,5.59499979,69.16000366,23.15999985,0.947591104,54.82021027,2.465937376,1.472114697,121.5526077,143.8215088,6,1.4215889744778134
CA_0004053,1996,1680.56,1298.08,467.94,3.163000059,398.7825134,-126.5187,52.4229,161.6775,1066.511505,9.554194112,24.90758912,5.59499979,69.16000366,23.15999985,0.947591104,54.34969025,2.563020706,1.474796729,120.7343765,152.1040161,6,1.3748510841332953
CA_0004053,1997,1691.84,1317.95,456.03,3.163000059,406.0287659,-126.5187,52.4229,161.6775,1066.511505,9.554194112,24.90758912,5.59499979,69.16000366,23.15999985,0.947591104,55.63250275,2.489479303,1.460810376,119.6164597,162.6282623,6,1.5378004352136725
CA_0004053,1998,1679.94,1332.07,462.29,3.163000059,410.9300171,-126.5187,52.4229,161.6775,1066.511505,9.554194112,24.90758912,5.59499979,69.16000366,23.15999985,0.947591104,54.7118782,2.365937233,1.469554712,119.7166672,175.2572632,6,1.5317593854365243
CA_0004053,1999,1699.77,1332.65,447.3,3.163000059,406.2412659,-126.5187,52.4229,161.6775,1066.511505,9.554194112,24.90758912,5.59499979,69.16000366,23.15999985,0.947591104,55.27958603,2.475885391,1.453346753,119.0961456,192.2322235,6,1.6259732883586115
CA_0004053,2000,1692.49,1308.93,436.81,3.163000059,403.3437683,-126.5187,52.4229,161.6775,1066.511505,9.554194112,24.90758912,5.59499979,69.16000366,23.15999985,0.947591104,56.75635681,2.455572844,1.421878369,117.2697906,202.6933899,6,1.7375169553101106
CA_0004053,2001,1634.32,1323.05,436.2,3.163000059,406.5887634,-126.5187,52.4229,161.6775,1066.511505,9.554194112,24.90758912,5.59499979,69.16000366,23.15999985,0.947591104,57.58562698,2.544010401,1.413656323,115.7591675,213.649527,6,1.8035352708354735
CA_0004053,2002,1662.09,1262.17,434.2,3.163000059,391.9137634,-126.5187,52.4229,161.6775,1066.511505,9.554194112,24.90758912,5.59499979,69.16000366,23.15999985,0.947591104,56.78896027,2.506927013,1.414395996,115.8736465,233.8605988,6,1.610227252452657
CA_0004053,2003,1662.09,1297.01,429.7,3.163000059,393.5575073,-126.5187,52.4229,161.6775,1066.511505,9.554194112,24.90758912,5.59499979,69.16000366,23.15999985,0.947591104,58.21729355,2.496874809,1.408733325,114.7283356,244.9336823,6,1.6700157303286731
CA_0004053,2004,1644.76,1288.73,450.5,3.163000059,407.6037537,-126.5187,52.4229,161.6775,1066.511505,9.554194112,24.90758912,5.59499979,69.16000366,23.15999985,0.947591104,57.83958511,2.421093702,1.454786328,116.3778137,226.7809113,6,1.6402108315288424
CA_0004053,2005,1777.12,1326.34,460.84,3.163000059,414.4299988,-126.5187,52.4229,161.6775,1066.511505,9.554194112,24.90758912,5.59499979,69.16000366,23.15999985,0.947591104,57.45052261,2.561874866,1.494131982,116.9860443,215.5680908,6,1.5973550144847521
CA_0004053,2006,1693.82,1288.14,475.62,3.163000059,408.9737488,-126.5187,52.4229,161.6775,1066.511505,9.554194112,24.90758912,5.59499979,69.16000366,23.15999985,0.947591104,55.47208481,2.494687557,1.496206372,120.2034409,199.0645172,6,1.4290802175444477
CA_0004053,2007,1735.47,1347.68,473.26,3.163000059,419.1849976,-126.5187,52.4229,161.6775,1066.511505,9.554194112,24.90758912,5.59499979,69.16000366,23.15999985,0.947591104,56.17781372,2.486770868,1.431469702,118.1556274,178.8991455,6,1.5235148072167228
CA_0004053,2008,1835.69,1322.27,467.74,3.163000059,417.1462463,-126.5187,52.4229,161.6775,1066.511505,9.554194112,24.90758912,5.59499979,69.16000366,23.15999985,0.947591104,56.67698059,2.591822863,1.418772705,118.5516678,164.0856079,6,1.566298911013719
CA_0004053,2009,1822.74,1276.29,463.25,3.163000059,400.0087463,-126.5187,52.4229,161.6775,1066.511505,9.554194112,24.90758912,5.59499979,69.16000366,23.15999985,0.947591104,56.38791809,2.555624962,1.381982349,119.5184402,166.1043488,6,1.4328704040759355
CA_0004053,2010,1715.64,1260.29,462.89,3.163000059,379.04375,-126.5187,52.4229,161.6775,1066.511505,9.554194112,24.90758912,5.59499979,69.16000366,23.15999985,0.947591104,55.54375153,2.531510353,1.364000708,119.8885422,168.11362,6,1.2539900970832853
CA_0004053,2011,1886.21,1296.87,443.27,3.163000059,380.9350098,-126.5187,52.4229,161.6775,1066.511505,9.554194112,24.90758912,5.59499979,69.16000366,23.15999985,0.947591104,57.6616684,2.531666279,1.306817358,115.6764587,169.5865784,6,1.3677070871326555
CA_0004053,2012,1849.61,1239.75,448.8,3.163000059,373.6000061,-126.5187,52.4229,161.6775,1066.511505,9.554194112,24.90758912,5.59499979,69.16000366,23.15999985,0.947591104,56.16218948,2.451197863,1.31703335,118.1710419,161.1567566,6,1.2953674207161614
CA_0004053,2013,1743.41,1195.42,454.42,3.163000059,366.1000061,-126.5187,52.4229,161.6775,1066.511505,9.554194112,24.90758912,5.59499979,69.16000366,23.15999985,0.947591104,55.31593933,2.30822897,1.344535034,118.4942734,166.2196136,6,1.2296732006523985
CA_0004053,2014,1737.46,1219.87,451.18,3.163000059,369.630011,-126.5187,52.4229,161.6775,1066.511505,9.554194112,24.90758912,5.59499979,69.16000366,23.15999985,0.947591104,55.03948212,2.524270773,1.357179346,116.9596909,180.3788025,6,1.260024949020417
CA_0004054,1989,1898.02,1146.3,440.21,2.20062499,374.2995361,-126.4604,52.3896,271.1871,1333.328821,9.379489557,25.05013491,7.1875,65.703125,17.1893692,1.718859822,52.4104393,2.395833254,1.320566724,123.4697235,1595.119312,6,1.4153780071460296
CA_0004054,1990,1964.85,1245.39,437.11,2.20062499,371.1542908,-126.4604,52.3896,271.1871,1333.328821,9.379489557,25.05013491,7.1875,65.703125,17.1893692,1.718859822,52.28948593,2.478531599,1.317150781,121.9795227,1621.955615,6,1.3417396994057613
CA_0004054,1991,2001.19,1235.51,437.03,2.20062499,378.4566772,-126.4604,52.3896,271.1871,1333.328821,9.379489557,25.05013491,7.1875,65.703125,17.1893692,1.718859822,52.56615295,2.42922616,1.32123938,122.6726166,1633.834497,6,1.4245977751151941
CA_0004054,1992,1983.16,1255.82,439.35,2.20062499,372.3452454,-126.4604,52.3896,271.1871,1333.328821,9.379489557,25.05013491,7.1875,65.703125,17.1893692,1.718859822,52.71603317,2.377043486,1.324204517,122.5657532,1639.204932,6,1.332580338444671
CA_0004054,1993,1892.16,1210.19,443.25,2.20062499,367.7233337,-126.4604,52.3896,271.1871,1333.328821,9.379489557,25.05013491,7.1875,65.703125,17.1893692,1.718859822,52.07785873,2.300734043,1.314804517,123.5219437,1632.401074,6,1.292386540227999
CA_0004054,1994,1903.88,1249.22,440.78,2.20062499,364.0714294,-126.4604,52.3896,271.1871,1333.328821,9.379489557,25.05013491,7.1875,65.703125,17.1893692,1.718859822,52.32095413,2.315972328,1.278968164,121.6678589,1639.82959,6,1.2537509250195724
CA_0004054,1995,1853.47,1217.56,441.94,2.20062499,381.7295288,-126.4604,52.3896,271.1871,1333.328821,9.379489557,25.05013491,7.1875,65.703125,17.1893692,1.718859822,53.26198654,2.413809538,1.287795459,121.9727402,1656.427954,6,1.4342316262033248
CA_0004054,1996,1695.15,1215.35,434.87,2.20062499,372.3666748,-126.4604,52.3896,271.1871,1333.328821,9.379489557,25.05013491,7.1875,65.703125,17.1893692,1.718859822,52.78503952,2.499662638,1.28428562,121.1252029,1698.326855,6,1.3875955479988014
CA_0004056,1989,757.97,703.09,486.45,1.95275805,344.9700012,-126.1604,52.4187,3629.817,1476.877243,5.966393132,21.94799982,11.76240063,59.7299118,24.47115707,1.415741589,39.89842606,2.258835793,1.180225415,127.2724213,827.3896729,6,1.3730904049030555
CA_0004056,1990,766.1,768.09,482.63,1.95275805,342.2691772,-126.1604,52.4187,3629.817,1476.877243,5.966393132,21.94799982,11.76240063,59.7299118,24.47115707,1.415741589,39.7383255,2.350826263,1.18087915,125.5740921,852.2200562,6,1.2789626053716017
CA_0004056,1991,785.94,759.75,481.7,1.95275805,346.8596741,-126.1604,52.4187,3629.817,1476.877243,5.966393132,21.94799982,11.76240063,59.7299118,24.47115707,1.415741589,40.45350418,2.304365396,1.178003345,126.1475937,860.5691406,6,1.3270955925371206
CA_0004056,1992,776.53,773.76,483.14,1.95275805,346.1260132,-126.1604,52.4187,3629.817,1476.877243,5.966393132,21.94799982,11.76240063,59.7299118,24.47115707,1.415741589,42.39311752,2.231157541,1.173606519,125.8574661,874.1804443,6,1.2992238219094103
CA_0004056,1993,782.55,751.34,483.34,1.95275805,342.9793091,-126.1604,52.4187,3629.817,1476.877243,5.966393132,21.94799982,11.76240063,59.7299118,24.47115707,1.415741589,43.199263,2.127191305,1.163686743,126.2753403,885.9640625,6,1.3019935298262688
CA_0004056,1994,796.88,767.9,481.8,1.95275805,339.5805054,-126.1604,52.4187,3629.817,1476.877243,5.966393132,21.94799982,11.76240063,59.7299118,24.47115707,1.415741589,43.23768234,2.204235077,1.161193872,124.6651672,884.0489746,6,1.2623769136662102
CA_0004056,1995,773.56,753.55,482.55,1.95275805,354.5400574,-126.1604,52.4187,3629.817,1476.877243,5.966393132,21.94799982,11.76240063,59.7299118,24.47115707,1.415741589,43.32755203,2.234339952,1.160422876,124.7851807,921.1024292,6,1.394573270950363
CA_0004056,1996,759.79,758.58,476.47,1.95275805,347.1872192,-126.1604,52.4187,3629.817,1476.877243,5.966393132,21.94799982,11.76240063,59.7299118,24.47115707,1.415741589,43.76501007,2.322743416,1.159207056,123.9231369,965.9844238,6,1.3508205685687444
CA_0004056,1997,741.52,782.09,465.59,1.95275805,356.5132324,-126.1604,52.4187,3629.817,1476.877243,5.966393132,21.94799982,11.76240063,59.7299118,24.47115707,1.415741589,44.95218658,2.30443573,1.159503149,122.8143005,1008.153467,6,1.4480494394224421
CA_0004056,1998,761.27,793.29,473.53,1.95275805,355.3667725,-126.1604,52.4187,3629.817,1476.877243,5.966393132,21.94799982,11.76240063,59.7299118,24.47115707,1.415741589,45.4033905,2.117659569,1.169526147,123.2330536,1050.810046,6,1.3866923991896463
CA_0004056,1999,753.9,799.42,460.58,1.95275805,354.4631836,-126.1604,52.4187,3629.817,1476.877243,5.966393132,21.94799982,11.76240063,59.7299118,24.47115707,1.415741589,46.49198532,2.3217628,1.162005322,123.1138519,1027.298315,6,1.430433401107323
CA_0004056,2000,748.14,779.81,451.34,1.95275805,354.9407166,-126.1604,52.4187,3629.817,1476.877243,5.966393132,21.94799982,11.76240063,59.7299118,24.47115707,1.415741589,46.7413826,2.241109371,1.16034248,121.9173538,980.7240845,6,1.5109630028475727
CA_0004056,2001,690.4,778.47,451.68,1.95275805,362.3059753,-126.1604,52.4187,3629.817,1476.877243,5.966393132,21.94799982,11.76240063,59.7299118,24.47115707,1.415741589,46.79399261,2.343583822,1.163852588,120.9551483,936.5355469,6,1.5917557770838864
CA_0004056,2002,675.74,729.17,449.49,1.95275805,345.6335449,-126.1604,52.4187,3629.817,1476.877243,5.966393132,21.94799982,11.76240063,59.7299118,24.47115707,1.415741589,45.23703766,2.322167397,1.166067969,121.3169022,901.7834229,6,1.5015054074130794
CA_0004056,2003,655.05,740.33,446.26,1.95275805,350.574231,-126.1604,52.4187,3629.817,1476.877243,5.966393132,21.94799982,11.76240063,59.7299118,24.47115707,1.415741589,44.93727112,2.285696268,1.160536719,120.5391266,858.6991943,6,1.5546015650299496
CA_0004056,2004,662.88,740.74,463.48,1.95275805,363.0968262,-126.1604,52.4187,3629.817,1476.877243,5.966393132,21.94799982,11.76240063,59.7299118,24.47115707,1.415741589,45.28130722,2.231590986,1.178825024,121.3396729,863.1042847,6,1.5905024508682253
CA_0004056,2005,739.4,761.34,473.32,1.95275805,368.2523315,-126.1604,52.4187,3629.817,1476.877243,5.966393132,21.94799982,11.76240063,59.7299118,24.47115707,1.415741589,45.5571228,2.350963593,1.199754004,121.7340912,875.2951416,6,1.5551713492802062
CA_0004056,2006,764.07,740.67,488.49,1.95275805,355.5271912,-126.1604,52.4187,3629.817,1476.877243,5.966393132,21.94799982,11.76240063,59.7299118,24.47115707,1.415741589,44.19188614,2.325752974,1.182634375,124.4079666,888.9248779,6,1.3975096338830082
CA_0004056,2007,845.28,780.61,486.72,1.95275805,366.22995,-126.1604,52.4187,3629.817,1476.877243,5.966393132,21.94799982,11.76240063,59.7299118,24.47115707,1.415741589,44.61012115,2.333010674,1.147794458,122.4009521,893.2964355,6,1.4404769102533084
CA_0004056,2008,868.43,771.31,479.15,1.95275805,365.4806946,-126.1604,52.4187,3629.817,1476.877243,5.966393132,21.94799982,11.76240063,59.7299118,24.47115707,1.415741589,45.17388306,2.412834167,1.136081689,122.7987381,899.3203979,6,1.482054631859685
CA_0004056,2009,848.5,739.48,476.17,1.95275805,348.551355,-126.1604,52.4187,3629.817,1476.877243,5.966393132,21.94799982,11.76240063,59.7299118,24.47115707,1.415741589,44.37736664,2.38650012,1.11041438,124.1163605,911.1710083,6,1.389236296645798
CA_0004056,2010,891.99,723.51,476.77,1.95275805,331.3451477,-126.1604,52.4187,3629.817,1476.877243,5.966393132,21.94799982,11.76240063,59.7299118,24.47115707,1.415741589,44.36065903,2.330565929,1.065454541,124.7084091,922.7896362,6,1.2716414815946913
CA_0004069,1989,2539.9,1955.85,418.5,2.169999981,387.9202637,-127.9521,53.5646,550.535,1130.54912,6.870674344,34.94914101,7.282812595,64.98281097,16.20689583,1.332684892,48.22808762,2.831903219,0.940484717,117.8071442,56.21428833,6,1.4130568837421997
CA_0004069,1990,2527.98,2040.62,418.43,2.169999981,392.4256897,-127.9521,53.5646,550.535,1130.54912,6.870674344,34.94914101,7.282812595,64.98281097,16.20689583,1.332684892,47.92998123,2.933394909,0.950971191,116.6247604,56.52962036,6,1.4631843138626437
CA_0004069,1991,2674.32,2114.99,418.84,2.169999981,399.6913757,-127.9521,53.5646,550.535,1130.54912,6.870674344,34.94914101,7.282812595,64.98281097,16.20689583,1.332684892,48.63588638,2.918786049,0.956454175,116.7351501,55.63982925,6,1.5838721270186382
CA_0004069,1992,2842.6,2152.09,420.62,2.169999981,393.3743347,-127.9521,53.5646,550.535,1130.54912,6.870674344,34.94914101,7.282812595,64.98281097,16.20689583,1.332684892,48.0456398,2.828939915,0.952647583,117.5795776,54.40402832,6,1.4144592705284356
CA_0004069,1993,2767.91,2085.49,430.73,2.169999981,396.049408,-127.9521,53.5646,550.535,1130.54912,6.870674344,34.94914101,7.282812595,64.98281097,16.20689583,1.332684892,46.65067978,2.762716055,0.963414941,119.9783432,52.44579391,6,1.346188512290721
CA_0004069,1994,2774.71,2152.82,423.5,2.169999981,388.8042114,-127.9521,53.5646,550.535,1130.54912,6.870674344,34.94914101,7.282812595,64.98281097,16.20689583,1.332684892,46.95160599,2.82045269,0.950514587,117.0417374,51.30275803,6,1.3112041654628537
CA_0004069,1995,2858.66,2068.89,425.52,2.169999981,398.294342,-127.9521,53.5646,550.535,1130.54912,6.870674344,34.94914101,7.282812595,64.98281097,16.20689583,1.332684892,47.87586441,2.870236635,0.942947217,118.0031113,51.5795433,6,1.451423112519321
CA_0004069,1996,2774.35,1949.04,417.38,2.169999981,387.924469,-127.9521,53.5646,550.535,1130.54912,6.870674344,34.94914101,7.282812595,64.98281097,16.20689583,1.332684892,47.5090126,3.003384829,0.939959375,117.4754807,54.22896194,6,1.4302284020589424
CA_0004069,1997,2685.66,1930.67,411.15,2.169999981,392.0454529,-127.9521,53.5646,550.535,1130.54912,6.870674344,34.94914101,7.282812595,64.98281097,16.20689583,1.332684892,48.63695374,2.897284031,0.939789905,116.1199005,59.87286758,6,1.6284731679098035
CA_0004069,1998,2671.48,1917.87,412.85,2.169999981,396.0738342,-127.9521,53.5646,550.535,1130.54912,6.870674344,34.94914101,7.282812595,64.98281097,16.20689583,1.332684892,49.32240601,2.811954737,0.942705872,115.6706818,67.39956512,6,1.7024954674519797
CA_0004069,1999,2712.32,1923.21,396.35,2.169999981,383.9916199,-127.9521,53.5646,550.535,1130.54912,6.870674344,34.94914101,7.282812595,64.98281097,16.20689583,1.332684892,49.92742691,2.872819185,0.928102405,114.6161148,77.20272903,6,1.7966160426376308
CA_0004069,2000,2674.25,1941.18,380.63,2.169999981,370.1861877,-127.9521,53.5646,550.535,1130.54912,6.870674344,34.94914101,7.282812595,64.98281097,16.20689583,1.332684892,50.44868317,2.855421543,0.916188867,111.9521866,83.65635757,6,1.8165765390943636
CA_0004069,2001,2524.01,2002.97,375.82,2.169999981,367.3819824,-127.9521,53.5646,550.535,1130.54912,6.870674344,34.94914101,7.282812595,64.98281097,16.20689583,1.332684892,50.82376633,2.950627565,0.91440415,109.8285828,89.58556824,6,1.8739471602244322
CA_0004069,2002,2492.25,1970.33,369.96,2.169999981,357.0133423,-127.9521,53.5646,550.535,1130.54912,6.870674344,34.94914101,7.282812595,64.98281097,16.20689583,1.332684892,50.20845871,2.910822868,0.915223267,109.6918381,98.32114105,6,1.669522336916009
CA_0004069,2003,2552.94,2040.13,362.06,2.169999981,352.94422,-127.9521,53.5646,550.535,1130.54912,6.870674344,34.94914101,7.282812595,64.98281097,16.20689583,1.332684892,50.67376785,2.934094429,0.919853491,108.3400055,101.2576721,6,1.7765883993008864
CA_0004069,2004,2583.25,1992.52,386.16,2.169999981,374.1926086,-127.9521,53.5646,550.535,1130.54912,6.870674344,34.94914101,7.282812595,64.98281097,16.20689583,1.332684892,50.1877182,2.836810827,0.96241842,110.9896759,90.90113068,6,1.749774404362535
CA_0004069,2005,2722.53,2011.76,400.39,2.169999981,387.2827332,-127.9521,53.5646,550.535,1130.54912,6.870674344,34.94914101,7.282812595,64.98281097,16.20689583,1.332684892,50.03105164,2.97298336,0.98272467,112.0417114,83.77918091,6,1.7448828521969926
CA_0004069,2006,2728.77,1932.36,417.86,2.169999981,397.8827393,-127.9521,53.5646,550.535,1130.54912,6.870674344,34.94914101,7.282812595,64.98281097,16.20689583,1.332684892,49.12862396,2.914660454,0.985106274,115.6872238,76.08372116,6,1.625983954769109
CA_0004069,2007,2771.88,1970.39,418.51,2.169999981,403.770636,-127.9521,53.5646,550.535,1130.54912,6.870674344,34.94914101,7.282812595,64.98281097,16.20689583,1.332684892,49.86298676,2.929393053,0.933611475,114.0965622,67.02615891,6,1.7621221529562214
CA_0004069,2008,2776.06,1942.88,414.14,2.169999981,400.2358154,-127.9521,53.5646,550.535,1130.54912,6.870674344,34.94914101,7.282812595,64.98281097,16.20689583,1.332684892,50.01467361,2.994156361,0.901519116,114.1223251,60.26297226,6,1.788684424838878
CA_0004069,2009,2645.39,1864.87,408.51,2.169999981,385.4785339,-127.9521,53.5646,550.535,1130.54912,6.870674344,34.94914101,7.282812595,64.98281097,16.20689583,1.332684892,49.38572388,3.01122427,0.861860095,114.6233353,60.24587784,6,1.554400781878542
CA_0004069,2010,2096.92,1862.22,406.57,2.169999981,369.8535889,-127.9521,53.5646,550.535,1130.54912,6.870674344,34.94914101,7.282812595,64.98281097,16.20689583,1.332684892,48.36286316,3.015987396,0.860038562,114.7505173,61.50182648,6,1.3234798308968398
CA_0004069,2011,2086.71,1873.16,390.57,2.169999981,361.0859192,-127.9521,53.5646,550.535,1130.54912,6.870674344,34.94914101,7.282812595,64.98281097,16.20689583,1.332684892,49.31415939,3.015349865,0.795860083,110.4978226,62.50893631,6,1.3819328347834456
CA_0004069,2012,1907.58,1780.09,392.18,2.169999981,358.2901245,-127.9521,53.5646,550.535,1130.54912,6.870674344,34.94914101,7.282812595,64.98281097,16.20689583,1.332684892,48.72757416,2.89855957,0.816566333,112.5567947,61.52223587,6,1.349949325560177
CA_0004069,2013,1832.04,1686.42,397.93,2.169999981,355.4417297,-127.9521,53.5646,550.535,1130.54912,6.870674344,34.94914101,7.282812595,64.98281097,16.20689583,1.332684892,47.79325333,2.678837299,0.849061121,113.3260925,70.13810959,6,1.2855642287352087
CA_0004070,1989,2022.58,1932.57,469.83,4.243533564,419.1646301,-128.6896,54.0521,1998.216,825.3100933,5.967398,32.57847527,17.2140007,52.00849915,23.33855057,1.681815415,44.51686783,2.946488619,1.486789429,116.9492523,1635.837402,6,1.2976192944360465
CA_0004070,1990,2053.33,1995.12,471.87,4.243533564,424.4895203,-128.6896,54.0521,1998.216,825.3100933,5.967398,32.57847527,17.2140007,52.00849915,23.33855057,1.681815415,44.20242386,3.017066479,1.495945166,115.7201859,1663.67583,6,1.3176268378529072
CA_0004070,1991,2210.69,2079.89,472.93,4.243533564,432.5824097,-128.6896,54.0521,1998.216,825.3100933,5.967398,32.57847527,17.2140007,52.00849915,23.33855057,1.681815415,44.72692719,3.042459249,1.505705762,115.6223267,1683.542114,6,1.3751012447175561
CA_0004070,1992,2221.83,2102.02,476.74,4.243533564,426.0454285,-128.6896,54.0521,1998.216,825.3100933,5.967398,32.57847527,17.2140007,52.00849915,23.33855057,1.681815415,44.20720825,2.970255613,1.507395459,116.6636536,1703.917798,6,1.2656793467310492
CA_0004070,1993,2156.65,2045.57,488.12,4.243533564,424.152002,-128.6896,54.0521,1998.216,825.3100933,5.967398,32.57847527,17.2140007,52.00849915,23.33855057,1.681815415,42.62775574,2.898851633,1.515492432,119.5962097,1702.051392,6,1.1895537199736375
CA_0004070,1994,2159.66,2104.66,480.52,4.243533564,425.0716431,-128.6896,54.0521,1998.216,825.3100933,5.967398,32.57847527,17.2140007,52.00849915,23.33855057,1.681815415,43.63885193,2.934314728,1.503392432,116.5484619,1711.477588,6,1.2294094463071996
CA_0004070,1995,2144.45,2021.84,481.69,4.243533564,430.4750183,-128.6896,54.0521,1998.216,825.3100933,5.967398,32.57847527,17.2140007,52.00849915,23.33855057,1.681815415,43.72812576,3.003677607,1.505371533,117.8218323,1732.129492,6,1.2931369062630496
CA_0004070,1996,2049.74,1884.29,473.13,4.243533564,419.2645325,-128.6896,54.0521,1998.216,825.3100933,5.967398,32.57847527,17.2140007,52.00849915,23.33855057,1.681815415,43.38945236,3.108299971,1.502894434,117.4987503,1773.904199,6,1.2885324144357702
CA_0004070,1997,1969.02,1860.92,463.82,4.243533564,423.2945801,-128.6896,54.0521,1998.216,825.3100933,5.967398,32.57847527,17.2140007,52.00849915,23.33855057,1.681815415,44.22213364,3.016855478,1.500294531,116.0645203,1816.920215,6,1.4214393092823283
CA_0004070,1998,1992.95,1838.04,465.21,4.243533564,424.9439087,-128.6896,54.0521,1998.216,825.3100933,5.967398,32.57847527,17.2140007,52.00849915,23.33855057,1.681815415,44.64763794,2.966647863,1.514860474,115.5104095,1858.015674,6,1.4366955434854738
CA_0004070,1999,2061.73,1846.57,449.13,4.243533564,415.3664917,-128.6896,54.0521,1998.216,825.3100933,5.967398,32.57847527,17.2140007,52.00849915,23.33855057,1.681815415,45.30441589,2.98833704,1.495409619,114.2943787,1894.405273,6,1.4829576759403087
CA_0004070,2000,2131.57,1881.63,435.49,4.243533564,409.6910278,-128.6896,54.0521,1998.216,825.3100933,5.967398,32.57847527,17.2140007,52.00849915,23.33855057,1.681815415,46.4664238,2.980385303,1.481503564,111.5910904,1924.817603,6,1.5694316384632303
CA_0004070,2001,2154.43,1954.67,430.18,4.243533564,408.6022339,-128.6896,54.0521,1998.216,825.3100933,5.967398,32.57847527,17.2140007,52.00849915,23.33855057,1.681815415,47.0985939,3.077581406,1.47308645,109.2841782,1940.526855,6,1.6154625293288831
CA_0004070,2002,2166.48,1929.54,424.58,4.243533564,399.6160095,-128.6896,54.0521,1998.216,825.3100933,5.967398,32.57847527,17.2140007,52.00849915,23.33855057,1.681815415,46.88690567,3.022325754,1.481914111,109.1598892,1970.67063,6,1.5369263700909892
CA_0004070,2003,2178.84,2000.77,415.92,4.243533564,400.9086365,-128.6896,54.0521,1998.216,825.3100933,5.967398,32.57847527,17.2140007,52.00849915,23.33855057,1.681815415,47.55118713,3.058611155,1.47786333,107.7334152,2005.219385,6,1.7326769804913726
CA_0004070,2004,2130.14,1949.09,441.27,4.243533564,417.1846375,-128.6896,54.0521,1998.216,825.3100933,5.967398,32.57847527,17.2140007,52.00849915,23.33855057,1.681815415,46.36061707,2.949173927,1.533335938,110.6532623,2021.444604,6,1.5944581626600198
CA_0004070,2005,2186.13,1959.93,454.48,4.243533564,425.7744141,-128.6896,54.0521,1998.216,825.3100933,5.967398,32.57847527,17.2140007,52.00849915,23.33855057,1.681815415,45.90622406,3.085440636,1.55139248,111.6768982,2069.582935,6,1.5383448429925395
CA_0004070,2006,2042.39,1875.21,469.53,4.243533564,429.8606323,-128.6896,54.0521,1998.216,825.3100933,5.967398,32.57847527,17.2140007,52.00849915,23.33855057,1.681815415,44.71023102,3.024218559,1.552409961,115.1015137,2118.099951,6,1.4420904088569035
CA_0004070,2007,2135.73,1900.78,470.54,4.243533564,435.615564,-128.6896,54.0521,1998.216,825.3100933,5.967398,32.57847527,17.2140007,52.00849915,23.33855057,1.681815415,45.16654892,3.040307045,1.477613745,113.7215881,2171.581641,6,1.5020509403735975
CA_0004070,2008,2184.49,1869.57,465.22,4.243533564,431.1751221,-128.6896,54.0521,1998.216,825.3100933,5.967398,32.57847527,17.2140007,52.00849915,23.33855057,1.681815415,45.29789658,3.10120368,1.434629565,113.4592087,2212.618066,6,1.5132031690112133
CA_0004070,2009,2146.03,1790.82,457.92,4.243533564,416.6985779,-128.6896,54.0521,1998.216,825.3100933,5.967398,32.57847527,17.2140007,52.00849915,23.33855057,1.681815415,45.29452591,3.124040842,1.389332178,113.8029907,2242.004004,6,1.4228641307694465
CA_0004070,2010,2039.06,1787.03,457.27,4.243533564,404.224707,-128.6896,54.0521,1998.216,825.3100933,5.967398,32.57847527,17.2140007,52.00849915,23.33855057,1.681815415,44.6942894,3.166044474,1.406840308,113.9661377,2244.864648,6,1.2898029931645068
CA_0004070,2011,2203.4,1789.01,441.7,4.243533564,398.8620361,-128.6896,54.0521,1998.216,825.3100933,5.967398,32.57847527,17.2140007,52.00849915,23.33855057,1.681815415,45.73821564,3.124214888,1.340634058,110.2192642,2256.426758,6,1.3612008994932372
CA_0004070,2012,2139.04,1701.42,444.34,4.243533564,398.213501,-128.6896,54.0521,1998.216,825.3100933,5.967398,32.57847527,17.2140007,52.00849915,23.33855057,1.681815415,45.51913452,3.011311054,1.372692065,112.0829987,2236.022021,6,1.3609316011224744
CA_0004070,2013,2082.01,1617.62,449.7,4.243533564,392.9928772,-128.6896,54.0521,1998.216,825.3100933,5.967398,32.57847527,17.2140007,52.00849915,23.33855057,1.681815415,44.6153717,2.768274307,1.437268652,113.1488586,2224.745313,6,1.294631554299922
CA_0004070,2014,2121.15,1686.44,443.96,4.243533564,401.3311035,-128.6896,54.0521,1998.216,825.3100933,5.967398,32.57847527,17.2140007,52.00849915,23.33855057,1.681815415,45.48553467,3.05848527,1.511316479,111.653949,2233.13584,6,1.4079522180681743
CA_0004071,1989,2045.82,1925.62,466.27,3.686121035,419.9360107,-128.6021,54.0646,354.8138,945.3659831,6.541952226,33.43948612,16.01363564,54.18181992,25.08391571,1.61471565,44.27079163,2.97735405,1.390146924,117.3572937,476.3278259,6,1.336828128346585
CA_0004071,1990,2048.5,1994.18,468.14,3.686121035,426.3845154,-128.6021,54.0646,354.8138,945.3659831,6.541952226,33.43948612,16.01363564,54.18181992,25.08391571,1.61471565,44.00216675,3.051395893,1.401120361,116.1451279,483.1357727,6,1.3725446521493696
CA_0004071,1991,2208.41,2076.53,469.62,3.686121035,435.7065186,-128.6021,54.0646,354.8138,945.3659831,6.541952226,33.43948612,16.01363564,54.18181992,25.08391571,1.61471565,44.6184166,3.06641674,1.421372974,116.1002945,485.0480469,6,1.4540670016648385
CA_0004071,1992,2260.15,2103.25,473.33,3.686121035,428.2995178,-128.6021,54.0646,354.8138,945.3659831,6.541952226,33.43948612,16.01363564,54.18181992,25.08391571,1.61471565,44.07362442,2.989958286,1.422726929,117.0987122,485.561084,6,1.3155844088995943
CA_0004071,1993,2188.76,2044.17,483.83,3.686121035,426.994519,-128.6021,54.0646,354.8138,945.3659831,6.541952226,33.43948612,16.01363564,54.18181992,25.08391571,1.61471565,42.54591751,2.921478987,1.440561206,119.8967529,483.6617249,6,1.2396959238177254
CA_0004071,1994,2113.72,2104.88,476.06,3.686121035,426.4635193,-128.6021,54.0646,354.8138,945.3659831,6.541952226,33.43948612,16.01363564,54.18181992,25.08391571,1.61471565,43.50512619,2.964708328,1.423316992,116.8639587,485.6821228,6,1.27412730829918
CA_0004071,1995,2078.87,2021.82,476.99,3.686121035,432.2185181,-128.6021,54.0646,354.8138,945.3659831,6.541952226,33.43948612,16.01363564,54.18181992,25.08391571,1.61471565,43.65012589,3.028458118,1.418802051,118.0536682,493.4712952,6,1.3499667286778876
CA_0004071,1996,1955.57,1889.28,468.22,3.686121035,420.8005188,-128.6021,54.0646,354.8138,945.3659831,6.541952226,33.43948612,16.01363564,54.18181992,25.08391571,1.61471565,43.35162582,3.141083241,1.400461694,117.6731262,507.7200623,6,1.3411880994024792
CA_0004071,1997,1856.43,1866.5,458.28,3.686121035,424.7710144,-128.6021,54.0646,354.8138,945.3659831,6.541952226,33.43948612,16.01363564,54.18181992,25.08391571,1.61471565,44.34625168,3.042479038,1.392965356,116.2514175,527.0732422,6,1.5040206788013963
CA_0004071,1998,1839.45,1846.56,459.66,3.686121035,426.2770081,-128.6021,54.0646,354.8138,945.3659831,6.541952226,33.43948612,16.01363564,54.18181992,25.08391571,1.61471565,44.71450119,2.984333038,1.396704468,115.7239182,548.1024902,6,1.5174696201467883
CA_0004071,1999,1912.71,1854.09,442.89,3.686121035,415.214502,-128.6021,54.0646,354.8138,945.3659831,6.541952226,33.43948612,16.01363564,54.18181992,25.08391571,1.61471565,45.35887604,3.013000011,1.366329126,114.5497101,569.1569458,6,1.5655093087357606
CA_0004071,2000,1968.11,1884.3,429.08,3.686121035,407.9880005,-128.6021,54.0646,354.8138,945.3659831,6.541952226,33.43948612,16.01363564,54.18181992,25.08391571,1.61471565,46.51429214,3.005875111,1.350297412,111.8456253,585.0621216,6,1.6516825548617495
CA_0004071,2001,2015.45,1953.43,423.68,3.686121035,405.9144958,-128.6021,54.0646,354.8138,945.3659831,6.541952226,33.43948612,16.01363564,54.18181992,25.08391571,1.61471565,47.02770767,3.101041794,1.333458179,109.5816269,597.2958496,6,1.6929424866635423
CA_0004071,2002,2067.26,1927.33,418.75,3.686121035,396.8109985,-128.6021,54.0646,354.8138,945.3659831,6.541952226,33.43948612,16.01363564,54.18181992,25.08391571,1.61471565,46.59670792,3.051520824,1.340053247,109.4569641,615.7422852,6,1.5845418728128138
CA_0004071,2003,2104.78,1997.11,410.72,3.686121035,398.1180115,-128.6021,54.0646,354.8138,945.3659831,6.541952226,33.43948612,16.01363564,54.18181992,25.08391571,1.61471565,47.3565834,3.085395813,1.343845923,108.0461731,630.3925049,6,1.8026810815541796
CA_0004071,2004,2191.17,1947.52,436.41,3.686121035,416.5005188,-128.6021,54.0646,354.8138,945.3659831,6.541952226,33.43948612,16.01363564,54.18181992,25.08391571,1.61471565,46.2902504,2.978354216,1.38611106,110.8982574,635.2356323,6,1.6767048051956557
CA_0004071,2005,2171.79,1960.17,450.01,3.686121035,425.9020203,-128.6021,54.0646,354.8138,945.3659831,6.541952226,33.43948612,16.01363564,54.18181992,25.08391571,1.61471565,45.88141785,3.114145756,1.383969873,111.9352982,644.6629761,6,1.6143853997323883
CA_0004071,2006,1985.07,1877.7,465.3,3.686121035,431.059021,-128.6021,54.0646,354.8138,945.3659831,6.541952226,33.43948612,16.01363564,54.18181992,25.08391571,1.61471565,44.69746094,3.055312395,1.389178369,115.4391312,654.5420288,6,1.5072708127695844
CA_0004071,2007,1964.52,1905.51,465.74,3.686121035,436.8220093,-128.6021,54.0646,354.8138,945.3659831,6.541952226,33.43948612,16.01363564,54.18181992,25.08391571,1.61471565,45.38254395,3.069687366,1.295365271,114.0016693,660.4345093,6,1.5861573109401308
CA_0004071,2008,1967.22,1876.39,460.39,3.686121035,432.3715027,-128.6021,54.0646,354.8138,945.3659831,6.541952226,33.43948612,16.01363564,54.18181992,25.08391571,1.61471565,45.45433502,3.128791332,1.240339514,113.8208344,664.9929688,6,1.5996479728062922
CA_0004071,2009,1767.98,1797.9,453.36,3.686121035,416.9924988,-128.6021,54.0646,354.8138,945.3659831,6.541952226,33.43948612,16.01363564,54.18181992,25.08391571,1.61471565,45.36146011,3.154020786,1.198479797,114.2091644,671.6738525,6,1.4742580341814815
CA_0004071,2010,1687.58,1794.58,452.2,3.686121035,403.3694946,-128.6021,54.0646,354.8138,945.3659831,6.541952226,33.43948612,16.01363564,54.18181992,25.08391571,1.61471565,44.67245941,3.182520628,1.224945422,114.3624557,681.6734131,6,1.3180358621859318
CA_0004071,2011,1804.61,1798.67,436.16,3.686121035,397.213501,-128.6021,54.0646,354.8138,945.3659831,6.541952226,33.43948612,16.01363564,54.18181992,25.08391571,1.61471565,45.79970856,3.153354168,1.147080408,110.4630371,691.3061523,6,1.392317055716791
CA_0004071,2012,1738.78,1709.86,439.18,3.686121035,396.1805054,-128.6021,54.0646,354.8138,945.3659831,6.541952226,33.43948612,16.01363564,54.18181992,25.08391571,1.61471565,45.38679199,3.039353848,1.178628271,112.381163,691.5776733,6,1.3813319131082227
CA_0004071,2013,1582.16,1623.75,444.47,3.686121035,390.815509,-128.6021,54.0646,354.8138,945.3659831,6.541952226,33.43948612,16.01363564,54.18181992,25.08391571,1.61471565,44.43412476,2.805979252,1.227958765,113.3672913,699.3281372,6,1.3090396855661928
CA_0004135,1989,2596.99,1175.19,490.45,3.761379766,397.1944275,-123.4312,50.1146,1226.641,1479.976459,8.051932211,32.62951994,8.334028244,66.12916565,16.12137794,1.403232474,67.75359344,2.280411243,1.50620271,131.9281921,199.289444,6,1.3101608881124118
CA_0004135,1990,2616.44,1317.1,485.54,3.761379766,404.9702759,-123.4312,50.1146,1226.641,1479.976459,8.051932211,32.62951994,8.334028244,66.12916565,16.12137794,1.403232474,68.15823517,2.397770405,1.516498828,129.4155075,202.8101288,6,1.3144623240752258
CA_0004135,1991,2757.3,1293.29,483.82,3.761379766,409.5139038,-123.4312,50.1146,1226.641,1479.976459,8.051932211,32.62951994,8.334028244,66.12916565,16.12137794,1.403232474,69.78140411,2.298609257,1.52470481,130.2199127,203.6736603,6,1.3772741050322859
CA_0004135,1992,2783.56,1336.27,484.11,3.761379766,426.6141663,-123.4312,50.1146,1226.641,1479.976459,8.051932211,32.62951994,8.334028244,66.12916565,16.12137794,1.403232474,73.19347076,2.317250729,1.527673096,129.6730347,202.6378815,6,1.5248451325663592
CA_0004135,1993,2741.0,1299.61,481.01,3.761379766,423.9584473,-123.4312,50.1146,1226.641,1479.976459,8.051932211,32.62951994,8.334028244,66.12916565,16.12137794,1.403232474,75.25706329,2.159117937,1.523923267,129.7394836,199.848114,6,1.5448286159986593
CA_0004135,1994,2764.66,1280.35,483.72,3.761379766,419.2203918,-123.4312,50.1146,1226.641,1479.976459,8.051932211,32.62951994,8.334028244,66.12916565,16.12137794,1.403232474,73.10658722,2.34838748,1.518756763,128.9308273,198.6481323,6,1.482164029709724
CA_0004135,1995,2847.7,1253.35,487.81,3.761379766,431.7607666,-123.4312,50.1146,1226.641,1479.976459,8.051932211,32.62951994,8.334028244,66.12916565,16.12137794,1.403232474,74.12157745,2.412424088,1.516740625,129.4922882,197.9727234,6,1.6148666302563321
CA_0004135,1996,2692.91,1318.23,488.45,3.761379766,421.2581787,-123.4312,50.1146,1226.641,1479.976459,8.051932211,32.62951994,8.334028244,66.12916565,16.12137794,1.403232474,73.68679657,2.383084297,1.512014233,128.6199951,202.7478638,6,1.444464678221661
CA_0004135,1997,2691.86,1398.23,477.53,3.761379766,417.8140198,-123.4312,50.1146,1226.641,1479.976459,8.051932211,32.62951994,8.334028244,66.12916565,16.12137794,1.403232474,76.19640656,2.42714262,1.506051099,126.4537155,196.2985565,6,1.4419391469311091
CA_0004135,1998,2826.15,1442.77,490.56,3.761379766,413.2028503,-123.4312,50.1146,1226.641,1479.976459,8.051932211,32.62951994,8.334028244,66.12916565,16.12137794,1.403232474,75.44004211,2.270665646,1.514683496,128.0441254,183.7904175,6,1.2918272074350055
CA_0004135,1999,2919.97,1513.23,480.94,3.761379766,408.5825989,-123.4312,50.1146,1226.641,1479.976459,8.051932211,32.62951994,8.334028244,66.12916565,16.12137794,1.403232474,77.24659119,2.425454378,1.504821753,128.0199066,167.6209579,6,1.2767563385611358
CA_0004135,2000,2951.16,1452.42,474.16,3.761379766,403.2039185,-123.4312,50.1146,1226.641,1479.976459,8.051932211,32.62951994,8.334028244,66.12916565,16.12137794,1.403232474,77.43563843,2.293971777,1.490539355,127.5014648,148.1604553,6,1.297300349347037
CA_0004135,2001,2908.93,1407.58,477.73,3.761379766,419.4367737,-123.4312,50.1146,1226.641,1479.976459,8.051932211,32.62951994,8.334028244,66.12916565,16.12137794,1.403232474,78.31352539,2.418235779,1.489889453,127.3377396,125.2646439,6,1.4527019524592175
CA_0004135,2002,2790.41,1274.69,483.36,3.761379766,397.7306702,-123.4312,50.1146,1226.641,1479.976459,8.051932211,32.62951994,8.334028244,66.12916565,16.12137794,1.403232474,73.34944534,2.307554245,1.4935125,129.4963898,119.3970993,6,1.2904723931779587
CA_0004135,2003,2782.53,1264.65,483.86,3.761379766,394.9144348,-123.4312,50.1146,1226.641,1479.976459,8.051932211,32.62951994,8.334028244,66.12916565,16.12137794,1.403232474,70.69372101,2.358522892,1.489712817,129.0009705,115.7341522,6,1.2716151965741371
CA_0004135,2004,2774.87,1233.0,499.04,3.761379766,408.5222168,-123.4312,50.1146,1226.641,1479.976459,8.051932211,32.62951994,8.334028244,66.12916565,16.12137794,1.403232474,71.06286469,2.276525974,1.50797854,129.4278732,103.4834389,6,1.3212130400342346
CA_0004135,2005,2768.34,1264.35,507.96,3.761379766,412.0659729,-123.4312,50.1146,1226.641,1479.976459,8.051932211,32.62951994,8.334028244,66.12916565,16.12137794,1.403232474,70.3344986,2.357283354,1.550713281,129.6654404,98.34920425,6,1.287432572098752
CA_0004135,2006,2796.98,1264.27,517.48,3.761379766,396.6220764,-123.4312,50.1146,1226.641,1479.976459,8.051932211,32.62951994,8.334028244,66.12916565,16.12137794,1.403232474,67.18289871,2.382343054,1.517852637,131.8830688,90.63685837,6,1.15022952405843
CA_0004135,2007,2922.6,1333.52,509.62,3.761379766,410.5898682,-123.4312,50.1146,1226.641,1479.976459,8.051932211,32.62951994,8.334028244,66.12916565,16.12137794,1.403232474,69.23703308,2.33983779,1.472495313,129.1300903,79.07626266,6,1.2332649578264618
CA_0004135,2008,2852.08,1298.28,501.49,3.761379766,423.2219421,-123.4312,50.1146,1226.641,1479.976459,8.051932211,32.62951994,8.334028244,66.12916565,16.12137794,1.403232474,72.75486832,2.346050024,1.446105566,129.131311,72.80895615,6,1.3911728057979809
CA_0004135,2009,2763.87,1268.44,499.79,3.761379766,409.4866211,-123.4312,50.1146,1226.641,1479.976459,8.051932211,32.62951994,8.334028244,66.12916565,16.12137794,1.403232474,70.70346146,2.366179705,1.438157324,130.7592865,77.91247559,6,1.3041979707615274
CA_0004135,2010,2724.97,1267.65,493.82,3.761379766,395.5206421,-123.4312,50.1146,1226.641,1479.976459,8.051932211,32.62951994,8.334028244,66.12916565,16.12137794,1.403232474,71.12462997,2.43910718,1.375535059,130.3683975,77.90121307,6,1.2294721398655462
CA_0004135,2011,2738.9,1270.04,474.41,3.761379766,398.3921997,-123.4312,50.1146,1226.641,1479.976459,8.051932211,32.62951994,8.334028244,66.12916565,16.12137794,1.403232474,73.8553009,2.366574526,1.365123267,127.0566483,79.42813568,6,1.3474525069134742
CA_0004135,2012,2700.29,1260.04,477.63,3.761379766,385.3575256,-123.4312,50.1146,1226.641,1479.976459,8.051932211,32.62951994,8.334028244,66.12916565,16.12137794,1.403232474,74.81387177,2.348300695,1.365086499,128.4320847,78.50779877,6,1.2318814859373057
CA_0004135,2013,2707.63,1245.21,480.85,3.761379766,382.0637634,-123.4312,50.1146,1226.641,1479.976459,8.051932211,32.62951994,8.334028244,66.12916565,16.12137794,1.403232474,74.44505157,2.174301624,1.407976318,127.8660538,75.7030304,6,1.2023827580217317
CA_0004135,2014,2789.88,1261.21,479.28,3.761379766,380.5955933,-123.4312,50.1146,1226.641,1479.976459,8.051932211,32.62951994,8.334028244,66.12916565,16.12137794,1.403232474,74.34245453,2.333609343,1.4406771,125.8759384,69.37873611,6,1.1908608010619661
CA_0004136,1989,1862.43,1221.89,472.1,4.104629707,380.1648987,-123.0354,50.0771,295.7266,1618.648233,7.353794284,31.63596468,7.777777672,68.33680725,20.95238113,1.212842231,71.42270355,2.208703518,1.520159985,134.498291,4398.126074,6,1.2390252193487084
CA_0004136,1990,1972.86,1346.48,465.55,4.104629707,389.2302307,-123.0354,50.0771,295.7266,1618.648233,7.353794284,31.63596468,7.777777672,68.33680725,20.95238113,1.212842231,71.77948151,2.245277643,1.516717505,131.6467758,4491.848828,6,1.2784830586001599
CA_0004136,1991,2038.69,1320.15,462.68,4.104629707,391.9489136,-123.0354,50.0771,295.7266,1618.648233,7.353794284,31.63596468,7.777777672,68.33680725,20.95238113,1.212842231,72.49048157,2.198907375,1.521830786,132.004332,4559.216602,6,1.3323087212050078
CA_0004136,1992,2070.89,1375.17,462.8,4.104629707,408.9537903,-123.0354,50.0771,295.7266,1618.648233,7.353794284,31.63596468,7.777777672,68.33680725,20.95238113,1.212842231,76.17973785,2.183814764,1.515021631,131.3384415,4623.02793,6,1.476286819009532
CA_0004136,1993,1995.16,1312.54,461.61,4.104629707,407.3191284,-123.0354,50.0771,295.7266,1618.648233,7.353794284,31.63596468,7.777777672,68.33680725,20.95238113,1.212842231,78.38855133,2.085425854,1.499384131,131.2455185,4625.578906,6,1.5057361688630686
CA_0004136,1994,1989.85,1290.21,467.25,4.104629707,407.3911194,-123.0354,50.0771,295.7266,1618.648233,7.353794284,31.63596468,7.777777672,68.33680725,20.95238113,1.212842231,76.71799469,2.234203339,1.472789136,130.8271469,4650.740234,6,1.4735808167293432
CA_0004136,1995,2041.88,1268.53,473.03,4.104629707,422.0586731,-123.0354,50.0771,295.7266,1618.648233,7.353794284,31.63596468,7.777777672,68.33680725,20.95238113,1.212842231,78.3484024,2.340592623,1.46092666,131.8422577,4706.247168,6,1.6183001834200654
CA_0004136,1996,1974.0,1336.1,476.94,4.104629707,416.3742188,-123.0354,50.0771,295.7266,1618.648233,7.353794284,31.63596468,7.777777672,68.33680725,20.95238113,1.212842231,77.87810669,2.290611029,1.447086719,131.3034058,4839.405566,6,1.4674792015507712
CA_0004136,1997,2035.51,1415.71,467.31,4.104629707,411.2093323,-123.0354,50.0771,295.7266,1618.648233,7.353794284,31.63596468,7.777777672,68.33680725,20.95238113,1.212842231,79.30458984,2.307815075,1.431499194,129.3752579,4877.468066,6,1.4412617718011813
CA_0004136,1998,2186.28,1469.04,479.06,4.104629707,404.8648804,-123.0354,50.0771,295.7266,1618.648233,7.353794284,31.63596468,7.777777672,68.33680725,20.95238113,1.212842231,78.54577637,2.173796177,1.442350024,131.0144089,4861.516406,6,1.2756762978683795
CA_0004136,1999,2221.32,1537.29,464.45,4.104629707,395.853772,-123.0354,50.0771,295.7266,1618.648233,7.353794284,31.63596468,7.777777672,68.33680725,20.95238113,1.212842231,80.21285248,2.306407213,1.430992554,130.5900406,4848.743945,6,1.2562268365449845
CA_0004136,2000,2133.71,1476.68,456.43,4.104629707,386.49021,-123.0354,50.0771,295.7266,1618.648233,7.353794284,31.63596468,7.777777672,68.33680725,20.95238113,1.212842231,79.73333435,2.210185289,1.431019189,130.1183731,4832.746875,6,1.2486624269260336
CA_0004136,2001,2118.33,1422.53,456.92,4.104629707,398.7595459,-123.0354,50.0771,295.7266,1618.648233,7.353794284,31.63596468,7.777777672,68.33680725,20.95238113,1.212842231,80.38692627,2.319907665,1.43020249,129.9672256,4764.698438,6,1.3847991961148418
CA_0004136,2002,2017.45,1287.19,460.87,4.104629707,377.6688843,-123.0354,50.0771,295.7266,1618.648233,7.353794284,31.63596468,7.777777672,68.33680725,20.95238113,1.212842231,75.15133438,2.226833105,1.451609204,131.9840088,4841.312891,6,1.2396189147920091
CA_0004136,2003,2000.47,1274.09,461.05,4.104629707,374.6439941,-123.0354,50.0771,295.7266,1618.648233,7.353794284,31.63596468,7.777777672,68.33680725,20.95238113,1.212842231,71.90570526,2.283259153,1.447931689,131.5613403,4997.862793,6,1.2221905082264723
CA_0004136,2004,2014.46,1252.83,476.83,4.104629707,389.7719788,-123.0354,50.0771,295.7266,1618.648233,7.353794284,31.63596468,7.777777672,68.33680725,20.95238113,1.212842231,72.36407623,2.196814537,1.442412476,132.0706329,5054.657324,6,1.2726361657820409
CA_0004136,2005,2023.83,1276.55,486.06,4.104629707,392.2293152,-123.0354,50.0771,295.7266,1618.648233,7.353794284,31.63596468,7.777777672,68.33680725,20.95238113,1.212842231,71.30463104,2.266407251,1.424044141,132.3487427,5255.223047,6,1.2353069520113482
CA_0004136,2006,2121.51,1286.36,495.02,4.104629707,380.0408752,-123.0354,50.0771,295.7266,1618.648233,7.353794284,31.63596468,7.777777672,68.33680725,20.95238113,1.212842231,68.07544556,2.276111126,1.36842583,134.5212616,5421.81582,6,1.1180024628780298
CA_0004136,2007,2161.86,1353.26,488.7,4.104629707,393.8675537,-123.0354,50.0771,295.7266,1618.648233,7.353794284,31.63596468,7.777777672,68.33680725,20.95238113,1.212842231,70.29740982,2.206407547,1.293109131,132.0973007,5616.085449,6,1.1984366232648425
CA_0004136,2008,2129.45,1326.87,480.22,4.104629707,406.3893372,-123.0354,50.0771,295.7266,1618.648233,7.353794284,31.63596468,7.777777672,68.33680725,20.95238113,1.212842231,74.36200256,2.232981443,1.228296631,131.9840408,5744.919336,6,1.3517441414489337
CA_0004136,2009,2104.52,1291.88,478.58,4.104629707,395.528894,-123.0354,50.0771,295.7266,1618.648233,7.353794284,31.63596468,7.777777672,68.33680725,20.95238113,1.212842231,72.38981781,2.267963171,1.227418335,133.7674118,5925.973633,6,1.2881128804404343
CA_0004136,2010,2163.99,1300.43,468.08,4.104629707,381.4991211,-123.0354,50.0771,295.7266,1618.648233,7.353794284,31.63596468,7.777777672,68.33680725,20.95238113,1.212842231,73.09726257,2.326925993,1.167603369,132.8001511,5953.434473,6,1.2273090860812688
CA_0004136,2011,2090.72,1292.37,449.77,4.104629707,380.0448975,-123.0354,50.0771,295.7266,1618.648233,7.353794284,31.63596468,7.777777672,68.33680725,20.95238113,1.212842231,75.70055847,2.257851839,1.163498364,129.4112198,6051.640234,6,1.3184286002486991
CA_0004136,2012,2084.74,1283.9,450.71,4.104629707,365.4422241,-123.0354,50.0771,295.7266,1618.648233,7.353794284,31.63596468,7.777777672,68.33680725,20.95238113,1.212842231,76.93474274,2.2417593,1.172467529,130.1179581,6026.709082,6,1.1974941586135868
CA_0004137,1998,2549.271073,1939.826667,552.4962646,4.725457937,463.5316833,-123.1020966,49.72594833,319.2852,1179.275308,6.549243908,38.00667666,5.452381134,69.58333588,22.33333397,1.712992753,85.91385651,2.424159718,1.912483765,131.0007324,364.8338684,6,1.1740110466693192
CA_0004137,1999,2774.598967,2048.045417,542.0854309,4.725457937,461.8979248,-123.1020966,49.72594833,319.2852,1179.275308,6.549243908,38.00667666,5.452381134,69.58333588,22.33333397,1.712992753,87.35715485,2.442902803,1.89374646,130.468335,358.3822693,6,1.180955832622307
CA_0004137,2000,2774.509917,1960.535417,535.9779358,4.725457937,457.9258362,-123.1020966,49.72594833,319.2852,1179.275308,6.549243908,38.00667666,5.452381134,69.58333588,22.33333397,1.712992753,87.97829895,2.410201454,1.877255713,129.9903503,359.7703918,6,1.2065912567900121
CA_0004137,2001,2721.793204,1892.54125,538.8775085,4.725457937,478.8970825,-123.1020966,49.72594833,319.2852,1179.275308,6.549243908,38.00667666,5.452381134,69.58333588,22.33333397,1.712992753,89.33913269,2.414107656,1.874227222,129.893512,343.7511169,6,1.3794612776993749
CA_0004137,2002,2416.239997,1720.109583,547.9020935,4.725457937,459.4029297,-123.1020966,49.72594833,319.2852,1179.275308,6.549243908,38.00667666,5.452381134,69.58333588,22.33333397,1.712992753,84.51017303,2.394802094,1.875352686,132.0972992,355.0475647,6,1.235776295161117
CA_0004137,2003,2357.939542,1713.130833,549.5454163,4.725457937,453.2687561,-123.1020966,49.72594833,319.2852,1179.275308,6.549243908,38.00667666,5.452381134,69.58333588,22.33333397,1.712992753,82.91868134,2.412743092,1.866575903,131.6100403,381.3501831,6,1.1916139965354835
CA_0004137,2004,2190.601841,1656.8775,564.9195923,4.725457937,463.2158447,-123.1020966,49.72594833,319.2852,1179.275308,6.549243908,38.00667666,5.452381134,69.58333588,22.33333397,1.712992753,83.22802124,2.385246563,1.886783398,132.2867401,363.5604248,6,1.2109663253584846
CA_0004137,2005,2200.067471,1692.3325,572.5600098,4.725457937,465.1937561,-123.1020966,49.72594833,319.2852,1179.275308,6.549243908,38.00667666,5.452381134,69.58333588,22.33333397,1.712992753,82.02097321,2.390885448,1.909393921,132.5252472,342.9184204,6,1.1812162691071013
CA_0004137,2006,2350.431684,1717.3,580.3487671,4.725457937,450.0820923,-123.1020966,49.72594833,319.2852,1179.275308,6.549243908,38.00667666,5.452381134,69.58333588,22.33333397,1.712992753,79.41538239,2.383541727,1.888575049,134.6621582,338.1466614,6,1.0709666481848594
CA_0004138,1995,2030.73,1778.34,580.5,5.701666927,513.6888977,-123.1479,49.6896,53.6238,877.2702103,8.768548727,29.74034719,5.375,70.16666412,20.66666603,2.070229828,88.00722198,2.738518715,2.292031445,133.0061127,15556.73828,6,1.45890132978691
CA_0004138,1996,2048.27,1880.32,581.46,5.701666927,495.6889038,-123.1479,49.6896,53.6238,877.2702103,8.768548727,29.74034719,5.375,70.16666412,20.66666603,2.070229828,86.10499878,2.665277958,2.29357583,132.2661163,16049.12539,6,1.2712296468635735
CA_0004138,1997,2317.42,1995.12,567.15,5.701666927,490.3511353,-123.1479,49.6896,53.6238,877.2702103,8.768548727,29.74034719,5.375,70.16666412,20.66666603,2.070229828,88.89037018,2.698333263,2.288739746,129.9685226,16488.59668,6,1.2687175991547293
CA_0004138,1998,2436.87,2088.36,586.35,5.701666927,489.0422363,-123.1479,49.6896,53.6238,877.2702103,8.768548727,29.74034719,5.375,70.16666412,20.66666603,2.070229828,87.25018463,2.567685127,2.298893506,131.6714859,16846.7207,6,1.1500025636252516
CA_0004138,1999,2580.22,2206.41,577.06,5.701666927,489.5666687,-123.1479,49.6896,53.6238,877.2702103,8.768548727,29.74034719,5.375,70.16666412,20.66666603,2.070229828,88.88351593,2.704629421,2.287791699,131.1431534,17293.25273,6,1.161849707139191
CA_0004138,2000,2449.54,2108.05,570.63,5.701666927,487.2488953,-123.1479,49.6896,53.6238,877.2702103,8.768548727,29.74034719,5.375,70.16666412,20.66666603,2.070229828,90.04740295,2.564074039,2.253739844,130.6300003,17748.5332,6,1.199390051383693
CA_0004138,2001,2466.74,2031.82,575.68,5.701666927,513.5066772,-123.1479,49.6896,53.6238,877.2702103,8.768548727,29.74034719,5.375,70.16666412,20.66666603,2.070229828,91.76610718,2.682777882,2.260523193,130.5398117,18036.77422,6,1.3930718693006652
CA_0004138,2002,2281.58,1853.06,586.86,5.701666927,493.4955627,-123.1479,49.6896,53.6238,877.2702103,8.768548727,29.74034719,5.375,70.16666412,20.66666603,2.070229828,87.11166229,2.590000153,2.264463037,132.8492584,18472.19531,6,1.2413033580219588
CA_0004138,2003,2329.36,1845.92,588.98,5.701666927,485.4822266,-123.1479,49.6896,53.6238,877.2702103,8.768548727,29.74034719,5.375,70.16666412,20.66666603,2.070229828,85.88518219,2.645740986,2.264688916,132.3255554,19144.42852,6,1.186760281651408
CA_0004138,2004,2198.0,1776.84,604.99,5.701666927,495.0711121,-123.1479,49.6896,53.6238,877.2702103,8.768548727,29.74034719,5.375,70.16666412,20.66666603,2.070229828,86.16851807,2.555000067,2.294689795,133.0712952,19546.21133,6,1.2044668641175889
CA_0004138,2005,2257.69,1816.44,613.22,5.701666927,496.7911072,-123.1479,49.6896,53.6238,877.2702103,8.768548727,29.74034719,5.375,70.16666412,20.66666603,2.070229828,84.90648193,2.583796263,2.326136084,133.3070374,20372.59141,6,1.172338512309147
CA_0004138,2006,2287.55,1848.94,621.2,5.701666927,480.1866516,-123.1479,49.6896,53.6238,877.2702103,8.768548727,29.74034719,5.375,70.16666412,20.66666603,2.070229828,82.51370544,2.64814806,2.280319434,135.4542603,21207.37383,6,1.0613045784206794
CA_0004138,2007,2466.74,1942.22,607.88,5.701666927,492.5510986,-123.1479,49.6896,53.6238,877.2702103,8.768548727,29.74034719,5.375,70.16666412,20.66666603,2.070229828,85.25741119,2.560370445,2.224429565,132.5853714,22248.78906,6,1.13129394536591
CA_0004138,2008,2192.01,1880.11,592.91,5.701666927,508.3377747,-123.1479,49.6896,53.6238,877.2702103,8.768548727,29.74034719,5.375,70.16666412,20.66666603,2.070229828,87.88574524,2.558333397,2.148783276,132.3775925,23040.53711,6,1.3035744534394644
CA_0004138,2009,2162.13,1870.0,587.79,5.701666927,489.9777771,-123.1479,49.6896,53.6238,877.2702103,8.768548727,29.74034719,5.375,70.16666412,20.66666603,2.070229828,85.21833801,2.613425732,2.136279614,133.9551834,23878.35742,6,1.2102776398047908
CA_0004138,2010,2144.21,1888.37,581.35,5.701666927,479.8622253,-123.1479,49.6896,53.6238,877.2702103,8.768548727,29.74034719,5.375,70.16666412,20.66666603,2.070229828,86.07500458,2.746481419,2.071000024,132.9277756,24294.76406,6,1.1706040510504043
CA_0004138,2011,2215.88,1864.82,556.29,5.701666927,473.8266785,-123.1479,49.6896,53.6238,877.2702103,8.768548727,29.74034719,5.375,70.16666412,20.66666603,2.070229828,87.43481903,2.609907389,2.076638013,129.427774,24873.82383,6,1.2464883429093294
CA_0004138,2012,2084.2,1866.51,559.64,5.701666927,459.5177795,-123.1479,49.6896,53.6238,877.2702103,8.768548727,29.74034719,5.375,70.16666412,20.66666603,2.070229828,87.01907654,2.631203651,2.071261157,130.2214783,24963.27266,6,1.1424317081014856
CA_0004139,1996,2359.108883,1960.868889,571.3622253,6.833475822,492.4888855,-123.0040436,49.52030182,67.2652,924.1215957,6.315527549,30.7860775,12.84722233,54.33333206,29.65277863,1.540742014,88.22296448,2.422555399,2.422980518,131.4779694,610.5263184,6,1.27282986015386
CA_0004139,1997,2850.98714,2083.34,556.1711243,6.833475822,485.142218,-123.0040436,49.52030182,67.2652,924.1215957,6.315527549,30.7860775,12.84722233,54.33333206,29.65277863,1.540742014,90.57314911,2.448851728,2.419414844,129.1913025,601.9128296,6,1.2636653704233567
CA_0004139,1998,3066.416942,2180.313333,575.7333496,6.833475822,486.106665,-123.0040436,49.52030182,67.2652,924.1215957,6.315527549,30.7860775,12.84722233,54.33333206,29.65277863,1.540742014,88.98111115,2.47640729,2.426672168,130.895932,591.3608154,6,1.1528945851634638
CA_0004139,1999,3288.629899,2303.202222,566.9800171,6.833475822,486.613324,-123.0040436,49.52030182,67.2652,924.1215957,6.315527549,30.7860775,12.84722233,54.33333206,29.65277863,1.540742014,90.41166687,2.497555447,2.399237939,130.3044479,569.9648804,6,1.1659294403452494
CA_0004139,2000,3205.814997,2203.635556,559.9577881,6.833475822,482.6844421,-123.0040436,49.52030182,67.2652,924.1215957,6.315527549,30.7860775,12.84722233,54.33333206,29.65277863,1.540742014,91.50833282,2.461314821,2.358325,129.8181503,563.592627,6,1.1958074031120518
CA_0004139,2001,3261.3637,2122.035556,564.6889038,6.833475822,508.2866821,-123.0040436,49.52030182,67.2652,924.1215957,6.315527549,30.7860775,12.84722233,54.33333206,29.65277863,1.540742014,93.40333405,2.464296293,2.34285,129.7529617,522.2408264,6,1.3938754695007771
CA_0004139,2002,3124.397461,1932.411111,575.0422363,6.833475822,489.4822388,-123.0040436,49.52030182,67.2652,924.1215957,6.315527549,30.7860775,12.84722233,54.33333206,29.65277863,1.540742014,88.70666809,2.443222237,2.336661035,132.0566635,546.4982971,6,1.2429164602806733
CA_0004139,2003,3116.651865,1926.515556,576.144458,6.833475822,480.0911255,-123.0040436,49.52030182,67.2652,924.1215957,6.315527549,30.7860775,12.84722233,54.33333206,29.65277863,1.540742014,87.37315063,2.459000063,2.333103662,131.5375931,596.7181946,6,1.181028737717809
CA_0004139,2004,2820.610402,1857.815556,591.6933594,6.833475822,489.660022,-123.0040436,49.52030182,67.2652,924.1215957,6.315527549,30.7860775,12.84722233,54.33333206,29.65277863,1.540742014,87.62722473,2.428388977,2.353069434,132.3079651,577.6597351,6,1.196872294392729
CA_0004139,2005,2951.449925,1899.3,599.7133667,6.833475822,493.5800293,-123.0040436,49.52030182,67.2652,924.1215957,6.315527549,30.7860775,12.84722233,54.33333206,29.65277863,1.540742014,86.36222382,2.430963039,2.375680469,132.530191,555.2281128,6,1.1766872274998752
CA_0004139,2006,3084.619978,1931.866667,607.0133667,6.833475822,478.8066833,-123.0040436,49.52030182,67.2652,924.1215957,6.315527549,30.7860775,12.84722233,54.33333206,29.65277863,1.540742014,83.84018707,2.424500132,2.317620288,134.6433411,550.3960266,6,1.0711833746055752
CA_0004139,2007,3286.733227,2030.662222,594.7555786,6.833475822,491.108905,-123.0040436,49.52030182,67.2652,924.1215957,6.315527549,30.7860775,12.84722233,54.33333206,29.65277863,1.540742014,87.03055573,2.417037153,2.224482373,131.7857498,520.4486633,6,1.1449519080148054
CA_0004139,2008,3315.258891,1966.628889,579.7755859,6.833475822,505.7511353,-123.0040436,49.52030182,67.2652,924.1215957,6.315527549,30.7860775,12.84722233,54.33333206,29.65277863,1.540742014,90.03981476,2.397851944,2.111682397,131.5470444,466.6946655,6,1.3245364537604944
CA_0004139,2009,3523.085784,1955.228889,574.5133667,6.833475822,487.3800232,-123.0040436,49.52030182,67.2652,924.1215957,6.315527549,30.7860775,12.84722233,54.33333206,29.65277863,1.540742014,87.41611023,2.408944511,2.107744458,133.1283371,466.9625,6,1.2246661959971554
CA_0004139,2010,3591.628293,1975.06,568.6844604,6.833475822,476.9600098,-123.0040436,49.52030182,67.2652,924.1215957,6.315527549,30.7860775,12.84722233,54.33333206,29.65277863,1.540742014,88.0068512,2.443944454,2.053933423,132.0307419,462.3959534,6,1.1789284538333742
CA_0004139,2011,3639.449811,1953.002222,544.3466858,6.833475822,469.5577881,-123.0040436,49.52030182,67.2652,924.1215957,6.315527549,30.7860775,12.84722233,54.33333206,29.65277863,1.540742014,89.27240753,2.435907364,2.056082471,128.5237045,454.3474792,6,1.2491046278169324
CA_0004149,1997,3417.47,1729.12,507.91,5.96000042,448.6566772,-123.4187,49.7896,143.3002,1213.558021,9.45920185,35.59719231,5.902777672,69.0625,22.72916603,0.931040299,89.07991028,2.490601778,1.816710962,127.5941635,29.33769493,6,1.3738546037801027
CA_0004149,1998,3672.76,1796.72,523.08,5.96000042,445.8889038,-123.4187,49.7896,143.3002,1213.558021,9.45920185,35.59719231,5.902777672,69.0625,22.72916603,0.931040299,87.64814911,2.355370283,1.826422412,129.3238831,32.61943703,6,1.2347303961190068
CA_0004149,1999,3754.29,1892.75,511.62,5.96000042,440.2233459,-123.4187,49.7896,143.3002,1213.558021,9.45920185,35.59719231,5.902777672,69.0625,22.72916603,0.931040299,89.14833374,2.485416889,1.82123335,128.9851822,62.86916847,6,1.2232569489570893
CA_0004149,2000,3689.28,1812.13,505.39,5.96000042,434.8966736,-123.4187,49.7896,143.3002,1213.558021,9.45920185,35.59719231,5.902777672,69.0625,22.72916603,0.931040299,89.17666626,2.35546279,1.8126427,128.4005539,94.08572121,6,1.2411834023575583
CA_0004149,2001,3683.49,1749.89,507.01,5.96000042,451.4755737,-123.4187,49.7896,143.3002,1213.558021,9.45920185,35.59719231,5.902777672,69.0625,22.72916603,0.931040299,90.62842407,2.474213123,1.799824976,128.2481491,135.4459785,6,1.4005055377725022
CA_0004149,2002,3357.4,1592.43,514.4,5.96000042,432.4066833,-123.4187,49.7896,143.3002,1213.558021,9.45920185,35.59719231,5.902777672,69.0625,22.72916603,0.931040299,85.68434906,2.365925789,1.796265112,130.6310165,164.3110519,6,1.2523056670073995
CA_0004149,2003,3310.21,1585.24,514.97,5.96000042,425.7289001,-123.4187,49.7896,143.3002,1213.558021,9.45920185,35.59719231,5.902777672,69.0625,22.72916603,0.931040299,83.97397919,2.423009157,1.787816162,130.0557419,187.5884186,6,1.2054445856999685
CA_0004149,2004,3149.33,1532.01,532.03,5.96000042,437.807782,-123.4187,49.7896,143.3002,1213.558021,9.45920185,35.59719231,5.902777672,69.0625,22.72916603,0.931040299,84.14342346,2.336666584,1.821171851,130.7570374,169.1938461,6,1.2325317003265397
CA_0004149,2005,3209.38,1563.36,539.58,5.96000042,439.5122192,-123.4187,49.7896,143.3002,1213.558021,9.45920185,35.59719231,5.902777672,69.0625,22.72916603,0.931040299,83.01564636,2.392175674,1.845398413,131.0092621,155.9129074,6,1.199825852783013
CA_0004149,2006,3166.47,1581.65,548.68,5.96000042,426.1044373,-123.4187,49.7896,143.3002,1213.558021,9.45920185,35.59719231,5.902777672,69.0625,22.72916603,0.931040299,80.0201828,2.436203718,1.819508838,133.2556488,154.7781296,6,1.0871126901075883
CA_0004149,2007,3417.47,1662.77,538.54,5.96000042,438.0055481,-123.4187,49.7896,143.3002,1213.558021,9.45920185,35.59719231,5.902777672,69.0625,22.72916603,0.931040299,82.83907471,2.358935356,1.764098438,130.2665787,144.1351608,6,1.1592406128053583
CA_0004149,2008,3398.87,1613.16,528.64,5.96000042,453.2155579,-123.4187,49.7896,143.3002,1213.558021,9.45920185,35.59719231,5.902777672,69.0625,22.72916603,0.931040299,85.87518616,2.361898422,1.71598855,130.1497238,134.9946823,6,1.3290212615517518
CA_0004149,2009,3286.61,1595.77,524.98,5.96000042,438.5733398,-123.4187,49.7896,143.3002,1213.558021,9.45920185,35.59719231,5.902777672,69.0625,22.72916603,0.931040299,83.4241684,2.408101797,1.694523999,131.6844437,134.0918625,6,1.2442162996602468
CA_0004149,2010,3278.03,1610.32,517.75,5.96000042,426.8444519,-123.4187,49.7896,143.3002,1213.558021,9.45920185,35.59719231,5.902777672,69.0625,22.72916603,0.931040299,83.9943512,2.530138731,1.639263574,130.8765701,125.8173203,6,1.1916242027860975
CA_0004149,2011,3353.11,1597.47,496.67,5.96000042,425.3955566,-123.4187,49.7896,143.3002,1213.558021,9.45920185,35.59719231,5.902777672,69.0625,22.72916603,0.931040299,86.2674057,2.396944523,1.621872949,127.3851822,94.02557983,6,1.290825957566725
CA_0004149,2012,3099.86,1595.83,500.16,5.96000042,412.0600037,-123.4187,49.7896,143.3002,1213.558021,9.45920185,35.59719231,5.902777672,69.0625,22.72916603,0.931040299,86.13156891,2.412685156,1.6349948,128.4633286,86.92790985,6,1.1752933813000075
CA_0004149,2013,3057.06,1570.71,503.34,5.96000042,408.5733337,-123.4187,49.7896,143.3002,1213.558021,9.45920185,35.59719231,5.902777672,69.0625,22.72916603,0.931040299,85.57990112,2.199213028,1.707012524,127.8476822,82.30991058,6,1.148366888692236
CA_0004165,1989,1567.42,811.79,466.0,2.181289268,346.8489441,-125.5937,51.1479,5828.587,1510.018973,6.916887242,22.48817313,9.693910599,64.18910217,18.60037041,1.416947365,45.54185944,2.268357992,1.310216431,127.5511368,346.255658,6,1.3256203602382315
CA_0004165,1990,1600.21,896.86,462.0,2.181289268,345.760199,-125.5937,51.1479,5828.587,1510.018973,6.916887242,22.48817313,9.693910599,64.18910217,18.60037041,1.416947365,45.48434448,2.336293697,1.313733838,125.7925201,351.9464661,6,1.2497436454000377
CA_0004165,1991,1689.63,878.2,460.3,2.181289268,349.7509033,-125.5937,51.1479,5828.587,1510.018973,6.916887242,22.48817313,9.693910599,64.18910217,18.60037041,1.416947365,46.39704895,2.306895256,1.316479321,126.5423935,353.3843079,6,1.3040003957466215
CA_0004165,1992,1664.33,887.03,460.79,2.181289268,351.2735291,-125.5937,51.1479,5828.587,1510.018973,6.916887242,22.48817313,9.693910599,64.18910217,18.60037041,1.416947365,48.19567566,2.2636199,1.316737866,126.0698227,352.2990295,6,1.3056751936307451
CA_0004165,1993,1663.22,866.24,461.33,2.181289268,349.2637695,-125.5937,51.1479,5828.587,1510.018973,6.916887242,22.48817313,9.693910599,64.18910217,18.60037041,1.416947365,49.29644852,2.139089108,1.311635522,126.6048187,348.7115784,6,1.3073444690714529
CA_0004165,1994,1681.28,878.99,460.11,2.181289268,344.6302185,-125.5937,51.1479,5828.587,1510.018973,6.916887242,22.48817313,9.693910599,64.18910217,18.60037041,1.416947365,48.67050705,2.246213436,1.304964575,125.0223083,347.9691101,6,1.2644239241476043
CA_0004165,1995,1638.62,863.36,460.77,2.181289268,360.7921448,-125.5937,51.1479,5828.587,1510.018973,6.916887242,22.48817313,9.693910599,64.18910217,18.60037041,1.416947365,49.33013306,2.273130178,1.30358877,125.0725525,349.312561,6,1.4112116939591195
CA_0004165,1996,1555.84,883.73,456.84,2.181289268,353.5487305,-125.5937,51.1479,5828.587,1510.018973,6.916887242,22.48817313,9.693910599,64.18910217,18.60037041,1.416947365,49.68110352,2.344622374,1.301525293,124.1574112,358.4778381,6,1.3451259359147785
CA_0004165,1997,1551.81,928.2,447.37,2.181289268,361.5614868,-125.5937,51.1479,5828.587,1510.018973,6.916887242,22.48817313,9.693910599,64.18910217,18.60037041,1.416947365,51.57417221,2.326757431,1.298894116,122.7670029,360.8752747,6,1.422986947302128
CA_0004165,1998,1614.06,945.93,456.45,2.181289268,360.8294373,-125.5937,51.1479,5828.587,1510.018973,6.916887242,22.48817313,9.693910599,64.18910217,18.60037041,1.416947365,51.6833313,2.159947634,1.307563672,123.5046722,357.2232361,6,1.3507237669595256
CA_0004165,1999,1579.75,958.96,445.04,2.181289268,357.4570068,-125.5937,51.1479,5828.587,1510.018973,6.916887242,22.48817313,9.693910599,64.18910217,18.60037041,1.416947365,52.91087189,2.331880331,1.301111523,123.4850662,351.0858276,6,1.3685080946055503
CA_0004165,2000,1592.5,929.87,436.91,2.181289268,355.3691406,-125.5937,51.1479,5828.587,1510.018973,6.916887242,22.48817313,9.693910599,64.18910217,18.60037041,1.416947365,53.24363327,2.249884129,1.297100952,122.5613419,340.5154175,6,1.4223353005679167
CA_0004165,2001,1653.95,921.24,437.19,2.181289268,361.6903687,-125.5937,51.1479,5828.587,1510.018973,6.916887242,22.48817313,9.693910599,64.18910217,18.60037041,1.416947365,53.4775383,2.374148607,1.297941406,121.6958618,324.9271423,6,1.4959672029331497
CA_0004165,2002,1591.31,843.45,436.02,2.181289268,342.6084656,-125.5937,51.1479,5828.587,1510.018973,6.916887242,22.48817313,9.693910599,64.18910217,18.60037041,1.416947365,51.06277161,2.315399647,1.30125437,122.5718185,327.5775574,6,1.3925643129815637
CA_0004165,2003,1542.04,851.05,432.8,2.181289268,346.8470947,-125.5937,51.1479,5828.587,1510.018973,6.916887242,22.48817313,9.693910599,64.18910217,18.60037041,1.416947365,50.30242844,2.303108931,1.295159888,121.6479935,330.0068665,6,1.4439187765220776
CA_0004165,2004,1621.82,849.67,449.23,2.181289268,361.9320862,-125.5937,51.1479,5828.587,1510.018973,6.916887242,22.48817313,9.693910599,64.18910217,18.60037041,1.416947365,50.75595932,2.237086773,1.316366772,122.3124268,320.7328613,6,1.50299682948516
CA_0004165,2005,1715.17,881.73,458.85,2.181289268,368.1612732,-125.5937,51.1479,5828.587,1510.018973,6.916887242,22.48817313,9.693910599,64.18910217,18.60037041,1.416947365,50.79646835,2.350905418,1.346256348,122.5166092,319.4898682,6,1.4710948761675011
CA_0004165,2006,1679.97,861.91,473.37,2.181289268,356.2081787,-125.5937,51.1479,5828.587,1510.018973,6.916887242,22.48817313,9.693910599,64.18910217,18.60037041,1.416947365,49.08648071,2.33996892,1.32667229,125.1799683,316.8253601,6,1.3168795087692327
CA_0004165,2007,1767.65,915.87,470.58,2.181289268,367.1005066,-125.5937,51.1479,5828.587,1510.018973,6.916887242,22.48817313,9.693910599,64.18910217,18.60037041,1.416947365,49.84881821,2.355813026,1.288063086,122.8307251,307.3204163,6,1.3640899235823565
CA_0004165,2008,1769.65,898.49,463.7,2.181289268,367.0322571,-125.5937,51.1479,5828.587,1510.018973,6.916887242,22.48817313,9.693910599,64.18910217,18.60037041,1.416947365,51.07712479,2.391072035,1.285383374,123.2282455,303.543512,6,1.4151736743917545
CA_0004165,2009,1738.3,866.39,461.13,2.181289268,350.0330933,-125.5937,51.1479,5828.587,1510.018973,6.916887242,22.48817313,9.693910599,64.18910217,18.60037041,1.416947365,49.94434204,2.379754543,1.266218726,124.6582962,309.2180603,6,1.3141913152203386
CA_0004165,2010,1706.05,845.94,460.12,2.181289268,332.7715393,-125.5937,51.1479,5828.587,1510.018973,6.916887242,22.48817313,9.693910599,64.18910217,18.60037041,1.416947365,49.54321442,2.364430189,1.211620386,125.2351044,307.6369019,6,1.2081452920862423
CA_0004165,2011,1742.06,873.32,440.57,2.181289268,340.942865,-125.5937,51.1479,5828.587,1510.018973,6.916887242,22.48817313,9.693910599,64.18910217,18.60037041,1.416947365,51.45806122,2.357614994,1.189554688,121.7272873,306.9330444,6,1.3240702612437192
CA_0004165,2012,1713.41,844.61,444.36,2.181289268,328.82052,-125.5937,51.1479,5828.587,1510.018973,6.916887242,22.48817313,9.693910599,64.18910217,18.60037041,1.416947365,51.14398193,2.289713383,1.204035693,124.1710602,302.3526855,6,1.2376691749405795
CA_0004277,1989,2383.71,1775.48,546.24,7.516666985,455.3328003,-125.2146,49.5771,214.4373,961.399262,5.621028343,37.83976251,6.704999924,67.50499725,23.53499985,1.997986704,121.7551315,2.560799837,1.663503027,129.1592712,2837.931738,6,1.1978817907744097
CA_0004277,1990,2570.26,2013.04,546.29,7.516666985,468.5744019,-125.2146,49.5771,214.4373,961.399262,5.621028343,37.83976251,6.704999924,67.50499725,23.53499985,1.997986704,123.4190002,2.835999727,1.654609375,127.1247345,2895.547119,6,1.2151205676284451
CA_0004277,1991,2515.48,1972.3,547.4,7.516666985,474.1952026,-125.2146,49.5771,214.4373,961.399262,5.621028343,37.83976251,6.704999924,67.50499725,23.53499985,1.997986704,125.7024689,2.737233162,1.658740723,129.0359344,2928.354004,6,1.2614153738918066
CA_0004277,1992,2421.41,2016.33,547.86,7.516666985,482.4520081,-125.2146,49.5771,214.4373,961.399262,5.621028343,37.83976251,6.704999924,67.50499725,23.53499985,1.997986704,127.2350708,2.767733097,1.663380103,129.0861389,2943.102393,6,1.3105030447143626
CA_0004277,1993,2324.48,1955.91,543.1,7.516666985,478.8416077,-125.2146,49.5771,214.4373,961.399262,5.621028343,37.83976251,6.704999924,67.50499725,23.53499985,1.997986704,128.3238678,2.50153327,1.649154102,129.8023407,2940.052686,6,1.328971154185637
CA_0004277,1994,2274.15,1992.88,542.72,7.516666985,476.1080139,-125.2146,49.5771,214.4373,961.399262,5.621028343,37.83976251,6.704999924,67.50499725,23.53499985,1.997986704,126.7531326,2.649833441,1.642596411,128.6924698,2954.360156,6,1.2968644567813243
CA_0004277,1995,2518.44,1955.24,545.79,7.516666985,484.856012,-125.2146,49.5771,214.4373,961.399262,5.621028343,37.83976251,6.704999924,67.50499725,23.53499985,1.997986704,127.4337326,2.841100216,1.671442676,129.5202682,4599.60874,6,1.3645223217258389
CA_0004277,1996,2437.75,2029.97,546.33,7.516666985,477.0016113,-125.2146,49.5771,214.4373,961.399262,5.621028343,37.83976251,6.704999924,67.50499725,23.53499985,1.997986704,124.9219986,2.818333387,1.679485352,128.4309982,4655.62041,6,1.271805281648574
CA_0004277,1997,2626.52,2153.75,533.24,7.516666985,476.7360046,-125.2146,49.5771,214.4373,961.399262,5.621028343,37.83976251,6.704999924,67.50499725,23.53499985,1.997986704,128.6947998,2.873099566,1.672782666,125.595932,4696.049268,6,1.3172863383437172
CA_0004277,1998,2854.53,2243.86,547.89,7.516666985,481.0880066,-125.2146,49.5771,214.4373,961.399262,5.621028343,37.83976251,6.704999924,67.50499725,23.53499985,1.997986704,126.671936,2.733500004,1.684993994,127.0175293,4737.604053,6,1.2377998511085493
CA_0004277,1999,3156.56,2339.47,540.1,7.516666985,474.9679993,-125.2146,49.5771,214.4373,961.399262,5.621028343,37.83976251,6.704999924,67.50499725,23.53499985,1.997986704,128.0552689,2.864733219,1.668692017,126.6517319,4780.688428,6,1.213660906453205
CA_0004277,2000,2856.41,2211.6,538.01,7.516666985,475.3231995,-125.2146,49.5771,214.4373,961.399262,5.621028343,37.83976251,6.704999924,67.50499725,23.53499985,1.997986704,128.9746002,2.675833464,1.635906372,125.7856674,3192.3875,6,1.2587333391062039
CA_0004277,2001,2940.4,2166.92,542.27,7.516666985,490.3599976,-125.2146,49.5771,214.4373,961.399262,5.621028343,37.83976251,6.704999924,67.50499725,23.53499985,1.997986704,131.8003326,2.853833199,1.624277026,125.1835999,3184.874805,6,1.3764545138102744
CA_0004277,2002,2734.6,1993.25,551.27,7.516666985,477.4624023,-125.2146,49.5771,214.4373,961.399262,5.621028343,37.83976251,6.704999924,67.50499725,23.53499985,1.997986704,126.0344009,2.665666819,1.629334717,127.7356644,3206.927881,6,1.2587210911066238
CA_0004277,2003,2551.01,1955.35,553.28,7.516666985,474.376001,-125.2146,49.5771,214.4373,961.399262,5.621028343,37.83976251,6.704999924,67.50499725,23.53499985,1.997986704,124.6708679,2.743633509,1.629636719,126.8975327,3218.492383,6,1.2373070957649395
CA_0004277,2004,2382.81,1842.72,572.43,7.516666985,491.3584045,-125.2146,49.5771,214.4373,961.399262,5.621028343,37.83976251,6.704999924,67.50499725,23.53499985,1.997986704,124.2013367,2.59559989,1.67660769,128.1923325,3197.8896,6,1.2980470737181569
CA_0004277,2005,2405.92,1921.85,576.61,7.516666985,494.2768066,-125.2146,49.5771,214.4373,961.399262,5.621028343,37.83976251,6.704999924,67.50499725,23.53499985,1.997986704,123.8338043,2.684899807,1.712889038,128.1957336,3214.276123,6,1.271436805721859
CA_0004283,1997,937.2495818,2062.255185,578.7385132,7.672827611,502.5677917,-125.0872192,49.66833115,452.2655,776.485595,5.822889482,38.29680456,7.490740776,66.69213104,23.36111069,1.975419555,127.287439,2.785317802,2.109116235,126.4325012,9401.295215,6,1.2767562559560357
CA_0004283,1998,1103.047717,2154.684444,594.3696289,7.672827611,503.5392822,-125.0872192,49.66833115,452.2655,776.485595,5.822889482,38.29680456,7.490740776,66.69213104,23.36111069,1.975419555,124.8711716,2.832552385,2.118170166,127.8799423,9572.62832,6,1.185434340749878
CA_0004283,1999,1256.821595,2250.686296,587.9544312,7.672827611,500.8170532,-125.0872192,49.66833115,452.2655,776.485595,5.822889482,38.29680456,7.490740776,66.69213104,23.36111069,1.975419555,126.7558044,2.87555232,2.10314314,127.5346039,9732.94375,6,1.1731519959189511
CA_0004283,2000,1065.543157,2124.533333,585.8381348,7.672827611,503.6896484,-125.0872192,49.66833115,452.2655,776.485595,5.822889482,38.29680456,7.490740776,66.69213104,23.36111069,1.975419555,128.5191986,2.841555357,2.070777319,126.6811462,9118.437695,6,1.2318319262790516
CA_0004283,2001,1075.334992,2078.48963,592.5710938,7.672827611,522.7696411,-125.0872192,49.66833115,452.2655,776.485595,5.822889482,38.29680456,7.490740776,66.69213104,23.36111069,1.975419555,130.9643875,2.847573853,2.061259399,126.1303741,9164.324023,6,1.3484279071195868
CA_0004283,2002,985.7422666,1915.365556,603.4518311,7.672827611,506.9018677,-125.0872192,49.66833115,452.2655,776.485595,5.822889482,38.29680456,7.490740776,66.69213104,23.36111069,1.975419555,124.8077194,2.804314613,2.062548804,128.7333374,9290.87168,6,1.2348117170652604
CA_0004283,2003,964.5736818,1876.149259,607.773291,7.672827611,506.005188,-125.0872192,49.66833115,452.2655,776.485595,5.822889482,38.29680456,7.490740776,66.69213104,23.36111069,1.975419555,123.7679962,2.806194305,2.06312605,127.9209625,9473.168359,6,1.2244134018221933
CA_0004283,2004,837.3739488,1765.192593,626.428479,7.672827611,519.6559387,-125.0872192,49.66833115,452.2655,776.485595,5.822889482,38.29680456,7.490740776,66.69213104,23.36111069,1.975419555,122.3574738,2.751111174,2.112835742,129.1924454,9578.966016,6,1.2708518906110116
CA_0004283,2005,958.9637964,1839.347037,630.7151489,7.672827611,521.0937073,-125.0872192,49.66833115,452.2655,776.485595,5.822889482,38.29680456,7.490740776,66.69213104,23.36111069,1.975419555,121.7994812,2.752413607,2.147838428,129.2137115,9784.217773,6,1.2363949862107013
CA_0004283,2006,1029.167289,1844.837778,637.1888672,7.672827611,500.3444519,-125.0872192,49.66833115,452.2655,776.485595,5.822889482,38.29680456,7.490740776,66.69213104,23.36111069,1.975419555,117.4589569,2.751716089,2.102938916,131.4401871,10005.28945,6,1.1091441558361832
CA_0004283,2007,1091.624562,1929.631852,621.0655396,7.672827611,502.7437073,-125.0872192,49.66833115,452.2655,776.485595,5.822889482,38.29680456,7.490740776,66.69213104,23.36111069,1.975419555,120.7970123,2.755617332,2.036802905,127.6042297,10251.73418,6,1.1437432812980701
CA_0004283,2008,1016.915445,1864.164815,606.4592529,7.672827611,505.0992676,-125.0872192,49.66833115,452.2655,776.485595,5.822889482,38.29680456,7.490740776,66.69213104,23.36111069,1.975419555,122.9592957,2.737021685,1.976698193,127.2746277,10400.87656,6,1.2280859284160566
CA_0004283,2009,1070.174612,1841.864074,597.8844604,7.672827611,486.7363098,-125.0872192,49.66833115,452.2655,776.485595,5.822889482,38.29680456,7.490740776,66.69213104,23.36111069,1.975419555,121.6202164,2.757209826,1.925254297,128.0268463,10528.54434,6,1.1629709177706669
CA_0004283,2010,1142.510091,1840.445185,595.1252075,7.672827611,477.4629761,-125.0872192,49.66833115,452.2655,776.485595,5.822889482,38.29680456,7.490740776,66.69213104,23.36111069,1.975419555,121.605928,2.82302165,1.835697168,127.5477707,10523.92227,6,1.1242809091979746
CA_0004283,2011,1171.179963,1835.475185,571.6363159,7.672827611,478.2718689,-125.0872192,49.66833115,452.2655,776.485595,5.822889482,38.29680456,7.490740776,66.69213104,23.36111069,1.975419555,125.4515762,2.79428091,1.808778198,124.2991623,10547.92891,6,1.2158450290624043
CA_0004283,2012,1222.476746,1833.995556,576.9559448,7.672827611,472.4392944,-125.0872192,49.66833115,452.2655,776.485595,5.822889482,38.29680456,7.490740776,66.69213104,23.36111069,1.975419555,125.094632,2.808490753,1.823439331,126.2271866,10448.95508,6,1.1609686581006124
CA_0004301,1997,3989.620585,2662.553333,567.7033203,7.798290693,519.2933228,-125.9883423,49.8155098,42.5957,877.7037996,5.46713687,39.79112079,5.0,80.375,15.0,1.339113563,81.64639282,3.164472151,2.576276367,125.5691696,17.22079068,6,1.3373418024570778
CA_0004301,1998,4243.630988,2767.133333,581.8566772,7.798290693,524.3433228,-125.9883423,49.8155098,42.5957,877.7037996,5.46713687,39.79112079,5.0,80.375,15.0,1.339113563,80.30444946,3.197333241,2.572144434,126.7875031,13.23340061,6,1.2601871759620813
CA_0004301,1999,4823.766437,2848.593333,575.4666626,7.798290693,520.0533325,-125.9883423,49.8155098,42.5957,877.7037996,5.46713687,39.79112079,5.0,80.375,15.0,1.339113563,80.48945007,3.236611032,2.542277783,126.2013885,9.015841624,6,1.2515596510525715
CA_0004301,2000,4415.552252,2700.873333,573.6700073,7.798290693,522.75,-125.9883423,49.8155098,42.5957,877.7037996,5.46713687,39.79112079,5.0,80.375,15.0,1.339113563,82.2444519,3.210666656,2.524238916,125.1908371,4.653854001,6,1.316192460525749
CA_0004301,2001,4474.584391,2659.783333,582.2700195,7.798290693,542.3733459,-125.9883423,49.8155098,42.5957,877.7037996,5.46713687,39.79112079,5.0,80.375,15.0,1.339113563,84.35139465,3.22705555,2.510272217,124.105835,0.147890493,6,1.458583534915358
CA_0004301,2002,3954.549925,2430.36,592.5333496,7.798290693,530.6766846,-125.9883423,49.8155098,42.5957,877.7037996,5.46713687,39.79112079,5.0,80.375,15.0,1.339113563,81.21055908,3.203305531,2.490586084,126.2233292,0.625813162,6,1.3158022930831994
CA_0004301,2003,4122.495216,2396.663333,596.3466553,7.798290693,528.060022,-125.9883423,49.8155098,42.5957,877.7037996,5.46713687,39.79112079,5.0,80.375,15.0,1.339113563,80.58028107,3.209333372,2.486647217,125.0919388,3.411192504,6,1.2803236641605236
CA_0004301,2004,3687.596101,2289.763333,617.343335,7.798290693,544.3300049,-125.9883423,49.8155098,42.5957,877.7037996,5.46713687,39.79112079,5.0,80.375,15.0,1.339113563,80.72833557,3.169805574,2.528275,126.6380524,5.000480485,6,1.310834419474336
CA_0004301,2005,3880.484711,2412.08,620.8099976,7.798290693,546.8533325,-125.9883423,49.8155098,42.5957,877.7037996,5.46713687,39.79112079,5.0,80.375,15.0,1.339113563,80.62166595,3.177833271,2.580248535,126.4822189,5.012938118,6,1.2792803598181457
CA_0004301,2006,3920.608228,2389.53,626.306665,7.798290693,524.4799866,-125.9883423,49.8155098,42.5957,877.7037996,5.46713687,39.79112079,5.0,80.375,15.0,1.339113563,77.31833344,3.171499968,2.5449375,128.9461121,5.017843714,6,1.1265204996857097
CA_0004301,2007,4513.236519,2519.436667,610.2466675,7.798290693,525.9333313,-125.9883423,49.8155098,42.5957,877.7037996,5.46713687,39.79112079,5.0,80.375,15.0,1.339113563,79.51583405,3.1665833,2.445852808,125.2347244,4.509359783,6,1.170714140404999
CA_0004301,2008,4442.021699,2434.35,594.7900024,7.798290693,527.5299927,-125.9883423,49.8155098,42.5957,877.7037996,5.46713687,39.79112079,5.0,80.375,15.0,1.339113563,81.84388885,3.160055494,2.392573608,124.8688919,4.082540363,6,1.2763545603457678
CA_0004301,2009,4555.60416,2394.993333,584.3533325,7.798290693,500.7266663,-125.9883423,49.8155098,42.5957,877.7037996,5.46713687,39.79112079,5.0,80.375,15.0,1.339113563,80.80944366,3.181777716,2.372577759,125.4963913,6.569481415,6,1.156706227461173
CA_0004301,2010,4702.470651,2361.466667,582.8699951,7.798290693,482.7433289,-125.9883423,49.8155098,42.5957,877.7037996,5.46713687,39.79112079,5.0,80.375,15.0,1.339113563,79.58833313,3.243833303,2.269631958,125.2033356,12.80365076,6,1.070645929915715
CA_0004301,2012,4755.200219,2346.096667,564.1533264,7.798290693,474.1533264,-125.9883423,49.8155098,42.5957,877.7037996,5.46713687,39.79112079,5.0,80.375,15.0,1.339113563,80.62527771,3.219277763,2.262572168,124.2683334,37.53073711,6,1.095777105653708
CA_0004301,2013,4754.157422,2317.596667,570.5833313,7.798290693,473.3133301,-125.9883423,49.8155098,42.5957,877.7037996,5.46713687,39.79112079,5.0,80.375,15.0,1.339113563,80.16666718,3.169444466,2.331819434,124.3324997,58.04770088,6,1.073337831845664
CA_0004324,1995,3420.886909,2164.076,527.0053589,6.70555572,483.2293274,-125.8126831,49.85723114,103.0232,1088.331489,7.995148368,36.49044948,5.25,78.34375,8.6875,0.639592111,94.13388977,2.941144466,1.897602075,128.6193314,1024.187622,6,1.432240282317158
CA_0004324,1996,3456.060149,2242.904,525.4320129,6.70555572,474.3653198,-125.8126831,49.85723114,103.0232,1088.331489,7.995148368,36.49044948,5.25,78.34375,8.6875,0.639592111,91.95644379,2.950011158,1.885586792,127.6515503,1052.180872,6,1.328326414976142
CA_0004324,1997,3660.481194,2386.084,511.1440002,6.70555572,471.5159912,-125.8126831,49.85723114,103.0232,1088.331489,7.995148368,36.49044948,5.25,78.34375,8.6875,0.639592111,94.46655731,2.958633232,1.872696533,125.0723312,1078.209277,6,1.3854271657905388
CA_0004324,1998,3718.877994,2475.561333,525.7119934,6.70555572,478.0920044,-125.8126831,49.85723114,103.0232,1088.331489,7.995148368,36.49044948,5.25,78.34375,8.6875,0.639592111,93.02166748,2.994255352,1.888191016,126.3534424,1102.923804,6,1.3065004122999115
CA_0004324,1999,3867.057131,2556.36,517.2479858,6.70555572,470.1133362,-125.8126831,49.85723114,103.0232,1088.331489,7.995148368,36.49044948,5.25,78.34375,8.6875,0.639592111,93.2285553,3.03331089,1.875051416,125.8428879,1123.714282,6,1.2776445387827922
CA_0004324,2000,3445.614451,2426.389333,515.0999878,6.70555572,468.9746643,-125.8126831,49.85723114,103.0232,1088.331489,7.995148368,36.49044948,5.25,78.34375,8.6875,0.639592111,93.70922241,3.00623312,1.86482229,124.8733353,1139.811548,6,1.3117453714528402
CA_0004324,2001,3385.978725,2390.136,518.9613342,6.70555572,481.6360107,-125.8126831,49.85723114,103.0232,1088.331489,7.995148368,36.49044948,5.25,78.34375,8.6875,0.639592111,96.1577774,3.020155334,1.850191748,123.9148956,1149.907324,6,1.4297999712963563
CA_0004324,2002,3137.728925,2183.916,526.8466614,6.70555572,469.6133484,-125.8126831,49.85723114,103.0232,1088.331489,7.995148368,36.49044948,5.25,78.34375,8.6875,0.639592111,92.18733063,2.993233156,1.856311133,126.1467789,1177.367334,6,1.2894483111000983
CA_0004324,2003,3154.713821,2151.185333,527.1279968,6.70555572,464.280011,-125.8126831,49.85723114,103.0232,1088.331489,7.995148368,36.49044948,5.25,78.34375,8.6875,0.639592111,91.18655243,2.998199797,1.840518774,125.0872253,1211.16145,6,1.2510852338973941
CA_0004324,2004,3139.308705,2049.732,547.7053467,6.70555572,483.4173462,-125.8126831,49.85723114,103.0232,1088.331489,7.995148368,36.49044948,5.25,78.34375,8.6875,0.639592111,91.56466675,2.956566429,1.869531958,126.5508926,1245.779053,6,1.3094505734093145
CA_0004324,2005,3344.902882,2153.436,550.9306885,6.70555572,485.9653503,-125.8126831,49.85723114,103.0232,1088.331489,7.995148368,36.49044948,5.25,78.34375,8.6875,0.639592111,91.3871109,2.963810825,1.912285449,126.4345581,1281.640088,6,1.281144958171147
CA_0004324,2006,3495.783082,2133.965333,557.6586792,6.70555572,468.8400146,-125.8126831,49.85723114,103.0232,1088.331489,7.995148368,36.49044948,5.25,78.34375,8.6875,0.639592111,87.98966522,2.958688641,1.874576392,128.8505554,1318.426074,6,1.1357792348250473
CA_0004324,2007,3777.84738,2247.34,543.977356,6.70555572,471.4720093,-125.8126831,49.85723114,103.0232,1088.331489,7.995148368,36.49044948,5.25,78.34375,8.6875,0.639592111,91.11699982,2.95535531,1.785788208,125.1150024,1347.30625,6,1.1883600742737677
CA_0004324,2008,4035.504584,2173.597333,530.9653687,6.70555572,473.8493408,-125.8126831,49.85723114,103.0232,1088.331489,7.995148368,36.49044948,5.25,78.34375,8.6875,0.639592111,94.00800018,2.947010899,1.741473633,124.7710022,1369.554517,6,1.3016643828372714
CA_0004324,2009,4281.186639,2136.469333,521.9733643,6.70555572,450.5240051,-125.8126831,49.85723114,103.0232,1088.331489,7.995148368,36.49044948,5.25,78.34375,8.6875,0.639592111,92.21055298,2.968544245,1.736437549,125.4415558,1388.149097,6,1.1797167243262694
CA_0004324,2010,4483.746664,2110.054667,519.8626831,6.70555572,435.9200073,-125.8126831,49.85723114,103.0232,1088.331489,7.995148368,36.49044948,5.25,78.34375,8.6875,0.639592111,90.99655609,3.030055475,1.638634009,125.1204437,1416.997754,6,1.1008094213814865
CA_0004324,2011,4677.10146,2123.117333,497.0586853,6.70555572,436.8000061,-125.8126831,49.85723114,103.0232,1088.331489,7.995148368,36.49044948,5.25,78.34375,8.6875,0.639592111,94.19944763,2.997088814,1.607188208,121.905777,1446.521606,6,1.2183172058901768
CA_0004324,2012,4360.494841,2100.912,502.649353,6.70555572,426.4906921,-125.8126831,49.85723114,103.0232,1088.331489,7.995148368,36.49044948,5.25,78.34375,8.6875,0.639592111,92.23611298,3.007877731,1.623177124,124.1050018,1479.808496,6,1.1189356416695122
CA_0004324,2013,3867.968732,2076.785333,509.2826904,6.70555572,428.2933594,-125.8126831,49.85723114,103.0232,1088.331489,7.995148368,36.49044948,5.25,78.34375,8.6875,0.639592111,91.30911407,2.958866692,1.681263208,124.0911133,1517.783569,6,1.106299663032985
CA_0004550,1989,959.78,1050.78,538.8,1.918072748,455.7112244,-119.9146,51.6062,4534.608,1523.040006,6.250029906,25.18622287,7.889008522,66.65625,21.51278687,1.192229933,37.82306442,2.081946373,1.176558081,139.884433,505.7558655,6,1.6814346540218947
CA_0004550,1990,999.11,1092.56,532.05,1.918072748,461.9079834,-119.9146,51.6062,4534.608,1523.040006,6.250029906,25.18622287,7.889008522,66.65625,21.51278687,1.192229933,38.0020195,2.126003504,1.180164844,138.5346924,513.5289673,6,1.758288955031364
CA_0004550,1991,1030.5,1080.95,527.72,1.918072748,461.6345825,-119.9146,51.6062,4534.608,1523.040006,6.250029906,25.18622287,7.889008522,66.65625,21.51278687,1.192229933,37.4436203,2.113955975,1.182140674,138.3370117,518.1967834,6,1.807605394349875
CA_0004550,1992,1038.54,1125.9,522.65,1.918072748,464.4852905,-119.9146,51.6062,4534.608,1523.040006,6.250029906,25.18622287,7.889008522,66.65625,21.51278687,1.192229933,38.85791473,2.066542149,1.177567065,137.617041,522.7301575,6,1.8435627356768332
CA_0004550,1993,998.05,1096.29,511.25,1.918072748,458.9433472,-119.9146,51.6062,4534.608,1523.040006,6.250029906,25.18622287,7.889008522,66.65625,21.51278687,1.192229933,40.04722137,1.937698007,1.169126245,137.0443115,522.6853821,6,1.9229091236072429
CA_0004550,1994,1002.76,1110.27,520.4,1.918072748,459.4397705,-119.9146,51.6062,4534.608,1523.040006,6.250029906,25.18622287,7.889008522,66.65625,21.51278687,1.192229933,39.52202377,2.094696522,1.163267065,136.6403412,524.2515198,6,1.8121695344584006
CA_0004550,1995,999.95,1127.07,518.8,1.918072748,465.8612793,-119.9146,51.6062,4534.608,1523.040006,6.250029906,25.18622287,7.889008522,66.65625,21.51278687,1.192229933,39.82041779,2.061538935,1.163435913,136.9780853,529.3741394,6,1.9066883872576899
CA_0004550,1996,942.97,1195.81,514.91,1.918072748,451.8664673,-119.9146,51.6062,4534.608,1523.040006,6.250029906,25.18622287,7.889008522,66.65625,21.51278687,1.192229933,40.17257538,2.108725786,1.158898511,136.7720032,540.3232178,6,1.6730452683999306
CA_0004550,1997,1018.49,1239.83,497.73,1.918072748,447.554895,-119.9146,51.6062,4534.608,1523.040006,6.250029906,25.18622287,7.889008522,66.65625,21.51278687,1.192229933,41.27034607,2.121719837,1.160459595,135.2280273,557.9772339,6,1.7439422504629432
CA_0004550,1998,1056.56,1280.65,514.28,1.918072748,441.8972046,-119.9146,51.6062,4534.608,1523.040006,6.250029906,25.18622287,7.889008522,66.65625,21.51278687,1.192229933,39.86422806,1.989627242,1.173051782,136.1759949,577.1359131,6,1.4975820905768262
CA_0004550,1999,1135.44,1276.71,498.36,1.918072748,434.8638428,-119.9146,51.6062,4534.608,1523.040006,6.250029906,25.18622287,7.889008522,66.65625,21.51278687,1.192229933,40.22155457,2.140810013,1.168239404,135.6500519,594.7726685,6,1.5434367881516609
CA_0004550,2000,1153.83,1224.82,492.44,1.918072748,429.0078186,-119.9146,51.6062,4534.608,1523.040006,6.250029906,25.18622287,7.889008522,66.65625,21.51278687,1.192229933,40.01355667,2.101910353,1.159128809,134.8266754,612.8490967,6,1.563472791752548
CA_0004550,2001,1197.31,1137.87,499.22,1.918072748,441.4645264,-119.9146,51.6062,4534.608,1523.040006,6.250029906,25.18622287,7.889008522,66.65625,21.51278687,1.192229933,39.5819664,2.203203678,1.162547949,134.9977722,624.530835,6,1.7397942110488478
CA_0004550,2002,1136.91,1053.9,502.69,1.918072748,423.2331543,-119.9146,51.6062,4534.608,1523.040006,6.250029906,25.18622287,7.889008522,66.65625,21.51278687,1.192229933,37.81125946,2.134160519,1.16321123,136.1804443,638.9232666,6,1.5758362623194608
CA_0004550,2003,1139.79,1023.39,498.39,1.918072748,408.3008423,-119.9146,51.6062,4534.608,1523.040006,6.250029906,25.18622287,7.889008522,66.65625,21.51278687,1.192229933,37.50809631,2.16205287,1.160868433,136.234729,658.3185059,6,1.4829966437182023
CA_0004550,2004,1073.19,1047.57,505.87,1.918072748,415.8538208,-119.9146,51.6062,4534.608,1523.040006,6.250029906,25.18622287,7.889008522,66.65625,21.51278687,1.192229933,37.85303879,2.03585124,1.149550952,136.1505615,681.4897339,6,1.487981714515118
CA_0004550,2005,1061.62,1059.87,516.91,1.918072748,418.951886,-119.9146,51.6062,4534.608,1523.040006,6.250029906,25.18622287,7.889008522,66.65625,21.51278687,1.192229933,37.61831131,2.111674309,1.15383042,136.8501801,712.8718506,6,1.4442110136926636
CA_0004550,2006,1066.89,1082.41,529.0,1.918072748,415.4063843,-119.9146,51.6062,4534.608,1523.040006,6.250029906,25.18622287,7.889008522,66.65625,21.51278687,1.192229933,37.24664536,2.096278191,1.159850586,138.7440063,745.8882813,6,1.3409748649971909
CA_0004550,2007,1076.3,1120.32,536.22,1.918072748,429.1673279,-119.9146,51.6062,4534.608,1523.040006,6.250029906,25.18622287,7.889008522,66.65625,21.51278687,1.192229933,37.8838829,2.114996672,1.146854834,138.3427246,774.8097534,6,1.3834511507985015
CA_0004550,2008,1122.91,1114.04,525.07,1.918072748,435.2767212,-119.9146,51.6062,4534.608,1523.040006,6.250029906,25.18622287,7.889008522,66.65625,21.51278687,1.192229933,38.13200989,2.108233213,1.133586792,137.7394531,795.5346436,6,1.4973405635221386
CA_0004550,2009,1109.8,1049.83,528.82,1.918072748,419.0931641,-119.9146,51.6062,4534.608,1523.040006,6.250029906,25.18622287,7.889008522,66.65625,21.51278687,1.192229933,36.47888336,2.15659523,1.156070044,139.7941528,798.489563,6,1.396669442685914
CA_0004550,2010,1115.35,1028.12,525.22,1.918072748,410.4591125,-119.9146,51.6062,4534.608,1523.040006,6.250029906,25.18622287,7.889008522,66.65625,21.51278687,1.192229933,36.11503906,2.113593102,1.14806438,139.797348,803.0230591,6,1.3645209940067473
CA_0004550,2011,1078.9,1006.33,506.98,1.918072748,395.3395752,-119.9146,51.6062,4534.608,1523.040006,6.250029906,25.18622287,7.889008522,66.65625,21.51278687,1.192229933,36.33756104,2.117698908,1.12218772,137.2758148,817.7239136,6,1.3456130594245066
CA_0004550,2012,1010.79,969.75,501.99,1.918072748,384.9965149,-119.9146,51.6062,4534.608,1523.040006,6.250029906,25.18622287,7.889008522,66.65625,21.51278687,1.192229933,35.40059814,2.137195587,1.11916167,136.7780029,824.7435303,6,1.3198006896777599
CA_0004550,2013,973.4,960.91,504.07,1.918072748,385.6686951,-119.9146,51.6062,4534.608,1523.040006,6.250029906,25.18622287,7.889008522,66.65625,21.51278687,1.192229933,33.91450233,2.029494286,1.131618213,136.4100586,830.4128418,6,1.3242747129626407
CA_0004550,2014,825.06,996.53,501.76,1.918072748,389.8157043,-119.9146,51.6062,4534.608,1523.040006,6.250029906,25.18622287,7.889008522,66.65625,21.51278687,1.192229933,34.3678997,2.026315451,1.133063062,134.8235901,853.5641113,6,1.3339560772264574
CA_0004567,1989,527.62,889.46,586.31,3.807917118,475.6397644,-119.9354,51.2479,610.1853,1441.442704,6.353603076,20.99048549,7.278273582,64.8080368,25.17559433,1.875672221,57.83611603,2.210625172,1.723216187,142.4122284,1345.544312,6,1.8300179943547235
CA_0004567,1990,540.76,926.6,578.13,3.807917118,487.2611816,-119.9354,51.2479,610.1853,1441.442704,6.353603076,20.99048549,7.278273582,64.8080368,25.17559433,1.875672221,58.04556122,2.226914644,1.722849927,140.719809,1366.313013,6,1.9565730570606672
CA_0004567,1991,547.33,909.85,575.5,3.807917118,484.6735596,-119.9354,51.2479,610.1853,1441.442704,6.353603076,20.99048549,7.278273582,64.8080368,25.17559433,1.875672221,57.28129272,2.215793371,1.722984448,140.4565765,1379.037744,6,1.976924963974791
CA_0004567,1992,563.53,961.94,569.44,3.807917118,501.9071228,-119.9354,51.2479,610.1853,1441.442704,6.353603076,20.99048549,7.278273582,64.8080368,25.17559433,1.875672221,60.36678925,2.154900789,1.719689038,139.4812592,1390.68606,6,2.186232756642605
CA_0004567,1993,559.46,930.49,556.02,3.807917118,494.3868896,-119.9354,51.2479,610.1853,1441.442704,6.353603076,20.99048549,7.278273582,64.8080368,25.17559433,1.875672221,62.37032013,2.038284063,1.705116455,138.6394684,1391.450244,6,2.2862624175264483
CA_0004567,1994,537.22,939.41,564.98,3.807917118,489.245459,-119.9354,51.2479,610.1853,1441.442704,6.353603076,20.99048549,7.278273582,64.8080368,25.17559433,1.875672221,61.00773926,2.224732161,1.700044629,138.0734924,1399.13606,6,2.0753753516526015
CA_0004567,1995,524.59,956.38,563.87,3.807917118,489.4623779,-119.9354,51.2479,610.1853,1441.442704,6.353603076,20.99048549,7.278273582,64.8080368,25.17559433,1.875672221,61.20011826,2.20596242,1.702175586,138.5726776,1416.952905,6,2.0553811164454854
CA_0004567,1996,554.91,1018.13,560.2,3.807917118,472.7654785,-119.9354,51.2479,610.1853,1441.442704,6.353603076,20.99048549,7.278273582,64.8080368,25.17559433,1.875672221,62.52815552,2.198719978,1.696509741,138.3417969,1449.96499,6,1.763127291059581
CA_0004567,1997,646.39,1058.55,540.08,3.807917118,466.6695374,-119.9354,51.2479,610.1853,1441.442704,6.353603076,20.99048549,7.278273582,64.8080368,25.17559433,1.875672221,65.09152679,2.24155736,1.693480371,136.9328674,1482.500366,6,1.7923814075533777
CA_0004567,1998,604.44,1089.36,561.31,3.807917118,459.5154907,-119.9354,51.2479,610.1853,1441.442704,6.353603076,20.99048549,7.278273582,64.8080368,25.17559433,1.875672221,63.62265778,2.13251996,1.714322241,137.9951324,1509.731006,6,1.5385822679533776
CA_0004567,1999,712.09,1085.79,544.97,3.807917118,454.4593018,-119.9354,51.2479,610.1853,1441.442704,6.353603076,20.99048549,7.278273582,64.8080368,25.17559433,1.875672221,64.85362854,2.26711297,1.718593286,137.6061279,1534.694067,6,1.5887203523194806
CA_0004567,2000,718.6,1031.18,542.15,3.807917118,449.3588257,-119.9354,51.2479,610.1853,1441.442704,6.353603076,20.99048549,7.278273582,64.8080368,25.17559433,1.875672221,64.22662582,2.188849449,1.711419434,137.1181519,1558.550806,6,1.614810617656621
CA_0004567,2001,675.7,963.01,550.68,3.807917118,466.1971497,-119.9354,51.2479,610.1853,1441.442704,6.353603076,20.99048549,7.278273582,64.8080368,25.17559433,1.875672221,63.34110947,2.314712524,1.71819624,137.2348022,1575.23457,6,1.8376449725462134
CA_0004567,2002,613.03,876.17,557.45,3.807917118,441.781427,-119.9354,51.2479,610.1853,1441.442704,6.353603076,20.99048549,7.278273582,64.8080368,25.17559433,1.875672221,58.45309448,2.231101036,1.723272803,138.6203583,1605.405664,6,1.661650389898786
CA_0004567,2003,639.82,844.14,554.7,3.807917118,424.362854,-119.9354,51.2479,610.1853,1441.442704,6.353603076,20.99048549,7.278273582,64.8080368,25.17559433,1.875672221,55.87730179,2.277003765,1.715579736,138.7169891,1650.301758,6,1.5612273046505132
CA_0004567,2004,544.78,872.08,566.21,3.807917118,437.8485657,-119.9354,51.2479,610.1853,1441.442704,6.353603076,20.99048549,7.278273582,64.8080368,25.17559433,1.875672221,56.05182571,2.122738361,1.697190454,138.6360565,1695.995874,6,1.5870802384319287
CA_0004567,2005,553.9,888.15,577.49,3.807917118,439.1973694,-119.9354,51.2479,610.1853,1441.442704,6.353603076,20.99048549,7.278273582,64.8080368,25.17559433,1.875672221,56.03414764,2.217351198,1.696008936,139.0844696,1755.735767,6,1.5259407001657608
CA_0004567,2006,554.91,905.29,587.14,3.807917118,431.476416,-119.9354,51.2479,610.1853,1441.442704,6.353603076,20.99048549,7.278273582,64.8080368,25.17559433,1.875672221,53.7657547,2.247321606,1.701860327,140.7536011,1811.011914,6,1.408745207571726
CA_0004567,2007,478.6,930.81,594.1,3.807917118,447.9478516,-119.9354,51.2479,610.1853,1441.442704,6.353603076,20.99048549,7.278273582,64.8080368,25.17559433,1.875672221,54.42424622,2.271021843,1.672455347,140.0333038,1868.188745,6,1.4735323907295796
CA_0004567,2008,520.45,922.54,581.32,3.807917118,454.7685669,-119.9354,51.2479,610.1853,1441.442704,6.353603076,20.99048549,7.278273582,64.8080368,25.17559433,1.875672221,56.2812706,2.242361069,1.656859985,139.4908997,1909.522949,6,1.5939647529909278
CA_0004567,2009,497.8,856.92,582.52,3.807917118,428.9821411,-119.9354,51.2479,610.1853,1441.442704,6.353603076,20.99048549,7.278273582,64.8080368,25.17559433,1.875672221,54.60121307,2.281944513,1.678319849,141.5272064,1927.26333,6,1.4686994986364739
CA_0004567,2010,391.67,844.38,576.72,3.807917118,422.5930847,-119.9354,51.2479,610.1853,1441.442704,6.353603076,20.99048549,7.278273582,64.8080368,25.17559433,1.875672221,55.04014053,2.256825209,1.671424756,140.9999023,1944.808105,6,1.4579842558521479
CA_0004567,2011,411.38,822.48,556.61,3.807917118,406.3588013,-119.9354,51.2479,610.1853,1441.442704,6.353603076,20.99048549,7.278273582,64.8080368,25.17559433,1.875672221,56.14131012,2.28294611,1.66183584,138.5913666,1971.654126,6,1.4355288283601162
CA_0004567,2012,496.13,802.34,550.42,3.807917118,397.8290344,-119.9354,51.2479,610.1853,1441.442704,6.353603076,20.99048549,7.278273582,64.8080368,25.17559433,1.875672221,55.30367126,2.258491993,1.675576318,138.2827362,1977.815967,6,1.41987727115059
CA_0004567,2013,488.71,805.21,552.14,3.807917118,404.2016602,-119.9354,51.2479,610.1853,1441.442704,6.353603076,20.99048549,7.278273582,64.8080368,25.17559433,1.875672221,52.28551483,2.158363104,1.690386377,137.7384705,1989.834937,6,1.459603852270819
CA_0004572,1989,672.51,948.31,552.23,3.778333235,467.15802,-119.8812,51.3521,164.3751,1630.352238,6.634163865,17.76595118,6.712500095,66.27500153,24.72500038,2.184806944,59.34733429,2.345833302,1.357850049,141.5572845,3347.078906,6,1.8617640126396806
CA_0004572,1990,710.51,986.59,543.89,3.778333235,475.2946838,-119.8812,51.3521,164.3751,1630.352238,6.634163865,17.76595118,6.712500095,66.27500153,24.72500038,2.184806944,59.55527649,2.361444712,1.36741416,139.8749542,3398.037646,6,1.9844781842106842
CA_0004572,1991,727.61,969.66,540.17,3.778333235,470.8540222,-119.8812,51.3521,164.3751,1630.352238,6.634163865,17.76595118,6.712500095,66.27500153,24.72500038,2.184806944,58.47505493,2.348110914,1.360018311,139.6009521,3428.057422,6,1.984103807503076
CA_0004572,1992,748.65,1024.82,533.83,3.778333235,485.8186951,-119.8812,51.3521,164.3751,1630.352238,6.634163865,17.76595118,6.712500095,66.27500153,24.72500038,2.184806944,62.37022171,2.28922224,1.355353296,138.6218933,3454.811963,6,2.2287599778284073
CA_0004572,1993,727.61,990.84,521.51,3.778333235,476.6306885,-119.8812,51.3521,164.3751,1630.352238,6.634163865,17.76595118,6.712500095,66.27500153,24.72500038,2.184806944,64.62233429,2.171999931,1.342233301,137.7851715,3455.617529,6,2.294412314568692
CA_0004572,1994,710.51,1000.45,530.27,3.778333235,473.9633423,-119.8812,51.3521,164.3751,1630.352238,6.634163865,17.76595118,6.712500095,66.27500153,24.72500038,2.184806944,63.14838867,2.358972073,1.340717432,137.22117,3474.107324,6,2.092932307156665
CA_0004572,1995,676.31,1018.55,529.66,3.778333235,476.6886658,-119.8812,51.3521,164.3751,1630.352238,6.634163865,17.76595118,6.712500095,66.27500153,24.72500038,2.184806944,63.91161346,2.340638876,1.333602441,137.7047211,3518.063672,6,2.1189872210937115
CA_0004572,1996,716.27,1082.89,525.39,3.778333235,460.8059875,-119.8812,51.3521,164.3751,1630.352238,6.634163865,17.76595118,6.712500095,66.27500153,24.72500038,2.184806944,64.96055756,2.330694437,1.333089941,137.4553375,3599.317285,6,1.8158471859920335
CA_0004572,1997,775.1,1127.01,506.8,3.778333235,450.4519836,-119.8812,51.3521,164.3751,1630.352238,6.634163865,17.76595118,6.712500095,66.27500153,24.72500038,2.184806944,66.47255707,2.376694202,1.333750781,136.0321686,3681.756348,6,1.802757857969611
CA_0004572,1998,778.9,1160.46,526.46,3.778333235,446.0266541,-119.8812,51.3521,164.3751,1630.352238,6.634163865,17.76595118,6.712500095,66.27500153,24.72500038,2.184806944,64.73088913,2.265749931,1.365452417,137.0981689,3752.162842,6,1.5515649369511864
CA_0004572,1999,885.29,1157.39,508.41,3.778333235,437.0479858,-119.8812,51.3521,164.3751,1630.352238,6.634163865,17.76595118,6.712500095,66.27500153,24.72500038,2.184806944,65.86294632,2.40194416,1.363622437,136.7123352,3816.172607,6,1.5863953271450342
CA_0004572,2000,899.14,1101.23,504.17,3.778333235,430.9466553,-119.8812,51.3521,164.3751,1630.352238,6.634163865,17.76595118,6.712500095,66.27500153,24.72500038,2.184806944,65.13505478,2.323666334,1.358870801,136.1801147,3876.765674,6,1.6025255791441533
CA_0004572,2001,847.29,1030.42,512.81,3.778333235,448.4799927,-119.8812,51.3521,164.3751,1630.352238,6.634163865,17.76595118,6.712500095,66.27500153,24.72500038,2.184806944,64.75711212,2.447110891,1.38189751,136.2995544,3917.225928,6,1.8323853093824998
CA_0004572,2002,854.89,936.92,517.68,3.778333235,428.7973206,-119.8812,51.3521,164.3751,1630.352238,6.634163865,17.76595118,6.712500095,66.27500153,24.72500038,2.184806944,60.13433533,2.365249872,1.390471704,137.6828308,3991.787305,6,1.673397556484296
CA_0004572,2003,858.69,903.39,515.43,3.778333235,413.1639832,-119.8812,51.3521,164.3751,1630.352238,6.634163865,17.76595118,6.712500095,66.27500153,24.72500038,2.184806944,57.47494507,2.411166668,1.384173389,137.766333,4099.194678,6,1.5686092263236548
CA_0004572,2004,782.94,932.63,527.21,3.778333235,426.911322,-119.8812,51.3521,164.3751,1630.352238,6.634163865,17.76595118,6.712500095,66.27500153,24.72500038,2.184806944,57.84905701,2.25608325,1.359445068,137.7112213,4207.780566,6,1.5996689515937883
CA_0004572,2005,818.8,948.75,538.83,3.778333235,427.9199829,-119.8812,51.3521,164.3751,1630.352238,6.634163865,17.76595118,6.712500095,66.27500153,24.72500038,2.184806944,57.25739059,2.35108304,1.353117505,138.2034973,4346.96875,6,1.526515115154447
CA_0004572,2006,815.0,965.16,549.87,3.778333235,422.169989,-119.8812,51.3521,164.3751,1630.352238,6.634163865,17.76595118,6.712500095,66.27500153,24.72500038,2.184806944,55.0117218,2.38102746,1.340705835,139.9221069,4483.709473,6,1.4112784920717645
CA_0004572,2007,750.4,994.02,557.47,3.778333235,439.5226501,-119.8812,51.3521,164.3751,1630.352238,6.634163865,17.76595118,6.712500095,66.27500153,24.72500038,2.184806944,56.34333344,2.404639006,1.3052375,139.2032776,4618.561328,6,1.4855139099105958
CA_0004572,2008,782.94,985.77,545.0,3.778333235,445.1986633,-119.8812,51.3521,164.3751,1630.352238,6.634163865,17.76595118,6.712500095,66.27500153,24.72500038,2.184806944,58.35122452,2.374527454,1.273598315,138.6553345,4716.928125,6,1.6104221450568497
CA_0004572,2009,725.71,916.2,546.65,3.778333235,422.815332,-119.8812,51.3521,164.3751,1630.352238,6.634163865,17.76595118,6.712500095,66.27500153,24.72500038,2.184806944,56.10227814,2.414722443,1.292294141,140.6807251,4759.808398,6,1.4850613560541885
CA_0004572,2010,663.02,903.74,540.01,3.778333235,414.4513489,-119.8812,51.3521,164.3751,1630.352238,6.634163865,17.76595118,6.712500095,66.27500153,24.72500038,2.184806944,56.46200027,2.39350009,1.273779175,140.1860596,4808.350391,6,1.459815012620123
CA_0004572,2011,604.12,882.98,520.89,3.778333235,398.8353577,-119.8812,51.3521,164.3751,1630.352238,6.634163865,17.76595118,6.712500095,66.27500153,24.72500038,2.184806944,57.60627899,2.416388988,1.252711646,137.7373932,4872.774219,6,1.4381946339006146
CA_0004572,2012,634.35,860.3,514.55,3.778333235,387.3880371,-119.8812,51.3521,164.3751,1630.352238,6.634163865,17.76595118,6.712500095,66.27500153,24.72500038,2.184806944,56.41472397,2.392333269,1.255247461,137.4636139,4891.200391,6,1.3984921897286662
CA_0004572,2013,651.62,863.16,515.75,3.778333235,390.1760315,-119.8812,51.3521,164.3751,1630.352238,6.634163865,17.76595118,6.712500095,66.27500153,24.72500038,2.184806944,53.20394592,2.290750027,1.2781875,136.9305023,4922.384375,6,1.4126201738975703
CA_0004712,1989,136.45,740.12,678.42,6.141666698,486.1499939,-119.1979,50.6979,21.1096,1030.92219,5.372879505,15.75528658,11.125,53.125,34.125,2.18742,65.90125046,1.984374881,1.942283325,147.6104218,3209.312451,6,1.8482762204628602
CA_0004712,1990,166.78,774.83,670.95,6.141666698,511.4849792,-119.1979,50.6979,21.1096,1030.92219,5.372879505,15.75528658,11.125,53.125,34.125,2.18742,66.68208542,2.020833254,1.899575,145.5975037,3256.458691,6,2.0503717049039514
CA_0004712,1991,151.62,751.01,670.69,6.141666698,510.9999939,-119.1979,50.6979,21.1096,1030.92219,5.372879505,15.75528658,11.125,53.125,34.125,2.18742,65.6291687,2.006875038,1.875025,145.3754181,3273.961523,6,2.1321588504372166
CA_0004712,1992,152.03,798.01,665.72,6.141666698,532.2550049,-119.1979,50.6979,21.1096,1030.92219,5.372879505,15.75528658,11.125,53.125,34.125,2.18742,66.52833557,1.928541541,1.888708325,144.4037506,3283.197803,6,2.2718065859945966
CA_0004712,1993,197.1,772.22,649.02,6.141666698,527.0250122,-119.1979,50.6979,21.1096,1030.92219,5.372879505,15.75528658,11.125,53.125,34.125,2.18742,67.28875275,1.8081249,1.897141675,143.3316681,3274.033887,6,2.423296471150031
CA_0004712,1994,181.94,780.13,661.13,6.141666698,513.9250122,-119.1979,50.6979,21.1096,1030.92219,5.372879505,15.75528658,11.125,53.125,34.125,2.18742,66.19958649,1.992916703,1.919175024,142.9708344,3289.290039,6,2.1170239643163518
CA_0004712,1995,181.94,797.29,662.32,6.141666698,503.1800171,-119.1979,50.6979,21.1096,1030.92219,5.372879505,15.75528658,11.125,53.125,34.125,2.18742,63.86500092,1.992291689,1.92568335,143.7545837,3341.850586,6,1.929245766664397
CA_0004712,1996,197.64,865.32,657.55,6.141666698,485.6950195,-119.1979,50.6979,21.1096,1030.92219,5.372879505,15.75528658,11.125,53.125,34.125,2.18742,67.01875076,1.983125091,1.94903335,143.6145844,3433.985205,6,1.6309913132746479
CA_0004712,1997,197.1,897.62,636.08,6.141666698,492.785022,-119.1979,50.6979,21.1096,1030.92219,5.372879505,15.75528658,11.125,53.125,34.125,2.18742,73.77708282,2.008541584,1.935141675,142.2200012,3565.658203,6,1.7230512628301167
CA_0004712,1998,166.78,927.09,661.32,6.141666698,483.0550171,-119.1979,50.6979,21.1096,1030.92219,5.372879505,15.75528658,11.125,53.125,34.125,2.18742,73.99583282,1.898541808,1.9106,143.2083344,3695.791895,6,1.5008718729316506
CA_0004712,1999,166.78,920.54,648.8,6.141666698,484.6250183,-119.1979,50.6979,21.1096,1030.92219,5.372879505,15.75528658,11.125,53.125,34.125,2.18742,74.49083252,2.055000067,1.908033325,142.7833344,3785.829395,6,1.5645786245389954
CA_0004712,2000,182.44,864.32,649.05,6.141666698,478.8600281,-119.1979,50.6979,21.1096,1030.92219,5.372879505,15.75528658,11.125,53.125,34.125,2.18742,73.73541641,1.961249948,1.930925,142.8545868,3864.901904,6,1.6083516008419994
CA_0004712,2001,136.45,791.68,663.27,6.141666698,486.3600281,-119.1979,50.6979,21.1096,1030.92219,5.372879505,15.75528658,11.125,53.125,34.125,2.18742,69.61166611,2.091874838,1.9312,143.1054199,3919.284473,6,1.7690320144545133
CA_0004712,2002,151.62,719.81,674.24,6.141666698,451.3700073,-119.1979,50.6979,21.1096,1030.92219,5.372879505,15.75528658,11.125,53.125,34.125,2.18742,63.48333435,2.010416508,1.931366675,144.7466705,3989.37168,6,1.600269334544797
CA_0004712,2003,136.45,684.9,670.32,6.141666698,424.7300049,-119.1979,50.6979,21.1096,1030.92219,5.372879505,15.75528658,11.125,53.125,34.125,2.18742,60.71625137,2.043749809,1.944541675,145.2312531,4066.098877,6,1.4843364524953757
CA_0004712,2004,121.62,710.72,678.0,6.141666698,442.1299988,-119.1979,50.6979,21.1096,1030.92219,5.372879505,15.75528658,11.125,53.125,34.125,2.18742,60.34458542,1.913125038,2.064675024,144.8766693,4139.989111,6,1.5379961506876096
CA_0004712,2005,121.29,733.84,686.74,6.141666698,449.4649963,-119.1979,50.6979,21.1096,1030.92219,5.372879505,15.75528658,11.125,53.125,34.125,2.18742,62.72375183,1.984791517,2.18368335,144.7608368,4224.052734,6,1.5192930075412205
CA_0004712,2006,136.45,761.72,687.08,6.141666698,446.669989,-119.1979,50.6979,21.1096,1030.92219,5.372879505,15.75528658,11.125,53.125,34.125,2.18742,62.03000183,2.023333073,2.34465,145.8662537,4314.442871,6,1.4432209181410607
CA_0004712,2007,121.29,771.53,693.66,6.141666698,450.7349976,-119.1979,50.6979,21.1096,1030.92219,5.372879505,15.75528658,11.125,53.125,34.125,2.18742,59.31875076,2.046250105,2.4919,145.0979187,4387.047754,6,1.4372670969260282
CA_0004712,2008,152.03,758.15,686.25,6.141666698,463.5650024,-119.1979,50.6979,21.1096,1030.92219,5.372879505,15.75528658,11.125,53.125,34.125,2.18742,60.37791672,2.034999847,2.64415835,144.6966644,4458.900879,6,1.5747520436258844
CA_0004712,2009,166.78,704.78,688.46,6.141666698,432.9850098,-119.1979,50.6979,21.1096,1030.92219,5.372879505,15.75528658,11.125,53.125,34.125,2.18742,61.04499893,2.068333149,2.713825,146.843335,4552.02168,6,1.458126604404294
CA_0004712,2010,151.62,695.13,681.08,6.141666698,434.325,-119.1979,50.6979,21.1096,1030.92219,5.372879505,15.75528658,11.125,53.125,34.125,2.18742,61.19666519,2.008541346,2.725775,145.9495789,4672.491113,6,1.506783726515572
CA_0004712,2011,166.78,664.4,664.79,6.141666698,421.9400024,-119.1979,50.6979,21.1096,1030.92219,5.372879505,15.75528658,11.125,53.125,34.125,2.18742,61.64333191,2.086249828,2.673091699,143.9766632,4796.581934,6,1.5256986881134786
CA_0004712,2012,182.44,659.52,654.87,6.141666698,426.0950012,-119.1979,50.6979,21.1096,1030.92219,5.372879505,15.75528658,11.125,53.125,34.125,2.18742,62.51833267,2.048541546,2.686225049,143.2962494,4863.668262,6,1.5996854195905807
CA_0004712,2013,181.94,670.62,654.29,6.141666698,442.6750061,-119.1979,50.6979,21.1096,1030.92219,5.372879505,15.75528658,11.125,53.125,34.125,2.18742,62.04708328,1.928750038,2.656425049,142.4975006,4919.726074,6,1.7203519142286723
CA_0004712,2014,181.94,702.98,644.02,6.141666698,451.6900085,-119.1979,50.6979,21.1096,1030.92219,5.372879505,15.75528658,11.125,53.125,34.125,2.18742,58.72624969,1.947499871,2.610175049,140.681665,4946.562695,6,1.7465816046675824
CA_0004947,1989,2373.96,842.47,430.35,1.145714319,337.9643066,-123.4521,50.8562,151.5831,2005.087071,5.459598459,32.09829102,9.041666985,66.10118866,7.428571224,1.607976529,38.72940521,2.297261953,0.753611121,133.2790482,0.135779974,6,1.3798502879411825
CA_0004947,1990,2772.54,928.11,423.41,1.145714319,335.5628784,-123.4521,50.8562,151.5831,2005.087071,5.459598459,32.09829102,9.041666985,66.10118866,7.428571224,1.607976529,38.14118958,2.386666775,0.760108362,130.9339294,0.140305099,6,1.3126535327033027
CA_0004947,1991,2919.27,914.33,416.71,1.145714319,336.1557312,-123.4521,50.8562,151.5831,2005.087071,5.459598459,32.09829102,9.041666985,66.10118866,7.428571224,1.607976529,38.4657135,2.305892706,0.732941675,131.3328613,0.155190545,6,1.3674587600717887
CA_0004947,1992,2986.56,943.52,415.44,1.145714319,346.6214478,-123.4521,50.8562,151.5831,2005.087071,5.459598459,32.09829102,9.041666985,66.10118866,7.428571224,1.607976529,40.55916519,2.284404516,0.701388904,130.4500031,0.182147098,6,1.4584477956987962
CA_0004947,1993,2984.97,923.0,414.17,1.145714319,341.9271606,-123.4521,50.8562,151.5831,2005.087071,5.459598459,32.09829102,9.041666985,66.10118866,7.428571224,1.607976529,42.55416565,2.133571386,0.689338892,130.2385742,0.217372397,6,1.435092824752825
CA_0004947,1994,3006.87,909.61,416.44,1.145714319,337.3943054,-123.4521,50.8562,151.5831,2005.087071,5.459598459,32.09829102,9.041666985,66.10118866,7.428571224,1.607976529,40.84571457,2.339880705,0.681586133,129.3051208,0.266327062,6,1.3857744626802495
CA_0004947,1995,2919.27,908.54,420.24,1.145714319,355.0971558,-123.4521,50.8562,151.5831,2005.087071,5.459598459,32.09829102,9.041666985,66.10118866,7.428571224,1.607976529,42.2722641,2.318452358,0.668633337,129.490715,0.326486918,6,1.5596586803719537
CA_0004947,1996,2802.1,947.04,422.02,1.145714319,349.755719,-123.4521,50.8562,151.5831,2005.087071,5.459598459,32.09829102,9.041666985,66.10118866,7.428571224,1.607976529,44.36012039,2.328214169,0.675402795,128.7898804,0.395518357,6,1.4433934982839713
CA_0004947,1997,2744.07,999.32,413.73,1.145714319,350.9985779,-123.4521,50.8562,151.5831,2005.087071,5.459598459,32.09829102,9.041666985,66.10118866,7.428571224,1.607976529,47.04226456,2.380714178,0.684997229,127.1927368,0.459771293,6,1.470226185343977
CA_0004947,1998,2912.7,1025.24,422.9,1.145714319,344.4485718,-123.4521,50.8562,151.5831,2005.087071,5.459598459,32.09829102,9.041666985,66.10118866,7.428571224,1.607976529,47.37131195,2.196309566,0.683583337,128.4946426,0.518019408,6,1.3193034197901372
CA_0004947,1999,2822.91,1061.5,412.33,1.145714319,335.7899902,-123.4521,50.8562,151.5831,2005.087071,5.459598459,32.09829102,9.041666985,66.10118866,7.428571224,1.607976529,48.41738281,2.404940367,0.690083313,128.7372635,0.578820717,6,1.275400586450339
CA_0004947,2000,2766.96,1020.87,405.92,1.145714319,326.4999878,-123.4521,50.8562,151.5831,2005.087071,5.459598459,32.09829102,9.041666985,66.10118866,7.428571224,1.607976529,47.4611908,2.258868933,0.701588867,128.4207153,0.640945876,6,1.2551200215631182
CA_0004947,2001,2748.45,992.29,406.01,1.145714319,334.055719,-123.4521,50.8562,151.5831,2005.087071,5.459598459,32.09829102,9.041666985,66.10118866,7.428571224,1.607976529,46.85821457,2.390892744,0.693066638,128.3421448,0.692408359,6,1.3461555882771636
CA_0004947,2002,2706.84,894.59,409.19,1.145714319,309.9442871,-123.4521,50.8562,151.5831,2005.087071,5.459598459,32.09829102,9.041666985,66.10118866,7.428571224,1.607976529,43.11904678,2.292321444,0.691255542,129.9797638,0.748920476,6,1.1935715083906282
CA_0004947,2003,2599.53,881.84,410.25,1.145714319,311.9042969,-123.4521,50.8562,151.5831,2005.087071,5.459598459,32.09829102,9.041666985,66.10118866,7.428571224,1.607976529,40.25368958,2.339166641,0.685180542,129.7567841,0.829762745,6,1.2142738088134757
CA_0004947,2004,2734.02,878.84,423.77,1.145714319,331.1214417,-123.4521,50.8562,151.5831,2005.087071,5.459598459,32.09829102,9.041666985,66.10118866,7.428571224,1.607976529,41.89499893,2.257737875,0.652044446,129.7373779,0.879785407,6,1.3149725117716793
CA_0004947,2005,2829.48,901.6,432.73,1.145714319,334.1100159,-123.4521,50.8562,151.5831,2005.087071,5.459598459,32.09829102,9.041666985,66.10118866,7.428571224,1.607976529,42.91631012,2.347023726,0.621788879,129.9929733,0.935715437,6,1.2774320821726153
CA_0004947,2006,2925.84,892.72,445.07,1.145714319,321.561438,-123.4521,50.8562,151.5831,2005.087071,5.459598459,32.09829102,9.041666985,66.10118866,7.428571224,1.607976529,41.11047745,2.362499952,0.597658325,131.9988068,0.981409967,6,1.144755498507163
CA_0004947,2007,2890.8,942.65,440.39,1.145714319,335.3885742,-123.4521,50.8562,151.5831,2005.087071,5.459598459,32.09829102,9.041666985,66.10118866,7.428571224,1.607976529,41.22131042,2.360297918,0.547591657,129.9351181,1.028444374,6,1.2214704233997271
CA_0004947,2008,2804.29,932.91,431.71,1.145714319,343.7999939,-123.4521,50.8562,151.5831,2005.087071,5.459598459,32.09829102,9.041666985,66.10118866,7.428571224,1.607976529,43.48404846,2.362678528,0.524274994,129.9916672,1.054429829,6,1.338844688875508
CA_0004947,2009,2855.76,890.35,433.01,1.145714319,328.8814209,-123.4521,50.8562,151.5831,2005.087071,5.459598459,32.09829102,9.041666985,66.10118866,7.428571224,1.607976529,40.49583359,2.353988171,0.52938609,131.8767838,1.096994925,6,1.2438296819566617
CA_0004947,2010,2781.3,879.73,428.85,1.145714319,319.9485657,-123.4521,50.8562,151.5831,2005.087071,5.459598459,32.09829102,9.041666985,66.10118866,7.428571224,1.607976529,39.81452408,2.360714197,0.503786108,131.8295212,1.10584321,6,1.2013600502899555
CA_0004947,2011,2682.75,888.71,413.31,1.145714319,325.4028503,-123.4521,50.8562,151.5831,2005.087071,5.459598459,32.09829102,9.041666985,66.10118866,7.428571224,1.607976529,41.54047623,2.388928652,0.479188886,128.8358276,1.123836899,6,1.308239019727033
CA_0004947,2012,2712.06,874.36,414.13,1.145714319,311.0799988,-123.4521,50.8562,151.5831,2005.087071,5.459598459,32.09829102,9.041666985,66.10118866,7.428571224,1.607976529,42.35999985,2.316904545,0.485363873,130.2227341,1.130212975,6,1.1974768909512548
CA_0004947,2013,2770.35,861.59,417.07,1.145714319,307.7200012,-123.4521,50.8562,151.5831,2005.087071,5.459598459,32.09829102,9.041666985,66.10118866,7.428571224,1.607976529,41.68440399,2.209642649,0.495377777,129.6433304,1.131988049,6,1.170863948163459
CA_0004993,1989,1450.57,1043.57,523.88,3.768083572,406.3124817,-121.8604,49.9562,714.5833,1510.352622,7.838630422,27.66872174,6.315625191,68.24531555,21.42204666,1.142453635,76.26378708,2.318809271,1.462584058,136.9210144,174.4946289,6,1.3264314502949688
CA_0004993,1990,1528.08,1129.08,515.8,3.768083572,417.9394897,-121.8604,49.9562,714.5833,1510.352622,7.838630422,27.66872174,6.315625191,68.24531555,21.42204666,1.142453635,77.19300766,2.32049799,1.462745728,134.0146729,178.2558777,6,1.3842820053647824
CA_0004993,1991,1560.41,1108.72,513.78,3.768083572,421.3488342,-121.8604,49.9562,714.5833,1510.352622,7.838630422,27.66872174,6.315625191,68.24531555,21.42204666,1.142453635,78.74645004,2.286374331,1.46743313,133.954245,178.1546722,6,1.4395935631318069
CA_0004993,1992,1566.46,1159.7,511.47,3.768083572,439.7337646,-121.8604,49.9562,714.5833,1510.352622,7.838630422,27.66872174,6.315625191,68.24531555,21.42204666,1.142453635,83.48406982,2.229664564,1.466745264,133.0208466,177.2184479,6,1.591171817101166
CA_0004993,1993,1482.9,1102.95,505.14,3.768083572,437.3942871,-121.8604,49.9562,714.5833,1510.352622,7.838630422,27.66872174,6.315625191,68.24531555,21.42204666,1.142453635,86.54772644,2.154924393,1.445162402,132.5383148,174.7596741,6,1.668865108504128
CA_0004993,1994,1439.05,1084.58,511.27,3.768083572,436.1145447,-121.8604,49.9562,714.5833,1510.352622,7.838630422,27.66872174,6.315625191,68.24531555,21.42204666,1.142453635,85.1561264,2.313690662,1.438851904,132.3274963,172.9083557,6,1.6245482203330983
CA_0004993,1995,1510.36,1081.72,516.65,3.768083572,447.1187073,-121.8604,49.9562,714.5833,1510.352622,7.838630422,27.66872174,6.315625191,68.24531555,21.42204666,1.142453635,85.74731903,2.396374464,1.436664063,133.4671021,176.2878906,6,1.7157059552651481
CA_0004993,1996,1473.64,1147.25,520.2,3.768083572,437.2007874,-121.8604,49.9562,714.5833,1510.352622,7.838630422,27.66872174,6.315625191,68.24531555,21.42204666,1.142453635,85.20582428,2.343939066,1.430159766,133.1519287,183.4425476,6,1.5159923799862114
CA_0004993,1997,1569.27,1212.37,507.63,3.768083572,432.22677,-121.8604,49.9562,714.5833,1510.352622,7.838630422,27.66872174,6.315625191,68.24531555,21.42204666,1.142453635,87.33188477,2.364447832,1.423165234,131.6115814,202.1628235,6,1.4958190977017338
CA_0004993,1998,1639.25,1260.22,523.43,3.768083572,424.597937,-121.8604,49.9562,714.5833,1510.352622,7.838630422,27.66872174,6.315625191,68.24531555,21.42204666,1.142453635,86.15694733,2.225259781,1.438014771,133.1135742,225.1889832,6,1.3116772021942913
CA_0004993,1999,1808.89,1300.62,509.26,3.768083572,419.1779297,-121.8604,49.9562,714.5833,1510.352622,7.838630422,27.66872174,6.315625191,68.24531555,21.42204666,1.142453635,88.21190186,2.393170834,1.425856445,132.6257385,239.393988,6,1.3144078619640402
CA_0004993,2000,1760.55,1248.55,503.75,3.768083572,412.4854675,-121.8604,49.9562,714.5833,1510.352622,7.838630422,27.66872174,6.315625191,68.24531555,21.42204666,1.142453635,87.92066803,2.279902697,1.422575977,132.3534668,247.1255035,6,1.31970785511278
CA_0004993,2001,1722.08,1184.74,506.22,3.768083572,427.9994995,-121.8604,49.9562,714.5833,1510.352622,7.838630422,27.66872174,6.315625191,68.24531555,21.42204666,1.142453635,88.39982758,2.392359257,1.423558862,132.344931,247.0384918,6,1.4845978155365438
CA_0004993,2002,1716.76,1074.85,513.15,3.768083572,405.253772,-121.8604,49.9562,714.5833,1510.352622,7.838630422,27.66872174,6.315625191,68.24531555,21.42204666,1.142453635,82.53800812,2.316320181,1.425554321,134.1403198,248.6324371,6,1.3387246957552317
CA_0004993,2003,1746.44,1058.42,513.93,3.768083572,398.7929993,-121.8604,49.9562,714.5833,1510.352622,7.838630422,27.66872174,6.315625191,68.24531555,21.42204666,1.142453635,79.19424438,2.373160124,1.422875269,134.0157043,259.5827667,6,1.300543128006322
CA_0004993,2004,1605.55,1062.11,528.28,3.768083572,413.058728,-121.8604,49.9562,714.5833,1510.352622,7.838630422,27.66872174,6.315625191,68.24531555,21.42204666,1.142453635,79.34773407,2.276720762,1.441825269,134.3007294,281.2379425,6,1.342794769690727
CA_0004993,2005,1604.7,1083.23,537.43,3.768083572,413.5449585,-121.8604,49.9562,714.5833,1510.352622,7.838630422,27.66872174,6.315625191,68.24531555,21.42204666,1.142453635,78.5985321,2.333809376,1.472475244,134.4966614,312.0875793,6,1.294160562364785
CA_0004993,2006,1646.78,1094.27,544.77,3.768083572,400.1649536,-121.8604,49.9562,714.5833,1510.352622,7.838630422,27.66872174,6.315625191,68.24531555,21.42204666,1.142453635,74.50530701,2.349783659,1.458946899,136.3994843,338.24599,6,1.1800082506041973
CA_0004993,2007,1627.74,1139.7,539.37,3.768083572,414.276123,-121.8604,49.9562,714.5833,1510.352622,7.838630422,27.66872174,6.315625191,68.24531555,21.42204666,1.142453635,76.05277557,2.290606022,1.42572998,134.4871033,352.7151978,6,1.2527059447819617
CA_0004993,2008,1602.88,1121.37,528.6,3.768083572,426.4696167,-121.8604,49.9562,714.5833,1510.352622,7.838630422,27.66872174,6.315625191,68.24531555,21.42204666,1.142453635,79.261586,2.315140486,1.406083545,134.3192932,354.3678345,6,1.396920386320994
CA_0004993,2009,1564.84,1073.06,528.05,3.768083572,409.1150635,-121.8604,49.9562,714.5833,1510.352622,7.838630422,27.66872174,6.315625191,68.24531555,21.42204666,1.142453635,77.16086884,2.345248938,1.416808545,136.3074524,356.5498657,6,1.3068932174785126
CA_0004993,2010,1624.19,1069.95,516.66,3.768083572,396.1911682,-121.8604,49.9562,714.5833,1510.352622,7.838630422,27.66872174,6.315625191,68.24531555,21.42204666,1.142453635,78.1102005,2.36033535,1.359854517,135.15401,365.7320374,6,1.2635528003650582
CA_0004993,2011,1668.93,1060.08,497.7,3.768083572,390.1488403,-121.8604,49.9562,714.5833,1510.352622,7.838630422,27.66872174,6.315625191,68.24531555,21.42204666,1.142453635,80.90086975,2.35717535,1.345658325,132.0760208,395.3514587,6,1.3030511275502863
CA_0004993,2012,1629.53,1050.54,497.66,3.768083572,378.9522278,-121.8604,49.9562,714.5833,1510.352622,7.838630422,27.66872174,6.315625191,68.24531555,21.42204666,1.142453635,82.58279572,2.3155303,1.348602148,132.3589188,425.7906006,6,1.2310701192053186
CA_0004993,2013,1651.21,1044.06,501.05,3.768083572,377.8782104,-121.8604,49.9562,714.5833,1510.352622,7.838630422,27.66872174,6.315625191,68.24531555,21.42204666,1.142453635,83.40203552,2.206926107,1.376361694,131.4892197,451.7996826,6,1.2163655484344682
CA_0004993,2014,1730.49,1071.61,497.89,3.768083572,380.118988,-121.8604,49.9562,714.5833,1510.352622,7.838630422,27.66872174,6.315625191,68.24531555,21.42204666,1.142453635,83.51437073,2.330508471,1.388499072,129.2473831,480.4893005,6,1.2237897630263113
CA_0004996,1993,1636.13865,944.3313333,555.3204468,4.129131158,472.9017944,-121.384491,49.36846161,621.4983,1202.135476,6.084996695,27.58530112,8.341666222,58.60555649,30.53650856,2.056629664,138.1501129,2.336486959,2.036761523,136.7669312,5068.202344,6,1.918744368666781
CA_0004996,1994,1525.849101,941.2173333,562.2140015,4.129131158,471.2995789,-121.384491,49.36846161,621.4983,1202.135476,6.084996695,27.58530112,8.341666222,58.60555649,30.53650856,2.056629664,136.6836838,2.335286999,2.02839248,136.875061,5050.942676,6,1.8491281725916697
CA_0004996,1995,1601.111326,937.1331111,565.743335,4.129131158,475.1922363,-121.384491,49.36846161,621.4983,1202.135476,6.084996695,27.58530112,8.341666222,58.60555649,30.53650856,2.056629664,135.7637009,2.341577768,2.04720769,138.2013245,5118.180273,6,1.878025975039111
CA_0004996,1996,1515.926472,985.6791111,565.7853271,4.129131158,464.1986816,-121.384491,49.36846161,621.4983,1202.135476,6.084996695,27.58530112,8.341666222,58.60555649,30.53650856,2.056629664,136.2482925,2.348987007,2.053762695,137.8771729,5301.64873,6,1.6782110703978288
CA_0004996,1997,1685.416069,1037.212444,548.5950928,4.129131158,457.6820007,-121.384491,49.36846161,621.4983,1202.135476,6.084996695,27.58530112,8.341666222,58.60555649,30.53650856,2.056629664,142.3223709,2.377966595,2.03292417,136.4581543,5547.270801,6,1.652481457754639
CA_0004996,1998,1706.642538,1085.509778,569.8173096,4.129131158,456.4651123,-121.384491,49.36846161,621.4983,1202.135476,6.084996695,27.58530112,8.341666222,58.60555649,30.53650856,2.056629664,139.9977036,2.393111134,2.038330884,137.8682617,5844.433594,6,1.4740607677970017
CA_0004996,1999,1851.39105,1105.240667,556.7195313,4.129131158,454.5346497,-121.384491,49.36846161,621.4983,1202.135476,6.084996695,27.58530112,8.341666222,58.60555649,30.53650856,2.056629664,143.554538,2.41497407,2.020794653,137.3073914,6091.740039,6,1.5038089016104523
CA_0004996,2000,1643.050154,1044.300889,556.5253174,4.129131158,451.8926514,-121.384491,49.36846161,621.4983,1202.135476,6.084996695,27.58530112,8.341666222,58.60555649,30.53650856,2.056629664,141.0370728,2.389498138,1.999344629,137.4940552,6264.604395,6,1.5423323426702966
CA_0004996,2001,1582.261801,986.84,563.7644287,4.129131158,466.2455322,-121.384491,49.36846161,621.4983,1202.135476,6.084996695,27.58530112,8.341666222,58.60555649,30.53650856,2.056629664,138.4139603,2.401248121,1.995576318,137.8742218,6298.699414,6,1.7103865941350942
CA_0004996,2002,1504.131397,895.8293333,576.3917725,4.129131158,445.0908813,-121.384491,49.36846161,621.4983,1202.135476,6.084996695,27.58530112,8.341666222,58.60555649,30.53650856,2.056629664,128.6744583,2.392655563,2.000493945,139.810257,6328.144141,6,1.569715649962065
CA_0004996,2003,1514.846998,872.6313333,579.0513428,4.129131158,431.539093,-121.384491,49.36846161,621.4983,1202.135476,6.084996695,27.58530112,8.341666222,58.60555649,30.53650856,2.056629664,124.3874802,2.426061058,1.997815112,140.1027802,6340.39707,6,1.4796605674638832
CA_0004996,2004,1444.073871,868.4577778,591.1511353,4.129131158,447.2059998,-121.384491,49.36846161,621.4983,1202.135476,6.084996695,27.58530112,8.341666222,58.60555649,30.53650856,2.056629664,123.4637955,2.397399902,2.002903687,140.2351318,6199.229688,6,1.565174203378226
CA_0004996,2005,1435.118459,886.0464444,598.5746826,4.129131158,448.2517761,-121.384491,49.36846161,621.4983,1202.135476,6.084996695,27.58530112,8.341666222,58.60555649,30.53650856,2.056629664,125.0834244,2.400820303,2.040065918,140.0239105,6096.136719,6,1.5182918735304671
CA_0004996,2006,1515.584141,921.266,602.1833496,4.129131158,437.6182251,-121.384491,49.36846161,621.4983,1202.135476,6.084996695,27.58530112,8.341666222,58.60555649,30.53650856,2.056629664,121.926442,2.394496202,2.021318677,141.3379669,6083.051563,6,1.3835736302645891
CA_0004996,2007,1501.026091,957.9266667,595.6342529,4.129131158,450.0726624,-121.384491,49.36846161,621.4983,1202.135476,6.084996695,27.58530112,8.341666222,58.60555649,30.53650856,2.056629664,122.7946274,2.389705467,1.958254932,139.5742462,6028.112109,6,1.4512464851792424
CA_0004996,2008,1546.979234,940.9035556,582.5197998,4.129131158,462.5173462,-121.384491,49.36846161,621.4983,1202.135476,6.084996695,27.58530112,8.341666222,58.60555649,30.53650856,2.056629664,125.6745361,2.376301765,1.894721118,139.2820587,5949.834961,6,1.6322318346993552
CA_0004996,2009,1478.858772,918.6966667,583.8864624,4.129131158,445.9122192,-121.384491,49.36846161,621.4983,1202.135476,6.084996695,27.58530112,8.341666222,58.60555649,30.53650856,2.056629664,124.3152039,2.387207365,1.89845498,141.2933167,5957.353711,6,1.513119052555967
CA_0004996,2010,1507.819993,934.0693333,570.2609131,4.129131158,438.4180054,-121.384491,49.36846161,621.4983,1202.135476,6.084996695,27.58530112,8.341666222,58.60555649,30.53650856,2.056629664,125.2680206,2.397372103,1.850622607,139.9331329,5981.599512,6,1.4897023525100785
CA_0004996,2011,1581.139403,905.036,551.2971436,4.129131158,427.9313477,-121.384491,49.36846161,621.4983,1202.135476,6.084996695,27.58530112,8.341666222,58.60555649,30.53650856,2.056629664,126.6209885,2.403527689,1.825976245,137.3812439,5991.778027,6,1.521766454038932
CA_0004996,2012,1623.478294,905.6911111,552.0897949,4.129131158,425.4573425,-121.384491,49.36846161,621.4983,1202.135476,6.084996695,27.58530112,8.341666222,58.60555649,30.53650856,2.056629664,127.993988,2.409590673,1.837116235,137.198407,6023.273047,6,1.4963600281629834
CA_0004996,2013,1595.050147,897.8035556,554.5826904,4.129131158,428.2417847,-121.384491,49.36846161,621.4983,1202.135476,6.084996695,27.58530112,8.341666222,58.60555649,30.53650856,2.056629664,128.0429108,2.388199997,1.895144189,136.1505707,6062.108301,6,1.5191359558382023
CA_0004996,2014,1685.111199,917.7297778,549.6482422,4.129131158,429.3093445,-121.384491,49.36846161,621.4983,1202.135476,6.084996695,27.58530112,8.341666222,58.60555649,30.53650856,2.056629664,125.6601135,2.388579655,1.917422534,133.9520935,6145.141016,6,1.5249140515037913
CA_0005014,2001,1519.91483,1355.298333,457.421698,3.695726651,396.1483398,-122.9488068,50.1202507,94.7748,1585.380956,7.720187313,29.95490099,8.941666603,67.68333435,19.75,1.255757821,78.03333435,2.243916655,1.772963013,130.0966629,10821.87363,6,1.3892100129210443
CA_0005014,2002,1444.576231,1226.388333,461.4866882,3.695726651,374.5983459,-122.9488068,50.1202507,94.7748,1585.380956,7.720187313,29.95490099,8.941666603,67.68333435,19.75,1.255757821,72.98638916,2.227847147,1.791005542,132.0747192,10968.93887,6,1.2443187386624532
CA_0005014,2003,1331.847723,1212.306667,461.4283386,3.695726651,371.1349976,-122.9488068,50.1202507,94.7748,1585.380956,7.720187313,29.95490099,8.941666603,67.68333435,19.75,1.255757821,69.82847366,2.250402689,1.775362012,131.6765228,11306.07813,6,1.2259400979975654
CA_0005014,2004,1184.951973,1196.165,476.6450012,3.695726651,385.9483276,-122.9488068,50.1202507,94.7748,1585.380956,7.720187313,29.95490099,8.941666603,67.68333435,19.75,1.255757821,70.32166824,2.22837491,1.782149072,132.1356903,11504.74531,6,1.276059360262572
CA_0005014,2005,1169.316702,1219.085,486.2733276,3.695726651,387.7016663,-122.9488068,50.1202507,94.7748,1585.380956,7.720187313,29.95490099,8.941666603,67.68333435,19.75,1.255757821,69.34388962,2.240694332,1.788010156,132.4222198,11985.45762,6,1.2326039073473303
CA_0005014,2006,1230.561336,1227.918333,495.2349854,3.695726651,374.456665,-122.9488068,50.1202507,94.7748,1585.380956,7.720187313,29.95490099,8.941666603,67.68333435,19.75,1.255757821,66.09305573,2.232069302,1.722393506,134.5856903,12416.30078,6,1.111585935284829
CA_0005014,2007,1263.217803,1290.188333,488.8483215,3.695726651,388.1866638,-122.9488068,50.1202507,94.7748,1585.380956,7.720187313,29.95490099,8.941666603,67.68333435,19.75,1.255757821,67.98000183,2.22912488,1.663412964,132.2197205,12952.37188,6,1.1889952179489853
CA_0005014,2008,1240.846173,1266.358333,480.3199951,3.695726651,401.4450073,-122.9488068,50.1202507,94.7748,1585.380956,7.720187313,29.95490099,8.941666603,67.68333435,19.75,1.255757821,71.83361282,2.220444345,1.607940723,132.1180542,13316.52578,6,1.3421651921444113
CA_0005014,2009,1229.12188,1228.73,478.6916748,3.695726651,389.3283386,-122.9488068,50.1202507,94.7748,1585.380956,7.720187313,29.95490099,8.941666603,67.68333435,19.75,1.255757821,69.80291824,2.235458279,1.585887012,133.9193024,13700.04473,6,1.273542822049292
CA_0005014,2010,1242.531409,1233.985,468.4850098,3.695726651,376.3600037,-122.9488068,50.1202507,94.7748,1585.380956,7.720187313,29.95490099,8.941666603,67.68333435,19.75,1.255757821,70.58958664,2.245499897,1.510530518,133.0098587,13777.5916,6,1.2210087863527324
CA_0005014,2011,1267.703779,1226.891667,450.5766785,3.695726651,375.6366638,-122.9488068,50.1202507,94.7748,1585.380956,7.720187313,29.95490099,8.941666603,67.68333435,19.75,1.255757821,73.24764252,2.24230547,1.527023096,129.656665,13997.05469,6,1.3102602683625344
CA_0005014,2012,1265.559131,1218.358333,451.6066895,3.695726651,361.575,-122.9488068,50.1202507,94.7748,1585.380956,7.720187313,29.95490099,8.941666603,67.68333435,19.75,1.255757821,74.70514221,2.248208237,1.526873071,130.3944427,13949.95313,6,1.1968651335187281
CA_0005070,1989,1592.81,1393.02,557.99,5.238141251,451.7672974,-121.6604,49.1021,641.299,1315.213484,6.695976979,30.50147961,10.45072079,53.11779022,33.56687927,1.149352383,132.8855606,2.440416574,1.917874072,140.8333527,3741.920166,6,1.2794259469060922
CA_0005070,1990,1692.27,1533.2,551.94,5.238141251,459.9110474,-121.6604,49.1021,641.299,1315.213484,6.695976979,30.50147961,10.45072079,53.11779022,33.56687927,1.149352383,134.7401443,2.535972118,1.912698242,137.6736816,3817.305615,6,1.2947404837301306
CA_0005070,1991,1733.02,1500.05,552.89,5.238141251,464.3108398,-121.6604,49.1021,641.299,1315.213484,6.695976979,30.50147961,10.45072079,53.11779022,33.56687927,1.149352383,135.8988419,2.419053793,1.906217065,137.6346741,3853.176318,6,1.3377384212767764
CA_0005070,1992,1736.31,1546.26,553.12,5.238141251,482.9293884,-121.6604,49.1021,641.299,1315.213484,6.695976979,30.50147961,10.45072079,53.11779022,33.56687927,1.149352383,140.8859924,2.405546904,1.916526709,136.8620697,3882.872168,6,1.4696761428143128
CA_0005070,1993,1649.58,1465.9,545.21,5.238141251,480.0785461,-121.6604,49.1021,641.299,1315.213484,6.695976979,30.50147961,10.45072079,53.11779022,33.56687927,1.149352383,144.3352264,2.306961775,1.905440405,136.1866699,3870.43335,6,1.5443112197638744
CA_0005070,1994,1561.76,1449.16,551.79,5.238141251,484.3243896,-121.6604,49.1021,641.299,1315.213484,6.695976979,30.50147961,10.45072079,53.11779022,33.56687927,1.149352383,143.5898926,2.457499743,1.892371509,136.3654602,3882.495313,6,1.549635802277752
CA_0005070,1995,1564.67,1404.75,556.35,5.238141251,492.1910583,-121.6604,49.1021,641.299,1315.213484,6.695976979,30.50147961,10.45072079,53.11779022,33.56687927,1.149352383,143.6858124,2.594548464,1.915605273,137.8109802,3934.82041,6,1.6297233635401087
CA_0005070,1996,1519.82,1470.84,556.68,5.238141251,481.8108459,-121.6604,49.1021,641.299,1315.213484,6.695976979,30.50147961,10.45072079,53.11779022,33.56687927,1.149352383,142.1841827,2.501900911,1.918600269,137.3573669,4045.525537,6,1.477737331779525
CA_0005070,1997,1737.39,1556.88,539.86,5.238141251,468.6837646,-121.6604,49.1021,641.299,1315.213484,6.695976979,30.50147961,10.45072079,53.11779022,33.56687927,1.149352383,144.7522552,2.551935673,1.903557959,135.6543793,4136.791162,6,1.4197890705689904
CA_0005070,1998,1768.44,1647.61,558.02,5.238141251,467.6145935,-121.6604,49.1021,641.299,1315.213484,6.695976979,30.50147961,10.45072079,53.11779022,33.56687927,1.149352383,140.8659882,2.386067629,1.917968457,137.2179047,4235.788477,6,1.2723729257071585
CA_0005070,1999,1984.34,1708.72,544.42,5.238141251,461.8729187,-121.6604,49.1021,641.299,1315.213484,6.695976979,30.50147961,10.45072079,53.11779022,33.56687927,1.149352383,143.4292694,2.579001665,1.906767163,136.4506256,4343.783398,6,1.2736805158821476
CA_0005070,2000,1879.34,1628.02,544.18,5.238141251,459.5895874,-121.6604,49.1021,641.299,1315.213484,6.695976979,30.50147961,10.45072079,53.11779022,33.56687927,1.149352383,142.686145,2.431553602,1.885652856,136.6582642,4430.151465,6,1.2894644246191658
CA_0005070,2001,1835.4,1557.98,551.9,5.238141251,476.8718872,-121.6604,49.1021,641.299,1315.213484,6.695976979,30.50147961,10.45072079,53.11779022,33.56687927,1.149352383,143.203418,2.529574633,1.886610498,137.0604004,4476.699512,6,1.4164222280854335
CA_0005070,2002,1627.26,1429.56,564.6,5.238141251,463.4231323,-121.6604,49.1021,641.299,1315.213484,6.695976979,30.50147961,10.45072079,53.11779022,33.56687927,1.149352383,135.176561,2.484375,1.892186816,139.1912506,4577.780859,6,1.3116580013020998
CA_0005070,2003,1668.98,1406.8,568.96,5.238141251,453.3475037,-121.6604,49.1021,641.299,1315.213484,6.695976979,30.50147961,10.45072079,53.11779022,33.56687927,1.149352383,133.2698959,2.53322053,1.891158618,139.264859,4730.590527,6,1.2401994020952056
CA_0005070,2004,1558.74,1363.83,582.21,5.238141251,467.20896,-121.6604,49.1021,641.299,1315.213484,6.695976979,30.50147961,10.45072079,53.11779022,33.56687927,1.149352383,133.1211136,2.442265511,1.898558301,139.6917358,4786.597656,6,1.2991272997970904
CA_0005070,2005,1540.41,1386.83,588.18,5.238141251,468.1833374,-121.6604,49.1021,641.299,1315.213484,6.695976979,30.50147961,10.45072079,53.11779022,33.56687927,1.149352383,132.8533188,2.422300339,1.937206152,139.4206421,4902.192969,6,1.2705181616115908
CA_0005070,2006,1593.3,1443.78,591.77,5.238141251,459.35,-121.6604,49.1021,641.299,1315.213484,6.695976979,30.50147961,10.45072079,53.11779022,33.56687927,1.149352383,128.579274,2.502126694,1.906406201,140.7785217,5025.897656,6,1.1810843519123648
CA_0005070,2007,1691.79,1505.18,582.98,5.238141251,468.42854,-121.6604,49.1021,641.299,1315.213484,6.695976979,30.50147961,10.45072079,53.11779022,33.56687927,1.149352383,131.9732849,2.440312386,1.860446362,138.5824127,5118.004004,6,1.2345305240877882
CA_0005070,2008,1679.39,1470.36,570.1,5.238141251,483.9158386,-121.6604,49.1021,641.299,1315.213484,6.695976979,30.50147961,10.45072079,53.11779022,33.56687927,1.149352383,135.9362183,2.44749999,1.798070068,138.1955719,5142.177539,6,1.416450190342171
CA_0005070,2009,1644.24,1470.04,570.28,5.238141251,472.7720947,-121.6604,49.1021,641.299,1315.213484,6.695976979,30.50147961,10.45072079,53.11779022,33.56687927,1.149352383,133.1045319,2.476406336,1.806574536,140.036319,5185.258301,6,1.3311332632361494
CA_0005070,2010,1666.56,1506.18,556.68,5.238141251,461.3966736,-121.6604,49.1021,641.299,1315.213484,6.695976979,30.50147961,10.45072079,53.11779022,33.56687927,1.149352383,134.5729004,2.533046961,1.750323535,138.551944,5184.364453,6,1.2956657343775644
CA_0005070,2011,1717.01,1463.16,536.73,5.238141251,449.1997986,-121.6604,49.1021,641.299,1315.213484,6.695976979,30.50147961,10.45072079,53.11779022,33.56687927,1.149352383,138.2546021,2.505399227,1.728741016,135.7072388,5185.602734,6,1.3224914667069765
CA_0005070,2012,1754.31,1480.33,538.32,5.238141251,441.8120911,-121.6604,49.1021,641.299,1315.213484,6.695976979,30.50147961,10.45072079,53.11779022,33.56687927,1.149352383,139.6661469,2.499366283,1.703390308,135.5171509,5177.971777,6,1.2542063532058088
CA_0005070,2013,1777.66,1460.47,540.59,5.238141251,440.5131348,-121.6604,49.1021,641.299,1315.213484,6.695976979,30.50147961,10.45072079,53.11779022,33.56687927,1.149352383,139.8242188,2.340893984,1.743834497,134.5273956,5191.561328,6,1.2447278933004315
CA_0005083,1989,3574.08,1776.34,554.74,6.640000248,458.1555664,-122.7937,49.4896,51.485,1020.736078,5.6722188,38.03881247,6.875,66.0,24.375,2.492202714,90.69425964,2.425000191,1.851487451,134.2101837,612.2458374,6,1.1800786538368944
CA_0005083,1990,3778.31,1963.36,551.12,6.640000248,471.8200134,-122.7937,49.4896,51.485,1020.736078,5.6722188,38.03881247,6.875,66.0,24.375,2.492202714,91.02296295,2.529907227,1.859049951,131.2237045,628.5020142,6,1.2278276491580076
CA_0005083,1991,3904.46,1918.04,551.83,6.640000248,477.7333557,-122.7937,49.4896,51.485,1020.736078,5.6722188,38.03881247,6.875,66.0,24.375,2.492202714,91.79907379,2.430833101,1.880002051,131.6800003,631.041333,6,1.2806829592945141
CA_0005083,1992,3848.9,1998.88,552.69,6.640000248,496.0911438,-122.7937,49.4896,51.485,1020.736078,5.6722188,38.03881247,6.875,66.0,24.375,2.492202714,95.05944366,2.440462828,1.897802051,131.1785202,630.884314,6,1.4060678350229678
CA_0005083,1993,3670.19,1896.29,546.79,6.640000248,491.6644775,-122.7937,49.4896,51.485,1020.736078,5.6722188,38.03881247,6.875,66.0,24.375,2.492202714,95.74185181,2.323426008,1.897833301,131.1596298,626.1179565,6,1.4444626897505795
CA_0005083,1994,3676.2,1850.64,552.18,6.640000248,491.0200195,-122.7937,49.4896,51.485,1020.736078,5.6722188,38.03881247,6.875,66.0,24.375,2.492202714,94.74000092,2.482037306,1.8828875,130.9355576,621.3752075,6,1.4148025757053684
CA_0005083,1995,3940.5,1798.33,559.57,6.640000248,502.9977905,-122.7937,49.4896,51.485,1020.736078,5.6722188,38.03881247,6.875,66.0,24.375,2.492202714,95.79777985,2.624351978,1.89993125,132.1414825,635.8430542,6,1.5006342803723072
CA_0005083,1996,3848.9,1899.79,561.05,6.640000248,488.8066711,-122.7937,49.4896,51.485,1020.736078,5.6722188,38.03881247,6.875,66.0,24.375,2.492202714,94.07389069,2.549259424,1.881835425,131.5298126,659.4620117,6,1.320812481613575
CA_0005083,1997,4300.91,2020.91,546.4,6.640000248,480.1533142,-122.7937,49.4896,51.485,1020.736078,5.6722188,38.03881247,6.875,66.0,24.375,2.492202714,95.88277893,2.575555563,1.87268125,129.3999969,725.6570435,6,1.2991377106678983
CA_0005083,1998,4433.06,2113.94,564.86,6.640000248,480.6844299,-122.7937,49.4896,51.485,1020.736078,5.6722188,38.03881247,6.875,66.0,24.375,2.492202714,94.23944397,2.4435184,1.86568125,131.0918518,803.2300537,6,1.1820273025912202
CA_0005083,1999,4853.54,2232.21,555.7,6.640000248,479.7244385,-122.7937,49.4896,51.485,1020.736078,5.6722188,38.03881247,6.875,66.0,24.375,2.492202714,95.43240662,2.587037086,1.84994375,130.4196304,882.8668701,6,1.189908198828352
CA_0005083,2000,4571.7,2139.72,549.38,6.640000248,475.0355591,-122.7937,49.4896,51.485,1020.736078,5.6722188,38.03881247,6.875,66.0,24.375,2.492202714,96.19055328,2.443518639,1.821960425,130.0096329,939.1447266,6,1.2114246915512255
CA_0005083,2001,4547.19,2062.87,553.47,6.640000248,497.9644531,-122.7937,49.4896,51.485,1020.736078,5.6722188,38.03881247,6.875,66.0,24.375,2.492202714,98.0570343,2.563518286,1.822418726,129.9718552,951.1684326,6,1.3971636590422196
CA_0005083,2002,4366.99,1871.53,563.63,6.640000248,481.9822388,-122.7937,49.4896,51.485,1020.736078,5.6722188,38.03881247,6.875,66.0,24.375,2.492202714,93.26203308,2.484074116,1.826114575,132.1648178,919.4163086,6,1.2654489619434048
CA_0005083,2003,4379.0,1864.31,565.14,6.640000248,474.1289001,-122.7937,49.4896,51.485,1020.736078,5.6722188,38.03881247,6.875,66.0,24.375,2.492202714,91.927034,2.534444332,1.842239575,131.6924088,919.1071533,6,1.2083997100426234
CA_0005083,2004,3969.36,1806.95,579.68,6.640000248,484.2911316,-122.7937,49.4896,51.485,1020.736078,5.6722188,38.03881247,6.875,66.0,24.375,2.492202714,92.22444153,2.441481352,1.847297876,132.4207428,946.1941162,6,1.2289885541920997
CA_0005083,2005,3922.48,1847.51,587.11,6.640000248,488.395575,-122.7937,49.4896,51.485,1020.736078,5.6722188,38.03881247,6.875,66.0,24.375,2.492202714,90.98944244,2.455555439,1.854752051,132.6205536,1005.830371,6,1.2105648872633883
CA_0005083,2006,3958.52,1875.94,594.09,6.640000248,475.1644531,-122.7937,49.4896,51.485,1020.736078,5.6722188,38.03881247,6.875,66.0,24.375,2.492202714,88.33759155,2.531203747,1.7953854,134.6824066,1094.097314,6,1.1061817306514643
CA_0005083,2007,3988.55,1978.21,582.26,6.640000248,485.4177917,-122.7937,49.4896,51.485,1020.736078,5.6722188,38.03881247,6.875,66.0,24.375,2.492202714,91.77703705,2.438611031,1.69939375,131.9988861,1152.902588,6,1.173688926942937
CA_0005083,2008,3963.34,1922.91,567.94,6.640000248,499.0711304,-122.7937,49.4896,51.485,1020.736078,5.6722188,38.03881247,6.875,66.0,24.375,2.492202714,94.93888855,2.441203356,1.598452075,131.7385132,1174.687183,6,1.3553391200848441
CA_0005083,2009,3928.48,1905.62,563.94,6.640000248,482.7466797,-122.7937,49.4896,51.485,1020.736078,5.6722188,38.03881247,6.875,66.0,24.375,2.492202714,92.30796356,2.496944427,1.594581274,133.4090729,1192.212769,6,1.2583518673563348
CA_0005083,2010,4078.66,1925.01,556.57,6.640000248,470.7689026,-122.7937,49.4896,51.485,1020.736078,5.6722188,38.03881247,6.875,66.0,24.375,2.492202714,92.62796326,2.616018534,1.542385425,132.2022247,1245.00354,6,1.2063401679587564
CA_0005083,2011,4186.78,1906.31,533.18,6.640000248,462.8755737,-122.7937,49.4896,51.485,1020.736078,5.6722188,38.03881247,6.875,66.0,24.375,2.492202714,94.00759277,2.495277882,1.52338335,128.7103729,1339.342798,6,1.2737239920584107
CA_0005083,2012,4071.76,1905.7,536.08,6.640000248,448.995575,-122.7937,49.4896,51.485,1020.736078,5.6722188,38.03881247,6.875,66.0,24.375,2.492202714,93.01018524,2.514814854,1.533639575,129.2296326,1450.218481,6,1.1626241314492325
CA_0005086,1989,3550.52,1540.63,555.0,4.477778053,448.4454224,-122.3229,49.5562,286.8704,1248.980024,6.960456795,35.5050088,6.877315044,68.08333588,20.61342621,1.798912709,89.69586945,2.160171986,1.476274268,135.3535004,961.3990967,6,1.2038099721060673
CA_0005086,1990,3578.79,1685.87,549.68,4.477778053,463.0013,-122.3229,49.5562,286.8704,1248.980024,6.960456795,35.5050088,6.877315044,68.08333588,20.61342621,1.798912709,90.33343658,2.215423346,1.48016228,132.3238968,977.2268799,6,1.264644664964372
CA_0005086,1991,3480.92,1648.65,549.58,4.477778053,469.5981201,-122.3229,49.5562,286.8704,1248.980024,6.960456795,35.5050088,6.877315044,68.08333588,20.61342621,1.798912709,91.39438629,2.148624182,1.481674658,132.4970718,976.9501709,6,1.3284855548916874
CA_0005086,1992,3456.66,1708.06,549.61,4.477778053,486.43526,-122.3229,49.5562,286.8704,1248.980024,6.960456795,35.5050088,6.877315044,68.08333588,20.61342621,1.798912709,94.36290741,2.129669189,1.479240381,131.8201126,968.702771,6,1.448577344654899
CA_0005086,1993,3230.81,1615.78,543.76,4.477778053,484.2241516,-122.3229,49.5562,286.8704,1248.980024,6.960456795,35.5050088,6.877315044,68.08333588,20.61342621,1.798912709,95.99549713,2.042407274,1.475585034,131.6317032,951.326355,6,1.5150193884430143
CA_0005086,1994,3166.65,1574.79,549.51,4.477778053,483.1784424,-122.3229,49.5562,286.8704,1248.980024,6.960456795,35.5050088,6.877315044,68.08333588,20.61342621,1.798912709,94.81732483,2.186230421,1.468349048,131.4519089,941.5739502,6,1.4820984942353692
CA_0005086,1995,3374.35,1542.36,556.03,4.477778053,493.2819214,-122.3229,49.5562,286.8704,1248.980024,6.960456795,35.5050088,6.877315044,68.08333588,20.61342621,1.798912709,95.26795807,2.313267231,1.485755078,132.6872498,943.211792,6,1.55495283267881
CA_0005086,1996,3419.58,1634.98,559.03,4.477778053,480.342865,-122.3229,49.5562,286.8704,1248.980024,6.960456795,35.5050088,6.877315044,68.08333588,20.61342621,1.798912709,93.60470734,2.248399734,1.48825,132.2385468,972.4375366,6,1.3673670145235808
CA_0005086,1997,3660.35,1743.77,545.62,4.477778053,474.2035034,-122.3229,49.5562,286.8704,1248.980024,6.960456795,35.5050088,6.877315044,68.08333588,20.61342621,1.798912709,96.00983734,2.265462875,1.480626294,130.3896545,978.2302612,6,1.349614302698193
CA_0005086,1998,3895.24,1823.44,563.07,4.477778053,471.2203186,-122.3229,49.5562,286.8704,1248.980024,6.960456795,35.5050088,6.877315044,68.08333588,20.61342621,1.798912709,94.08894196,2.130899429,1.493211328,132.0282227,973.2531982,6,1.2116237619459767
CA_0005086,1999,4158.4,1913.67,552.42,4.477778053,470.1349121,-122.3229,49.5562,286.8704,1248.980024,6.960456795,35.5050088,6.877315044,68.08333588,20.61342621,1.798912709,95.78119049,2.278227568,1.465898315,131.3649963,935.7793213,6,1.2246155630457174
CA_0005086,2000,3441.39,1839.28,546.63,4.477778053,466.2850647,-122.3229,49.5562,286.8704,1248.980024,6.960456795,35.5050088,6.877315044,68.08333588,20.61342621,1.798912709,96.69513397,2.155793667,1.444230933,131.0356079,892.556958,6,1.249123959615535
CA_0005086,2001,3138.38,1760.72,549.68,4.477778053,488.0193665,-122.3229,49.5562,286.8704,1248.980024,6.960456795,35.5050088,6.877315044,68.08333588,20.61342621,1.798912709,97.95545044,2.270833015,1.432919336,131.0047882,817.521814,6,1.4404652789398456
CA_0005086,2002,2920.89,1597.36,558.2,4.477778053,469.4273071,-122.3229,49.5562,286.8704,1248.980024,6.960456795,35.5050088,6.877315044,68.08333588,20.61342621,1.798912709,92.60907593,2.197711468,1.436965698,132.9968536,798.7681885,6,1.3049346373726998
CA_0005086,2003,2904.57,1583.9,558.85,4.477778053,461.6504883,-122.3229,49.5562,286.8704,1248.980024,6.960456795,35.5050088,6.877315044,68.08333588,20.61342621,1.798912709,90.95293884,2.246283054,1.437846997,132.6372803,810.2847046,6,1.2541005763330357
CA_0005086,2004,2700.99,1556.39,572.58,4.477778053,471.8193726,-122.3229,49.5562,286.8704,1248.980024,6.960456795,35.5050088,6.877315044,68.08333588,20.61342621,1.798912709,91.28619385,2.154709101,1.455290698,133.2080719,789.4320313,6,1.2741240025726575
CA_0005086,2005,3179.7,1590.5,580.24,4.477778053,475.0241394,-122.3229,49.5562,286.8704,1248.980024,6.960456795,35.5050088,6.877315044,68.08333588,20.61342621,1.798912709,90.0284668,2.18464303,1.46547373,133.3997406,772.8177979,6,1.2488544820917584
CA_0005086,2006,3545.08,1612.33,586.7,4.477778053,459.4514343,-122.3229,49.5562,286.8704,1248.980024,6.960456795,35.5050088,6.877315044,68.08333588,20.61342621,1.798912709,87.17047729,2.233478785,1.429261035,135.4083374,749.4202148,6,1.1313598777358882
CA_0005086,2007,3749.52,1692.36,577.7,4.477778053,471.0279297,-122.3229,49.5562,286.8704,1248.980024,6.960456795,35.5050088,6.877315044,68.08333588,20.61342621,1.798912709,89.97867889,2.151865005,1.360818359,133.0642624,699.2467896,6,1.1959667847576978
CA_0005086,2008,3978.97,1653.16,565.3,4.477778053,485.942865,-122.3229,49.5562,286.8704,1248.980024,6.960456795,35.5050088,6.877315044,68.08333588,20.61342621,1.798912709,92.91687775,2.170409918,1.293164063,132.8313461,642.9727539,6,1.3691350656111572
CA_0005086,2009,3952.87,1616.85,562.69,4.477778053,469.3193726,-122.3229,49.5562,286.8704,1248.980024,6.960456795,35.5050088,6.877315044,68.08333588,20.61342621,1.798912709,90.31034241,2.214550018,1.291433032,134.656694,641.8467285,6,1.275094998405724
CA_0005086,2010,4097.51,1625.85,553.49,4.477778053,455.6692139,-122.3229,49.5562,286.8704,1248.980024,6.960456795,35.5050088,6.877315044,68.08333588,20.61342621,1.798912709,90.88687897,2.28619051,1.243137012,133.4062668,644.3409058,6,1.2215096903774543
CA_0005086,2011,4125.78,1610.4,532.62,4.477778053,449.6654053,-122.3229,49.5562,286.8704,1248.980024,6.960456795,35.5050088,6.877315044,68.08333588,20.61342621,1.798912709,92.6818222,2.212830782,1.216835986,130.0247849,676.2809326,6,1.2813446825625179
CA_0005163,1989,849.38,976.39,470.41,-0.877222371,414.756427,-116.9688,51.4812,582.3383,1967.547225,7.953328608,24.75013022,15.030303,49.04419327,23.12147903,1.762297027,25.36075096,2.814766645,0.93277334,143.0578552,146.3284119,6,1.8404834277013713
CA_0005163,1990,907.4,1011.02,465.63,-0.877222371,417.6520386,-116.9688,51.4812,582.3383,1967.547225,7.953328608,24.75013022,15.030303,49.04419327,23.12147903,1.762297027,24.76405067,2.915274382,0.940478626,141.5683563,148.8989868,6,1.89905628056112
CA_0005163,1991,931.57,992.53,463.58,-0.877222371,415.8836365,-116.9688,51.4812,582.3383,1967.547225,7.953328608,24.75013022,15.030303,49.04419327,23.12147903,1.762297027,23.19661674,2.898841143,0.941881128,141.7637238,149.6295563,6,1.9202303003071386
CA_0005163,1992,943.28,1031.84,455.35,-0.877222371,406.6986267,-116.9688,51.4812,582.3383,1967.547225,7.953328608,24.75013022,15.030303,49.04419327,23.12147903,1.762297027,23.43191643,2.78479147,0.941860291,140.743454,149.7607697,6,1.8117175438782547
CA_0005163,1993,913.85,1032.48,443.56,-0.877222371,396.1508301,-116.9688,51.4812,582.3383,1967.547225,7.953328608,24.75013022,15.030303,49.04419327,23.12147903,1.762297027,24.57506561,2.729591131,0.943290283,139.6575348,148.6147797,6,1.7781099612367972
CA_0005163,1994,919.76,1033.49,453.66,-0.877222371,399.8540283,-116.9688,51.4812,582.3383,1967.547225,7.953328608,24.75013022,15.030303,49.04419327,23.12147903,1.762297027,24.50854874,2.876258135,0.9411703,139.6710693,148.7465149,6,1.7203276678101156
CA_0005163,1995,880.54,1043.03,449.98,-0.877222371,407.0424133,-116.9688,51.4812,582.3383,1967.547225,7.953328608,24.75013022,15.030303,49.04419327,23.12147903,1.762297027,24.91486549,2.746358395,0.938913892,140.2522339,150.941391,6,1.8745465319095294
CA_0005163,1996,893.18,1110.26,447.12,-0.877222371,393.9370178,-116.9688,51.4812,582.3383,1967.547225,7.953328608,24.75013022,15.030303,49.04419327,23.12147903,1.762297027,25.86096535,2.920733452,0.933868335,140.5646332,155.6183411,6,1.6239320114430555
CA_0005163,1997,786.52,1129.56,440.31,-0.877222371,393.9436157,-116.9688,51.4812,582.3383,1967.547225,7.953328608,24.75013022,15.030303,49.04419327,23.12147903,1.762297027,26.82279892,2.925107956,0.930321106,140.3932343,164.4199951,6,1.6795810297938918
CA_0005163,1998,670.48,1161.03,455.03,-0.877222371,392.2620117,-116.9688,51.4812,582.3383,1967.547225,7.953328608,24.75013022,15.030303,49.04419327,23.12147903,1.762297027,26.23195,2.672216892,0.930786658,141.1265503,178.6099884,6,1.4903210619281497
CA_0005163,1999,682.83,1148.42,439.32,-0.877222371,382.8074097,-116.9688,51.4812,582.3383,1967.547225,7.953328608,24.75013022,15.030303,49.04419327,23.12147903,1.762297027,26.15186653,2.909758091,0.929504993,140.7621674,187.9405975,6,1.5181856014933885
CA_0005163,2000,689.01,1100.53,438.16,-0.877222371,372.9580261,-116.9688,51.4812,582.3383,1967.547225,7.953328608,24.75013022,15.030303,49.04419327,23.12147903,1.762297027,25.61508293,2.851408005,0.924009155,141.2126862,194.755127,6,1.44974792966464
CA_0005163,2001,611.92,993.07,447.49,-0.877222371,375.4420227,-116.9688,51.4812,582.3383,1967.547225,7.953328608,24.75013022,15.030303,49.04419327,23.12147903,1.762297027,25.09341698,2.979341507,0.932541931,141.8432037,205.7918182,6,1.5026336632739195
CA_0005163,2002,722.59,932.1,448.05,-0.877222371,361.2928284,-116.9688,51.4812,582.3383,1967.547225,7.953328608,24.75013022,15.030303,49.04419327,23.12147903,1.762297027,23.13668327,2.917507887,0.939676953,142.3495697,219.2417297,6,1.4126298914763127
CA_0005163,2003,888.06,907.85,443.65,-0.877222371,351.6920349,-116.9688,51.4812,582.3383,1967.547225,7.953328608,24.75013022,15.030303,49.04419327,23.12147903,1.762297027,22.39000015,2.897700548,0.940453064,143.1172058,237.6715759,6,1.3704424202601624
CA_0005163,2004,883.49,918.43,443.35,-0.877222371,357.8538391,-116.9688,51.4812,582.3383,1967.547225,7.953328608,24.75013022,15.030303,49.04419327,23.12147903,1.762297027,23.14961662,2.80585885,0.93457583,141.9839539,257.3557831,6,1.419916331278748
CA_0005163,2005,884.83,947.49,448.87,-0.877222371,366.7566345,-116.9688,51.4812,582.3383,1967.547225,7.953328608,24.75013022,15.030303,49.04419327,23.12147903,1.762297027,23.78730011,2.822957993,0.941522791,141.4544342,278.3003357,6,1.446393189417436
CA_0005163,2006,830.04,986.58,454.47,-0.877222371,382.7926331,-116.9688,51.4812,582.3383,1967.547225,7.953328608,24.75013022,15.030303,49.04419327,23.12147903,1.762297027,24.47694969,2.765633345,0.943829456,141.5634644,296.1905884,6,1.541214205276373
CA_0005163,2007,841.86,1014.96,463.53,-0.877222371,390.8250183,-116.9688,51.4812,582.3383,1967.547225,7.953328608,24.75013022,15.030303,49.04419327,23.12147903,1.762297027,25.87658272,2.828300238,0.942329163,141.3660461,312.8824829,6,1.5369732699341223
CA_0005163,2008,836.08,987.77,456.77,-0.877222371,390.3714172,-116.9688,51.4812,582.3383,1967.547225,7.953328608,24.75013022,15.030303,49.04419327,23.12147903,1.762297027,25.90039902,2.847141027,0.948557776,140.8414124,321.7275085,6,1.6126455105471555
CA_0005163,2009,801.56,949.22,468.55,-0.877222371,384.5556091,-116.9688,51.4812,582.3383,1967.547225,7.953328608,24.75013022,15.030303,49.04419327,23.12147903,1.762297027,23.73681602,2.857966661,0.975788892,143.3567627,323.6782654,6,1.5036987228557295
CA_0005163,2010,759.12,908.78,461.61,-0.877222371,375.5286011,-116.9688,51.4812,582.3383,1967.547225,7.953328608,24.75013022,15.030303,49.04419327,23.12147903,1.762297027,22.44426575,2.736266375,0.976960547,143.0012329,316.6822021,6,1.4984099578808197
CA_0005163,2011,835.41,886.85,451.16,-0.877222371,357.9200012,-116.9688,51.4812,582.3383,1967.547225,7.953328608,24.75013022,15.030303,49.04419327,23.12147903,1.762297027,22.14394875,2.883433342,0.962011108,141.9918854,307.0699646,6,1.40928700574857
CA_0005163,2012,863.02,873.34,445.21,-0.877222371,344.0808105,-116.9688,51.4812,582.3383,1967.547225,7.953328608,24.75013022,15.030303,49.04419327,23.12147903,1.762297027,20.8030323,2.825774908,0.937949158,141.2025879,294.8447083,6,1.3290612682888643
CA_0005163,2013,853.67,863.52,444.81,-0.877222371,339.2214111,-116.9688,51.4812,582.3383,1967.547225,7.953328608,24.75013022,15.030303,49.04419327,23.12147903,1.762297027,19.25301571,2.82596612,0.943154712,140.8021698,280.7022461,6,1.2997466350092046
CA_0005163,2014,891.28,901.31,445.36,-0.877222371,341.2860168,-116.9688,51.4812,582.3383,1967.547225,7.953328608,24.75013022,15.030303,49.04419327,23.12147903,1.762297027,19.83001575,2.755691767,0.929978601,139.4126709,273.4533691,6,1.2795437764855853
CA_0005163,2015,934.26,905.15,465.31,-0.877222371,352.7524231,-116.9688,51.4812,582.3383,1967.547225,7.953328608,24.75013022,15.030303,49.04419327,23.12147903,1.762297027,20.84593296,2.816549778,0.944618604,140.3559052,276.6525757,6,1.2818369071264446
CA_0005164,1989,1460.0,1448.24,438.2,0.446666673,404.0755676,-117.7479,51.6146,133.5841,2140.050663,9.409930115,25.88180844,14.45833302,47.25,15.33333302,1.524716787,34.92999802,2.573611259,1.1374,142.1432404,846.0589111,6,1.634578196343707
CA_0005164,1990,1492.7,1498.53,431.58,0.446666673,406.2177856,-117.7479,51.6146,133.5841,2140.050663,9.409930115,25.88180844,14.45833302,47.25,15.33333302,1.524716787,34.49388809,2.641388893,1.142644434,140.6724976,850.8225342,6,1.7568309845658772
CA_0005164,1991,1469.34,1462.03,428.09,0.446666673,407.1733276,-117.7479,51.6146,133.5841,2140.050663,9.409930115,25.88180844,14.45833302,47.25,15.33333302,1.524716787,33.15138893,2.639166594,1.137355518,140.6907379,836.9830322,6,1.883365800056454
CA_0005164,1992,1543.64,1520.45,422.3,0.446666673,397.705542,-117.7479,51.6146,133.5841,2140.050663,9.409930115,25.88180844,14.45833302,47.25,15.33333302,1.524716787,32.94055557,2.557916641,1.129319434,139.9411102,817.5269897,6,1.7282326681468403
CA_0005164,1993,1658.56,1480.08,415.17,0.446666673,390.6644348,-117.7479,51.6146,133.5841,2140.050663,9.409930115,25.88180844,14.45833302,47.25,15.33333302,1.524716787,33.56777802,2.4457407,1.109802759,139.2106476,786.9903076,6,1.7295751249468398
CA_0005164,1994,1752.0,1490.57,425.36,0.446666673,392.2355469,-117.7479,51.6146,133.5841,2140.050663,9.409930115,25.88180844,14.45833302,47.25,15.33333302,1.524716787,33.53148193,2.606064796,1.110569434,138.8970367,768.2263062,6,1.584648665537633
CA_0005164,1995,1445.98,1525.42,423.78,0.446666673,400.3655457,-117.7479,51.6146,133.5841,2140.050663,9.409930115,25.88180844,14.45833302,47.25,15.33333302,1.524716787,34.3506485,2.541342735,1.105255566,139.4260223,770.62771,6,1.758724139558883
CA_0005165,1989,1112.21,1425.45,456.91,0.544999945,415.7229736,-117.7188,51.6771,422.3233,2043.569646,8.312698949,29.19819308,14.31018543,47.67592621,19.9738903,0.691173074,34.60506134,2.465710163,0.825594678,142.7758667,633.4115479,6,1.5958950024016427
CA_0005165,1990,1135.0,1475.94,450.16,0.544999945,418.9022339,-117.7188,51.6771,422.3233,2043.569646,8.312698949,29.19819308,14.31018543,47.67592621,19.9738903,0.691173074,34.3323143,2.534382582,0.824750769,141.3008698,637.7334473,6,1.7113150534285153
CA_0005165,1991,1149.7,1439.14,446.98,0.544999945,419.5670593,-117.7188,51.6771,422.3233,2043.569646,8.312698949,29.19819308,14.31018543,47.67592621,19.9738903,0.691173074,33.19824066,2.532005787,0.815093213,141.3279388,628.1289551,6,1.8057024200082736
CA_0005165,1992,1156.54,1496.86,441.68,0.544999945,411.9448303,-117.7188,51.6771,422.3233,2043.569646,8.312698949,29.19819308,14.31018543,47.67592621,19.9738903,0.691173074,33.20669708,2.449475288,0.799981848,140.5791443,614.4078735,6,1.699044634157283
CA_0005165,1993,1298.2,1457.43,433.13,0.544999945,404.3118774,-117.7188,51.6771,422.3233,2043.569646,8.312698949,29.19819308,14.31018543,47.67592621,19.9738903,0.691173074,33.86642075,2.337746859,0.780718213,139.8451263,592.5883301,6,1.712709604762028
CA_0005165,1994,1279.08,1467.33,443.5,0.544999945,406.2118774,-117.7188,51.6771,422.3233,2043.569646,8.312698949,29.19819308,14.31018543,47.67592621,19.9738903,0.691173074,33.80558701,2.498641729,0.775300794,139.5369781,579.0739014,6,1.5876637464091294
CA_0005165,1995,1223.95,1502.11,441.7,0.544999945,414.057428,-117.7188,51.6771,422.3233,2043.569646,8.312698949,29.19819308,14.31018543,47.67592621,19.9738903,0.691173074,34.47737808,2.432577133,0.774368225,140.0700623,581.631897,6,1.73931565287361
CA_0005165,1996,1207.4,1621.16,438.65,0.544999945,401.4359558,-117.7188,51.6771,422.3233,2043.569646,8.312698949,29.19819308,14.31018543,47.67592621,19.9738903,0.691173074,35.28435364,2.548688173,0.775155359,140.2153717,609.7809082,6,1.494818093460419
CA_0005165,1997,1266.59,1666.16,428.54,0.544999945,397.027063,-117.7188,51.6771,422.3233,2043.569646,8.312698949,29.19819308,14.31018543,47.67592621,19.9738903,0.691173074,36.08210068,2.524969101,0.784122058,139.1953094,668.7502075,6,1.5349752635247698
CA_0005165,1998,1212.19,1735.27,443.37,0.544999945,398.6737244,-117.7188,51.6771,422.3233,2043.569646,8.312698949,29.19819308,14.31018543,47.67592621,19.9738903,0.691173074,35.17876587,2.375524759,0.802853113,140.0263,734.7796143,6,1.362555454786939
CA_0005165,1999,1250.41,1718.66,425.1,0.544999945,387.8837158,-117.7188,51.6771,422.3233,2043.569646,8.312698949,29.19819308,14.31018543,47.67592621,19.9738903,0.691173074,34.97561722,2.536635876,0.798038709,139.4987061,778.3050903,6,1.4153476478238174
CA_0005165,2000,1281.85,1635.96,419.82,0.544999945,378.7144592,-117.7188,51.6771,422.3233,2043.569646,8.312698949,29.19819308,14.31018543,47.67592621,19.9738903,0.691173074,34.29064636,2.488101721,0.793577332,139.4776886,807.9647949,6,1.380729107239493
CA_0005165,2001,1154.11,1482.14,428.06,0.544999945,382.6536987,-117.7188,51.6771,422.3233,2043.569646,8.312698949,29.19819308,14.31018543,47.67592621,19.9738903,0.691173074,33.32203484,2.61631155,0.794053833,139.7261108,824.9125,6,1.4165740660184243
CA_0005165,2002,1102.66,1384.39,430.17,0.544999945,371.6818481,-117.7188,51.6771,422.3233,2043.569646,8.312698949,29.19819308,14.31018543,47.67592621,19.9738903,0.691173074,31.47864037,2.549598932,0.796459851,140.7218201,861.3153198,6,1.3223375360376857
CA_0005165,2003,1217.33,1340.58,424.63,0.544999945,356.3277893,-117.7188,51.6771,422.3233,2043.569646,8.312698949,29.19819308,14.31018543,47.67592621,19.9738903,0.691173074,31.27666512,2.55052495,0.783142444,141.1196899,901.5957275,6,1.2348805174503579
CA_0005165,2004,1212.56,1360.66,427.16,0.544999945,362.5492737,-117.7188,51.6771,422.3233,2043.569646,8.312698949,29.19819308,14.31018543,47.67592621,19.9738903,0.691173074,31.87447472,2.444058657,0.784964392,140.4887634,837.9649658,6,1.2658453706019455
CA_0005165,2005,1234.98,1390.4,436.26,0.544999945,369.9789063,-117.7188,51.6771,422.3233,2043.569646,8.312698949,29.19819308,14.31018543,47.67592621,19.9738903,0.691173074,31.85247002,2.492916584,0.795659082,140.4182709,750.2016174,6,1.2628793552011484
CA_0005165,2006,1349.65,1438.4,444.78,0.544999945,383.1037231,-117.7188,51.6771,422.3233,2043.569646,8.312698949,29.19819308,14.31018543,47.67592621,19.9738903,0.691173074,32.66605072,2.472067833,0.801842407,141.3337677,663.1048889,6,1.307528974804619
CA_0005165,2007,1387.14,1481.21,452.99,0.544999945,392.8370544,-117.7188,51.6771,422.3233,2043.569646,8.312698949,29.19819308,14.31018543,47.67592621,19.9738903,0.691173074,33.95679016,2.497546196,0.791408325,140.9998779,538.6532959,6,1.325752455187032
CA_0005165,2008,1376.2,1450.53,446.23,0.544999945,400.8388916,-117.7188,51.6771,422.3233,2043.569646,8.312698949,29.19819308,14.31018543,47.67592621,19.9738903,0.691173074,33.77064857,2.528163433,0.793112854,140.4556824,417.2421814,6,1.4879605792919763
CA_0005165,2009,1334.22,1386.15,457.11,0.544999945,400.6533447,-117.7188,51.6771,422.3233,2043.569646,8.312698949,29.19819308,14.31018543,47.67592621,19.9738903,0.691173074,31.57635803,2.541527748,0.807606824,142.7471344,393.1114441,6,1.4227933920250126
CA_0005165,2010,1286.43,1338.19,448.85,0.544999945,390.0640808,-117.7188,51.6771,422.3233,2043.569646,8.312698949,29.19819308,14.31018543,47.67592621,19.9738903,0.691173074,29.96419754,2.458719254,0.799528027,142.3619171,399.0412415,6,1.3987947495525908
CA_0005165,2011,1294.52,1301.85,434.53,0.544999945,371.3907532,-117.7188,51.6771,422.3233,2043.569646,8.312698949,29.19819308,14.31018543,47.67592621,19.9738903,0.691173074,29.67200546,2.525462866,0.780166663,140.6499725,414.0227295,6,1.3303415607621407
CA_0005165,2012,1273.0,1267.5,426.49,0.544999945,357.930011,-117.7188,51.6771,422.3233,2043.569646,8.312698949,29.19819308,14.31018543,47.67592621,19.9738903,0.691173074,28.19737701,2.525293112,0.771074988,139.7190491,425.4081604,6,1.2729840920303581
CA_0005165,2013,1297.46,1247.23,427.26,0.544999945,350.5681641,-117.7188,51.6771,422.3233,2043.569646,8.312698949,29.19819308,14.31018543,47.67592621,19.9738903,0.691173074,26.92071037,2.473873377,0.775766675,139.2587402,444.8786133,6,1.215679921126866
CA_0005166,1989,970.76,943.66,458.34,-1.403333509,410.3450073,-116.7438,51.6562,232.8621,2131.266489,7.297666905,26.54586331,13.53333378,46.25,20.42777824,1.930186334,25.47078743,2.933101654,0.926028845,142.9368073,350.0207214,6,1.9623203862001704
CA_0005166,1990,1059.88,977.1,454.12,-1.403333509,412.6438904,-116.7438,51.6562,232.8621,2131.266489,7.297666905,26.54586331,13.53333378,46.25,20.42777824,1.930186334,24.70944481,3.039675951,0.931474988,141.4708344,357.2360107,6,2.017381706300079
CA_0005166,1991,1105.13,962.94,452.31,-1.403333509,411.6172241,-116.7438,51.6562,232.8621,2131.266489,7.297666905,26.54586331,13.53333378,46.25,20.42777824,1.930186334,22.96736145,3.022893429,0.929015356,141.6960663,361.1887695,6,2.0472890656952973
CA_0005166,1992,1135.66,999.72,442.95,-1.403333509,400.5872314,-116.7438,51.6562,232.8621,2131.266489,7.297666905,26.54586331,13.53333378,46.25,20.42777824,1.930186334,23.13791733,2.902106524,0.937458923,140.6443939,363.9000549,6,1.9085102740915603
CA_0005166,1993,1122.96,1002.65,431.57,-1.403333509,389.2172424,-116.7438,51.6562,232.8621,2131.266489,7.297666905,26.54586331,13.53333378,46.25,20.42777824,1.930186334,24.38814812,2.858101845,0.941915356,139.5255951,363.9708313,6,1.8489175404301204
CA_0005166,1994,1143.52,1005.93,441.21,-1.403333509,393.6016846,-116.7438,51.6562,232.8621,2131.266489,7.297666905,26.54586331,13.53333378,46.25,20.42777824,1.930186334,24.39777794,2.997268438,0.940314099,139.5747131,366.7024963,6,1.7959650430469427
CA_0005166,1995,1051.66,1012.53,437.29,-1.403333509,400.7977966,-116.7438,51.6562,232.8621,2131.266489,7.297666905,26.54586331,13.53333378,46.25,20.42777824,1.930186334,24.80541725,2.857013941,0.944185913,140.1540192,372.7453552,6,1.9851914801590356
CA_0005166,1996,819.43,1070.38,434.69,-1.403333509,388.2677917,-116.7438,51.6562,232.8621,2131.266489,7.297666905,26.54586331,13.53333378,46.25,20.42777824,1.930186334,25.82370415,3.039398193,0.939419861,140.4449463,382.2165833,6,1.7134765697668202
CA_0005167,1989,575.87,1037.25,482.27,0.571666589,428.857312,-116.8938,51.5229,80.5516,1998.822957,6.78077054,21.77068639,19.5625,41.0625,36.13333511,2.168859527,26.56855583,2.751833677,0.580195825,143.5610046,148.8441315,6,1.8498823785165528
CA_0005167,1990,638.56,1074.54,475.12,0.571666589,430.5253296,-116.8938,51.5229,80.5516,1998.822957,6.78077054,21.77068639,19.5625,41.0625,36.13333511,2.168859527,26.29799957,2.845888853,0.5886479,142.0251129,149.6758179,6,1.9212733503388209
CA_0005167,1991,705.15,1048.7,471.33,0.571666589,425.969342,-116.8938,51.5229,80.5516,1998.822957,6.78077054,21.77068639,19.5625,41.0625,36.13333511,2.168859527,24.87166595,2.827722311,0.586320813,142.1903351,147.3112427,6,1.9230509080328813
CA_0005167,1992,691.37,1092.75,463.3,0.571666589,416.3813477,-116.8938,51.5229,80.5516,1998.822957,6.78077054,21.77068639,19.5625,41.0625,36.13333511,2.168859527,25.17111092,2.720499754,0.585974988,141.181778,144.0039703,6,1.8048272614828043
CA_0005167,1993,693.4,1092.85,449.95,0.571666589,404.0040161,-116.8938,51.5229,80.5516,1998.822957,6.78077054,21.77068639,19.5625,41.0625,36.13333511,2.168859527,26.19588737,2.656055689,0.581795813,140.1005554,138.7362244,6,1.7632190960148169
CA_0005167,1994,701.24,1090.25,460.51,0.571666589,406.4760132,-116.8938,51.5229,80.5516,1998.822957,6.78077054,21.77068639,19.5625,41.0625,36.13333511,2.168859527,25.91155434,2.811722279,0.574952063,140.092334,135.5442108,6,1.6850170456646179
CA_0005167,1995,646.39,1103.61,458.25,0.571666589,415.5133362,-116.8938,51.5229,80.5516,1998.822957,6.78077054,21.77068639,19.5625,41.0625,36.13333511,2.168859527,26.36566658,2.69161129,0.570608313,140.6839996,136.0556,6,1.8436649184342333
CA_0005167,1996,624.59,1185.19,453.74,0.571666589,400.0280029,-116.8938,51.5229,80.5516,1998.822957,6.78077054,21.77068639,19.5625,41.0625,36.13333511,2.168859527,27.38811111,2.859333277,0.56801665,141.0496613,142.5912933,6,1.5775493206740738
CA_0005167,1997,634.64,1202.73,446.18,0.571666589,399.3386719,-116.8938,51.5229,80.5516,1998.822957,6.78077054,21.77068639,19.5625,41.0625,36.13333511,2.168859527,28.28922234,2.849277496,0.56512915,140.841217,168.0552216,6,1.6313994417855697
CA_0005167,1998,630.72,1239.27,460.72,0.571666589,396.9506714,-116.8938,51.5229,80.5516,1998.822957,6.78077054,21.77068639,19.5625,41.0625,36.13333511,2.168859527,27.76322403,2.626833439,0.569458313,141.5946625,216.8830719,6,1.4429921855991619
CA_0005167,1999,650.31,1228.86,443.11,0.571666589,388.0706726,-116.8938,51.5229,80.5516,1998.822957,6.78077054,21.77068639,19.5625,41.0625,36.13333511,2.168859527,28.10833549,2.847221851,0.569858325,141.1763306,244.6307251,6,1.490647368768933
CA_0005167,2000,671.73,1174.92,440.19,0.571666589,375.1133423,-116.8938,51.5229,80.5516,1998.822957,6.78077054,21.77068639,19.5625,41.0625,36.13333511,2.168859527,27.40255737,2.792611122,0.562210425,141.7174408,265.445697,6,1.4043438197865838
CA_0005167,2001,650.31,1055.99,452.67,0.571666589,381.8213379,-116.8938,51.5229,80.5516,1998.822957,6.78077054,21.77068639,19.5625,41.0625,36.13333511,2.168859527,26.71755714,2.920722246,0.564216663,142.2727814,302.7962097,6,1.4777751431434263
CA_0005167,2002,626.8,993.11,450.46,0.571666589,364.147998,-116.8938,51.5229,80.5516,1998.822957,6.78077054,21.77068639,19.5625,41.0625,36.13333511,2.168859527,24.86455688,2.849666595,0.566639575,142.8244507,339.3852905,6,1.3704256545772657
CA_0005167,2003,642.47,965.4,446.79,0.571666589,354.8320068,-116.8938,51.5229,80.5516,1998.822957,6.78077054,21.77068639,19.5625,41.0625,36.13333511,2.168859527,23.97088966,2.83427763,0.560602087,143.606897,335.4951416,6,1.330430521098137
CA_0005167,2004,612.81,974.68,446.21,0.571666589,360.723999,-116.8938,51.5229,80.5516,1998.822957,6.78077054,21.77068639,19.5625,41.0625,36.13333511,2.168859527,24.37000046,2.733777523,0.552358337,142.5084503,314.3930786,6,1.378358940435002
CA_0005167,2005,607.21,1002.14,453.68,0.571666589,371.0306641,-116.8938,51.5229,80.5516,1998.822957,6.78077054,21.77068639,19.5625,41.0625,36.13333511,2.168859527,24.67055588,2.758833408,0.55459375,141.9287872,299.9367065,6,1.408613573170755
CA_0005167,2006,634.64,1044.1,458.29,0.571666589,385.9013367,-116.8938,51.5229,80.5516,1998.822957,6.78077054,21.77068639,19.5625,41.0625,36.13333511,2.168859527,25.27855568,2.708222151,0.560272925,142.0465607,269.3358582,6,1.4926872903154302
CA_0005167,2007,669.9,1072.6,470.93,0.571666589,396.7680115,-116.8938,51.5229,80.5516,1998.822957,6.78077054,21.77068639,19.5625,41.0625,36.13333511,2.168859527,26.54911156,2.763333082,0.549981262,141.8431152,221.5247955,6,1.4952981564408823
CA_0005167,2008,581.38,1044.52,464.95,0.571666589,397.3866699,-116.8938,51.5229,80.5516,1998.822957,6.78077054,21.77068639,19.5625,41.0625,36.13333511,2.168859527,26.77888908,2.789777517,0.55360835,141.2681122,204.0961639,6,1.5724765978729383
CA_0005167,2009,575.87,1004.57,477.73,0.571666589,394.1613403,-116.8938,51.5229,80.5516,1998.822957,6.78077054,21.77068639,19.5625,41.0625,36.13333511,2.168859527,24.92488899,2.798833132,0.572212512,143.7647797,216.0599518,6,1.4872666267997678
CA_0005167,2010,513.19,963.24,468.43,0.571666589,382.9893433,-116.8938,51.5229,80.5516,1998.822957,6.78077054,21.77068639,19.5625,41.0625,36.13333511,2.168859527,23.72633324,2.687000036,0.567504175,143.3494446,228.0595062,6,1.4739128908117387
CA_0005167,2011,434.84,938.69,457.33,0.571666589,365.6453491,-116.8938,51.5229,80.5516,1998.822957,6.78077054,21.77068639,19.5625,41.0625,36.13333511,2.168859527,23.66688957,2.816388845,0.5523625,142.300116,234.8533691,6,1.3957326044561296
CA_0005167,2012,483.17,924.97,448.97,0.571666589,349.4120178,-116.8938,51.5229,80.5516,1998.822957,6.78077054,21.77068639,19.5625,41.0625,36.13333511,2.168859527,22.52533379,2.771666527,0.546764581,141.4826691,250.3062836,6,1.3086889356782276
CA_0005167,2013,552.37,912.59,448.33,0.571666589,344.1293579,-116.8938,51.5229,80.5516,1998.822957,6.78077054,21.77068639,19.5625,41.0625,36.13333511,2.168859527,20.91733398,2.762722015,0.560564581,141.0796692,252.0255219,6,1.279497623314117
CA_0005167,2014,587.63,953.81,450.38,0.571666589,345.140033,-116.8938,51.5229,80.5516,1998.822957,6.78077054,21.77068639,19.5625,41.0625,36.13333511,2.168859527,21.31611137,2.695166588,0.553487494,139.6627808,255.4820587,6,1.2450792316297272
CA_0005169,1989,1138.59,1433.94,494.73,0.425112031,435.684906,-117.4646,51.5104,1143.721,1881.245612,7.463569053,31.72634356,12.96481133,50.60241699,24.94100189,1.089129492,33.34272881,2.370082855,1.19002644,144.2698486,1324.546558,6,1.4801675476432703
CA_0005169,1990,1110.62,1482.82,488.43,0.425112031,441.1143311,-117.4646,51.5104,1143.721,1881.245612,7.463569053,31.72634356,12.96481133,50.60241699,24.94100189,1.089129492,33.33861885,2.43321228,1.198104468,142.7099854,1342.551807,6,1.57457058884227
CA_0005169,1991,1132.01,1434.25,486.5,0.425112031,441.706189,-117.4646,51.5104,1143.721,1881.245612,7.463569053,31.72634356,12.96481133,50.60241699,24.94100189,1.089129492,32.6095005,2.430444717,1.198084399,142.7506714,1352.992944,6,1.6338044040057373
CA_0005169,1992,1176.63,1497.36,483.0,0.425112031,438.9293457,-117.4646,51.5104,1143.721,1881.245612,7.463569053,31.72634356,12.96481133,50.60241699,24.94100189,1.089129492,33.15858078,2.343781948,1.190822266,142.0044037,1362.805762,6,1.5938755024945475
CA_0005169,1993,1124.33,1456.62,472.01,0.425112031,430.7822021,-117.4646,51.5104,1143.721,1881.245612,7.463569053,31.72634356,12.96481133,50.60241699,24.94100189,1.089129492,33.7768692,2.236553431,1.178170776,141.2390289,1360.541406,6,1.6253798415562168
CA_0005169,1994,1113.36,1463.11,482.59,0.425112031,432.0948669,-117.4646,51.5104,1143.721,1881.245612,7.463569053,31.72634356,12.96481133,50.60241699,24.94100189,1.089129492,33.45536194,2.398744345,1.171574194,140.9307251,1363.6698,6,1.5269932164297206
CA_0005169,1995,1102.66,1503.71,479.69,0.425112031,438.7308838,-117.4646,51.5104,1143.721,1881.245612,7.463569053,31.72634356,12.96481133,50.60241699,24.94100189,1.089129492,33.82978134,2.337986231,1.16966084,141.500708,1373.985303,6,1.6254008645631235
CA_0005169,1996,1064.44,1640.22,476.69,0.425112031,423.3033813,-117.4646,51.5104,1143.721,1881.245612,7.463569053,31.72634356,12.96481133,50.60241699,24.94100189,1.089129492,34.1803627,2.460486174,1.163167188,141.7401215,1400.80835,6,1.389933623993069
CA_0005169,1997,1034.11,1676.85,462.87,0.425112031,417.0150574,-117.4646,51.5104,1143.721,1881.245612,7.463569053,31.72634356,12.96481133,50.60241699,24.94100189,1.089129492,34.77138824,2.421040297,1.163151563,140.7686432,1435.786328,6,1.4233034984210615
CA_0005169,1998,1075.79,1748.83,478.6,0.425112031,417.2390198,-117.4646,51.5104,1143.721,1881.245612,7.463569053,31.72634356,12.96481133,50.60241699,24.94100189,1.089129492,33.93789673,2.284336329,1.183539624,141.605777,1471.882568,6,1.2761115490125667
CA_0005169,1999,1110.62,1733.74,461.25,0.425112031,408.3788391,-117.4646,51.5104,1143.721,1881.245612,7.463569053,31.72634356,12.96481133,50.60241699,24.94100189,1.089129492,34.13220978,2.438680172,1.180523511,141.0290894,1498.924585,6,1.3195155810211932
CA_0005169,2000,1130.71,1645.32,458.52,0.425112031,396.9262512,-117.4646,51.5104,1143.721,1881.245612,7.463569053,31.72634356,12.96481133,50.60241699,24.94100189,1.089129492,33.50998535,2.39013958,1.174418896,141.2654572,1525.937573,6,1.2613665331065478
CA_0005169,2001,1091.42,1479.82,466.59,0.425112031,400.926416,-117.4646,51.5104,1143.721,1881.245612,7.463569053,31.72634356,12.96481133,50.60241699,24.94100189,1.089129492,32.95435944,2.525090456,1.181429126,141.4680878,1549.880786,6,1.311491564517132
CA_0005169,2002,1133.65,1387.86,468.88,0.425112031,386.6419006,-117.4646,51.5104,1143.721,1881.245612,7.463569053,31.72634356,12.96481133,50.60241699,24.94100189,1.089129492,31.62826614,2.449057102,1.184654907,142.4915039,1578.775317,6,1.2215718347859226
CA_0005169,2003,1150.1,1339.6,466.02,0.425112031,370.5972046,-117.4646,51.5104,1143.721,1881.245612,7.463569053,31.72634356,12.96481133,50.60241699,24.94100189,1.089129492,31.39748192,2.45012784,1.17278396,142.9573425,1610.752222,6,1.1426096369898016
CA_0005169,2004,1144.18,1355.79,468.46,0.425112031,376.906073,-117.4646,51.5104,1143.721,1881.245612,7.463569053,31.72634356,12.96481133,50.60241699,24.94100189,1.089129492,31.80618553,2.340452433,1.160433862,142.2648346,1633.471631,6,1.167789010449996
CA_0005169,2005,1143.52,1386.19,476.8,0.425112031,386.3899658,-117.4646,51.5104,1143.721,1881.245612,7.463569053,31.72634356,12.96481133,50.60241699,24.94100189,1.089129492,31.8386364,2.385716438,1.169715381,141.9923828,1666.040503,6,1.1839632568843013
CA_0005169,2006,1159.43,1437.94,484.29,0.425112031,399.3209229,-117.4646,51.5104,1143.721,1881.245612,7.463569053,31.72634356,12.96481133,50.60241699,24.94100189,1.089129492,32.19665947,2.364418983,1.170670972,142.7285217,1702.426489,6,1.2194742911446534
CA_0005169,2007,1172.59,1472.7,494.2,0.425112031,409.6686951,-117.4646,51.5104,1143.721,1881.245612,7.463569053,31.72634356,12.96481133,50.60241699,24.94100189,1.089129492,32.8621273,2.389743328,1.167476807,142.4031158,1741.635181,6,1.2329159364484623
CA_0005169,2008,1162.6,1442.6,485.27,0.425112031,416.7721313,-117.4646,51.5104,1143.721,1881.245612,7.463569053,31.72634356,12.96481133,50.60241699,24.94100189,1.089129492,32.66458588,2.431757212,1.168770117,141.8269775,1780.895264,6,1.3538731752448823
CA_0005169,2009,1107.32,1381.22,494.29,0.425112031,411.7554749,-117.4646,51.5104,1143.721,1881.245612,7.463569053,31.72634356,12.96481133,50.60241699,24.94100189,1.089129492,30.88240585,2.444634199,1.207211206,144.1382477,1789.944971,6,1.2897646545323602
CA_0005169,2010,1079.63,1333.6,486.48,0.425112031,401.4927612,-117.4646,51.5104,1143.721,1881.245612,7.463569053,31.72634356,12.96481133,50.60241699,24.94100189,1.089129492,29.87917786,2.361579895,1.196922461,143.6133911,1809.339526,6,1.2732136952685473
CA_0005169,2011,1105.68,1292.8,472.04,0.425112031,384.1124023,-117.4646,51.5104,1143.721,1881.245612,7.463569053,31.72634356,12.96481133,50.60241699,24.94100189,1.089129492,29.76514435,2.433148623,1.173192212,141.9910248,1838.149292,6,1.231851239928966
CA_0005169,2012,1134.01,1267.04,463.86,0.425112031,371.7095947,-117.4646,51.5104,1143.721,1881.245612,7.463569053,31.72634356,12.96481133,50.60241699,24.94100189,1.089129492,28.97374916,2.430429935,1.152639966,140.9775116,1847.865747,6,1.1915659908668854
CA_0005169,2013,1165.46,1245.45,463.54,0.425112031,364.5236206,-117.4646,51.5104,1143.721,1881.245612,7.463569053,31.72634356,12.96481133,50.60241699,24.94100189,1.089129492,28.55977516,2.380674839,1.148659546,140.5027893,1852.719165,6,1.1541033034435886
CA_0005169,2014,1230.73,1304.18,463.43,0.425112031,365.0369263,-117.4646,51.5104,1143.721,1881.245612,7.463569053,31.72634356,12.96481133,50.60241699,24.94100189,1.089129492,29.7073246,2.336417437,1.134119971,139.01539,1904.780005,6,1.1316926752127057
CA_0005173,1989,1484.78,1037.61,466.28,0.94277786,407.0161011,-119.3854,52.7312,305.4357,1899.544006,9.194118234,21.84753177,9.149305344,66.68055725,14.65838528,1.680448718,31.28430824,2.405763865,0.962331702,137.2536621,350.4070679,6,1.6913586602399018
CA_0005173,1990,1553.02,1081.47,459.31,0.94277786,405.687207,-119.3854,52.7312,305.4357,1899.544006,9.194118234,21.84753177,9.149305344,66.68055725,14.65838528,1.680448718,30.34518814,2.474999905,0.959986682,136.0955139,357.4362244,6,1.695045325764621
CA_0005173,1991,1609.89,1081.11,454.73,0.94277786,407.2477661,-119.3854,52.7312,305.4357,1899.544006,9.194118234,21.84753177,9.149305344,66.68055725,14.65838528,1.680448718,28.75444641,2.457685232,0.950593335,135.899588,360.6938904,6,1.7711139258824249
CA_0005173,1992,1599.78,1116.46,448.51,0.94277786,398.9544312,-119.3854,52.7312,305.4357,1899.544006,9.194118234,21.84753177,9.149305344,66.68055725,14.65838528,1.680448718,29.00009346,2.411967516,0.938305994,135.3316254,363.8526001,6,1.6761559905142165
CA_0005173,1993,1555.09,1095.32,441.42,0.94277786,396.105542,-119.3854,52.7312,305.4357,1899.544006,9.194118234,21.84753177,9.149305344,66.68055725,14.65838528,1.680448718,30.16787071,2.282176018,0.92610033,134.8979645,363.5709656,6,1.7346638241032315
CA_0005173,1994,1570.6,1115.7,449.58,0.94277786,399.5383362,-119.3854,52.7312,305.4357,1899.544006,9.194118234,21.84753177,9.149305344,66.68055725,14.65838528,1.680448718,30.14935265,2.415300846,0.915406653,134.6116211,363.5805603,6,1.673928093600839
CA_0005173,1995,1406.2,1123.99,448.64,0.94277786,412.6022339,-119.3854,52.7312,305.4357,1899.544006,9.194118234,21.84753177,9.149305344,66.68055725,14.65838528,1.680448718,31.48518677,2.366226673,0.914864307,134.8220825,369.1208801,6,1.9084908657987243
CA_0005173,1996,1268.01,1176.16,443.99,0.94277786,404.4855713,-119.3854,52.7312,305.4357,1899.544006,9.194118234,21.84753177,9.149305344,66.68055725,14.65838528,1.680448718,32.7778717,2.443796635,0.914204968,134.4972229,379.4052612,6,1.7663639243553046
CA_0005173,1997,1215.95,1215.5,433.25,0.94277786,403.0289124,-119.3854,52.7312,305.4357,1899.544006,9.194118234,21.84753177,9.149305344,66.68055725,14.65838528,1.680448718,33.79259567,2.465462685,0.921193604,132.8110199,391.8152527,6,1.872151224883176
CA_0005173,1998,1305.9,1248.01,447.3,0.94277786,401.6739258,-119.3854,52.7312,305.4357,1899.544006,9.194118234,21.84753177,9.149305344,66.68055725,14.65838528,1.680448718,32.75541954,2.279166698,0.93743728,133.7345398,400.0071167,6,1.6178554733694024
CA_0005173,1999,1315.21,1245.61,431.27,0.94277786,392.0744629,-119.3854,52.7312,305.4357,1899.544006,9.194118234,21.84753177,9.149305344,66.68055725,14.65838528,1.680448718,32.3308815,2.475393295,0.944805603,133.161441,401.3414429,6,1.661922902661931
CA_0005173,2000,1448.41,1209.11,421.34,0.94277786,383.4672424,-119.3854,52.7312,305.4357,1899.544006,9.194118234,21.84753177,9.149305344,66.68055725,14.65838528,1.680448718,31.93842697,2.442916393,0.944672937,131.9301453,401.9877441,6,1.6755704710253523
CA_0005173,2001,1504.42,1131.01,426.47,0.94277786,390.0266785,-119.3854,52.7312,305.4357,1899.544006,9.194118234,21.84753177,9.149305344,66.68055725,14.65838528,1.680448718,31.10638962,2.525485992,0.952194299,132.1925018,395.699408,6,1.7940489359918512
CA_0005173,2002,1536.48,1061.42,427.93,0.94277786,376.611676,-119.3854,52.7312,305.4357,1899.544006,9.194118234,21.84753177,9.149305344,66.68055725,14.65838528,1.680448718,29.53157387,2.483680487,0.948553003,133.2122681,387.2826721,6,1.6190089834436674
CA_0005173,2003,1512.69,1043.99,419.24,0.94277786,361.6861084,-119.3854,52.7312,305.4357,1899.544006,9.194118234,21.84753177,9.149305344,66.68055725,14.65838528,1.680448718,29.63722305,2.483402967,0.951984021,133.1513855,382.375708,6,1.5157346675409595
CA_0005173,2004,1500.25,1065.81,425.06,0.94277786,367.4772217,-119.3854,52.7312,305.4357,1899.544006,9.194118234,21.84753177,9.149305344,66.68055725,14.65838528,1.680448718,30.5195385,2.385694265,0.94439071,133.1443909,381.6201843,6,1.519060990258992
CA_0005173,2005,1524.07,1066.32,437.35,0.94277786,375.8472168,-119.3854,52.7312,305.4357,1899.544006,9.194118234,21.84753177,9.149305344,66.68055725,14.65838528,1.680448718,30.83713188,2.445971966,0.935833374,134.1621246,383.2319031,6,1.517578078227107
CA_0005173,2006,1555.09,1080.58,452.29,0.94277786,377.748877,-119.3854,52.7312,305.4357,1899.544006,9.194118234,21.84753177,9.149305344,66.68055725,14.65838528,1.680448718,31.43153038,2.397916555,0.922111353,136.3338867,388.9703552,6,1.4177895769007334
CA_0005173,2007,1580.94,1126.41,457.13,0.94277786,388.5699829,-119.3854,52.7312,305.4357,1899.544006,9.194118234,21.84753177,9.149305344,66.68055725,14.65838528,1.680448718,32.49379921,2.426643133,0.923665662,136.1284729,395.9401123,6,1.4606270399569237
CA_0005173,2008,1535.5,1126.37,450.51,0.94277786,396.7516602,-119.3854,52.7312,305.4357,1899.544006,9.194118234,21.84753177,9.149305344,66.68055725,14.65838528,1.680448718,32.85416985,2.427800894,0.902317664,135.5138,408.9460388,6,1.6146100948534292
CA_0005173,2009,1497.18,1064.66,457.32,0.94277786,389.709436,-119.3854,52.7312,305.4357,1899.544006,9.194118234,21.84753177,9.149305344,66.68055725,14.65838528,1.680448718,30.95703926,2.481250048,0.910557678,137.516861,421.9352905,6,1.523464988176836
CA_0005173,2010,1464.1,1041.28,453.31,0.94277786,375.9449951,-119.3854,52.7312,305.4357,1899.544006,9.194118234,21.84753177,9.149305344,66.68055725,14.65838528,1.680448718,29.42977066,2.417592287,0.9120927,137.994635,445.568811,6,1.4252426162307823
CA_0005173,2011,1481.68,1032.51,436.16,0.94277786,357.9950012,-119.3854,52.7312,305.4357,1899.544006,9.194118234,21.84753177,9.149305344,66.68055725,14.65838528,1.680448718,29.0313446,2.451874733,0.894303027,135.214267,469.0456421,6,1.3631305332545514
CA_0005173,2012,1511.65,986.83,432.17,0.94277786,346.7011108,-119.3854,52.7312,305.4357,1899.544006,9.194118234,21.84753177,9.149305344,66.68055725,14.65838528,1.680448718,27.30606613,2.457199335,0.878127356,134.8160217,485.9194275,6,1.3176613425187307
CA_0005173,2013,1585.07,970.56,433.83,0.94277786,342.4233276,-119.3854,52.7312,305.4357,1899.544006,9.194118234,21.84753177,9.149305344,66.68055725,14.65838528,1.680448718,24.56791687,2.348240852,0.885667688,134.5261597,493.6620239,6,1.2850169231275426
CA_0005185,1989,1392.79,1543.22,499.11,1.140686315,447.0436646,-118.0854,51.0104,1148.837,1720.913403,8.023505484,30.3832023,12.09558868,52.84742737,23.30743217,1.45696877,34.13791695,2.332459927,1.063647595,144.0314056,1021.241028,6,1.5125984549145688
CA_0005185,1990,1426.25,1594.3,492.8,1.140686315,453.0753052,-118.0854,51.0104,1148.837,1720.913403,8.023505484,30.3832023,12.09558868,52.84742737,23.30743217,1.45696877,34.26842079,2.386073589,1.073887402,142.4147247,1034.724438,6,1.6326131975531826
CA_0005185,1991,1457.24,1538.42,491.11,1.140686315,453.8976196,-118.0854,51.0104,1148.837,1720.913403,8.023505484,30.3832023,12.09558868,52.84742737,23.30743217,1.45696877,33.75251503,2.387415886,1.078641211,142.4191254,1044.054407,6,1.7007914753647861
CA_0005185,1992,1445.56,1608.26,487.87,1.140686315,451.8867493,-118.0854,51.0104,1148.837,1720.913403,8.023505484,30.3832023,12.09558868,52.84742737,23.30743217,1.45696877,34.47289963,2.303337336,1.071862964,141.6988861,1053.851355,6,1.6696588022722842
CA_0005185,1993,1371.95,1558.37,476.6,1.140686315,442.4238586,-118.0854,51.0104,1148.837,1720.913403,8.023505484,30.3832023,12.09558868,52.84742737,23.30743217,1.45696877,34.95179367,2.192788601,1.062873584,140.9491394,1052.596692,6,1.694267119166603
CA_0005185,1994,1383.47,1568.43,486.72,1.140686315,442.4301086,-118.0854,51.0104,1148.837,1720.913403,8.023505484,30.3832023,12.09558868,52.84742737,23.30743217,1.45696877,34.65966263,2.354843616,1.053558325,140.5881439,1053.943616,6,1.5622382594511288
CA_0005185,1995,1354.68,1616.28,483.99,1.140686315,449.3516418,-118.0854,51.0104,1148.837,1720.913403,8.023505484,30.3832023,12.09558868,52.84742737,23.30743217,1.45696877,34.98943863,2.308633566,1.0501979,141.1749207,1058.359387,6,1.6759824725009609
CA_0005185,1996,1335.84,1767.55,480.74,1.140686315,432.7792419,-118.0854,51.0104,1148.837,1720.913403,8.023505484,30.3832023,12.09558868,52.84742737,23.30743217,1.45696877,35.07951126,2.413677692,1.043735303,141.3751282,1075.452539,6,1.4092264754103965
CA_0005185,1997,1434.2,1811.38,465.92,1.140686315,424.1209717,-118.0854,51.0104,1148.837,1720.913403,8.023505484,30.3832023,12.09558868,52.84742737,23.30743217,1.45696877,35.43600998,2.37397027,1.041800122,140.258429,1098.462744,6,1.4286607924062515
CA_0005185,1998,1477.53,1894.31,482.48,1.140686315,425.8090515,-118.0854,51.0104,1148.837,1720.913403,8.023505484,30.3832023,12.09558868,52.84742737,23.30743217,1.45696877,34.55471954,2.253417492,1.060869922,141.1182648,1123.248804,6,1.2806069499417785
CA_0005185,1999,1523.33,1878.54,465.13,1.140686315,416.9702942,-118.0854,51.0104,1148.837,1720.913403,8.023505484,30.3832023,12.09558868,52.84742737,23.30743217,1.45696877,34.78450241,2.396806955,1.059501392,140.5222626,1143.642603,6,1.3292308076159018
CA_0005185,2000,1559.12,1779.78,462.04,1.140686315,405.1160645,-118.0854,51.0104,1148.837,1720.913403,8.023505484,30.3832023,12.09558868,52.84742737,23.30743217,1.45696877,34.23509521,2.34703517,1.051648181,140.7439911,1167.108496,6,1.2666144413950764
CA_0005185,2001,1492.61,1603.17,469.75,1.140686315,410.3729797,-118.0854,51.0104,1148.837,1720.913403,8.023505484,30.3832023,12.09558868,52.84742737,23.30743217,1.45696877,33.88098412,2.484070301,1.058476404,140.8930298,1188.91377,6,1.3263285322240257
CA_0005185,2002,1422.96,1498.87,472.29,1.140686315,396.166925,-118.0854,51.0104,1148.837,1720.913403,8.023505484,30.3832023,12.09558868,52.84742737,23.30743217,1.45696877,32.78260231,2.40149045,1.064264392,142.046524,1214.136743,6,1.2305361043600653
CA_0005185,2003,1432.01,1443.63,469.93,1.140686315,378.3027954,-118.0854,51.0104,1148.837,1720.913403,8.023505484,30.3832023,12.09558868,52.84742737,23.30743217,1.45696877,32.57914925,2.410717249,1.054206409,142.4785889,1240.10332,6,1.1360787380265673
CA_0005185,2004,1407.61,1462.69,473.02,1.140686315,385.2221252,-118.0854,51.0104,1148.837,1720.913403,8.023505484,30.3832023,12.09558868,52.84742737,23.30743217,1.45696877,32.8694622,2.296854973,1.042420679,141.8642853,1257.811938,6,1.161818240544769
CA_0005185,2005,1384.57,1496.38,482.05,1.140686315,393.8690491,-118.0854,51.0104,1148.837,1720.913403,8.023505484,30.3832023,12.09558868,52.84742737,23.30743217,1.45696877,32.70162621,2.347512007,1.060577966,141.6136078,1287.717334,6,1.1683275898716936
CA_0005185,2006,1404.59,1553.14,490.15,1.140686315,406.6500061,-118.0854,51.0104,1148.837,1720.913403,8.023505484,30.3832023,12.09558868,52.84742737,23.30743217,1.45696877,32.95213165,2.333517551,1.067076355,142.4378479,1323.325879,6,1.198792149125331
CA_0005185,2007,1418.3,1589.77,500.17,1.140686315,417.8075989,-118.0854,51.0104,1148.837,1720.913403,8.023505484,30.3832023,12.09558868,52.84742737,23.30743217,1.45696877,33.46436768,2.356714725,1.066636047,142.0618286,1363.990259,6,1.216999009273596
CA_0005185,2008,1444.18,1557.69,490.49,1.140686315,426.1731689,-118.0854,51.0104,1148.837,1720.913403,8.023505484,30.3832023,12.09558868,52.84742737,23.30743217,1.45696877,33.18907127,2.395340443,1.059972742,141.5022064,1406.663354,6,1.3528693092968764
CA_0005185,2009,1380.73,1490.15,498.71,1.140686315,420.7104797,-118.0854,51.0104,1148.837,1720.913403,8.023505484,30.3832023,12.09558868,52.84742737,23.30743217,1.45696877,31.53614616,2.413369417,1.097751172,143.7711517,1413.454492,6,1.28647529341433
CA_0005185,2010,1333.29,1443.46,490.2,1.140686315,410.4269226,-118.0854,51.0104,1148.837,1720.913403,8.023505484,30.3832023,12.09558868,52.84742737,23.30743217,1.45696877,30.75815735,2.333245277,1.085874902,143.1707062,1424.98042,6,1.2713429595936776
CA_0005185,2011,1367.29,1396.25,475.33,1.140686315,392.4305725,-118.0854,51.0104,1148.837,1720.913403,8.023505484,30.3832023,12.09558868,52.84742737,23.30743217,1.45696877,30.62772446,2.399194479,1.054284619,141.447345,1446.718335,6,1.229760787935876
CA_0005185,2012,1404.86,1369.25,466.83,1.140686315,380.3037476,-118.0854,51.0104,1148.837,1720.913403,8.023505484,30.3832023,12.09558868,52.84742737,23.30743217,1.45696877,29.99510422,2.398790121,1.035066895,140.4150208,1451.967554,6,1.192899680654625
CA_0005185,2013,1395.54,1347.94,466.21,1.140686315,371.9858643,-118.0854,51.0104,1148.837,1720.913403,8.023505484,30.3832023,12.09558868,52.84742737,23.30743217,1.45696877,29.90230827,2.336310148,1.040943042,139.9019684,1453.028662,6,1.147487095800325
CA_0005185,2014,1477.53,1411.57,466.22,1.140686315,372.4037537,-118.0854,51.0104,1148.837,1720.913403,8.023505484,30.3832023,12.09558868,52.84742737,23.30743217,1.45696877,31.0394558,2.304282665,1.024020264,138.3785614,1507.524268,6,1.1249913405376835
CA_0005190,1989,1579.62,1290.03,507.34,2.060000038,451.417511,-118.6687,51.6396,111.6344,1619.145535,6.495527515,23.67176922,7.291666508,67.77083588,18.27956963,0.541708862,39.1761467,2.100833178,1.049622913,142.1250092,698.8331177,6,1.6555493636744831
CA_0005190,1990,1576.8,1335.98,500.56,2.060000038,457.4700073,-118.6687,51.6396,111.6344,1619.145535,6.495527515,23.67176922,7.291666508,67.77083588,18.27956963,0.541708862,39.60281296,2.144010544,1.0598927,140.619693,709.5428711,6,1.7816078581497539
CA_0005190,1991,1590.88,1302.24,496.58,2.060000038,456.3875061,-118.6687,51.6396,111.6344,1619.145535,6.495527515,23.67176922,7.291666508,67.77083588,18.27956963,0.541708862,38.99979172,2.15119791,1.057615625,140.4981293,713.9361328,6,1.8463240424909846
CA_0005190,1992,1600.88,1364.16,491.7,2.060000038,458.9612549,-118.6687,51.6396,111.6344,1619.145535,6.495527515,23.67176922,7.291666508,67.77083588,18.27956963,0.541708862,40.74010468,2.085103989,1.04277395,139.7623962,716.5231567,6,1.9178677697603934
CA_0005190,1993,1531.75,1318.85,479.58,2.060000038,448.1275024,-118.6687,51.6396,111.6344,1619.145535,6.495527515,23.67176922,7.291666508,67.77083588,18.27956963,0.541708862,41.53020859,1.964426994,1.0277052,139.1077087,716.2887573,6,1.93935145024081
CA_0005190,1994,1554.27,1329.95,488.87,2.060000038,447.0912476,-118.6687,51.6396,111.6344,1619.145535,6.495527515,23.67176922,7.291666508,67.77083588,18.27956963,0.541708862,41.06312485,2.120937586,1.00871145,138.6371887,721.3948486,6,1.765581916624908
CA_0005190,1995,1621.85,1365.91,487.12,2.060000038,453.3450012,-118.6687,51.6396,111.6344,1619.145535,6.495527515,23.67176922,7.291666508,67.77083588,18.27956963,0.541708862,41.43979187,2.092395782,1.014322925,139.1365662,734.0425171,6,1.8769347339817186
CA_0005190,1996,1756.17,1474.86,483.36,2.060000038,436.9387512,-118.6687,51.6396,111.6344,1619.145535,6.495527515,23.67176922,7.291666508,67.77083588,18.27956963,0.541708862,41.49593811,2.148749828,1.013994824,139.0871918,753.9560669,6,1.5756223088687789
CA_0005190,1997,2117.42,1526.55,467.46,2.060000038,426.9712585,-118.6687,51.6396,111.6344,1619.145535,6.495527515,23.67176922,7.291666508,67.77083588,18.27956963,0.541708862,41.94156265,2.138229132,1.019138586,137.6644836,780.5054688,6,1.5808747598955688
CA_0005190,1998,2097.71,1592.22,483.97,2.060000038,427.2200073,-118.6687,51.6396,111.6344,1619.145535,6.495527515,23.67176922,7.291666508,67.77083588,18.27956963,0.541708862,40.94885406,2.03307271,1.043380237,138.6060455,809.275,6,1.3946203340566614
CA_0005190,1999,2221.6,1582.74,466.35,2.060000038,417.6337646,-118.6687,51.6396,111.6344,1619.145535,6.495527515,23.67176922,7.291666508,67.77083588,18.27956963,0.541708862,41.25625076,2.161249876,1.039782324,138.0648987,843.4314819,6,1.4397395643995452
CA_0005190,2000,2222.04,1504.33,461.37,2.060000038,409.2437622,-118.6687,51.6396,111.6344,1619.145535,6.495527515,23.67176922,7.291666508,67.77083588,18.27956963,0.541708862,40.77947998,2.116770744,1.035448975,137.6886475,874.523877,6,1.4230296310651729
CA_0005190,2001,2024.5,1378.73,468.5,2.060000038,419.6075134,-118.6687,51.6396,111.6344,1619.145535,6.495527515,23.67176922,7.291666508,67.77083588,18.27956963,0.541708862,40.50791702,2.244062424,1.042270825,137.7979187,906.020874,6,1.55414520037358
CA_0005190,2002,1714.77,1274.74,471.91,2.060000038,406.1987549,-118.6687,51.6396,111.6344,1619.145535,6.495527515,23.67176922,7.291666508,67.77083588,18.27956963,0.541708862,38.53625107,2.151666641,1.047140613,139.0629181,960.9900391,6,1.4354694248858277
CA_0005190,2003,1779.53,1226.99,470.17,2.060000038,389.0962585,-118.6687,51.6396,111.6344,1619.145535,6.495527515,23.67176922,7.291666508,67.77083588,18.27956963,0.541708862,37.45552216,2.18713522,1.041829163,139.2254181,1019.641687,6,1.3162943488795174
CA_0005190,2004,1657.35,1254.18,477.48,2.060000038,399.6750061,-118.6687,51.6396,111.6344,1619.145535,6.495527515,23.67176922,7.291666508,67.77083588,18.27956963,0.541708862,37.77052231,2.063072681,0.979933325,138.9516663,1074.625537,6,1.3502309793870466
CA_0005190,2005,1641.56,1278.05,487.74,2.060000038,401.3725037,-118.6687,51.6396,111.6344,1619.145535,6.495527515,23.67176922,7.291666508,67.77083588,18.27956963,0.541708862,37.34145966,2.137239456,0.9330802,139.2351074,1143.426379,6,1.295253888284935
CA_0005303,1989,778.22,716.59,527.04,-0.399999988,428.7088928,-115.5313,50.6604,70.4214,2065.981274,6.276701673,13.80606031,13.96875,55.1875,21.125,1.958960772,30.32999992,3.898240328,0.73805625,146.0459259,3279.971777,6,2.0618237424866597
CA_0005303,1990,809.89,727.16,516.86,-0.399999988,421.7088928,-115.5313,50.6604,70.4214,2065.981274,6.276701673,13.80606031,13.96875,55.1875,21.125,1.958960772,28.67296333,3.988055229,0.741842383,144.1320374,3297.843848,6,2.006383310842087
CA_0005303,1991,791.79,701.24,512.25,-0.399999988,398.7088928,-115.5313,50.6604,70.4214,2065.981274,6.276701673,13.80606031,13.96875,55.1875,21.125,1.958960772,24.59333305,3.939352274,0.741991687,144.2840729,3243.547363,6,1.7969470379178698
CA_0005303,1992,762.2,739.42,496.95,-0.399999988,392.8866699,-115.5313,50.6604,70.4214,2065.981274,6.276701673,13.80606031,13.96875,55.1875,21.125,1.958960772,23.7327774,3.790369987,0.738552795,142.9024109,3167.380029,6,1.7323617490000438
CA_0005303,1993,746.55,763.06,471.32,-0.399999988,386.5288879,-115.5313,50.6604,70.4214,2065.981274,6.276701673,13.80606031,13.96875,55.1875,21.125,1.958960772,27.20111084,3.795555592,0.737979163,140.9588928,3048.114502,6,1.7816559369591793
CA_0005303,1994,687.73,739.22,484.24,-0.399999988,374.664447,-115.5313,50.6604,70.4214,2065.981274,6.276701673,13.80606031,13.96875,55.1875,21.125,1.958960772,29.06314812,3.957129478,0.734985413,141.6746368,2974.892236,6,1.6011429878988421
CA_0005303,1995,633.43,749.17,484.08,-0.399999988,388.0511108,-115.5313,50.6604,70.4214,2065.981274,6.276701673,13.80606031,13.96875,55.1875,21.125,1.958960772,30.63944359,3.812870502,0.7361729,142.2409332,2983.564111,6,1.7371509231117273
CA_0005303,1996,626.1,796.23,481.61,-0.399999988,384.315564,-115.5313,50.6604,70.4214,2065.981274,6.276701673,13.80606031,13.96875,55.1875,21.125,1.958960772,32.63092537,3.970462799,0.735653455,142.8551941,3131.005469,6,1.6227726872512978
CA_0005303,1997,755.6,796.72,477.02,-0.399999988,377.6622314,-115.5313,50.6604,70.4214,2065.981274,6.276701673,13.80606031,13.96875,55.1875,21.125,1.958960772,34.34073944,4.002777576,0.733484705,143.8890808,3338.122119,6,1.5770620458812046
CA_0005303,1998,746.55,813.92,495.59,-0.399999988,370.7111267,-115.5313,50.6604,70.4214,2065.981274,6.276701673,13.80606031,13.96875,55.1875,21.125,1.958960772,33.46277657,3.717037201,0.735296545,144.6246368,3619.670508,6,1.3967929017339895
CA_0005303,1999,624.39,819.1,479.35,-0.399999988,375.0266846,-115.5313,50.6604,70.4214,2065.981274,6.276701673,13.80606031,13.96875,55.1875,21.125,1.958960772,31.3101841,4.022592545,0.7298896,144.3794495,3853.870166,6,1.504418195796181
CA_0005304,1989,652.45,695.56,540.8,-0.126818131,424.03573,-115.6188,50.5271,661.3942,1967.139841,7.459008294,17.10657382,14.88068199,52.19176102,23.77212334,1.786145737,32.05307274,3.882083654,1.017463525,146.8586456,2028.797803,6,1.9596730494475454
CA_0005304,1990,716.2,706.65,531.1,-0.126818131,417.8174377,-115.6188,50.5271,661.3942,1967.139841,7.459008294,17.10657382,14.88068199,52.19176102,23.77212334,1.786145737,30.1412632,3.972964048,1.022522498,144.9057617,2051.680127,6,1.9069050819818554
CA_0005304,1991,787.68,681.23,527.92,-0.126818131,397.4557312,-115.6188,50.5271,661.3942,1967.139841,7.459008294,17.10657382,14.88068199,52.19176102,23.77212334,1.786145737,25.92476311,3.920202732,1.024473987,145.0425476,2041.731909,6,1.7447423588874043
CA_0005304,1992,806.78,718.81,513.1,-0.126818131,394.4657349,-115.6188,50.5271,661.3942,1967.139841,7.459008294,17.10657382,14.88068199,52.19176102,23.77212334,1.786145737,24.71173859,3.768309593,1.018694226,143.6702301,2022.010889,6,1.700265461425017
CA_0005304,1993,778.98,744.78,486.3,-0.126818131,391.4845886,-115.6188,50.5271,661.3942,1967.139841,7.459008294,17.10657382,14.88068199,52.19176102,23.77212334,1.786145737,28.06804848,3.772571325,1.013066724,141.6768311,1983.38186,6,1.7744097783518549
CA_0005304,1994,765.94,719.42,500.32,-0.126818131,380.4625916,-115.6188,50.5271,661.3942,1967.139841,7.459008294,17.10657382,14.88068199,52.19176102,23.77212334,1.786145737,29.89466667,3.941095352,1.011750903,142.4495972,1966.763989,6,1.6149645321580037
CA_0005304,1995,598.85,729.1,498.81,-0.126818131,392.8543091,-115.6188,50.5271,661.3942,1967.139841,7.459008294,17.10657382,14.88068199,52.19176102,23.77212334,1.786145737,31.23995247,3.797940016,1.011011719,142.9962646,1988.12395,6,1.7426766272556748
CA_0005361,1989,429.77,713.81,584.89,1.272959661,424.7242737,-115.6354,49.6146,11579.71,1743.829823,5.799965604,21.1241822,15.13754749,46.60126877,33.38472748,1.509404576,39.43837891,3.245732546,1.252231958,149.3349518,4755.753613,6,1.685423982730766
CA_0005361,1990,460.95,744.05,576.18,1.272959661,425.3105591,-115.6354,49.6146,11579.71,1743.829823,5.799965604,21.1241822,15.13754749,46.60126877,33.38472748,1.509404576,38.76083984,3.320580959,1.256439966,147.2529755,4815.864746,6,1.6582731858276403
CA_0005361,1991,482.2,714.59,574.1,1.272959661,408.2605957,-115.6354,49.6146,11579.71,1743.829823,5.799965604,21.1241822,15.13754749,46.60126877,33.38472748,1.509404576,35.39490891,3.26952672,1.2527802,147.3270264,4834.165527,6,1.5718282269087342
CA_0005361,1992,481.4,747.62,565.39,1.272959661,415.7002625,-115.6354,49.6146,11579.71,1743.829823,5.799965604,21.1241822,15.13754749,46.60126877,33.38472748,1.509404576,34.69910431,3.145323038,1.243257739,146.2296295,4888.995605,6,1.6056029680200181
CA_0005361,1993,486.29,760.62,542.03,1.272959661,419.6897949,-115.6354,49.6146,11579.71,1743.829823,5.799965604,21.1241822,15.13754749,46.60126877,33.38472748,1.509404576,37.60191879,3.110414982,1.233271118,144.4449585,4840.530371,6,1.7296700158839877
CA_0005361,1994,478.14,734.7,557.82,1.272959661,408.8052063,-115.6354,49.6146,11579.71,1743.829823,5.799965604,21.1241822,15.13754749,46.60126877,33.38472748,1.509404576,38.32669678,3.296505213,1.234094531,145.0779999,4816.924512,6,1.5990719244143463
CA_0005361,1995,469.39,743.27,555.79,1.272959661,418.3699585,-115.6354,49.6146,11579.71,1743.829823,5.799965604,21.1241822,15.13754749,46.60126877,33.38472748,1.509404576,38.92108231,3.180478096,1.235180347,145.6405334,4847.229297,6,1.683397203002761
CA_0005361,1996,464.22,808.34,554.77,1.272959661,417.0887634,-115.6354,49.6146,11579.71,1743.829823,5.799965604,21.1241822,15.13754749,46.60126877,33.38472748,1.509404576,40.81956863,3.321427345,1.233761279,146.1206299,5011.634961,6,1.5529373119905012
CA_0005361,1997,484.69,818.13,542.15,1.272959661,410.7105042,-115.6354,49.6146,11579.71,1743.829823,5.799965604,21.1241822,15.13754749,46.60126877,33.38472748,1.509404576,43.9288887,3.313318014,1.23746792,146.5111206,5131.76543,6,1.5354725588120908
CA_0005361,1998,489.69,844.29,561.52,1.272959661,406.3675842,-115.6354,49.6146,11579.71,1743.829823,5.799965604,21.1241822,15.13754749,46.60126877,33.38472748,1.509404576,44.0183342,3.091353655,1.244463843,147.2538635,5231.241211,6,1.3896346176307992
CA_0005361,1999,533.78,854.04,545.72,1.272959661,412.6700928,-115.6354,49.6146,11579.71,1743.829823,5.799965604,21.1241822,15.13754749,46.60126877,33.38472748,1.509404576,43.87143707,3.36773777,1.239753638,146.9276245,5327.596289,6,1.4847932870760787
CA_0005361,2000,525.26,803.6,551.62,1.272959661,398.0140747,-115.6354,49.6146,11579.71,1743.829823,5.799965604,21.1241822,15.13754749,46.60126877,33.38472748,1.509404576,41.55293045,3.27063632,1.238036426,148.4912354,5409.532617,6,1.4153385907588534
CA_0005361,2001,461.82,723.38,566.92,1.272959661,397.0172668,-115.6354,49.6146,11579.71,1743.829823,5.799965604,21.1241822,15.13754749,46.60126877,33.38472748,1.509404576,38.19707489,3.391426563,1.24412146,149.5281372,5364.480957,6,1.4838126336011943
CA_0005361,2002,451.54,685.14,564.75,1.272959661,376.3192688,-115.6354,49.6146,11579.71,1743.829823,5.799965604,21.1241822,15.13754749,46.60126877,33.38472748,1.509404576,35.18460846,3.317986727,1.244514624,149.9643036,5370.579297,6,1.3972972181943815
CA_0005361,2003,447.81,657.95,566.99,1.272959661,363.0025696,-115.6354,49.6146,11579.71,1743.829823,5.799965604,21.1241822,15.13754749,46.60126877,33.38472748,1.509404576,33.10718613,3.307529211,1.240829492,151.3733582,5504.237695,6,1.3416995434529724
CA_0005361,2004,403.69,664.08,560.15,1.272959661,371.4353943,-115.6354,49.6146,11579.71,1743.829823,5.799965604,21.1241822,15.13754749,46.60126877,33.38472748,1.509404576,34.64356842,3.186097383,1.230087549,149.8596954,5518.502148,6,1.4122012986466501
CA_0005361,2005,405.28,693.08,558.98,1.272959661,385.5983276,-115.6354,49.6146,11579.71,1743.829823,5.799965604,21.1241822,15.13754749,46.60126877,33.38472748,1.509404576,37.42863312,3.208692312,1.225902075,148.6216522,5612.826855,6,1.473680313482801
CA_0005361,2006,444.27,729.18,556.86,1.272959661,396.9946655,-115.6354,49.6146,11579.71,1743.829823,5.799965604,21.1241822,15.13754749,46.60126877,33.38472748,1.509404576,39.11687927,3.214880466,1.216095728,147.9505188,5712.830566,6,1.5082047773023337
CA_0005361,2007,459.22,737.96,575.57,1.272959661,405.6004272,-115.6354,49.6146,11579.71,1743.829823,5.799965604,21.1241822,15.13754749,46.60126877,33.38472748,1.509404576,38.66422577,3.278025627,1.217324976,147.9061401,5978.64873,6,1.4978604295659126
CA_0005361,2008,461.47,723.88,567.2,1.272959661,408.583728,-115.6354,49.6146,11579.71,1743.829823,5.799965604,21.1241822,15.13754749,46.60126877,33.38472748,1.509404576,38.36044006,3.29289341,1.220896484,147.6570038,5983.996875,6,1.581506290854943
CA_0005361,2009,451.65,698.72,578.01,1.272959661,393.075177,-115.6354,49.6146,11579.71,1743.829823,5.799965604,21.1241822,15.13754749,46.60126877,33.38472748,1.509404576,35.27817535,3.279533863,1.232712695,150.2362671,6051.096973,6,1.4627563849131877
CA_0005361,2010,435.75,687.07,567.47,1.272959661,383.9137329,-115.6354,49.6146,11579.71,1743.829823,5.799965604,21.1241822,15.13754749,46.60126877,33.38472748,1.509404576,33.66846848,3.138594627,1.222529834,149.3748993,6120.778613,6,1.4446277446829392
CA_0005361,2011,449.37,670.38,554.3,1.272959661,368.6651733,-115.6354,49.6146,11579.71,1743.829823,5.799965604,21.1241822,15.13754749,46.60126877,33.38472748,1.509404576,34.30696945,3.34069109,1.221150879,148.7291962,6471.692773,6,1.395793421382029
CA_0005361,2012,474.75,684.53,543.21,1.272959661,359.7963928,-115.6354,49.6146,11579.71,1743.829823,5.799965604,21.1241822,15.13754749,46.60126877,33.38472748,1.509404576,36.3713295,3.293816566,1.206125513,147.7970612,6402.551855,6,1.3363696385509767
CA_0005361,2013,495.99,680.81,536.06,1.272959661,355.9123413,-115.6354,49.6146,11579.71,1743.829823,5.799965604,21.1241822,15.13754749,46.60126877,33.38472748,1.509404576,37.32573242,3.221714258,1.208267114,147.0762024,6776.62168,6,1.3340213547354938
CA_0005361,2014,527.31,718.25,534.61,1.272959661,363.5729614,-115.6354,49.6146,11579.71,1743.829823,5.799965604,21.1241822,15.13754749,46.60126877,33.38472748,1.509404576,37.25784264,3.182678699,1.204980835,145.5152863,7046.426172,6,1.3362449225095552
CA_0005370,1989,985.5,898.95,562.96,2.711944628,413.7679993,-116.4354,49.7396,209.0283,1836.380104,6.540363281,21.10196556,13.14930534,49.46180725,33.19850159,1.488745002,46.97466583,3.037214041,1.151762085,149.9583801,736.550647,6,1.3726848011083408
CA_0005370,1990,1055.24,968.83,552.66,2.711944628,413.6697144,-116.4354,49.7396,209.0283,1836.380104,6.540363281,21.10196556,13.14930534,49.46180725,33.19850159,1.488745002,47.9821907,3.066237926,1.15887688,147.5976227,741.0021484,6,1.335741078780146
CA_0005370,1991,958.21,930.65,551.81,2.711944628,395.0142944,-116.4354,49.7396,209.0283,1836.380104,6.540363281,21.10196556,13.14930534,49.46180725,33.19850159,1.488745002,44.25495224,3.028642654,1.154837988,147.57677,729.4203369,6,1.2520571449489617
CA_0005370,1992,965.4,959.97,545.2,2.711944628,413.3794373,-116.4354,49.7396,209.0283,1836.380104,6.540363281,21.10196556,13.14930534,49.46180725,33.19850159,1.488745002,44.07871475,2.936952353,1.151545435,146.8310547,713.0868164,6,1.3693328709493837
CA_0005370,1993,923.34,952.68,525.61,2.711944628,421.6988647,-116.4354,49.7396,209.0283,1836.380104,6.540363281,21.10196556,13.14930534,49.46180725,33.19850159,1.488745002,46.5096199,2.869333029,1.134252783,145.2863892,687.2115112,6,1.5332909433532211
CA_0005370,1994,899.08,921.49,542.61,2.711944628,406.9320068,-116.4354,49.7396,209.0283,1836.380104,6.540363281,21.10196556,13.14930534,49.46180725,33.19850159,1.488745002,46.08709564,3.061523914,1.14408335,145.6785309,671.4336548,6,1.3712357549759104
CA_0005370,1995,868.76,936.97,543.83,2.711944628,419.9285767,-116.4354,49.7396,209.0283,1836.380104,6.540363281,21.10196556,13.14930534,49.46180725,33.19850159,1.488745002,46.02661896,2.993595123,1.14314541,146.3308594,674.1842773,6,1.4492516556178678
CA_0005370,1996,1029.25,1046.48,543.74,2.711944628,423.2205688,-116.4354,49.7396,209.0283,1836.380104,6.540363281,21.10196556,13.14930534,49.46180725,33.19850159,1.488745002,48.72700043,3.098809481,1.141529688,146.5920441,707.4016357,6,1.3671425933771824
CA_0005370,1997,1114.37,1078.92,526.32,2.711944628,410.5137207,-116.4354,49.7396,209.0283,1836.380104,6.540363281,21.10196556,13.14930534,49.46180725,33.19850159,1.488745002,53.57352448,3.047880888,1.145072241,146.0399506,745.6668579,6,1.319182659471202
CA_0005370,1998,1128.02,1128.75,545.48,2.711944628,404.8600037,-116.4354,49.7396,209.0283,1836.380104,6.540363281,21.10196556,13.14930534,49.46180725,33.19850159,1.488745002,53.6093811,2.908118963,1.157984302,146.7197632,783.8055664,6,1.1832275955390221
CA_0005370,1999,1231.12,1149.78,527.2,2.711944628,411.4954346,-116.4354,49.7396,209.0283,1836.380104,6.540363281,21.10196556,13.14930534,49.46180725,33.19850159,1.488745002,53.16385727,3.13316679,1.148640771,146.267337,790.0349487,6,1.2726210765543138
CA_0005370,2000,1216.25,1068.72,530.77,2.711944628,392.9251526,-116.4354,49.7396,209.0283,1836.380104,6.540363281,21.10196556,13.14930534,49.46180725,33.19850159,1.488745002,51.06257172,3.049309492,1.150506494,147.6945313,796.1141724,6,1.196208338330819
CA_0005370,2001,1082.53,953.92,542.43,2.711944628,389.9462952,-116.4354,49.7396,209.0283,1836.380104,6.540363281,21.10196556,13.14930534,49.46180725,33.19850159,1.488745002,48.57642822,3.145047665,1.165364795,148.4489624,753.6636719,6,1.2282616307135956
CA_0005370,2002,1064.34,894.54,544.27,2.711944628,366.783429,-116.4354,49.7396,209.0283,1836.380104,6.540363281,21.10196556,13.14930534,49.46180725,33.19850159,1.488745002,44.73295212,3.093642712,1.165188867,149.6053864,702.786731,6,1.1392796990379113
CA_0005370,2003,1115.89,853.75,549.63,2.711944628,352.1400024,-116.4354,49.7396,209.0283,1836.380104,6.540363281,21.10196556,13.14930534,49.46180725,33.19850159,1.488745002,42.68319016,3.10097599,1.161453687,150.982901,687.0699585,6,1.0840980218713085
CA_0005370,2004,1041.41,856.17,544.67,2.711944628,363.4617126,-116.4354,49.7396,209.0283,1836.380104,6.540363281,21.10196556,13.14930534,49.46180725,33.19850159,1.488745002,45.10985641,2.94897604,1.160258301,149.7201843,646.7623901,6,1.1523413201754713
CA_0005370,2005,1059.79,885.0,545.71,2.711944628,377.8365723,-116.4354,49.7396,209.0283,1836.380104,6.540363281,21.10196556,13.14930534,49.46180725,33.19850159,1.488745002,47.33119049,2.982428312,1.187287036,148.5750366,598.5773315,6,1.2062807948917114
CA_0005370,2006,1135.6,937.65,546.9,2.711944628,387.5840027,-116.4354,49.7396,209.0283,1836.380104,6.540363281,21.10196556,13.14930534,49.46180725,33.19850159,1.488745002,47.52871552,3.031404734,1.185379614,148.2851349,583.1780762,6,1.214946028490948
CA_0005370,2007,1131.05,940.41,563.43,2.711944628,393.4674438,-116.4354,49.7396,209.0283,1836.380104,6.540363281,21.10196556,13.14930534,49.46180725,33.19850159,1.488745002,47.24314423,3.086952209,1.202737964,148.1050476,577.2847656,6,1.202673588843773
CA_0005370,2008,1106.78,919.06,553.7,2.711944628,399.7788696,-116.4354,49.7396,209.0283,1836.380104,6.540363281,21.10196556,13.14930534,49.46180725,33.19850159,1.488745002,48.07490616,3.117833376,1.219506445,148.0826721,539.5847046,6,1.2872494798118295
CA_0005370,2009,1040.08,885.33,563.1,2.711944628,382.4400146,-116.4354,49.7396,209.0283,1836.380104,6.540363281,21.10196556,13.14930534,49.46180725,33.19850159,1.488745002,43.73800049,3.088952303,1.242037964,150.4704803,521.7834717,6,1.1887888932093298
CA_0005370,2010,979.44,885.67,548.68,2.711944628,369.7971497,-116.4354,49.7396,209.0283,1836.380104,6.540363281,21.10196556,13.14930534,49.46180725,33.19850159,1.488745002,43.05214386,2.961071253,1.214879639,149.3097229,509.3747864,6,1.1526484743714218
CA_0005370,2011,1009.76,856.11,534.99,2.711944628,353.3880066,-116.4354,49.7396,209.0283,1836.380104,6.540363281,21.10196556,13.14930534,49.46180725,33.19850159,1.488745002,45.27566757,3.129214287,1.200954639,148.2696747,494.5251526,6,1.1194666227941894
CA_0005370,2012,1080.94,887.96,524.3,2.711944628,349.0234253,-116.4354,49.7396,209.0283,1836.380104,6.540363281,21.10196556,13.14930534,49.46180725,33.19850159,1.488745002,48.13119049,3.106381178,1.170470361,146.898526,480.7755737,6,1.095245370548564
CA_0005370,2013,1118.92,886.44,516.34,2.711944628,343.2354248,-116.4354,49.7396,209.0283,1836.380104,6.540363281,21.10196556,13.14930534,49.46180725,33.19850159,1.488745002,49.27538071,3.023142815,1.164524072,145.9093811,466.2915527,6,1.0837942725089789
CA_0005370,2014,1176.54,940.52,516.63,2.711944628,352.7051331,-116.4354,49.7396,209.0283,1836.380104,6.540363281,21.10196556,13.14930534,49.46180725,33.19850159,1.488745002,50.23004913,3.011571407,1.149300903,144.3739563,488.9431641,6,1.0950660413970759
CA_0005463,1989,1150.06,1196.34,528.22,0.992278966,435.8114197,-116.9563,50.2312,4159.512,1732.217457,7.599422261,26.63210869,9.59587574,58.88371658,23.16154861,1.240075947,36.16465111,2.611098528,1.153808228,146.8754089,1460.189185,6,1.4184724498705041
CA_0005463,1990,1225.96,1249.01,520.5,0.992278966,440.3202271,-116.9563,50.2312,4159.512,1732.217457,7.599422261,26.63210869,9.59587574,58.88371658,23.16154861,1.240075947,36.34745827,2.652406454,1.160339722,144.9476379,1476.439111,6,1.4642747853925606
CA_0005463,1991,1265.0,1199.47,519.49,0.992278966,432.0928406,-116.9563,50.2312,4159.512,1732.217457,7.599422261,26.63210869,9.59587574,58.88371658,23.16154861,1.240075947,34.47926674,2.647621632,1.1603802,144.9677521,1472.085547,6,1.431726014374372
CA_0005463,1992,1284.58,1256.1,515.72,0.992278966,437.5115356,-116.9563,50.2312,4159.512,1732.217457,7.599422261,26.63210869,9.59587574,58.88371658,23.16154861,1.240075947,35.49687119,2.553236723,1.154707495,144.181015,1461.9021,6,1.462705995193666
CA_0005463,1993,1189.4,1230.86,501.85,0.992278966,433.1397644,-116.9563,50.2312,4159.512,1732.217457,7.599422261,26.63210869,9.59587574,58.88371658,23.16154861,1.240075947,37.15636597,2.468628168,1.149239258,143.0867737,1439.234668,6,1.5318438533611909
CA_0005463,1994,1255.87,1222.66,514.23,0.992278966,426.5662598,-116.9563,50.2312,4159.512,1732.217457,7.599422261,26.63210869,9.59587574,58.88371658,23.16154861,1.240075947,36.38094635,2.641418695,1.145825024,142.9988586,1430.974829,6,1.396694935003059
CA_0005463,1995,1177.73,1258.55,512.92,0.992278966,436.2033691,-116.9563,50.2312,4159.512,1732.217457,7.599422261,26.63210869,9.59587574,58.88371658,23.16154861,1.240075947,36.50209427,2.579397678,1.144547412,143.6760895,1446.832666,6,1.466344188305485
CA_0005463,1996,1194.91,1387.16,510.49,0.992278966,426.8031677,-116.9563,50.2312,4159.512,1732.217457,7.599422261,26.63210869,9.59587574,58.88371658,23.16154861,1.240075947,37.78485489,2.683881998,1.139237329,143.957132,1497.751099,6,1.321320364747769
CA_0005463,1997,1232.15,1412.69,495.33,0.992278966,419.1799744,-116.9563,50.2312,4159.512,1732.217457,7.599422261,26.63210869,9.59587574,58.88371658,23.16154861,1.240075947,39.17270966,2.650415182,1.136741138,143.1545563,1566.839233,6,1.3289960824262543
CA_0005463,1998,1377.3,1473.36,513.45,0.992278966,417.2619141,-116.9563,50.2312,4159.512,1732.217457,7.599422261,26.63210869,9.59587574,58.88371658,23.16154861,1.240075947,38.41102295,2.512352467,1.148265869,143.9056091,1649.613452,6,1.1992871017764801
CA_0005463,1999,1355.97,1475.23,496.11,0.992278966,417.5360352,-116.9563,50.2312,4159.512,1732.217457,7.599422261,26.63210869,9.59587574,58.88371658,23.16154861,1.240075947,38.90836945,2.691213131,1.142721289,143.3559113,1718.428418,6,1.2818535928036192
CA_0005463,2000,1493.15,1386.13,495.64,0.992278966,400.7668152,-116.9563,50.2312,4159.512,1732.217457,7.599422261,26.63210869,9.59587574,58.88371658,23.16154861,1.240075947,37.9952034,2.630674601,1.139097803,144.1380157,1766.278735,6,1.2011854784691876
CA_0005463,2001,1373.83,1240.56,505.8,0.992278966,401.9451843,-116.9563,50.2312,4159.512,1732.217457,7.599422261,26.63210869,9.59587574,58.88371658,23.16154861,1.240075947,37.04074554,2.751401663,1.145172974,144.5306305,1788.3604,6,1.2383284634953082
CA_0005463,2002,1324.43,1166.37,507.76,0.992278966,382.3482422,-116.9563,50.2312,4159.512,1732.217457,7.599422261,26.63210869,9.59587574,58.88371658,23.16154861,1.240075947,34.48028946,2.674804211,1.146762256,145.6710083,1811.919458,6,1.1479599811339358
CA_0005463,2003,1244.44,1123.02,506.67,0.992278966,365.2005249,-116.9563,50.2312,4159.512,1732.217457,7.599422261,26.63210869,9.59587574,58.88371658,23.16154861,1.240075947,33.10224228,2.684211969,1.138173975,146.5665131,1828.69939,6,1.078930708726495
CA_0005463,2004,1205.68,1131.24,506.79,0.992278966,373.0848389,-116.9563,50.2312,4159.512,1732.217457,7.599422261,26.63210869,9.59587574,58.88371658,23.16154861,1.240075947,33.79249496,2.559000969,1.124475244,145.640155,1784.906885,6,1.1168478349563986
CA_0005463,2005,1130.74,1159.04,512.49,0.992278966,384.7938171,-116.9563,50.2312,4159.512,1732.217457,7.599422261,26.63210869,9.59587574,58.88371658,23.16154861,1.240075947,34.53392029,2.601558924,1.128015234,144.8947845,1752.217212,6,1.1512094529204824
CA_0005463,2006,1201.69,1211.48,516.3,0.992278966,397.4323486,-116.9563,50.2312,4159.512,1732.217457,7.599422261,26.63210869,9.59587574,58.88371658,23.16154861,1.240075947,34.49874191,2.602515459,1.11979917,145.1299561,1730.441626,6,1.1856637447684455
CA_0005463,2007,1234.54,1230.51,528.3,0.992278966,406.3458923,-116.9563,50.2312,4159.512,1732.217457,7.599422261,26.63210869,9.59587574,58.88371658,23.16154861,1.240075947,35.22852097,2.643629313,1.114729736,144.8153748,1696.765601,6,1.188526602468575
CA_0005463,2008,1269.7,1203.94,518.78,0.992278966,412.7570007,-116.9563,50.2312,4159.512,1732.217457,7.599422261,26.63210869,9.59587574,58.88371658,23.16154861,1.240075947,35.78043442,2.679340839,1.111995166,144.4345367,1658.86687,6,1.2807731502008932
CA_0005463,2009,1260.98,1155.49,527.42,0.992278966,401.3183899,-116.9563,50.2312,4159.512,1732.217457,7.599422261,26.63210869,9.59587574,58.88371658,23.16154861,1.240075947,33.7668972,2.678936958,1.140614795,146.7734283,1657.721631,6,1.2031327216289447
CA_0005463,2010,1226.04,1128.0,517.62,0.992278966,390.6223755,-116.9563,50.2312,4159.512,1732.217457,7.599422261,26.63210869,9.59587574,58.88371658,23.16154861,1.240075947,32.99329185,2.580181599,1.131267798,145.9372162,1659.151855,6,1.1869151382481522
CA_0005463,2011,1272.18,1090.33,503.42,0.992278966,372.4438416,-116.9563,50.2312,4159.512,1732.217457,7.599422261,26.63210869,9.59587574,58.88371658,23.16154861,1.240075947,33.60970573,2.684703827,1.117746118,144.6196014,1657.097363,6,1.1459839277054784
CA_0005463,2012,1294.12,1087.73,493.64,0.992278966,360.7568665,-116.9563,50.2312,4159.512,1732.217457,7.599422261,26.63210869,9.59587574,58.88371658,23.16154861,1.240075947,33.91479607,2.6679492,1.10453772,143.4632599,1661.143115,6,1.109585549478055
CA_0005463,2013,1319.41,1073.55,491.4,0.992278966,354.5638123,-116.9563,50.2312,4159.512,1732.217457,7.599422261,26.63210869,9.59587574,58.88371658,23.16154861,1.240075947,33.89018745,2.609070301,1.112370215,142.7836853,1671.05144,6,1.0892555974882252
CA_0005463,2014,1359.45,1129.79,491.17,0.992278966,359.7212341,-116.9563,50.2312,4159.512,1732.217457,7.599422261,26.63210869,9.59587574,58.88371658,23.16154861,1.240075947,34.76516418,2.581509352,1.107963452,141.2816376,1704.692236,6,1.088847969436231
CA_0005464,1989,1427.79,1261.94,496.54,0.126143789,428.4771912,-117.0479,50.6396,1325.187,1903.473971,8.411514628,27.00759106,11.50245094,54.11090851,21.6868763,1.609873287,34.30401192,2.702929735,0.968332813,146.0044006,251.9084686,6,1.49835419574848
CA_0005464,1990,1478.58,1310.04,488.28,0.126143789,430.4506287,-117.0479,50.6396,1325.187,1903.473971,8.411514628,27.00759106,11.50245094,54.11090851,21.6868763,1.609873287,34.28765755,2.754144907,0.974783789,144.1834808,255.7510376,6,1.552213187181811
CA_0005464,1991,1513.49,1258.55,486.32,0.126143789,424.7020874,-117.0479,50.6396,1325.187,1903.473971,8.411514628,27.00759106,11.50245094,54.11090851,21.6868763,1.609873287,32.71851692,2.74710083,0.973402502,144.2276825,257.3722382,6,1.5380356795686116
CA_0005464,1992,1510.87,1319.3,482.02,0.126143789,424.9113647,-117.0479,50.6396,1325.187,1903.473971,8.411514628,27.00759106,11.50245094,54.11090851,21.6868763,1.609873287,33.70691948,2.652712584,0.96606615,143.4154877,258.6179871,6,1.533965338219478
CA_0005464,1993,1427.79,1294.03,469.48,0.126143789,417.3831421,-117.0479,50.6396,1325.187,1903.473971,8.411514628,27.00759106,11.50245094,54.11090851,21.6868763,1.609873287,35.36895905,2.566553831,0.958899817,142.3733948,257.7810608,6,1.5721328952222164
CA_0005464,1994,1447.05,1286.34,481.6,0.126143789,413.4004333,-117.0479,50.6396,1325.187,1903.473971,8.411514628,27.00759106,11.50245094,54.11090851,21.6868763,1.609873287,34.6370491,2.737217903,0.956842481,142.2649567,258.3027588,6,1.4331629051855703
CA_0005464,1995,1450.42,1322.6,480.44,0.126143789,424.3356445,-117.0479,50.6396,1325.187,1903.473971,8.411514628,27.00759106,11.50245094,54.11090851,21.6868763,1.609873287,35.05113678,2.667443514,0.950804309,142.9137848,261.7667175,6,1.5386302562454068
CA_0005464,1996,1496.15,1455.03,477.82,0.126143789,413.102832,-117.0479,50.6396,1325.187,1903.473971,8.411514628,27.00759106,11.50245094,54.11090851,21.6868763,1.609873287,36.11439209,2.786219597,0.948182251,143.2309448,268.6199005,6,1.3625030792172026
CA_0005464,1997,1565.73,1478.25,464.95,0.126143789,406.3156372,-117.0479,50.6396,1325.187,1903.473971,8.411514628,27.00759106,11.50245094,54.11090851,21.6868763,1.609873287,37.09571075,2.749813318,0.945094055,142.5078461,279.4113586,6,1.3754943927942553
CA_0005464,1998,1622.06,1539.29,481.73,0.126143789,404.6863647,-117.0479,50.6396,1325.187,1903.473971,8.411514628,27.00759106,11.50245094,54.11090851,21.6868763,1.609873287,36.23097153,2.60604167,0.956653491,143.2752869,290.4710754,6,1.2310434430476613
CA_0005464,1999,1665.63,1537.89,462.94,0.126143789,401.239386,-117.0479,50.6396,1325.187,1903.473971,8.411514628,27.00759106,11.50245094,54.11090851,21.6868763,1.609873287,36.81587601,2.783875704,0.950527795,142.723941,300.5358521,6,1.3132946574393791
CA_0005464,2000,1653.3,1451.27,460.9,0.126143789,384.8404297,-117.0479,50.6396,1325.187,1903.473971,8.411514628,27.00759106,11.50245094,54.11090851,21.6868763,1.609873287,35.91743011,2.727400064,0.950595984,143.4336884,315.4000427,6,1.2212645820673653
CA_0005464,2001,1498.32,1297.21,470.93,0.126143789,386.3658447,-117.0479,50.6396,1325.187,1903.473971,8.411514628,27.00759106,11.50245094,54.11090851,21.6868763,1.609873287,35.0911541,2.851783752,0.954291211,143.8036652,332.7533997,6,1.2520336004352028
CA_0005464,2002,1469.19,1221.9,471.72,0.126143789,369.059491,-117.0479,50.6396,1325.187,1903.473971,8.411514628,27.00759106,11.50245094,54.11090851,21.6868763,1.609873287,32.62526093,2.773815155,0.959354651,144.8294464,357.1373108,6,1.1633736838274094
CA_0005464,2003,1489.41,1179.33,469.69,0.126143789,354.0997009,-117.0479,50.6396,1325.187,1903.473971,8.411514628,27.00759106,11.50245094,54.11090851,21.6868763,1.609873287,31.29065208,2.778042555,0.949575635,145.65383,383.5600708,6,1.0983337587286195
CA_0005464,2004,1440.15,1186.97,470.0,0.126143789,360.9780273,-117.0479,50.6396,1325.187,1903.473971,8.411514628,27.00759106,11.50245094,54.11090851,21.6868763,1.609873287,31.81947136,2.656953096,0.938523084,144.7304047,404.9881165,6,1.1352524946506501
CA_0005464,2005,1428.51,1214.15,476.83,0.126143789,372.4366699,-117.0479,50.6396,1325.187,1903.473971,8.411514628,27.00759106,11.50245094,54.11090851,21.6868763,1.609873287,32.22632942,2.698055506,0.942272327,144.050238,425.7645203,6,1.1697024551556956
CA_0005464,2006,1496.88,1265.8,481.47,0.126143789,387.0749023,-117.0479,50.6396,1325.187,1903.473971,8.411514628,27.00759106,11.50245094,54.11090851,21.6868763,1.609873287,32.47987976,2.688272476,0.940430774,144.3207825,444.4651062,6,1.2242310820930071
CA_0005464,2007,1494.23,1288.36,492.94,0.126143789,396.0907288,-117.0479,50.6396,1325.187,1903.473971,8.411514628,27.00759106,11.50245094,54.11090851,21.6868763,1.609873287,33.64308243,2.727521896,0.936344727,144.0305756,459.7605835,6,1.2266061206969356
CA_0005464,2008,1480.94,1260.31,484.28,0.126143789,401.7742737,-117.0479,50.6396,1325.187,1903.473971,8.411514628,27.00759106,11.50245094,54.11090851,21.6868763,1.609873287,34.21078148,2.766371489,0.934486804,143.5702271,470.7255615,6,1.3265854040873217
CA_0005464,2009,1446.32,1211.03,494.84,0.126143789,395.5852112,-117.0479,50.6396,1325.187,1903.473971,8.411514628,27.00759106,11.50245094,54.11090851,21.6868763,1.609873287,32.08453178,2.768463373,0.960951294,145.9314575,476.9175049,6,1.2564281159079147
CA_0005464,2010,1428.51,1176.37,484.84,0.126143789,384.5087524,-117.0479,50.6396,1325.187,1903.473971,8.411514628,27.00759106,11.50245094,54.11090851,21.6868763,1.609873287,30.93391495,2.672209024,0.954041016,145.192215,479.0902344,6,1.2401402406792479
CA_0005464,2011,1451.38,1139.78,471.57,0.126143789,366.34198,-117.0479,50.6396,1325.187,1903.473971,8.411514628,27.00759106,11.50245094,54.11090851,21.6868763,1.609873287,31.16835098,2.771579742,0.936761047,143.87771,479.5028076,6,1.1890249328688989
CA_0005464,2012,1483.36,1131.42,461.81,0.126143789,352.4694824,-117.0479,50.6396,1325.187,1903.473971,8.411514628,27.00759106,11.50245094,54.11090851,21.6868763,1.609873287,30.84972305,2.75609374,0.919064099,142.7823181,473.6069763,6,1.1390184645919081
CA_0005464,2013,1508.67,1113.67,459.98,0.126143789,344.7108276,-117.0479,50.6396,1325.187,1903.473971,8.411514628,27.00759106,11.50245094,54.11090851,21.6868763,1.609873287,30.53165016,2.705872297,0.924528308,142.1817047,470.6593811,6,1.1063411854508012
CA_0005464,2014,1577.04,1170.41,460.76,0.126143789,347.5010376,-117.0479,50.6396,1325.187,1903.473971,8.411514628,27.00759106,11.50245094,54.11090851,21.6868763,1.609873287,31.76015739,2.66904521,0.921914551,140.6917572,477.7360962,6,1.092735526997501
CA_0005472,1989,959.56,976.71,530.17,1.722546387,413.1060486,-116.7854,50.0812,580.7097,2028.01428,7.680992226,20.98962468,12.48611069,51.74305725,27.52462196,0.93134336,41.73724594,3.12580657,0.868267188,148.9107483,112.8198883,6,1.4115087283679653
CA_0005472,1990,1022.63,1041.26,519.31,1.722546387,409.7374695,-116.7854,50.0812,580.7097,2028.01428,7.680992226,20.98962468,12.48611069,51.74305725,27.52462196,0.93134336,42.56721802,3.146891594,0.876714722,146.6345306,115.5082886,6,1.3733158208338812
CA_0005472,1991,1023.71,997.09,516.94,1.722546387,389.1923889,-116.7854,50.0812,580.7097,2028.01428,7.680992226,20.98962468,12.48611069,51.74305725,27.52462196,0.93134336,39.13044662,3.125119209,0.878843103,146.6240509,115.956041,6,1.2702164210912885
CA_0005472,1992,1097.32,1035.13,511.83,1.722546387,401.2276245,-116.7854,50.0812,580.7097,2028.01428,7.680992226,20.98962468,12.48611069,51.74305725,27.52462196,0.93134336,39.27108154,3.031058311,0.876374207,145.8199768,116.0161102,6,1.3455906015496883
CA_0005472,1993,1069.53,1029.68,495.6,1.722546387,406.6555542,-116.7854,50.0812,580.7097,2028.01428,7.680992226,20.98962468,12.48611069,51.74305725,27.52462196,0.93134336,41.68348846,2.968029022,0.873613403,144.3594452,115.0858032,6,1.4775347792646125
CA_0005472,1994,1064.14,1000.66,511.4,1.722546387,393.740625,-116.7854,50.0812,580.7097,2028.01428,7.680992226,20.98962468,12.48611069,51.74305725,27.52462196,0.93134336,40.85018311,3.153412819,0.875521997,144.620343,114.367981,6,1.3201625986473369
CA_0005472,1995,1012.39,1021.35,513.28,1.722546387,408.0930054,-116.7854,50.0812,580.7097,2028.01428,7.680992226,20.98962468,12.48611069,51.74305725,27.52462196,0.93134336,40.82555542,3.080634832,0.8763729,145.2989471,117.0077026,6,1.4052794946439262
CA_0005472,1996,887.05,1138.89,511.77,1.722546387,408.6485596,-116.7854,50.0812,580.7097,2028.01428,7.680992226,20.98962468,12.48611069,51.74305725,27.52462196,0.93134336,43.11256485,3.189563513,0.874398047,145.619455,121.4976486,6,1.3234849369649615
CA_0005472,1997,949.31,1167.14,496.99,1.722546387,398.2399841,-116.7854,50.0812,580.7097,2028.01428,7.680992226,20.98962468,12.48611069,51.74305725,27.52462196,0.93134336,46.57028809,3.146759272,0.874629688,145.1283478,123.9199493,6,1.2928772656566387
CA_0005472,1998,971.96,1218.03,514.34,1.722546387,392.0606201,-116.7854,50.0812,580.7097,2028.01428,7.680992226,20.98962468,12.48611069,51.74305725,27.52462196,0.93134336,46.09417801,3.004656076,0.879140881,145.7959351,124.6179825,6,1.156718006280287
CA_0005472,1999,995.14,1238.35,495.26,1.722546387,398.0203125,-116.7854,50.0812,580.7097,2028.01428,7.680992226,20.98962468,12.48611069,51.74305725,27.52462196,0.93134336,45.98626709,3.215754032,0.871742957,145.3134155,136.5101349,6,1.2566576093770818
CA_0005472,2000,997.32,1156.13,496.11,1.722546387,379.5511108,-116.7854,50.0812,580.7097,2028.01428,7.680992226,20.98962468,12.48611069,51.74305725,27.52462196,0.93134336,44.45158386,3.143544436,0.863293604,146.6386505,158.2967239,6,1.1753609140726446
CA_0005472,2001,985.97,1031.92,509.73,1.722546387,378.0755554,-116.7854,50.0812,580.7097,2028.01428,7.680992226,20.98962468,12.48611069,51.74305725,27.52462196,0.93134336,42.35499802,3.243398905,0.867693604,147.309021,174.0853714,6,1.1968934744582966
CA_0005472,2002,887.32,970.27,510.01,1.722546387,354.9882446,-116.7854,50.0812,580.7097,2028.01428,7.680992226,20.98962468,12.48611069,51.74305725,27.52462196,0.93134336,38.46833344,3.186785936,0.870025122,148.4028778,195.8230148,6,1.1037199630552406
CA_0005472,2003,883.55,932.15,513.56,1.722546387,341.8828491,-116.7854,50.0812,580.7097,2028.01428,7.680992226,20.98962468,12.48611069,51.74305725,27.52462196,0.93134336,36.26253967,3.196124077,0.870914319,149.7208771,216.1651245,6,1.051841622375706
CA_0005472,2004,880.56,932.04,509.26,1.722546387,351.0892029,-116.7854,50.0812,580.7097,2028.01428,7.680992226,20.98962468,12.48611069,51.74305725,27.52462196,0.93134336,37.86148148,3.053333521,0.863775916,148.50448,230.3818481,6,1.1101832051301332
CA_0005472,2005,899.72,959.2,513.0,1.722546387,365.2654053,-116.7854,50.0812,580.7097,2028.01428,7.680992226,20.98962468,12.48611069,51.74305725,27.52462196,0.93134336,39.49899445,3.085251331,0.880923962,147.3758881,229.7147034,6,1.1611997417812878
CA_0005472,2006,960.1,1012.17,513.74,1.722546387,376.1844543,-116.7854,50.0812,580.7097,2028.01428,7.680992226,20.98962468,12.48611069,51.74305725,27.52462196,0.93134336,39.85060806,3.120039463,0.874180335,147.1491425,229.2685089,6,1.1863400440491432
CA_0005472,2007,1049.04,1020.26,529.72,1.722546387,384.744458,-116.7854,50.0812,580.7097,2028.01428,7.680992226,20.98962468,12.48611069,51.74305725,27.52462196,0.93134336,40.47026367,3.176653624,0.87354856,146.9274506,239.7736206,6,1.1839513592402273
CA_0005472,2008,1051.38,996.89,520.68,1.722546387,391.5790588,-116.7854,50.0812,580.7097,2028.01428,7.680992226,20.98962468,12.48611069,51.74305725,27.52462196,0.93134336,41.82335892,3.208822489,0.87403501,146.8062561,250.4129852,6,1.2732559061663096
CA_0005472,2009,1011.31,965.91,533.03,1.722546387,381.1901672,-116.7854,50.0812,580.7097,2028.01428,7.680992226,20.98962468,12.48611069,51.74305725,27.52462196,0.93134336,38.47047577,3.186838627,0.893686572,149.2016235,247.0808228,6,1.1932721248376503
CA_0005472,2010,969.8,959.31,518.87,1.722546387,368.0342896,-116.7854,50.0812,580.7097,2028.01428,7.680992226,20.98962468,12.48611069,51.74305725,27.52462196,0.93134336,37.35624237,3.058849335,0.880164954,148.132251,252.9784882,6,1.1609045875546737
CA_0005472,2011,992.44,928.26,505.49,1.722546387,351.1035034,-116.7854,50.0812,580.7097,2028.01428,7.680992226,20.98962468,12.48611069,51.74305725,27.52462196,0.93134336,39.06073914,3.212949276,0.865563513,147.0884674,259.1449982,6,1.122540573456191
CA_0005472,2012,1021.11,950.57,492.63,1.722546387,339.4276367,-116.7854,50.0812,580.7097,2028.01428,7.680992226,20.98962468,12.48611069,51.74305725,27.52462196,0.93134336,40.74862289,3.188426018,0.846634876,145.7977509,246.1835541,6,1.075959301936415
CA_0005472,2013,1035.57,943.03,486.08,1.722546387,330.6000244,-116.7854,50.0812,580.7097,2028.01428,7.680992226,20.98962468,12.48611069,51.74305725,27.52462196,0.93134336,40.67806778,3.120740414,0.851893103,144.8778015,235.3957123,6,1.0497097653058194
CA_0005472,2014,897.56,996.02,486.63,1.722546387,336.8746277,-116.7854,50.0812,580.7097,2028.01428,7.680992226,20.98962468,12.48611069,51.74305725,27.52462196,0.93134336,41.63716888,3.096362352,0.84012721,143.3525421,240.2444611,6,1.0500375206665733
CA_0005473,1989,1110.39,983.64,496.95,0.918333378,402.7583435,-116.5729,50.1604,119.0704,2162.905961,8.539690211,20.49273141,14.7890625,46.4453125,22.0535717,1.063961282,41.1011116,3.362639189,0.994040259,148.3350006,78.52608185,6,1.4785285453667967
CA_0005473,1990,1245.54,1042.92,484.82,0.918333378,396.0383423,-116.5729,50.1604,119.0704,2162.905961,8.539690211,20.49273141,14.7890625,46.4453125,22.0535717,1.063961282,41.75375061,3.388333082,1.007529163,146.0823578,80.29546661,6,1.4280957001013352
CA_0005473,1991,1301.19,996.92,480.9,0.918333378,374.1099976,-116.5729,50.1604,119.0704,2162.905961,8.539690211,20.49273141,14.7890625,46.4453125,22.0535717,1.063961282,37.89944382,3.361319304,1.007231934,146.085553,80.50970612,6,1.3025339596328012
CA_0005473,1992,1299.44,1037.7,476.05,0.918333378,379.7399902,-116.5729,50.1604,119.0704,2162.905961,8.539690211,20.49273141,14.7890625,46.4453125,22.0535717,1.063961282,37.49402771,3.267430544,0.9991,145.2406891,80.47980804,6,1.3369281974898455
CA_0005473,1993,1269.39,1034.37,461.58,0.918333378,383.6616577,-116.5729,50.1604,119.0704,2162.905961,8.539690211,20.49273141,14.7890625,46.4453125,22.0535717,1.063961282,40.43472366,3.207916498,0.978829163,143.7466583,79.82348175,6,1.4558878210890203
CA_0005473,1994,1269.39,1002.78,477.86,0.918333378,371.2150024,-116.5729,50.1604,119.0704,2162.905961,8.539690211,20.49273141,14.7890625,46.4453125,22.0535717,1.063961282,39.72930679,3.393888712,0.982840259,144.056662,79.46104126,6,1.2888411836995883
CA_0005473,1995,1189.89,1022.37,480.89,0.918333378,386.5633362,-116.5729,50.1604,119.0704,2162.905961,8.539690211,20.49273141,14.7890625,46.4453125,22.0535717,1.063961282,39.97791672,3.31131959,0.985273584,144.7159698,81.50570221,6,1.3827104767189693
CA_0005473,1996,1161.26,1139.09,479.76,0.918333378,387.7983398,-116.5729,50.1604,119.0704,2162.905961,8.539690211,20.49273141,14.7890625,46.4453125,22.0535717,1.063961282,42.47930603,3.432986021,0.984159717,145.0780548,85.03378906,6,1.3111483329321354
CA_0005473,1997,1211.09,1163.84,467.19,0.918333378,378.4566772,-116.5729,50.1604,119.0704,2162.905961,8.539690211,20.49273141,14.7890625,46.4453125,22.0535717,1.063961282,45.93583298,3.387916803,0.990519458,144.7361145,87.62625275,6,1.2825651919461003
CA_0005473,1998,1213.74,1213.99,482.85,0.918333378,371.9300049,-116.5729,50.1604,119.0704,2162.905961,8.539690211,20.49273141,14.7890625,46.4453125,22.0535717,1.063961282,45.06611023,3.238610983,1.002725024,145.401947,90.86878204,6,1.1445040381786504
CA_0005473,1999,1279.99,1234.44,461.79,0.918333378,376.6383301,-116.5729,50.1604,119.0704,2162.905961,8.539690211,20.49273141,14.7890625,46.4453125,22.0535717,1.063961282,44.4855545,3.455346823,0.992480591,144.9329163,107.176857,6,1.2543317098469051
CA_0005473,2000,1264.9,1154.14,460.58,0.918333378,358.3099976,-116.5729,50.1604,119.0704,2162.905961,8.539690211,20.49273141,14.7890625,46.4453125,22.0535717,1.063961282,42.67833328,3.384791374,0.975533362,146.3005554,134.5942184,6,1.169830839870378
CA_0005473,2001,1166.04,1029.58,475.29,0.918333378,356.6233215,-116.5729,50.1604,119.0704,2162.905961,8.539690211,20.49273141,14.7890625,46.4453125,22.0535717,1.063961282,39.7970829,3.483124733,0.976019458,147.008606,153.1554565,6,1.1774792498585924
CA_0005473,2002,1142.19,969.48,474.63,0.918333378,335.6833252,-116.5729,50.1604,119.0704,2162.905961,8.539690211,20.49273141,14.7890625,46.4453125,22.0535717,1.063961282,35.12319412,3.429305792,0.977483337,147.9855499,182.4410187,6,1.0904798014653876
CA_0005473,2003,1197.84,932.51,477.27,0.918333378,323.9483337,-116.5729,50.1604,119.0704,2162.905961,8.539690211,20.49273141,14.7890625,46.4453125,22.0535717,1.063961282,32.76402626,3.434444189,0.978909705,149.3286102,211.7881104,6,1.0421646563581741
CA_0005473,2004,1214.41,933.23,472.34,0.918333378,332.0483337,-116.5729,50.1604,119.0704,2162.905961,8.539690211,20.49273141,14.7890625,46.4453125,22.0535717,1.063961282,34.83791542,3.29256916,0.959570825,148.0587494,231.8365845,6,1.0991527927822464
CA_0005474,1989,1055.76,1107.02,525.01,2.733333349,423.8716797,-117.1229,49.8729,87.4293,1906.166203,7.498510194,24.27419967,5.5625,69.1875,23.22916603,2.573832065,60.85250168,3.038194418,0.845411121,149.3651459,982.5232544,6,1.4047275612282961
CA_0005474,1990,1117.26,1189.41,511.43,2.733333349,419.5549927,-117.1229,49.8729,87.4293,1906.166203,7.498510194,24.27419967,5.5625,69.1875,23.22916603,2.573832065,62.53166656,3.055069685,0.842807642,147.0307037,991.1646484,6,1.3757329903838378
CA_0005474,1991,1161.67,1148.67,507.78,2.733333349,399.2216431,-117.1229,49.8729,87.4293,1906.166203,7.498510194,24.27419967,5.5625,69.1875,23.22916603,2.573832065,57.69333191,3.041110992,0.832690283,146.9797272,978.5619507,6,1.265696409014327
CA_0005474,1992,1181.99,1183.38,502.87,2.733333349,413.7166382,-117.1229,49.8729,87.4293,1906.166203,7.498510194,24.27419967,5.5625,69.1875,23.22916603,2.573832065,57.71652679,2.949860811,0.820888196,146.3256989,959.7268433,6,1.3759758844866163
CA_0005474,1993,1134.34,1170.21,487.58,2.733333349,419.1116394,-117.1229,49.8729,87.4293,1906.166203,7.498510194,24.27419967,5.5625,69.1875,23.22916603,2.573832065,60.81124802,2.868472338,0.802492371,144.9947296,928.8175049,6,1.5335034120896323
CA_0005474,1994,1113.84,1143.16,503.95,2.733333349,408.8266479,-117.1229,49.8729,87.4293,1906.166203,7.498510194,24.27419967,5.5625,69.1875,23.22916603,2.573832065,59.35583038,3.054930687,0.802307629,145.0822296,909.5220703,6,1.3584916961192912
CA_0005474,1995,1089.92,1170.19,510.39,2.733333349,424.2233215,-117.1229,49.8729,87.4293,1906.166203,7.498510194,24.27419967,5.5625,69.1875,23.22916603,2.573832065,58.92347107,3.018124819,0.807700671,145.8375061,914.9989624,6,1.4352457610231983
CA_0005474,1996,1096.33,1300.26,506.63,2.733333349,422.7449951,-117.1229,49.8729,87.4293,1906.166203,7.498510194,24.27419967,5.5625,69.1875,23.22916603,2.573832065,62.16735992,3.076874971,0.813227051,145.9657043,957.4449829,6,1.3567533889077046
CA_0005474,1997,1195.84,1345.07,491.1,2.733333349,410.9766663,-117.1229,49.8729,87.4293,1906.166203,7.498510194,24.27419967,5.5625,69.1875,23.22916603,2.573832065,67.11985855,3.046111107,0.816120117,144.8755646,1007.980005,6,1.3188635399709774
CA_0005474,1998,1223.17,1409.86,507.85,2.733333349,406.8599915,-117.1229,49.8729,87.4293,1906.166203,7.498510194,24.27419967,5.5625,69.1875,23.22916603,2.573832065,66.34291458,2.923472166,0.832346509,145.5565369,1055.278918,6,1.1811721710676413
CA_0005474,1999,1318.84,1431.27,487.23,2.733333349,408.1783264,-117.1229,49.8729,87.4293,1906.166203,7.498510194,24.27419967,5.5625,69.1875,23.22916603,2.573832065,66.62861023,3.123193979,0.833035413,145.0355652,1076.430408,6,1.274786028888686
CA_0005474,2000,1319.03,1329.67,487.76,2.733333349,390.7049866,-117.1229,49.8729,87.4293,1906.166203,7.498510194,24.27419967,5.5625,69.1875,23.22916603,2.573832065,64.65583115,3.038541794,0.826628479,146.1638977,1110.521997,6,1.1917282807047997
CA_0005474,2001,1209.51,1195.6,504.47,2.733333349,392.6966614,-117.1229,49.8729,87.4293,1906.166203,7.498510194,24.27419967,5.5625,69.1875,23.22916603,2.573832065,61.93110962,3.144930601,0.834897925,146.7044495,1075.256396,6,1.2068879410037172
CA_0005474,2002,1158.26,1117.4,505.59,2.733333349,367.7766602,-117.1229,49.8729,87.4293,1906.166203,7.498510194,24.27419967,5.5625,69.1875,23.22916603,2.573832065,56.2140274,3.075277567,0.835472925,148.2540314,1025.509119,6,1.0984668583965058
CA_0005474,2003,1151.42,1065.31,511.68,2.733333349,356.3133301,-117.1229,49.8729,87.4293,1906.166203,7.498510194,24.27419967,5.5625,69.1875,23.22916603,2.573832065,52.61430664,3.099236488,0.836025708,149.4631958,1038.027869,6,1.0508730664728334
CA_0005474,2004,1075.78,1067.63,511.44,2.733333349,369.4083252,-117.1229,49.8729,87.4293,1906.166203,7.498510194,24.27419967,5.5625,69.1875,23.22916603,2.573832065,54.34819336,2.950485945,0.797534729,148.4748596,1021.071936,6,1.1186693340845966
CA_0005474,2005,1096.76,1098.9,514.78,2.733333349,381.7600037,-117.1229,49.8729,87.4293,1906.166203,7.498510194,24.27419967,5.5625,69.1875,23.22916603,2.573832065,56.0344429,2.9959023,0.780760437,147.4597198,973.0024292,6,1.160570671536889
CA_0005474,2006,1154.84,1163.87,514.08,2.733333349,387.5149902,-117.1229,49.8729,87.4293,1906.166203,7.498510194,24.27419967,5.5625,69.1875,23.22916603,2.573832065,55.98472061,3.040208578,0.74823822,147.4620819,968.6851318,6,1.1594272074588174
CA_0005474,2007,1137.76,1168.22,528.47,2.733333349,398.3716614,-117.1229,49.8729,87.4293,1906.166203,7.498510194,24.27419967,5.5625,69.1875,23.22916603,2.573832065,56.46472168,3.086874723,0.714395862,147.1213898,989.5159668,6,1.1748690815676421
CA_0005474,2008,1147.73,1145.76,518.42,2.733333349,409.1883301,-117.1229,49.8729,87.4293,1906.166203,7.498510194,24.27419967,5.5625,69.1875,23.22916603,2.573832065,59.05874939,3.112569094,0.672629187,147.0823608,952.5605347,6,1.2942499712913071
CA_0005474,2009,1117.26,1103.55,528.92,2.733333349,399.1416626,-117.1229,49.8729,87.4293,1906.166203,7.498510194,24.27419967,5.5625,69.1875,23.22916603,2.573832065,54.83111191,3.098402739,0.685184753,149.3299988,910.1075073,6,1.216956348762442
CA_0005474,2010,1072.84,1105.01,513.25,2.733333349,383.6616638,-117.1229,49.8729,87.4293,1906.166203,7.498510194,24.27419967,5.5625,69.1875,23.22916603,2.573832065,53.65152893,2.993889093,0.6725396,148.1077789,885.9173096,6,1.1729023040845945
CA_0005474,2011,1103.59,1063.39,501.34,2.733333349,369.3916748,-117.1229,49.8729,87.4293,1906.166203,7.498510194,24.27419967,5.5625,69.1875,23.22916603,2.573832065,56.33014145,3.125694275,0.657854175,146.8531952,857.7536987,6,1.1504511248871034
CA_0005474,2012,1175.13,1095.83,489.0,2.733333349,357.3166687,-117.1229,49.8729,87.4293,1906.166203,7.498510194,24.27419967,5.5625,69.1875,23.22916603,2.573832065,59.52444534,3.107569456,0.648311108,145.4111115,823.6415894,6,1.0993465544693561
CA_0005474,2013,1202.67,1088.43,482.27,2.733333349,344.6833374,-117.1229,49.8729,87.4293,1906.166203,7.498510194,24.27419967,5.5625,69.1875,23.22916603,2.573832065,60.07222366,3.010416746,0.664828479,144.4320862,795.3963989,6,1.0530973019363847
CA_0005474,2014,1223.17,1150.94,483.98,2.733333349,351.6483459,-117.1229,49.8729,87.4293,1906.166203,7.498510194,24.27419967,5.5625,69.1875,23.22916603,2.573832065,61.46555634,3.023124695,0.669420142,142.9220886,821.4028442,6,1.0552922649778915
CA_0005598,1989,689.96,1028.63,596.92,2.733333397,454.9758301,-117.4479,49.6979,180.3278,1677.514093,6.014292753,25.02277917,6.598958492,67.30728912,23.53645897,1.545863182,67.33701401,2.724062681,1.262777759,150.8784027,1552.081006,6,1.4065705125545456
CA_0005598,1990,731.77,1105.98,586.51,2.733333397,459.6950012,-117.4479,49.6979,180.3278,1677.514093,6.014292753,25.02277917,6.598958492,67.30728912,23.53645897,1.545863182,68.80812454,2.741978884,1.265063843,148.5256927,1572.868823,6,1.4083034184128584
CA_0005598,1991,806.69,1072.23,586.39,2.733333397,445.480011,-117.4479,49.6979,180.3278,1677.514093,6.014292753,25.02277917,6.598958492,67.30728912,23.53645897,1.545863182,64.0520134,2.724583387,1.268791602,148.4633331,1572.889575,6,1.3402914874376493
CA_0005598,1992,814.15,1103.58,581.75,2.733333397,464.4758484,-117.4479,49.6979,180.3278,1677.514093,6.014292753,25.02277917,6.598958492,67.30728912,23.53645897,1.545863182,63.9051384,2.636770964,1.263154102,147.855072,1567.170728,6,1.4662337380891095
CA_0005598,1993,796.24,1090.45,562.99,2.733333397,470.7616882,-117.4479,49.6979,180.3278,1677.514093,6.014292753,25.02277917,6.598958492,67.30728912,23.53645897,1.545863182,66.10805664,2.54913187,1.254937451,146.5552795,1546.375439,6,1.633929284064626
CA_0005598,1994,756.17,1069.18,578.43,2.733333397,458.4941833,-117.4479,49.6979,180.3278,1677.514093,6.014292753,25.02277917,6.598958492,67.30728912,23.53645897,1.545863182,64.24743195,2.737361193,1.254559692,146.6044464,1539.17522,6,1.4667906192924776
CA_0005598,1995,719.58,1093.12,579.53,2.733333397,466.9933472,-117.4479,49.6979,180.3278,1677.514093,6.014292753,25.02277917,6.598958492,67.30728912,23.53645897,1.545863182,63.36361237,2.710486174,1.259348608,147.3811829,1559.311353,6,1.5065860724157134
CA_0005598,1996,768.72,1211.59,577.12,2.733333397,466.9658447,-117.4479,49.6979,180.3278,1677.514093,6.014292753,25.02277917,6.598958492,67.30728912,23.53645897,1.545863182,66.83784943,2.754826307,1.2620875,147.4422241,1613.173315,6,1.416288338330232
CA_0005598,1997,890.33,1255.39,555.78,2.733333397,454.8025085,-117.4479,49.6979,180.3278,1677.514093,6.014292753,25.02277917,6.598958492,67.30728912,23.53645897,1.545863182,72.50187683,2.726840019,1.266801392,146.1723633,1685.082324,6,1.3914586127927655
CA_0005598,1998,897.3,1318.89,578.08,2.733333397,453.5400085,-117.4479,49.6979,180.3278,1677.514093,6.014292753,25.02277917,6.598958492,67.30728912,23.53645897,1.545863182,72.21875,2.608124971,1.2720375,146.8517395,1746.644141,6,1.2537488787220503
CA_0005598,1999,1015.77,1336.47,562.9,2.733333397,459.5625122,-117.4479,49.6979,180.3278,1677.514093,6.014292753,25.02277917,6.598958492,67.30728912,23.53645897,1.545863182,72.9831955,2.808333158,1.266,146.3290314,1803.432178,6,1.3429625158696896
CA_0005598,2000,1048.26,1243.64,569.26,2.733333397,444.3958435,-117.4479,49.6979,180.3278,1677.514093,6.014292753,25.02277917,6.598958492,67.30728912,23.53645897,1.545863182,70.66159821,2.718333244,1.263168042,147.401532,1859.319482,6,1.271780748505308
CA_0005598,2001,911.23,1121.75,584.03,2.733333397,445.3341797,-117.4479,49.6979,180.3278,1677.514093,6.014292753,25.02277917,6.598958492,67.30728912,23.53645897,1.545863182,68.39881973,2.826388597,1.265676367,147.9141724,1853.15603,6,1.3082517366880966
CA_0005598,2002,874.64,1047.9,591.51,2.733333397,420.0325134,-117.4479,49.6979,180.3278,1677.514093,6.014292753,25.02277917,6.598958492,67.30728912,23.53645897,1.545863182,63.35875092,2.75333333,1.266015283,149.5997284,1839.888794,6,1.194303531526698
CA_0005598,2003,881.61,995.85,595.36,2.733333397,399.0725098,-117.4479,49.6979,180.3278,1677.514093,6.014292753,25.02277917,6.598958492,67.30728912,23.53645897,1.545863182,60.32555847,2.781632185,1.266112524,150.7852142,1874.406055,6,1.1165381546992583
CA_0005598,2004,793.18,999.34,596.18,2.733333397,413.4691711,-117.4479,49.6979,180.3278,1677.514093,6.014292753,25.02277917,6.598958492,67.30728912,23.53645897,1.545863182,61.64396057,2.626770735,1.270465308,149.8681274,1863.854297,6,1.1841777801853772
CA_0005598,2005,775.33,1029.13,596.39,2.733333397,426.7266663,-117.4479,49.6979,180.3278,1677.514093,6.014292753,25.02277917,6.598958492,67.30728912,23.53645897,1.545863182,64.08611298,2.675798416,1.29815835,148.8886841,1838.052124,6,1.232194019540606
CA_0005598,2006,827.6,1091.89,595.36,2.733333397,430.6691528,-117.4479,49.6979,180.3278,1677.514093,6.014292753,25.02277917,6.598958492,67.30728912,23.53645897,1.545863182,63.1975708,2.724201441,1.304552808,148.9463226,1848.02439,6,1.2104738136609996
CA_0005598,2007,764.88,1094.66,607.2,2.733333397,437.5108215,-117.4479,49.6979,180.3278,1677.514093,6.014292753,25.02277917,6.598958492,67.30728912,23.53645897,1.545863182,63.08118286,2.76809001,1.312030591,148.5756958,1876.421216,6,1.2143568261489783
CA_0005598,2008,772.22,1076.08,595.59,2.733333397,451.0783264,-117.4479,49.6979,180.3278,1677.514093,6.014292753,25.02277917,6.598958492,67.30728912,23.53645897,1.545863182,64.84722443,2.789826155,1.301213892,148.5713196,1861.824438,6,1.3421305938824035
CA_0005598,2009,754.42,1036.54,599.0,2.733333397,426.9899963,-117.4479,49.6979,180.3278,1677.514093,6.014292753,25.02277917,6.598958492,67.30728912,23.53645897,1.545863182,62.03791809,2.779097319,1.303868042,150.7629883,1852.410059,6,1.2211428743850943
CA_0005598,2010,743.97,1041.55,585.94,2.733333397,414.7725098,-117.4479,49.6979,180.3278,1677.514093,6.014292753,25.02277917,6.598958492,67.30728912,23.53645897,1.545863182,62.47861328,2.682743073,1.261720825,149.4900696,1860.898633,6,1.1848210391960705
CA_0005598,2011,794.5,998.97,570.93,2.733333397,397.4900146,-117.4479,49.6979,180.3278,1677.514093,6.014292753,25.02277917,6.598958492,67.30728912,23.53645897,1.545863182,65.1962532,2.809582949,1.243880542,148.1931244,1872.717651,6,1.160678509301288
CA_0005598,2012,871.8,1030.26,561.71,2.733333397,395.0941772,-117.4479,49.6979,180.3278,1677.514093,6.014292753,25.02277917,6.598958492,67.30728912,23.53645897,1.545863182,68.10812836,2.794027567,1.223080518,146.70625,1848.074658,6,1.1488309722169225
CA_0005598,2013,904.26,1022.11,556.63,2.733333397,389.2200073,-117.4479,49.6979,180.3278,1677.514093,6.014292753,25.02277917,6.598958492,67.30728912,23.53645897,1.545863182,68.79694672,2.684861183,1.251793018,145.7048615,1834.822949,6,1.1359634890100627
CA_0005598,2014,853.74,1078.8,555.47,2.733333397,401.4766846,-117.4479,49.6979,180.3278,1677.514093,6.014292753,25.02277917,6.598958492,67.30728912,23.53645897,1.545863182,68.23694687,2.711597204,1.267593042,144.2090973,1856.718823,6,1.1672748346779744
CA_0005625,1989,323.25,678.35,656.38,1.699999881,464.7933411,-114.8604,49.8437,86.1045,1749.214825,5.718455199,19.24890019,16.22222137,36.30555725,44.79166794,0.887673208,57.67680588,3.904860735,1.361906494,151.3480591,1609.958936,6,1.9182214198098289
CA_0005625,1990,357.08,688.47,645.89,1.699999881,463.9183472,-114.8604,49.8437,86.1045,1749.214825,5.718455199,19.24890019,16.22222137,36.30555725,44.79166794,0.887673208,52.92291641,4.034930706,1.361105591,149.1759796,1629.926953,6,1.9154769810162233
CA_0005625,1991,357.08,654.1,646.26,1.699999881,453.7150208,-114.8604,49.8437,86.1045,1749.214825,5.718455199,19.24890019,16.22222137,36.30555725,44.79166794,0.887673208,45.81083221,3.933610916,1.35932688,149.1411133,1639.921655,6,1.9268713418573358
CA_0005625,1992,358.06,688.35,633.65,1.699999881,463.4483643,-114.8604,49.8437,86.1045,1749.214825,5.718455199,19.24890019,16.22222137,36.30555725,44.79166794,0.887673208,44.47444534,3.753402948,1.351747241,147.9618073,1649.103564,6,1.9662695989861398
CA_0005625,1993,375.88,734.15,598.97,1.699999881,479.2750305,-114.8604,49.8437,86.1045,1749.214825,5.718455199,19.24890019,16.22222137,36.30555725,44.79166794,0.887673208,51.02291718,3.722638369,1.338287988,145.520694,1640.482544,6,2.2121841052752615
CA_0005625,1994,375.88,687.6,618.12,1.699999881,458.9950256,-114.8604,49.8437,86.1045,1749.214825,5.718455199,19.24890019,16.22222137,36.30555725,44.79166794,0.887673208,55.14458389,3.972360611,1.33294353,146.8737488,1639.187866,6,1.991308402158959
CA_0005625,1995,375.88,699.04,614.17,1.699999881,474.0233643,-114.8604,49.8437,86.1045,1749.214825,5.718455199,19.24890019,16.22222137,36.30555725,44.79166794,0.887673208,58.56180801,3.836805344,1.332112036,147.1438843,1648.135156,6,2.171510111320184
CA_0005625,1996,403.29,756.79,615.76,1.699999881,475.7700256,-114.8604,49.8437,86.1045,1749.214825,5.718455199,19.24890019,16.22222137,36.30555725,44.79166794,0.887673208,61.2134758,3.948333025,1.328233325,147.7305542,1683.493604,6,1.977040016695158
CA_0005625,1997,432.26,751.8,602.1,1.699999881,458.9116882,-114.8604,49.8437,86.1045,1749.214825,5.718455199,19.24890019,16.22222137,36.30555725,44.79166794,0.887673208,62.54180832,4.005833149,1.333680542,148.8927765,1725.59856,6,1.8675106685638643
CA_0005625,1998,428.5,760.53,623.26,1.699999881,451.0850159,-114.8604,49.8437,86.1045,1749.214825,5.718455199,19.24890019,16.22222137,36.30555725,44.79166794,0.887673208,59.24152985,3.712777853,1.338198145,149.8645813,1757.904224,6,1.671880096088434
CA_0005625,1999,387.15,766.36,607.79,1.699999881,463.4300232,-114.8604,49.8437,86.1045,1749.214825,5.718455199,19.24890019,16.22222137,36.30555725,44.79166794,0.887673208,56.02319717,4.100902557,1.336576855,149.7111115,1779.316797,6,1.8496046034997067
CH_0000007,1989,949.6,833.2,420.86,2.441666651,395.0700134,10.1146,46.6937,26.5221,2401.659546,9.07318449,25.90786271,14.375,59.875,15.5,-0.479624987,10.71875057,2.916875124,0.0,153.1833405,8239.329492,6,2.551332294289554
CH_0000007,1990,902.7,839.3,428.42,2.441666651,404.2200073,10.1146,46.6937,26.5221,2401.659546,9.07318449,25.90786271,14.375,59.875,15.5,-0.479624987,10.94916706,2.974166632,0.0,153.1891724,8493.45459,6,2.6594531321816075
CH_0000007,1991,879.26,812.88,417.88,2.441666651,389.7900024,10.1146,46.6937,26.5221,2401.659546,9.07318449,25.90786271,14.375,59.875,15.5,-0.479624987,12.00458374,2.901875019,0.0,154.1754181,8696.97207,6,2.4974417217268767
CH_0000007,1992,858.15,804.68,427.37,2.441666651,397.5,10.1146,46.6937,26.5221,2401.659546,9.07318449,25.90786271,14.375,59.875,15.5,-0.479624987,12.0029171,2.967916489,0.0,154.8991699,8894.596484,6,2.5323860113490935
CH_0000007,1993,855.81,799.49,432.95,2.441666651,404.3100037,10.1146,46.6937,26.5221,2401.659546,9.07318449,25.90786271,14.375,59.875,15.5,-0.479624987,12.07750015,3.131875038,0.0,156.1529175,8950.519727,6,2.6400625921000866
CH_0000007,1994,926.15,826.55,443.32,2.441666651,408.05,10.1146,46.6937,26.5221,2401.659546,9.07318449,25.90786271,14.375,59.875,15.5,-0.479624987,12.00416679,3.097291708,0.0,156.4812531,9010.731445,6,2.416993238811427
CH_0000007,1995,949.6,832.07,428.56,2.441666651,398.430011,10.1146,46.6937,26.5221,2401.659546,9.07318449,25.90786271,14.375,59.875,15.5,-0.479624987,11.96000023,3.065000057,0.0,155.8516693,9084.784375,6,2.455793738150768
CH_0000007,1996,916.93,864.46,436.32,2.441666651,418.3450134,10.1146,46.6937,26.5221,2401.659546,9.07318449,25.90786271,14.375,59.875,15.5,-0.479624987,11.49541683,2.998333216,0.0,154.7779205,9155.074609,6,2.9566426800245025
CH_0000007,1997,890.98,840.95,435.62,2.441666651,411.2750183,10.1146,46.6937,26.5221,2401.659546,9.07318449,25.90786271,14.375,59.875,15.5,-0.479624987,11.59666672,3.002708197,0.0,155.9208344,9339.820508,6,2.7075478914107634
CH_0000007,1998,867.53,836.45,431.95,2.441666651,404.3450134,10.1146,46.6937,26.5221,2401.659546,9.07318449,25.90786271,14.375,59.875,15.5,-0.479624987,11.54083366,3.095208168,0.0,156.2629181,9740.960352,6,2.5599538773952357
CH_0000007,1999,879.26,875.52,422.72,2.441666651,400.4900146,10.1146,46.6937,26.5221,2401.659546,9.07318449,25.90786271,14.375,59.875,15.5,-0.479624987,11.8320837,3.066250086,0.0,154.6837494,9995.772852,6,2.598892871331599
CH_0000007,2000,905.18,900.76,433.97,2.441666651,411.730011,10.1146,46.6937,26.5221,2401.659546,9.07318449,25.90786271,14.375,59.875,15.5,-0.479624987,12.25666695,3.073541641,0.0,154.8670837,10395.21445,6,2.618878801166028
CH_0000007,2001,1031.66,919.12,433.15,2.441666651,411.8650085,10.1146,46.6937,26.5221,2401.659546,9.07318449,25.90786271,14.375,59.875,15.5,-0.479624987,12.86291695,3.108541727,0.0,155.4070862,10803.85,6,2.608775235886572
CH_0000007,2002,1031.66,961.06,431.84,2.441666651,416.4200073,10.1146,46.6937,26.5221,2401.659546,9.07318449,25.90786271,14.375,59.875,15.5,-0.479624987,12.8987505,2.991250038,0.0,152.9700043,11174.66289,6,2.794353513093843
CH_0000007,2003,1055.11,924.56,442.13,2.441666651,402.8200073,10.1146,46.6937,26.5221,2401.659546,9.07318449,25.90786271,14.375,59.875,15.5,-0.479624987,12.38083363,2.946666479,0.0,155.2679199,11410.39355,6,2.0868854141245032
CH_0000007,2004,1034.49,856.72,443.66,2.441666651,404.4950134,10.1146,46.6937,26.5221,2401.659546,9.07318449,25.90786271,14.375,59.875,15.5,-0.479624987,12.32375031,2.999374866,0.145593765,156.8645844,11855.52754,6,2.236194410279961
CH_0000007,2005,973.04,800.0,437.96,2.441666651,399.0600098,10.1146,46.6937,26.5221,2401.659546,9.07318449,25.90786271,14.375,59.875,15.5,-0.479624987,12.18416691,2.948333502,0.151985071,157.287088,12247.27246,6,2.343916513300884
CH_0000007,2006,902.7,752.14,439.92,2.441666651,389.6600098,10.1146,46.6937,26.5221,2401.659546,9.07318449,25.90786271,14.375,59.875,15.5,-0.479624987,11.91208382,3.045624971,0.152657006,158.3279205,12629.70293,6,2.20430694721955
CH_0000007,2007,902.7,727.31,451.4,2.441666651,402.2200073,10.1146,46.6937,26.5221,2401.659546,9.07318449,25.90786271,14.375,59.875,15.5,-0.479624987,11.77208385,3.108124733,0.152826088,160.9670868,12861.89902,6,2.3977580272612427
CH_0000007,2008,952.2,782.12,441.07,2.441666651,417.9800049,10.1146,46.6937,26.5221,2401.659546,9.07318449,25.90786271,14.375,59.875,15.5,-0.479624987,12.08708401,3.026458263,0.153913043,157.2962524,13165.45566,6,3.0260370687977507
CH_0000007,2009,937.87,804.2,454.72,2.441666651,423.0099976,10.1146,46.6937,26.5221,2401.659546,9.07318449,25.90786271,14.375,59.875,15.5,-0.479624987,11.8829174,3.061666489,0.155869565,157.0325043,13193.88789,6,2.6951452871488075
CH_0000007,2010,984.77,833.96,451.6,2.441666651,424.8299988,10.1146,46.6937,26.5221,2401.659546,9.07318449,25.90786271,14.375,59.875,15.5,-0.479624987,12.01666756,3.007708073,0.15173913,155.0216675,13102.61367,6,2.7614098678865795
CH_0000007,2011,973.04,842.81,468.22,2.441666651,450.7149963,10.1146,46.6937,26.5221,2401.659546,9.07318449,25.90786271,14.375,59.875,15.5,-0.479624987,12.08875065,2.968541622,0.159347825,155.4162537,12948.81797,6,3.3774807007445884
CH_0000007,2012,999.22,851.88,471.71,2.441666651,452.6599915,10.1146,46.6937,26.5221,2401.659546,9.07318449,25.90786271,14.375,59.875,15.5,-0.479624987,12.2237505,3.052916527,0.15695652,154.3862518,12773.09883,6,3.273239768887176
CH_0000007,2013,937.87,840.5,472.3,2.441666651,441.1899902,10.1146,46.6937,26.5221,2401.659546,9.07318449,25.90786271,14.375,59.875,15.5,-0.479624987,12.28333378,3.009375095,0.154999998,153.5329193,12367.7375,6,2.744262021524187
CH_0000007,2014,973.04,850.8,458.58,2.441666651,436.05,10.1146,46.6937,26.5221,2401.659546,9.07318449,25.90786271,14.375,59.875,15.5,-0.479624987,12.57041721,2.995416641,0.153260865,151.7762543,12099.03184,6,2.958088955391195
CH_0000008,1989,1062.58,1358.24,680.09,8.227499962,656.4555664,8.9604,46.0187,72.2476,988.3219982,6.109151173,28.44434083,11.40625,62.21875,23.4375,0.826183937,17.69722176,1.717777729,1.933658325,151.2596375,82995.0,6,3.1104957725868125
CH_0000008,1990,1002.84,1367.38,690.0,8.227499962,663.6622314,8.9604,46.0187,72.2476,988.3219982,6.109151173,28.44434083,11.40625,62.21875,23.4375,0.826183937,17.68981438,1.712592483,1.947570825,151.3072266,79547.85625,6,3.0356013052996995
CH_0000008,1991,994.3,1322.4,693.08,8.227499962,644.2422485,8.9604,46.0187,72.2476,988.3219982,6.109151173,28.44434083,11.40625,62.21875,23.4375,0.826183937,17.47499924,1.734629512,1.95327915,152.8725952,78048.60313,6,2.4927736851006794
CH_0000008,1992,967.07,1307.68,700.14,8.227499962,648.6622437,8.9604,46.0187,72.2476,988.3219982,6.109151173,28.44434083,11.40625,62.21875,23.4375,0.826183937,17.27240715,1.71888876,1.97485415,153.315744,77893.5875,6,2.497271880244246
CH_0000008,1993,938.83,1312.96,707.3,8.227499962,656.844458,8.9604,46.0187,72.2476,988.3219982,6.109151173,28.44434083,11.40625,62.21875,23.4375,0.826183937,17.30685158,1.919166565,1.993799976,155.0253723,77408.24844,6,2.5445294074293
CH_0000008,1994,1002.84,1365.88,716.24,8.227499962,658.4177856,8.9604,46.0187,72.2476,988.3219982,6.109151173,28.44434083,11.40625,62.21875,23.4375,0.826183937,17.25092545,1.874629498,2.003383301,154.8251862,76857.69375,6,2.352586079743468
CH_0000008,1995,1041.24,1369.73,704.52,8.227499962,653.9177979,8.9604,46.0187,72.2476,988.3219982,6.109151173,28.44434083,11.40625,62.21875,23.4375,0.826183937,17.55425873,1.852500081,2.007058301,154.519632,79152.98906,6,2.430966073444867
CH_0000008,1996,1056.93,1431.91,704.77,8.227499962,677.3489014,8.9604,46.0187,72.2476,988.3219982,6.109151173,28.44434083,11.40625,62.21875,23.4375,0.826183937,17.8657402,1.814166546,2.019870825,153.4190796,80111.6,6,2.9449794004195606
CH_0000008,1997,1011.37,1388.1,714.26,8.227499962,680.4022339,8.9604,46.0187,72.2476,988.3219982,6.109151173,28.44434083,11.40625,62.21875,23.4375,0.826183937,17.34703617,1.791110992,2.047033325,155.0540802,80034.23438,6,2.863383935734681
CH_0000008,1998,994.3,1357.59,718.2,8.227499962,677.8622314,8.9604,46.0187,72.2476,988.3219982,6.109151173,28.44434083,11.40625,62.21875,23.4375,0.826183937,17.08981419,1.871481538,2.052729175,155.8296356,80942.68281,6,2.7573700898017948
CH_0000008,1999,972.96,1386.78,702.83,8.227499962,673.4244629,8.9604,46.0187,72.2476,988.3219982,6.109151173,28.44434083,11.40625,62.21875,23.4375,0.826183937,17.39351864,1.864166737,2.040654199,154.755191,82386.70781,6,2.952151082871447
CH_0000008,2000,1125.4,1443.3,710.46,8.227499962,684.7711182,8.9604,46.0187,72.2476,988.3219982,6.109151173,28.44434083,11.40625,62.21875,23.4375,0.826183937,17.53925991,1.84212935,2.030954199,154.6364838,82683.69688,6,3.0196359008414677
CH_0000008,2001,1139.39,1434.01,711.99,8.227499962,686.7955566,8.9604,46.0187,72.2476,988.3219982,6.109151173,28.44434083,11.40625,62.21875,23.4375,0.826183937,17.6187048,1.905370235,2.038816699,154.7320374,83265.44531,6,3.0666315124800465
CH_0000008,2002,1293.02,1534.87,707.01,8.227499962,690.4977905,8.9604,46.0187,72.2476,988.3219982,6.109151173,28.44434083,11.40625,62.21875,23.4375,0.826183937,18.28351936,1.771481395,2.014150049,151.8614838,83722.26875,6,3.2578502325357026
CH_0000008,2003,1194.87,1481.01,718.6,8.227499962,682.5644653,8.9604,46.0187,72.2476,988.3219982,6.109151173,28.44434083,11.40625,62.21875,23.4375,0.826183937,17.4098156,1.767407298,2.015575049,153.4049988,84645.73438,6,2.6564545312163013
CH_0000008,2004,1129.68,1392.44,727.92,8.227499962,683.215564,8.9604,46.0187,72.2476,988.3219982,6.109151173,28.44434083,11.40625,62.21875,23.4375,0.826183937,17.15796318,1.820555568,1.999833374,154.9537048,85631.33125,6,2.631162013495773
CH_0000008,2005,908.95,1284.81,719.63,8.227499962,669.9777832,8.9604,46.0187,72.2476,988.3219982,6.109151173,28.44434083,11.40625,62.21875,23.4375,0.826183937,16.91888847,1.787963033,1.995008374,155.4809296,87169.10469,6,2.6816261844650504
CH_0000008,2006,827.87,1251.52,722.13,8.227499962,654.1022339,8.9604,46.0187,72.2476,988.3219982,6.109151173,28.44434083,11.40625,62.21875,23.4375,0.826183937,16.52796211,1.801110983,1.980958374,156.676297,87931.67344,6,2.3969536655351376
CH_0000008,2007,627.31,1154.19,729.71,8.227499962,649.3977783,8.9604,46.0187,72.2476,988.3219982,6.109151173,28.44434083,11.40625,62.21875,23.4375,0.826183937,16.2146286,1.853148103,2.005141724,159.7362915,88755.39375,6,2.4320559950724787
CH_0000008,2008,872.93,1276.55,713.28,8.227499962,660.4755493,8.9604,46.0187,72.2476,988.3219982,6.109151173,28.44434083,11.40625,62.21875,23.4375,0.826183937,17.54962845,1.81361115,1.992554224,156.0361084,89302.06875,6,2.594629139843202
CH_0000008,2009,917.49,1300.68,719.25,8.227499962,665.5466675,8.9604,46.0187,72.2476,988.3219982,6.109151173,28.44434083,11.40625,62.21875,23.4375,0.826183937,17.44277687,1.895277858,2.03392085,155.8924042,89503.51875,6,2.5586079878680303
CH_0000008,2010,1109.52,1361.47,719.75,8.227499962,674.0866577,8.9604,46.0187,72.2476,988.3219982,6.109151173,28.44434083,11.40625,62.21875,23.4375,0.826183937,17.63370323,1.826574087,2.00925,153.6514771,90437.36875,6,2.6244813698878433
CH_0000008,2011,1135.13,1344.52,730.6,8.227499962,693.6622314,8.9604,46.0187,72.2476,988.3219982,6.109151173,28.44434083,11.40625,62.21875,23.4375,0.826183937,17.68129578,1.755925775,2.05029165,153.7922211,89205.75156,6,2.9502208135942802
CH_0000008,2012,1163.91,1377.72,730.0,8.227499962,702.8555664,8.9604,46.0187,72.2476,988.3219982,6.109151173,28.44434083,11.40625,62.21875,23.4375,0.826183937,17.84981499,1.892592549,2.038512451,152.4990784,90168.45156,6,3.2167086361702455
CH_0000008,2013,1024.17,1348.58,728.8,8.227499962,692.1466675,8.9604,46.0187,72.2476,988.3219982,6.109151173,28.44434083,11.40625,62.21875,23.4375,0.826183937,17.38500023,1.851296306,2.032383276,151.7622253,90748.05156,6,2.9396769958892985
CH_0000008,2014,1160.73,1389.77,725.95,8.227499962,700.5377808,8.9604,46.0187,72.2476,988.3219982,6.109151173,28.44434083,11.40625,62.21875,23.4375,0.826183937,17.9,1.809444427,2.006533325,149.4075928,89411.14531,6,3.2364537130950572
CH_0000035,1989,1286.47,1611.23,459.24,6.411666489,452.5025024,9.6437,46.9854,63.3959,1818.997343,9.694120334,29.56754225,23.40625,44.03125,26.5357151,0.805842996,22.97999725,3.202291489,1.764656226,146.8039551,11229.26348,6,2.5855903981007744
CH_0000035,1990,1276.46,1643.96,468.83,6.411666489,465.7300049,9.6437,46.9854,63.3959,1818.997343,9.694120334,29.56754225,23.40625,44.03125,26.5357151,0.805842996,23.6056221,3.289895535,1.786026025,146.8235413,11508.68711,6,3.090190301908588
CH_0000035,1991,1231.41,1595.95,462.52,6.411666489,452.2150085,9.6437,46.9854,63.3959,1818.997343,9.694120334,29.56754225,23.40625,44.03125,26.5357151,0.805842996,23.91416397,3.157604218,1.800011426,147.9225037,11928.76094,6,2.3507477804383727
CH_0000035,1992,1209.68,1576.42,472.86,6.411666489,461.5800049,9.6437,46.9854,63.3959,1818.997343,9.694120334,29.56754225,23.40625,44.03125,26.5357151,0.805842996,23.88312225,3.255416632,1.802701025,148.959375,12333.85547,6,2.356786528229322
CH_0000035,1993,1151.31,1557.21,476.55,6.411666489,465.2300049,9.6437,46.9854,63.3959,1818.997343,9.694120334,29.56754225,23.40625,44.03125,26.5357151,0.805842996,23.87666397,3.395312309,1.806650024,150.47771,12695.30781,6,2.388698726485901
CH_0000035,1994,1196.37,1628.16,488.88,6.411666489,478.1250061,9.6437,46.9854,63.3959,1818.997343,9.694120334,29.56754225,23.40625,44.03125,26.5357151,0.805842996,23.9054142,3.38614583,1.805795825,150.549588,13075.00371,6,2.409784942759107
CH_0000035,1995,1311.5,1666.0,473.37,6.411666489,460.6500061,9.6437,46.9854,63.3959,1818.997343,9.694120334,29.56754225,23.40625,44.03125,26.5357151,0.805842996,23.4458313,3.370833158,1.777494775,149.5727081,13402.09414,6,2.2094321557271326
CH_0000035,1996,1320.11,1683.8,478.01,6.411666489,475.0175049,9.6437,46.9854,63.3959,1818.997343,9.694120334,29.56754225,23.40625,44.03125,26.5357151,0.805842996,23.38374786,3.254999876,1.791884375,148.5633301,13626.69609,6,3.1162783173479123
CH_0000035,1997,1291.47,1653.48,476.22,6.411666489,473.1850098,9.6437,46.9854,63.3959,1818.997343,9.694120334,29.56754225,23.40625,44.03125,26.5357151,0.805842996,23.2693737,3.245208263,1.8316104,149.6568756,13769.53066,6,3.1334009400208966
CH_0000035,1998,1251.43,1635.54,473.65,6.411666489,470.0425049,9.6437,46.9854,63.3959,1818.997343,9.694120334,29.56754225,23.40625,44.03125,26.5357151,0.805842996,23.24479027,3.389583349,1.838824976,149.8175018,14100.06055,6,3.02905285907383
CH_0000035,1999,1321.51,1710.63,458.96,6.411666489,455.3725037,9.6437,46.9854,63.3959,1818.997343,9.694120334,29.56754225,23.40625,44.03125,26.5357151,0.805842996,23.24708176,3.351354122,1.8166052,148.2252106,14356.83203,6,2.8736374768076285
CH_0000035,2000,1320.11,1719.86,471.07,6.411666489,468.7125061,9.6437,46.9854,63.3959,1818.997343,9.694120334,29.56754225,23.40625,44.03125,26.5357151,0.805842996,23.61708183,3.352603912,1.83705415,148.4929199,14678.99648,6,3.1874200278348335
CH_0000035,2001,1326.51,1794.93,469.65,6.411666489,467.0075073,9.6437,46.9854,63.3959,1818.997343,9.694120334,29.56754225,23.40625,44.03125,26.5357151,0.805842996,23.90291481,3.390833378,1.838530176,148.3162537,15030.84453,6,3.028744933005374
CH_0000035,2002,1376.57,1874.77,470.25,6.411666489,468.6150024,9.6437,46.9854,63.3959,1818.997343,9.694120334,29.56754225,23.40625,44.03125,26.5357151,0.805842996,24.04833069,3.25,1.832331226,146.0814606,15514.525,6,3.2387105282904534
CH_0000035,2003,1346.54,1806.84,485.98,6.411666489,483.1800049,9.6437,46.9854,63.3959,1818.997343,9.694120334,29.56754225,23.40625,44.03125,26.5357151,0.805842996,23.79999771,3.189583302,1.833088525,148.7725006,15936.5209,6,3.064932210489747
CH_0000035,2004,1310.07,1675.24,489.9,6.411666489,487.1000061,9.6437,46.9854,63.3959,1818.997343,9.694120334,29.56754225,23.40625,44.03125,26.5357151,0.805842996,23.79999771,3.260937452,1.863955176,150.6399994,16464.16172,6,3.2356090050814585
CH_0000035,2005,1211.38,1590.06,483.7,6.411666489,481.5475098,9.6437,46.9854,63.3959,1818.997343,9.694120334,29.56754225,23.40625,44.03125,26.5357151,0.805842996,23.87770576,3.184062481,1.88935625,151.3033325,16898.35781,6,3.491081228227565
CH_0000035,2006,1276.46,1506.0,491.45,6.411666489,486.8725037,9.6437,46.9854,63.3959,1818.997343,9.694120334,29.56754225,23.40625,44.03125,26.5357151,0.805842996,23.58833122,3.305520773,1.9128198,152.7047913,17143.59258,6,3.1373988184442467
CH_0000035,2007,1241.42,1467.55,500.64,6.411666489,495.6650085,9.6437,46.9854,63.3959,1818.997343,9.694120334,29.56754225,23.40625,44.03125,26.5357151,0.805842996,23.52103996,3.388750076,1.974794824,154.90896,17325.48047,6,3.1898256756880414
CH_0000051,1989,1619.42,1688.67,572.26,7.328333378,565.0599976,8.8146,47.0771,57.7586,1310.862205,4.699544907,27.10973832,11.08333302,62.75,19.59090996,1.361659597,32.24611015,3.093888998,1.611008325,142.2747253,44195.42422,6,3.0036677354402297
CH_0000051,1990,1592.78,1733.06,594.85,7.328333378,591.4700073,8.8146,47.0771,57.7586,1310.862205,4.699544907,27.10973832,11.08333302,62.75,19.59090996,1.361659597,32.71666565,3.199861288,1.638213867,142.4141693,44900.8375,6,3.619844905879808
CH_0000051,1991,1560.82,1684.94,600.2,7.328333378,586.7866943,8.8146,47.0771,57.7586,1310.862205,4.699544907,27.10973832,11.08333302,62.75,19.59090996,1.361659597,32.64138756,3.041666746,1.642631909,143.9052765,46260.26094,6,2.6850300944581456
CH_0000051,1992,1517.02,1657.51,611.78,7.328333378,595.2700317,8.8146,47.0771,57.7586,1310.862205,4.699544907,27.10973832,11.08333302,62.75,19.59090996,1.361659597,32.34194374,3.145694494,1.635412476,145.073053,48118.76719,6,2.611515558417698
CH_0000051,1993,1523.53,1632.47,616.4,7.328333378,599.8833618,8.8146,47.0771,57.7586,1310.862205,4.699544907,27.10973832,11.08333302,62.75,19.59090996,1.361659597,32.34194374,3.271527529,1.641643042,147.0363892,49508.56719,6,2.660436060650037
CH_0000051,1994,1592.78,1700.36,624.19,7.328333378,609.1300293,8.8146,47.0771,57.7586,1310.862205,4.699544907,27.10973832,11.08333302,62.75,19.59090996,1.361659597,32.56555367,3.278194427,1.63820415,146.6094421,51099.32969,6,2.68560053613225
CH_0000051,1995,1709.98,1739.0,597.11,7.328333378,580.266687,8.8146,47.0771,57.7586,1310.862205,4.699544907,27.10973832,11.08333302,62.75,19.59090996,1.361659597,32.31027527,3.274999857,1.618230542,145.5658295,53045.26953,6,2.4523926379595147
CH_0000051,1996,1671.93,1759.39,592.76,7.328333378,587.8566772,8.8146,47.0771,57.7586,1310.862205,4.699544907,27.10973832,11.08333302,62.75,19.59090996,1.361659597,32.65999718,3.130694389,1.606725,144.5438873,54592.99219,6,3.294903435424167
CH_0000051,1997,1566.15,1734.42,597.59,7.328333378,594.9866577,8.8146,47.0771,57.7586,1310.862205,4.699544907,27.10973832,11.08333302,62.75,19.59090996,1.361659597,32.84499702,3.094305277,1.616970801,145.7716675,55777.36406,6,3.8313054552629984
CH_0000051,1998,1534.18,1707.52,600.15,7.328333378,595.7066406,8.8146,47.0771,57.7586,1310.862205,4.699544907,27.10973832,11.08333302,62.75,19.59090996,1.361659597,32.59610863,3.289305449,1.6144375,145.9288849,57800.53438,6,3.4824804903863638
CH_0000051,1999,1619.42,1779.83,580.75,7.328333378,576.3066406,8.8146,47.0771,57.7586,1310.862205,4.699544907,27.10973832,11.08333302,62.75,19.59090996,1.361659597,32.59610863,3.260277987,1.60546394,144.6536072,59837.93203,6,3.2766133092569745
CH_0000051,2000,1634.54,1768.24,594.51,7.328333378,591.7299805,8.8146,47.0771,57.7586,1310.862205,4.699544907,27.10973832,11.08333302,62.75,19.59090996,1.361659597,32.83388748,3.227360964,1.607047266,144.8769409,62102.9875,6,3.7094777937483063
CH_0000051,2001,1731.28,1837.57,594.55,7.328333378,591.683313,8.8146,47.0771,57.7586,1310.862205,4.699544907,27.10973832,11.08333302,62.75,19.59090996,1.361659597,32.82166519,3.29805541,1.617416699,144.0391602,64149.26719,6,3.5860663242249378
CH_0000051,2002,1864.46,1930.8,594.66,7.328333378,592.5966553,8.8146,47.0771,57.7586,1310.862205,4.699544907,27.10973832,11.08333302,62.75,19.59090996,1.361659597,32.93610916,3.134583235,1.629083398,141.6730499,65754.70781,6,3.6928719490529196
CH_0000051,2003,1795.21,1871.89,618.82,7.328333378,615.7400024,8.8146,47.0771,57.7586,1310.862205,4.699544907,27.10973832,11.08333302,62.75,19.59090996,1.361659597,32.66083183,3.060833216,1.642516724,144.2847168,67070.74922,6,3.618508430165993
CH_0000051,2004,1693.29,1748.98,624.79,7.328333378,621.7033325,8.8146,47.0771,57.7586,1310.862205,4.699544907,27.10973832,11.08333302,62.75,19.59090996,1.361659597,32.66083183,3.158472061,1.740661133,146.2041626,68237.43438,6,3.840047768896398
CH_0000051,2005,1576.8,1676.23,615.93,7.328333378,612.9899902,8.8146,47.0771,57.7586,1310.862205,4.699544907,27.10973832,11.08333302,62.75,19.59090996,1.361659597,32.68027534,3.074860811,1.844679175,146.9908295,69077.60938,6,3.9536052796639636
CH_0000051,2006,1534.18,1615.89,620.78,7.328333378,612.5233276,8.8146,47.0771,57.7586,1310.862205,4.699544907,27.10973832,11.08333302,62.75,19.59090996,1.361659597,31.98638687,3.158055544,1.937420825,148.596109,69495.78906,6,3.2528452061077298
CH_0000051,2007,1480.91,1560.58,620.52,7.328333378,608.956665,8.8146,47.0771,57.7586,1310.862205,4.699544907,27.10973832,11.08333302,62.75,19.59090996,1.361659597,31.71749878,3.265555382,2.052438843,150.7052765,69689.95781,6,3.0630946471468503
CH_0000051,2008,1629.19,1647.28,597.51,7.328333378,588.2933228,8.8146,47.0771,57.7586,1310.862205,4.699544907,27.10973832,11.08333302,62.75,19.59090996,1.361659597,32.16888771,3.169166565,2.129137427,146.9441681,70087.57344,6,2.999737175610582
CH_0000051,2009,1624.74,1668.04,608.91,7.328333378,599.6533325,8.8146,47.0771,57.7586,1310.862205,4.699544907,27.10973832,11.08333302,62.75,19.59090996,1.361659597,32.16416588,3.174860954,2.140291626,146.7094421,70023.23281,6,3.0250824286940667
CH_0000051,2010,1693.99,1709.13,610.64,7.328333378,601.3866699,8.8146,47.0771,57.7586,1310.862205,4.699544907,27.10973832,11.08333302,62.75,19.59090996,1.361659597,32.16416588,3.133333206,2.124442993,144.7063873,69995.84219,6,2.9800190349680657
CH_0000051,2011,1608.76,1679.95,626.06,7.328333378,621.5666748,8.8146,47.0771,57.7586,1310.862205,4.699544907,27.10973832,11.08333302,62.75,19.59090996,1.361659597,32.75638809,2.986110926,2.172063892,145.4422211,69002.6125,6,3.6678288190507957
CH_0000051,2012,1623.85,1705.31,636.77,7.328333378,635.5800171,8.8146,47.0771,57.7586,1310.862205,4.699544907,27.10973832,11.08333302,62.75,19.59090996,1.361659597,33.02527618,3.186110735,2.139557007,144.9611084,68955.38281,6,4.783239965899244
CY_0000006,1989,185.21,791.28,1266.75,18.53222275,458.9977844,32.8937,35.0396,66.2924,960.4183108,7.505915602,17.32730377,33.625,29.44444466,32.37878799,1.823859036,41.4368515,2.429166794,1.015533313,209.1811157,7232.583105,6,0.9184907684699906
CY_0000006,1990,170.19,757.39,1263.69,18.53222275,450.7266785,32.8937,35.0396,66.2924,960.4183108,7.505915602,17.32730377,33.625,29.44444466,32.37878799,1.823859036,40.11055527,2.656759024,1.02883147,209.7907471,82809.82188,6,0.930684452420957
CY_0000006,1991,170.19,816.9,1267.12,18.53222275,442.4400085,32.8937,35.0396,66.2924,960.4183108,7.505915602,17.32730377,33.625,29.44444466,32.37878799,1.823859036,41.53629532,2.751203775,1.020847205,209.4207458,161219.8444,6,0.8533483002410084
CY_0000006,1992,175.68,787.59,1258.56,18.53222275,452.9889099,32.8937,35.0396,66.2924,960.4183108,7.505915602,17.32730377,33.625,29.44444466,32.37878799,1.823859036,41.72555466,2.78805542,1.013921301,209.944635,167480.7971,6,0.9087963687777112
CY_0000006,1993,155.18,702.95,1262.85,18.53222275,446.2111389,32.8937,35.0396,66.2924,960.4183108,7.505915602,17.32730377,33.625,29.44444466,32.37878799,1.823859036,39.77499924,2.610277891,1.016588892,210.7437103,174147.1518,6,0.981998790498795
CY_0000006,1994,155.18,783.58,1273.67,18.53222275,467.3133728,32.8937,35.0396,66.2924,960.4183108,7.505915602,17.32730377,33.625,29.44444466,32.37878799,1.823859036,41.56611099,2.645092487,1.021923181,209.6990784,181071.5523,6,0.9468207871494383
CY_0000006,1995,165.19,775.28,1279.75,18.53222275,474.311145,32.8937,35.0396,66.2924,960.4183108,7.505915602,17.32730377,33.625,29.44444466,32.37878799,1.823859036,41.80555573,2.567036867,1.023932458,209.406488,109512.3852,6,0.973965436123921
CY_0000006,1996,165.64,744.58,1289.44,18.53222275,484.3022522,32.8937,35.0396,66.2924,960.4183108,7.505915602,17.32730377,33.625,29.44444466,32.37878799,1.823859036,41.70611191,2.847777605,1.042315796,209.5270416,35304.79336,6,1.0408046936039586
CY_0000006,1997,125.14,731.37,1304.56,18.53222275,484.1600159,32.8937,35.0396,66.2924,960.4183108,7.505915602,17.32730377,33.625,29.44444466,32.37878799,1.823859036,41.83740845,2.957036972,1.055077783,209.180191,33397.53242,6,1.0526918270725723
CY_0000006,1998,95.11,739.66,1315.88,18.53222275,471.6533386,32.8937,35.0396,66.2924,960.4183108,7.505915602,17.32730377,33.625,29.44444466,32.37878799,1.823859036,43.22648315,2.89546299,1.048544458,208.751123,31435.45234,6,0.9940477279467147
CY_0000006,1999,75.09,646.95,1323.12,18.53222275,458.4022217,32.8937,35.0396,66.2924,960.4183108,7.505915602,17.32730377,33.625,29.44444466,32.37878799,1.823859036,40.77796478,2.74935174,1.053849072,209.5479767,28635.75352,6,1.093259259798004
CY_0000006,2000,80.31,724.3,1325.97,18.53222275,470.6022217,32.8937,35.0396,66.2924,960.4183108,7.505915602,17.32730377,33.625,29.44444466,32.37878799,1.823859036,43.31314926,2.723796129,1.034359229,209.584082,29357.08164,6,1.0071910923800598
CY_0000006,2001,90.1,731.67,1331.87,18.53222275,460.8644409,32.8937,35.0396,66.2924,960.4183108,7.505915602,17.32730377,33.625,29.44444466,32.37878799,1.823859036,41.87277832,2.624907494,1.023208313,209.9403778,29836.43672,6,0.963930427274119
CY_0000006,2002,130.15,738.63,1337.21,18.53222275,445.242218,32.8937,35.0396,66.2924,960.4183108,7.505915602,17.32730377,33.625,29.44444466,32.37878799,1.823859036,41.60259323,2.701851845,1.023878699,210.4281555,30178.61563,6,0.90792250448338
DE_0000235,1990,1359.37,1464.8,545.95,7.74394598,544.0890747,13.0146,47.6396,351.801,1341.115353,7.42547411,27.45783236,22.09948921,31.96938705,36.66101837,1.294905289,27.17607155,2.876289606,1.656458691,131.2776154,56958.87734,6,4.275375295417016
DE_0000235,1991,1401.31,1483.69,539.81,7.74394598,536.8176514,13.0146,47.6396,351.801,1341.115353,7.42547411,27.45783236,22.09948921,31.96938705,36.66101837,1.294905289,26.96900826,2.8446033,1.655759204,131.1537292,56310.66172,6,3.8037060409030947
DE_0000235,1992,1380.26,1447.19,559.44,7.74394598,548.93479,13.0146,47.6396,351.801,1341.115353,7.42547411,27.45783236,22.09948921,31.96938705,36.66101837,1.294905289,26.78476219,2.924226046,1.650044189,132.5496826,55075.07969,6,2.9900234989745513
DE_0000235,1993,1358.51,1403.89,561.43,7.74394598,549.1090698,13.0146,47.6396,351.801,1341.115353,7.42547411,27.45783236,22.09948921,31.96938705,36.66101837,1.294905289,26.60091324,3.034365177,1.641617139,132.6120636,54385.025,6,2.9418555859623865
DE_0000235,1994,1327.7,1409.41,580.65,7.74394598,562.8704834,13.0146,47.6396,351.801,1341.115353,7.42547411,27.45783236,22.09948921,31.96938705,36.66101837,1.294905289,26.32988167,2.996031523,1.641728369,134.0851593,53838.27578,6,2.7320775913060142
DE_0000235,1995,1414.16,1416.37,567.02,7.74394598,548.6709595,13.0146,47.6396,351.801,1341.115353,7.42547411,27.45783236,22.09948921,31.96938705,36.66101837,1.294905289,25.97837334,3.056269646,1.620541455,132.7784546,54150.42813,6,2.627109978283434
DE_0000235,1996,1445.5,1424.81,558.77,7.74394598,541.8047668,13.0146,47.6396,351.801,1341.115353,7.42547411,27.45783236,22.09948921,31.96938705,36.66101837,1.294905289,25.85341225,2.880912781,1.622374463,131.0769089,54901.29844,6,2.6371852351931877
DE_0000235,1997,1447.54,1432.59,546.59,7.74394598,535.4857361,13.0146,47.6396,351.801,1341.115353,7.42547411,27.45783236,22.09948921,31.96938705,36.66101837,1.294905289,25.8014679,2.964226246,1.650023462,130.6518295,55685.35234,6,2.8979064737490132
DE_0000235,1998,1439.84,1443.18,541.5,7.74394598,531.3581238,13.0146,47.6396,351.801,1341.115353,7.42547411,27.45783236,22.09948921,31.96938705,36.66101837,1.294905289,25.86579361,3.070297718,1.669356592,129.9006821,59058.67422,6,2.9249206162231207
DE_0000235,1999,1480.07,1464.42,521.22,7.74394598,516.6609802,13.0146,47.6396,351.801,1341.115353,7.42547411,27.45783236,22.09948921,31.96938705,36.66101837,1.294905289,26.15456314,2.948670626,1.670204224,127.3715164,62459.48359,6,3.387676400403321
DE_0000235,2000,1443.78,1487.89,535.01,7.74394598,532.0438416,13.0146,47.6396,351.801,1341.115353,7.42547411,27.45783236,22.09948921,31.96938705,36.66101837,1.294905289,26.62456322,3.020020008,1.685719019,128.0963943,65372.13672,6,3.7689166537107313
DE_0000235,2001,1425.28,1497.6,550.25,7.74394598,545.4709839,13.0146,47.6396,351.801,1341.115353,7.42547411,27.45783236,22.09948921,31.96938705,36.66101837,1.294905289,26.81194534,2.991369009,1.701106592,129.3535339,68769.19063,6,3.4762829459372657
DE_0000235,2002,1444.97,1535.56,556.42,7.74394598,552.8161987,13.0146,47.6396,351.801,1341.115353,7.42547411,27.45783236,22.09948921,31.96938705,36.66101837,1.294905289,26.97821465,2.958452225,1.69971748,128.710202,72706.91875,6,3.668940314979888
DE_0000235,2003,1397.89,1491.18,577.63,7.74394598,573.1028564,13.0146,47.6396,351.801,1341.115353,7.42547411,27.45783236,22.09948921,31.96938705,36.66101837,1.294905289,26.84317513,2.890178442,1.700249634,132.7755554,74603.825,6,3.7105913689673393
DE_0000235,2004,1399.15,1471.78,579.97,7.74394598,575.430957,13.0146,47.6396,351.801,1341.115353,7.42547411,27.45783236,22.09948921,31.96938705,36.66101837,1.294905289,26.84214401,2.916984081,1.685541284,134.8360291,77399.45625,6,3.7646644788494137
DE_0000235,2005,1432.13,1449.52,568.36,7.74394598,563.8352295,13.0146,47.6396,351.801,1341.115353,7.42547411,27.45783236,22.09948921,31.96938705,36.66101837,1.294905289,26.84388962,2.892539501,1.655934497,135.8656738,80356.22344,6,3.734713007427618
DE_0000235,2006,1472.36,1433.78,572.12,7.74394598,569.0452271,13.0146,47.6396,351.801,1341.115353,7.42547411,27.45783236,22.09948921,31.96938705,36.66101837,1.294905289,26.97365074,2.953015804,1.64136355,136.8632538,82233.52344,6,4.129726234689763
DE_0000235,2007,1443.26,1421.42,578.19,7.74394598,569.8814209,13.0146,47.6396,351.801,1341.115353,7.42547411,27.45783236,22.09948921,31.96938705,36.66101837,1.294905289,26.89464264,3.058134794,1.62986814,138.3617035,83051.24063,6,3.3406507711426827
DE_0000775,1989,879.78,1250.15,536.69,5.346666431,527.8541565,11.0646,47.4854,254.6671,1403.156172,7.564917711,24.55084936,24.9642849,32.3571434,32.125,1.149206851,31.25263901,2.853125334,1.622170825,139.7208344,15294.36504,6,3.3748971898507962
DE_0000775,1990,902.47,1268.25,550.93,5.346666431,545.9016541,11.0646,47.4854,254.6671,1403.156172,7.564917711,24.55084936,24.9642849,32.3571434,32.125,1.149206851,32.18819466,2.963194609,1.646350049,139.5122925,14843.7916,6,3.9560511882287503
DE_0000775,1991,891.13,1253.41,549.11,5.346666431,540.5366577,11.0646,47.4854,254.6671,1403.156172,7.564917711,24.55084936,24.9642849,32.3571434,32.125,1.149206851,31.61354141,2.826527834,1.651548267,139.9559021,14301.23711,6,3.484566232626955
DE_0000775,1992,858.18,1240.81,566.37,5.346666431,552.5999939,11.0646,47.4854,254.6671,1403.156172,7.564917711,24.55084936,24.9642849,32.3571434,32.125,1.149206851,31.37333336,2.9453125,1.658975635,141.0886108,13635.9498,6,3.1928013310639596
DE_0000775,1993,840.71,1226.63,568.41,5.346666431,553.7366638,11.0646,47.4854,254.6671,1403.156172,7.564917711,24.55084936,24.9642849,32.3571434,32.125,1.149206851,31.24729118,3.091006994,1.666988818,141.8547211,13092.76992,6,3.179095014654259
DE_0000775,1994,824.32,1233.34,581.61,5.346666431,567.6766663,11.0646,47.4854,254.6671,1403.156172,7.564917711,24.55084936,24.9642849,32.3571434,32.125,1.149206851,31.35249977,3.079131842,1.661958984,142.5815948,12664.3375,6,3.3043778158069514
DE_0000775,1995,899.95,1260.85,560.57,5.346666431,545.0525024,11.0646,47.4854,254.6671,1403.156172,7.564917711,24.55084936,24.9642849,32.3571434,32.125,1.149206851,30.9234024,3.099131823,1.630358325,141.3345825,12532.29961,6,3.000177140093709
DE_0000775,1996,918.84,1289.63,557.44,5.346666431,548.2250061,11.0646,47.4854,254.6671,1403.156172,7.564917711,24.55084936,24.9642849,32.3571434,32.125,1.149206851,31.79381981,2.937257051,1.622516675,140.2952759,12565.19961,6,3.39140172943712
DE_0000775,1997,903.73,1258.67,550.49,5.346666431,542.605011,11.0646,47.4854,254.6671,1403.156172,7.564917711,24.55084936,24.9642849,32.3571434,32.125,1.149206851,31.66451416,2.958437681,1.642941675,140.9202759,12657.72012,6,3.5590717517158783
DE_0000775,1998,888.6,1247.37,550.09,5.346666431,541.7016785,11.0646,47.4854,254.6671,1403.156172,7.564917711,24.55084936,24.9642849,32.3571434,32.125,1.149206851,31.60493011,3.090624809,1.647851733,140.8258301,12786.56543,6,3.527276216808959
DE_0000775,1999,986.92,1330.59,531.07,5.346666431,523.0308411,11.0646,47.4854,254.6671,1403.156172,7.564917711,24.55084936,24.9642849,32.3571434,32.125,1.149206851,31.65611115,3.02451396,1.637530396,138.6446472,12966.03809,6,3.245409983603512
DE_0000775,2000,1006.05,1345.0,548.71,5.346666431,542.3566772,11.0646,47.4854,254.6671,1403.156172,7.564917711,24.55084936,24.9642849,32.3571434,32.125,1.149206851,32.09923668,3.065868139,1.656556006,139.145343,13099.96289,6,3.534998750114926
DE_0000775,2001,1022.21,1383.95,551.9,5.346666431,544.0708374,11.0646,47.4854,254.6671,1403.156172,7.564917711,24.55084936,24.9642849,32.3571434,32.125,1.149206851,32.23423615,3.051701307,1.659616113,139.4207611,13227.33828,6,3.2975581531811335
DE_0000775,2002,1060.02,1443.1,555.45,5.346666431,552.3533325,11.0646,47.4854,254.6671,1403.156172,7.564917711,24.55084936,24.9642849,32.3571434,32.125,1.149206851,32.73229218,2.941597223,1.654998877,137.8818726,13274.82813,6,3.9752394173630465
DE_0000775,2003,995.74,1397.06,574.83,5.346666431,567.5916748,11.0646,47.4854,254.6671,1403.156172,7.564917711,24.55084936,24.9642849,32.3571434,32.125,1.149206851,32.03770981,2.857395887,1.654433398,141.2427063,13201.77168,6,3.487427169726743
DE_0000775,2004,889.77,1312.62,578.87,5.346666431,571.6366699,11.0646,47.4854,254.6671,1403.156172,7.564917711,24.55084936,24.9642849,32.3571434,32.125,1.149206851,32.03770981,2.931145906,1.647158984,143.332431,13135.81973,6,3.7138957361661427
DE_0000775,2005,800.37,1259.57,568.48,5.346666431,559.9141602,11.0646,47.4854,254.6671,1403.156172,7.564917711,24.55084936,24.9642849,32.3571434,32.125,1.149206851,31.84715347,2.845867872,1.633057764,144.0954163,13036.16094,6,3.6140688794647384
DE_0000775,2006,744.92,1190.76,574.2,5.346666431,560.9266602,11.0646,47.4854,254.6671,1403.156172,7.564917711,24.55084936,24.9642849,32.3571434,32.125,1.149206851,31.58486214,2.993611097,1.649776807,145.446109,12881.40527,6,3.411495441351526
ES_0000037,1989,636.61,887.88,789.32,11.64966774,612.236145,-4.6063,43.3187,653.8903,1068.187595,6.902219589,28.32651064,18.73035622,46.69107056,32.0775528,1.396095675,154.8548096,3.807424068,1.658661694,155.021875,8549.883496,6,2.2430828169176222
ES_0000037,1990,596.88,872.25,795.87,11.64966774,620.7997803,-4.6063,43.3187,653.8903,1068.187595,6.902219589,28.32651064,18.73035622,46.69107056,32.0775528,1.396095675,155.0334808,3.873209953,1.678673145,155.7217621,9185.383594,6,2.3757579658023076
ES_0000037,1991,643.96,852.55,801.34,11.64966774,624.6057007,-4.6063,43.3187,653.8903,1068.187595,6.902219589,28.32651064,18.73035622,46.69107056,32.0775528,1.396095675,153.6493896,3.862111807,1.665085522,156.4616852,9851.667383,6,2.4848680842571316
ES_0000037,1992,682.12,852.76,793.55,11.64966774,622.3243408,-4.6063,43.3187,653.8903,1068.187595,6.902219589,28.32651064,18.73035622,46.69107056,32.0775528,1.396095675,152.2007355,3.739279985,1.663937183,157.0537476,10571.90938,6,2.4985408658414485
ES_0000037,1993,651.32,855.34,800.21,11.64966774,633.1120605,-4.6063,43.3187,653.8903,1068.187595,6.902219589,28.32651064,18.73035622,46.69107056,32.0775528,1.396095675,155.3781799,3.83714962,1.671029272,156.9122131,10940.52188,6,2.604879748919866
ES_0000037,1994,661.62,848.35,786.67,11.64966774,632.0836548,-4.6063,43.3187,653.8903,1068.187595,6.902219589,28.32651064,18.73035622,46.69107056,32.0775528,1.396095675,160.0336945,3.977111816,1.68341521,155.7675751,11286.52832,6,2.7225631810279056
ES_0000037,1995,673.39,861.36,796.91,11.64966774,636.5297974,-4.6063,43.3187,653.8903,1068.187595,6.902219589,28.32651064,18.73035622,46.69107056,32.0775528,1.396095675,155.8497345,3.963456154,1.681940137,156.0508179,11583.88164,6,2.6496838110753873
ES_0000037,1996,691.46,931.25,812.0,11.64966774,663.7097778,-4.6063,43.3187,653.8903,1068.187595,6.902219589,28.32651064,18.73035622,46.69107056,32.0775528,1.396095675,157.4340515,3.911799431,1.713346118,156.2424835,11930.77441,6,2.625153653618126
ES_0000037,1997,616.5,976.16,829.47,11.64966774,685.0652344,-4.6063,43.3187,653.8903,1068.187595,6.902219589,28.32651064,18.73035622,46.69107056,32.0775528,1.396095675,160.4725739,3.782064199,1.736495898,156.4461609,12159.21934,6,2.624987315785132
ES_0000037,1998,588.05,949.72,839.0,11.64966774,678.4756958,-4.6063,43.3187,653.8903,1068.187595,6.902219589,28.32651064,18.73035622,46.69107056,32.0775528,1.396095675,153.7893921,3.953560591,1.759991406,156.8856506,12635.21563,6,2.5727407237391127
ES_0000037,1999,614.54,963.75,842.94,11.64966774,688.8436646,-4.6063,43.3187,653.8903,1068.187595,6.902219589,28.32651064,18.73035622,46.69107056,32.0775528,1.396095675,155.7485199,4.028958321,1.754356641,156.8281311,13166.1168,6,2.6358469963066202
ES_0000037,2000,599.01,991.57,827.11,11.64966774,690.8870728,-4.6063,43.3187,653.8903,1068.187595,6.902219589,28.32651064,18.73035622,46.69107056,32.0775528,1.396095675,161.5163452,4.003589153,1.757532861,156.0435272,13753.8957,6,2.6682786555739013
ES_0000037,2001,535.57,942.42,820.31,11.64966774,674.3259521,-4.6063,43.3187,653.8903,1068.187595,6.902219589,28.32651064,18.73035622,46.69107056,32.0775528,1.396095675,156.7733551,4.088115215,1.755221899,156.1801392,14323.81797,6,2.6767971158252712
ES_0000037,2002,549.8,903.17,813.57,11.64966774,657.9282227,-4.6063,43.3187,653.8903,1068.187595,6.902219589,28.32651064,18.73035622,46.69107056,32.0775528,1.396095675,148.8975006,4.016174316,1.753356885,155.9983032,14955.45488,6,2.6561138456682762
ES_0000037,2003,563.53,952.29,828.05,11.64966774,661.5048096,-4.6063,43.3187,653.8903,1068.187595,6.902219589,28.32651064,18.73035622,46.69107056,32.0775528,1.396095675,150.2657562,3.793570042,1.740445166,156.3041901,15533.04844,6,2.4016342612893964
ES_0000037,2004,578.35,933.42,836.26,11.64966774,659.9452393,-4.6063,43.3187,653.8903,1068.187595,6.902219589,28.32651064,18.73035622,46.69107056,32.0775528,1.396095675,145.8764557,3.788475275,1.763598022,156.5780365,16090.28184,6,2.4057759294739585
ES_0000037,2005,660.15,886.5,846.22,11.64966774,641.7663696,-4.6063,43.3187,653.8903,1068.187595,6.902219589,28.32651064,18.73035622,46.69107056,32.0775528,1.396095675,142.9388428,3.815634251,1.765021411,157.9362732,16658.08965,6,2.31682337880857
ES_0000037,2006,652.79,892.77,854.85,11.64966774,651.2618286,-4.6063,43.3187,653.8903,1068.187595,6.902219589,28.32651064,18.73035622,46.69107056,32.0775528,1.396095675,147.2803192,3.840842962,1.762986182,158.3355713,17242.15723,6,2.3644051344732575
ES_0000037,2007,662.6,868.12,850.98,11.64966774,651.8829712,-4.6063,43.3187,653.8903,1068.187595,6.902219589,28.32651064,18.73035622,46.69107056,32.0775528,1.396095675,151.7839966,3.908806562,1.797040234,158.0600189,17838.62422,6,2.508044393907253
ES_0000037,2008,679.66,874.0,837.8,11.64966774,649.4468384,-4.6063,43.3187,653.8903,1068.187595,6.902219589,28.32651064,18.73035622,46.69107056,32.0775528,1.396095675,149.9868042,3.882954359,1.822501758,157.0865906,18081.22852,6,2.5182833317184175
ES_0000037,2009,675.35,881.37,848.62,11.64966774,645.6475342,-4.6063,43.3187,653.8903,1068.187595,6.902219589,28.32651064,18.73035622,46.69107056,32.0775528,1.396095675,148.9365204,3.992793322,1.836450073,157.358844,17971.76406,6,2.3748875831477165
ES_0000037,2010,680.75,926.56,853.64,11.64966774,670.0770874,-4.6063,43.3187,653.8903,1068.187595,6.902219589,28.32651064,18.73035622,46.69107056,32.0775528,1.396095675,150.2322968,4.03966856,1.853381714,155.039093,17680.68164,6,2.466422213494338
ES_0000037,2011,663.58,893.11,853.52,11.64966774,657.5616211,-4.6063,43.3187,653.8903,1068.187595,6.902219589,28.32651064,18.73035622,46.69107056,32.0775528,1.396095675,146.0357635,3.70636344,1.897065015,154.7828247,16995.08867,6,2.4503957717349327
ES_0000040,1989,1221.24,948.88,776.74,11.48000011,609.8075073,-4.6854,43.3146,458.3914,1086.68909,7.991464963,25.02493951,21.86904716,43.3482132,31.1428566,1.268598422,152.6621429,4.178184509,1.32748689,153.8007751,7148.368848,6,2.089946085092723
ES_0000040,1990,1190.05,929.34,783.27,11.48000011,620.6432251,-4.6854,43.3146,458.3914,1086.68909,7.991464963,25.02493951,21.86904716,43.3482132,31.1428566,1.268598422,153.1587189,4.265446186,1.347410669,154.5532471,7683.556738,6,2.23524420607998
ES_0000040,1991,1235.8,907.66,789.15,11.48000011,624.7603638,-4.6854,43.3146,458.3914,1086.68909,7.991464963,25.02493951,21.86904716,43.3482132,31.1428566,1.268598422,151.3485687,4.239895821,1.335752344,155.4170288,8252.645703,6,2.326966047486759
ES_0000040,1992,1311.46,904.63,780.69,11.48000011,622.8964355,-4.6854,43.3146,458.3914,1086.68909,7.991464963,25.02493951,21.86904716,43.3482132,31.1428566,1.268598422,150.715506,4.10672617,1.335160278,155.9816406,8874.14707,6,2.364999109451212
ES_0000040,1993,1382.73,907.85,787.54,11.48000011,634.2614258,-4.6854,43.3146,458.3914,1086.68909,7.991464963,25.02493951,21.86904716,43.3482132,31.1428566,1.268598422,154.221875,4.215148449,1.344076929,155.790036,9204.102344,6,2.463710504252609
ES_0000040,1994,1418.08,896.72,773.19,11.48000011,631.6825073,-4.6854,43.3146,458.3914,1086.68909,7.991464963,25.02493951,21.86904716,43.3482132,31.1428566,1.268598422,158.5455048,4.361145973,1.347694019,154.5080444,9521.019727,6,2.574653909771677
ES_0000040,1995,1468.68,912.63,783.48,11.48000011,638.6917969,-4.6854,43.3146,458.3914,1086.68909,7.991464963,25.02493951,21.86904716,43.3482132,31.1428566,1.268598422,154.7150574,4.343451977,1.344985303,154.7417938,9801.849219,6,2.536399036705232
ES_0000040,1996,1472.01,987.13,799.33,11.48000011,668.0432373,-4.6854,43.3146,458.3914,1086.68909,7.991464963,25.02493951,21.86904716,43.3482132,31.1428566,1.268598422,156.2651764,4.286234856,1.378380933,154.883136,10125.48555,6,2.5590660153513984
ES_0000040,1997,1339.07,1035.59,817.95,11.48000011,689.2657227,-4.6854,43.3146,458.3914,1086.68909,7.991464963,25.02493951,21.86904716,43.3482132,31.1428566,1.268598422,158.6624084,4.170654774,1.391712671,155.1181946,10358.7793,6,2.551661963524277
ES_0000040,1998,1273.92,1006.42,827.63,11.48000011,682.9935913,-4.6854,43.3146,458.3914,1086.68909,7.991464963,25.02493951,21.86904716,43.3482132,31.1428566,1.268598422,151.7626495,4.341636658,1.413553589,155.5750061,10845.62051,6,2.492694073344872
ES_0000040,1999,1298.87,1023.39,831.7,11.48000011,694.7360962,-4.6854,43.3146,458.3914,1086.68909,7.991464963,25.02493951,21.86904716,43.3482132,31.1428566,1.268598422,154.2649139,4.411785603,1.413689307,155.5665253,11384.71445,6,2.56723376167337
ES_0000040,2000,1269.07,1053.57,815.17,11.48000011,693.9118042,-4.6854,43.3146,458.3914,1086.68909,7.991464963,25.02493951,21.86904716,43.3482132,31.1428566,1.268598422,159.4544403,4.381993771,1.412644482,154.7659882,11970.7168,6,2.5819429260664246
ES_0000040,2001,1158.17,1004.37,807.95,11.48000011,677.5764526,-4.6854,43.3146,458.3914,1086.68909,7.991464963,25.02493951,21.86904716,43.3482132,31.1428566,1.268598422,155.302713,4.470535755,1.411129004,154.9221771,12544.35391,6,2.5694012074056127
ES_0000040,2002,1192.13,964.86,800.64,11.48000011,664.4368286,-4.6854,43.3146,458.3914,1086.68909,7.991464963,25.02493951,21.86904716,43.3482132,31.1428566,1.268598422,149.2200348,4.395550728,1.421074634,154.6927765,13107.97227,6,2.5802347802656835
ES_0000040,2003,1199.75,1015.95,815.45,11.48000011,668.9671631,-4.6854,43.3146,458.3914,1086.68909,7.991464963,25.02493951,21.86904716,43.3482132,31.1428566,1.268598422,150.5719086,4.149419308,1.412289282,155.0065277,13618.29707,6,2.359003084366092
ES_0000040,2004,1219.03,994.08,824.16,11.48000011,667.5007324,-4.6854,43.3146,458.3914,1086.68909,7.991464963,25.02493951,21.86904716,43.3482132,31.1428566,1.268598422,145.6480988,4.158303261,1.460085693,155.308905,14100.60957,6,2.3553342066590295
ES_0000040,2005,1295.4,942.19,834.4,11.48000011,649.9918091,-4.6854,43.3146,458.3914,1086.68909,7.991464963,25.02493951,21.86904716,43.3482132,31.1428566,1.268598422,143.1958374,4.19416666,1.484692822,156.6949768,14587.08242,6,2.2626848533358115
ES_0000040,2006,1255.2,947.43,843.05,11.48000011,659.0096558,-4.6854,43.3146,458.3914,1086.68909,7.991464963,25.02493951,21.86904716,43.3482132,31.1428566,1.268598422,147.2688171,4.20991087,1.500754736,157.09021,15087.94766,6,2.304822156784734
ES_0000040,2007,1222.63,919.42,839.31,11.48000011,655.0060669,-4.6854,43.3146,458.3914,1086.68909,7.991464963,25.02493951,21.86904716,43.3482132,31.1428566,1.268598422,149.1884277,4.298690319,1.545778955,156.8806213,15648.49063,6,2.3815571970497267
ES_0000040,2008,1239.18,924.38,826.32,11.48000011,651.0821655,-4.6854,43.3146,458.3914,1086.68909,7.991464963,25.02493951,21.86904716,43.3482132,31.1428566,1.268598422,147.9346497,4.266413689,1.593352026,155.9332092,15871.84766,6,2.3845753964594016
ES_0000040,2009,1239.95,933.34,837.47,11.48000011,647.5846436,-4.6854,43.3146,458.3914,1086.68909,7.991464963,25.02493951,21.86904716,43.3482132,31.1428566,1.268598422,146.8363159,4.375758648,1.600546484,156.1684448,15787.08516,6,2.2502447312616822
ES_0000040,2010,1235.8,983.39,843.15,11.48000011,672.1542847,-4.6854,43.3146,458.3914,1086.68909,7.991464963,25.02493951,21.86904716,43.3482132,31.1428566,1.268598422,147.9675323,4.414851189,1.618175854,153.8925537,15555.16055,6,2.3360984229155535
ES_0000040,2011,1238.57,946.59,843.82,11.48000011,659.587854,-4.6854,43.3146,458.3914,1086.68909,7.991464963,25.02493951,21.86904716,43.3482132,31.1428566,1.268598422,143.4814606,4.073601246,1.662825854,153.6532715,14985.58398,6,2.310615925371891
ES_0000055,1989,975.83,989.22,800.23,12.40375023,629.2889038,-5.7313,43.1687,270.6459,1105.215298,5.690023617,24.52689759,20.078125,53.078125,22.47272682,1.32357193,180.5673706,3.748832941,1.749698438,155.1966339,19788.58516,6,2.0704814394690167
ES_0000055,1990,955.6,962.98,805.81,12.40375023,641.4528809,-5.7313,43.1687,270.6459,1105.215298,5.690023617,24.52689759,20.078125,53.078125,22.47272682,1.32357193,181.8288849,3.807444572,1.7991302,155.8731537,22775.225,6,2.247981859763479
ES_0000055,1991,1104.36,939.95,812.75,12.40375023,645.0662231,-5.7313,43.1687,270.6459,1105.215298,5.690023617,24.52689759,20.078125,53.078125,22.47272682,1.32357193,178.1470673,3.793963194,1.792641626,156.8143341,25961.43359,6,2.3287559941616705
ES_0000055,1992,1221.94,913.85,805.9,12.40375023,641.9137695,-5.7313,43.1687,270.6459,1105.215298,5.690023617,24.52689759,20.078125,53.078125,22.47272682,1.32357193,174.1454041,3.661666632,1.777311401,157.6557434,29092.18398,6,2.4271277332559977
ES_0000055,1993,1298.33,919.78,812.83,12.40375023,654.7182129,-5.7313,43.1687,270.6459,1105.215298,5.690023617,24.52689759,20.078125,53.078125,22.47272682,1.32357193,178.5658173,3.777944565,1.775425952,157.3902985,35436.52539,6,2.5362245889886017
ES_0000055,1994,1290.0,887.71,799.4,12.40375023,649.2559937,-5.7313,43.1687,270.6459,1105.215298,5.690023617,24.52689759,20.078125,53.078125,22.47272682,1.32357193,181.1575195,3.935259342,1.794682739,156.1922302,42395.50859,6,2.6998752585754557
ES_0000055,1995,1311.42,913.93,810.11,12.40375023,656.8266846,-5.7313,43.1687,270.6459,1105.215298,5.690023617,24.52689759,20.078125,53.078125,22.47272682,1.32357193,176.8182617,3.906592131,1.805077563,156.3784912,47786.37109,6,2.612565566215306
ES_0000055,1996,1319.79,992.76,823.32,12.40375023,684.49646,-5.7313,43.1687,270.6459,1105.215298,5.690023617,24.52689759,20.078125,53.078125,22.47272682,1.32357193,179.904187,3.830981493,1.843785376,156.2347137,52004.37109,6,2.5962764899314887
ES_0000055,1997,1191.23,1055.08,838.13,12.40375023,703.9413452,-5.7313,43.1687,270.6459,1105.215298,5.690023617,24.52689759,20.078125,53.078125,22.47272682,1.32357193,185.4082245,3.747536898,1.887331226,155.9606384,57125.84609,6,2.539065650316928
ES_0000055,1998,1180.52,1019.29,846.48,12.40375023,697.8964478,-5.7313,43.1687,270.6459,1105.215298,5.690023617,24.52689759,20.078125,53.078125,22.47272682,1.32357193,176.4922211,3.878703833,1.926507251,156.5404144,58267.77266,6,2.519319900019424
ES_0000055,1999,1320.94,1044.89,849.61,12.40375023,710.7102295,-5.7313,43.1687,270.6459,1105.215298,5.690023617,24.52689759,20.078125,53.078125,22.47272682,1.32357193,180.2996307,3.98485136,1.914650488,156.5971497,59636.83984,6,2.5835168659619163
ES_0000055,2000,1306.66,1076.51,833.18,12.40375023,707.6884521,-5.7313,43.1687,270.6459,1105.215298,5.690023617,24.52689759,20.078125,53.078125,22.47272682,1.32357193,185.6770752,3.935129404,1.913987964,155.7471893,61459.98359,6,2.560438293035368
ES_0000055,2001,1131.73,1042.75,826.97,12.40375023,694.5355591,-5.7313,43.1687,270.6459,1105.215298,5.690023617,24.52689759,20.078125,53.078125,22.47272682,1.32357193,182.1749268,4.064500332,1.920411938,156.0467102,63530.14453,6,2.5327851279223546
ES_0000055,2002,1137.68,1011.26,821.32,12.40375023,686.668457,-5.7313,43.1687,270.6459,1105.215298,5.690023617,24.52689759,20.078125,53.078125,22.47272682,1.32357193,177.5950714,3.965740681,1.926391138,155.8932648,65233.65781,6,2.573689836896778
ES_0000055,2003,1123.4,1065.61,833.96,12.40375023,688.1000122,-5.7313,43.1687,270.6459,1105.215298,5.690023617,24.52689759,20.078125,53.078125,22.47272682,1.32357193,180.2209991,3.690129519,1.915597437,156.0452637,66904.72188,6,2.329538786070507
ES_0000055,2004,1079.93,1029.78,842.32,12.40375023,683.6760132,-5.7313,43.1687,270.6459,1105.215298,5.690023617,24.52689759,20.078125,53.078125,22.47272682,1.32357193,174.7155884,3.70535183,1.934748999,156.4068176,67109.48828,6,2.3299668652215306
ES_0000055,2005,1204.32,962.74,852.8,12.40375023,667.8395508,-5.7313,43.1687,270.6459,1105.215298,5.690023617,24.52689759,20.078125,53.078125,22.47272682,1.32357193,171.5401062,3.744462729,1.918645898,158.050296,66717.53516,6,2.303687771354918
ES_0000055,2006,1251.92,965.91,861.67,12.40375023,677.5266602,-5.7313,43.1687,270.6459,1105.215298,5.690023617,24.52689759,20.078125,53.078125,22.47272682,1.32357193,175.8327393,3.801981688,1.902105811,158.4934052,66281.16953,6,2.3601579656073994
ES_0000055,2007,1243.59,925.4,858.72,12.40375023,671.071106,-5.7313,43.1687,270.6459,1105.215298,5.690023617,24.52689759,20.078125,53.078125,22.47272682,1.32357193,175.5486694,3.849944115,1.922082861,158.708075,65932.29609,6,2.4558350293994278
ES_0000055,2008,1250.58,915.71,847.76,12.40375023,665.7306641,-5.7313,43.1687,270.6459,1105.215298,5.690023617,24.52689759,20.078125,53.078125,22.47272682,1.32357193,173.3771118,3.794222593,1.913772949,157.8764862,63755.28672,6,2.4896071024587565
ES_0000055,2009,1241.21,935.62,858.31,12.40375023,662.6764526,-5.7313,43.1687,270.6459,1105.215298,5.690023617,24.52689759,20.078125,53.078125,22.47272682,1.32357193,172.442746,3.929648399,1.90454585,158.1118225,60631.42031,6,2.3131631421736887
ES_0000055,2010,1242.4,1003.1,862.82,12.40375023,687.2209106,-5.7313,43.1687,270.6459,1105.215298,5.690023617,24.52689759,20.078125,53.078125,22.47272682,1.32357193,174.7328217,3.950611115,1.904003638,155.8234863,56568.77578,6,2.3395807052224407
ES_0000055,2011,1205.51,958.22,862.03,12.40375023,673.2204712,-5.7313,43.1687,270.6459,1105.215298,5.690023617,24.52689759,20.078125,53.078125,22.47272682,1.32357193,169.0124481,3.622518301,1.9525302,155.6367859,53549.45078,6,2.334986219033498
ES_0000480,1989,883.01,1154.35,1004.94,13.38666706,551.8200134,-5.7896,40.3854,99.5881,1499.461614,6.961391206,15.27878523,19.22916603,44.94791794,30.9534893,1.819500506,78.15203857,4.329259396,1.285740283,185.6825989,16726.73535,6,1.0403402730314473
ES_0000480,1990,794.71,1104.7,1002.9,13.38666706,559.8555603,-5.7896,40.3854,99.5881,1499.461614,6.961391206,15.27878523,19.22916603,44.94791794,30.9534893,1.819500506,78.64370575,4.270370007,1.292872217,186.38797,17943.31719,6,1.10018736901235
ES_0000480,1991,760.02,1100.09,1010.16,13.38666706,555.4244507,-5.7896,40.3854,99.5881,1499.461614,6.961391206,15.27878523,19.22916603,44.94791794,30.9534893,1.819500506,76.28259277,4.345833302,1.273061108,185.9779694,19248.00293,6,1.0834006390222806
ES_0000480,1992,654.58,1000.26,1003.89,13.38666706,545.7266479,-5.7896,40.3854,99.5881,1499.461614,6.961391206,15.27878523,19.22916603,44.94791794,30.9534893,1.819500506,75.52796326,4.310462952,1.230643091,188.3351898,20686.76602,6,1.1405954691286257
ES_0000480,1993,602.34,981.73,1010.57,13.38666706,545.4733276,-5.7896,40.3854,99.5881,1499.461614,6.961391206,15.27878523,19.22916603,44.94791794,30.9534893,1.819500506,75.83426056,4.34768486,1.233848657,188.3472229,21455.03008,6,1.1513718727492717
ES_0000480,1994,662.26,882.71,1001.52,13.38666706,521.771106,-5.7896,40.3854,99.5881,1499.461614,6.961391206,15.27878523,19.22916603,44.94791794,30.9534893,1.819500506,75.81389008,4.346203804,1.240844482,189.8888885,22209.36211,6,1.1817295786769497
ES_0000480,1995,630.72,913.94,1013.96,13.38666706,527.7133362,-5.7896,40.3854,99.5881,1499.461614,6.961391206,15.27878523,19.22916603,44.94791794,30.9534893,1.819500506,72.76111145,4.375092983,1.236019482,189.922406,22805.74531,6,1.156052687714447
ES_0000480,1996,736.8,1030.81,1023.2,13.38666706,552.1644409,-5.7896,40.3854,99.5881,1499.461614,6.961391206,15.27878523,19.22916603,44.94791794,30.9534893,1.819500506,74.41111145,4.485740662,1.268130591,188.8931488,23462.64766,6,1.117003482929161
ES_0000480,1997,845.16,1154.42,1024.24,13.38666706,574.7933472,-5.7896,40.3854,99.5881,1499.461614,6.961391206,15.27878523,19.22916603,44.94791794,30.9534893,1.819500506,73.93629608,4.153425217,1.314713916,186.5940735,23873.01016,6,1.0905931150708212
ES_0000480,1998,857.78,1131.85,1035.67,13.38666706,580.393335,-5.7896,40.3854,99.5881,1499.461614,6.961391206,15.27878523,19.22916603,44.94791794,30.9534893,1.819500506,70.16703796,4.222592354,1.333822241,187.7568542,24788.58164,6,1.1136632263113562
ES_0000480,1999,737.94,1139.32,1038.44,13.38666706,602.8866699,-5.7896,40.3854,99.5881,1499.461614,6.961391206,15.27878523,19.22916603,44.94791794,30.9534893,1.819500506,70.86500092,4.46175909,1.329266675,187.694635,25782.27266,6,1.1771451251265366
ES_0000480,2000,825.34,1172.86,1022.52,13.38666706,603.184436,-5.7896,40.3854,99.5881,1499.461614,6.961391206,15.27878523,19.22916603,44.94791794,30.9534893,1.819500506,73.96981506,4.427870274,1.338865283,187.3396362,26920.72891,6,1.167609264641626
ES_0000480,2001,876.7,1105.6,1010.92,13.38666706,583.5288818,-5.7896,40.3854,99.5881,1499.461614,6.961391206,15.27878523,19.22916603,44.94791794,30.9534893,1.819500506,74.12926025,4.555092335,1.343659717,188.2750031,27999.63984,6,1.1686546634844135
ES_0000480,2002,813.63,1061.56,1012.55,13.38666706,572.777771,-5.7896,40.3854,99.5881,1499.461614,6.961391206,15.27878523,19.22916603,44.94791794,30.9534893,1.819500506,76.2257431,4.333611012,1.336309692,189.2083344,29216.44219,6,1.168809722146496
ES_0000480,2003,898.78,1156.06,1015.99,13.38666706,556.328894,-5.7896,40.3854,99.5881,1499.461614,6.961391206,15.27878523,19.22916603,44.94791794,30.9534893,1.819500506,78.43278046,4.352314949,1.331269409,188.5411102,30341.4543,6,1.0428544457406712
ES_0000480,2004,929.7,1173.26,1016.96,13.38666706,543.9755615,-5.7896,40.3854,99.5881,1499.461614,6.961391206,15.27878523,19.22916603,44.94791794,30.9534893,1.819500506,79.20148468,4.248610973,1.3375125,188.3701843,31488.05,6,0.9979005408495126
ES_0000480,2005,794.71,1105.63,1025.55,13.38666706,519.0489014,-5.7896,40.3854,99.5881,1499.461614,6.961391206,15.27878523,19.22916603,44.94791794,30.9534893,1.819500506,79.02667084,4.398425579,1.30670835,190.301297,32689.8668,6,0.9655242194766381
ES_0000480,2006,652.8,1131.55,1031.1,13.38666706,533.1844604,-5.7896,40.3854,99.5881,1499.461614,6.961391206,15.27878523,19.22916603,44.94791794,30.9534893,1.819500506,79.80889282,4.3327775,1.295112524,190.3705536,34053.74063,6,0.9832805128250559
ES_0000480,2007,662.26,1098.45,1031.63,13.38666706,540.3489014,-5.7896,40.3854,99.5881,1499.461614,6.961391206,15.27878523,19.22916603,44.94791794,30.9534893,1.819500506,79.81889038,4.240092278,1.304973657,191.1801849,35347.5707,6,1.0230098162565262
ES_0000480,2008,556.55,1046.34,1026.64,13.38666706,550.8088989,-5.7896,40.3854,99.5881,1499.461614,6.961391206,15.27878523,19.22916603,44.94791794,30.9534893,1.819500506,80.77055359,4.351110458,1.300390332,190.9966644,35873.74063,6,1.0965563522972521
ES_0000480,2009,548.73,1031.65,1037.94,13.38666706,544.9578003,-5.7896,40.3854,99.5881,1499.461614,6.961391206,15.27878523,19.22916603,44.94791794,30.9534893,1.819500506,77.38629303,4.479259491,1.290583374,191.6670319,35613.70625,6,1.0809470428199395
ES_0000480,2010,681.18,1172.73,1032.99,13.38666706,584.5022461,-5.7896,40.3854,99.5881,1499.461614,6.961391206,15.27878523,19.22916603,44.94791794,30.9534893,1.819500506,77.46481018,4.477685452,1.318170874,188.1240692,34983.49219,6,1.0990458430336147
ES_0000480,2011,652.8,1115.2,1032.95,13.38666706,573.6622498,-5.7896,40.3854,99.5881,1499.461614,6.961391206,15.27878523,19.22916603,44.94791794,30.9534893,1.819500506,76.46351624,4.225184917,1.329711133,188.4309265,33549.2168,6,1.1079221233916192
ES_0000740,2006,315.426005,450.3583333,1260.313354,14.35779943,415.5366638,-3.018611111,38.07555556,106.4508,1096.736557,5.202405246,21.27064299,32.95833206,34.65625,27.62105179,1.559505781,31.68388863,3.241152573,1.143788892,196.4934845,18763.74414,6,1.803950933642471
ES_0000740,2007,236.1873524,448.2033333,1260.36665,14.35779943,422.5083252,-3.018611111,38.07555556,106.4508,1096.736557,5.202405246,21.27064299,32.95833206,34.65625,27.62105179,1.559505781,31.68430481,3.226333046,1.178061084,196.1821014,19495.67852,6,2.005749902443123
ES_0000740,2008,217.193662,456.92,1253.939966,14.35779943,433.4666504,-3.018611111,38.07555556,106.4508,1096.736557,5.202405246,21.27064299,32.95833206,34.65625,27.62105179,1.559505781,26.19791584,3.238541317,1.215981909,195.494873,19804.58555,6,2.116853227813592
ES_0000740,2009,244.7881391,469.8,1264.096655,14.35779943,412.6499817,-3.018611111,38.07555556,106.4508,1096.736557,5.202405246,21.27064299,32.95833206,34.65625,27.62105179,1.559505781,25.38111057,3.303013563,1.215759692,195.7197357,19501.18125,6,1.5311327499525123
ES_0000740,2010,394.984382,580.2216667,1260.321655,14.35779943,457.5566467,-3.018611111,38.07555556,106.4508,1096.736557,5.202405246,21.27064299,32.95833206,34.65625,27.62105179,1.559505781,30.66944408,3.364846945,1.242523584,192.5805664,19015.92305,6,1.3050394113180215
ES_0000740,2011,442.5350941,561.405,1261.636646,14.35779943,455.9649841,-3.018611111,38.07555556,106.4508,1096.736557,5.202405246,21.27064299,32.95833206,34.65625,27.62105179,1.559505781,31.45819454,3.364096975,1.267456934,192.8954254,18319.95195,6,1.3700477850849229
ES_0000742,1996,84.46147276,535.2466667,1240.32666,16.09540604,403.7433319,-3.564722222,37.67361111,65.1012,1268.066812,6.350868013,16.83613166,29.4375,36.09375,28.70967674,-0.078780627,23.24750004,3.309111023,0.655179138,199.028894,9180.365234,6,1.1464029172137165
ES_0000742,1997,151.2158582,598.22,1243.713354,16.09540604,408.9766632,-3.564722222,37.67361111,65.1012,1268.066812,6.350868013,16.83613166,29.4375,36.09375,28.70967674,-0.078780627,24.98277836,3.305138779,0.657004138,198.0161133,9369.153906,6,1.0201251982236468
ES_0000742,1998,216.9382305,583.4933333,1249.166699,16.09540604,400.7099945,-3.564722222,37.67361111,65.1012,1268.066812,6.350868013,16.83613166,29.4375,36.09375,28.70967674,-0.078780627,25.55861149,3.284916592,0.661764563,198.2844482,9739.789258,6,1.0121426581656678
ES_0000742,1999,234.4214777,598.6,1248.216724,16.09540604,404.7166595,-3.564722222,37.67361111,65.1012,1268.066812,6.350868013,16.83613166,29.4375,36.09375,28.70967674,-0.078780627,26.55166721,3.300333214,0.658737488,197.6308411,10157.68613,6,1.0005419219423053
ES_0000742,2000,266.0549122,630.2733333,1249.773413,16.09540604,451.3199951,-3.564722222,37.67361111,65.1012,1268.066812,6.350868013,16.83613166,29.4375,36.09375,28.70967674,-0.078780627,29.21861115,3.290805435,0.667520825,197.5533447,10624.3459,6,1.1335998739865378
ES_0000742,2001,287.771594,561.17,1260.536743,16.09540604,440.9700012,-3.564722222,37.67361111,65.1012,1268.066812,6.350868013,16.83613166,29.4375,36.09375,28.70967674,-0.078780627,28.35555649,3.284666634,0.667177087,198.7213989,11031.39688,6,1.269424430265443
ES_0000742,2002,252.7571836,507.1933333,1262.816724,16.09540604,434.0466614,-3.564722222,37.67361111,65.1012,1268.066812,6.350868013,16.83613166,29.4375,36.09375,28.70967674,-0.078780627,29.09555664,3.290583229,0.6682521,199.5522247,11452.43848,6,1.4799975689592175
ES_0000742,2003,213.2867066,547.8733333,1269.866724,16.09540604,441.9266663,-3.564722222,37.67361111,65.1012,1268.066812,6.350868013,16.83613166,29.4375,36.09375,28.70967674,-0.078780627,32.6586132,3.318583202,0.6612396,199.0130554,11876.55234,6,1.3230077170922676
ES_0000742,2004,218.1666269,566.33,1264.11001,16.09540604,466.2333435,-3.564722222,37.67361111,65.1012,1268.066812,6.350868013,16.83613166,29.4375,36.09375,28.70967674,-0.078780627,34.68277969,3.264110994,0.690447925,198.090274,12316.48516,6,1.4232743057554502
ES_0000742,2005,191.5276741,521.2233333,1258.52334,16.09540604,439.1100098,-3.564722222,37.67361111,65.1012,1268.066812,6.350868013,16.83613166,29.4375,36.09375,28.70967674,-0.078780627,33.38250237,3.225027657,0.690908337,198.3983246,12765.4875,6,1.4421601576743204
ES_0000742,2006,150.3168934,525.7733333,1253.990015,16.09540604,437.0466675,-3.564722222,37.67361111,65.1012,1268.066812,6.350868013,16.83613166,29.4375,36.09375,28.70967674,-0.078780627,34.02527962,3.189944267,0.699752075,197.6788849,13225.1832,6,1.4016517619810285
ES_0000742,2007,122.3196799,510.36,1253.29668,16.09540604,441.380011,-3.564722222,37.67361111,65.1012,1268.066812,6.350868013,16.83613166,29.4375,36.09375,28.70967674,-0.078780627,31.60555687,3.167055511,0.711929163,197.5,13760.95137,6,1.5402064542221319
ES_0000742,2008,91.74870449,513.6766667,1249.07334,16.09540604,460.0100037,-3.564722222,37.67361111,65.1012,1268.066812,6.350868013,16.83613166,29.4375,36.09375,28.70967674,-0.078780627,27.57000008,3.179972124,0.728097913,197.0572235,14028.52734,6,1.744353360902812
ES_0000742,2009,76.4036249,538.6633333,1259.563379,16.09540604,441.7799988,-3.564722222,37.67361111,65.1012,1268.066812,6.350868013,16.83613166,29.4375,36.09375,28.70967674,-0.078780627,27.01444435,3.246333218,0.7201625,197.1341736,13881.07227,6,1.3703912755898033
ES_0000742,2010,87.29956886,678.47,1258.06001,16.09540604,481.7733337,-3.564722222,37.67361111,65.1012,1268.066812,6.350868013,16.83613166,29.4375,36.09375,28.70967674,-0.078780627,30.9172226,3.303333187,0.741325012,193.8227844,13639.24063,6,1.1612241177477138
ES_0000742,2011,121.2063648,656.6666667,1261.793311,16.09540604,478.9033325,-3.564722222,37.67361111,65.1012,1268.066812,6.350868013,16.83613166,29.4375,36.09375,28.70967674,-0.078780627,30.97277832,3.304944324,0.762395862,194.4800018,13143.98086,6,1.19492613376177
ES_0001067,1989,1070.95,1197.76,667.7,8.658750343,532.1837769,0.7187,42.4979,146.4868,2053.919012,8.063436875,19.73235298,17.515625,49.28125,24.5357151,2.293101453,94.54239502,5.589426994,1.23630835,171.6485443,3372.280029,6,1.5193825243097339
ES_0001067,1990,1034.97,1218.91,684.86,8.658750343,564.3225342,0.7187,42.4979,146.4868,2053.919012,8.063436875,19.73235298,17.515625,49.28125,24.5357151,2.293101453,97.78395691,5.476510525,1.2507604,170.965625,3595.290674,6,1.6703507862317681
ES_0001067,1991,996.88,1285.48,681.68,8.658750343,566.3550354,0.7187,42.4979,146.4868,2053.919012,8.063436875,19.73235298,17.515625,49.28125,24.5357151,2.293101453,100.0153122,5.595520973,1.235532275,171.1665649,3829.784912,6,1.6360885700437067
ES_0001067,1992,976.26,1305.42,683.56,8.658750343,575.1212708,0.7187,42.4979,146.4868,2053.919012,8.063436875,19.73235298,17.515625,49.28125,24.5357151,2.293101453,101.6469772,5.575312138,1.233213525,172.0939606,4088.140088,6,1.6812807652501938
ES_0001067,1993,965.13,1297.37,690.64,8.658750343,596.5687683,0.7187,42.4979,146.4868,2053.919012,8.063436875,19.73235298,17.515625,49.28125,24.5357151,2.293101453,103.9020813,5.531146049,1.237776025,173.4817719,4225.167041,6,1.8509490674390574
ES_0001067,1994,1049.79,1275.27,687.09,8.658750343,577.830011,0.7187,42.4979,146.4868,2053.919012,8.063436875,19.73235298,17.515625,49.28125,24.5357151,2.293101453,106.682605,5.625624657,1.2347302,174.3407318,4356.844531,6,1.7158982549221793
ES_0001067,1995,1051.91,1251.74,692.86,8.658750343,574.7450012,0.7187,42.4979,146.4868,2053.919012,8.063436875,19.73235298,17.515625,49.28125,24.5357151,2.293101453,103.91698,5.687916756,1.22675105,175.84823,4471.68125,6,1.682819597831106
ES_0001067,1996,1190.62,1363.27,718.84,8.658750343,616.6287476,0.7187,42.4979,146.4868,2053.919012,8.063436875,19.73235298,17.515625,49.28125,24.5357151,2.293101453,104.1454178,5.689791679,1.246907837,176.1102051,4599.07666,6,1.795214678952942
ES_0001067,1997,1259.32,1358.84,751.3,8.658750343,645.1450073,0.7187,42.4979,146.4868,2053.919012,8.063436875,19.73235298,17.515625,49.28125,24.5357151,2.293101453,103.1043762,5.487083435,1.26456355,177.014267,4681.216406,6,1.8715189714319314
ES_0001068,1989,967.1,1210.14,652.35,9.236000061,519.7325195,0.7562,42.4521,230.9251,2057.118185,7.039981747,19.67381597,16.15999985,50.5,21.49142838,1.185083469,91.90250092,5.825173855,1.095739355,173.2052124,2305.229248,6,1.481552435935798
ES_0001068,1990,971.31,1234.08,671.59,9.236000061,553.541687,0.7562,42.4521,230.9251,2057.118185,7.039981747,19.67381597,16.15999985,50.5,21.49142838,1.185083469,95.2006958,5.71319437,1.130664355,172.4693115,2458.712158,6,1.6310936557513915
ES_0001068,1991,930.66,1306.56,666.28,9.236000061,552.6091919,0.7562,42.4521,230.9251,2057.118185,7.039981747,19.67381597,16.15999985,50.5,21.49142838,1.185083469,97.93055725,5.83732605,1.131219336,172.6246582,2616.074902,6,1.582459451055401
ES_0001068,1992,907.91,1325.36,670.04,9.236000061,563.3066895,0.7562,42.4521,230.9251,2057.118185,7.039981747,19.67381597,16.15999985,50.5,21.49142838,1.185083469,99.51361084,5.816007137,1.119930029,173.5288239,2788.709229,6,1.6345839276334833
ES_0001068,1993,833.95,1319.93,676.89,9.236000061,585.5933533,0.7562,42.4521,230.9251,2057.118185,7.039981747,19.67381597,16.15999985,50.5,21.49142838,1.185083469,101.8094437,5.770590305,1.118212036,174.9068085,2877.637012,6,1.8067249212078973
ES_0001068,1994,901.23,1295.06,673.64,9.236000061,566.7516907,0.7562,42.4521,230.9251,2057.118185,7.039981747,19.67381597,16.15999985,50.5,21.49142838,1.185083469,104.483403,5.866250515,1.125630713,175.8994446,2963.41748,6,1.6727347345197603
ES_0001068,1995,926.46,1270.1,677.39,9.236000061,562.2875183,0.7562,42.4521,230.9251,2057.118185,7.039981747,19.67381597,16.15999985,50.5,21.49142838,1.185083469,101.9999313,5.92427063,1.113924048,177.4447906,3043.920215,6,1.6389151118874759
ES_0001068,1996,1056.89,1382.61,702.75,9.236000061,603.8375,0.7562,42.4521,230.9251,2057.118185,7.039981747,19.67381597,16.15999985,50.5,21.49142838,1.185083469,102.70625,5.92954874,1.132199414,177.7054199,3136.392773,6,1.7547635506163188
ES_0001068,1997,1091.85,1372.56,732.56,9.236000061,629.5166626,0.7562,42.4521,230.9251,2057.118185,7.039981747,19.67381597,16.15999985,50.5,21.49142838,1.185083469,101.5731964,5.724235535,1.161372729,178.6720184,3198.655664,6,1.8230611063363393
ES_0001072,1989,925.06,1217.16,639.55,8.480000019,513.2222351,1.3312,42.5521,58.2292,2109.46554,7.454260373,16.30455626,19.5,47.45833206,28.4285717,1.231222287,102.07444,6.420370102,1.271088867,174.6413025,780.8894653,6,1.4815186054890788
ES_0001072,1990,777.89,1245.51,659.52,8.480000019,544.9533264,1.3312,42.5521,58.2292,2109.46554,7.454260373,16.30455626,19.5,47.45833206,28.4285717,1.231222287,105.4996262,6.307314396,1.308822217,173.8264862,800.4102173,6,1.6093220855457553
ES_0001072,1991,620.21,1329.6,654.4,8.480000019,548.6311035,1.3312,42.5521,58.2292,2109.46554,7.454260373,16.30455626,19.5,47.45833206,28.4285717,1.231222287,108.3390717,6.45916605,1.343744458,173.9274139,804.1075928,6,1.590893872761174
ES_0001072,1992,495.42,1364.18,657.52,8.480000019,558.4955566,1.3312,42.5521,58.2292,2109.46554,7.454260373,16.30455626,19.5,47.45833206,28.4285717,1.231222287,110.1066635,6.424536705,1.324641675,174.7350067,805.4100586,6,1.6288915200873963
ES_0001072,1993,546.62,1374.32,664.67,8.480000019,581.1510986,1.3312,42.5521,58.2292,2109.46554,7.454260373,16.30455626,19.5,47.45833206,28.4285717,1.231222287,113.2337006,6.383517742,1.338847192,176.0757446,801.6189819,6,1.7920141761777444
ES_0001072,1994,620.21,1348.65,661.7,8.480000019,562.0799805,1.3312,42.5521,58.2292,2109.46554,7.454260373,16.30455626,19.5,47.45833206,28.4285717,1.231222287,116.047963,6.474814892,1.339513892,177.172226,798.4329102,6,1.649778495892869
ES_0001072,1995,635.98,1323.34,663.24,8.480000019,559.1933228,1.3312,42.5521,58.2292,2109.46554,7.454260373,16.30455626,19.5,47.45833206,28.4285717,1.231222287,114.0590729,6.52981472,1.322858325,178.717038,819.821582,6,1.6381522569086049
ES_0001072,1996,727.32,1436.68,687.9,8.480000019,599.8244263,1.3312,42.5521,58.2292,2109.46554,7.454260373,16.30455626,19.5,47.45833206,28.4285717,1.231222287,115.7548141,6.548333645,1.343202783,178.9146332,851.981189,6,1.7623844249225062
ES_0001072,1997,772.63,1391.17,717.44,8.480000019,623.5888794,1.3312,42.5521,58.2292,2109.46554,7.454260373,16.30455626,19.5,47.45833206,28.4285717,1.231222287,114.2059296,6.311295986,1.379961108,180.1868561,881.8978027,6,1.8436863642200738
ES_0001072,1998,777.89,1318.82,725.86,8.480000019,614.562207,1.3312,42.5521,58.2292,2109.46554,7.454260373,16.30455626,19.5,47.45833206,28.4285717,1.231222287,109.3516724,6.507778168,1.388155566,181.0670441,912.7719849,6,1.7814213890646649
ES_0001072,1999,767.38,1376.14,714.92,8.480000019,624.284436,1.3312,42.5521,58.2292,2109.46554,7.454260373,16.30455626,19.5,47.45833206,28.4285717,1.231222287,108.5475967,6.579629421,1.390955566,179.8701935,889.5216187,6,1.8845749014166213
ES_0001072,2000,827.45,1423.98,712.98,8.480000019,623.2888916,1.3312,42.5521,58.2292,2109.46554,7.454260373,16.30455626,19.5,47.45833206,28.4285717,1.231222287,110.509819,6.497777939,1.361988892,179.5572327,851.5461304,6,1.8382972910651223
ES_0001072,2001,814.68,1248.98,705.77,8.480000019,607.0400146,1.3312,42.5521,58.2292,2109.46554,7.454260373,16.30455626,19.5,47.45833206,28.4285717,1.231222287,106.1733353,6.521481514,1.353974976,181.2087097,812.3147217,6,1.9166687152611284
ES_0001072,2002,767.38,1275.18,697.7,8.480000019,605.6066528,1.3312,42.5521,58.2292,2109.46554,7.454260373,16.30455626,19.5,47.45833206,28.4285717,1.231222287,107.2527786,6.465925217,1.324388892,180.2490814,765.5020874,6,1.9249131541540285
ES_0001072,2003,825.19,1376.3,719.31,8.480000019,624.2088867,1.3312,42.5521,58.2292,2109.46554,7.454260373,16.30455626,19.5,47.45833206,28.4285717,1.231222287,109.0955551,6.431851864,1.317908325,179.8566711,748.6369751,6,1.8529045460235782
ES_0001072,2004,832.72,1382.69,727.71,8.480000019,623.8622192,1.3312,42.5521,58.2292,2109.46554,7.454260373,16.30455626,19.5,47.45833206,28.4285717,1.231222287,107.8320343,6.458889008,1.270422192,180.5572266,769.3528931,6,1.78908007658489
ES_0001072,2005,825.19,1358.15,718.73,8.480000019,612.6044312,1.3312,42.5521,58.2292,2109.46554,7.454260373,16.30455626,19.5,47.45833206,28.4285717,1.231222287,106.4918503,6.50953722,1.240669434,181.378894,792.3852905,6,1.7637206950803426
ES_0001072,2006,746.35,1354.23,728.74,8.480000019,616.9822021,1.3312,42.5521,58.2292,2109.46554,7.454260373,16.30455626,19.5,47.45833206,28.4285717,1.231222287,109.5851852,6.364999771,1.175799976,181.23797,815.696814,6,1.74973194931893
ES_0001072,2007,730.58,1261.05,724.18,8.480000019,585.2888916,1.3312,42.5521,58.2292,2109.46554,7.454260373,16.30455626,19.5,47.45833206,28.4285717,1.231222287,102.0874069,6.537221909,1.139702734,181.9694489,888.3385742,6,1.6109547117253986
ES_0001072,2008,700.96,1227.98,705.14,8.480000019,578.8800049,1.3312,42.5521,58.2292,2109.46554,7.454260373,16.30455626,19.5,47.45833206,28.4285717,1.231222287,103.3181473,6.48907423,1.078961084,179.9318542,929.478186,6,1.6815776654223742
ES_0001072,2009,699.05,1154.68,716.56,8.480000019,576.7400146,1.3312,42.5521,58.2292,2109.46554,7.454260373,16.30455626,19.5,47.45833206,28.4285717,1.231222287,99.9785202,6.451666832,1.06635,179.7905579,964.5959595,6,1.6963001269527036
ES_0001072,2010,699.05,1184.7,719.05,8.480000019,572.6866821,1.3312,42.5521,58.2292,2109.46554,7.454260373,16.30455626,19.5,47.45833206,28.4285717,1.231222287,99.01648407,6.527869701,1.069638892,177.8777832,1022.386841,6,1.6190933860313284
ES_0001072,2011,725.33,1241.74,730.16,8.480000019,587.5844604,1.3312,42.5521,58.2292,2109.46554,7.454260373,16.30455626,19.5,47.45833206,28.4285717,1.231222287,98.90074463,6.329166889,1.105516699,177.2098206,1055.909131,6,1.6223424722830544
ES_0001073,1989,663.92,1094.99,739.75,9.620833397,572.1199951,0.6604,42.4604,79.7492,1832.873037,8.101216586,17.33221279,20.625,44.6875,32.2142868,2.85273202,90.28277435,4.952777386,1.54878335,171.1888977,567.2636475,6,1.6424910072090664
ES_0001073,1990,676.36,1116.48,754.14,9.620833397,604.0166504,0.6604,42.4604,79.7492,1832.873037,8.101216586,17.33221279,20.625,44.6875,32.2142868,2.85273202,93.02305145,4.840694427,1.598725,170.5225098,593.5137573,6,1.8044405112965456
ES_0001073,1991,618.27,1169.46,753.55,9.620833397,607.8366699,0.6604,42.4604,79.7492,1832.873037,8.101216586,17.33221279,20.625,44.6875,32.2142868,2.85273202,94.56138458,4.9577775,1.58962915,170.699176,615.2756958,6,1.7633354610305356
ES_0001073,1992,607.48,1181.45,754.62,9.620833397,619.8800049,0.6604,42.4604,79.7492,1832.873037,8.101216586,17.33221279,20.625,44.6875,32.2142868,2.85273202,96.70916138,4.940555096,1.603870825,171.6380615,639.1659546,6,1.8446767923261156
ES_0001073,1993,564.33,1171.68,762.86,9.620833397,641.4066772,0.6604,42.4604,79.7492,1832.873037,8.101216586,17.33221279,20.625,44.6875,32.2142868,2.85273202,98.96193848,4.891805649,1.613204126,173.0186157,651.8664795,6,2.0218910928459386
ES_0001073,1994,614.12,1152.53,759.72,9.620833397,624.0333496,0.6604,42.4604,79.7492,1832.873037,8.101216586,17.33221279,20.625,44.6875,32.2142868,2.85273202,101.9727753,4.992083073,1.606824976,173.9527802,665.7512695,6,1.899436242484376
ES_0001073,1995,634.87,1128.57,769.22,9.620833397,617.1433594,0.6604,42.4604,79.7492,1832.873037,8.101216586,17.33221279,20.625,44.6875,32.2142868,2.85273202,98.14777527,5.052916527,1.574066675,175.4805573,689.4640137,6,1.828809211880274
ES_0001073,1996,769.76,1229.03,795.74,9.620833397,660.2866943,0.6604,42.4604,79.7492,1832.873037,8.101216586,17.33221279,20.625,44.6875,32.2142868,2.85273202,97.89666443,5.05694437,1.654654175,175.7619415,719.4377197,6,1.9269819145422555
ES_0001073,1997,842.34,1237.97,827.64,9.620833397,686.6733765,0.6604,42.4604,79.7492,1832.873037,8.101216586,17.33221279,20.625,44.6875,32.2142868,2.85273202,96.55916443,4.854027748,1.698300024,176.5513885,740.0094727,6,1.9872204137170935
ES_0001108,1989,927.16,1228.68,643.95,6.891666222,518.093335,0.3479,42.6146,98.4187,2188.402482,6.388118236,17.34796265,17.47916603,48.97916794,24.79761887,0.293600725,100.9741699,5.65902853,0.956037512,171.4200012,3860.331738,6,1.4885366003870113
ES_0001108,1990,939.77,1244.91,661.46,6.891666222,546.886676,0.3479,42.6146,98.4187,2188.402482,6.388118236,17.34796265,17.47916603,48.97916794,24.79761887,0.293600725,104.3341721,5.547222137,0.996280554,170.8897278,3976.20542,6,1.616113781993748
ES_0001108,1991,911.39,1287.14,656.02,6.891666222,546.9733398,0.3479,42.6146,98.4187,2188.402482,6.388118236,17.34796265,17.47916603,48.97916794,24.79761887,0.293600725,106.4502823,5.651527882,1.008502759,171.2058411,4085.553271,6,1.6054251194979237
ES_0001108,1992,955.0,1294.77,658.93,6.891666222,553.6000244,0.3479,42.6146,98.4187,2188.402482,6.388118236,17.34796265,17.47916603,48.97916794,24.79761887,0.293600725,107.2600037,5.63736105,1.014501343,172.2152832,4193.994971,6,1.6392778986690633
ES_0001108,1993,1065.92,1272.71,667.8,6.891666222,574.2566833,0.3479,42.6146,98.4187,2188.402482,6.388118236,17.34796265,17.47916603,48.97916794,24.79761887,0.293600725,109.4275024,5.593610764,1.03019856,173.6211151,4274.874316,6,1.8027596249477094
ES_0001109,1989,956.52,1076.42,747.61,6.891666603,552.2866821,0.2021,42.5479,447.7652,1893.297632,7.819501963,23.16658651,20.89999962,45.54000092,26.5586586,1.206464368,88.44172058,5.01684761,1.255684717,170.7750031,2284.162061,6,1.5056225684680684
ES_0001109,1990,924.5,1091.49,760.45,6.891666603,578.8446777,0.2021,42.5479,447.7652,1893.297632,7.819501963,23.16658651,20.89999962,45.54000092,26.5586586,1.206464368,91.02613983,4.905527592,1.280039722,170.275174,2378.845361,6,1.6215135640257181
ES_0001109,1991,871.59,1120.77,759.67,6.891666603,581.0490112,0.2021,42.5479,447.7652,1893.297632,7.819501963,23.16658651,20.89999962,45.54000092,26.5586586,1.206464368,92.69219666,5.006013393,1.284773706,170.5846466,2469.60752,6,1.6019625957766577
ES_0001109,1992,972.41,1125.3,759.71,6.891666603,596.226001,0.2021,42.5479,447.7652,1893.297632,7.819501963,23.16658651,20.89999962,45.54000092,26.5586586,1.206464368,94.20722656,4.993638515,1.285084692,171.6071228,2563.402051,6,1.7053840555393194
ES_0001109,1993,888.99,1104.65,769.84,6.891666603,614.4126465,0.2021,42.5479,447.7652,1893.297632,7.819501963,23.16658651,20.89999962,45.54000092,26.5586586,1.206464368,96.31642151,4.948111534,1.292746704,173.0111694,2621.949121,6,1.8405210887445904
ES_0001116,1989,462.9,977.74,822.74,11.06395836,579.1234497,0.9646,42.2479,351.8636,1584.284131,6.111855493,19.91821058,21.23046875,42.94140625,30.10666656,1.450549206,75.17728729,4.643071651,1.196348413,174.1181488,2535.98667,6,1.6065051203777314
ES_0001116,1990,461.05,1004.3,833.86,11.06395836,608.1457397,0.9646,42.2479,351.8636,1584.284131,6.111855493,19.91821058,21.23046875,42.94140625,30.10666656,1.450549206,76.92838287,4.540308952,1.212661963,173.3386292,2719.555371,6,1.7276702476905912
ES_0001116,1991,438.0,1063.6,832.27,11.06395836,613.7125977,0.9646,42.2479,351.8636,1584.284131,6.111855493,19.91821058,21.23046875,42.94140625,30.10666656,1.450549206,79.40371704,4.668666363,1.203474976,173.4148651,2909.005078,6,1.6711159109418523
ES_0001116,1992,411.46,1079.56,833.35,11.06395836,638.3977417,0.9646,42.2479,351.8636,1584.284131,6.111855493,19.91821058,21.23046875,42.94140625,30.10666656,1.450549206,82.23662109,4.651356697,1.194666113,174.2909149,3114.272217,6,1.8201753781950005
ES_0001131,1989,1170.34,1187.97,669.21,7.585000229,527.3633728,-0.1063,42.6312,177.4523,2065.91916,8.026272429,21.94951261,22.34499931,48.34999847,24.37714195,3.345800585,100.8454193,5.321840286,1.037489014,169.2486847,3706.369385,6,1.4885490905473762
ES_0001131,1990,1236.91,1199.53,686.03,7.585000229,555.8933655,-0.1063,42.6312,177.4523,2065.91916,8.026272429,21.94951261,22.34499931,48.34999847,24.37714195,3.345800585,104.0886124,5.214027882,1.081198315,168.8647278,3804.670654,6,1.6170262655623573
ES_0001131,1991,1168.58,1217.9,682.85,7.585000229,553.4975342,-0.1063,42.6312,177.4523,2065.91916,8.026272429,21.94951261,22.34499931,48.34999847,24.37714195,3.345800585,106.3648651,5.304965496,1.102413989,169.2449341,3889.735938,6,1.5939734041367848
ES_0001131,1992,1122.6,1226.42,683.44,7.585000229,562.9625244,-0.1063,42.6312,177.4523,2065.91916,8.026272429,21.94951261,22.34499931,48.34999847,24.37714195,3.345800585,107.5850067,5.295451641,1.112221631,170.3029877,3972.804395,6,1.658108921827804
ES_0001131,1993,1049.45,1197.99,690.95,7.585000229,579.0466736,-0.1063,42.6312,177.4523,2065.91916,8.026272429,21.94951261,22.34499931,48.34999847,24.37714195,3.345800585,109.9363953,5.254096985,1.122163306,171.6998627,4033.652148,6,1.7931477282435073
ES_0001133,1989,277.36,1215.26,648.21,8.480000019,515.9333557,1.3312,42.5604,80.8806,2097.0686,6.344275338,17.60893065,18.90277863,47.90277863,26.95238113,1.659769461,99.3958313,6.401735783,1.004370361,174.5493042,2368.096045,6,1.46704512484209
ES_0001133,1990,277.36,1242.29,668.41,8.480000019,548.6983765,1.3312,42.5604,80.8806,2097.0686,6.344275338,17.60893065,18.90277863,47.90277863,26.95238113,1.659769461,102.4997192,6.286527634,1.034814807,173.7458282,2446.287012,6,1.59928011825824
ES_0001133,1991,288.76,1325.14,663.95,8.480000019,552.9733765,1.3312,42.5604,80.8806,2097.0686,6.344275338,17.60893065,18.90277863,47.90277863,26.95238113,1.659769461,104.9070786,6.435554981,1.053492566,173.8766632,2514.200781,6,1.5810964290046838
ES_0001133,1992,316.22,1362.51,667.29,8.480000019,563.4300415,1.3312,42.5604,80.8806,2097.0686,6.344275338,17.60893065,18.90277863,47.90277863,26.95238113,1.659769461,106.7420822,6.401111126,1.038554614,174.693335,2579.694336,6,1.6184082791219037
ES_0001133,1993,330.56,1372.64,674.6,8.480000019,586.33172,1.3312,42.5604,80.8806,2097.0686,6.344275338,17.60893065,18.90277863,47.90277863,26.95238113,1.659769461,109.751387,6.361457825,1.041539795,176.0462524,2626.983496,6,1.7770005910479865
ES_0001133,1994,402.75,1348.33,671.44,8.480000019,567.6267029,1.3312,42.5604,80.8806,2097.0686,6.344275338,17.60893065,18.90277863,47.90277863,26.95238113,1.659769461,112.5690262,6.449653149,1.034730542,177.0504181,2663.534375,6,1.6436138967883127
ES_0001133,1995,429.35,1323.92,672.75,8.480000019,564.0050354,1.3312,42.5604,80.8806,2097.0686,6.344275338,17.60893065,18.90277863,47.90277863,26.95238113,1.659769461,110.6397217,6.50819397,1.022976831,178.5729248,2702.959131,6,1.6273404571246515
ES_0001133,1996,476.24,1438.26,697.33,8.480000019,605.5233643,1.3312,42.5604,80.8806,2097.0686,6.344275338,17.60893065,18.90277863,47.90277863,26.95238113,1.659769461,112.180835,6.524791718,1.025013867,178.764447,2735.90874,6,1.7538486421722
ES_0001133,1997,493.94,1392.36,727.16,8.480000019,629.0183716,1.3312,42.5604,80.8806,2097.0686,6.344275338,17.60893065,18.90277863,47.90277863,26.95238113,1.659769461,110.51875,6.290347576,1.053631494,180.0495819,2764.301172,6,1.8319061472864953
ES_0001133,1998,509.14,1319.34,736.58,8.480000019,620.0000244,1.3312,42.5604,80.8806,2097.0686,6.344275338,17.60893065,18.90277863,47.90277863,26.95238113,1.659769461,105.998056,6.486805439,1.066262964,180.9187469,2816.44668,6,1.76960740450939
ES_0001133,1999,501.54,1376.9,726.6,8.480000019,631.0500244,1.3312,42.5604,80.8806,2097.0686,6.344275338,17.60893065,18.90277863,47.90277863,26.95238113,1.659769461,105.1181961,6.55569458,1.067420386,179.7226379,2850.951855,6,1.8724614288492358
ES_0001133,2000,529.58,1424.79,725.08,8.480000019,631.1400024,1.3312,42.5604,80.8806,2097.0686,6.344275338,17.60893065,18.90277863,47.90277863,26.95238113,1.659769461,107.0863907,6.47895813,1.059620386,179.3720764,2896.704639,6,1.8338097711773618
ES_0001133,2001,547.13,1249.95,718.56,8.480000019,614.7533325,1.3312,42.5604,80.8806,2097.0686,6.344275338,17.60893065,18.90277863,47.90277863,26.95238113,1.659769461,102.9711105,6.495694637,1.062786133,180.9763855,2959.464502,6,1.9104459752415734
ES_0001133,2002,592.72,1275.59,710.02,8.480000019,613.2733154,1.3312,42.5604,80.8806,2097.0686,6.344275338,17.60893065,18.90277863,47.90277863,26.95238113,1.659769461,104.1359726,6.444652557,1.038848145,179.9876373,3023.318018,6,1.9197765248004799
ES_0001133,2003,672.51,1375.09,730.65,8.480000019,631.2566528,1.3312,42.5604,80.8806,2097.0686,6.344275338,17.60893065,18.90277863,47.90277863,26.95238113,1.659769461,105.7270859,6.410277843,1.023786121,179.6384705,3088.744727,6,1.8494493691194342
ES_0001133,2004,731.51,1381.18,738.52,8.480000019,630.0866455,1.3312,42.5604,80.8806,2097.0686,6.344275338,17.60893065,18.90277863,47.90277863,26.95238113,1.659769461,104.5690292,6.432985783,1.018722229,180.3720795,3182.360889,6,1.783576025936255
ES_0001133,2005,759.9,1355.27,729.13,8.480000019,618.2299927,1.3312,42.5604,80.8806,2097.0686,6.344275338,17.60893065,18.90277863,47.90277863,26.95238113,1.659769461,103.2512512,6.485346317,1.013913916,181.2322205,3251.035791,6,1.7575003896898367
ES_0001133,2006,695.31,1352.11,738.26,8.480000019,620.9666626,1.3312,42.5604,80.8806,2097.0686,6.344275338,17.60893065,18.90277863,47.90277863,26.95238113,1.659769461,106.1130585,6.342916965,1.000707446,181.1337524,3310.007373,6,1.7346934644033
ES_0001133,2007,642.12,1260.62,734.19,8.480000019,589.1883301,1.3312,42.5604,80.8806,2097.0686,6.344275338,17.60893065,18.90277863,47.90277863,26.95238113,1.659769461,98.90417023,6.513263702,1.004176892,181.8484741,3381.895947,6,1.5983643686574913
ES_0001133,2008,579.11,1229.22,715.7,8.480000019,583.3566528,1.3312,42.5604,80.8806,2097.0686,6.344275338,17.60893065,18.90277863,47.90277863,26.95238113,1.659769461,100.0419464,6.465972424,0.993174121,179.7707001,3408.658838,6,1.6665626385892052
ES_0001133,2009,520.53,1156.0,727.14,8.480000019,580.3883301,1.3312,42.5604,80.8806,2097.0686,6.344275338,17.60893065,18.90277863,47.90277863,26.95238113,1.659769461,96.95236206,6.426527023,0.982687073,179.634726,3411.190137,6,1.6772986054312755
ES_0001133,2010,486.34,1185.77,729.24,8.480000019,575.818335,1.3312,42.5604,80.8806,2097.0686,6.344275338,17.60893065,18.90277863,47.90277863,26.95238113,1.659769461,96.37486115,6.504514217,0.981405566,177.7219482,3420.096436,6,1.6002288336522636
ES_0001133,2011,478.74,1240.34,740.01,8.480000019,590.6283203,1.3312,42.5604,80.8806,2097.0686,6.344275338,17.60893065,18.90277863,47.90277863,26.95238113,1.659769461,96.23194275,6.308958054,1.012788892,177.0693024,3403.171631,6,1.6058519753890983
ES_0001152,1993,100.53,1147.66,722.54,7.585000038,598.810022,-0.3146,42.6812,296.8249,1966.966827,6.830890195,22.70065233,21.34375,46.22916794,29.15476227,1.24768975,116.6233994,4.950982094,0.915376392,171.0565491,2277.595166,6,1.8702464204614064
ES_0001152,1994,91.01,1155.88,716.9,7.585000038,588.2978882,-0.3146,42.6812,296.8249,1966.966827,6.830890195,22.70065233,21.34375,46.22916794,29.15476227,1.24768975,120.8454819,5.037380695,0.916711108,171.3243469,2306.459814,6,1.7913748769395312
ES_0001152,1995,82.54,1143.04,726.92,7.585000038,587.5057373,-0.3146,42.6812,296.8249,1966.966827,6.830890195,22.70065233,21.34375,46.22916794,29.15476227,1.24768975,116.9333374,5.11291647,0.888769434,172.5795898,2337.530908,6,1.7526200650024617
ES_0001152,1996,78.53,1247.17,753.96,7.585000038,630.1157227,-0.3146,42.6812,296.8249,1966.966827,6.830890195,22.70065233,21.34375,46.22916794,29.15476227,1.24768975,115.9217896,5.102649212,0.886923584,172.9701813,2360.610498,6,1.8509616106393612
ES_0001152,1997,67.73,1308.43,785.94,7.585000038,661.3121582,-0.3146,42.6812,296.8249,1966.966827,6.830890195,22.70065233,21.34375,46.22916794,29.15476227,1.24768975,116.0858917,4.897321224,0.907795825,173.4900665,2380.814307,6,1.8802371980520185
ES_0001152,1998,69.84,1288.78,800.55,7.585000038,663.7278809,-0.3146,42.6812,296.8249,1966.966827,6.830890195,22.70065233,21.34375,46.22916794,29.15476227,1.24768975,113.7380936,5.098749638,0.907566663,173.9251282,2412.772266,6,1.8499332641645523
ES_0001152,1999,71.96,1340.66,792.34,7.585000038,675.3671387,-0.3146,42.6812,296.8249,1966.966827,6.830890195,22.70065233,21.34375,46.22916794,29.15476227,1.24768975,113.3541656,5.099494457,0.9097125,172.8339966,2451.77666,6,1.9331798035946344
ES_0001152,2000,94.44,1410.38,781.28,7.585000038,680.437146,-0.3146,42.6812,296.8249,1966.966827,6.830890195,22.70065233,21.34375,46.22916794,29.15476227,1.24768975,118.3982132,5.122619152,0.906381958,171.75513,2495.01582,6,1.9684457023923854
ES_0001152,2001,119.58,1285.19,772.8,7.585000038,666.2935791,-0.3146,42.6812,296.8249,1966.966827,6.830890195,22.70065233,21.34375,46.22916794,29.15476227,1.24768975,115.706131,5.105922699,0.90179585,172.3797699,2549.737891,6,2.0427329303490356
ES_0001152,2002,128.05,1254.23,764.68,7.585000038,661.7714355,-0.3146,42.6812,296.8249,1966.966827,6.830890195,22.70065233,21.34375,46.22916794,29.15476227,1.24768975,116.1483337,5.109523773,0.876723633,171.7160767,2616.868994,6,2.0976697356288954
ES_0001152,2003,146.04,1331.48,780.64,7.585000038,676.2335571,-0.3146,42.6812,296.8249,1966.966827,6.830890195,22.70065233,21.34375,46.22916794,29.15476227,1.24768975,117.0619644,5.007231712,0.867820862,171.5944122,2691.783252,6,2.029736018826314
ES_0001152,2004,149.62,1320.01,790.78,7.585000038,674.0057251,-0.3146,42.6812,296.8249,1966.966827,6.830890195,22.70065233,21.34375,46.22916794,29.15476227,1.24768975,115.3207748,5.022589684,0.847015308,172.4462555,2776.937256,6,1.9564611037835706
ES_0001152,2005,137.57,1252.14,784.56,7.585000038,652.6950073,-0.3146,42.6812,296.8249,1966.966827,6.830890195,22.70065233,21.34375,46.22916794,29.15476227,1.24768975,112.9379761,5.029047489,0.83270835,173.6357727,2843.188818,6,1.8842408114740588
ES_0001152,2006,162.97,1265.98,789.62,7.585000038,657.95,-0.3146,42.6812,296.8249,1966.966827,6.830890195,22.70065233,21.34375,46.22916794,29.15476227,1.24768975,117.0724411,4.975982189,0.829875024,173.5299988,2889.980811,6,1.885755469699697
ES_0001152,2007,165.09,1206.68,781.53,7.585000038,627.9021484,-0.3146,42.6812,296.8249,1966.966827,6.830890195,22.70065233,21.34375,46.22916794,29.15476227,1.24768975,110.412442,5.099047661,0.836602783,173.6133301,2910.121777,6,1.7516881380656482
ES_0001152,2008,186.76,1219.59,763.39,7.585000038,622.7478638,-0.3146,42.6812,296.8249,1966.966827,6.830890195,22.70065233,21.34375,46.22916794,29.15476227,1.24768975,110.8960724,5.078214169,0.821931946,171.3846954,2881.953369,6,1.7749277159305323
ES_0001152,2009,265.62,1197.06,771.94,7.585000038,621.976416,-0.3146,42.6812,296.8249,1966.966827,6.830890195,22.70065233,21.34375,46.22916794,29.15476227,1.24768975,109.4974426,5.053124428,0.817380566,171.1296967,2816.524365,6,1.7590201785848307
ES_0001152,2010,289.96,1232.31,776.15,7.585000038,627.1899902,-0.3146,42.6812,296.8249,1966.966827,6.830890195,22.70065233,21.34375,46.22916794,29.15476227,1.24768975,110.3158386,5.161458015,0.814066699,169.2221405,2762.538232,6,1.7370523896618386
ES_0001152,2011,244.46,1214.73,789.06,7.585000038,620.526416,-0.3146,42.6812,296.8249,1966.966827,6.830890195,22.70065233,21.34375,46.22916794,29.15476227,1.24768975,106.7438126,4.941756248,0.825911145,169.2404175,2707.226855,6,1.6573571602553652
ES_0001154,1993,555.43,1304.31,721.86,8.218889236,622.2420532,1.1562,42.5521,453.2433,1919.275175,6.480205435,18.5021144,17.3392849,48.94047546,24.53401375,2.037585911,101.717955,5.658061028,0.946249536,174.4289459,3521.098242,6,1.8973864567141279
ES_0001154,1994,678.31,1283.62,718.95,8.218889236,605.0530762,1.1562,42.5521,453.2433,1919.275175,6.480205435,18.5021144,17.3392849,48.94047546,24.53401375,2.037585911,104.69207,5.744217396,0.939337671,175.2779938,3603.162354,6,1.7732576204608368
ES_0001154,1995,728.03,1260.53,724.63,8.218889236,601.817981,1.1562,42.5521,453.2433,1919.275175,6.480205435,18.5021144,17.3392849,48.94047546,24.53401375,2.037585911,102.0888397,5.807533741,0.93053728,176.7795959,3676.288574,6,1.7403944999481902
ES_0001154,1996,829.02,1369.96,750.83,8.218889236,645.6322632,1.1562,42.5521,453.2433,1919.275175,6.480205435,18.5021144,17.3392849,48.94047546,24.53401375,2.037585911,102.9128876,5.811751842,0.9579099,177.0036835,3748.473242,6,1.8666106207788469
ES_0001154,1997,821.07,1342.17,783.25,8.218889236,670.5849243,1.1562,42.5521,453.2433,1919.275175,6.480205435,18.5021144,17.3392849,48.94047546,24.53401375,2.037585911,101.0240448,5.602482796,0.993899548,178.1445648,3799.093018,6,1.9403609737290792
ES_0001154,1998,823.2,1274.94,794.82,8.218889236,660.8306396,1.1562,42.5521,453.2433,1919.275175,6.480205435,18.5021144,17.3392849,48.94047546,24.53401375,2.037585911,96.72343597,5.78656435,1.021265454,178.9280701,3910.073975,6,1.8720830848119594
ES_0001154,1999,759.99,1330.19,785.79,8.218889236,674.502478,1.1562,42.5521,453.2433,1919.275175,6.480205435,18.5021144,17.3392849,48.94047546,24.53401375,2.037585911,95.77463074,5.841853142,1.034577319,177.7336823,4044.416602,6,1.9789647318088222
ES_0001154,2000,752.1,1382.99,781.2,8.218889236,675.2114502,1.1562,42.5521,453.2433,1919.275175,6.480205435,18.5021144,17.3392849,48.94047546,24.53401375,2.037585911,98.56143341,5.793570995,1.025477344,177.2159882,4220.69668,6,1.9485716827292112
ES_0001154,2001,674.05,1221.87,774.18,8.218889236,658.1992188,1.1562,42.5521,453.2433,1919.275175,6.480205435,18.5021144,17.3392849,48.94047546,24.53401375,2.037585911,95.15827026,5.792397499,1.026692065,178.6245911,4388.755908,6,2.044219511474223
ES_0001154,2002,655.58,1240.52,765.07,8.218889236,658.0902344,1.1562,42.5521,453.2433,1919.275175,6.480205435,18.5021144,17.3392849,48.94047546,24.53401375,2.037585911,96.8954483,5.754455566,1.006055969,177.6776215,4599.235938,6,2.0747819459177825
ES_0001154,2003,740.1,1334.46,783.8,8.218889236,675.6461426,1.1562,42.5521,453.2433,1919.275175,6.480205435,18.5021144,17.3392849,48.94047546,24.53401375,2.037585911,98.48844299,5.708281994,0.998147229,177.3793884,4768.049805,6,1.9979425626916487
ES_0001154,2004,781.3,1338.54,792.74,8.218889236,672.5514526,1.1562,42.5521,453.2433,1919.275175,6.480205435,18.5021144,17.3392849,48.94047546,24.53401375,2.037585911,97.15694275,5.723690033,0.97874447,178.1807526,4934.38916,6,1.9069947301473873
ES_0001154,2005,779.88,1304.27,781.93,8.218889236,658.0506348,1.1562,42.5521,453.2433,1919.275175,6.480205435,18.5021144,17.3392849,48.94047546,24.53401375,2.037585911,95.5957489,5.764880657,0.967611133,179.1446716,5050.770801,6,1.8780611820788833
ES_0001154,2006,740.1,1303.9,788.41,8.218889236,656.6534912,1.1562,42.5521,453.2433,1919.275175,6.480205435,18.5021144,17.3392849,48.94047546,24.53401375,2.037585911,98.15942078,5.646445274,0.946228589,179.0581085,5194.008105,6,1.8317991357152215
ES_0001154,2007,711.69,1216.12,784.02,8.218889236,622.0085693,1.1562,42.5521,453.2433,1919.275175,6.480205435,18.5021144,17.3392849,48.94047546,24.53401375,2.037585911,91.02533875,5.807737827,0.940720642,179.6804535,5317.819043,6,1.6853878548599377
ES_0001154,2008,631.74,1194.06,767.15,8.218889236,619.6979614,1.1562,42.5521,453.2433,1919.275175,6.480205435,18.5021144,17.3392849,48.94047546,24.53401375,2.037585911,91.83390808,5.767720699,0.917515064,177.5219147,5399.308887,6,1.76591940076815
ES_0001154,2009,622.91,1129.28,776.33,8.218889236,614.9350952,1.1562,42.5521,453.2433,1919.275175,6.480205435,18.5021144,17.3392849,48.94047546,24.53401375,2.037585911,89.43006439,5.727313042,0.916595239,177.3491547,5391.164258,6,1.7782928699027285
ES_0001154,2010,651.32,1159.2,780.79,8.218889236,612.9163208,1.1562,42.5521,453.2433,1919.275175,6.480205435,18.5021144,17.3392849,48.94047546,24.53401375,2.037585911,89.76394196,5.806581497,0.920522192,175.4348602,5370.095605,6,1.702922433753109
ES_0001154,2011,690.38,1196.91,791.93,8.218889236,624.2963257,1.1562,42.5521,453.2433,1919.275175,6.480205435,18.5021144,17.3392849,48.94047546,24.53401375,2.037585911,88.81942139,5.617890835,0.948777734,174.9440063,5253.231055,6,1.6950212143037178
ES_0001158,1995,377.2106717,1202.123182,761.4029785,9.011541636,636.1727417,1.815277778,42.37361111,684.0231,1792.959993,5.304232745,22.52503341,19.05714226,45.23928452,31.13877487,1.225031377,157.4920288,6.159026337,1.253107813,179.5619354,5761.597168,6,1.9292352622671671
ES_0001158,1996,452.1967528,1301.095,785.8241089,9.011541636,677.1470703,1.815277778,42.37361111,684.0231,1792.959993,5.304232745,22.52503341,19.05714226,45.23928452,31.13877487,1.225031377,160.2589417,6.180594444,1.266867651,179.6565369,5870.349121,6,2.047107092965528
ES_0001158,1997,441.8893332,1238.006818,815.1193237,9.011541636,692.2375244,1.815277778,42.37361111,684.0231,1792.959993,5.304232745,22.52503341,19.05714226,45.23928452,31.13877487,1.225031377,156.0236908,6.148800945,1.288152148,181.0530334,5967.27334,6,2.115803820512413
ES_0001158,1998,423.4743761,1167.955,825.8443237,9.011541636,687.1434326,1.815277778,42.37361111,684.0231,1792.959993,5.304232745,22.52503341,19.05714226,45.23928452,31.13877487,1.225031377,148.4389557,6.175263023,1.298374097,182.0722992,6074.912695,6,2.1266963216642654
ES_0001158,1999,411.1975625,1218.986364,816.9793213,9.011541636,698.5236572,1.815277778,42.37361111,684.0231,1792.959993,5.304232745,22.52503341,19.05714226,45.23928452,31.13877487,1.225031377,147.1716461,6.201033783,1.301266064,180.9792297,6189.365527,6,2.208231437799013
ES_0001158,2000,417.3839567,1248.895455,814.040918,9.011541636,700.8854736,1.815277778,42.37361111,684.0231,1792.959993,5.304232745,22.52503341,19.05714226,45.23928452,31.13877487,1.225031377,150.851416,6.186344337,1.298765698,180.9144165,6377.134766,6,2.2001411390043604
ES_0001158,2001,328.6804139,1086.3225,805.360022,9.011541636,679.2584229,1.815277778,42.37361111,684.0231,1792.959993,5.304232745,22.52503341,19.05714226,45.23928452,31.13877487,1.225031377,145.4544464,6.176147461,1.297737744,182.8086975,6610.053125,6,2.3571512600766575
ES_0001158,2002,310.5017005,1123.606136,797.3327393,9.011541636,683.4836426,1.815277778,42.37361111,684.0231,1792.959993,5.304232745,22.52503341,19.05714226,45.23928452,31.13877487,1.225031377,147.2762482,6.21262846,1.295347388,181.8461578,6835.398633,6,2.377527307863513
ES_0001158,2003,358.1996785,1206.959773,817.3172974,9.011541636,697.7288574,1.815277778,42.37361111,684.0231,1792.959993,5.304232745,22.52503341,19.05714226,45.23928452,31.13877487,1.225031377,149.7095825,6.197564125,1.293019995,181.3593781,7140.465918,6,2.220268030117551
ES_0001158,2004,371.3907104,1206.338182,826.7886597,9.011541636,695.0922607,1.815277778,42.37361111,684.0231,1792.959993,5.304232745,22.52503341,19.05714226,45.23928452,31.13877487,1.225031377,146.3085022,6.174831295,1.306212256,181.865213,7485.221484,6,2.1302749698082946
ES_0001158,2005,371.5528616,1199.961364,817.9000244,9.011541636,678.8788574,1.815277778,42.37361111,684.0231,1792.959993,5.304232745,22.52503341,19.05714226,45.23928452,31.13877487,1.225031377,142.2445435,6.193602085,1.306578003,182.4662567,7783.495215,6,2.0292029218188135
ES_0001158,2006,361.3077701,1190.8925,826.6527588,9.011541636,677.359082,1.815277778,42.37361111,684.0231,1792.959993,5.304232745,22.52503341,19.05714226,45.23928452,31.13877487,1.225031377,142.0845428,6.158433342,1.29968479,182.2984528,8038.912793,6,1.984021630772085
ES_0001158,2007,325.7802734,1097.838864,824.787085,9.011541636,646.4261353,1.815277778,42.37361111,684.0231,1792.959993,5.304232745,22.52503341,19.05714226,45.23928452,31.13877487,1.225031377,131.6588623,6.181891727,1.293817041,183.1164429,8250.000293,6,1.8855667869023383
ES_0001158,2008,296.1111224,1064.192273,806.9973022,9.011541636,638.4820557,1.815277778,42.37361111,684.0231,1792.959993,5.304232745,22.52503341,19.05714226,45.23928452,31.13877487,1.225031377,130.7237488,6.192711926,1.290644629,181.3209686,8284.531934,6,1.9577842770926221
ES_0001158,2009,287.8955116,1001.325,816.5766113,9.011541636,633.5236572,1.815277778,42.37361111,684.0231,1792.959993,5.304232745,22.52503341,19.05714226,45.23928452,31.13877487,1.225031377,126.8839767,6.186278248,1.286859644,181.2572723,8197.166211,6,2.006558213137155
ES_0001158,2010,312.4417112,1026.957273,821.3641113,9.011541636,638.138208,1.815277778,42.37361111,684.0231,1792.959993,5.304232745,22.52503341,19.05714226,45.23928452,31.13877487,1.225031377,125.8114212,6.186454391,1.311477856,179.3954559,8114.47168,6,1.9696280896534295
ES_0001158,2011,315.0257977,1097.308636,829.3506836,9.011541636,654.9388794,1.815277778,42.37361111,684.0231,1792.959993,5.304232745,22.52503341,19.05714226,45.23928452,31.13877487,1.225031377,128.7338089,6.174090958,1.34621145,178.5213074,7936.456445,6,1.9399083571670674
ES_0001160,1996,1193.45,1231.0,783.99,9.506269646,636.0537231,0.3854,42.4271,561.3798,1876.521577,7.740181997,22.45191163,21.70634842,42.92658615,32.14059067,1.099934555,98.08124084,5.205488205,1.404854736,176.8559723,4224.922852,6,1.774024764322895
ES_0001160,1997,1197.2,1248.0,813.19,9.506269646,659.509436,0.3854,42.4271,561.3798,1876.521577,7.740181997,22.45191163,21.70634842,42.92658615,32.14059067,1.099934555,96.77333374,5.005714417,1.424553516,177.5851685,4293.045605,6,1.8091041747005794
ES_0001160,1998,1138.8,1204.39,824.55,9.506269646,651.6931519,0.3854,42.4271,561.3798,1876.521577,7.740181997,22.45191163,21.70634842,42.92658615,32.14059067,1.099934555,92.68473816,5.18415451,1.441513965,178.2452393,4436.893555,6,1.7606710955779732
ES_0001160,1999,1155.74,1257.68,817.37,9.506269646,670.5960327,0.3854,42.4271,561.3798,1876.521577,7.740181997,22.45191163,21.70634842,42.92658615,32.14059067,1.099934555,92.13542938,5.21957159,1.453273438,177.115097,4607.454395,6,1.8675021851237537
ES_0001160,2000,1181.16,1320.57,809.56,9.506269646,678.130603,0.3854,42.4271,561.3798,1876.521577,7.740181997,22.45191163,21.70634842,42.92658615,32.14059067,1.099934555,96.35081024,5.205214024,1.461228101,176.3656036,4808.125195,6,1.8875475258778995
ES_0001160,2001,1172.09,1179.6,801.46,9.506269646,661.9234497,0.3854,42.4271,561.3798,1876.521577,7.740181997,22.45191163,21.70634842,42.92658615,32.14059067,1.099934555,93.65250092,5.197965145,1.460633911,177.4986053,5001.747754,6,1.990373660847199
ES_0001160,2002,1080.98,1180.06,794.0,9.506269646,663.0094482,0.3854,42.4271,561.3798,1876.521577,7.740181997,22.45191163,21.70634842,42.92658615,32.14059067,1.099934555,94.93090515,5.172571182,1.457042212,176.800174,5231.353516,6,2.0424051554240763
ES_0001160,2003,1188.44,1270.66,810.21,9.506269646,680.8620117,0.3854,42.4271,561.3798,1876.521577,7.740181997,22.45191163,21.70634842,42.92658615,32.14059067,1.099934555,96.81085815,5.096000195,1.448929639,176.4259186,5430.55752,6,1.9779523808972443
ES_0001160,2004,1177.06,1267.15,820.83,9.506269646,676.3342896,0.3854,42.4271,561.3798,1876.521577,7.740181997,22.45191163,21.70634842,42.92658615,32.14059067,1.099934555,95.00033417,5.126856804,1.449858667,177.219516,5644.65918,6,1.8862755487643275
ES_0001160,2005,1091.5,1221.18,813.41,9.506269646,661.7928589,0.3854,42.4271,561.3798,1876.521577,7.740181997,22.45191163,21.70634842,42.92658615,32.14059067,1.099934555,92.9743576,5.14404726,1.449096191,178.2396332,5869.139258,6,1.8639634820319213
ES_0001160,2006,971.78,1225.64,819.03,9.506269646,660.7148682,0.3854,42.4271,561.3798,1876.521577,7.740181997,22.45191163,21.70634842,42.92658615,32.14059067,1.099934555,95.87628632,5.054035664,1.447978613,178.0229858,6078.994043,6,1.823521260799849
ES_0001160,2007,906.95,1146.13,815.6,9.506269646,625.0205933,0.3854,42.4271,561.3798,1876.521577,7.740181997,22.45191163,21.70634842,42.92658615,32.14059067,1.099934555,89.61009674,5.211416721,1.456132764,178.494223,6282.028809,6,1.681386352429561
ES_0001160,2008,753.08,1134.0,800.09,9.506269646,622.4188965,0.3854,42.4271,561.3798,1876.521577,7.740181997,22.45191163,21.70634842,42.92658615,32.14059067,1.099934555,89.79147797,5.174749851,1.441535425,176.3826721,6381.91543,6,1.7349819207395092
ES_0001160,2009,730.58,1088.52,807.85,9.506269646,617.5814453,0.3854,42.4271,561.3798,1876.521577,7.740181997,22.45191163,21.70634842,42.92658615,32.14059067,1.099934555,88.21997833,5.141130924,1.441295313,176.1325043,6347.759277,6,1.7391913209042238
ES_0001160,2010,792.49,1117.45,812.63,9.506269646,617.3803101,0.3854,42.4271,561.3798,1876.521577,7.740181997,22.45191163,21.70634842,42.92658615,32.14059067,1.099934555,88.93257141,5.229131222,1.444646631,174.2259064,6251.342969,6,1.6782440993112655
ES_0001160,2011,722.41,1129.93,822.99,9.506269646,616.9368652,0.3854,42.4271,561.3798,1876.521577,7.740181997,22.45191163,21.70634842,42.92658615,32.14059067,1.099934555,86.87730865,5.02673769,1.470616943,174.0752411,6068.183301,6,1.62530839931254
ES_0001166,1994,296.13,1266.15,732.98,8.479999924,609.9348999,1.2354,42.5187,403.4133,1954.900407,7.532235519,18.57111684,19.5,47.10416794,29.07619095,1.616178694,108.850618,5.905261517,1.147377222,176.5125244,3292.932861,6,1.76054569120551
ES_0001166,1995,319.98,1242.21,737.51,8.479999924,605.7131836,1.2354,42.5187,403.4133,1954.900407,7.532235519,18.57111684,19.5,47.10416794,29.07619095,1.616178694,106.2435226,5.963737965,1.136732227,178.0450928,3345.600488,6,1.7299872318876721
ES_0001166,1996,360.96,1348.22,762.56,8.479999924,649.4074707,1.2354,42.5187,403.4133,1954.900407,7.532235519,18.57111684,19.5,47.10416794,29.07619095,1.616178694,107.4816177,5.976809502,1.147692773,178.2493805,3392.045313,6,1.8558909950260694
ES_0001166,1997,366.13,1307.37,793.46,8.479999924,670.8314697,1.2354,42.5187,403.4133,1954.900407,7.532235519,18.57111684,19.5,47.10416794,29.07619095,1.616178694,105.0234268,5.751642227,1.177225024,179.510144,3429.200635,6,1.9271000951156612
ES_0001166,1998,369.97,1237.22,804.56,8.479999924,660.1897461,1.2354,42.5187,403.4133,1954.900407,7.532235519,18.57111684,19.5,47.10416794,29.07619095,1.616178694,100.139856,5.942285538,1.194502222,180.3621918,3499.264893,6,1.8694434379499079
ES_0001166,1999,347.67,1290.57,795.92,8.479999924,674.6171509,1.2354,42.5187,403.4133,1954.900407,7.532235519,18.57111684,19.5,47.10416794,29.07619095,1.616178694,99.00913849,6.009404659,1.196670557,179.1587708,3566.325146,6,1.9720093583117981
ES_0001166,2000,342.45,1337.01,792.48,8.479999924,677.3839844,1.2354,42.5187,403.4133,1954.900407,7.532235519,18.57111684,19.5,47.10416794,29.07619095,1.616178694,101.95009,5.938595295,1.190120532,178.7851532,3657.928174,6,1.9565611226205604
ES_0001166,2001,320.74,1176.68,785.23,8.479999924,657.9439941,1.2354,42.5187,403.4133,1954.900407,7.532235519,18.57111684,19.5,47.10416794,29.07619095,1.616178694,98.22266388,5.951595783,1.188310571,180.3632965,3756.919629,6,2.048631840340076
ES_0001166,2002,313.05,1200.1,776.42,8.479999924,658.9039917,1.2354,42.5187,403.4133,1954.900407,7.532235519,18.57111684,19.5,47.10416794,29.07619095,1.616178694,99.82333221,5.902546883,1.166203857,179.3840057,3874.531885,6,2.07353770261804
ES_0001166,2003,354.59,1292.99,795.65,8.479999924,676.4108765,1.2354,42.5187,403.4133,1954.900407,7.532235519,18.57111684,19.5,47.10416794,29.07619095,1.616178694,101.6113342,5.866738319,1.156346118,179.037915,3995.700293,6,1.987829301315197
ES_0001166,2004,377.93,1298.05,804.14,8.479999924,672.8297485,1.2354,42.5187,403.4133,1954.900407,7.532235519,18.57111684,19.5,47.10416794,29.07619095,1.616178694,100.0337173,5.886452198,1.152241675,179.7828125,4119.837744,6,1.8987187163626862
ES_0001166,2005,386.89,1272.44,793.7,8.479999924,657.5228882,1.2354,42.5187,403.4133,1954.900407,7.532235519,18.57111684,19.5,47.10416794,29.07619095,1.616178694,98.06233826,5.935881138,1.142792236,180.6572845,4201.635303,6,1.852334988830996
ES_0001166,2006,373.82,1270.19,801.13,8.479999924,655.9428833,1.2354,42.5187,403.4133,1954.900407,7.532235519,18.57111684,19.5,47.10416794,29.07619095,1.616178694,100.3035736,5.799690247,1.125972803,180.553186,4285.65459,6,1.806188579668588
ES_0001166,2007,376.12,1183.37,797.31,8.479999924,620.4834473,1.2354,42.5187,403.4133,1954.900407,7.532235519,18.57111684,19.5,47.10416794,29.07619095,1.616178694,93.11790619,5.967143059,1.124609473,181.2549469,4363.241113,6,1.6650234039699674
ES_0001166,2008,352.47,1156.03,779.79,8.479999924,617.2028564,1.2354,42.5187,403.4133,1954.900407,7.532235519,18.57111684,19.5,47.10416794,29.07619095,1.616178694,93.77971497,5.922619343,1.111670581,179.1611328,4370.892969,6,1.7435646415195487
ES_0001166,2009,339.2,1088.06,789.4,8.479999924,611.2497192,1.2354,42.5187,403.4133,1954.900407,7.532235519,18.57111684,19.5,47.10416794,29.07619095,1.616178694,91.02419128,5.882738113,1.107809473,179.0148956,4354.85332,6,1.7599239161733362
ES_0001166,2010,342.28,1114.9,793.59,8.479999924,610.4851563,1.2354,42.5187,403.4133,1954.900407,7.532235519,18.57111684,19.5,47.10416794,29.07619095,1.616178694,91.01128387,5.959357262,1.115121143,177.0991394,4349.870117,6,1.6985322531883844
ES_0001166,2011,342.28,1163.47,803.3,8.479999924,625.140564,1.2354,42.5187,403.4133,1954.900407,7.532235519,18.57111684,19.5,47.10416794,29.07619095,1.616178694,90.88685608,5.767142773,1.15359668,176.4708984,4304.716211,6,1.7020384224834235
ES_0001168,1993,849.1615236,1375.86,629.610022,9.331766556,555.4400085,0.992222222,42.46916667,72.1745,2267.775687,6.766242309,18.64836383,16.79166603,48.875,23.8571434,1.011078872,102.8475006,6.155444336,0.687833325,174.9605652,951.7898682,6,1.7764517219865477
ES_0001168,1994,705.3608403,1348.186667,626.6833618,9.331766556,534.9000061,0.992222222,42.46916667,72.1745,2267.775687,6.766242309,18.64836383,16.79166603,48.875,23.8571434,1.011078872,105.0052811,6.16477766,0.685808325,176.0802856,975.7050903,6,1.6120909462285073
ES_0001168,1995,680.747574,1321.416667,627.7466919,9.331766556,531.2033386,0.992222222,42.46916667,72.1745,2267.775687,6.766242309,18.64836383,16.79166603,48.875,23.8571434,1.011078872,103.3194473,6.206833267,0.686141638,177.6611206,1004.879297,6,1.5947334593036548
ES_0001168,1996,790.7123235,1437.573333,652.3866821,9.331766556,570.9933472,0.992222222,42.46916667,72.1745,2267.775687,6.766242309,18.64836383,16.79166603,48.875,23.8571434,1.011078872,104.4355591,6.22486105,0.691488879,177.9247314,1040.265869,6,1.718202741573615
ES_0001168,1997,814.8422866,1423.243333,679.9366821,9.331766556,594.960022,0.992222222,42.46916667,72.1745,2267.775687,6.766242309,18.64836383,16.79166603,48.875,23.8571434,1.011078872,103.3050018,6.205888748,0.710474988,178.9400055,1059.662183,6,1.780695412767234
ES_0001168,1998,842.3879249,1361.413333,689.5666748,9.331766556,589.8100098,0.992222222,42.46916667,72.1745,2267.775687,6.766242309,18.64836383,16.79166603,48.875,23.8571434,1.011078872,99.72416687,6.23138876,0.704605542,179.7236145,1091.62124,6,1.7248617245815467
ES_0001168,1999,823.9709424,1420.616667,679.2,9.331766556,600.9233521,0.992222222,42.46916667,72.1745,2267.775687,6.766242309,18.64836383,16.79166603,48.875,23.8571434,1.011078872,99.70166626,6.249444294,0.710274988,178.5400055,1129.847412,6,1.8532109174049503
ES_0001168,2000,864.2739089,1480.193333,675.8233398,9.331766556,596.710022,0.992222222,42.46916667,72.1745,2267.775687,6.766242309,18.64836383,16.79166603,48.875,23.8571434,1.011078872,101.2800018,6.246388721,0.691336108,178.0800018,1191.378174,6,1.7789141727492093
ES_0001168,2001,843.5860451,1306.79,671.2366821,9.331766556,586.6900146,0.992222222,42.46916667,72.1745,2267.775687,6.766242309,18.64836383,16.79166603,48.875,23.8571434,1.011078872,97.9241684,6.244194221,0.684558313,179.5580597,1231.580957,6,1.8739359146844736
ES_0001168,2002,772.7014225,1323.426667,664.0433472,9.331766556,585.8233398,0.992222222,42.46916667,72.1745,2267.775687,6.766242309,18.64836383,16.79166603,48.875,23.8571434,1.011078872,99.2311142,6.274305248,0.669666638,178.7508423,1308.02002,6,1.9025239211104281
ES_0001168,2003,767.1256491,1435.203333,682.4066772,9.331766556,603.9033447,0.992222222,42.46916667,72.1745,2267.775687,6.766242309,18.64836383,16.79166603,48.875,23.8571434,1.011078872,100.7961166,6.259166527,0.673197192,178.3077881,1401.125122,6,1.8472429598732323
ES_0001168,2004,776.0679116,1443.636667,689.9800171,9.331766556,604.6133423,0.992222222,42.46916667,72.1745,2267.775687,6.766242309,18.64836383,16.79166603,48.875,23.8571434,1.011078872,99.75472717,6.237277699,0.719897205,179.0208405,1514.260645,6,1.7901214459646466
ES_0001168,2005,718.771363,1407.14,682.8733398,9.331766556,599.8133423,0.992222222,42.46916667,72.1745,2267.775687,6.766242309,18.64836383,16.79166603,48.875,23.8571434,1.011078872,99.06611328,6.231833267,0.774244421,179.8866699,1607.368896,6,1.8256434105247688
ES_0001168,2006,647.4536593,1404.703333,692.4199951,9.331766556,603.6833374,0.992222222,42.46916667,72.1745,2267.775687,6.766242309,18.64836383,16.79166603,48.875,23.8571434,1.011078872,101.8997238,6.201166534,0.817694409,179.6505615,1727.709009,6,1.7997593872521833
ES_0001168,2007,609.2356037,1309.323333,689.4466553,9.331766556,575.6899902,0.992222222,42.46916667,72.1745,2267.775687,6.766242309,18.64836383,16.79166603,48.875,23.8571434,1.011078872,95.4375,6.21208334,0.870702771,180.2877808,1852.160938,6,1.6511372112056497
ES_0001168,2008,624.0746578,1277.286667,672.7166626,9.331766556,568.7199829,0.992222222,42.46916667,72.1745,2267.775687,6.766242309,18.64836383,16.79166603,48.875,23.8571434,1.011078872,96.4466629,6.225416565,0.890288879,178.2436127,1950.671289,6,1.7132438723268357
ES_0001172,1995,574.52,1106.06,761.31,9.591667175,615.2266357,-0.5229,42.7229,103.8974,1958.64762,5.092117298,29.29215404,23.22222137,46.70833206,26.82539749,0.152163601,121.631105,4.792569637,1.085596265,170.6380524,2504.520117,6,1.8856951935446924
ES_0001172,1996,635.58,1201.02,788.61,9.591667175,658.9783203,-0.5229,42.7229,103.8974,1958.64762,5.092117298,29.29215404,23.22222137,46.70833206,26.82539749,0.152163601,120.0001312,4.785139084,1.085219409,171.0794434,2542.360645,6,1.9977567920288513
ES_0001172,1997,615.11,1268.33,822.91,9.591667175,692.425,-0.5229,42.7229,103.8974,1958.64762,5.092117298,29.29215404,23.22222137,46.70833206,26.82539749,0.152163601,120.3637451,4.566250324,1.115732373,171.6256958,2563.688574,6,2.020100189935727
ES_0001172,1998,605.74,1254.57,839.05,9.591667175,696.641687,-0.5229,42.7229,103.8974,1958.64762,5.092117298,29.29215404,23.22222137,46.70833206,26.82539749,0.152163601,118.0609695,4.780486107,1.132102734,172.0112488,2606.625146,6,1.9925666295218172
ES_0001172,1999,583.88,1301.77,830.89,9.591667175,707.4950317,-0.5229,42.7229,103.8974,1958.64762,5.092117298,29.29215404,23.22222137,46.70833206,26.82539749,0.152163601,117.438887,4.776735783,1.145784204,170.937085,2653.659521,6,2.0698560464403095
ES_0001172,2000,579.22,1368.31,818.26,9.591667175,711.9366943,-0.5229,42.7229,103.8974,1958.64762,5.092117298,29.29215404,23.22222137,46.70833206,26.82539749,0.152163601,123.0299988,4.797569275,1.169232397,169.8655609,2702.370898,6,2.1005110899697996
ES_0001172,2001,593.25,1253.04,809.33,9.591667175,698.0333496,-0.5229,42.7229,103.8974,1958.64762,5.092117298,29.29215404,23.22222137,46.70833206,26.82539749,0.152163601,120.3770828,4.785000324,1.177448145,170.4263977,2764.623975,6,2.193488552496324
ES_0001172,2002,605.74,1215.86,800.97,9.591667175,692.9883545,-0.5229,42.7229,103.8974,1958.64762,5.092117298,29.29215404,23.22222137,46.70833206,26.82539749,0.152163601,120.5304123,4.796041489,1.147039844,169.7662567,2853.89209,6,2.2659691072041546
ES_0001172,2003,665.07,1289.74,816.77,9.591667175,707.1033569,-0.5229,42.7229,103.8974,1958.64762,5.092117298,29.29215404,23.22222137,46.70833206,26.82539749,0.152163601,121.6947189,4.693472385,1.137300049,169.7055634,2976.823291,6,2.1801870538217414
ES_0001172,2004,657.5,1278.6,827.07,9.591667175,703.5116821,-0.5229,42.7229,103.8974,1958.64762,5.092117298,29.29215404,23.22222137,46.70833206,26.82539749,0.152163601,119.4581909,4.700347424,1.095425977,170.514032,3126.432031,6,2.0898834143301244
ES_0001172,2005,652.58,1212.28,819.59,9.591667175,678.9033569,-0.5229,42.7229,103.8974,1958.64762,5.092117298,29.29215404,23.22222137,46.70833206,26.82539749,0.152163601,116.8236053,4.711596966,1.063356531,171.6711151,3251.469092,6,1.9992932589109453
ES_0001172,2006,833.67,1224.69,823.89,9.591667175,683.0333496,-0.5229,42.7229,103.8974,1958.64762,5.092117298,29.29215404,23.22222137,46.70833206,26.82539749,0.152163601,121.4116608,4.661458015,1.035859314,171.5906952,3335.623535,6,1.994689559071978
ES_0001172,2007,893.0,1173.42,814.02,9.591667175,652.3700073,-0.5229,42.7229,103.8974,1958.64762,5.092117298,29.29215404,23.22222137,46.70833206,26.82539749,0.152163601,114.3620804,4.771389008,1.025505603,171.5576416,3377.249561,6,1.854336408101447
ES_0001172,2008,864.14,1189.22,795.16,9.591667175,647.6399902,-0.5229,42.7229,103.8974,1958.64762,5.092117298,29.29215404,23.22222137,46.70833206,26.82539749,0.152163601,114.9138855,4.753610611,0.996662976,169.3516724,3322.463232,6,1.8767912769721566
ES_0001172,2009,958.57,1171.69,802.43,9.591667175,648.1,-0.5229,42.7229,103.8974,1958.64762,5.092117298,29.29215404,23.22222137,46.70833206,26.82539749,0.152163601,114.1638855,4.731180668,0.995212073,169.1238953,3185.142725,6,1.8733658972935074
ES_0001172,2010,992.92,1206.96,808.15,9.591667175,658.4133301,-0.5229,42.7229,103.8974,1958.64762,5.092117298,29.29215404,23.22222137,46.70833206,26.82539749,0.152163601,115.2311081,4.846597195,0.985503735,167.2090302,3047.207813,6,1.8809616511036935
ES_0001172,2011,733.76,1190.4,820.61,9.591667175,650.8699951,-0.5229,42.7229,103.8974,1958.64762,5.092117298,29.29215404,23.22222137,46.70833206,26.82539749,0.152163601,111.6784698,4.622152805,1.004978735,167.1623657,2920.195117,6,1.789519383738131
FR_0000035,1989,1615.78,1255.04,698.63,10.51000061,594.2125122,5.7354,45.3896,91.9692,1199.31441,5.948266994,22.50456744,28.95833397,33.45833206,35.08333206,0.860415994,65.30062561,3.32145834,2.227569482,157.4854156,6906.740332,6,1.8240584821783146
FR_0000035,1990,1502.39,1284.81,719.95,10.51000061,621.3200073,5.7354,45.3896,91.9692,1199.31441,5.948266994,22.50456744,28.95833397,33.45833206,35.08333206,0.860415994,66.50604172,3.308229208,2.240625049,156.9922913,7136.402637,6,1.925023127550573
FR_0000035,1991,1555.54,1244.88,726.18,10.51000061,606.6875122,5.7354,45.3896,91.9692,1199.31441,5.948266994,22.50456744,28.95833397,33.45833206,35.08333206,0.860415994,66.84208298,3.291562557,2.264207715,158.1604156,7384.405469,6,1.7931557372060682
FR_0000035,1992,1577.57,1223.43,735.81,10.51000061,613.8925171,5.7354,45.3896,91.9692,1199.31441,5.948266994,22.50456744,28.95833397,33.45833206,35.08333206,0.860415994,66.16854019,3.245625019,2.272861084,158.7577087,7617.892578,6,1.832891250706663
FR_0000035,1993,1459.87,1202.96,742.82,10.51000061,621.1675171,5.7354,45.3896,91.9692,1199.31441,5.948266994,22.50456744,28.95833397,33.45833206,35.08333206,0.860415994,67.29395676,3.424062252,2.270067236,160.5529205,7811.447754,6,1.8897268571566117
FR_0000035,1994,1686.64,1293.42,743.43,10.51000061,641.3425171,5.7354,45.3896,91.9692,1199.31441,5.948266994,22.50456744,28.95833397,33.45833206,35.08333206,0.860415994,70.71374893,3.424062252,2.279574854,158.7762573,7953.430469,6,1.965186648120468
FR_0000035,1995,1803.58,1311.03,728.14,10.51000061,628.1750244,5.7354,45.3896,91.9692,1199.31441,5.948266994,22.50456744,28.95833397,33.45833206,35.08333206,0.860415994,71.09916611,3.501353979,2.263531055,158.3031342,8074.861426,6,1.9083823149989834
FR_0000035,1996,1833.39,1375.98,730.4,10.51000061,660.4900146,5.7354,45.3896,91.9692,1199.31441,5.948266994,22.50456744,28.95833397,33.45833206,35.08333206,0.860415994,72.36541595,3.44416666,2.268692871,156.6079285,8160.092773,6,2.2017607777910695
FR_0000035,1997,1665.38,1332.46,749.44,10.51000061,664.5500122,5.7354,45.3896,91.9692,1199.31441,5.948266994,22.50456744,28.95833397,33.45833206,35.08333206,0.860415994,69.25791702,3.313125134,2.316620703,158.6770935,8213.966797,6,2.1352938952855536
FR_0000035,1998,1739.8,1277.15,759.76,10.51000061,648.5275146,5.7354,45.3896,91.9692,1199.31441,5.948266994,22.50456744,28.95833397,33.45833206,35.08333206,0.860415994,67.70145798,3.477083206,2.347755566,159.7633423,8399.522754,6,1.9538922873954407
FR_0000035,1999,1729.16,1288.11,749.5,10.51000061,655.135022,5.7354,45.3896,91.9692,1199.31441,5.948266994,22.50456744,28.95833397,33.45833206,35.08333206,0.860415994,68.23229141,3.537187576,2.337976416,159.1602142,8614.586523,6,2.0834410155247305
FR_0000035,2000,1669.95,1270.01,761.62,10.51000061,674.697522,5.7354,45.3896,91.9692,1199.31441,5.948266994,22.50456744,28.95833397,33.45833206,35.08333206,0.860415994,67.06229172,3.482708216,2.360109082,159.449173,8903.270313,6,2.25942489426968
FR_0000035,2001,1697.27,1236.8,761.24,10.51000061,672.6425171,5.7354,45.3896,91.9692,1199.31441,5.948266994,22.50456744,28.95833397,33.45833206,35.08333206,0.860415994,67.77291641,3.514062405,2.356025684,159.4510468,9215.498438,6,2.294693797229201
FR_0000035,2002,1835.47,1303.09,755.16,10.51000061,677.2550171,5.7354,45.3896,91.9692,1199.31441,5.948266994,22.50456744,28.95833397,33.45833206,35.08333206,0.860415994,69.86437531,3.348645687,2.32988125,157.0185455,9550.651172,6,2.301890963475451
FR_0000035,2003,1746.88,1298.91,769.54,10.51000061,678.1425171,5.7354,45.3896,91.9692,1199.31441,5.948266994,22.50456744,28.95833397,33.45833206,35.08333206,0.860415994,67.91895905,3.295520782,2.322111084,158.0112518,9691.041992,6,2.1862203071893456
FR_0000035,2004,1627.31,1222.19,773.86,10.51000061,653.1925171,5.7354,45.3896,91.9692,1199.31441,5.948266994,22.50456744,28.95833397,33.45833206,35.08333206,0.860415994,66.72145844,3.383020878,2.306415283,159.6541687,9845.742578,6,1.9936233105614696
FR_0000035,2005,1594.52,1157.58,761.4,10.51000061,625.0800171,5.7354,45.3896,91.9692,1199.31441,5.948266994,22.50456744,28.95833397,33.45833206,35.08333206,0.860415994,66.34562378,3.382604122,2.27345,160.31875,9804.604883,6,1.8924417666688114
FR_0000035,2006,1477.59,1149.87,764.51,10.51000061,618.6575317,5.7354,45.3896,91.9692,1199.31441,5.948266994,22.50456744,28.95833397,33.45833206,35.08333206,0.860415994,64.77791595,3.354062557,2.242100732,161.6454163,9689.451953,6,1.8313718520467748
FR_0000035,2007,1435.07,1089.49,765.62,10.51000061,616.2700439,5.7354,45.3896,91.9692,1199.31441,5.948266994,22.50456744,28.95833397,33.45833206,35.08333206,0.860415994,64.13541565,3.376041889,2.220102881,163.2522919,9556.032813,6,1.9025102797850058
FR_0000035,2008,1510.06,1188.52,746.31,10.51000061,642.3550293,5.7354,45.3896,91.9692,1199.31441,5.948266994,22.50456744,28.95833397,33.45833206,35.08333206,0.860415994,68.05958405,3.403229237,2.185579199,160.4066681,9451.260352,6,2.1160742652560067
FR_0000049,1989,1598.06,1255.04,698.63,10.51000061,594.2125122,5.7354,45.3896,91.9692,1199.31441,5.948266994,22.50456744,28.95833397,33.45833206,35.08333206,0.860415994,65.30062561,3.32145834,2.227569482,157.4854156,6906.740332,6,1.8240584821783146
FR_0000049,1990,1537.82,1284.81,719.95,10.51000061,621.3200073,5.7354,45.3896,91.9692,1199.31441,5.948266994,22.50456744,28.95833397,33.45833206,35.08333206,0.860415994,66.50604172,3.308229208,2.240625049,156.9922913,7136.402637,6,1.925023127550573
FR_0000049,1991,1587.43,1244.88,726.18,10.51000061,606.6875122,5.7354,45.3896,91.9692,1199.31441,5.948266994,22.50456744,28.95833397,33.45833206,35.08333206,0.860415994,66.84208298,3.291562557,2.264207715,158.1604156,7384.405469,6,1.7931557372060682
FR_0000049,1992,1357.28,1223.43,735.81,10.51000061,613.8925171,5.7354,45.3896,91.9692,1199.31441,5.948266994,22.50456744,28.95833397,33.45833206,35.08333206,0.860415994,66.16854019,3.245625019,2.272861084,158.7577087,7617.892578,6,1.832891250706663
FR_0000088,1989,1254.11,1248.11,685.53,11.3583334,548.6033203,5.5271,44.7229,43.1086,1467.048478,6.20453419,21.96423325,28.5625,31.375,35.375,0.619694263,71.5261116,4.152916431,1.28181665,164.6147247,1871.818286,6,1.518404740427423
FR_0000088,1990,1166.1,1257.87,704.79,11.3583334,568.8866638,5.5271,44.7229,43.1086,1467.048478,6.20453419,21.96423325,28.5625,31.375,35.375,0.619694263,73.42694473,4.123194218,1.315374976,164.1797272,1941.650317,6,1.5755338092794775
FR_0000088,1991,1210.1,1205.96,711.97,11.3583334,563.5200012,5.5271,44.7229,43.1086,1467.048478,6.20453419,21.96423325,28.5625,31.375,35.375,0.619694263,73.99944687,4.16861105,1.331991675,165.2800049,2000.920288,6,1.5587786832254864
FR_0000140,1989,697.72,1092.75,518.91,5.524212742,383.1316711,6.4854,44.5521,2270.481,2098.121765,7.19925458,22.61783943,17.20225716,49.54166794,27.63197708,1.657312892,25.2857296,3.221678257,0.796266711,175.8133423,24802.63555,6,1.159698079874688
FR_0000140,1990,667.78,1107.38,529.56,5.524212742,395.3397278,6.4854,44.5521,2270.481,2098.121765,7.19925458,22.61783943,17.20225716,49.54166794,27.63197708,1.657312892,25.60489616,3.293362379,0.798694251,175.261673,25621.92227,6,1.1895341498730467
FR_0000140,1991,631.74,1089.41,522.63,5.524212742,384.6541077,6.4854,44.5521,2270.481,2098.121765,7.19925458,22.61783943,17.20225716,49.54166794,27.63197708,1.657312892,28.26632576,3.292361021,0.798171423,176.1112854,26403.98906,6,1.159392887927358
FR_0000140,1992,641.05,1059.46,525.43,5.524212742,383.0056396,6.4854,44.5521,2270.481,2098.121765,7.19925458,22.61783943,17.20225716,49.54166794,27.63197708,1.657312892,28.81183586,3.281741858,0.789376733,176.1198547,27160.8293,6,1.1603370119666432
FR_0000140,1993,656.88,1045.49,533.05,5.524212742,394.7998779,6.4854,44.5521,2270.481,2098.121765,7.19925458,22.61783943,17.20225716,49.54166794,27.63197708,1.657312892,29.04361725,3.475249052,0.787668359,177.6283142,27790.00156,6,1.2162409735474982
FR_0000140,1994,747.71,1148.99,534.19,5.524212742,405.3734863,6.4854,44.5521,2270.481,2098.121765,7.19925458,22.61783943,17.20225716,49.54166794,27.63197708,1.657312892,30.87555618,3.434924603,0.78980636,176.4708649,28258.34453,6,1.2092130275065673
FR_0000140,1995,798.72,1186.48,518.72,5.524212742,413.9804321,6.4854,44.5521,2270.481,2098.121765,7.19925458,22.61783943,17.20225716,49.54166794,27.63197708,1.657312892,32.2815918,3.404334307,0.791351233,176.0440308,28685.73984,6,1.3006346317248172
FR_0000140,1996,812.86,1255.62,524.49,5.524212742,435.9643188,6.4854,44.5521,2270.481,2098.121765,7.19925458,22.61783943,17.20225716,49.54166794,27.63197708,1.657312892,32.18299789,3.367682219,0.802554077,174.2336517,29000.45234,6,1.3984054451807557
FR_0000140,1997,823.71,1217.61,537.29,5.524212742,438.7460571,6.4854,44.5521,2270.481,2098.121765,7.19925458,22.61783943,17.20225716,49.54166794,27.63197708,1.657312892,31.20290489,3.327323437,0.82505365,176.3869415,29327.94844,6,1.381397709449615
FR_0000140,1998,781.13,1177.34,543.64,5.524212742,431.5390381,6.4854,44.5521,2270.481,2098.121765,7.19925458,22.61783943,17.20225716,49.54166794,27.63197708,1.657312892,30.8454052,3.412858725,0.830696326,177.6640015,29844.04648,6,1.3271120893361412
FR_0000140,1999,723.58,1146.55,539.02,5.524212742,432.8607056,6.4854,44.5521,2270.481,2098.121765,7.19925458,22.61783943,17.20225716,49.54166794,27.63197708,1.657312892,30.81815987,3.456429482,0.825785693,176.9266144,30424.23906,6,1.3789579852961922
FR_0000140,2000,717.84,1157.21,548.92,5.524212742,440.0996582,6.4854,44.5521,2270.481,2098.121765,7.19925458,22.61783943,17.20225716,49.54166794,27.63197708,1.657312892,30.55355911,3.391192198,0.826009302,177.1935272,31084.22656,6,1.381372545929755
FR_0000140,2001,791.16,1058.01,549.01,5.524212742,423.5123596,6.4854,44.5521,2270.481,2098.121765,7.19925458,22.61783943,17.20225716,49.54166794,27.63197708,1.657312892,29.84568291,3.468347788,0.827264612,178.2625397,31751.68594,6,1.3388297047729578
FR_0000140,2002,744.66,1162.66,544.3,5.524212742,435.5499939,6.4854,44.5521,2270.481,2098.121765,7.19925458,22.61783943,17.20225716,49.54166794,27.63197708,1.657312892,31.04752884,3.278544426,0.816446204,175.5309479,32359.66289,6,1.3637281227765152
FR_0000140,2003,743.64,1160.66,556.01,5.524212742,428.5137512,6.4854,44.5521,2270.481,2098.121765,7.19925458,22.61783943,17.20225716,49.54166794,27.63197708,1.657312892,30.53432274,3.253310204,0.811539368,175.9927063,32673.02617,6,1.2709997658996282
FR_0000140,2004,746.7,1109.69,559.54,5.524212742,419.8619507,6.4854,44.5521,2270.481,2098.121765,7.19925458,22.61783943,17.20225716,49.54166794,27.63197708,1.657312892,30.00977974,3.307523012,0.803683936,177.3878265,33013.16367,6,1.2400690734988067
FR_0000140,2005,684.35,1023.74,556.59,5.524212742,409.2191772,6.4854,44.5521,2270.481,2098.121765,7.19925458,22.61783943,17.20225716,49.54166794,27.63197708,1.657312892,30.00531845,3.228307247,0.802249695,177.7827301,33167.64922,6,1.2473053749135115
FR_0000140,2006,589.3,1047.69,563.24,5.524212742,417.989386,6.4854,44.5521,2270.481,2098.121765,7.19925458,22.61783943,17.20225716,49.54166794,27.63197708,1.657312892,30.56237831,3.231692553,0.789808752,178.6403961,33215.74297,6,1.2618666533864766
FR_0000140,2007,573.03,905.73,569.98,5.524212742,395.7392395,6.4854,44.5521,2270.481,2098.121765,7.19925458,22.61783943,17.20225716,49.54166794,27.63197708,1.657312892,28.49075203,3.318116188,0.793752161,181.2124542,33201.46563,6,1.2292169755190556
FR_0000140,2008,602.43,998.96,554.44,5.524212742,419.3725769,6.4854,44.5521,2270.481,2098.121765,7.19925458,22.61783943,17.20225716,49.54166794,27.63197708,1.657312892,28.42527161,3.334409714,0.796592993,178.8717133,33043.28633,6,1.3409032438849169
FR_0000140,2009,652.81,1031.98,568.15,5.524212742,431.4755554,6.4854,44.5521,2270.481,2098.121765,7.19925458,22.61783943,17.20225716,49.54166794,27.63197708,1.657312892,28.00049706,3.378388405,0.808032788,178.864621,32703.23125,6,1.345294291479592
FR_0000140,2010,775.03,1088.39,566.18,5.524212742,432.5038879,6.4854,44.5521,2270.481,2098.121765,7.19925458,22.61783943,17.20225716,49.54166794,27.63197708,1.657312892,27.73925247,3.366379976,0.804385938,176.6807068,32486.09609,6,1.3126290752309708
FR_0000140,2011,763.11,1092.39,574.15,5.524212742,445.7654114,6.4854,44.5521,2270.481,2098.121765,7.19925458,22.61783943,17.20225716,49.54166794,27.63197708,1.657312892,27.48248825,3.245170593,0.834195105,176.0293182,32190.81094,6,1.3697100924851926
FR_0000140,2012,802.36,1163.19,581.59,5.524212742,453.0143005,6.4854,44.5521,2270.481,2098.121765,7.19925458,22.61783943,17.20225716,49.54166794,27.63197708,1.657312892,28.53531303,3.473761559,0.833306287,175.7177612,31961.99883,6,1.3357824942460013
FR_0000203,1989,519.42,1001.35,777.42,12.70333328,607.8500061,4.5771,45.4354,16.9398,924.7713501,6.878277302,12.0541595,14.25,55.25,28.0,0.390149474,49.74166641,3.727499485,2.66203335,150.2725067,227464.3875,6,1.9403496402279012
FR_0000203,1990,463.76,1031.45,796.17,12.70333328,628.1200012,4.5771,45.4354,16.9398,924.7713501,6.878277302,12.0541595,14.25,55.25,28.0,0.390149474,50.29666672,3.672916889,2.70035835,150.0425049,222951.1594,6,1.9797095546372756
FR_0000203,1991,463.76,989.0,801.91,12.70333328,613.7500061,4.5771,45.4354,16.9398,924.7713501,6.878277302,12.0541595,14.25,55.25,28.0,0.390149474,50.35750046,3.681666613,2.73621665,151.6441711,220749.8281,6,1.915845597362554
FR_0000230,1989,1471.06,1468.85,575.86,7.964999676,523.006665,6.6229,46.2687,172.1952,1427.777253,5.784990459,30.62401843,36.95833206,23.54166603,31.52941132,0.814335535,29.10513916,3.1493752,1.895535669,152.8333344,7681.716797,6,1.7866842388848185
FR_0000230,1990,1459.93,1521.45,594.2,7.964999676,547.2666809,6.6229,46.2687,172.1952,1427.777253,5.784990459,30.62401843,36.95833206,23.54166603,31.52941132,0.814335535,30.14388924,3.179861069,1.927061182,152.5169464,7897.512695,6,1.893512697406727
FR_0000244,1989,1417.04,1348.73,594.48,7.332030678,514.2809204,6.2687,46.1521,1645.546,1482.676837,7.895122312,26.46804688,22.9642849,40.32242203,31.08862877,1.209950547,28.59628181,3.195615292,1.706972729,156.4351379,26466.91758,6,1.621542380362423
FR_0000244,1990,1445.46,1395.22,609.11,7.332030678,534.6165405,6.2687,46.1521,1645.546,1482.676837,7.895122312,26.46804688,22.9642849,40.32242203,31.08862877,1.209950547,29.04671097,3.22753191,1.727345752,156.0492401,27288.28164,6,1.6893974236664293
FR_0000244,1991,1383.3,1346.83,610.93,7.332030678,518.5529297,6.2687,46.1521,1645.546,1482.676837,7.895122312,26.46804688,22.9642849,40.32242203,31.08862877,1.209950547,29.30001259,3.146548033,1.739716138,157.315683,28556.76758,6,1.5598342640717164
FR_0000244,1992,1331.41,1337.08,617.76,7.332030678,522.0597046,6.2687,46.1521,1645.546,1482.676837,7.895122312,26.46804688,22.9642849,40.32242203,31.08862877,1.209950547,28.809692,3.157576799,1.740887549,158.0696198,29894.43672,6,1.5590081912524605
FR_0000244,1993,1263.9,1309.87,622.72,7.332030678,528.9884033,6.2687,46.1521,1645.546,1482.676837,7.895122312,26.46804688,22.9642849,40.32242203,31.08862877,1.209950547,29.18658371,3.2995193,1.745173486,159.9830139,30959.98438,6,1.6138675723968685
FR_0000244,1994,1347.1,1394.6,625.31,7.332030678,542.7397949,6.2687,46.1521,1645.546,1482.676837,7.895122312,26.46804688,22.9642849,40.32242203,31.08862877,1.209950547,30.23115463,3.264429331,1.749276685,158.4574432,31555.53359,6,1.6576003573698674
FR_0000244,1995,1365.49,1416.08,609.23,7.332030678,533.010022,6.2687,46.1521,1645.546,1482.676837,7.895122312,26.46804688,22.9642849,40.32242203,31.08862877,1.209950547,30.61755295,3.332852364,1.730440259,157.8211731,31426.87344,6,1.6550901839618182
FR_0000244,1996,1372.84,1451.05,609.87,7.332030678,552.820166,6.2687,46.1521,1645.546,1482.676837,7.895122312,26.46804688,22.9642849,40.32242203,31.08862877,1.209950547,30.61769981,3.233486891,1.739740674,156.585376,31054.82969,6,1.856612264021213
FR_0000244,1997,1354.49,1410.54,621.22,7.332030678,559.9291504,6.2687,46.1521,1645.546,1482.676837,7.895122312,26.46804688,22.9642849,40.32242203,31.08862877,1.209950547,30.16517448,3.175490141,1.773241211,158.4161194,30601.34648,6,1.874584458568313
FR_0000244,1998,1342.18,1362.45,628.41,7.332030678,543.5688477,6.2687,46.1521,1645.546,1482.676837,7.895122312,26.46804688,22.9642849,40.32242203,31.08862877,1.209950547,29.40285988,3.34871769,1.784385083,159.3559875,31038.32148,6,1.6714320827260214
FR_0000244,1999,1370.6,1405.37,618.85,7.332030678,549.8963867,6.2687,46.1521,1645.546,1482.676837,7.895122312,26.46804688,22.9642849,40.32242203,31.08862877,1.209950547,30.12016106,3.385480642,1.771336255,158.5681763,31443.29766,6,1.7747414235876529
FR_0000244,2000,1316.4,1349.92,629.55,7.332030678,562.2336914,6.2687,46.1521,1645.546,1482.676837,7.895122312,26.46804688,22.9642849,40.32242203,31.08862877,1.209950547,30.17046852,3.326339722,1.787000586,158.8272797,31554.65586,6,1.8844946839361671
FR_0000244,2001,1384.06,1367.18,627.82,7.332030678,565.1486938,6.2687,46.1521,1645.546,1482.676837,7.895122312,26.46804688,22.9642849,40.32242203,31.08862877,1.209950547,30.75640488,3.349871874,1.790593408,157.8106903,31742.57891,6,1.9222192899477015
FR_0000244,2002,1371.55,1438.36,624.59,7.332030678,566.1013306,6.2687,46.1521,1645.546,1482.676837,7.895122312,26.46804688,22.9642849,40.32242203,31.08862877,1.209950547,31.11293678,3.187089682,1.780347559,155.3357391,31941.71875,6,1.8984976919103966
FR_0000244,2003,1353.55,1411.63,639.65,7.332030678,573.112561,6.2687,46.1521,1645.546,1482.676837,7.895122312,26.46804688,22.9642849,40.32242203,31.08862877,1.209950547,30.38321228,3.149910212,1.776913989,156.7931946,31758.83164,6,1.8686201892431746
FR_0000244,2004,1255.96,1329.04,646.45,7.332030678,561.7697144,6.2687,46.1521,1645.546,1482.676837,7.895122312,26.46804688,22.9642849,40.32242203,31.08862877,1.209950547,29.36565437,3.237400532,1.785103955,158.878656,32012.96289,6,1.7624672920834563
FR_0000244,2005,1190.18,1282.06,640.14,7.332030678,551.9397949,6.2687,46.1521,1645.546,1482.676837,7.895122312,26.46804688,22.9642849,40.32242203,31.08862877,1.209950547,28.77289772,3.186339855,1.786067798,159.6556854,32262.77422,6,1.7509639411536235
FR_0000244,2006,1138.44,1266.85,646.7,7.332030678,541.5483276,6.2687,46.1521,1645.546,1482.676837,7.895122312,26.46804688,22.9642849,40.32242203,31.08862877,1.209950547,28.64810944,3.185855865,1.786035352,161.4801849,32135.40234,6,1.6273594471072748
FR_0000244,2007,1158.15,1239.16,648.41,7.332030678,543.1198486,6.2687,46.1521,1645.546,1482.676837,7.895122312,26.46804688,22.9642849,40.32242203,31.08862877,1.209950547,29.03175011,3.280128241,1.80710105,163.1254913,31819.08477,6,1.6584359863320677
FR_0000244,2008,1174.06,1313.41,629.35,7.332030678,556.1057739,6.2687,46.1521,1645.546,1482.676837,7.895122312,26.46804688,22.9642849,40.32242203,31.08862877,1.209950547,30.35702553,3.243589401,1.808156372,160.0078125,31603.44336,6,1.8476203405094982
FR_0000244,2009,956.12,1309.7,640.03,7.332030678,559.824231,6.2687,46.1521,1645.546,1482.676837,7.895122312,26.46804688,22.9642849,40.32242203,31.08862877,1.209950547,29.63652573,3.295637846,1.831487988,159.7053436,31413.5293,6,1.8083157668683332
FR_0001294,1989,1062.27,1100.07,794.47,7.696667099,638.8567139,0.7521,42.8646,37.7372,1532.85347,6.64597559,18.23874489,19.03125,45.5625,33.1071434,-0.203132987,96.67111511,4.596806049,1.779787549,166.5319427,6741.246191,6,1.9507912123350029
FR_0001294,1990,987.57,1115.86,806.35,7.696667099,665.3733765,0.7521,42.8646,37.7372,1532.85347,6.64597559,18.23874489,19.03125,45.5625,33.1071434,-0.203132987,98.92972717,4.480555534,1.779370898,165.9436096,6986.60498,6,2.1184947389447606
FR_0001294,1991,1004.17,1177.41,809.25,7.696667099,677.5533569,0.7521,42.8646,37.7372,1532.85347,6.64597559,18.23874489,19.03125,45.5625,33.1071434,-0.203132987,101.5700012,4.595972538,1.793687549,166.3369446,7209.56748,6,2.1068353752358355
FR_0001294,1992,1073.5,1223.23,810.36,7.696667099,686.6333374,0.7521,42.8646,37.7372,1532.85347,6.64597559,18.23874489,19.03125,45.5625,33.1071434,-0.203132987,103.4963882,4.569860458,1.798541699,167.2966675,7425.363379,6,2.1123686659540373
FR_0001294,1993,1012.47,1228.94,821.97,7.696667099,711.643335,0.7521,42.8646,37.7372,1532.85347,6.64597559,18.23874489,19.03125,45.5625,33.1071434,-0.203132987,107.0705551,4.538472176,1.80861665,168.7277771,7583.13584,6,2.3096068230593296
FR_0001294,1994,1128.66,1218.01,816.87,7.696667099,699.7399902,0.7521,42.8646,37.7372,1532.85347,6.64597559,18.23874489,19.03125,45.5625,33.1071434,-0.203132987,111.3900009,4.611805916,1.814241699,169.0075012,7706.69375,6,2.2250625358845926
FR_0001294,1995,1219.95,1203.61,826.07,7.696667099,696.7733398,0.7521,42.8646,37.7372,1532.85347,6.64597559,18.23874489,19.03125,45.5625,33.1071434,-0.203132987,107.4738892,4.691111088,1.823320801,170.3338898,7812.660352,6,2.157923916301258
FR_0001294,1996,1264.9,1304.91,851.74,7.696667099,742.6033447,0.7521,42.8646,37.7372,1532.85347,6.64597559,18.23874489,19.03125,45.5625,33.1071434,-0.203132987,108.1516647,4.682638645,1.830437451,170.5325012,7888.191211,6,2.3117632193891766
FR_0001294,1997,1087.16,1280.63,880.72,7.696667099,761.3033569,0.7521,42.8646,37.7372,1532.85347,6.64597559,18.23874489,19.03125,45.5625,33.1071434,-0.203132987,105.6447205,4.48111105,1.852133301,171.6200012,7961.141602,6,2.368148519213093
FR_0001294,1998,1103.76,1214.46,892.32,7.696667099,747.516687,0.7521,42.8646,37.7372,1532.85347,6.64597559,18.23874489,19.03125,45.5625,33.1071434,-0.203132987,100.8488876,4.675833225,1.8589875,172.3072205,8080.792969,6,2.2748216979143097
FR_0001294,1999,1037.37,1267.84,887.26,7.696667099,765.9566772,0.7521,42.8646,37.7372,1532.85347,6.64597559,18.23874489,19.03125,45.5625,33.1071434,-0.203132987,99.47527313,4.70652771,1.8400375,171.1280548,8212.629883,6,2.4041549622769387
FR_0001294,2000,990.28,1319.43,878.8,7.696667099,771.156665,0.7521,42.8646,37.7372,1532.85347,6.64597559,18.23874489,19.03125,45.5625,33.1071434,-0.203132987,103.9652756,4.688889027,1.82883335,170.3322235,8359.399805,6,2.4263004783462847
FR_0001294,2001,921.18,1178.38,869.49,7.696667099,750.7733398,0.7521,42.8646,37.7372,1532.85347,6.64597559,18.23874489,19.03125,45.5625,33.1071434,-0.203132987,100.8627792,4.663610935,1.8153875,171.4,8574.564453,6,2.568625317726828
FR_0001294,2002,1103.76,1189.82,859.62,7.696667099,752.8133301,0.7521,42.8646,37.7372,1532.85347,6.64597559,18.23874489,19.03125,45.5625,33.1071434,-0.203132987,103.765004,4.645139217,1.785916699,170.3469482,8774.594336,6,2.6538101377457597
FR_0001294,2003,1178.45,1255.52,874.9,7.696667099,764.406665,0.7521,42.8646,37.7372,1532.85347,6.64597559,18.23874489,19.03125,45.5625,33.1071434,-0.203132987,104.3008377,4.586666584,1.782816699,170.2852844,8918.426758,6,2.5115744752563613
FR_0001294,2004,1231.61,1247.49,886.86,7.696667099,758.9033447,0.7521,42.8646,37.7372,1532.85347,6.64597559,18.23874489,19.03125,45.5625,33.1071434,-0.203132987,102.2841736,4.590972424,1.802875,171.2508392,9079.243945,6,2.366748858989075
FR_0001294,2005,1253.14,1202.64,879.04,7.696667099,740.4033447,0.7521,42.8646,37.7372,1532.85347,6.64597559,18.23874489,19.03125,45.5625,33.1071434,-0.203132987,100.0763947,4.629999638,1.84003335,172.4461151,9235.4625,6,2.3055861404253553
FR_0001294,2006,1203.35,1204.38,883.06,7.696667099,730.9466919,0.7521,42.8646,37.7372,1532.85347,6.64597559,18.23874489,19.03125,45.5625,33.1071434,-0.203132987,101.3600067,4.528333187,1.897937549,172.5524994,9342.641992,6,2.1762747483675793
FR_0001294,2007,1078.86,1125.66,881.59,7.696667099,700.0067017,0.7521,42.8646,37.7372,1532.85347,6.64597559,18.23874489,19.03125,45.5625,33.1071434,-0.203132987,92.50805969,4.682221889,1.969929199,173.031662,9406.480078,6,2.052749285302599
FR_0001294,2008,990.28,1128.0,866.37,7.696667099,706.8466919,0.7521,42.8646,37.7372,1532.85347,6.64597559,18.23874489,19.03125,45.5625,33.1071434,-0.203132987,94.29917145,4.647222042,2.01057085,170.6713837,9373.905273,6,2.1890191459881416
FR_0001294,2009,962.68,1083.01,872.36,7.696667099,697.7400146,0.7521,42.8646,37.7372,1532.85347,6.64597559,18.23874489,19.03125,45.5625,33.1071434,-0.203132987,92.64472656,4.602500439,2.04865415,170.5016663,9282.632813,6,2.1734960179880707
FR_0001294,2010,937.78,1113.49,879.72,7.696667099,702.5700073,0.7521,42.8646,37.7372,1532.85347,6.64597559,18.23874489,19.03125,45.5625,33.1071434,-0.203132987,93.55944977,4.693333149,2.05372915,168.6061096,9151.412109,6,2.1121484095874026
FR_0001294,2011,970.98,1126.99,887.16,7.696667099,704.1900146,0.7521,42.8646,37.7372,1532.85347,6.64597559,18.23874489,19.03125,45.5625,33.1071434,-0.203132987,91.85333862,4.503055096,2.110574951,168.268338,9008.049219,6,2.0629343997702656
FR_0001294,2012,1048.53,1116.18,902.62,7.696667099,715.2433472,0.7521,42.8646,37.7372,1532.85347,6.64597559,18.23874489,19.03125,45.5625,33.1071434,-0.203132987,95.55306091,4.692638874,2.117974951,169.8755585,8900.097266,6,2.1196384383987756
FR_0001320,1989,409.01,946.39,743.07,10.22833405,468.5411194,6.2771,44.2146,162.6118,1468.755614,5.366375382,22.34614422,19.2589283,44.82143021,33.7857132,1.081539205,25.81963005,2.910601616,1.298080347,175.5176849,43287.83906,6,1.209071429012931
FR_0001320,1990,395.63,940.77,758.68,10.22833405,486.4811096,6.2771,44.2146,162.6118,1468.755614,5.366375382,22.34614422,19.2589283,44.82143021,33.7857132,1.081539205,25.8681488,2.986666679,1.318886304,175.0733307,45013.26953,6,1.2727593499278052
FR_0001320,1991,416.66,928.25,761.82,10.22833405,482.0966675,6.2771,44.2146,162.6118,1468.755614,5.366375382,22.34614422,19.2589283,44.82143021,33.7857132,1.081539205,26.57731552,3.009397984,1.324033301,175.8435181,46620.59063,6,1.2597431421661869
FR_0001320,1992,546.21,891.71,766.76,10.22833405,480.3144531,6.2771,44.2146,162.6118,1468.755614,5.366375382,22.34614422,19.2589283,44.82143021,33.7857132,1.081539205,27.08537102,2.978564501,1.319337476,175.7250916,48178.63047,6,1.2846471276817921
FR_0001320,1993,540.89,894.94,776.5,10.22833405,487.898877,6.2771,44.2146,162.6118,1468.755614,5.366375382,22.34614422,19.2589283,44.82143021,33.7857132,1.081539205,26.7922226,3.199166536,1.323173193,177.0992584,49319.48516,6,1.3019453678015218
FR_0001320,1994,626.9,1005.6,775.7,10.22833405,519.717749,6.2771,44.2146,162.6118,1468.755614,5.366375382,22.34614422,19.2589283,44.82143021,33.7857132,1.081539205,27.94370422,3.160277605,1.330418457,175.9853699,50234.19297,6,1.335348147764697
FR_0001320,1995,670.86,1054.86,761.26,10.22833405,534.7255249,6.2771,44.2146,162.6118,1468.755614,5.366375382,22.34614422,19.2589283,44.82143021,33.7857132,1.081539205,28.83990784,3.131620169,1.334864258,175.4609253,50917.30859,6,1.3919753819038096
FR_0001320,1996,720.61,1121.48,769.25,10.22833405,570.0921997,6.2771,44.2146,162.6118,1468.755614,5.366375382,22.34614422,19.2589283,44.82143021,33.7857132,1.081539205,28.71379662,3.124953508,1.346260083,173.316568,51335.98672,6,1.5009830666318469
FR_0001320,1997,626.9,1095.1,788.93,10.22833405,559.0811035,6.2771,44.2146,162.6118,1468.755614,5.366375382,22.34614422,19.2589283,44.82143021,33.7857132,1.081539205,27.34740753,3.026620388,1.370967236,175.4517548,51744.04531,6,1.4160928676991715
FR_0001320,1998,644.1,1068.5,797.21,10.22833405,559.6111206,6.2771,44.2146,162.6118,1468.755614,5.366375382,22.34614422,19.2589283,44.82143021,33.7857132,1.081539205,27.56796341,3.105555534,1.375388013,176.708606,52495.78984,6,1.4288420422036983
FR_0001320,1999,600.14,1040.49,789.14,10.22833405,553.1744629,6.2771,44.2146,162.6118,1468.755614,5.366375382,22.34614422,19.2589283,44.82143021,33.7857132,1.081539205,27.87351913,3.189861059,1.35773623,176.0749023,53214.90703,6,1.444638348332086
FR_0001320,2000,619.03,1058.99,799.43,10.22833405,556.1189087,6.2771,44.2146,162.6118,1468.755614,5.366375382,22.34614422,19.2589283,44.82143021,33.7857132,1.081539205,27.14879684,3.118009329,1.345970142,176.4669434,54061.35859,6,1.415731209335082
FR_0001320,2001,565.74,957.98,797.56,10.22833405,532.8455566,6.2771,44.2146,162.6118,1468.755614,5.366375382,22.34614422,19.2589283,44.82143021,33.7857132,1.081539205,26.51592636,3.226249933,1.348598755,178.4634277,55037.85547,6,1.4174032927558482
FR_0001320,2002,514.13,1040.87,787.72,10.22833405,566.8877808,6.2771,44.2146,162.6118,1468.755614,5.366375382,22.34614422,19.2589283,44.82143021,33.7857132,1.081539205,27.93490753,2.963657618,1.337136255,175.8535217,55900.00156,6,1.5281252426242988
FR_0001320,2003,493.11,1044.47,800.49,10.22833405,555.0233276,6.2771,44.2146,162.6118,1468.755614,5.366375382,22.34614422,19.2589283,44.82143021,33.7857132,1.081539205,27.19009209,2.920046329,1.331308325,176.0488953,56188.91953,6,1.42415059490144
FR_0001320,2004,444.63,979.13,806.52,10.22833405,541.1566711,6.2771,44.2146,162.6118,1468.755614,5.366375382,22.34614422,19.2589283,44.82143021,33.7857132,1.081539205,26.28703651,2.99189806,1.308263135,176.9630585,56352.31797,6,1.4164673690571108
FR_0001320,2005,355.5,892.7,793.94,10.22833405,521.6355591,6.2771,44.2146,162.6118,1468.755614,5.366375382,22.34614422,19.2589283,44.82143021,33.7857132,1.081539205,26.87120285,2.908055305,1.289739355,177.1608368,56190.02109,6,1.45569655651341
FR_0001320,2006,340.21,911.99,794.54,10.22833405,517.2655762,6.2771,44.2146,162.6118,1468.755614,5.366375382,22.34614422,19.2589283,44.82143021,33.7857132,1.081539205,27.55435104,2.909027815,1.265023853,177.3648193,55822.35078,6,1.4008159111348628
FR_0001320,2007,330.65,767.67,801.72,10.22833405,464.1711243,6.2771,44.2146,162.6118,1468.755614,5.366375382,22.34614422,19.2589283,44.82143021,33.7857132,1.081539205,26.13592567,2.978471994,1.247702466,179.9699036,55442.75391,6,1.3215508006262016
FR_0001320,2008,346.89,857.76,786.92,10.22833405,494.2600281,6.2771,44.2146,162.6118,1468.755614,5.366375382,22.34614422,19.2589283,44.82143021,33.7857132,1.081539205,26.93444443,3.059490681,1.230802441,177.8929596,54854.06016,6,1.3674389340554791
FR_0001320,2009,366.96,924.63,797.76,10.22833405,515.1466919,6.2771,44.2146,162.6118,1468.755614,5.366375382,22.34614422,19.2589283,44.82143021,33.7857132,1.081539205,26.6494442,3.055231333,1.242814893,178.2351868,54180.44063,6,1.3659790762164852
FR_0001320,2010,410.92,990.64,803.74,10.22833405,532.6633728,6.2771,44.2146,162.6118,1468.755614,5.366375382,22.34614422,19.2589283,44.82143021,33.7857132,1.081539205,26.56555557,3.097222328,1.246789258,176.2240753,53930.64063,6,1.3631192535936707
FR_0001320,2011,395.63,1019.43,811.3,10.22833405,551.7455994,6.2771,44.2146,162.6118,1468.755614,5.366375382,22.34614422,19.2589283,44.82143021,33.7857132,1.081539205,25.8004631,2.922499657,1.276239844,175.7300018,53607.95,6,1.4129699739602408
FR_0001320,2012,456.13,1095.84,818.81,10.22833405,572.4100464,6.2771,44.2146,162.6118,1468.755614,5.366375382,22.34614422,19.2589283,44.82143021,33.7857132,1.081539205,26.71990776,3.174166679,1.282164185,175.5106567,53243.17422,6,1.4181772136638338
FR_0001321,1989,605.38,992.55,548.98,6.588375664,375.1782898,6.3979,44.4521,932.3826,2103.380387,7.300933215,20.82503291,18.5267086,47.83546829,25.0760231,1.419434732,29.63025017,3.018767595,0.887174243,177.9803375,31759.39453,6,1.1014326395312801
FR_0001321,1990,563.05,996.43,559.98,6.588375664,387.7860046,6.3979,44.4521,932.3826,2103.380387,7.300933215,20.82503291,18.5267086,47.83546829,25.0760231,1.419434732,29.96507149,3.120351076,0.896220044,177.5567047,32912.58281,6,1.1378462021944382
FR_0001321,1991,556.05,989.95,554.19,6.588375664,380.2348633,6.3979,44.4521,932.3826,2103.380387,7.300933215,20.82503291,18.5267086,47.83546829,25.0760231,1.419434732,33.17253532,3.126220226,0.898363904,178.3535858,34009.71992,6,1.1168940687196074
FR_0001321,1992,585.65,955.31,557.3,6.588375664,376.7700073,6.3979,44.4521,932.3826,2103.380387,7.300933215,20.82503291,18.5267086,47.83546829,25.0760231,1.419434732,33.9180233,3.122500181,0.891767468,178.2863983,35066.48906,6,1.1161646243197134
FR_0001321,1993,600.38,954.18,565.9,6.588375664,389.5005859,6.3979,44.4521,932.3826,2103.380387,7.300933215,20.82503291,18.5267086,47.83546829,25.0760231,1.419434732,34.11717873,3.316690445,0.890204346,179.6754578,35893.48828,6,1.1636515916976793
FR_0001321,1994,694.39,1060.86,567.1,6.588375664,407.0120117,6.3979,44.4521,932.3826,2103.380387,7.300933215,20.82503291,18.5267086,47.83546829,25.0760231,1.419434732,36.26709518,3.253702164,0.895015723,178.5856903,36543.30313,6,1.1781369297206425
FR_0001321,1995,769.73,1107.78,552.3,6.588375664,419.5448669,6.3979,44.4521,932.3826,2103.380387,7.300933215,20.82503291,18.5267086,47.83546829,25.0760231,1.419434732,37.94061966,3.237303495,0.892979822,178.1177734,37040.49688,6,1.2630460814538398
FR_0001321,1996,784.54,1174.41,559.34,6.588375664,444.5008606,6.3979,44.4521,932.3826,2103.380387,7.300933215,20.82503291,18.5267086,47.83546829,25.0760231,1.419434732,37.77588196,3.217785597,0.898510095,176.1448547,37403.05,6,1.3561876532519712
FR_0001321,1997,784.4,1142.75,572.72,6.588375664,444.9115723,6.3979,44.4521,932.3826,2103.380387,7.300933215,20.82503291,18.5267086,47.83546829,25.0760231,1.419434732,36.51059647,3.151238203,0.91561615,178.2531403,37746.49766,6,1.3298093368536361
FR_0001321,1998,756.4,1108.43,578.37,6.588375664,440.1771362,6.3979,44.4521,932.3826,2103.380387,7.300933215,20.82503291,18.5267086,47.83546829,25.0760231,1.419434732,36.12063141,3.220785856,0.918004089,179.4804016,38406.59844,6,1.3047575479947828
FR_0001321,1999,689.72,1076.49,573.89,6.588375664,435.3982849,6.3979,44.4521,932.3826,2103.380387,7.300933215,20.82503291,18.5267086,47.83546829,25.0760231,1.419434732,36.02196503,3.271244049,0.909699744,178.8508911,39095.07188,6,1.314112789391806
FR_0001321,2000,682.92,1096.64,583.96,6.588375664,442.2945801,6.3979,44.4521,932.3826,2103.380387,7.300933215,20.82503291,18.5267086,47.83546829,25.0760231,1.419434732,35.70382233,3.198261738,0.907913782,179.1615692,39894.24531,6,1.3084338125037707
FR_0001321,2001,718.06,986.87,583.82,6.588375664,420.0021606,6.3979,44.4521,932.3826,2103.380387,7.300933215,20.82503291,18.5267086,47.83546829,25.0760231,1.419434732,34.32860794,3.313535452,0.909631799,180.8194641,40712.22344,6,1.2623422387342849
FR_0001321,2002,692.39,1084.92,578.87,6.588375664,438.3423035,6.3979,44.4521,932.3826,2103.380387,7.300933215,20.82503291,18.5267086,47.83546829,25.0760231,1.419434732,35.65903549,3.039690256,0.902995068,178.1441345,41460.75469,6,1.309507896338099
FR_0001321,2003,707.73,1084.55,591.58,6.588375664,428.6631653,6.3979,44.4521,932.3826,2103.380387,7.300933215,20.82503291,18.5267086,47.83546829,25.0760231,1.419434732,35.07323837,3.043160677,0.89528971,178.4396149,41753.30234,6,1.2147278765451015
FR_0001321,2004,713.34,1031.47,594.97,6.588375664,422.6905884,6.3979,44.4521,932.3826,2103.380387,7.300933215,20.82503291,18.5267086,47.83546829,25.0760231,1.419434732,34.40915527,3.091428518,0.885885706,179.4701385,41937.01641,6,1.2119079409658715
FR_0001321,2005,649.39,940.05,590.68,6.588375664,408.6567261,6.3979,44.4521,932.3826,2103.380387,7.300933215,20.82503291,18.5267086,47.83546829,25.0760231,1.419434732,34.45097656,2.981618881,0.885757239,179.7130066,41877.16719,6,1.2198168700946663
FR_0001321,2006,555.05,961.52,596.39,6.588375664,416.9052979,6.3979,44.4521,932.3826,2103.380387,7.300933215,20.82503291,18.5267086,47.83546829,25.0760231,1.419434732,35.6312027,2.99552393,0.877649414,180.1458038,41657.34141,6,1.2329527674565535
FR_0001321,2007,511.04,806.49,603.57,6.588375664,380.3111511,6.3979,44.4521,932.3826,2103.380387,7.300933215,20.82503291,18.5267086,47.83546829,25.0760231,1.419434732,33.36214409,3.089523792,0.873731238,182.7716461,41410.50391,6,1.1657281210970196
FR_0001321,2008,512.44,902.03,588.17,6.588375664,403.743866,6.3979,44.4521,932.3826,2103.380387,7.300933215,20.82503291,18.5267086,47.83546829,25.0760231,1.419434732,33.285429,3.142815351,0.87526875,180.5932037,41040.49219,6,1.2329448101738156
FR_0001321,2009,411.03,950.52,601.6,6.588375664,418.4524353,6.3979,44.4521,932.3826,2103.380387,7.300933215,20.82503291,18.5267086,47.83546829,25.0760231,1.419434732,32.93559532,3.151672602,0.886715222,180.7929565,40711.33828,6,1.23825683334125
FR_0001321,2010,513.04,1014.9,601.66,6.588375664,424.2204407,6.3979,44.4521,932.3826,2103.380387,7.300933215,20.82503291,18.5267086,47.83546829,25.0760231,1.419434732,32.66411858,3.177601337,0.88343634,178.7113037,40595.87266,6,1.2160644038341364
FR_0001321,2011,537.38,1038.66,609.53,6.588375664,442.1083008,6.3979,44.4521,932.3826,2103.380387,7.300933215,20.82503291,18.5267086,47.83546829,25.0760231,1.419434732,32.29508324,3.034517527,0.913470801,178.1519257,40480.76016,6,1.27612985018142
FR_0001321,2012,594.01,1118.72,616.66,6.588375664,456.981012,6.3979,44.4521,932.3826,2103.380387,7.300933215,20.82503291,18.5267086,47.83546829,25.0760231,1.419434732,33.6525238,3.284142733,0.917646655,177.8295471,40523.83594,6,1.278620762745916
FR_0001326,1989,495.53,1025.31,676.95,7.964224815,465.7983704,6.0146,44.0854,6769.47,1558.491649,5.659978083,21.98142945,20.80184174,43.07710648,31.47448158,1.401937404,34.34057198,3.242578745,1.159557813,172.9995514,36715.80781,6,1.2493614161469366
FR_0001326,1990,465.72,1031.47,688.1,7.964224815,477.1169495,6.0146,44.0854,6769.47,1558.491649,5.659978083,21.98142945,20.80184174,43.07710648,31.47448158,1.401937404,34.75025749,3.291941166,1.170857544,172.5219269,37767.87969,6,1.277219899779728
FR_0001326,1991,449.62,1010.26,686.19,7.964224815,467.7727478,6.0146,44.0854,6769.47,1558.491649,5.659978083,21.98142945,20.80184174,43.07710648,31.47448158,1.401937404,36.64280357,3.311313629,1.172939624,173.3960114,38854.83594,6,1.2525806528964507
FR_0001326,1992,458.2,977.57,689.59,7.964224815,467.0288757,6.0146,44.0854,6769.47,1558.491649,5.659978083,21.98142945,20.80184174,43.07710648,31.47448158,1.401937404,36.79793434,3.271308661,1.163823804,173.4444031,39927.18438,6,1.2718572719327879
FR_0001326,1993,458.72,971.96,699.14,7.964224815,477.0281128,6.0146,44.0854,6769.47,1558.491649,5.659978083,21.98142945,20.80184174,43.07710648,31.47448158,1.401937404,36.90505333,3.475496531,1.163312451,174.9234039,40771.8875,6,1.309362330198878
FR_0001326,1994,545.86,1080.44,699.29,7.964224815,498.0263916,6.0146,44.0854,6769.47,1558.491649,5.659978083,21.98142945,20.80184174,43.07710648,31.47448158,1.401937404,38.79594574,3.454563141,1.167600781,173.6612946,41383.05,6,1.3172879266631448
FR_0001326,1995,598.9,1121.38,686.55,7.964224815,509.3575134,6.0146,44.0854,6769.47,1558.491649,5.659978083,21.98142945,20.80184174,43.07710648,31.47448158,1.401937404,39.97534943,3.452590704,1.167116235,173.228537,41906.44844,6,1.377586378085691
FR_0001326,1996,629.97,1195.12,694.82,7.964224815,541.0058899,6.0146,44.0854,6769.47,1558.491649,5.659978083,21.98142945,20.80184174,43.07710648,31.47448158,1.401937404,39.5098053,3.433712959,1.180056665,171.2934479,42362.83203,6,1.4798614754338066
FR_0001326,1997,632.54,1161.1,711.24,7.964224815,532.6315247,6.0146,44.0854,6769.47,1558.491649,5.659978083,21.98142945,20.80184174,43.07710648,31.47448158,1.401937404,37.73675461,3.324053764,1.203593896,173.4158569,42731.53906,6,1.4065057797023575
FR_0001326,1998,609.77,1124.04,718.49,7.964224815,525.8682739,6.0146,44.0854,6769.47,1558.491649,5.659978083,21.98142945,20.80184174,43.07710648,31.47448158,1.401937404,37.50624771,3.430459738,1.211635059,174.6761505,43486.83906,6,1.3812564411627246
FR_0001326,1999,557.1,1099.31,712.25,7.964224815,528.1921692,6.0146,44.0854,6769.47,1558.491649,5.659978083,21.98142945,20.80184174,43.07710648,31.47448158,1.401937404,37.8448616,3.49775362,1.203945679,174.0224213,44326.06484,6,1.4359922650811803
FR_0001326,2000,573.69,1108.76,720.99,7.964224815,534.5976624,6.0146,44.0854,6769.47,1558.491649,5.659978083,21.98142945,20.80184174,43.07710648,31.47448158,1.401937404,37.37692947,3.426062107,1.205765088,174.3176208,45318.28594,6,1.4395985112824565
FR_0001326,2001,588.17,1017.35,718.2,7.964224815,516.2159363,6.0146,44.0854,6769.47,1558.491649,5.659978083,21.98142945,20.80184174,43.07710648,31.47448158,1.401937404,36.88601303,3.514640808,1.20980166,175.6290283,46276.13828,6,1.4357109999226512
FR_0001326,2002,566.16,1108.72,710.85,7.964224815,538.8695618,6.0146,44.0854,6769.47,1558.491649,5.659978083,21.98142945,20.80184174,43.07710648,31.47448158,1.401937404,38.70378494,3.29529047,1.201995703,173.0708496,47208.54063,6,1.4973352974760976
FR_0001326,2003,576.47,1112.68,722.71,7.964224815,529.6381287,6.0146,44.0854,6769.47,1558.491649,5.659978083,21.98142945,20.80184174,43.07710648,31.47448158,1.401937404,37.74046478,3.25100255,1.196015161,173.4611603,47665.22891,6,1.401917074161253
FR_0001326,2004,557.41,1050.46,728.42,7.964224815,513.7847961,6.0146,44.0854,6769.47,1558.491649,5.659978083,21.98142945,20.80184174,43.07710648,31.47448158,1.401937404,36.71071625,3.331074953,1.189979907,174.6623962,48425.41953,6,1.360265139946918
FR_0001326,2005,473.18,969.51,721.28,7.964224815,495.4457214,6.0146,44.0854,6769.47,1558.491649,5.659978083,21.98142945,20.80184174,43.07710648,31.47448158,1.401937404,36.91592255,3.277549505,1.18343855,175.0399506,48995.08359,6,1.3627181555188983
FR_0001326,2006,406.1,983.78,725.93,7.964224815,495.5257202,6.0146,44.0854,6769.47,1558.491649,5.659978083,21.98142945,20.80184174,43.07710648,31.47448158,1.401937404,37.46398163,3.260878563,1.174070972,175.6889771,49272.98828,6,1.3368956976683888
FR_0001331,1989,1023.49,1274.72,435.7,5.970000076,361.5053345,6.1812,45.0396,225.8325,2407.385208,9.733090823,20.90963327,16.02499962,53.08750153,21.52727318,1.6389952,23.87533264,4.744666576,0.617497632,173.5975616,10320.32344,6,1.2471494073340674
FR_0001331,1990,1044.99,1298.18,446.8,5.970000076,374.0760071,6.1812,45.0396,225.8325,2407.385208,9.733090823,20.90963327,16.02499962,53.08750153,21.52727318,1.6389952,24.1568325,4.756638527,0.613221436,172.8930023,10722.25469,6,1.279979261632912
FR_0001331,1991,1047.86,1265.57,436.91,5.970000076,357.6913391,6.1812,45.0396,225.8325,2407.385208,9.733090823,20.90963327,16.02499962,53.08750153,21.52727318,1.6389952,26.27388802,4.752444267,0.618550012,173.7441681,11095.19082,6,1.2140963216372516
FR_0001331,1992,993.23,1237.14,440.24,5.970000076,358.9193298,6.1812,45.0396,225.8325,2407.385208,9.733090823,20.90963327,16.02499962,53.08750153,21.52727318,1.6389952,26.05016632,4.720860958,0.60428811,173.8862183,11455.94941,6,1.2210129785720887
FR_0001331,1993,977.62,1210.93,448.13,5.970000076,368.8940063,6.1812,45.0396,225.8325,2407.385208,9.733090823,20.90963327,16.02499962,53.08750153,21.52727318,1.6389952,26.52333374,4.931416988,0.605965479,175.5173798,11723.03281,6,1.2749815299158136
FR_0001331,1994,1106.63,1325.84,449.15,5.970000076,376.0520142,6.1812,45.0396,225.8325,2407.385208,9.733090823,20.90963327,16.02499962,53.08750153,21.52727318,1.6389952,28.21594505,4.918805599,0.610029749,174.1237152,11931.84238,6,1.269704365415214
FR_0001331,1995,1133.86,1364.95,432.57,5.970000076,379.3393433,6.1812,45.0396,225.8325,2407.385208,9.733090823,20.90963327,16.02499962,53.08750153,21.52727318,1.6389952,29.54672279,4.894249916,0.621661902,173.6813873,12099.81836,6,1.39564843193893
FR_0001331,1996,1109.66,1444.04,437.54,5.970000076,398.8180115,6.1812,45.0396,225.8325,2407.385208,9.733090823,20.90963327,16.02499962,53.08750153,21.52727318,1.6389952,29.78172302,4.858916759,0.619191675,171.89422,12209.42031,6,1.5590777182477669
FR_0001331,1997,1119.53,1402.82,449.36,5.970000076,403.4626831,6.1812,45.0396,225.8325,2407.385208,9.733090823,20.90963327,16.02499962,53.08750153,21.52727318,1.6389952,29.41172295,4.795888901,0.627161902,174.0988312,12308.25098,6,1.517802239568686
FR_0001331,1998,1123.83,1352.28,456.65,5.970000076,395.614679,6.1812,45.0396,225.8325,2407.385208,9.733090823,20.90963327,16.02499962,53.08750153,21.52727318,1.6389952,29.06333351,4.898360729,0.630303565,175.4145538,12476.02793,6,1.3910013075900447
FR_0001331,1999,1060.76,1333.28,453.4,5.970000076,400.9266785,6.1812,45.0396,225.8325,2407.385208,9.733090823,20.90963327,16.02499962,53.08750153,21.52727318,1.6389952,29.14711151,4.956638813,0.62313335,174.6048309,12647.24336,6,1.4881511719179306
FR_0001331,2000,1060.79,1325.76,463.13,5.970000076,409.8586731,6.1812,45.0396,225.8325,2407.385208,9.733090823,20.90963327,16.02499962,53.08750153,21.52727318,1.6389952,28.99583397,4.908055782,0.615946436,174.9206573,12856.20742,6,1.5146348264736396
FR_0001331,2001,1131.0,1240.96,463.82,5.970000076,401.7726685,6.1812,45.0396,225.8325,2407.385208,9.733090823,20.90963327,16.02499962,53.08750153,21.52727318,1.6389952,28.72894478,4.948860645,0.615042847,175.5503784,13093.62559,6,1.470741642963175
FR_0001331,2002,1126.7,1340.42,459.99,5.970000076,407.1266724,6.1812,45.0396,225.8325,2407.385208,9.733090823,20.90963327,16.02499962,53.08750153,21.52727318,1.6389952,29.38672256,4.81400013,0.613916663,172.8882172,13309.76621,6,1.5001962711800738
FR_0001331,2003,1141.03,1346.28,469.74,5.970000076,405.5279968,6.1812,45.0396,225.8325,2407.385208,9.733090823,20.90963327,16.02499962,53.08750153,21.52727318,1.6389952,28.63627892,4.745083332,0.605377393,173.4973297,13397.09629,6,1.4011808585239225
FR_0001331,2004,1109.66,1276.87,473.24,5.970000076,399.4066589,6.1812,45.0396,225.8325,2407.385208,9.733090823,20.90963327,16.02499962,53.08750153,21.52727318,1.6389952,28.29205742,4.810082912,0.578258337,175.180719,13440.84414,6,1.359585651824626
FR_0001331,2005,1010.59,1188.63,473.24,5.970000076,390.9706543,6.1812,45.0396,225.8325,2407.385208,9.733090823,20.90963327,16.02499962,53.08750153,21.52727318,1.6389952,28.09889069,4.765222549,0.560154773,175.7223328,13394.27813,6,1.33898876456937
FR_0001331,2006,966.15,1206.47,482.04,5.970000076,402.2813232,6.1812,45.0396,225.8325,2407.385208,9.733090823,20.90963327,16.02499962,53.08750153,21.52727318,1.6389952,27.99177933,4.771554947,0.535510724,176.8880096,13326.7623,6,1.3767850253744418
FR_0001331,2007,961.85,1088.37,487.13,5.970000076,395.1126404,6.1812,45.0396,225.8325,2407.385208,9.733090823,20.90963327,16.02499962,53.08750153,21.52727318,1.6389952,26.05189056,4.797888756,0.523092865,179.1446198,13262.86055,6,1.3704265772728519
FR_0001336,1989,260.03,730.38,975.73,14.10666733,616.922229,9.4687,42.4479,117.2831,678.2907401,6.115876398,20.73264251,20.47916603,41.25,34.16666794,1.163323779,134.7713013,4.097314835,2.7640854,174.7370392,16358.98242,6,2.3986619084335765
FR_0001336,1990,221.31,785.47,977.89,14.10666733,615.2333496,9.4687,42.4479,117.2831,678.2907401,6.115876398,20.73264251,20.47916603,41.25,34.16666794,1.163323779,133.3114883,4.346666336,2.794828418,175.5355591,19253.41797,6,2.028138255704406
FR_0001336,1991,193.64,776.54,967.07,14.10666733,620.0066895,9.4687,42.4479,117.2831,678.2907401,6.115876398,20.73264251,20.47916603,41.25,34.16666794,1.163323779,141.1633377,4.333425999,2.820418018,176.2377808,22085.91738,6,2.1526813842940844
FR_0001336,1992,216.36,768.98,961.28,14.10666733,642.6244507,9.4687,42.4479,117.2831,678.2907401,6.115876398,20.73264251,20.47916603,41.25,34.16666794,1.163323779,144.3253708,4.395370483,2.850639502,176.0003754,23581.6502,6,2.514620625733342
FR_0001336,1993,248.97,810.02,975.18,14.10666733,646.1200073,9.4687,42.4479,117.2831,678.2907401,6.115876398,20.73264251,20.47916603,41.25,34.16666794,1.163323779,149.370369,4.579074383,2.866220068,176.2914825,24804.86641,6,2.241182364478668
FR_0001336,1994,351.32,825.6,982.62,14.10666733,654.922229,9.4687,42.4479,117.2831,678.2907401,6.115876398,20.73264251,20.47916603,41.25,34.16666794,1.163323779,158.2759201,4.455278397,2.870825635,176.2722229,23111.2918,6,2.234255160186905
FR_0001336,1995,370.69,779.27,968.5,14.10666733,673.6799927,9.4687,42.4479,117.2831,678.2907401,6.115876398,20.73264251,20.47916603,41.25,34.16666794,1.163323779,160.3188843,4.611574173,2.88766875,176.6257416,20748.31973,6,2.9206443946194214
FR_0001336,1996,435.5,817.2,985.24,14.10666733,680.9644287,9.4687,42.4479,117.2831,678.2907401,6.115876398,20.73264251,20.47916603,41.25,34.16666794,1.163323779,157.6174042,4.595277786,2.894779883,175.4077728,18447.53535,6,2.620261280213566
FR_0001336,1997,417.71,789.39,990.01,14.10666733,658.1377686,9.4687,42.4479,117.2831,678.2907401,6.115876398,20.73264251,20.47916603,41.25,34.16666794,1.163323779,151.492218,4.473055363,2.90054248,176.3603668,18028.07441,6,2.481070875677985
FR_0001336,1998,376.22,759.25,990.89,14.10666733,666.1422241,9.4687,42.4479,117.2831,678.2907401,6.115876398,20.73264251,20.47916603,41.25,34.16666794,1.163323779,145.4899933,4.543148041,2.933776465,176.9085175,19319.91074,6,2.9018819787459385
FR_0001336,1999,312.59,787.65,992.11,14.10666733,671.6444458,9.4687,42.4479,117.2831,678.2907401,6.115876398,20.73264251,20.47916603,41.25,34.16666794,1.163323779,146.6374054,4.600832939,2.914509766,176.8740723,20026.34863,6,2.6966007661079336
FR_0001336,2000,319.0,830.04,1000.11,14.10666733,661.4755737,9.4687,42.4479,117.2831,678.2907401,6.115876398,20.73264251,20.47916603,41.25,34.16666794,1.163323779,150.648703,4.362406731,2.899061182,176.5183319,22917.70742,6,2.23183045292407
FR_0001336,2001,243.44,759.02,995.44,14.10666733,632.8577881,9.4687,42.4479,117.2831,678.2907401,6.115876398,20.73264251,20.47916603,41.25,34.16666794,1.163323779,144.3492584,4.707407475,2.898107031,178.6311127,26176.96055,6,2.3400930344942323
FR_0001336,2002,240.67,800.97,990.68,14.10666733,660.7755615,9.4687,42.4479,117.2831,678.2907401,6.115876398,20.73264251,20.47916603,41.25,34.16666794,1.163323779,141.4877808,4.113426208,2.865355566,177.2361115,24770.30039,6,2.431140075686278
FR_0001336,2003,235.14,796.14,1001.63,14.10666733,635.3,9.4687,42.4479,117.2831,678.2907401,6.115876398,20.73264251,20.47916603,41.25,34.16666794,1.163323779,140.2557465,4.60583353,2.858482666,177.3677795,23312.75352,6,2.1220932756181043
FR_0001336,2004,235.78,789.13,1002.11,14.10666733,634.5333374,9.4687,42.4479,117.2831,678.2907401,6.115876398,20.73264251,20.47916603,41.25,34.16666794,1.163323779,141.1151886,4.495370388,2.865169531,176.4948151,22996.625,6,2.150444322100875
FR_0001336,2005,287.7,760.75,999.44,14.10666733,637.6511108,9.4687,42.4479,117.2831,678.2907401,6.115876398,20.73264251,20.47916603,41.25,34.16666794,1.163323779,140.572406,4.375370502,2.855274268,176.3344421,20859.90898,6,2.3804883701396817
FR_0001336,2006,268.33,747.58,999.54,14.10666733,634.4400146,9.4687,42.4479,117.2831,678.2907401,6.115876398,20.73264251,20.47916603,41.25,34.16666794,1.163323779,139.5918503,4.388796329,2.871671436,175.9688873,19663.32109,6,2.4396333105619994
FR_0001336,2007,298.76,683.63,1006.86,14.10666733,601.5133545,9.4687,42.4479,117.2831,678.2907401,6.115876398,20.73264251,20.47916603,41.25,34.16666794,1.163323779,136.5420349,4.542407036,2.882215918,176.9596313,19854.6957,6,2.5088127979534125
FR_0001336,2008,490.98,767.49,992.38,14.10666733,630.7689087,9.4687,42.4479,117.2831,678.2907401,6.115876398,20.73264251,20.47916603,41.25,34.16666794,1.163323779,143.9492584,4.448518753,2.845056152,175.3124054,20309.83086,6,2.263336226157154
FR_0001336,2009,517.3,757.09,999.57,14.10666733,625.0555664,9.4687,42.4479,117.2831,678.2907401,6.115876398,20.73264251,20.47916603,41.25,34.16666794,1.163323779,140.4175903,4.54611063,2.898828369,175.8225922,20712.95195,6,2.2411840629219846
FR_0001336,2010,514.53,803.1,1001.55,14.10666733,636.1355713,9.4687,42.4479,117.2831,678.2907401,6.115876398,20.73264251,20.47916603,41.25,34.16666794,1.163323779,141.9103729,4.682870388,2.915138867,174.0181488,21393.04453,6,2.095234101532908
FR_0001336,2011,605.82,835.2,1003.38,14.10666733,640.3266846,9.4687,42.4479,117.2831,678.2907401,6.115876398,20.73264251,20.47916603,41.25,34.16666794,1.163323779,145.1635208,4.343055248,2.9169521,173.7255585,20664.09922,6,1.985442656167907
FR_0001336,2012,624.13,864.17,1003.97,14.10666733,657.8666748,9.4687,42.4479,117.2831,678.2907401,6.115876398,20.73264251,20.47916603,41.25,34.16666794,1.163323779,155.1320374,4.636481285,2.961659082,173.6709259,21519.6707,6,2.0263443506795444
FR_0001337,1989,682.03,822.92,687.25,12.32330456,475.8490601,7.5146,43.9396,445.189,1446.092144,6.450871793,26.58896046,19.90625,44.92856979,31.90952301,1.472996593,90.75416718,2.479305744,1.607667627,176.2486145,13524.98906,6,1.5353169527041308
FR_0001337,1990,610.2,827.27,696.74,12.32330456,480.6128845,7.5146,43.9396,445.189,1446.092144,6.450871793,26.58896046,19.90625,44.92856979,31.90952301,1.472996593,88.75325317,2.749701977,1.617097681,176.3365509,13991.35996,6,1.5349782332332431
FR_0001337,1991,579.41,835.43,694.12,12.32330456,483.4081238,7.5146,43.9396,445.189,1446.092144,6.450871793,26.58896046,19.90625,44.92856979,31.90952301,1.472996593,96.43876801,2.718194246,1.611883667,177.0673462,14425.98926,6,1.5478476060085031
FR_0001337,1992,577.57,814.54,698.18,12.32330456,493.8295593,7.5146,43.9396,445.189,1446.092144,6.450871793,26.58896046,19.90625,44.92856979,31.90952301,1.472996593,100.0514267,2.818154573,1.617283496,177.0043335,14850.20508,6,1.656450851252988
FR_0001337,1993,645.77,824.92,706.34,12.32330456,496.4262268,7.5146,43.9396,445.189,1446.092144,6.450871793,26.58896046,19.90625,44.92856979,31.90952301,1.472996593,100.4022614,2.936567307,1.618137817,178.0583832,15187.47793,6,1.6295389076894065
FR_0001337,1994,738.12,907.18,708.15,12.32330456,511.9233582,7.5146,43.9396,445.189,1446.092144,6.450871793,26.58896046,19.90625,44.92856979,31.90952301,1.472996593,107.9503967,2.722202063,1.629013647,177.1933472,15428.84863,6,1.5889994608410016
FR_0001337,1995,783.95,943.68,695.77,12.32330456,535.7457214,7.5146,43.9396,445.189,1446.092144,6.450871793,26.58896046,19.90625,44.92856979,31.90952301,1.472996593,113.7921036,2.806349039,1.648758716,176.7827484,15657.78789,6,1.7613378002397977
FR_0001337,1996,867.73,982.12,703.59,12.32330456,547.5419067,7.5146,43.9396,445.189,1446.092144,6.450871793,26.58896046,19.90625,44.92856979,31.90952301,1.472996593,111.6717865,2.805515766,1.672230273,174.8788574,15824.70273,6,1.7621220890764278
FR_0001337,1997,881.78,947.95,716.98,12.32330456,537.7795166,7.5146,43.9396,445.189,1446.092144,6.450871793,26.58896046,19.90625,44.92856979,31.90952301,1.472996593,106.225795,2.74148798,1.690254858,176.7072693,15973.2373,6,1.6867615299696426
FR_0001337,1998,820.89,925.11,720.02,12.32330456,540.2309448,7.5146,43.9396,445.189,1446.092144,6.450871793,26.58896046,19.90625,44.92856979,31.90952301,1.472996593,105.8169434,2.732321501,1.703208862,177.6458771,16246.22578,6,1.7369198045915983
FR_0001337,1999,788.74,893.9,715.09,12.32330456,536.4395264,7.5146,43.9396,445.189,1446.092144,6.450871793,26.58896046,19.90625,44.92856979,31.90952301,1.472996593,105.2724182,2.6959126,1.69780188,177.4135742,16533.12969,6,1.7864765951782104
FR_0001337,2000,896.54,920.57,723.65,12.32330456,538.1104858,7.5146,43.9396,445.189,1446.092144,6.450871793,26.58896046,19.90625,44.92856979,31.90952301,1.472996593,104.5070618,2.593313217,1.692884351,177.6006012,16826.13535,6,1.714616587294998
FR_0001337,2001,907.77,824.75,724.14,12.32330456,520.8742859,7.5146,43.9396,445.189,1446.092144,6.450871793,26.58896046,19.90625,44.92856979,31.90952301,1.472996593,98.88928528,2.856190443,1.69901665,179.9090515,17138.00391,6,1.7737550634796624
FR_0001337,2002,937.87,906.28,713.22,12.32330456,542.2804749,7.5146,43.9396,445.189,1446.092144,6.450871793,26.58896046,19.90625,44.92856979,31.90952301,1.472996593,102.9892456,2.266607046,1.682477661,177.2776245,17404.06133,6,1.8200891604015632
FR_0001337,2003,926.93,887.38,727.36,12.32330456,527.7409546,7.5146,43.9396,445.189,1446.092144,6.450871793,26.58896046,19.90625,44.92856979,31.90952301,1.472996593,99.52916718,2.523749828,1.673381079,177.4238159,17502.49492,6,1.6825431637995882
FR_0001337,2004,899.28,854.86,732.12,12.32330456,522.2580933,7.5146,43.9396,445.189,1446.092144,6.450871793,26.58896046,19.90625,44.92856979,31.90952301,1.472996593,96.95698547,2.475853205,1.661240918,177.6583405,17594.5707,6,1.6896975388749842
FR_0001337,2005,768.9,778.77,722.96,12.32330456,512.0538025,7.5146,43.9396,445.189,1446.092144,6.450871793,26.58896046,19.90625,44.92856979,31.90952301,1.472996593,97.44448547,2.185853243,1.655672607,177.5842926,17609.1207,6,1.8200096972424031
FR_0001337,2006,659.45,798.14,723.17,12.32330456,513.6695313,7.5146,43.9396,445.189,1446.092144,6.450871793,26.58896046,19.90625,44.92856979,31.90952301,1.472996593,101.4245651,2.276369095,1.658367407,177.4588165,17559.34883,6,1.7808580365040152
FR_0001337,2007,547.95,657.18,733.15,12.32330456,480.84953,7.5146,43.9396,445.189,1446.092144,6.450871793,26.58896046,19.90625,44.92856979,31.90952301,1.472996593,95.10579529,2.458035707,1.664255371,180.1681,17589.96875,6,1.9028994307530205
FR_0001337,2008,592.66,739.68,719.48,12.32330456,505.305249,7.5146,43.9396,445.189,1446.092144,6.450871793,26.58896046,19.90625,44.92856979,31.90952301,1.472996593,97.07639008,2.555773735,1.634124414,178.1520294,17492.88281,6,1.8885324672950108
FR_0001339,1989,1294.64,1224.87,479.59,5.719999886,373.0616638,6.1521,44.8229,133.0417,2257.8423,9.705463859,18.17483337,15.73750019,51.30625153,24.85124016,1.337496783,23.62333298,4.361110687,0.649861572,173.0732025,8080.960938,6,1.1580469513580784
FR_0001339,1990,1261.44,1234.59,491.18,5.719999886,381.4083313,6.1521,44.8229,133.0417,2257.8423,9.705463859,18.17483337,15.73750019,51.30625153,24.85124016,1.337496783,23.90694466,4.382986546,0.674818066,172.4138916,8432.940723,6,1.163519284268578
FR_0001339,1991,1232.99,1210.82,482.58,5.719999886,370.0433289,6.1521,44.8229,133.0417,2257.8423,9.705463859,18.17483337,15.73750019,51.30625153,24.85124016,1.337496783,25.91472206,4.388819695,0.687972229,173.2318054,8781.915527,6,1.1354360072956393
FR_0001339,1992,1269.65,1174.54,486.45,5.719999886,368.7333374,6.1521,44.8229,133.0417,2257.8423,9.705463859,18.17483337,15.73750019,51.30625153,24.85124016,1.337496783,25.4955555,4.352569103,0.689947705,173.2973633,9109.916602,6,1.1324014325039926
FR_0001339,1993,1278.04,1157.04,495.66,5.719999886,380.475,6.1521,44.8229,133.0417,2257.8423,9.705463859,18.17483337,15.73750019,51.30625153,24.85124016,1.337496783,25.89749947,4.570138931,0.700486597,174.8638916,9363.152734,6,1.182236561741669
FR_0001339,1994,1334.94,1280.49,496.16,5.719999886,392.5883423,6.1521,44.8229,133.0417,2257.8423,9.705463859,18.17483337,15.73750019,51.30625153,24.85124016,1.337496783,27.54013786,4.555416584,0.697691687,173.5290314,9564.187109,6,1.193725116416836
FR_0001339,1995,1313.6,1330.9,479.49,5.719999886,402.0200073,6.1521,44.8229,133.0417,2257.8423,9.705463859,18.17483337,15.73750019,51.30625153,24.85124016,1.337496783,28.76805382,4.527638912,0.6821625,173.0719513,9731.049414,6,1.3158595201220773
FR_0001339,1996,1279.16,1412.92,485.84,5.719999886,426.105011,6.1521,44.8229,133.0417,2257.8423,9.705463859,18.17483337,15.73750019,51.30625153,24.85124016,1.337496783,28.83541489,4.501735687,0.6859125,171.1768158,9845.363867,6,1.4582123945219962
FR_0001339,1997,1240.1,1373.85,498.81,5.719999886,430.8083374,6.1521,44.8229,133.0417,2257.8423,9.705463859,18.17483337,15.73750019,51.30625153,24.85124016,1.337496783,28.3493042,4.426111221,0.701079175,173.3794495,9913.951367,6,1.4340345218650123
FR_0001339,1998,1161.85,1326.6,505.75,5.719999886,421.5250122,6.1521,44.8229,133.0417,2257.8423,9.705463859,18.17483337,15.73750019,51.30625153,24.85124016,1.337496783,28.09860992,4.521944523,0.695541675,174.6959747,10108.8918,6,1.336371724969653
FR_0001339,1999,1152.37,1294.67,501.93,5.719999886,422.7700012,6.1521,44.8229,133.0417,2257.8423,9.705463859,18.17483337,15.73750019,51.30625153,24.85124016,1.337496783,28.11902695,4.589999676,0.679520837,173.9234741,10332.6334,6,1.386782509284697
FR_0001339,2000,1188.81,1301.07,510.86,5.719999886,431.3133362,6.1521,44.8229,133.0417,2257.8423,9.705463859,18.17483337,15.73750019,51.30625153,24.85124016,1.337496783,28.0470829,4.536944866,0.675705103,174.2637512,10681.54199,6,1.4058976879983622
FR_0001339,2001,1306.49,1199.44,510.04,5.719999886,415.7133362,6.1521,44.8229,133.0417,2257.8423,9.705463859,18.17483337,15.73750019,51.30625153,24.85124016,1.337496783,27.86166611,4.59236145,0.6800125,175.2665283,11046.78555,6,1.345009994267388
FR_0001339,2002,1270.92,1300.93,504.94,5.719999886,423.4983398,6.1521,44.8229,133.0417,2257.8423,9.705463859,18.17483337,15.73750019,51.30625153,24.85124016,1.337496783,28.74416504,4.431527615,0.667543982,172.6213898,11454.68301,6,1.3720492221770815
FR_0001339,2003,1273.3,1311.8,515.83,5.719999886,421.4416748,6.1521,44.8229,133.0417,2257.8423,9.705463859,18.17483337,15.73750019,51.30625153,24.85124016,1.337496783,28.15944328,4.362291813,0.660887976,173.1075012,11669.51426,6,1.2939335074810607
FR_0001339,2004,1269.65,1245.26,518.68,5.719999886,415.6716797,6.1521,44.8229,133.0417,2257.8423,9.705463859,18.17483337,15.73750019,51.30625153,24.85124016,1.337496783,28.03472137,4.430764198,0.646675024,174.6011139,11868.73652,6,1.2771185368743792
FR_0001339,2005,1147.63,1148.48,517.57,5.719999886,402.2150085,6.1521,44.8229,133.0417,2257.8423,9.705463859,18.17483337,15.73750019,51.30625153,24.85124016,1.337496783,27.83763809,4.380902767,0.63563335,175.0602814,11880.25293,6,1.2479823712577554
FR_0001339,2006,1029.07,1171.14,524.79,5.719999886,412.7833435,6.1521,44.8229,133.0417,2257.8423,9.705463859,18.17483337,15.73750019,51.30625153,24.85124016,1.337496783,27.74333267,4.384513378,0.605847705,175.9794464,11840.59492,6,1.2769973787697289
FR_0001339,2007,915.26,1031.46,530.83,5.719999886,393.9533447,6.1521,44.8229,133.0417,2257.8423,9.705463859,18.17483337,15.73750019,51.30625153,24.85124016,1.337496783,25.59902802,4.413819313,0.594979175,178.3204224,11790.34297,6,1.2280881347305581
FR_0001339,2008,986.71,1131.94,515.43,5.719999886,416.1083496,6.1521,44.8229,133.0417,2257.8423,9.705463859,18.17483337,15.73750019,51.30625153,24.85124016,1.337496783,25.35944405,4.476597309,0.582604627,176.0030609,11713.12031,6,1.369225252474992
JP_0000566,1997,1054.527798,1427.871361,659.6261475,8.112795426,619.4220581,137.9267,36.3956,2208.34,1307.954159,5.100955513,36.88233951,16.18660736,41.28125,40.09591675,1.995861072,33.1899086,3.787982273,2.100663403,157.3311554,72733.16094,6,2.3682211498617995
JP_0000566,2006,1710.156125,1576.891769,685.8034546,8.112795426,661.3697266,137.9267,36.3956,2208.34,1307.954159,5.100955513,36.88233951,16.18660736,41.28125,40.09591675,1.995861072,34.38250046,3.739701653,2.073895947,155.2099396,76412.59063,6,2.7211821930340014
JP_0000566,2007,1619.167771,1540.388776,689.0741943,8.112795426,663.4958496,137.9267,36.3956,2208.34,1307.954159,5.100955513,36.88233951,16.18660736,41.28125,40.09591675,1.995861072,34.23888397,3.71849761,2.09212666,156.0037354,75444.65,6,2.748714115202168
JP_0000566,2008,1485.640836,1509.706531,703.4931885,8.112795426,675.1839478,137.9267,36.3956,2208.34,1307.954159,5.100955513,36.88233951,16.18660736,41.28125,40.09591675,1.995861072,34.10690613,3.708881378,2.107284473,158.2510986,74095.08281,6,2.770807246915202
JP_0000566,2009,1347.121688,1509.518027,696.0231201,8.112795426,670.6329224,137.9267,36.3956,2208.34,1307.954159,5.100955513,36.88233951,16.18660736,41.28125,40.09591675,1.995861072,34.10725708,3.704564524,2.085011328,156.9350098,72377.85,6,2.837239038750104
JP_0000566,2010,1446.613812,1596.110204,693.5913574,8.112795426,667.4634033,137.9267,36.3956,2208.34,1307.954159,5.100955513,36.88233951,16.18660736,41.28125,40.09591675,1.995861072,34.4291214,3.708094025,2.10912124,154.0440857,70735.12344,6,2.670546969807002
JP_0000566,2011,1440.717449,1572.72415,696.4395996,8.112795426,673.7944946,137.9267,36.3956,2208.34,1307.954159,5.100955513,36.88233951,16.18660736,41.28125,40.09591675,1.995861072,34.66149063,3.736811209,2.105681519,154.5239655,69343.10313,6,2.844248822177706
JP_0000566,2012,1464.308638,1597.34034,688.2450439,8.112795426,666.119873,137.9267,36.3956,2208.34,1307.954159,5.100955513,36.88233951,16.18660736,41.28125,40.09591675,1.995861072,35.03801041,3.769801569,2.092169702,153.4446259,68727.87656,6,2.79010242066303
JP_0000566,2013,1546.550112,1632.737551,687.2230103,8.112795426,663.2994019,137.9267,36.3956,2208.34,1307.954159,5.100955513,36.88233951,16.18660736,41.28125,40.09591675,1.995861072,35.03019257,3.827658653,2.104396021,154.0179962,68629.72656,6,2.669903866324366
JP_0000566,2014,1562.580792,1653.89517,682.7898926,8.112795426,661.9505005,137.9267,36.3956,2208.34,1307.954159,5.100955513,36.88233951,16.18660736,41.28125,40.09591675,1.995861072,35.26937103,3.839701176,2.12225481,154.8163361,68339.23125,6,2.7392720769096846
JP_0000574,1997,2475.226857,1547.457222,614.3830566,8.481624151,591.9172363,137.8706,36.9864,693.8472,1108.02261,6.490064023,37.75848457,15.01785755,41.9146843,40.73015976,1.757402188,39.32942123,4.82240963,1.787181665,150.2195831,210272.1938,6,2.513017226804276
JP_0000574,2006,2591.716787,1735.091111,653.7849976,8.481624151,641.6441772,137.8706,36.9864,693.8472,1108.02261,6.490064023,37.75848457,15.01785755,41.9146843,40.73015976,1.757402188,39.62344894,4.904071617,1.765098511,148.2757843,240859.475,6,2.940912051186879
JP_0000574,2007,2414.750792,1674.046389,653.1975098,8.481624151,641.5941772,137.8706,36.9864,693.8472,1108.02261,6.490064023,37.75848457,15.01785755,41.9146843,40.73015976,1.757402188,39.71113358,4.871752167,1.773967822,149.0438416,267416.9063,6,3.056750605018703
JP_0000575,1997,1813.928106,1741.893143,529.6560181,9.986738009,518.3931335,137.3431,36.5756,345.0137,1385.825067,6.787901927,36.92033171,17.74583244,39.28749847,40.14761734,1.023447387,39.63481293,5.273818874,2.027438892,150.4204742,29488.72344,6,2.450452729382157
JP_0000575,2006,1935.718114,1928.717143,563.9348511,9.986738009,558.9445679,137.3431,36.5756,345.0137,1385.825067,6.787901927,36.92033171,17.74583244,39.28749847,40.14761734,1.023447387,39.90057297,5.294437981,1.941891748,148.5415253,30991.0875,6,2.9503366453775217
JP_0000575,2007,1925.641519,1867.901714,562.7377075,9.986738009,558.2685669,137.3431,36.5756,345.0137,1385.825067,6.787901927,36.92033171,17.74583244,39.28749847,40.14761734,1.023447387,39.92323914,5.263695145,1.945540137,149.2357147,30629.15313,6,3.07944181143287
JP_0000575,2008,1831.348855,1818.129714,575.6834229,9.986738009,570.6171509,137.3431,36.5756,345.0137,1385.825067,6.787901927,36.92033171,17.74583244,39.28749847,40.14761734,1.023447387,39.8433342,5.253152275,1.939711816,151.6587585,30064.86563,6,3.1124520725736775
JP_0000575,2009,1736.765975,1813.274286,566.6211426,9.986738009,560.4720093,137.3431,36.5756,345.0137,1385.825067,6.787901927,36.92033171,17.74583244,39.28749847,40.14761734,1.023447387,39.74557266,5.252652168,1.905148462,150.4590454,29310.23438,6,2.9424077744829757
JP_0000575,2010,1726.59472,1903.882286,563.4697144,9.986738009,555.6097168,137.3431,36.5756,345.0137,1385.825067,6.787901927,36.92033171,17.74583244,39.28749847,40.14761734,1.023447387,39.64085846,5.252604675,1.92846062,147.6865204,28597.71523,6,2.678506519430839
JP_0000575,2011,1681.007883,1875.859429,566.024585,9.986738009,559.7348755,137.3431,36.5756,345.0137,1385.825067,6.787901927,36.92033171,17.74583244,39.28749847,40.14761734,1.023447387,39.78228683,5.28153801,1.931656714,147.8100952,27906.88477,6,2.8603148529250593
JP_0000575,2012,1694.178066,1907.568571,561.6703125,9.986738009,554.9628784,137.3431,36.5756,345.0137,1385.825067,6.787901927,36.92033171,17.74583244,39.28749847,40.14761734,1.023447387,39.77485886,5.317999935,1.914180005,146.8726196,27391.89219,6,2.769603769811649
JP_0000575,2013,1794.463389,1990.033714,557.8068848,9.986738009,550.4423096,137.3431,36.5756,345.0137,1385.825067,6.787901927,36.92033171,17.74583244,39.28749847,40.14761734,1.023447387,39.73881073,5.384509468,1.936821069,146.829718,27069.35664,6,2.6246360537209674
JP_0000575,2014,1793.010424,2017.179429,554.8948853,9.986738009,549.3400146,137.3431,36.5756,345.0137,1385.825067,6.787901927,36.92033171,17.74583244,39.28749847,40.14761734,1.023447387,39.96100082,5.395071507,1.947020483,147.580722,26627.22383,6,2.7646220083520534
MW_0000032,1989,965.37,1853.06,1208.33,23.02106552,961.8500366,35.4729,-16.1021,321.6312,1054.793484,6.47298866,26.00507503,35.66999817,25.38500023,18.90625,2.305337028,71.60475082,1.804499984,2.160777637,195.8673279,865.4707031,6,1.7177137336488244
MW_0000032,1990,974.05,1687.87,1230.13,23.02106552,951.8980469,35.4729,-16.1021,321.6312,1054.793484,6.47298866,26.00507503,35.66999817,25.38500023,18.90625,2.305337028,70.56291885,1.746624947,2.136086279,199.0586639,1018.95177,6,1.7646447588196315
MW_0000032,1991,963.44,1624.18,1237.66,23.02106552,942.1580566,35.4729,-16.1021,321.6312,1054.793484,6.47298866,26.00507503,35.66999817,25.38500023,18.90625,2.305337028,69.12708206,1.776041627,2.130850684,199.3671692,1267.144055,6,1.765775135498721
MX_0000016,1989,281.31,1019.66,1462.42,22.80897598,918.5392578,-106.9729,24.9312,2262.724,1211.855345,5.681489037,23.64072032,25.38476563,46.27408981,26.74088478,1.574833862,168.4611267,1.905040383,2.584278076,205.9499207,840.0177979,6,2.891283259194736
MX_0000016,1990,309.31,1104.2,1465.94,22.80897598,912.6734619,-106.9729,24.9312,2262.724,1211.855345,5.681489037,23.64072032,25.38476563,46.27408981,26.74088478,1.574833862,171.251059,1.915722251,2.589561865,205.4070801,850.2359253,6,2.235124116035574
MX_0000016,1991,335.2,1157.09,1476.27,22.80897598,928.4453369,-106.9729,24.9312,2262.724,1211.855345,5.681489037,23.64072032,25.38476563,46.27408981,26.74088478,1.574833862,186.2119385,1.993762612,2.602063623,205.8750916,875.5462769,6,2.1237743693415796
MX_0000016,1992,373.09,1195.76,1478.65,22.80897598,967.7103271,-106.9729,24.9312,2262.724,1211.855345,5.681489037,23.64072032,25.38476563,46.27408981,26.74088478,1.574833862,195.4654449,1.915676832,2.612080322,205.2992859,912.691626,6,2.2719055876418026
MX_0000016,1993,355.75,1190.72,1487.12,22.80897598,978.009729,-106.9729,24.9312,2262.724,1211.855345,5.681489037,23.64072032,25.38476563,46.27408981,26.74088478,1.574833862,186.9618835,1.948621154,2.614831006,205.6784668,957.8008545,6,2.361543693574916
MX_0000016,1994,352.79,1188.96,1488.97,22.80897598,975.0889038,-106.9729,24.9312,2262.724,1211.855345,5.681489037,23.64072032,25.38476563,46.27408981,26.74088478,1.574833862,180.616449,1.889696836,2.6017854,205.286142,1004.816638,6,2.3404061865706676
MX_0000016,1995,258.65,1014.54,1498.75,22.80897598,915.7353149,-106.9729,24.9312,2262.724,1211.855345,5.681489037,23.64072032,25.38476563,46.27408981,26.74088478,1.574833862,160.2442535,1.894252658,2.583347217,206.993869,1042.184937,6,2.8115046621206363
MX_0000016,1996,256.96,979.83,1496.13,22.80897598,882.2630615,-106.9729,24.9312,2262.724,1211.855345,5.681489037,23.64072032,25.38476563,46.27408981,26.74088478,1.574833862,147.6949585,1.875504971,2.586023682,207.4746368,1066.828333,6,2.6692785010752034
MX_0000016,1997,284.54,1000.69,1494.37,22.80897598,903.348645,-106.9729,24.9312,2262.724,1211.855345,5.681489037,23.64072032,25.38476563,46.27408981,26.74088478,1.574833862,137.2463013,1.9476614,2.60922085,207.7743622,1097.760498,6,2.7758247566022467
MX_0000016,1998,300.87,965.46,1503.21,22.80897598,886.9705688,-106.9729,24.9312,2262.724,1211.855345,5.681489037,23.64072032,25.38476563,46.27408981,26.74088478,1.574833862,137.8908188,2.015237331,2.607720947,208.9060944,1126.791089,6,2.892045397946664
MX_0000016,1999,354.9,910.37,1508.15,22.80897598,855.0623047,-106.9729,24.9312,2262.724,1211.855345,5.681489037,23.64072032,25.38476563,46.27408981,26.74088478,1.574833862,131.5822205,1.955722332,2.556696875,210.9667938,1133.992798,6,3.070738112912145
NO_0000045,1989,1778.17,2217.17,382.84,3.317777872,375.1175049,6.4292,60.3208,41.1482,1055.494483,4.958112979,25.95274969,6.458333492,75.95833588,11.33333302,1.951585114,25.00958405,5.334999561,0.418786102,99.93083496,1497.615527,6,1.8543050133063614
NO_0000045,1990,2006.15,2431.37,403.97,3.317777872,393.0350098,6.4292,60.3208,41.1482,1055.494483,4.958112979,25.95274969,6.458333492,75.95833588,11.33333302,1.951585114,24.91937561,5.403957844,0.445374988,99.95333557,1561.623511,6,1.695979560892594
NO_0000045,1991,1975.75,2387.41,406.71,3.317777872,395.7025146,6.4292,60.3208,41.1482,1055.494483,4.958112979,25.95274969,6.458333492,75.95833588,11.33333302,1.951585114,24.90770874,5.016250134,0.48249444,101.6293777,1571.194727,6,1.7139385152079858
NO_0000045,1992,2072.6,2606.79,418.19,3.317777872,403.4400146,6.4292,60.3208,41.1482,1055.494483,4.958112979,25.95274969,6.458333492,75.95833588,11.33333302,1.951585114,24.83604202,5.065208435,0.46969444,101.8381287,1658.440845,6,1.559704240702716
NO_0000045,1993,2097.33,2538.74,419.25,3.317777872,406.8575134,6.4292,60.3208,41.1482,1055.494483,4.958112979,25.95274969,6.458333492,75.95833588,11.33333302,1.951585114,24.84541702,5.028645515,0.469925,103.5429214,1749.895996,6,1.6538011680097449
NO_0000045,1994,1922.56,2464.71,409.14,3.317777872,394.1025085,6.4292,60.3208,41.1482,1055.494483,4.958112979,25.95274969,6.458333492,75.95833588,11.33333302,1.951585114,24.5875,5.106666565,0.440641675,104.6685471,1844.264111,6,1.5638313309416878
NO_0000127,1989,1259.97,1168.06,317.76,2.561666489,311.5671448,8.7292,62.6083,82.8558,1186.575581,6.539163338,25.71810064,9.607142448,77.05357361,11.40816307,1.087066355,29.54059486,5.296190739,0.345609509,99.0200058,2334.010986,6,2.344940400397095
NO_0000127,1990,1315.07,1193.35,320.02,2.561666489,311.8914307,8.7292,62.6083,82.8558,1186.575581,6.539163338,25.71810064,9.607142448,77.05357361,11.40816307,1.087066355,29.51618996,5.258571148,0.339690472,99.04524384,2423.769824,6,2.1707676460642267
NO_0000127,1991,1296.7,1210.49,312.5,2.561666489,302.9457153,8.7292,62.6083,82.8558,1186.575581,6.539163338,25.71810064,9.607142448,77.05357361,11.40816307,1.087066355,29.45142822,4.87315464,0.3385107,98.40726929,2435.533105,6,2.021110654246795
NO_0000127,1992,1344.46,1247.43,324.58,2.561666489,313.3485718,8.7292,62.6083,82.8558,1186.575581,6.539163338,25.71810064,9.607142448,77.05357361,11.40816307,1.087066355,29.1783329,4.982023716,0.345509515,99.55274658,2541.320313,6,1.9599148413955612
NO_0000127,1993,1311.4,1201.84,318.82,2.561666489,310.0400085,8.7292,62.6083,82.8558,1186.575581,6.539163338,25.71810064,9.607142448,77.05357361,11.40816307,1.087066355,29.26071396,4.906012058,0.335564276,98.78381653,2667.658057,6,2.1110989936472793
NO_0000127,1994,1226.91,1157.12,317.86,2.561666489,302.7657166,8.7292,62.6083,82.8558,1186.575581,6.539163338,25.71810064,9.607142448,77.05357361,11.40816307,1.087066355,29.13821449,4.921131134,0.337182141,99.73952789,2792.499609,6,1.8350479682245746
NO_0000127,1995,1226.91,1117.83,313.86,2.561666489,300.8071411,8.7292,62.6083,82.8558,1186.575581,6.539163338,25.71810064,9.607142448,77.05357361,11.40816307,1.087066355,29.169524,5.068154335,0.345057135,100.0238159,2886.584375,6,1.9347002734356313
NO_0000127,1996,1167.65,1067.54,314.36,2.561666489,301.6842834,8.7292,62.6083,82.8558,1186.575581,6.539163338,25.71810064,9.607142448,77.05357361,11.40816307,1.087066355,29.02952347,4.622975826,0.356211902,101.1660767,2984.620166,6,2.006087415451229
NO_0000130,1989,2297.42,1373.76,379.17,4.840833473,370.4299988,7.95,62.5833,44.1679,865.9632882,6.420892392,25.41551324,8.40625,77.53125,11.35483837,2.401717623,34.95277786,5.589722157,0.452341669,98.01500092,1047.54436,6,2.2641676670999855
NO_0000130,1990,2568.54,1418.36,387.67,4.840833473,375.1499939,7.95,62.5833,44.1679,865.9632882,6.420892392,25.41551324,8.40625,77.53125,11.35483837,2.401717623,34.86333389,5.499305248,0.473933337,97.97722168,1084.197437,6,2.0531759077462475
NO_0000130,1991,2668.43,1434.4,382.58,4.840833473,368.5099854,7.95,62.5833,44.1679,865.9632882,6.420892392,25.41551324,8.40625,77.53125,11.35483837,2.401717623,34.6886116,5.101388454,0.481441669,97.44694672,1093.115063,6,1.951392363503793
NO_0000130,1992,2690.05,1487.9,394.93,4.840833473,378.5366577,7.95,62.5833,44.1679,865.9632882,6.420892392,25.41551324,8.40625,77.53125,11.35483837,2.401717623,34.19694443,5.254860878,0.500200006,98.35861206,1137.372974,6,1.877695126341396
NO_0000130,1993,2696.97,1430.01,388.51,4.840833473,374.8866577,7.95,62.5833,44.1679,865.9632882,6.420892392,25.41551324,8.40625,77.53125,11.35483837,2.401717623,34.30277786,5.102361202,0.513450006,97.6616684,1193.166577,6,1.998599626387809
NO_0000130,1994,2575.68,1375.39,384.14,4.840833473,365.1466614,7.95,62.5833,44.1679,865.9632882,6.420892392,25.41551324,8.40625,77.53125,11.35483837,2.401717623,34.21888809,5.129027843,0.494183337,98.70805817,1250.386841,6,1.8280848251454118
NO_0000130,1995,2447.25,1322.81,374.56,4.840833473,359.9333313,7.95,62.5833,44.1679,865.9632882,6.420892392,25.41551324,8.40625,77.53125,11.35483837,2.401717623,34.43527603,5.296944618,0.503516675,98.97722626,1299.329541,6,1.98110604228416
NO_0000130,1996,2303.71,1264.9,369.38,4.840833473,355.0100037,7.95,62.5833,44.1679,865.9632882,6.420892392,25.41551324,8.40625,77.53125,11.35483837,2.401717623,34.27333145,4.765277386,0.514041675,100.0477783,1349.801245,6,2.0182842859876944
NZ_0000015,1989,1621.53,1782.03,803.15,9.043333435,778.5099976,175.5896,-39.0479,29.2006,1027.932915,9.469632149,33.86396212,7.625,65.625,24.8571434,3.103667259,81.96916809,4.008749485,3.708812451,162.0766693,946.2056519,6,2.9408536252113042
NZ_0000015,1990,1711.0,1790.03,806.08,9.043333435,771.5099976,175.5896,-39.0479,29.2006,1027.932915,9.469632149,33.86396212,7.625,65.625,24.8571434,3.103667259,80.50750122,4.065416813,3.68344585,162.6158356,983.0306396,6,2.633295779030057
NZ_0000015,1991,1744.54,1810.92,805.72,9.043333435,776.3699951,175.5896,-39.0479,29.2006,1027.932915,9.469632149,33.86396212,7.625,65.625,24.8571434,3.103667259,80.59000092,4.186666489,3.632702051,163.2375031,1014.199438,6,2.7531807480787944
NZ_0000015,1992,1850.25,1884.7,796.29,9.043333435,773.1599976,175.5896,-39.0479,29.2006,1027.932915,9.469632149,33.86396212,7.625,65.625,24.8571434,3.103667259,81.69916687,4.189167023,3.610639502,161.7000031,1049.064587,6,2.832957629359342
NZ_0000015,1993,1722.18,1813.91,788.88,9.043333435,765.35,175.5896,-39.0479,29.2006,1027.932915,9.469632149,33.86396212,7.625,65.625,24.8571434,3.103667259,80.86166534,4.004166603,3.596385352,162.5516693,1081.858789,6,2.877960122550619
NZ_0000015,1994,1778.09,1790.89,793.28,9.043333435,767.7800049,175.5896,-39.0479,29.2006,1027.932915,9.469632149,33.86396212,7.625,65.625,24.8571434,3.103667259,81.07499847,4.274999619,3.501908252,164.3783356,1119.036914,6,2.855277675334346
NZ_0000015,1995,1845.19,1852.33,784.18,9.043333435,765.8700073,175.5896,-39.0479,29.2006,1027.932915,9.469632149,33.86396212,7.625,65.625,24.8571434,3.103667259,82.07416534,4.105000496,3.494181201,162.205838,1172.767407,6,3.0269728676274945
NZ_0000015,1996,1906.31,1871.73,781.69,9.043333435,762.6300049,175.5896,-39.0479,29.2006,1027.932915,9.469632149,33.86396212,7.625,65.625,24.8571434,3.103667259,82.68999786,4.219583511,3.51329585,161.1858368,1231.080591,6,2.9559544456230906
NZ_0000015,1997,1800.46,1763.94,789.9,9.043333435,766.3700073,175.5896,-39.0479,29.2006,1027.932915,9.469632149,33.86396212,7.625,65.625,24.8571434,3.103667259,81.15749817,4.079999924,3.5305146,163.6600037,1288.297974,6,2.9515364472207786
NZ_0000015,1998,1934.66,1875.78,798.53,9.043333435,778.6700073,175.5896,-39.0479,29.2006,1027.932915,9.469632149,33.86396212,7.625,65.625,24.8571434,3.103667259,82.26749878,4.177499771,3.568250049,163.268335,1343.15498,6,2.985718236321562
NZ_0000015,1999,1845.19,1859.38,794.25,9.043333435,771.4300049,175.5896,-39.0479,29.2006,1027.932915,9.469632149,33.86396212,7.625,65.625,24.8571434,3.103667259,82.16916656,3.783333063,3.580762549,162.3941681,1392.634399,6,2.867990667988454
NZ_0000015,2000,1760.54,1751.34,795.8,9.043333435,767.3099976,175.5896,-39.0479,29.2006,1027.932915,9.469632149,33.86396212,7.625,65.625,24.8571434,3.103667259,81.11833191,4.057499886,3.5740729,164.1625,1431.302686,6,2.81884345794957
NZ_0000015,2001,1655.08,1742.95,794.31,9.043333435,754.1599976,175.5896,-39.0479,29.2006,1027.932915,9.469632149,33.86396212,7.625,65.625,24.8571434,3.103667259,77.71916656,3.852083206,3.585474951,164.0674988,1465.431323,6,2.5103584381966315
NZ_0000015,2002,1733.36,1821.24,796.86,9.043333435,758.6299927,175.5896,-39.0479,29.2006,1027.932915,9.469632149,33.86396212,7.625,65.625,24.8571434,3.103667259,78.71499786,4.363749981,3.604460352,163.931662,1509.075708,6,2.474249862549731
NZ_0000015,2003,1677.45,1784.52,795.47,9.043333435,737.9299927,175.5896,-39.0479,29.2006,1027.932915,9.469632149,33.86396212,7.625,65.625,24.8571434,3.103667259,75.56583099,3.992083073,3.615720752,164.7116669,1558.748975,6,2.1536130041555697
NZ_0000015,2004,1760.54,1795.93,790.86,9.043333435,739.6799927,175.5896,-39.0479,29.2006,1027.932915,9.469632149,33.86396212,7.625,65.625,24.8571434,3.103667259,76.16916351,4.34499979,3.59771665,164.1158325,1609.762061,6,2.2284881008044124
NZ_0000015,2005,1733.36,1769.52,796.45,9.043333435,743.5099976,175.5896,-39.0479,29.2006,1027.932915,9.469632149,33.86396212,7.625,65.625,24.8571434,3.103667259,76.00333099,3.80708313,3.61281665,164.6524994,1655.95459,6,2.2432196127123243
NZ_0000015,2006,1744.54,1690.3,802.71,9.043333435,751.8900146,175.5896,-39.0479,29.2006,1027.932915,9.469632149,33.86396212,7.625,65.625,24.8571434,3.103667259,77.23416443,4.240416527,3.607989648,166.1699982,1706.353809,6,2.3874565792499887
NZ_0000015,2007,1733.36,1579.99,801.34,9.043333435,744.0300171,175.5896,-39.0479,29.2006,1027.932915,9.469632149,33.86396212,7.625,65.625,24.8571434,3.103667259,75.69999847,4.03125,3.588127197,165.8725006,1742.634473,6,2.4050921214903367
NZ_0000015,2008,1771.75,1603.89,802.06,9.043333435,757.0200195,175.5896,-39.0479,29.2006,1027.932915,9.469632149,33.86396212,7.625,65.625,24.8571434,3.103667259,77.09999847,4.057916641,3.579566699,166.0141663,1766.477002,6,2.6158048806878926
NZ_0000015,2009,1666.26,1577.66,809.17,9.043333435,758.4200073,175.5896,-39.0479,29.2006,1027.932915,9.469632149,33.86396212,7.625,65.625,24.8571434,3.103667259,75.95749969,4.083749771,3.608462451,167.6900024,1770.687134,6,2.563245821747596
NZ_0000026,1989,1303.34,2491.5,857.17,7.938333797,827.4356567,169.7271,-44.4729,562.3707,1217.136144,5.739377607,33.87189397,18.53750038,41.92083359,35.30476379,1.455893675,21.15588799,4.579721928,1.12791394,159.2345581,47.09745255,6,2.310429630618754
NZ_0000026,1990,1326.55,2555.39,858.57,7.938333797,828.016333,169.7271,-44.4729,562.3707,1217.136144,5.739377607,33.87189397,18.53750038,41.92083359,35.30476379,1.455893675,21.22244377,4.877569199,1.13696687,159.3735931,55.17861099,6,2.2575297053856307
NZ_0000026,1991,1329.95,2553.88,853.53,7.938333797,820.2286499,169.7271,-44.4729,562.3707,1217.136144,5.739377607,33.87189397,18.53750038,41.92083359,35.30476379,1.455893675,21.12263832,4.732194424,1.168430493,158.7044525,61.48545837,6,2.18741848904811
NZ_0000026,1992,1239.92,2476.99,842.28,7.938333797,805.1926758,169.7271,-44.4729,562.3707,1217.136144,5.739377607,33.87189397,18.53750038,41.92083359,35.30476379,1.455893675,20.85241585,4.630055428,1.244708667,160.4110016,67.35748444,6,2.1289434729761485
NZ_0000026,1993,1210.48,2472.56,829.93,7.938333797,795.615686,169.7271,-44.4729,562.3707,1217.136144,5.739377607,33.87189397,18.53750038,41.92083359,35.30476379,1.455893675,21.08880501,4.782500267,1.247821997,159.9882538,71.9902771,6,2.1540887811853815
NZ_0000026,1994,1348.63,2516.69,827.29,7.938333797,792.3033691,169.7271,-44.4729,562.3707,1217.136144,5.739377607,33.87189397,18.53750038,41.92083359,35.30476379,1.455893675,21.05180473,4.921264172,1.239833936,160.4946716,73.9766571,6,2.110976699754804
NZ_0000026,1995,1449.41,2655.11,818.85,7.938333797,786.3747192,169.7271,-44.4729,562.3707,1217.136144,5.739377607,33.87189397,18.53750038,41.92083359,35.30476379,1.455893675,21.15855446,4.757097244,1.216999341,160.3592224,76.89668579,6,2.071492249275911
NZ_0000026,1996,1463.6,2680.9,821.43,7.938333797,783.8193848,169.7271,-44.4729,562.3707,1217.136144,5.739377607,33.87189397,18.53750038,41.92083359,35.30476379,1.455893675,21.05455513,4.647874832,1.175469629,160.3362244,93.70952301,6,1.9732836437129593
NZ_0000026,1997,1503.2,2705.69,828.77,7.938333797,791.9857056,169.7271,-44.4729,562.3707,1217.136144,5.739377607,33.87189397,18.53750038,41.92083359,35.30476379,1.455893675,21.17997169,4.74330616,1.083524194,159.4325592,96.9589447,6,1.9924018876970806
NZ_0000026,1998,1552.45,2794.53,837.23,7.938333797,795.6500366,169.7271,-44.4729,562.3707,1217.136144,5.739377607,33.87189397,18.53750038,41.92083359,35.30476379,1.455893675,21.02944412,4.914819241,1.083845703,159.3530914,97.40152588,6,1.8979369260928096
NZ_0000026,1999,1456.2,2755.9,844.42,7.938333797,795.1440308,169.7271,-44.4729,562.3707,1217.136144,5.739377607,33.87189397,18.53750038,41.92083359,35.30476379,1.455893675,20.86322212,4.584054947,1.079026807,159.2789795,87.19211349,6,1.822532833519594
NZ_0000026,2000,1415.91,2690.62,852.14,7.938333797,805.5646729,169.7271,-44.4729,562.3707,1217.136144,5.739377607,33.87189397,18.53750038,41.92083359,35.30476379,1.455893675,20.88766708,4.717402458,1.103866626,159.9700317,79.05327988,6,1.8990657374030462
NZ_0000026,2001,1353.16,2629.68,854.11,7.938333797,806.7343262,169.7271,-44.4729,562.3707,1217.136144,5.739377607,33.87189397,18.53750038,41.92083359,35.30476379,1.455893675,20.77800064,4.417791843,1.080922864,160.659726,59.29593582,6,1.9180864594844966
NZ_0000026,2002,1354.86,2699.11,856.69,7.938333797,812.258313,169.7271,-44.4729,562.3707,1217.136144,5.739377607,33.87189397,18.53750038,41.92083359,35.30476379,1.455893675,20.95011215,4.849236012,1.06986095,160.7501678,50.97561035,6,1.9349571544748996
NZ_0000026,2003,1265.97,2573.99,857.1,7.938333797,808.7863281,169.7271,-44.4729,562.3707,1217.136144,5.739377607,33.87189397,18.53750038,41.92083359,35.30476379,1.455893675,20.69625092,4.655624866,1.052000671,163.0241638,45.25927582,6,1.936437388084517
NZ_0000026,2004,1306.34,2622.75,843.57,7.938333797,806.0333374,169.7271,-44.4729,562.3707,1217.136144,5.739377607,33.87189397,18.53750038,41.92083359,35.30476379,1.455893675,20.91208382,4.80909729,1.03304873,162.0564972,52.79070511,6,2.0496387053548344
NZ_0000026,2005,1193.5,2536.75,839.53,7.938333797,804.0993408,169.7271,-44.4729,562.3707,1217.136144,5.739377607,33.87189397,18.53750038,41.92083359,35.30476379,1.455893675,20.85744514,4.437860489,1.010298608,161.6615845,57.31935349,6,2.121264623257168
NZ_0000026,2006,1226.9,2608.1,843.15,7.938333797,813.6926758,169.7271,-44.4729,562.3707,1217.136144,5.739377607,33.87189397,18.53750038,41.92083359,35.30476379,1.455893675,21.06183357,4.858361721,0.997739575,162.4102234,63.58198471,6,2.215205297228188
NZ_0000026,2007,1171.42,2492.7,841.09,7.938333797,797.3503662,169.7271,-44.4729,562.3707,1217.136144,5.739377607,33.87189397,18.53750038,41.92083359,35.30476379,1.455893675,20.70602837,4.563069344,0.99960929,163.3908356,70.57927551,6,2.0061925496406627
NZ_0000026,2008,1184.85,2554.76,839.71,7.938333797,803.135022,169.7271,-44.4729,562.3707,1217.136144,5.739377607,33.87189397,18.53750038,41.92083359,35.30476379,1.455893675,20.94383392,4.616763592,1.003923206,162.4486145,78.81878662,6,2.0912346169491993
NZ_0000026,2009,1157.26,2488.59,844.47,7.938333797,804.7060181,169.7271,-44.4729,562.3707,1217.136144,5.739377607,33.87189397,18.53750038,41.92083359,35.30476379,1.455893675,20.79463959,4.719486713,0.999212634,163.0334747,81.24251556,6,2.080500708481709
PL_0000019,1989,1404.0,1191.69,434.45,7.280000019,428.628894,19.9604,49.3062,57.9458,1127.772483,6.026088421,19.09110552,11.8125,61.41666794,15.75609779,0.610655064,49.29166641,4.341574192,1.826756982,121.7283371,31478.74844,6,3.1190100201746738
PL_0000019,1990,1263.6,1151.91,450.21,7.280000019,445.9911133,19.9604,49.3062,57.9458,1127.772483,6.026088421,19.09110552,11.8125,61.41666794,15.75609779,0.610655064,49.53129578,4.46064806,1.867997217,122.9511154,29795.2543,6,3.588093286939319
US_0006759,1996,40.27285503,371.9777778,1200.497803,10.38269268,337.8955627,-109.4501174,38.6738712,156.1129,2147.801483,6.674798383,24.98955738,16.26041603,56.93229294,23.91145897,2.028696374,14.64481506,2.612555456,0.541375684,198.2488037,4074.939697,6,1.556795315081681
US_0006759,2000,35.93983641,352.7422222,1164.511157,10.38269268,328.3455444,-109.4501174,38.6738712,156.1129,2147.801483,6.674798383,24.98955738,16.26041603,56.93229294,23.91145897,2.028696374,10.11203737,2.621592569,0.536375012,199.5614868,4667.40625,6,1.7072389691977732
US_0006759,2001,34.35902882,351.1622222,1155.643384,10.38269268,330.9044373,-109.4501174,38.6738712,156.1129,2147.801483,6.674798383,24.98955738,16.26041603,56.93229294,23.91145897,2.028696374,10.97314844,2.583148098,0.536919458,199.4396332,4728.955762,6,1.8210353513227289
US_0006759,2002,32.14856699,308.3655556,1173.958936,10.38269268,294.3399933,-109.4501174,38.6738712,156.1129,2147.801483,6.674798383,24.98955738,16.26041603,56.93229294,23.91145897,2.028696374,9.496111202,2.617398024,0.532112512,202.3504639,4803.333496,6,1.8161549601154867
US_0006759,2003,29.96356377,299.15,1186.537842,10.38269268,280.6033325,-109.4501174,38.6738712,156.1129,2147.801483,6.674798383,24.98955738,16.26041603,56.93229294,23.91145897,2.028696374,8.789999866,2.608925819,0.528570837,203.2171326,4902.408887,6,1.61112579753964
US_0006759,2004,28.4144134,306.7322222,1185.793408,10.38269268,283.5633362,-109.4501174,38.6738712,156.1129,2147.801483,6.674798383,24.98955738,16.26041603,56.93229294,23.91145897,2.028696374,10.11712971,2.607648039,0.544044458,202.4462067,5018.997949,6,1.5247951004674338
US_0006759,2005,28.94555046,331.3611111,1178.804517,10.38269268,308.6533325,-109.4501174,38.6738712,156.1129,2147.801483,6.674798383,24.98955738,16.26041603,56.93229294,23.91145897,2.028696374,12.43592587,2.607499838,0.569330566,201.9308319,5104.135156,6,1.6454890154689104
US_0006759,2006,28.50611453,334.6933333,1171.554517,10.38269268,309.5433289,-109.4501174,38.6738712,156.1129,2147.801483,6.674798383,24.98955738,16.26041603,56.93229294,23.91145897,2.028696374,12.25916653,2.619555426,0.582068066,201.8796295,5267.613086,6,1.6061618474882882
US_0006759,2007,28.01022737,358.8577778,1177.98562,10.38269268,320.3044403,-109.4501174,38.6738712,156.1129,2147.801483,6.674798383,24.98955738,16.26041603,56.93229294,23.91145897,2.028696374,13.72842579,2.605907345,0.60794375,200.81315,5392.741992,6,1.4479245690030935
US_0006759,2008,27.98964319,365.1666667,1165.36228,10.38269268,332.2322205,-109.4501174,38.6738712,156.1129,2147.801483,6.674798383,24.98955738,16.26041603,56.93229294,23.91145897,2.028696374,15.65277786,2.622722197,0.623339587,201.1304626,5414.753613,6,1.5758959314063703
US_0006759,2009,29.18132127,345.0411111,1164.792261,10.38269268,317.7466614,-109.4501174,38.6738712,156.1129,2147.801483,6.674798383,24.98955738,16.26041603,56.93229294,23.91145897,2.028696374,15.61657372,2.640268564,0.623452783,201.6653717,5341.650684,6,1.6067934610596024
US_0006759,2010,29.54327473,333.5544444,1168.967798,10.38269268,309.5788879,-109.4501174,38.6738712,156.1129,2147.801483,6.674798383,24.98955738,16.26041603,56.93229294,23.91145897,2.028696374,14.7580555,2.664620399,0.612244446,201.8793579,5255.885254,6,1.6308305491366168
US_0006759,2011,31.01876083,335.8866667,1170.61001,10.38269268,316.1266663,-109.4501174,38.6738712,156.1129,2147.801483,6.674798383,24.98955738,16.26041603,56.93229294,23.91145897,2.028696374,14.80740757,2.705092573,0.6143125,201.7738922,5145.528613,6,1.7526636679399255
US_0006759,2012,30.5586891,306.1377778,1182.032251,10.38269268,292.2677765,-109.4501174,38.6738712,156.1129,2147.801483,6.674798383,24.98955738,16.26041603,56.93229294,23.91145897,2.028696374,13.49064837,2.729036999,0.602100012,202.6588928,5003.091797,6,1.8050224204023697
US_0006759,2013,30.49587857,335.0311111,1181.501123,10.38269268,316.735556,-109.4501174,38.6738712,156.1129,2147.801483,6.674798383,24.98955738,16.26041603,56.93229294,23.91145897,2.028696374,12.14537096,2.701509142,0.602104175,201.6911194,4953.841895,6,1.7849973637149938
US_0007316,1993,3.858667295,434.0661538,1691.852588,16.07387298,302.1737305,-116.4227903,33.749466,1461.017,1089.943875,6.404459976,23.16505737,11.86987209,64.04038239,21.54935837,1.686939368,14.71535006,3.506604195,0.661717212,221.1481018,59025.39844,6,0.8007275286717344
US_0007316,1994,3.85919291,465.3302564,1680.589111,16.07387298,325.0461426,-116.4227903,33.749466,1461.017,1089.943875,6.404459976,23.16505737,11.86987209,64.04038239,21.54935837,1.686939368,15.21861525,3.472819614,0.661708057,219.8447235,58632.39375,6,0.8273657565223612
US_0007316,1995,4.810114072,524.6385641,1675.994336,16.07387298,351.4513733,-116.4227903,33.749466,1461.017,1089.943875,6.404459976,23.16505737,11.86987209,64.04038239,21.54935837,1.686939368,18.82616234,3.453878689,0.668111169,218.3790253,58240.61953,6,0.8169172922467473
US_0007316,1996,4.720111724,508.3609231,1697.127344,16.07387298,348.5024536,-116.4227903,33.749466,1461.017,1089.943875,6.404459976,23.16505737,11.86987209,64.04038239,21.54935837,1.686939368,18.15847015,3.470950508,0.669993579,218.1536346,58480.17031,6,0.8296381675908977
US_0007316,1997,4.682458218,449.0488205,1703.976123,16.07387298,323.5906738,-116.4227903,33.749466,1461.017,1089.943875,6.404459976,23.16505737,11.86987209,64.04038239,21.54935837,1.686939368,16.24494896,3.498170996,0.670180225,219.4022369,58896.46016,6,0.8508540170935565
US_0007316,1998,1.082677512,426.1755897,1685.879907,16.07387298,334.8881104,-116.4227903,33.749466,1461.017,1089.943875,6.404459976,23.16505737,11.86987209,64.04038239,21.54935837,1.686939368,15.79353943,3.503826523,0.674129199,218.965387,59799.80781,6,0.9700257199460349
US_0007316,1999,1.073570427,397.0464615,1678.416724,16.07387298,310.8641113,-116.4227903,33.749466,1461.017,1089.943875,6.404459976,23.16505737,11.86987209,64.04038239,21.54935837,1.686939368,14.65155621,3.528802586,0.661597375,219.7440765,60193.67422,6,0.9389886800175616
US_0007316,2000,0.124994967,336.3066667,1676.095728,16.07387298,281.9060577,-116.4227903,33.749466,1461.017,1089.943875,6.404459976,23.16505737,11.86987209,64.04038239,21.54935837,1.686939368,11.65471859,3.525038433,0.65247146,220.7617493,61017.30703,6,1.014498764678489
US_0007316,2001,0.126546473,322.294359,1650.277686,16.07387298,270.5482147,-116.4227903,33.749466,1461.017,1089.943875,6.404459976,23.16505737,11.86987209,64.04038239,21.54935837,1.686939368,11.73110332,3.470806789,0.652725696,220.236618,61937.23125,6,1.007673085603651
US_0007316,2002,0.12193381,282.0301538,1641.571216,16.07387298,236.746875,-116.4227903,33.749466,1461.017,1089.943875,6.404459976,23.16505737,11.86987209,64.04038239,21.54935837,1.686939368,10.06724844,3.447145224,0.643721362,221.3024872,63276.89688,6,0.9626064435690672
US_0007316,2003,0.010638171,269.1294359,1645.898584,16.07387298,237.9520081,-116.4227903,33.749466,1461.017,1089.943875,6.404459976,23.16505737,11.86987209,64.04038239,21.54935837,1.686939368,9.22570982,3.41620245,0.632082031,221.7873047,63959.45313,6,1.0780954636044568
US_0007316,2004,0.103623711,321.7002051,1647.921655,16.07387298,268.2672913,-116.4227903,33.749466,1461.017,1089.943875,6.404459976,23.16505737,11.86987209,64.04038239,21.54935837,1.686939368,10.74299192,3.393814373,0.633570728,221.3368744,65030.31406,6,0.9926422948592439
US_0007316,2005,2.961078068,366.8806154,1644.096313,16.07387298,290.6529327,-116.4227903,33.749466,1461.017,1089.943875,6.404459976,23.16505737,11.86987209,64.04038239,21.54935837,1.686939368,13.22248755,3.396563911,0.647537439,220.0362854,65813.34219,6,0.9391119294022349
US_0007316,2006,2.969357219,346.9269744,1648.160449,16.07387298,276.9450317,-116.4227903,33.749466,1461.017,1089.943875,6.404459976,23.16505737,11.86987209,64.04038239,21.54935837,1.686939368,11.88755569,3.417573261,0.649382715,220.2528229,66625.75625,6,0.9325843922267645
US_0007316,2007,2.979765316,343.6446154,1651.957373,16.07387298,278.8460571,-116.4227903,33.749466,1461.017,1089.943875,6.404459976,23.16505737,11.86987209,64.04038239,21.54935837,1.686939368,11.5019403,3.435414314,0.6333198,219.8921661,67263.97031,6,0.9589766506595993
US_0007316,2008,3.041142227,336.0034872,1660.901978,16.07387298,259.7021545,-116.4227903,33.749466,1461.017,1089.943875,6.404459976,23.16505737,11.86987209,64.04038239,21.54935837,1.686939368,11.52168384,3.464506674,0.634123254,220.8595673,67482.08594,6,0.8669706511591763
US_0007316,2009,2.962957514,294.0532308,1661.587109,16.07387298,232.7499451,-116.4227903,33.749466,1461.017,1089.943875,6.404459976,23.16505737,11.86987209,64.04038239,21.54935837,1.686939368,11.46335902,3.471508408,0.63903042,220.7942505,67105.57656,6,0.864179903935089
US_0007316,2010,1.567090392,316.7355897,1664.368921,16.07387298,246.5099548,-116.4227903,33.749466,1461.017,1089.943875,6.404459976,23.16505737,11.86987209,64.04038239,21.54935837,1.686939368,11.82835078,3.486436653,0.629027942,221.6197998,66617.4875,6,0.859283355367102
US_0007316,2011,1.556800581,335.6228718,1661.636572,16.07387298,270.3343597,-116.4227903,33.749466,1461.017,1089.943875,6.404459976,23.16505737,11.86987209,64.04038239,21.54935837,1.686939368,13.78200898,3.498675966,0.635302405,221.9544525,65362.80078,6,0.9349028635876797
US_0007316,2012,1.550865724,361.0756923,1657.932715,16.07387298,293.4892334,-116.4227903,33.749466,1461.017,1089.943875,6.404459976,23.16505737,11.86987209,64.04038239,21.54935837,1.686939368,14.62941055,3.479084587,0.659146069,221.1816772,63736.10313,6,0.9788783333775906
US_0007316,2013,1.553407144,334.9201026,1658.075098,16.07387298,285.9212341,-116.4227903,33.749466,1461.017,1089.943875,6.404459976,23.16505737,11.86987209,64.04038239,21.54935837,1.686939368,13.39069252,3.473520517,0.64877887,220.575885,64969.48906,6,1.0620143661228592
US_0007316,2014,1.861983443,350.9992821,1672.246167,16.07387298,294.249234,-116.4227903,33.749466,1461.017,1089.943875,6.404459976,23.16505737,11.86987209,64.04038239,21.54935837,1.686939368,12.42709417,3.464276981,0.631851331,220.6893341,66160.72031,6,1.0321033077584207
US_0007316,2015,0.397754062,302.0853333,1679.144043,16.07387298,284.8034821,-116.4227903,33.749466,1461.017,1089.943875,6.404459976,23.16505737,11.86987209,64.04038239,21.54935837,1.686939368,10.1238204,3.423424768,0.61511145,220.5390778,68998.28594,6,1.421306233706669
US_0007316,2016,0.750820975,303.930359,1696.567676,16.07387298,270.5565155,-116.4227903,33.749466,1461.017,1089.943875,6.404459976,23.16505737,11.86987209,64.04038239,21.54935837,1.686939368,9.065375996,3.414486361,0.58871925,220.1270844,72913.02578,6,1.137390629897599
US_0007788,1992,62.60192945,543.015,1194.789185,13.31239351,415.4100159,-118.7095358,36.1613358,228.19,1923.710381,7.805263797,16.49562449,23.07999992,38.70000076,35.98500061,1.140509087,66.8814621,4.388131809,2.302133936,216.5063995,3324.11123,6,1.2134202571091455
US_0007788,1993,108.5261521,574.1941667,1189.028369,13.31239351,408.6491821,-118.7095358,36.1613358,228.19,1923.710381,7.805263797,16.49562449,23.07999992,38.70000076,35.98500061,1.140509087,65.34271088,4.408715153,2.30556123,216.0881287,3315.426416,6,1.094270210458368
US_0007788,1994,105.8772436,638.5125,1178.393359,13.31239351,420.4141724,-118.7095358,36.1613358,228.19,1923.710381,7.805263797,16.49562449,23.07999992,38.70000076,35.98500061,1.140509087,65.32666779,4.401479053,2.295525635,214.8677094,3320.532715,6,1.0238556272068706
US_0007788,1995,190.0644942,766.015,1173.74668,13.31239351,442.5700073,-118.7095358,36.1613358,228.19,1923.710381,7.805263797,16.49562449,23.07999992,38.70000076,35.98500061,1.140509087,76.53410034,4.397701263,2.280572314,212.9814545,3301.144727,6,0.9356481077440356
US_0007788,1996,268.211496,849.4091667,1188.21582,13.31239351,465.8766846,-118.7095358,36.1613358,228.19,1923.710381,7.805263797,16.49562449,23.07999992,38.70000076,35.98500061,1.140509087,85.27541962,4.405972004,2.274567676,212.4088898,3337.254834,6,0.917366023156653
US_0007788,1997,386.1044931,818.8308333,1182.935815,13.31239351,469.2958496,-118.7095358,36.1613358,228.19,1923.710381,7.805263797,16.49562449,23.07999992,38.70000076,35.98500061,1.140509087,89.02868347,4.435131741,2.273540381,213.4690308,3383.970703,6,0.9567506658995069
US_0007788,1998,484.2837297,892.4883333,1147.891638,13.31239351,488.5341858,-118.7095358,36.1613358,228.19,1923.710381,7.805263797,16.49562449,23.07999992,38.70000076,35.98500061,1.140509087,93.62187805,4.414284515,2.258924072,210.9865356,3455.870508,6,0.9615773435856062
US_0007788,1999,491.9957029,864.0433333,1133.872473,13.31239351,476.1000183,-118.7095358,36.1613358,228.19,1923.710381,7.805263797,16.49562449,23.07999992,38.70000076,35.98500061,1.140509087,95.6173645,4.430583096,2.246794727,211.3152863,3468.958594,6,0.9586370344441713
US_0007788,2000,425.8944506,771.5508333,1130.092493,13.31239351,473.1775146,-118.7095358,36.1613358,228.19,1923.710381,7.805263797,16.49562449,23.07999992,38.70000076,35.98500061,1.140509087,89.10173798,4.436937237,2.242316406,212.1291779,3522.746777,6,1.0489749701671764
US_0007788,2001,368.245776,740.8183333,1116.386682,13.31239351,459.4075073,-118.7095358,36.1613358,228.19,1923.710381,7.805263797,16.49562449,23.07999992,38.70000076,35.98500061,1.140509087,85.64590454,4.406937313,2.224619727,212.356192,3508.898145,6,1.0486516965217083
US_0007788,2002,274.3200894,705.3441667,1117.046692,13.31239351,450.7358337,-118.7095358,36.1613358,228.19,1923.710381,7.805263797,16.49562449,23.07999992,38.70000076,35.98500061,1.140509087,83.24944458,4.38768034,2.227319678,213.5350128,3443.32627,6,1.06674863618256
US_0007788,2003,165.4816092,606.23,1141.738354,13.31239351,442.7158386,-118.7095358,36.1613358,228.19,1923.710381,7.805263797,16.49562449,23.07999992,38.70000076,35.98500061,1.140509087,82.21777954,4.397201252,2.247052686,215.5734802,3277.151709,6,1.2127734923063873
US_0007788,2004,165.7010016,661.2825,1158.31001,13.31239351,461.3500122,-118.7095358,36.1613358,228.19,1923.710381,7.805263797,16.49562449,23.07999992,38.70000076,35.98500061,1.140509087,85.36625214,4.39157629,2.239011279,215.8088257,3181.674072,6,1.1642586360066811
US_0007788,2005,229.3228131,735.2491667,1159.655005,13.31239351,474.0925049,-118.7095358,36.1613358,228.19,1923.710381,7.805263797,16.49562449,23.07999992,38.70000076,35.98500061,1.140509087,91.46562805,4.395041656,2.24986123,214.969104,3088.89209,6,1.0851459611507948
US_0007788,2006,282.5349749,713.9433333,1156.734985,13.31239351,463.843335,-118.7095358,36.1613358,228.19,1923.710381,7.805263797,16.49562449,23.07999992,38.70000076,35.98500061,1.140509087,91.86562805,4.413888931,2.273850879,214.3294495,3084.687305,6,1.0806292189980529
US_0007788,2007,259.4747812,709.8891667,1162.596655,13.31239351,453.5408386,-118.7095358,36.1613358,228.19,1923.710381,7.805263797,16.49562449,23.07999992,38.70000076,35.98500061,1.140509087,83.85048904,4.432395935,2.290673242,214.2509735,3060.434766,6,1.0451080138515212
US_0007788,2008,251.8195628,683.2033333,1169.36084,13.31239351,432.5025024,-118.7095358,36.1613358,228.19,1923.710381,7.805263797,16.49562449,23.07999992,38.70000076,35.98500061,1.140509087,79.68145981,4.458201408,2.272994238,215.9500702,3067.908301,6,1.0044395334762113
US_0007788,2009,259.3328026,627.7491667,1162.63501,13.31239351,414.9858276,-118.7095358,36.1613358,228.19,1923.710381,7.805263797,16.49562449,23.07999992,38.70000076,35.98500061,1.140509087,76.73555679,4.472902775,2.296162598,215.0606964,2993.643994,6,1.0283810930638242
US_0007788,2010,255.27917,624.935,1159.379175,13.31239351,414.3766724,-118.7095358,36.1613358,228.19,1923.710381,7.805263797,16.49562449,23.07999992,38.70000076,35.98500061,1.140509087,75.77590103,4.486312389,2.279393262,215.5111115,2913.311377,6,1.032396275918404
US_0007788,2011,281.7599238,575.6525,1148.737524,13.31239351,419.9858337,-118.7095358,36.1613358,228.19,1923.710381,7.805263797,16.49562449,23.07999992,38.70000076,35.98500061,1.140509087,76.44020767,4.486131763,2.288199609,216.7447235,2794.628809,6,1.1693031367197164
US_0007788,2012,300.1090648,616.9383333,1146.54668,13.31239351,444.5766663,-118.7095358,36.1613358,228.19,1923.710381,7.805263797,16.49562449,23.07999992,38.70000076,35.98500061,1.140509087,78.27944412,4.48740263,2.304447266,215.7046539,2760.164795,6,1.1918968037976136
US_0007788,2013,282.6380994,550.0558333,1152.63833,13.31239351,430.8524902,-118.7095358,36.1613358,228.19,1923.710381,7.805263797,16.49562449,23.07999992,38.70000076,35.98500061,1.140509087,74.39236145,4.484173489,2.313305273,215.6832672,2743.677002,6,1.3137696741258111
US_0007788,2014,259.6740781,554.9358333,1176.92583,13.31239351,416.7549988,-118.7095358,36.1613358,228.19,1923.710381,7.805263797,16.49562449,23.07999992,38.70000076,35.98500061,1.140509087,68.65118103,4.482812405,2.281625928,216.7206299,2753.12666,6,1.1938498599052005
US_0007788,2015,177.0893917,478.07,1195.41499,13.31239351,416.8433289,-118.7095358,36.1613358,228.19,1923.710381,7.805263797,16.49562449,23.07999992,38.70000076,35.98500061,1.140509087,65.22319794,4.457402802,2.236775659,217.3058411,2746.744873,6,1.5625925768324207
US_0008251,1998,1118.094053,2578.053333,572.3516479,7.084658231,506.043335,-122.97961,47.78453566,125.4583,1138.09679,4.739011569,32.99328694,7.699999809,69.57499695,22.10000038,1.75644865,201.5938934,2.858916664,2.769379883,133.7129227,3540.197363,6,1.21307950390114
US_0008251,1999,1303.173015,2733.333333,560.6299927,7.084658231,500.4016724,-122.97961,47.78453566,125.4583,1138.09679,4.739011569,32.99328694,7.699999809,69.57499695,22.10000038,1.75644865,204.1834778,2.895736122,2.757889941,132.517366,3762.590137,6,1.2090133188659586
US_0008251,2000,1155.299371,2572.065,557.4449829,7.084658231,490.4116821,-122.97961,47.78453566,125.4583,1138.09679,4.739011569,32.99328694,7.699999809,69.57499695,22.10000038,1.75644865,202.5377838,2.859375,2.750856641,132.5731979,3956.263477,6,1.183442704866882
US_0008251,2001,1116.912835,2458.363333,565.9249878,7.084658231,508.6366821,-122.97961,47.78453566,125.4583,1138.09679,4.739011569,32.99328694,7.699999809,69.57499695,22.10000038,1.75644865,204.3847321,2.85470829,2.754430029,133.2166702,4059.101025,6,1.2980421374077489
US_0008251,2002,1043.814111,2311.32,580.7366577,7.084658231,503.5416687,-122.97961,47.78453566,125.4583,1138.09679,4.739011569,32.99328694,7.699999809,69.57499695,22.10000038,1.75644865,197.3618164,2.841444397,2.734155029,135.9698639,4071.093896,6,1.2091221621415846
US_0008251,2003,1033.847606,2256.731667,590.9283447,7.084658231,504.7983459,-122.97961,47.78453566,125.4583,1138.09679,4.739011569,32.99328694,7.699999809,69.57499695,22.10000038,1.75644865,194.2625092,2.851597071,2.732118359,135.7358368,3957.212988,6,1.1830997852690994
US_0008251,2004,842.1589992,2072.733333,608.9716797,7.084658231,520.7766724,-122.97961,47.78453566,125.4583,1138.09679,4.739011569,32.99328694,7.699999809,69.57499695,22.10000038,1.75644865,194.0009857,2.800402641,2.733071631,136.960556,3758.791602,6,1.2506806669809352
US_0008251,2005,883.6863067,2110.98,614.2650146,7.084658231,527.0099976,-122.97961,47.78453566,125.4583,1138.09679,4.739011569,32.99328694,7.699999809,69.57499695,22.10000038,1.75644865,194.2926483,2.799097109,2.757324951,136.837915,3600.840332,6,1.25589053831672
US_0008251,2006,1022.294555,2196.828333,617.1033447,7.084658231,518.943335,-122.97961,47.78453566,125.4583,1138.09679,4.739011569,32.99328694,7.699999809,69.57499695,22.10000038,1.75644865,190.6776428,2.824083233,2.71530498,138.0187469,3547.345654,6,1.1733520724893944
US_0008251,2007,965.4912602,2246.48,601.4650146,7.084658231,519.5366699,-122.97961,47.78453566,125.4583,1138.09679,4.739011569,32.99328694,7.699999809,69.57499695,22.10000038,1.75644865,196.1568115,2.828513813,2.68586333,134.6854141,3577.762061,6,1.230882334300098
US_0008251,2008,873.4535631,2185.738333,583.5083374,7.084658231,519.506665,-122.97961,47.78453566,125.4583,1138.09679,4.739011569,32.99328694,7.699999809,69.57499695,22.10000038,1.75644865,200.8787598,2.806861067,2.60540166,133.8187515,3534.649658,6,1.345379593506402
US_0008251,2009,877.8734114,2243.056667,577.2450073,7.084658231,505.7366699,-122.97961,47.78453566,125.4583,1138.09679,4.739011569,32.99328694,7.699999809,69.57499695,22.10000038,1.75644865,197.478894,2.815305471,2.59002832,134.9108383,3447.267578,6,1.2587547701615096
US_0008251,2010,1009.739531,2338.575,565.1483398,7.084658231,493.5616699,-122.97961,47.78453566,125.4583,1138.09679,4.739011569,32.99328694,7.699999809,69.57499695,22.10000038,1.75644865,198.4948669,2.86779151,2.530569971,133.3462555,3312.70918,6,1.2130624285352636
US_0008251,2011,1008.21205,2272.326667,540.0483398,7.084658231,476.4499939,-122.97961,47.78453566,125.4583,1138.09679,4.739011569,32.99328694,7.699999809,69.57499695,22.10000038,1.75644865,201.3552887,2.848430395,2.525531592,130.0283401,3117.493506,6,1.24065864941825
US_0008251,2012,1134.748972,2348.796667,542.8766724,7.084658231,465.8650085,-122.97961,47.78453566,125.4583,1138.09679,4.739011569,32.99328694,7.699999809,69.57499695,22.10000038,1.75644865,199.5958466,2.872194242,2.514729883,130.1125076,2863.312305,6,1.1350733363234875
US_0008251,2013,1129.216112,2330.586667,547.4350098,7.084658231,467.368335,-122.97961,47.78453566,125.4583,1138.09679,4.739011569,32.99328694,7.699999809,69.57499695,22.10000038,1.75644865,198.8866791,2.84761095,2.629036572,129.4741714,2704.767236,6,1.1277317363678478
US_0008251,2014,1178.295228,2390.371667,553.525,7.084658231,478.4800171,-122.97961,47.78453566,125.4583,1138.09679,4.739011569,32.99328694,7.699999809,69.57499695,22.10000038,1.75644865,200.3020996,2.8924582,2.681911572,127.8308334,2594.088086,6,1.1579942697519077
US_0008251,2015,987.7133761,2385.508333,576.0666626,7.084658231,490.5183472,-122.97961,47.78453566,125.4583,1138.09679,4.739011569,32.99328694,7.699999809,69.57499695,22.10000038,1.75644865,194.9155731,2.852736044,2.796606641,130.8387512,2521.626563,6,1.133245893286587
US_0008471,1992,896.0003103,868.5183333,699.958313,6.169871862,515.6750061,-116.1816667,48.15166667,297.3139,1426.104983,5.082421264,23.73075069,6.649305344,50.91666794,40.46180725,1.670344101,138.7258804,2.904587936,1.71159541,152.2416687,215.5881317,6,1.7178901014703805
US_0008471,1993,989.2817046,862.5238889,673.0955566,6.169871862,519.7005554,-116.1816667,48.15166667,297.3139,1426.104983,5.082421264,23.73075069,6.649305344,50.91666794,40.46180725,1.670344101,145.5040329,2.843851805,1.696447021,150.2439392,216.1966095,6,1.882094420696783
US_0008471,1994,886.635864,831.7483333,692.6883301,6.169871862,507.3211121,-116.1816667,48.15166667,297.3139,1426.104983,5.082421264,23.73075069,6.649305344,50.91666794,40.46180725,1.670344101,145.5791275,2.845648098,1.694790308,151.5541656,216.747229,6,1.7520901197334977
US_0008471,1995,947.3297999,843.9194444,690.6894409,6.169871862,515.2716736,-116.1816667,48.15166667,297.3139,1426.104983,5.082421264,23.73075069,6.649305344,50.91666794,40.46180725,1.670344101,144.7072739,2.822236061,1.706347974,151.928421,221.699115,6,1.8042538026301294
US_0008471,1996,1188.478605,947.4322222,688.2266724,6.169871862,516.9972229,-116.1816667,48.15166667,297.3139,1426.104983,5.082421264,23.73075069,6.649305344,50.91666794,40.46180725,1.670344101,149.1352829,2.835240698,1.708158569,151.7537933,228.8539978,6,1.629717545965694
US_0008471,1997,1378.708259,986.8094444,661.6255859,6.169871862,503.5411316,-116.1816667,48.15166667,297.3139,1426.104983,5.082421264,23.73075069,6.649305344,50.91666794,40.46180725,1.670344101,158.8540833,2.857666588,1.696988623,150.5292572,240.371521,6,1.5678494031240344
US_0008471,1998,1432.946207,1042.041111,687.5016846,6.169871862,510.4689026,-116.1816667,48.15166667,297.3139,1426.104983,5.082421264,23.73075069,6.649305344,50.91666794,40.46180725,1.670344101,162.8506042,2.869874954,1.697511084,151.5945831,247.180307,6,1.4605837530092998
US_0008471,1999,1560.602414,1068.998333,675.7111328,6.169871862,518.8389099,-116.1816667,48.15166667,297.3139,1426.104983,5.082421264,23.73075069,6.649305344,50.91666794,40.46180725,1.670344101,168.7628693,2.901879597,1.689082617,151.3889832,254.1416046,6,1.526147045628682
US_0008471,2000,1411.247161,995.7533333,687.4955688,6.169871862,506.1644531,-116.1816667,48.15166667,297.3139,1426.104983,5.082421264,23.73075069,6.649305344,50.91666794,40.46180725,1.670344101,162.403894,2.893120337,1.680608301,153.1932953,262.7569183,6,1.4867085365215762
US_0008471,2001,1258.62616,890.2666667,704.5988892,6.169871862,510.7427979,-116.1816667,48.15166667,297.3139,1426.104983,5.082421264,23.73075069,6.649305344,50.91666794,40.46180725,1.670344101,153.8399139,2.891911983,1.698393506,154.399826,270.522345,6,1.6206690726287152
US_0008471,2002,1204.366707,845.8683333,714.2494263,6.169871862,496.2005676,-116.1816667,48.15166667,297.3139,1426.104983,5.082421264,23.73075069,6.649305344,50.91666794,40.46180725,1.670344101,147.0047699,2.900416613,1.702587061,156.0741272,272.0794067,6,1.5638110181158
US_0008471,2003,1184.252983,815.0322222,722.0794312,6.169871862,485.9805664,-116.1816667,48.15166667,297.3139,1426.104983,5.082421264,23.73075069,6.649305344,50.91666794,40.46180725,1.670344101,136.6158371,2.933981419,1.706344678,157.5148193,275.0184998,6,1.527709645401797
US_0008471,2004,1193.650387,811.7511111,719.4977661,6.169871862,504.0766846,-116.1816667,48.15166667,297.3139,1426.104983,5.082421264,23.73075069,6.649305344,50.91666794,40.46180725,1.670344101,133.279631,2.869282341,1.690245386,156.0371826,281.7228516,6,1.6779251142474838
US_0008471,2005,1132.965479,828.9622222,716.6183228,6.169871862,518.4222473,-116.1816667,48.15166667,297.3139,1426.104983,5.082421264,23.73075069,6.649305344,50.91666794,40.46180725,1.670344101,137.7087906,2.855143452,1.70929585,155.2029205,294.9908569,6,1.7687160258526935
US_0008471,2006,1302.61948,888.0883333,714.4799927,6.169871862,519.7466919,-116.1816667,48.15166667,297.3139,1426.104983,5.082421264,23.73075069,6.649305344,50.91666794,40.46180725,1.670344101,141.3107773,2.849374962,1.694147021,154.8031952,304.7608826,6,1.6614323033646283
US_0008471,2007,1260.807671,883.9155556,734.7611206,6.169871862,527.6650146,-116.1816667,48.15166667,297.3139,1426.104983,5.082421264,23.73075069,6.649305344,50.91666794,40.46180725,1.670344101,138.019574,2.851060104,1.698483789,154.9267151,320.5389771,6,1.66456815054501
US_0008471,2008,1311.463582,870.5988889,723.3805786,6.169871862,531.4372498,-116.1816667,48.15166667,297.3139,1426.104983,5.082421264,23.73075069,6.649305344,50.91666794,40.46180725,1.670344101,139.5805466,2.863398075,1.660016675,155.155835,332.0235291,6,1.7617174487106684
US_0008471,2009,1226.43537,843.2233333,723.0994507,6.169871862,506.3666748,-116.1816667,48.15166667,297.3139,1426.104983,5.082421264,23.73075069,6.649305344,50.91666794,40.46180725,1.670344101,136.504808,2.896657372,1.668611572,157.4776886,337.9554932,6,1.6181297692128382
US_0008471,2010,1322.904757,866.8555556,707.6438965,6.169871862,498.5916748,-116.1816667,48.15166667,297.3139,1426.104983,5.082421264,23.73075069,6.649305344,50.91666794,40.46180725,1.670344101,137.5177292,2.894777727,1.619526831,155.883847,326.3158447,6,1.5625168999420096
US_0008471,2011,1329.405523,831.1488889,684.9816895,6.169871862,481.4916687,-116.1816667,48.15166667,297.3139,1426.104983,5.082421264,23.73075069,6.649305344,50.91666794,40.46180725,1.670344101,137.4136093,2.918624878,1.604201367,154.5748169,307.6489624,6,1.5685447147338558
US_0008471,2012,1464.828173,876.61,671.4116943,6.169871862,485.1694458,-116.1816667,48.15166667,297.3139,1426.104983,5.082421264,23.73075069,6.649305344,50.91666794,40.46180725,1.670344101,144.8186096,2.93517127,1.572676367,152.8894012,288.3200317,6,1.5595297847787235
US_0008471,2013,1466.117379,859.9116667,666.4416626,6.169871862,485.6083313,-116.1816667,48.15166667,297.3139,1426.104983,5.082421264,23.73075069,6.649305344,50.91666794,40.46180725,1.670344101,150.6321747,2.908416605,1.630047632,151.9292633,279.7999756,6,1.6081537387841525
US_0008471,2014,1536.98299,905.4561111,668.3172241,6.169871862,495.403894,-116.1816667,48.15166667,297.3139,1426.104983,5.082421264,23.73075069,6.649305344,50.91666794,40.46180725,1.670344101,148.554071,2.913189745,1.667936035,150.3475464,268.0124084,6,1.6009817806810989
US_0008471,2015,1465.258073,874.3705556,701.2722412,6.169871862,481.6655579,-116.1816667,48.15166667,297.3139,1426.104983,5.082421264,23.73075069,6.649305344,50.91666794,40.46180725,1.670344101,138.0952728,2.929152727,1.740224219,153.2691223,279.7738586,6,1.452680712740413
US_0008517,1995,525.0687645,904.7601667,594.9068481,2.527533433,437.3993408,-120.3850944,48.5737538,947.7653,1685.321962,6.090804826,21.72880754,10.34943199,55.17424393,29.42300415,1.668337957,79.05090485,2.795368004,1.094858008,145.3138672,1400.727271,6,1.425264752965686
US_0008517,1996,355.6647147,951.0171667,594.0856934,2.527533433,432.6150085,-120.3850944,48.5737538,947.7653,1685.321962,6.090804826,21.72880754,10.34943199,55.17424393,29.42300415,1.668337957,80.29130554,2.796197176,1.093487158,144.9223236,1431.450854,6,1.3437000567980284
US_0008517,1997,497.5615216,990.1241667,575.2521851,2.527533433,425.2466797,-120.3850944,48.5737538,947.7653,1685.321962,6.090804826,21.72880754,10.34943199,55.17424393,29.42300415,1.668337957,85.4848053,2.815079117,1.092222095,143.5147797,1433.184521,6,1.317549640246696
US_0008517,1998,543.1860017,1056.6635,593.3710205,2.527533433,410.5750061,-120.3850944,48.5737538,947.7653,1685.321962,6.090804826,21.72880754,10.34943199,55.17424393,29.42300415,1.668337957,87.62394409,2.832231903,1.100040283,144.7561127,1445.210571,6,1.1356764244373208
US_0008517,1999,650.4994965,1070.507333,575.9203613,2.527533433,407.8980042,-120.3850944,48.5737538,947.7653,1685.321962,6.090804826,21.72880754,10.34943199,55.17424393,29.42300415,1.668337957,89.68854065,2.851724911,1.091488501,144.2143188,1474.654346,6,1.154058507959731
US_0008517,2000,609.8057445,993.3708333,582.7930298,2.527533433,402.9581665,-120.3850944,48.5737538,947.7653,1685.321962,6.090804826,21.72880754,10.34943199,55.17424393,29.42300415,1.668337957,87.18022461,2.828776264,1.089487354,144.9743622,1508.923145,6,1.1652184398461813
US_0008517,2001,520.2572549,944.5643333,596.1726929,2.527533433,416.7594971,-120.3850944,48.5737538,947.7653,1685.321962,6.090804826,21.72880754,10.34943199,55.17424393,29.42300415,1.668337957,82.66739273,2.841261005,1.097600342,145.7226685,1537.883008,6,1.2477180779977077
US_0008517,2002,486.7684169,871.3918333,613.5225464,2.527533433,389.1484924,-120.3850944,48.5737538,947.7653,1685.321962,6.090804826,21.72880754,10.34943199,55.17424393,29.42300415,1.668337957,76.01018448,2.840502691,1.100823218,147.8756805,1551.72251,6,1.129977646094876
US_0008517,2003,467.2690883,816.0645,622.9185425,2.527533433,380.2091614,-120.3850944,48.5737538,947.7653,1685.321962,6.090804826,21.72880754,10.34943199,55.17424393,29.42300415,1.668337957,72.23193436,2.86187768,1.095482251,148.6466522,1585.607666,6,1.1205918519472202
US_0008517,2004,385.6689201,800.1491667,635.1673706,2.527533433,397.3451599,-120.3850944,48.5737538,947.7653,1685.321962,6.090804826,21.72880754,10.34943199,55.17424393,29.42300415,1.668337957,71.18511429,2.837906933,1.114400977,148.6650848,1589.475098,6,1.2022307367228213
US_0008517,2005,349.0927987,826.3295,641.097522,2.527533433,398.7481628,-120.3850944,48.5737538,947.7653,1685.321962,6.090804826,21.72880754,10.34943199,55.17424393,29.42300415,1.668337957,71.45248795,2.836204147,1.137264624,147.9264191,1575.779956,6,1.1701264759920644
US_0008517,2006,436.496007,881.9573333,640.6993408,2.527533433,384.8673279,-120.3850944,48.5737538,947.7653,1685.321962,6.090804826,21.72880754,10.34943199,55.17424393,29.42300415,1.668337957,71.72200165,2.835993052,1.105273865,148.5554901,1578.219702,6,1.056581923773162
US_0008517,2007,439.3192884,909.8633333,635.0633301,2.527533433,398.6459961,-120.3850944,48.5737538,947.7653,1685.321962,6.090804826,21.72880754,10.34943199,55.17424393,29.42300415,1.668337957,70.75070877,2.825531912,1.077679163,146.8719666,1610.537891,6,1.1042552309481461
US_0008517,2008,452.2067315,902.3113333,624.252002,2.527533433,415.7768372,-120.3850944,48.5737538,947.7653,1685.321962,6.090804826,21.72880754,10.34943199,55.17424393,29.42300415,1.668337957,71.720681,2.818070793,1.061635132,146.5602295,1602.936108,6,1.2157208759045142
US_0008517,2009,441.1084453,893.882,627.5626831,2.527533433,398.9924988,-120.3850944,48.5737538,947.7653,1685.321962,6.090804826,21.72880754,10.34943199,55.17424393,29.42300415,1.668337957,73.03262405,2.833122158,1.035375635,148.3733246,1578.941699,6,1.1322720336751129
US_0008517,2010,502.401453,932.2796667,607.1030273,2.527533433,399.3336731,-120.3850944,48.5737538,947.7653,1685.321962,6.090804826,21.72880754,10.34943199,55.17424393,29.42300415,1.668337957,76.04984665,2.853833294,0.970278027,146.9967957,1549.967041,6,1.1412071614018409
US_0008517,2011,536.4607814,885.2396667,590.979541,2.527533433,393.3873474,-120.3850944,48.5737538,947.7653,1685.321962,6.090804826,21.72880754,10.34943199,55.17424393,29.42300415,1.668337957,76.85699997,2.858294344,0.971650122,145.1216553,1515.540405,6,1.1847197088244357
US_0008517,2012,558.7514126,909.8071667,589.1717041,2.527533433,389.4898438,-120.3850944,48.5737538,947.7653,1685.321962,6.090804826,21.72880754,10.34943199,55.17424393,29.42300415,1.668337957,79.97750092,2.873691607,0.960797095,144.5204865,1464.992261,6,1.146940153286801
US_0008517,2013,567.0854102,902.4835,586.281543,2.527533433,389.6195007,-120.3850944,48.5737538,947.7653,1685.321962,6.090804826,21.72880754,10.34943199,55.17424393,29.42300415,1.668337957,83.09781952,2.856629133,0.99254657,143.3514069,1448.151758,6,1.1598748375024917
US_0008517,2014,605.0373478,931.0073333,584.6235352,2.527533433,393.3653381,-120.3850944,48.5737538,947.7653,1685.321962,6.090804826,21.72880754,10.34943199,55.17424393,29.42300415,1.668337957,80.86997223,2.862958288,1.010790759,141.3796204,1428.455933,6,1.159347994343689
US_0008517,2015,585.5542457,904.322,608.2518677,2.527533433,385.986499,-120.3850944,48.5737538,947.7653,1685.321962,6.090804826,21.72880754,10.34943199,55.17424393,29.42300415,1.668337957,76.81972351,2.844048595,1.057197986,143.6393433,1411.005103,6,1.0973097229164794
US_0008517,2016,447.6201908,920.4851667,627.4863525,2.527533433,396.0194946,-120.3850944,48.5737538,947.7653,1685.321962,6.090804826,21.72880754,10.34943199,55.17424393,29.42300415,1.668337957,79.66134796,2.842531872,1.092969727,143.7792328,1408.572852,6,1.0969930291773007
US_0008519,1995,193.1247374,874.2782143,612.7979736,2.705876158,430.9819275,-120.1864734,48.4770898,1283.804,1586.510515,5.941440148,21.66545381,10.17485142,55.4888382,29.24645233,1.554035584,75.08334351,2.820044518,1.075911548,145.8924683,1900.305835,6,1.3635671650989343
US_0008519,1996,257.344207,920.0808333,611.7909546,2.705876158,426.3077515,-120.1864734,48.4770898,1283.804,1586.510515,5.941440148,21.66545381,10.17485142,55.4888382,29.24645233,1.554035584,75.98534698,2.819985008,1.073141113,145.5030151,1940.633398,6,1.286493594242663
US_0008519,1997,308.150164,955.9591667,592.2358276,2.705876158,420.3819214,-120.1864734,48.4770898,1283.804,1586.510515,5.941440148,21.66545381,10.17485142,55.4888382,29.24645233,1.554035584,80.95608063,2.838344145,1.071525635,144.1061707,1942.968408,6,1.2687248583322235
US_0008519,1998,338.037014,1021.722024,610.9279663,2.705876158,406.1329895,-120.1864734,48.4770898,1283.804,1586.510515,5.941440148,21.66545381,10.17485142,55.4888382,29.24645233,1.554035584,83.47360077,2.856201267,1.079615698,145.3235809,1956.515527,6,1.1010958570915699
US_0008519,1999,389.8804867,1034.150476,593.5459473,2.705876158,403.6306091,-120.1864734,48.4770898,1283.804,1586.510515,5.941440148,21.66545381,10.17485142,55.4888382,29.24645233,1.554035584,85.60076447,2.875747919,1.071326172,144.7905396,1983.584424,6,1.1163993981297433
US_0008519,2000,358.7861241,958.0152381,601.1281006,2.705876158,398.173938,-120.1864734,48.4770898,1283.804,1586.510515,5.941440148,21.66545381,10.17485142,55.4888382,29.24645233,1.554035584,83.23716431,2.853492975,1.070293823,145.58414,2009.146313,6,1.1276630794265232
US_0008519,2001,298.5240445,909.8021429,615.0914185,2.705876158,410.7914368,-120.1864734,48.4770898,1283.804,1586.510515,5.941440148,21.66545381,10.17485142,55.4888382,29.24645233,1.554035584,79.07303772,2.866107082,1.079115454,146.3462524,2029.296924,6,1.2021363143525299
US_0008519,2002,259.8791772,840.6590476,633.3,2.705876158,382.0585815,-120.1864734,48.4770898,1283.804,1586.510515,5.941440148,21.66545381,10.17485142,55.4888382,29.24645233,1.554035584,72.89223557,2.866353083,1.082296826,148.4964508,2028.166382,6,1.0896709711007793
US_0008519,2003,230.175114,785.6171429,643.1004761,2.705876158,372.6504822,-120.1864734,48.4770898,1283.804,1586.510515,5.941440148,21.66545381,10.17485142,55.4888382,29.24645233,1.554035584,69.11296921,2.886571312,1.077152002,149.2997437,2056.497485,6,1.082478581362052
US_0008519,2004,189.9593578,770.3096429,655.1960693,2.705876158,389.399292,-120.1864734,48.4770898,1283.804,1586.510515,5.941440148,21.66545381,10.17485142,55.4888382,29.24645233,1.554035584,67.83125076,2.862273693,1.09367207,149.304126,2056.518726,6,1.1601476057806492
US_0008519,2005,178.9337519,796.3990476,661.2213013,2.705876158,392.0875061,-120.1864734,48.4770898,1283.804,1586.510515,5.941440148,21.66545381,10.17485142,55.4888382,29.24645233,1.554035584,67.98528824,2.860668564,1.110042505,148.5415131,2040.441479,6,1.134986450354213
US_0008519,2006,244.1424647,852.2209524,660.3852417,2.705876158,379.4507202,-120.1864734,48.4770898,1283.804,1586.510515,5.941440148,21.66545381,10.17485142,55.4888382,29.24645233,1.554035584,68.37167587,2.861461258,1.076251416,149.1281219,2043.900757,6,1.0295322872267905
US_0008519,2007,264.4807917,877.7938095,654.6225098,2.705876158,392.8234558,-120.1864734,48.4770898,1283.804,1586.510515,5.941440148,21.66545381,10.17485142,55.4888382,29.24645233,1.554035584,67.47482986,2.851112032,1.047866895,147.4733337,2085.584814,6,1.0731858385430348
US_0008519,2008,286.9506141,869.9654762,643.5209717,2.705876158,409.6457214,-120.1864734,48.4770898,1283.804,1586.510515,5.941440148,21.66545381,10.17485142,55.4888382,29.24645233,1.554035584,68.3376976,2.844707251,1.030232751,147.1631073,2075.286719,6,1.176597453976629
US_0008519,2009,277.2651991,861.8055952,646.7543091,2.705876158,393.4102478,-120.1864734,48.4770898,1283.804,1586.510515,5.941440148,21.66545381,10.17485142,55.4888382,29.24645233,1.554035584,69.79549637,2.860588169,1.004419434,148.9578705,2047.225537,6,1.1013748648853252
US_0008519,2010,323.7303257,899.7958333,626.1869263,2.705876158,395.2093018,-120.1864734,48.4770898,1283.804,1586.510515,5.941440148,21.66545381,10.17485142,55.4888382,29.24645233,1.554035584,72.81395798,2.881557417,0.945019434,147.5936584,2007.50979,6,1.1119741067622153
US_0008519,2011,342.4208797,852.4935714,610.0835938,2.705876158,389.5285889,-120.1864734,48.4770898,1283.804,1586.510515,5.941440148,21.66545381,10.17485142,55.4888382,29.24645233,1.554035584,73.44749069,2.885941267,0.94693573,145.7721527,1960.254712,6,1.1554849058917716
US_0008519,2012,350.7029956,877.6989286,608.0897705,2.705876158,386.8333496,-120.1864734,48.4770898,1283.804,1586.510515,5.941440148,21.66545381,10.17485142,55.4888382,29.24645233,1.554035584,76.28387146,2.90167942,0.937574597,145.143399,1892.092871,6,1.1233410245013935
US_0008519,2013,364.0774043,870.909881,605.3661987,2.705876158,387.8125244,-120.1864734,48.4770898,1283.804,1586.510515,5.941440148,21.66545381,10.17485142,55.4888382,29.24645233,1.554035584,79.14644012,2.884857082,0.969474219,143.9759094,1871.161963,6,1.1391815956418614
US_0008519,2014,376.0619178,899.2654762,603.7894043,2.705876158,391.329303,-120.1864734,48.4770898,1283.804,1586.510515,5.941440148,21.66545381,10.17485142,55.4888382,29.24645233,1.554035584,76.92809753,2.890692425,0.988689905,142.0309509,1835.271729,6,1.1353358070197959
US_0008519,2015,349.546932,872.8359524,627.6391724,2.705876158,381.9477478,-120.1864734,48.4770898,1283.804,1586.510515,5.941440148,21.66545381,10.17485142,55.4888382,29.24645233,1.554035584,73.0300705,2.871816444,1.031175793,144.2774689,1807.302051,6,1.0711831798241118
US_0008519,2016,263.5085303,888.6517857,646.6222656,2.705876158,391.2599976,-120.1864734,48.4770898,1283.804,1586.510515,5.941440148,21.66545381,10.17485142,55.4888382,29.24645233,1.554035584,75.87840424,2.869785738,1.064135107,144.413736,1801.445166,6,1.0698234838056981
US_0008529,2000,534.8006674,962.6678571,745.4326538,5.353571494,390.8967224,-120.250634,47.663185,1059.243,1296.589385,5.496060813,24.63831816,16.29655647,41.41135025,40.01849365,1.338954229,91.39922638,3.173545837,1.329250928,150.294342,3185.538867,6,0.9048779894438496
US_0008529,2001,448.9948467,892.3318367,763.3182739,5.353571494,398.5041687,-120.250634,47.663185,1059.243,1296.589385,5.496060813,24.63831816,16.29655647,41.41135025,40.01849365,1.338954229,87.19432678,3.179150343,1.334744971,151.1136719,3182.819482,6,0.955897099820691
US_0008529,2002,408.1946903,851.1933673,785.6008423,5.353571494,370.6751831,-120.250634,47.663185,1059.243,1296.589385,5.496060813,24.63831816,16.29655647,41.41135025,40.01849365,1.338954229,82.36794281,3.184498119,1.330606689,153.2540192,3137.945313,6,0.8768318301121709
US_0008529,2003,389.3688684,798.7507143,798.3270508,5.353571494,363.2752869,-120.250634,47.663185,1059.243,1296.589385,5.496060813,24.63831816,16.29655647,41.41135025,40.01849365,1.338954229,79.51800079,3.193069601,1.329354468,154.0154999,3142.456445,6,0.8800497961003645
US_0008529,2004,332.9830245,781.6783673,810.960437,5.353571494,378.4119263,-120.250634,47.663185,1059.243,1296.589385,5.496060813,24.63831816,16.29655647,41.41135025,40.01849365,1.338954229,76.17496643,3.162474346,1.355620239,154.1871918,3137.9896,6,0.9320372840155121
US_0008529,2005,298.8944622,815.5306122,816.080127,5.353571494,387.2008179,-120.250634,47.663185,1059.243,1296.589385,5.496060813,24.63831816,16.29655647,41.41135025,40.01849365,1.338954229,76.26161652,3.162686968,1.374526636,153.2752167,3131.879688,6,0.9301089661934272
US_0008529,2006,356.7223625,893.7967347,812.8684814,5.353571494,385.1457153,-120.250634,47.663185,1059.243,1296.589385,5.496060813,24.63831816,16.29655647,41.41135025,40.01849365,1.338954229,79.2397644,3.180272913,1.349544409,153.5761414,3164.815039,6,0.8736208996946182
US_0008529,2007,370.120344,899.9910204,804.3894775,5.353571494,392.8953064,-120.250634,47.663185,1059.243,1296.589385,5.496060813,24.63831816,16.29655647,41.41135025,40.01849365,1.338954229,79.24506073,3.176850319,1.340516016,151.890921,3251.66792,6,0.8987032116164847
US_0008529,2008,373.2052062,876.8431633,791.0353027,5.353571494,402.6225525,-120.250634,47.663185,1059.243,1296.589385,5.496060813,24.63831816,16.29655647,41.41135025,40.01849365,1.338954229,79.58892059,3.184202337,1.330267651,151.4227051,3262.040967,6,0.9553142110212572
US_0008529,2009,373.4852635,873.4632653,791.0743774,5.353571494,389.1975525,-120.250634,47.663185,1059.243,1296.589385,5.496060813,24.63831816,16.29655647,41.41135025,40.01849365,1.338954229,83.39566345,3.205226994,1.30445835,152.8350769,3225.148877,6,0.9147801552009388
US_0008529,2010,407.8872506,910.2697959,768.7560181,5.353571494,399.8761169,-120.250634,47.663185,1059.243,1296.589385,5.496060813,24.63831816,16.29655647,41.41135025,40.01849365,1.338954229,87.42264557,3.22887063,1.26576123,151.5264893,3150.469922,6,0.9433919001418927
US_0008529,2011,424.2219952,843.5452041,749.4623535,5.353571494,391.8584656,-120.250634,47.663185,1059.243,1296.589385,5.496060813,24.63831816,16.29655647,41.41135025,40.01849365,1.338954229,85.55568085,3.228622389,1.296163623,149.8087677,3059.78418,6,0.9819778625246971
US_0008529,2012,423.3606057,891.9653061,746.8908447,5.353571494,397.0744995,-120.250634,47.663185,1059.243,1296.589385,5.496060813,24.63831816,16.29655647,41.41135025,40.01849365,1.338954229,87.84997711,3.24579072,1.289311328,148.9038635,2933.833447,6,0.9670765150354248
US_0008529,2013,424.5609807,880.5985714,746.8155396,5.353571494,405.203894,-120.250634,47.663185,1059.243,1296.589385,5.496060813,24.63831816,16.29655647,41.41135025,40.01849365,1.338954229,89.23373871,3.226820469,1.339304419,147.9541687,2881.130371,6,1.0039559815473433
US_0008529,2014,442.150889,916.1128571,749.4001221,5.353571494,409.4683777,-120.250634,47.663185,1059.243,1296.589385,5.496060813,24.63831816,16.29655647,41.41135025,40.01849365,1.338954229,85.95306854,3.235894442,1.379869971,146.401062,2813.29248,6,0.9904086269257967
US_0008529,2015,430.9979762,898.1672449,778.0048218,5.353571494,390.927063,-120.250634,47.663185,1059.243,1296.589385,5.496060813,24.63831816,16.29655647,41.41135025,40.01849365,1.338954229,82.58178253,3.215145206,1.418796997,148.8539215,3151.436914,6,0.9148449369154369
US_0008529,2016,358.5534724,925.3415306,800.1855347,5.353571494,395.0432861,-120.250634,47.663185,1059.243,1296.589385,5.496060813,24.63831816,16.29655647,41.41135025,40.01849365,1.338954229,85.98004913,3.204338264,1.414775391,149.3939728,3548.750146,6,0.8930557966493871
US_0008809,2000,476.1912258,523.4316667,785.760022,6.488247871,326.6850037,-118.5760531,44.35793778,106.158,1874.170947,5.102641794,20.07583385,16.875,29.79166603,51.70833206,0.929350156,39.97000008,3.261083317,1.085700879,171.2074982,684.5942261,6,1.0618132508582554
US_0008809,2006,369.5465946,481.6133333,833.2366943,6.488247871,318.1016785,-118.5760531,44.35793778,106.158,1874.170947,5.102641794,20.07583385,16.875,29.79166603,51.70833206,0.929350156,32.86986084,3.157319403,1.090653735,173.4908295,570.5523254,6,1.0674961779954861
US_0008809,2007,395.2170973,486.4116667,834.660022,6.488247871,326.6266663,-118.5760531,44.35793778,106.158,1874.170947,5.102641794,20.07583385,16.875,29.79166603,51.70833206,0.929350156,33.28722153,3.163166571,1.081238892,173.365271,540.668335,6,1.102658217649668
US_0008809,2008,416.6743272,453.3816667,826.243335,6.488247871,324.5716675,-118.5760531,44.35793778,106.158,1874.170947,5.102641794,20.07583385,16.875,29.79166603,51.70833206,0.929350156,30.85041542,3.203069353,1.074100879,174.0452698,531.1269531,6,1.1914498566907403
US_0008809,2009,428.0748823,446.42,823.3550049,6.488247871,322.9049988,-118.5760531,44.35793778,106.158,1874.170947,5.102641794,20.07583385,16.875,29.79166603,51.70833206,0.929350156,30.23597069,3.225555372,1.07112959,174.8993011,504.0191467,6,1.2060723888378708
US_0008809,2010,436.5343633,453.8483333,803.6083252,6.488247871,330.1900024,-118.5760531,44.35793778,106.158,1874.170947,5.102641794,20.07583385,16.875,29.79166603,51.70833206,0.929350156,32.61069298,3.270610952,1.027669409,173.8300049,459.7678528,6,1.2517450073132135
US_0008809,2011,450.1473403,443.4433333,777.3199951,6.488247871,323.5533386,-118.5760531,44.35793778,106.158,1874.170947,5.102641794,20.07583385,16.875,29.79166603,51.70833206,0.929350156,31.12319412,3.267027617,1.01254718,172.812088,432.8760254,6,1.2672717693296467
US_0008809,2012,468.3348273,477.4733333,777.7700073,6.488247871,326.1216797,-118.5760531,44.35793778,106.158,1874.170947,5.102641794,20.07583385,16.875,29.79166603,51.70833206,0.929350156,30.9538887,3.299638748,1.009712952,172.0618103,408.5603638,6,1.1733363825414072
US_0008809,2013,440.9410953,480.3683333,776.1383545,6.488247871,339.4000061,-118.5760531,44.35793778,106.158,1874.170947,5.102641794,20.07583385,16.875,29.79166603,51.70833206,0.929350156,32.05500031,3.261458206,1.051254651,171.5106995,363.3414368,6,1.2565138275589767
US_0008809,2014,444.3592717,508.5066667,784.3616943,6.488247871,330.6283447,-118.5760531,44.35793778,106.158,1874.170947,5.102641794,20.07583385,16.875,29.79166603,51.70833206,0.929350156,32.53458405,3.277388763,1.097846326,171.3286194,347.1624817,6,1.1157580848941102
US_0008809,2015,424.3862537,484.875,816.4150391,6.488247871,324.4183411,-118.5760531,44.35793778,106.158,1874.170947,5.102641794,20.07583385,16.875,29.79166603,51.70833206,0.929350156,31.74166718,3.226874924,1.202879651,173.3670898,355.8228333,6,1.1085628880911707
US_0009083,1994,66.5718773,682.9116667,1040.501709,10.38183775,546.4783569,-122.722255,42.2159641,457.5751,1133.949063,4.938956015,22.04945972,25.41581726,39.15561295,33.4821434,2.124712532,134.1143723,2.887347078,1.895548828,177.2597229,14375.94238,6,1.7529644383516725
US_0009083,1995,99.16527579,774.0625,1052.087097,10.38183775,575.5746094,-122.722255,42.2159641,457.5751,1133.949063,4.938956015,22.04945972,25.41581726,39.15561295,33.4821434,2.124712532,148.7469757,2.938048553,1.892657544,175.5638885,14525.91211,6,1.6083067562992526
US_0009083,1996,161.3194155,910.3504167,1067.647498,10.38183775,609.3529419,-122.722255,42.2159641,457.5751,1133.949063,4.938956015,22.04945972,25.41581726,39.15561295,33.4821434,2.124712532,163.3676025,2.990288162,1.890878516,174.2475006,14677.97637,6,1.4546179006357292
US_0009083,1997,217.7603431,928.6266667,1046.834167,10.38183775,643.3208496,-122.722255,42.2159641,457.5751,1133.949063,4.938956015,22.04945972,25.41581726,39.15561295,33.4821434,2.124712532,178.7672562,3.00101738,1.903837036,173.1744843,14958.59961,6,1.634611623238502
US_0009083,1998,272.6424343,1000.160833,1046.291272,10.38183775,637.7279297,-122.722255,42.2159641,457.5751,1133.949063,4.938956015,22.04945972,25.41581726,39.15561295,33.4821434,2.124712532,185.2409378,3.030222178,1.904829395,171.7182343,15318.51055,6,1.4679822438592505
US_0009083,1999,311.4422239,1035.545833,1036.667542,10.38183775,669.4779297,-122.722255,42.2159641,457.5751,1133.949063,4.938956015,22.04945972,25.41581726,39.15561295,33.4821434,2.124712532,194.836496,3.071801996,1.893326221,170.983786,15694.30879,6,1.5871413196689377
US_0009083,2000,303.3159185,969.15,1045.326721,10.38183775,655.4441772,-122.722255,42.2159641,457.5751,1133.949063,4.938956015,22.04945972,25.41581726,39.15561295,33.4821434,2.124712532,186.5401428,3.043034649,1.880288477,172.2405853,15961.8418,6,1.6203353880557834
US_0009083,2001,234.7979885,831.8954167,1050.551306,10.38183775,594.5700073,-122.722255,42.2159641,457.5751,1133.949063,4.938956015,22.04945972,25.41581726,39.15561295,33.4821434,2.124712532,165.1791687,3.008756876,1.86763501,173.752359,16002.86133,6,1.5684467865147498
US_0009083,2002,188.2991925,834.8279167,1072.832971,10.38183775,562.703772,-122.722255,42.2159641,457.5751,1133.949063,4.938956015,22.04945972,25.41581726,39.15561295,33.4821434,2.124712532,161.7171539,3.030204773,1.854201367,176.3601715,16098.78984,6,1.361153429720237
US_0009083,2003,142.0213177,760.4883333,1103.46377,10.38183775,559.1283447,-122.722255,42.2159641,457.5751,1133.949063,4.938956015,22.04945972,25.41581726,39.15561295,33.4821434,2.124712532,154.3167023,3.014586735,1.866539624,178.4745453,15926.39785,6,1.4798470066674418
US_0009083,2004,118.3999596,774.3104167,1114.850415,10.38183775,566.1891724,-122.722255,42.2159641,457.5751,1133.949063,4.938956015,22.04945972,25.41581726,39.15561295,33.4821434,2.124712532,154.9517731,2.988878489,1.88994541,178.8348236,15745.84766,6,1.4711810674799606
US_0009083,2005,110.0062238,817.7645833,1109.08457,10.38183775,563.5345947,-122.722255,42.2159641,457.5751,1133.949063,4.938956015,22.04945972,25.41581726,39.15561295,33.4821434,2.124712532,160.0900024,3.004871559,1.920990259,178.2140961,15820.4041,6,1.3617538968675509
US_0009083,2006,151.362656,864.0920833,1098.86665,10.38183775,595.1229248,-122.722255,42.2159641,457.5751,1133.949063,4.938956015,22.04945972,25.41581726,39.15561295,33.4821434,2.124712532,179.2656616,3.045065928,1.924940771,177.6507629,16123.26855,6,1.435765383088323
US_0009083,2007,162.3611286,853.39125,1083.794971,10.38183775,607.875,-122.722255,42.2159641,457.5751,1133.949063,4.938956015,22.04945972,25.41581726,39.15561295,33.4821434,2.124712532,180.9747223,3.03241663,1.958268115,176.2913177,16333.98086,6,1.548030753917898
US_0009083,2008,164.0523108,828.2916667,1076.65,10.38183775,591.3362427,-122.722255,42.2159641,457.5751,1133.949063,4.938956015,22.04945972,25.41581726,39.15561295,33.4821434,2.124712532,177.6727081,3.049270821,1.955649951,177.8354523,16506.3209,6,1.5230802157934913
US_0009083,2009,155.4390906,777.46,1072.594604,10.38183775,579.6849976,-122.722255,42.2159641,457.5751,1133.949063,4.938956015,22.04945972,25.41581726,39.15561295,33.4821434,2.124712532,169.5457947,3.055989552,1.960847192,177.9061523,16487.01406,6,1.5971185530721852
US_0009083,2010,146.3658416,763.4516667,1064.677954,10.38183775,587.7062378,-122.722255,42.2159641,457.5751,1133.949063,4.938956015,22.04945972,25.41581726,39.15561295,33.4821434,2.124712532,165.2259308,3.100992966,1.941690796,176.1738647,16326.7375,6,1.713440819028718
US_0009083,2011,144.6215089,722.8579167,1043.870032,10.38183775,592.519165,-122.722255,42.2159641,457.5751,1133.949063,4.938956015,22.04945972,25.41581726,39.15561295,33.4821434,2.124712532,162.223465,3.07272563,1.971595557,175.1515015,15954.55859,6,1.9813439122945726
US_0009083,2012,149.2427765,795.4516667,1044.531726,10.38183775,597.255835,-122.722255,42.2159641,457.5751,1133.949063,4.938956015,22.04945972,25.41581726,39.15561295,33.4821434,2.124712532,161.1490601,3.109586668,1.971723438,173.4299713,15448.36328,6,1.702572014100996
US_0009083,2013,138.9553638,735.10375,1038.863391,10.38183775,603.1796021,-122.722255,42.2159641,457.5751,1133.949063,4.938956015,22.04945972,25.41581726,39.15561295,33.4821434,2.124712532,158.1554504,3.07177763,2.013195532,173.8545135,15159.93418,6,2.0330626119348816
US_0009083,2014,138.4040051,801.1479167,1058.174207,10.38183775,619.4691772,-122.722255,42.2159641,457.5751,1133.949063,4.938956015,22.04945972,25.41581726,39.15561295,33.4821434,2.124712532,155.9512833,3.070607424,2.038272607,173.2080536,14990.44668,6,1.8299088472508918
US_0009083,2015,143.9039967,757.6658333,1085.030847,10.38183775,590.2158447,-122.722255,42.2159641,457.5751,1133.949063,4.938956015,22.04945972,25.41581726,39.15561295,33.4821434,2.124712532,152.0509384,3.00676713,2.079032617,177.2855164,14843.9623,6,1.7244708076297137
US_0009083,2016,150.2877099,814.08875,1113.945435,10.38183775,591.5862549,-122.722255,42.2159641,457.5751,1133.949063,4.938956015,22.04945972,25.41581726,39.15561295,33.4821434,2.124712532,156.2897568,3.01580534,2.069165503,178.228952,14899.50176,6,1.5147062610547557
US_0009109,2001,2107.6446,1190.950667,346.397345,2.041453086,332.9386902,-134.710401,58.85162387,62.10293,877.9898517,8.273439527,24.66289844,13.32291698,39.26041794,31.77922058,2.331371804,60.80422211,3.160966635,0.464889294,100.6855606,4.633444548,6,2.0144519593673262
US_0009109,2002,1957.070351,1084.109333,346.5720154,2.041453086,332.6773499,-134.710401,58.85162387,62.10293,877.9898517,8.273439527,24.66289844,13.32291698,39.26041794,31.77922058,2.331371804,60.66055527,3.186688852,0.459080969,100.1454514,4.13143959,6,2.1098390036672883
US_0009109,2003,1905.861637,1128.561333,337.6093567,2.041453086,330.084021,-134.710401,58.85162387,62.10293,877.9898517,8.273439527,24.66289844,13.32291698,39.26041794,31.77922058,2.331371804,61.95377655,3.180455494,0.463728583,100.03367,3.879465628,6,2.3959515674210463
US_0009109,2004,1922.270656,1128.378667,353.1680237,2.041453086,342.3386841,-134.710401,58.85162387,62.10293,877.9898517,8.273439527,24.66289844,13.32291698,39.26041794,31.77922058,2.331371804,61.41233292,3.175766563,0.504157153,102.2323364,3.671402407,6,2.25579681018039
US_0009109,2005,1959.46151,1179.462667,365.0200195,2.041453086,354.2813416,-134.710401,58.85162387,62.10293,877.9898517,8.273439527,24.66289844,13.32291698,39.26041794,31.77922058,2.331371804,61.42533264,3.190222073,0.531321442,102.1455566,3.17281909,6,2.2668975531459377
US_0009109,2006,1954.500353,1207.030667,371.5013611,2.041453086,359.3186829,-134.710401,58.85162387,62.10293,877.9898517,8.273439527,24.66289844,13.32291698,39.26041794,31.77922058,2.331371804,61.20555496,3.204299831,0.552535718,100.8108887,2.486867975,6,2.1897920189282436
US_0009109,2007,1913.945745,1289.781333,370.2880188,2.041453086,358.1520142,-134.710401,58.85162387,62.10293,877.9898517,8.273439527,24.66289844,13.32291698,39.26041794,31.77922058,2.331371804,61.29322205,3.191466475,0.564082141,99.98099823,1.707550255,6,2.1021079505872415
US_0009109,2008,1988.575431,1348.998667,364.7853516,2.041453086,354.5733459,-134.710401,58.85162387,62.10293,877.9898517,8.273439527,24.66289844,13.32291698,39.26041794,31.77922058,2.331371804,61.79555588,3.21586647,0.537832141,97.34466553,1.023155811,6,2.1241053771327962
US_0009109,2009,1943.322951,1376.16,357.5493469,2.041453086,350.397345,-134.710401,58.85162387,62.10293,877.9898517,8.273439527,24.66289844,13.32291698,39.26041794,31.77922058,2.331371804,62.72511139,3.199055338,0.513198804,97.40733337,0.372440439,6,2.26974219274188
US_0009109,2010,1852.878523,1322.626667,361.090686,2.041453086,350.4893433,-134.710401,58.85162387,62.10293,877.9898517,8.273439527,24.66289844,13.32291698,39.26041794,31.77922058,2.331371804,61.84511108,3.182122087,0.513449988,99.05200195,0.059827,6,2.1075927214212338
US_0009109,2011,1836.659462,1321.829333,364.3840027,2.041453086,354.7466736,-134.710401,58.85162387,62.10293,877.9898517,8.273439527,24.66289844,13.32291698,39.26041794,31.77922058,2.331371804,61.94077759,3.18768878,0.504486902,100.7548935,0.059480125,6,2.1808175137626633
US_0009109,2012,1858.714557,1310.76,356.5373413,2.041453086,346.3280151,-134.710401,58.85162387,62.10293,877.9898517,8.273439527,24.66289844,13.32291698,39.26041794,31.77922058,2.331371804,61.85922165,3.209777689,0.502717859,100.6095596,0.051565083,6,2.117874573444765
US_0009109,2013,1895.722084,1236.041333,366.247998,2.041453086,351.9173401,-134.710401,58.85162387,62.10293,877.9898517,8.273439527,24.66289844,13.32291698,39.26041794,31.77922058,2.331371804,60.76810989,3.176411009,0.552853577,103.2518936,0.501120518,6,2.0317286398212
US_0009109,2014,1902.656018,1191.061333,361.4480042,2.041453086,351.5359985,-134.710401,58.85162387,62.10293,877.9898517,8.273439527,24.66289844,13.32291698,39.26041794,31.77922058,2.331371804,61.33188705,3.15847764,0.592882166,101.9528915,17.51667068,6,2.2846210448179898
US_0009109,2015,1950.072215,1209.508,358.6373352,2.041453086,351.9333313,-134.710401,58.85162387,62.10293,877.9898517,8.273439527,24.66289844,13.32291698,39.26041794,31.77922058,2.331371804,62.16422119,3.176310968,0.634864307,100.4023346,46.38243544,6,2.4945082466185142
US_0009109,2016,1740.23628,1186.9,364.2320129,2.041453086,356.589325,-134.710401,58.85162387,62.10293,877.9898517,8.273439527,24.66289844,13.32291698,39.26041794,31.77922058,2.331371804,61.91444397,3.152288771,0.696827393,99.43277893,68.69349868,6,2.4731953008329697
ZA_0000040,1989,1657.66,840.77,1252.59,16.95499954,667.8250122,19.0729,-34.0646,39.1116,975.3436356,7.743101915,18.14070063,23.4375,49.6875,24.25,1.533061147,33.56250191,4.017499924,1.613462549,211.9679138,1587.22124,6,1.7526447412855943
ZA_0000040,1990,1641.49,836.19,1246.89,16.95499954,646.4400146,19.0729,-34.0646,39.1116,975.3436356,7.743101915,18.14070063,23.4375,49.6875,24.25,1.533061147,35.68833542,4.167083263,1.624887549,212.5245819,1654.721045,6,1.6302487720164591
ZA_0000040,1991,1617.23,831.23,1235.78,16.95499954,645.7650146,19.0729,-34.0646,39.1116,975.3436356,7.743101915,18.14070063,23.4375,49.6875,24.25,1.533061147,36.73750229,4.071041584,1.650116724,212.4295807,1737.123779,6,1.6551609270671188
ZA_0000040,1992,1735.18,820.18,1235.02,16.95499954,648.8300293,19.0729,-34.0646,39.1116,975.3436356,7.743101915,18.14070063,23.4375,49.6875,24.25,1.533061147,37.14166946,4.267499924,1.644687549,212.8441681,1826.949658,6,1.7166584403438583
ZA_0000072,1989,512.46,427.44,1344.02,16.12666607,404.0000061,19.6187,-33.4604,15.684,1279.688548,13.74533045,13.74533045,17.0,58.25,17.75,1.1951,6.586666727,2.923333168,0.416975006,220.3966675,186.126767,6,1.9016111246695095
ZA_0000072,1990,512.46,415.38,1345.16,16.12666607,394.0200073,19.6187,-33.4604,15.684,1279.688548,13.74533045,13.74533045,17.0,58.25,17.75,1.1951,7.058333826,2.984166384,0.420475006,221.2116669,192.3033478,6,1.9094544600696133
ZA_0000072,1991,551.88,421.12,1338.52,16.12666607,393.6400024,19.6187,-33.4604,15.684,1279.688548,13.74533045,13.74533045,17.0,58.25,17.75,1.1951,7.341667032,3.00333333,0.429154169,220.8966644,201.0894897,6,1.7801372622372056
ZA_0000072,1992,592.92,423.94,1338.3,16.12666607,394.7000061,19.6187,-33.4604,15.684,1279.688548,13.74533045,13.74533045,17.0,58.25,17.75,1.1951,8.928333616,3.093333244,0.441341663,221.2766632,190.843866,6,1.7522753990805775
ZA_0000072,1993,611.01,449.0,1340.66,16.12666607,415.1200134,19.6187,-33.4604,15.684,1279.688548,13.74533045,13.74533045,17.0,58.25,17.75,1.1951,11.18500042,3.001666784,0.449145831,221.5949951,206.0315735,6,1.751092264644597
ZA_0000072,1994,571.59,413.22,1346.18,16.12666607,374.9400146,19.6187,-33.4604,15.684,1279.688548,13.74533045,13.74533045,17.0,58.25,17.75,1.1951,12.00166702,2.933333158,0.45215,222.8766602,218.3891846,6,1.5423714775359463
ZA_0000072,1995,551.88,408.56,1342.18,16.12666607,370.5800232,19.6187,-33.4604,15.684,1279.688548,13.74533045,13.74533045,17.0,58.25,17.75,1.1951,10.63999996,2.979999781,0.456391663,222.2083221,236.2163208,6,1.5334641654586056
ZA_0000072,1996,592.92,434.12,1336.6,16.12666607,400.860022,19.6187,-33.4604,15.684,1279.688548,13.74533045,13.74533045,17.0,58.25,17.75,1.1951,11.01000004,3.279999733,0.456929163,220.7999908,253.1211426,6,1.7105456590626205
ZA_0000072,1997,532.17,418.0,1339.94,16.12666607,386.9800171,19.6187,-33.4604,15.684,1279.688548,13.74533045,13.74533045,17.0,58.25,17.75,1.1951,10.39833355,3.109999895,0.455745837,220.3499969,266.7310852,6,1.691822153435407
ZA_0000072,1998,492.75,408.78,1337.5,16.12666607,381.5000183,19.6187,-33.4604,15.684,1279.688548,13.74533045,13.74533045,17.0,58.25,17.75,1.1951,9.478333282,3.082499743,0.456841669,219.5700043,269.4008667,6,1.7375237631510865
ZA_0000072,1999,473.04,414.76,1345.84,16.12666607,394.0400085,19.6187,-33.4604,15.684,1279.688548,13.74533045,13.74533045,17.0,58.25,17.75,1.1951,8.236666775,3.114166498,0.457108337,218.9916718,276.2444885,6,1.9253266956234114
ZA_0000072,2000,454.57,388.02,1352.5,16.12666607,368.9600037,19.6187,-33.4604,15.684,1279.688548,13.74533045,13.74533045,17.0,58.25,17.75,1.1951,7.543333483,3.098333359,0.456254175,219.8866791,267.8261658,6,1.8589551698270026
ZA_0000072,2001,413.91,362.14,1358.76,16.12666607,341.3000061,19.6187,-33.4604,15.684,1279.688548,13.74533045,13.74533045,17.0,58.25,17.75,1.1951,7.038333559,3.205833197,0.456820837,220.1383453,277.5963013,6,1.6981113665068512
ZA_0000072,2002,433.62,372.8,1361.88,16.12666607,351.4600098,19.6187,-33.4604,15.684,1279.688548,13.74533045,13.74533045,17.0,58.25,17.75,1.1951,6.171666765,3.104999781,0.457604163,220.7150055,296.0658875,6,1.7248729028844942
ZA_0000072,2003,413.91,351.4,1364.58,16.12666607,330.7400024,19.6187,-33.4604,15.684,1279.688548,13.74533045,13.74533045,17.0,58.25,17.75,1.1951,5.375000238,2.967499971,0.457024994,221.9649994,351.1161072,6,1.6569695432132394
ZA_0000072,2004,375.52,352.8,1358.22,16.12666607,331.8400085,19.6187,-33.4604,15.684,1279.688548,13.74533045,13.74533045,17.0,58.25,17.75,1.1951,6.270000219,2.920833349,0.491424982,222.5716705,431.4520081,6,1.6584890194844815
ZA_0000072,2005,413.91,361.62,1364.16,16.12666607,340.6400085,19.6187,-33.4604,15.684,1279.688548,13.74533045,13.74533045,17.0,58.25,17.75,1.1951,6.416666842,3.140832901,0.518295819,222.4033295,536.9035339,6,1.6888815760926834
ZA_0000072,2006,394.2,351.0,1369.76,16.12666607,333.8200073,19.6187,-33.4604,15.684,1279.688548,13.74533045,13.74533045,17.0,58.25,17.75,1.1951,6.14166646,3.079999924,0.551383331,223.2283325,620.069281,6,1.752756377693066
ZA_0000072,2007,433.62,358.18,1372.32,16.12666607,339.9000061,19.6187,-33.4604,15.684,1279.688548,13.74533045,13.74533045,17.0,58.25,17.75,1.1951,7.256666613,3.126666784,0.589574994,222.925,707.2498291,6,1.7462455780933956
ZA_0000072,2008,592.92,375.52,1377.16,16.12666607,356.8000061,19.6187,-33.4604,15.684,1279.688548,13.74533045,13.74533045,17.0,58.25,17.75,1.1951,8.009999895,3.313333273,0.632479163,222.243335,733.5760132,6,1.8000305835462649
ZA_0000072,2009,670.14,363.4,1381.3,16.12666607,345.6000061,19.6187,-33.4604,15.684,1279.688548,13.74533045,13.74533045,17.0,58.25,17.75,1.1951,7.924999857,3.220833063,0.639808337,221.5283356,719.9521851,6,1.776289640328195
ZA_0000072,2010,630.72,357.68,1382.98,16.12666607,339.9000061,19.6187,-33.4604,15.684,1279.688548,13.74533045,13.74533045,17.0,58.25,17.75,1.1951,7.859999895,3.220833063,0.654066675,221.318338,677.5081909,6,1.7525616095711216
ZA_0000072,2011,591.3,348.8,1385.0,16.12666607,331.380011,19.6187,-33.4604,15.684,1279.688548,13.74533045,13.74533045,17.0,58.25,17.75,1.1951,7.668333578,3.127499819,0.659408337,221.443335,637.0209351,6,1.7264775478499312
ZA_0000072,2012,533.63,335.28,1381.78,16.12666607,318.5800171,19.6187,-33.4604,15.684,1279.688548,13.74533045,13.74533045,17.0,58.25,17.75,1.1951,7.218333387,3.099166632,0.661187512,221.3316681,597.9111084,6,1.69619630429972
ZA_0000072,2013,473.04,339.04,1380.78,16.12666607,320.460022,19.6187,-33.4604,15.684,1279.688548,13.74533045,13.74533045,17.0,58.25,17.75,1.1951,7.471666861,3.295000076,0.660062512,221.5966675,597.1627563,6,1.6555355048412974
ZA_0000072,2014,492.75,352.6,1381.9,16.12666607,333.660022,19.6187,-33.4604,15.684,1279.688548,13.74533045,13.74533045,17.0,58.25,17.75,1.1951,6.775000143,3.13499999,0.663083337,221.9099945,597.2588135,6,1.6983145257247214
ZA_0000072,2015,473.04,345.62,1380.42,16.12666607,326.0400208,19.6187,-33.4604,15.684,1279.688548,13.74533045,13.74533045,17.0,58.25,17.75,1.1951,8.005000019,2.948333502,0.657633337,222.5616669,582.2056274,6,1.6537696947719913
ZA_0000072,2016,434.81,337.8,1394.56,16.12666607,319.8000183,19.6187,-33.4604,15.684,1279.688548,13.74533045,13.74533045,17.0,58.25,17.75,1.1951,7.019999886,3.047499895,0.6559375,223.8233307,595.1755737,6,1.6592856363114408
ZA_0000072,2017,374.49,307.44,1411.28,16.12666607,291.3000092,19.6187,-33.4604,15.684,1279.688548,13.74533045,13.74533045,17.0,58.25,17.75,1.1951,5.711666584,3.142499924,0.646033337,225.7133301,619.4184082,6,1.5854657132989445
ZA_0000072,2018,295.65,284.14,1420.86,16.12666607,270.9000031,19.6187,-33.4604,15.684,1279.688548,13.74533045,13.74533045,17.0,58.25,17.75,1.1951,3.778333104,3.108333349,0.638204175,226.6300018,617.5032471,6,1.581770659690908
ZA_0000072,2019,216.81,269.62,1436.62,16.12666607,256.1800079,19.6187,-33.4604,15.684,1279.688548,13.74533045,13.74533045,17.0,58.25,17.75,1.1951,3.30833317,2.799999952,0.632966687,227.6500092,634.7806641,6,1.5083379179590066
ZA_0000072,2020,256.93,286.94,1442.48,16.12666607,272.880014,19.6187,-33.4604,15.684,1279.688548,13.74533045,13.74533045,17.0,58.25,17.75,1.1951,2.291666615,3.09166646,0.640104175,227.5033386,644.9288696,6,1.5545827552003644
ZA_0000072,2021,295.65,318.46,1431.64,16.12666607,302.0000031,19.6187,-33.4604,15.684,1279.688548,13.74533045,13.74533045,17.0,58.25,17.75,1.1951,2.996666634,3.033333063,0.299347825,226.3700104,654.9172852,6,1.6085727630557707
ZA_0000072,2022,315.36,332.5,1421.72,16.12666607,315.7400024,19.6187,-33.4604,15.684,1279.688548,13.74533045,13.74533045,17.0,58.25,17.75,1.1951,3.236666596,2.975000143,0.302879233,224.9566803,647.4548462,6,1.659947896470055
ZA_0000092,1989,73.58,370.24,1371.12,16.12666607,351.9999878,19.7229,-33.2854,31.2527,1293.507335,8.925836563,16.51584257,21.5,45.9375,16.875,0.695755988,3.583333278,2.884166718,0.366899982,222.5566681,3393.769824,6,1.7974420382408294
ZA_0000092,1990,63.07,359.12,1372.72,16.12666607,341.2599915,19.7229,-33.2854,31.2527,1293.507335,8.925836563,16.51584257,21.5,45.9375,16.875,0.695755988,3.54833343,2.944166899,0.374904157,223.4299957,3514.604199,6,1.76267939601962
ZA_0000092,1991,73.58,365.08,1366.44,16.12666607,342.6399902,19.7229,-33.2854,31.2527,1293.507335,8.925836563,16.51584257,21.5,45.9375,16.875,0.695755988,4.065000129,2.960833311,0.385845831,223.093338,3669.098145,6,1.66350167237706
ZA_0000092,1992,84.33,366.3,1366.48,16.12666607,343.219989,19.7229,-33.2854,31.2527,1293.507335,8.925836563,16.51584257,21.5,45.9375,16.875,0.695755988,5.201666665,3.050000191,0.400750006,223.4583344,3882.738916,6,1.6524968234330153
ZA_0000092,1993,105.12,388.36,1368.88,16.12666607,364.0799927,19.7229,-33.2854,31.2527,1293.507335,8.925836563,16.51584257,21.5,45.9375,16.875,0.695755988,6.038333368,2.970000267,0.411829175,223.7883392,4092.031494,6,1.7066401494164745
ZA_0000092,1994,94.61,358.06,1374.76,16.12666607,329.9799988,19.7229,-33.2854,31.2527,1293.507335,8.925836563,16.51584257,21.5,45.9375,16.875,0.695755988,6.991666698,2.895833254,0.410912506,225.0850006,4259.817383,6,1.5096240036521997
ZA_0000092,1995,84.1,352.16,1369.96,16.12666607,325.1599976,19.7229,-33.2854,31.2527,1293.507335,8.925836563,16.51584257,21.5,45.9375,16.875,0.695755988,6.166666651,2.933333397,0.405779169,224.3816742,4550.295508,6,1.512149143561034
ZA_0000092,1996,73.79,374.88,1364.22,16.12666607,350.5400024,19.7229,-33.2854,31.2527,1293.507335,8.925836563,16.51584257,21.5,45.9375,16.875,0.695755988,5.558333349,3.232499838,0.402874994,222.9683319,4844.00498,6,1.6567743519495086
ZA_0000092,1997,63.07,362.04,1367.78,16.12666607,338.1600098,19.7229,-33.2854,31.2527,1293.507335,8.925836563,16.51584257,21.5,45.9375,16.875,0.695755988,5.268333483,3.063333273,0.395099988,222.5500031,5183.062402,6,1.6166178105002345
ZA_0000092,1998,42.05,352.98,1365.32,16.12666607,329.6400085,19.7229,-33.2854,31.2527,1293.507335,8.925836563,16.51584257,21.5,45.9375,16.875,0.695755988,5.151666784,3.039999723,0.391904157,221.8249969,5441.549805,6,1.596339162178564
ZA_0000092,1999,31.54,358.68,1373.2,16.12666607,340.9000122,19.7229,-33.2854,31.2527,1293.507335,8.925836563,16.51584257,21.5,45.9375,16.875,0.695755988,4.123333383,3.069999933,0.389274994,221.2050018,5776.640625,6,1.7630536733462607
ZA_0000092,2000,31.62,336.84,1380.4,16.12666607,319.8200134,19.7229,-33.2854,31.2527,1293.507335,8.925836563,16.51584257,21.5,45.9375,16.875,0.695755988,3.90666666,3.043333292,0.390191657,222.1216644,5941.0625,6,1.6933362419346005
ZA_0000092,2001,31.54,314.18,1386.58,16.12666607,297.0200073,19.7229,-33.2854,31.2527,1293.507335,8.925836563,16.51584257,21.5,45.9375,16.875,0.695755988,4.278333282,3.163333178,0.386699994,222.3966675,6085.746387,6,1.5947423375174254
ZA_0000092,2002,42.05,323.24,1389.22,16.12666607,306.4000061,19.7229,-33.2854,31.2527,1293.507335,8.925836563,16.51584257,21.5,45.9375,16.875,0.695755988,3.43166666,3.067500114,0.38865,222.8633301,6169.594434,6,1.638963138959261
ZA_0000092,2003,42.05,304.12,1391.96,16.12666607,287.8600067,19.7229,-33.2854,31.2527,1293.507335,8.925836563,16.51584257,21.5,45.9375,16.875,0.695755988,2.963333321,2.928333044,0.385879163,224.1016663,6412.420117,6,1.5786097279143705
ZA_0000092,2004,31.62,303.5,1386.36,16.12666607,286.8600067,19.7229,-33.2854,31.2527,1293.507335,8.925836563,16.51584257,21.5,45.9375,16.875,0.695755988,3.328333449,2.884166718,0.379908325,224.7316681,6689.825586,6,1.5676790071416016
ZA_0000092,2005,42.05,310.04,1392.36,16.12666607,293.3400055,19.7229,-33.2854,31.2527,1293.507335,8.925836563,16.51584257,21.5,45.9375,16.875,0.695755988,3.526666832,3.090832949,0.372187494,224.5633331,6973.884766,6,1.588793555265215
ZA_0000092,2006,31.54,301.5,1398.32,16.12666607,286.7000092,19.7229,-33.2854,31.2527,1293.507335,8.925836563,16.51584257,21.5,45.9375,16.875,0.695755988,3.070000172,3.044999838,0.370912494,225.4016663,7305.334961,6,1.6108723980086914
ZA_0000092,2007,52.56,307.02,1401.0,16.12666607,291.2000092,19.7229,-33.2854,31.2527,1293.507335,8.925836563,16.51584257,21.5,45.9375,16.875,0.695755988,3.658333492,3.096666574,0.372658319,225.1450012,7721.337305,6,1.5990017864537398
ZA_0000092,2008,105.41,323.44,1405.62,16.12666607,307.0800049,19.7229,-33.2854,31.2527,1293.507335,8.925836563,16.51584257,21.5,45.9375,16.875,0.695755988,4.183333492,3.257499933,0.383474994,224.4099976,7295.637305,6,1.645347445539758
ZA_0000092,2009,115.63,314.72,1409.44,16.12666607,298.9399994,19.7229,-33.2854,31.2527,1293.507335,8.925836563,16.51584257,21.5,45.9375,16.875,0.695755988,4.548333502,3.178333282,0.404129169,223.6966583,6721.585938,6,1.626602983227077
ZA_0000092,2010,105.12,310.8,1411.12,16.12666607,295.2600037,19.7229,-33.2854,31.2527,1293.507335,8.925836563,16.51584257,21.5,45.9375,16.875,0.695755988,4.548333502,3.180000067,0.409804175,223.5199921,6209.324707,6,1.6176312776794664
ZA_0000092,2011,105.12,303.38,1412.88,16.12666607,288.1200073,19.7229,-33.2854,31.2527,1293.507335,8.925836563,16.51584257,21.5,45.9375,16.875,0.695755988,4.686666822,3.071666479,0.413737506,223.638327,5718.387891,6,1.5959112554927117
ZA_0000092,2012,73.79,293.28,1409.52,16.12666607,278.7400024,19.7229,-33.2854,31.2527,1293.507335,8.925836563,16.51584257,21.5,45.9375,16.875,0.695755988,4.400000191,3.051666498,0.416062506,223.4916626,5089.318359,6,1.580286686341005
ZA_0000092,2013,42.05,295.22,1409.34,16.12666607,280.2600098,19.7229,-33.2854,31.2527,1293.507335,8.925836563,16.51584257,21.5,45.9375,16.875,0.695755988,4.843333435,3.251666784,0.417087506,223.7716644,5336.021582,6,1.5745481583836407
ZA_0000092,2014,42.05,307.02,1410.4,16.12666607,292.0000031,19.7229,-33.2854,31.2527,1293.507335,8.925836563,16.51584257,21.5,45.9375,16.875,0.695755988,4.241666698,3.092499733,0.422179169,224.0916687,5514.141113,6,1.6196245141788286
ZA_0000092,2015,52.56,301.04,1408.8,16.12666607,285.5200043,19.7229,-33.2854,31.2527,1293.507335,8.925836563,16.51584257,21.5,45.9375,16.875,0.695755988,5.00999999,2.899999857,0.42765,224.7733398,5720.390332,6,1.580407498178969
ZA_0000092,2016,42.16,293.82,1421.76,16.12666607,279.5399994,19.7229,-33.2854,31.2527,1293.507335,8.925836563,16.51584257,21.5,45.9375,16.875,0.695755988,4.32833333,3.012500048,0.431633337,226.0433411,5950.066016,6,1.5849679122386044
ZA_0000100,1989,38.23,424.65,1344.18,16.41333332,403.4399902,22.9771,-33.5396,31.6955,1101.767839,6.570289612,21.03531996,22.625,48.875,23.625,-0.115068831,0.887083364,3.556041718,0.406775006,211.6462555,179.2630524,6,1.9536353887664617
ZA_0000100,1990,28.67,389.74,1350.32,16.41333332,370.2699951,22.9771,-33.5396,31.6955,1101.767839,6.570289612,21.03531996,22.625,48.875,23.625,-0.115068831,0.835833359,3.639166594,0.409025006,213.4250061,154.8389862,6,1.8551342824929105
ZA_0000100,1991,28.67,384.8,1352.11,16.41333332,365.6449951,22.9771,-33.5396,31.6955,1101.767839,6.570289612,21.03531996,22.625,48.875,23.625,-0.115068831,0.771250021,3.554166555,0.407650006,213.449173,131.8476654,6,1.8429054942802297
ZA_0000100,1992,19.17,409.1,1355.16,16.41333332,388.9549988,22.9771,-33.5396,31.6955,1101.767839,6.570289612,21.03531996,22.625,48.875,23.625,-0.115068831,0.603750014,3.71333313,0.421325006,214.5579224,111.6720917,6,1.9114376848354695
ZA_0000100,1993,28.67,445.51,1360.84,16.41333332,423.0100037,22.9771,-33.5396,31.6955,1101.767839,6.570289612,21.03531996,22.625,48.875,23.625,-0.115068831,0.614166689,3.622499943,0.431708337,214.9350006,136.3870789,6,1.9885737954330946
ZA_0000100,1994,19.11,459.1,1366.59,16.41333332,436.1450073,22.9771,-33.5396,31.6955,1101.767839,6.570289612,21.03531996,22.625,48.875,23.625,-0.115068831,0.725000048,3.539791584,0.4261,215.5100006,168.5399567,6,2.0270864523525987
ZA_0000100,1995,28.67,496.07,1359.76,16.41333332,471.2750122,22.9771,-33.5396,31.6955,1101.767839,6.570289612,21.03531996,22.625,48.875,23.625,-0.115068831,0.757500064,3.649583101,0.431816669,213.8087524,204.1253143,6,2.1376791471332917
ZA_0000100,1996,47.91,530.24,1354.62,16.41333332,502.7950134,22.9771,-33.5396,31.6955,1101.767839,6.570289612,21.03531996,22.625,48.875,23.625,-0.115068831,1.007500052,3.809999943,0.441283331,212.6850006,232.0423859,6,2.216728780148475
ZA_0000100,1997,57.34,510.95,1352.61,16.41333332,485.1750122,22.9771,-33.5396,31.6955,1101.767839,6.570289612,21.03531996,22.625,48.875,23.625,-0.115068831,1.420000041,3.632916689,0.444141663,212.1037476,260.3226288,6,2.181747810567492
ZA_0000100,1998,47.78,492.88,1351.45,16.41333332,468.4700012,22.9771,-33.5396,31.6955,1101.767839,6.570289612,21.03531996,22.625,48.875,23.625,-0.115068831,1.368750012,3.681249857,0.446874994,211.6600006,254.8178772,6,2.143854762944547
ZA_0000100,1999,47.78,480.93,1358.67,16.41333332,456.9,22.9771,-33.5396,31.6955,1101.767839,6.570289612,21.03531996,22.625,48.875,23.625,-0.115068831,1.233749974,3.654791355,0.450041663,211.337915,252.965686,6,2.095929235630389
ZA_0000100,2000,47.91,463.81,1361.5,16.41333332,440.5449951,22.9771,-33.5396,31.6955,1101.767839,6.570289612,21.03531996,22.625,48.875,23.625,-0.115068831,1.324583316,3.58708334,0.450208331,212.1266632,247.9751251,6,2.0426327902185366
ZA_0000100,2001,28.67,455.8,1365.92,16.41333332,433.8299927,22.9771,-33.5396,31.6955,1101.767839,6.570289612,21.03531996,22.625,48.875,23.625,-0.115068831,1.201666665,3.74333334,0.446733331,212.4779114,251.2073853,6,2.0431347300167135
ZA_0000100,2002,28.67,448.81,1371.81,16.41333332,426.5199951,22.9771,-33.5396,31.6955,1101.767839,6.570289612,21.03531996,22.625,48.875,23.625,-0.115068831,0.835833347,3.737708092,0.4389,212.9045807,259.1091217,6,1.9987865069997575
ZA_0000100,2003,38.23,441.87,1376.06,16.41333332,419.505011,22.9771,-33.5396,31.6955,1101.767839,6.570289612,21.03531996,22.625,48.875,23.625,-0.115068831,1.064583385,3.530416489,0.440008337,214.1749939,264.2134338,6,1.9641232804359812
ZA_0000100,2004,38.33,443.84,1370.43,16.41333332,421.5150085,22.9771,-33.5396,31.6955,1101.767839,6.570289612,21.03531996,22.625,48.875,23.625,-0.115068831,1.207916725,3.455416679,0.446316669,214.532077,263.4685669,6,1.978285853018558
ZA_0000100,2005,38.23,408.58,1383.55,16.41333332,388.1100159,22.9771,-33.5396,31.6955,1101.767839,6.570289612,21.03531996,22.625,48.875,23.625,-0.115068831,1.141666698,3.69416666,0.436091669,214.8583252,249.5244141,6,1.8772381229002186
ZA_0000100,2006,57.34,416.07,1386.8,16.41333332,394.0600098,22.9771,-33.5396,31.6955,1101.767839,6.570289612,21.03531996,22.625,48.875,23.625,-0.115068831,1.946250153,3.683749914,0.438075006,214.9808319,237.1577637,6,1.8608488413484028
ZA_0000100,2007,57.34,421.89,1390.52,16.41333332,400.1450134,22.9771,-33.5396,31.6955,1101.767839,6.570289612,21.03531996,22.625,48.875,23.625,-0.115068831,2.315416801,3.793958426,0.439925006,214.7279144,224.2218445,6,1.8887634217154812
ZA_0000100,2008,57.5,411.7,1396.0,16.41333332,390.9049988,22.9771,-33.5396,31.6955,1101.767839,6.570289612,21.03531996,22.625,48.875,23.625,-0.115068831,2.137500083,3.818541765,0.440858337,215.3029175,206.6369537,6,1.870889094026093
ZA_0000100,2009,47.78,374.43,1406.1,16.41333332,355.3699951,22.9771,-33.5396,31.6955,1101.767839,6.570289612,21.03531996,22.625,48.875,23.625,-0.115068831,2.039583421,3.816458225,0.437941675,216.5129181,188.6330231,6,1.765937632269222
ZA_0000100,2010,47.78,384.81,1409.45,16.41333332,365.2099854,22.9771,-33.5396,31.6955,1101.767839,6.570289612,21.03531996,22.625,48.875,23.625,-0.115068831,1.997083437,3.825624943,0.434225006,216.9850037,187.8159607,6,1.7889588493960957
ZA_0000100,2011,38.23,371.46,1411.3,16.41333332,352.8800049,22.9771,-33.5396,31.6955,1101.767839,6.570289612,21.03531996,22.625,48.875,23.625,-0.115068831,2.417083323,3.706249952,0.436508337,217.4970825,190.9201996,6,1.7650341625126593
ZA_0000100,2012,47.91,379.52,1401.87,16.41333332,360.0949951,22.9771,-33.5396,31.6955,1101.767839,6.570289612,21.03531996,22.625,48.875,23.625,-0.115068831,2.732916605,3.735624552,0.4352,216.8645813,185.9342072,6,1.7782102229587993
ZA_0000100,2013,57.34,381.79,1404.18,16.41333332,362.4950073,22.9771,-33.5396,31.6955,1101.767839,6.570289612,21.03531996,22.625,48.875,23.625,-0.115068831,2.886666644,3.898541927,0.433025,216.9079163,202.7994934,6,1.7894874749848548
ZA_0000100,2014,57.34,421.7,1403.98,16.41333332,400.480011,22.9771,-33.5396,31.6955,1101.767839,6.570289612,21.03531996,22.625,48.875,23.625,-0.115068831,2.940833306,3.840416431,0.430991663,216.2112518,217.3647766,6,1.8926413782928695
ZA_0000105,1989,54.06,312.62,1338.94,17.41666756,297.0500031,21.9604,-33.4604,35.4673,873.8603172,6.701141,23.00600305,21.83333397,44.16666794,22.375,1.16187948,0.460833353,2.724999666,0.524416644,214.0016663,9.50818615,6,1.6647914536703128
ZA_0000105,1990,45.05,270.94,1344.83,17.41666756,257.4099945,21.9604,-33.4604,35.4673,873.8603172,6.701141,23.00600305,21.83333397,44.16666794,22.375,1.16187948,0.383333349,2.8125,0.529877753,215.618335,9.816603279,6,1.5543875625676715
ZA_0000105,1991,36.04,263.46,1342.31,17.41666756,250.2999969,21.9604,-33.4604,35.4673,873.8603172,6.701141,23.00600305,21.83333397,44.16666794,22.375,1.16187948,0.322500014,2.763333321,0.534088861,215.4583374,9.997176743,6,1.5366201661892638
ZA_0000105,1992,18.07,286.06,1346.14,17.41666756,271.7799988,21.9604,-33.4604,35.4673,873.8603172,6.701141,23.00600305,21.83333397,44.16666794,22.375,1.16187948,0.277500007,2.905833244,0.553266632,216.2158325,10.1159071,6,1.5920612054734968
ZA_0000105,1993,27.03,304.88,1349.4,17.41666756,289.6099976,21.9604,-33.4604,35.4673,873.8603172,6.701141,23.00600305,21.83333397,44.16666794,22.375,1.16187948,0.245000011,2.808749676,0.566663855,216.4741699,10.26330051,6,1.636151181504463
ZA_0000105,1994,27.03,293.96,1354.79,17.41666756,279.2100037,21.9604,-33.4604,35.4673,873.8603172,6.701141,23.00600305,21.83333397,44.16666794,22.375,1.16187948,0.225000021,2.724166632,0.567858313,217.2566711,10.39581223,6,1.6047604204621388
ZA_0000105,1995,27.03,321.23,1346.54,17.41666756,305.0700073,21.9604,-33.4604,35.4673,873.8603172,6.701141,23.00600305,21.83333397,44.16666794,22.375,1.16187948,0.205000031,2.8037498,0.573366663,215.7283325,10.76424351,6,1.676977381884336
ZA_0000105,1996,63.24,339.23,1342.26,17.41666756,322.1600098,21.9604,-33.4604,35.4673,873.8603172,6.701141,23.00600305,21.83333397,44.16666794,22.375,1.16187948,0.200000033,3.039583206,0.583369458,214.4791626,11.17509251,6,1.7254766527606307
ZA_0000105,1997,63.07,324.27,1340.57,17.41666756,307.9700073,21.9604,-33.4604,35.4673,873.8603172,6.701141,23.00600305,21.83333397,44.16666794,22.375,1.16187948,0.185833362,2.846666574,0.587525024,213.9391663,11.92779541,6,1.6887915481572242
ZA_0000105,1998,63.07,314.46,1338.32,17.41666756,298.6900085,21.9604,-33.4604,35.4673,873.8603172,6.701141,23.00600305,21.83333397,44.16666794,22.375,1.16187948,0.165833358,2.853750229,0.594741699,213.443335,12.25405903,6,1.6663146224567695
ZA_0000105,1999,63.07,315.08,1344.62,17.41666756,299.3500061,21.9604,-33.4604,35.4673,873.8603172,6.701141,23.00600305,21.83333397,44.16666794,22.375,1.16187948,0.145833355,2.842916489,0.594980579,212.9958374,12.65460148,6,1.6664514475862773
ZA_0000105,2000,72.28,301.71,1349.71,17.41666756,286.6900085,21.9604,-33.4604,35.4673,873.8603172,6.701141,23.00600305,21.83333397,44.16666794,22.375,1.16187948,0.125833352,2.769999981,0.593280554,213.8233398,12.8698597,6,1.6310024760887782
ZA_0000105,2001,45.05,296.67,1354.89,17.41666756,281.8800049,21.9604,-33.4604,35.4673,873.8603172,6.701141,23.00600305,21.83333397,44.16666794,22.375,1.16187948,0.105833349,2.960833311,0.586338867,214.3291748,13.77053585,6,1.6146968895337024
ZA_0000105,2002,45.05,294.0,1360.67,17.41666756,279.3500031,21.9604,-33.4604,35.4673,873.8603172,6.701141,23.00600305,21.83333397,44.16666794,22.375,1.16187948,0.100000016,2.928333282,0.577399976,214.6833374,13.4934227,6,1.6050746591836955
ZA_0000105,2003,45.05,284.32,1363.59,17.41666756,270.1300018,21.9604,-33.4604,35.4673,873.8603172,6.701141,23.00600305,21.83333397,44.16666794,22.375,1.16187948,0.100000016,2.699166775,0.577394409,215.9799988,14.00641994,6,1.5785831221995124
ZA_0000105,2004,45.17,280.16,1358.12,17.41666756,266.1300018,21.9604,-33.4604,35.4673,873.8603172,6.701141,23.00600305,21.83333397,44.16666794,22.375,1.16187948,0.100000016,2.655416727,0.577122192,216.4866638,14.95313625,6,1.569406619931102
ZA_0000105,2005,27.03,257.83,1369.32,17.41666756,244.8899994,21.9604,-33.4604,35.4673,873.8603172,6.701141,23.00600305,21.83333397,44.16666794,22.375,1.16187948,0.100000016,2.877500057,0.570794434,216.7991608,16.13712368,6,1.5073515359516785
ZA_0000105,2006,36.04,258.75,1371.08,17.41666756,245.7800018,21.9604,-33.4604,35.4673,873.8603172,6.701141,23.00600305,21.83333397,44.16666794,22.375,1.16187948,0.100000016,2.847499847,0.566888892,216.894165,17.03222256,6,1.5093723612516772
ZA_0000105,2007,45.05,262.65,1373.65,17.41666756,249.4700073,21.9604,-33.4604,35.4673,873.8603172,6.701141,23.00600305,21.83333397,44.16666794,22.375,1.16187948,0.100000016,2.972083092,0.569422217,216.7099976,20.37038651,6,1.5173079041903046
ZA_0000105,2008,54.21,261.83,1381.33,17.41666756,248.7300049,21.9604,-33.4604,35.4673,873.8603172,6.701141,23.00600305,21.83333397,44.16666794,22.375,1.16187948,0.100000016,3.027083158,0.576213892,216.8600006,24.67529449,6,1.5130316393723817
ZA_0000105,2009,54.06,242.16,1391.46,17.41666756,230.0500061,21.9604,-33.4604,35.4673,873.8603172,6.701141,23.00600305,21.83333397,44.16666794,22.375,1.16187948,0.100000016,3.001666784,0.556594452,217.5583344,26.87152519,6,1.4604394847666282
ZA_0000105,2010,54.06,250.34,1395.57,17.41666756,237.8400055,21.9604,-33.4604,35.4673,873.8603172,6.701141,23.00600305,21.83333397,44.16666794,22.375,1.16187948,0.100000016,3.020416737,0.549055548,217.7975067,29.3293129,6,1.4793437971652303
ZA_0000105,2011,45.05,241.96,1398.82,17.41666756,229.8700043,21.9604,-33.4604,35.4673,873.8603172,6.701141,23.00600305,21.83333397,44.16666794,22.375,1.16187948,0.160000014,2.86500001,0.557116657,218.2891693,30.29108276,6,1.4571828752375329
ZA_0000105,2012,54.21,244.28,1390.95,17.41666756,232.1199982,21.9604,-33.4604,35.4673,873.8603172,6.701141,23.00600305,21.83333397,44.16666794,22.375,1.16187948,0.230833353,2.887499809,0.553080548,217.7541748,30.37387352,6,1.4678564586700922
ZA_0000105,2013,54.06,242.19,1392.9,17.41666756,230.1300018,21.9604,-33.4604,35.4673,873.8603172,6.701141,23.00600305,21.83333397,44.16666794,22.375,1.16187948,0.280000016,3.097500086,0.553533319,217.9516693,31.33014488,6,1.4617435466678759
ZA_0000105,2014,72.08,266.15,1393.26,17.41666756,252.8799957,21.9604,-33.4604,35.4673,873.8603172,6.701141,23.00600305,21.83333397,44.16666794,22.375,1.16187948,0.316666685,2.998749971,0.590172205,217.5966705,32.84930344,6,1.519631877712582
ZA_0000107,1989,435.94,519.56,1213.24,17.33333321,491.105011,22.4229,-33.9521,35.4421,610.1999207,7.200950225,18.74935386,22.70833397,49.08333206,25.20833397,2.809604526,6.935833406,3.546249866,1.415143359,202.5929169,1680.700464,6,2.321145130728288
ZA_0000107,1990,352.46,465.95,1218.44,17.33333321,442.655011,22.4229,-33.9521,35.4421,610.1999207,7.200950225,18.74935386,22.70833397,49.08333206,25.20833397,2.809604526,7.173333359,3.692499638,1.414506665,204.1154175,1724.349438,6,2.2070465411175113
ZA_0000107,1991,315.36,458.64,1216.54,17.33333321,434.4600159,22.4229,-33.9521,35.4421,610.1999207,7.200950225,18.74935386,22.70833397,49.08333206,25.20833397,2.809604526,6.384166527,3.539999962,1.411616675,204.0741699,1770.311108,6,2.1460502765013976
ZA_0000107,1992,344.13,504.78,1219.13,17.33333321,477.7900208,22.4229,-33.9521,35.4421,610.1999207,7.200950225,18.74935386,22.70833397,49.08333206,25.20833397,2.809604526,6.247083473,3.752916336,1.393931689,204.8758362,1804.835156,6,2.2825200445649982
ZA_0000107,1993,510.14,545.51,1224.38,17.33333321,515.4700195,22.4229,-33.9521,35.4421,610.1999207,7.200950225,18.74935386,22.70833397,49.08333206,25.20833397,2.809604526,7.326666832,3.60374999,1.377986694,205.0766693,1851.903125,6,2.389219955790398
ZA_0000107,1994,556.52,541.97,1229.94,17.33333321,515.2550171,22.4229,-33.9521,35.4421,610.1999207,7.200950225,18.74935386,22.70833397,49.08333206,25.20833397,2.809604526,6.715833569,3.535833359,1.361313354,205.699173,1908.692041,6,2.4646691593644663
ZA_0000107,1995,649.27,585.12,1223.89,17.33333321,553.9150024,22.4229,-33.9521,35.4421,610.1999207,7.200950225,18.74935386,22.70833397,49.08333206,25.20833397,2.809604526,6.446666908,3.686458111,1.354398364,204.1608368,2003.177563,6,2.5632622278833117
ZA_0000107,1996,734.76,613.95,1218.5,17.33333321,573.9950073,22.4229,-33.9521,35.4421,610.1999207,7.200950225,18.74935386,22.70833397,49.08333206,25.20833397,2.809604526,7.33583374,3.859583378,1.347548364,202.9345856,2081.252246,6,2.48524882059571
ZA_0000107,1997,732.75,580.1,1215.75,17.33333321,544.7900024,22.4229,-33.9521,35.4421,610.1999207,7.200950225,18.74935386,22.70833397,49.08333206,25.20833397,2.809604526,7.525000381,3.622082949,1.345431665,202.5358337,2175.620923,6,2.4339206744459494
ZA_0000107,1998,602.89,557.36,1212.98,17.33333321,523.5000061,22.4229,-33.9521,35.4421,610.1999207,7.200950225,18.74935386,22.70833397,49.08333206,25.20833397,2.809604526,6.192083645,3.66645813,1.339416675,202.0649963,2250.941406,6,2.3608773811351127
ZA_0000107,1999,547.24,548.25,1219.87,17.33333321,513.6850098,22.4229,-33.9521,35.4421,610.1999207,7.200950225,18.74935386,22.70833397,49.08333206,25.20833397,2.809604526,5.655000234,3.645624638,1.342493311,201.7641571,2311.592871,6,2.2868468110755606
ZA_0000107,2000,539.44,527.52,1223.82,17.33333321,494.4250122,22.4229,-33.9521,35.4421,610.1999207,7.200950225,18.74935386,22.70833397,49.08333206,25.20833397,2.809604526,5.709583592,3.622499943,1.349496631,202.7679077,2336.025635,6,2.218540365653596
ZA_0000107,2001,510.14,520.32,1228.59,17.33333321,496.0450073,22.4229,-33.9521,35.4421,610.1999207,7.200950225,18.74935386,22.70833397,49.08333206,25.20833397,2.809604526,5.153333402,3.783333302,1.335176611,203.3537384,2399.81084,6,2.4353281442176278
ZA_0000107,2002,482.32,511.34,1235.58,17.33333321,486.2549988,22.4229,-33.9521,35.4421,610.1999207,7.200950225,18.74935386,22.70833397,49.08333206,25.20833397,2.809604526,4.04624989,3.733958244,1.333103296,203.9529083,2466.696582,6,2.3517280737216044
ZA_0000107,2003,519.42,505.74,1241.11,17.33333321,479.9049988,22.4229,-33.9521,35.4421,610.1999207,7.200950225,18.74935386,22.70833397,49.08333206,25.20833397,2.809604526,4.87708323,3.532083273,1.326629932,205.3054138,2553.449854,6,2.2923352088828772
ZA_0000107,2004,502.24,508.06,1235.17,17.33333321,482.5099976,22.4229,-33.9521,35.4421,610.1999207,7.200950225,18.74935386,22.70833397,49.08333206,25.20833397,2.809604526,5.135833216,3.406249762,1.351631616,205.8112518,2683.763037,6,2.3209297373226057
ZA_0000107,2005,426.66,467.83,1246.73,17.33333321,444.65,22.4229,-33.9521,35.4421,610.1999207,7.200950225,18.74935386,22.70833397,49.08333206,25.20833397,2.809604526,4.804166532,3.705833197,1.351533301,206.1125031,2837.571875,6,2.185126553286527
ZA_0000107,2006,473.04,473.66,1248.9,17.33333321,450.1349976,22.4229,-33.9521,35.4421,610.1999207,7.200950225,18.74935386,22.70833397,49.08333206,25.20833397,2.809604526,4.877083325,3.625833035,1.365783325,206.1491699,2967.6396,6,2.199367477591315
ZA_0000107,2007,556.52,479.08,1252.15,17.33333321,454.9950012,22.4229,-33.9521,35.4421,610.1999207,7.200950225,18.74935386,22.70833397,49.08333206,25.20833397,2.809604526,4.855000091,3.778750181,1.40082666,205.8200043,3134.692334,6,2.2036192598098556
ZA_0000107,2008,520.84,470.4,1256.23,17.33333321,447.4,22.4229,-33.9521,35.4421,610.1999207,7.200950225,18.74935386,22.70833397,49.08333206,25.20833397,2.809604526,3.805000138,3.812708378,1.44426001,206.1608337,3223.625684,6,2.191791803289045
ZA_0000107,2009,463.76,427.78,1264.65,17.33333321,406.4700012,22.4229,-33.9521,35.4421,610.1999207,7.200950225,18.74935386,22.70833397,49.08333206,25.20833397,2.809604526,3.487083483,3.836250067,1.412518359,206.9649994,3233.920508,6,2.0382676308831007
ZA_0000107,2010,482.32,449.36,1266.65,17.33333321,426.6000061,22.4229,-33.9521,35.4421,610.1999207,7.200950225,18.74935386,22.70833397,49.08333206,25.20833397,2.809604526,3.602083468,3.80916667,1.39292334,207.1499969,3225.085107,6,2.0894101547640953
ZA_0000107,2011,463.76,434.41,1271.05,17.33333321,408.8700073,22.4229,-33.9521,35.4421,610.1999207,7.200950225,18.74935386,22.70833397,49.08333206,25.20833397,2.809604526,4.948750186,3.755416632,1.414608325,207.6616638,3226.383057,6,1.9392345865836311
ZA_0000107,2012,381.33,445.26,1263.26,17.33333321,418.2000122,22.4229,-33.9521,35.4421,610.1999207,7.200950225,18.74935386,22.70833397,49.08333206,25.20833397,2.809604526,6.2262501,3.777499914,1.420563354,207.2404114,3165.522168,6,1.9540249924306243
ZA_0000107,2013,408.11,450.93,1264.91,17.33333321,424.1150146,22.4229,-33.9521,35.4421,610.1999207,7.200950225,18.74935386,22.70833397,49.08333206,25.20833397,2.809604526,6.680833411,3.908333302,1.43689502,207.3154144,3279.956445,6,1.9833110886246215
ZA_0000107,2014,473.04,494.27,1265.7,17.33333321,465.5800171,22.4229,-33.9521,35.4421,610.1999207,7.200950225,18.74935386,22.70833397,49.08333206,25.20833397,2.809604526,6.882083416,3.828750134,1.50264502,206.7950012,3342.700879,6,2.125464409134984
ZA_0000112,1989,329.07,534.08,1203.36,16.41333332,505.4800171,22.8396,-33.8813,23.2339,706.4150252,7.085146427,11.53076125,22.0625,49.5,26.0,2.11338,5.833333611,3.682083368,2.219112451,203.0825043,2215.12168,6,2.406304061377905
ZA_0000112,1990,301.65,494.8,1208.76,16.41333332,469.6300171,22.8396,-33.8813,23.2339,706.4150252,7.085146427,11.53076125,22.0625,49.5,26.0,2.11338,6.695833588,3.804999828,2.212633301,204.6925049,2309.399219,6,2.3034032161079767
ZA_0000112,1991,287.94,491.1,1210.15,16.41333332,466.2700195,22.8396,-33.8813,23.2339,706.4150252,7.085146427,11.53076125,22.0625,49.5,26.0,2.11338,6.267500114,3.666249752,2.239108301,204.7125,2407.941064,6,2.293649457023228
ZA_0000112,1992,288.73,529.74,1212.31,16.41333332,503.2300171,22.8396,-33.8813,23.2339,706.4150252,7.085146427,11.53076125,22.0625,49.5,26.0,2.11338,5.702499962,3.864583015,2.371524951,205.6733337,2480.203662,6,2.435216701466779
ZA_0000112,1993,356.49,577.49,1218.46,16.41333332,545.6200073,22.8396,-33.8813,23.2339,706.4150252,7.085146427,11.53076125,22.0625,49.5,26.0,2.11338,6.939166641,3.73791647,2.36426665,205.9424988,2513.322168,6,2.511965279573797
ZA_0000112,1994,383.92,587.82,1224.66,16.41333332,558.65,22.8396,-33.8813,23.2339,706.4150252,7.085146427,11.53076125,22.0625,49.5,26.0,2.11338,6.623333359,3.66624999,2.307933301,206.5183289,2552.805127,6,2.6412901309771435
ZA_0000112,1995,438.76,630.0,1218.98,16.41333332,597.3399902,22.8396,-33.8813,23.2339,706.4150252,7.085146427,11.53076125,22.0625,49.5,26.0,2.11338,5.795833373,3.807499886,2.296737451,204.9099915,2641.952881,6,2.780738704146974
ZA_0000112,1996,494.96,665.74,1213.06,16.41333332,622.0899902,22.8396,-33.8813,23.2339,706.4150252,7.085146427,11.53076125,22.0625,49.5,26.0,2.11338,6.570833373,3.960000038,2.262508301,203.7291595,2716.261035,6,2.6848725620061087
ZA_0000112,1997,534.74,634.09,1210.58,16.41333332,594.4899902,22.8396,-33.8813,23.2339,706.4150252,7.085146427,11.53076125,22.0625,49.5,26.0,2.11338,7.338333488,3.747083187,2.1557625,203.2824921,2805.709424,6,2.618295295990818
ZA_0000112,1998,493.61,609.4,1208.8,16.41333332,573.2899902,22.8396,-33.8813,23.2339,706.4150252,7.085146427,11.53076125,22.0625,49.5,26.0,2.11338,5.86083343,3.802499771,2.177133301,202.8308258,2897.739404,6,2.580754897541427
ZA_0000112,1999,466.18,594.89,1215.83,16.41333332,558.35,22.8396,-33.8813,23.2339,706.4150252,7.085146427,11.53076125,22.0625,49.5,26.0,2.11338,5.325833392,3.778333187,2.193912451,202.5408264,2973.266846,6,2.4781146953019353
ZA_0000112,2000,412.47,574.12,1219.23,16.41333332,537.9300049,22.8396,-33.8813,23.2339,706.4150252,7.085146427,11.53076125,22.0625,49.5,26.0,2.11338,6.09333334,3.738333225,2.151683301,203.4924927,2981.215283,6,2.3747241062857762
ZA_0000112,2001,397.63,564.98,1223.67,16.41333332,537.6900024,22.8396,-33.8813,23.2339,706.4150252,7.085146427,11.53076125,22.0625,49.5,26.0,2.11338,6.16833334,3.891666412,2.137904102,203.9658295,3036.888818,6,2.5795017893791177
ZA_0000112,2002,342.78,556.28,1230.08,16.41333332,528.9600037,22.8396,-33.8813,23.2339,706.4150252,7.085146427,11.53076125,22.0625,49.5,26.0,2.11338,5.030833244,3.864583015,2.120887451,204.5358307,3087.426025,6,2.520344459358267
ZA_0000112,2003,370.21,549.91,1235.5,16.41333332,521.9100037,22.8396,-33.8813,23.2339,706.4150252,7.085146427,11.53076125,22.0625,49.5,26.0,2.11338,6.073333454,3.669166565,2.108462451,205.8683319,3176.117627,6,2.4560525582518173
ZA_0000112,2004,398.72,554.97,1230.15,16.41333332,527.0599915,22.8396,-33.8813,23.2339,706.4150252,7.085146427,11.53076125,22.0625,49.5,26.0,2.11338,6.340000105,3.546666622,2.10387915,206.3108337,3299.89541,6,2.4941224048160993
ZA_0000112,2005,383.92,511.55,1242.0,16.41333332,486.4299988,22.8396,-33.8813,23.2339,706.4150252,7.085146427,11.53076125,22.0625,49.5,26.0,2.11338,5.510000181,3.835416794,2.11792085,206.593338,3464.175488,6,2.342546481649968
ZA_0000112,2006,438.76,521.78,1244.98,16.41333332,492.8400085,22.8396,-33.8813,23.2339,706.4150252,7.085146427,11.53076125,22.0625,49.5,26.0,2.11338,5.599167013,3.779999733,2.066175024,206.6950043,3618.804736,6,2.273230676275896
ZA_0000112,2007,507.32,526.26,1248.62,16.41333332,496.1500122,22.8396,-33.8813,23.2339,706.4150252,7.085146427,11.53076125,22.0625,49.5,26.0,2.11338,5.378333712,3.912916422,1.993504175,206.3616669,3841.640625,6,2.257237904376061
ZA_0000112,2008,481.21,513.28,1252.55,16.41333332,484.410022,22.8396,-33.8813,23.2339,706.4150252,7.085146427,11.53076125,22.0625,49.5,26.0,2.11338,4.087500167,3.936249971,1.869633374,206.8375,4032.442041,6,2.224567572776476
ZA_0000112,2009,411.34,465.02,1260.76,16.41333332,438.1300232,22.8396,-33.8813,23.2339,706.4150252,7.085146427,11.53076125,22.0625,49.5,26.0,2.11338,3.735000205,3.960000038,1.796629199,207.8508362,4139.758105,6,2.047710116282192
ZA_0000112,2010,425.05,484.61,1262.74,16.41333332,456.1000183,22.8396,-33.8813,23.2339,706.4150252,7.085146427,11.53076125,22.0625,49.5,26.0,2.11338,3.982500196,3.939166784,1.67462085,208.1766693,4227.487256,6,2.0901030728712766
ZA_0000112,2011,383.92,467.63,1265.93,16.41333332,437.4700073,22.8396,-33.8813,23.2339,706.4150252,7.085146427,11.53076125,22.0625,49.5,26.0,2.11338,5.082499814,3.875833511,1.625462524,208.6775055,4299.472363,6,1.9711037835710716
ZA_0000112,2012,357.47,481.1,1257.34,16.41333332,448.7300049,22.8396,-33.8813,23.2339,706.4150252,7.085146427,11.53076125,22.0625,49.5,26.0,2.11338,6.891666532,3.901666641,1.59710835,208.180838,4289.822656,6,1.986150030563347
ZA_0000112,2013,383.92,487.99,1259.14,16.41333332,456.0700012,22.8396,-33.8813,23.2339,706.4150252,7.085146427,11.53076125,22.0625,49.5,26.0,2.11338,7.280833197,4.03249979,1.640604175,208.2066742,4435.841504,6,2.0243951381010263
ZA_0000112,2014,438.76,537.0,1259.37,16.41333332,502.75,22.8396,-33.8813,23.2339,706.4150252,7.085146427,11.53076125,22.0625,49.5,26.0,2.11338,7.400833225,3.966666937,1.640125,207.5475067,4497.21543,6,2.1869598404775035
ZA_0000153,1989,131.06,630.98,1269.59,17.39611282,584.1933594,26.6729,-32.5521,79.412,1031.25174,6.008436078,22.13832442,26.38888931,40.18055725,30.18055534,1.33075861,6.699444723,2.576111078,1.523367578,201.872226,2995.118115,6,2.327740197711404
ZA_0000153,1990,110.58,571.44,1277.43,17.39611282,540.7233459,26.6729,-32.5521,79.412,1031.25174,6.008436078,22.13832442,26.38888931,40.18055725,30.18055534,1.33075861,5.450555754,2.659861088,1.526868506,203.8908386,3122.106836,6,2.418177868663092
ZA_0000153,1991,102.39,575.92,1284.22,17.39611282,538.3166809,26.6729,-32.5521,79.412,1031.25174,6.008436078,22.13832442,26.38888931,40.18055725,30.18055534,1.33075861,5.069722319,2.543194294,1.512407397,204.559726,3254.446143,6,2.25241358084273
ZA_0000153,1992,98.56,559.62,1302.07,17.39611282,523.3066772,26.6729,-32.5521,79.412,1031.25174,6.008436078,22.13832442,26.38888931,40.18055725,30.18055534,1.33075861,4.979722309,2.746249914,1.52155459,207.7566681,3350.653418,6,2.185583287162252
ZA_0000153,1993,102.39,550.69,1320.24,17.39611282,514.643335,26.6729,-32.5521,79.412,1031.25174,6.008436078,22.13832442,26.38888931,40.18055725,30.18055534,1.33075861,4.68583343,2.686944246,1.542818481,210.5974976,3393.44082,6,2.1308328536265924
ZA_0000153,1994,86.01,525.21,1329.1,17.39611282,500.2533203,26.6729,-32.5521,79.412,1031.25174,6.008436078,22.13832442,26.38888931,40.18055725,30.18055534,1.33075861,2.917777693,2.618194342,1.554629614,212.6033295,3445.24834,6,2.2982279882461727
ZA_0000153,1995,86.01,546.67,1319.54,17.39611282,518.7899963,26.6729,-32.5521,79.412,1031.25174,6.008436078,22.13832442,26.38888931,40.18055725,30.18055534,1.33075861,2.276944375,2.696666479,1.543814795,211.2638824,3565.98291,6,2.32194617500063
ZA_0000153,1996,102.67,553.99,1318.38,17.39611282,517.7333191,26.6729,-32.5521,79.412,1031.25174,6.008436078,22.13832442,26.38888931,40.18055725,30.18055534,1.33075861,2.029166675,2.82611084,1.542079614,211.829715,3664.92373,6,2.142454859770635
ZA_0000153,1997,122.87,590.95,1306.73,17.39611282,553.5199829,26.6729,-32.5521,79.412,1031.25174,6.008436078,22.13832442,26.38888931,40.18055725,30.18055534,1.33075861,2.132222295,2.738194466,1.538669458,210.8913849,3800.043066,6,2.294019401045278
ZA_0000153,1998,126.96,606.88,1298.02,17.39611282,564.1166382,26.6729,-32.5521,79.412,1031.25174,6.008436078,22.13832442,26.38888931,40.18055725,30.18055534,1.33075861,3.234444618,2.7477777,1.510162988,209.0919373,3914.313037,6,2.2592499543105458
ZA_0000153,1999,110.58,590.34,1303.99,17.39611282,548.6133118,26.6729,-32.5521,79.412,1031.25174,6.008436078,22.13832442,26.38888931,40.18055725,30.18055534,1.33075861,3.413333452,2.696944475,1.500661108,208.2391571,4006.221484,6,2.1995992672194378
ZA_0000153,2000,160.17,630.03,1300.18,17.39611282,572.8566345,26.6729,-32.5521,79.412,1031.25174,6.008436078,22.13832442,26.38888931,40.18055725,30.18055534,1.33075861,4.676389194,2.543333292,1.53831665,206.463324,4005.049365,6,2.0900651165599298
ZA_0000153,2001,155.63,638.15,1303.08,17.39611282,590.3366516,26.6729,-32.5521,79.412,1031.25174,6.008436078,22.13832442,26.38888931,40.18055725,30.18055534,1.33075861,4.347222495,2.660138845,1.523721265,205.9824921,4115.710693,6,2.288884216788977
ZA_0000153,2002,155.63,643.22,1314.65,17.39611282,593.7766541,26.6729,-32.5521,79.412,1031.25174,6.008436078,22.13832442,26.38888931,40.18055725,30.18055534,1.33075861,4.028889203,2.778472185,1.511058276,206.7394348,4196.3854,6,2.2627463049331515
ZA_0000153,2003,147.44,607.22,1323.1,17.39611282,563.693335,26.6729,-32.5521,79.412,1031.25174,6.008436078,22.13832442,26.38888931,40.18055725,30.18055534,1.33075861,3.711111379,2.605277777,1.50647771,208.2819397,4359.784766,6,2.210794602733985
ZA_0000153,2004,151.95,629.72,1315.39,17.39611282,583.3966858,26.6729,-32.5521,79.412,1031.25174,6.008436078,22.13832442,26.38888931,40.18055725,30.18055534,1.33075861,3.829722548,2.509444475,1.562123096,207.8372192,4551.911133,6,2.263263724105249
ZA_0000153,2005,122.87,587.32,1332.37,17.39611282,558.1400208,26.6729,-32.5521,79.412,1031.25174,6.008436078,22.13832442,26.38888931,40.18055725,30.18055534,1.33075861,2.988333416,2.657916784,1.568618481,209.8505585,4788.641016,6,2.4584999421767084
ZA_0000153,2006,147.44,597.55,1331.57,17.39611282,568.1233582,26.6729,-32.5521,79.412,1031.25174,6.008436078,22.13832442,26.38888931,40.18055725,30.18055534,1.33075861,2.805000067,2.735138655,1.662284229,208.5172211,4959.573633,6,2.502058087983343
ZA_0000153,2007,143.35,591.6,1337.07,17.39611282,562.0733643,26.6729,-32.5521,79.412,1031.25174,6.008436078,22.13832442,26.38888931,40.18055725,30.18055534,1.33075861,2.566388881,2.915555239,1.709087012,208.057782,5230.449902,6,2.461887213331593
ZA_0000153,2008,151.95,590.59,1344.95,17.39611282,561.4300293,26.6729,-32.5521,79.412,1031.25174,6.008436078,22.13832442,26.38888931,40.18055725,30.18055534,1.33075861,1.642222166,2.787361145,1.777548145,208.8994476,5457.17207,6,2.456392473938441
ZA_0000153,2009,143.35,559.89,1358.95,17.39611282,533.6766907,26.6729,-32.5521,79.412,1031.25174,6.008436078,22.13832442,26.38888931,40.18055725,30.18055534,1.33075861,1.27194438,2.850000143,1.754741675,210.8638947,5577.362598,6,2.3818623764921587
ZA_0000153,2010,118.77,551.71,1365.36,17.39611282,524.353363,26.6729,-32.5521,79.412,1031.25174,6.008436078,22.13832442,26.38888931,40.18055725,30.18055534,1.33075861,0.802777773,2.846527338,1.718074097,211.0122253,5723.86709,6,2.3019254044796575
ZA_0000153,2011,122.87,541.03,1368.95,17.39611282,513.9133484,26.6729,-32.5521,79.412,1031.25174,6.008436078,22.13832442,26.38888931,40.18055725,30.18055534,1.33075861,0.887222272,2.726388931,1.715536157,212.3988953,5851.005469,6,2.25690923305387
ZA_0000153,2012,143.74,568.32,1358.17,17.39611282,539.7500122,26.6729,-32.5521,79.412,1031.25174,6.008436078,22.13832442,26.38888931,40.18055725,30.18055534,1.33075861,1.297222275,2.814027548,1.745454712,211.0733368,5855.891406,6,2.351267207188476
ZA_0000153,2013,163.82,586.14,1363.06,17.39611282,556.8066833,26.6729,-32.5521,79.412,1031.25174,6.008436078,22.13832442,26.38888931,40.18055725,30.18055534,1.33075861,1.397777849,2.926666498,1.737217651,211.3252838,6067.608301,6,2.4047693910970094
ZA_0000153,2014,196.59,611.16,1362.68,17.39611282,580.1966797,26.6729,-32.5521,79.412,1031.25174,6.008436078,22.13832442,26.38888931,40.18055725,30.18055534,1.33075861,2.184444481,2.869305611,1.794312085,210.1533417,6198.254297,6,2.475668679718926
ZA_0000153,2015,196.59,607.09,1364.35,17.39611282,576.5633484,26.6729,-32.5521,79.412,1031.25174,6.008436078,22.13832442,26.38888931,40.18055725,30.18055534,1.33075861,2.451111102,2.668055534,1.844655566,211.0338959,6277.839551,6,2.46652213780318
ZA_0000216,1989,561.69,1052.55,1190.32,13.83595333,857.0542969,29.3104,-28.8104,448.6947,1904.815069,6.165585912,21.34284812,26.94387817,46.17856979,22.8125,2.175801199,20.24881058,2.141329288,1.141653052,204.6157257,1098.68241,6,2.6456901343869825
ZA_0000216,1990,528.99,1012.46,1182.13,13.83595333,837.4952393,29.3104,-28.8104,448.6947,1904.815069,6.165585912,21.34284812,26.94387817,46.17856979,22.8125,2.175801199,20.27746162,2.247341156,1.150124829,203.9657623,1135.486023,6,2.673936884043373
ZA_0000216,1991,510.1,1022.22,1181.06,13.83595333,816.8357056,29.3104,-28.8104,448.6947,1904.815069,6.165585912,21.34284812,26.94387817,46.17856979,22.8125,2.175801199,20.236549,2.127559423,1.147200513,204.0894135,1177.636572,6,2.3875578203368075
ZA_0000216,1992,433.53,947.89,1207.9,13.83595333,780.161438,29.3104,-28.8104,448.6947,1904.815069,6.165585912,21.34284812,26.94387817,46.17856979,22.8125,2.175801199,17.37281847,2.404345036,1.135141992,208.5368286,1209.077856,6,2.3171489528301574
ZA_0000216,1993,339.34,898.8,1220.21,13.83595333,762.7142944,29.3104,-28.8104,448.6947,1904.815069,6.165585912,21.34284812,26.94387817,46.17856979,22.8125,2.175801199,16.99174662,2.076864958,1.145577515,211.2838959,1245.051709,6,2.392776618121766
ZA_0000216,1994,337.89,859.82,1232.54,13.83595333,738.7171265,29.3104,-28.8104,448.6947,1904.815069,6.165585912,21.34284812,26.94387817,46.17856979,22.8125,2.175801199,16.47313547,2.180079222,1.143859814,214.1321472,1288.545093,6,2.350917913773647
ZA_0000216,1995,369.86,894.59,1229.98,13.83595333,763.8076172,29.3104,-28.8104,448.6947,1904.815069,6.165585912,21.34284812,26.94387817,46.17856979,22.8125,2.175801199,16.57472239,2.231785774,1.143254199,213.4845642,1364.388672,6,2.4117350907476998
ZA_0000216,1996,448.11,945.33,1223.42,13.83595333,785.8043091,29.3104,-28.8104,448.6947,1904.815069,6.165585912,21.34284812,26.94387817,46.17856979,22.8125,2.175801199,17.22904825,2.262976408,1.160364746,213.3047668,1427.509961,6,2.3537162085313215
ZA_0000216,1997,526.81,1036.01,1195.48,13.83595333,830.1642944,29.3104,-28.8104,448.6947,1904.815069,6.165585912,21.34284812,26.94387817,46.17856979,22.8125,2.175801199,21.01079445,2.301785707,1.177969165,209.4876221,1494.549731,6,2.4156944707182477
ZA_0000216,1998,541.34,1077.41,1193.28,13.83595333,825.5123779,29.3104,-28.8104,448.6947,1904.815069,6.165585912,21.34284812,26.94387817,46.17856979,22.8125,2.175801199,21.86047707,2.298372984,1.179590771,208.2510742,1529.108057,6,2.2038557823524596
ZA_0000216,1999,528.99,1106.21,1193.45,13.83595333,835.2604858,29.3104,-28.8104,448.6947,1904.815069,6.165585912,21.34284812,26.94387817,46.17856979,22.8125,2.175801199,21.25313606,2.142837286,1.181259521,206.7657135,1543.818433,6,2.184281358874872
ZA_0000216,2000,583.63,1135.55,1182.3,13.83595333,851.206665,29.3104,-28.8104,448.6947,1904.815069,6.165585912,21.34284812,26.94387817,46.17856979,22.8125,2.175801199,22.93746109,2.073809385,1.188687598,205.1087708,1514.128662,6,2.250975505970423
ZA_0000216,2001,538.44,1098.72,1180.79,13.83595333,849.7909424,29.3104,-28.8104,448.6947,1904.815069,6.165585912,21.34284812,26.94387817,46.17856979,22.8125,2.175801199,22.40531769,2.132618904,1.179180957,203.4268188,1959.27793,6,2.3787731712572953
ZA_0000216,2002,523.9,1044.94,1191.19,13.83595333,823.6271484,29.3104,-28.8104,448.6947,1904.815069,6.165585912,21.34284812,26.94387817,46.17856979,22.8125,2.175801199,20.72992058,2.215773821,1.172299683,203.9501526,2388.06626,6,2.3218490360157378
ZA_0000216,2003,502.11,967.51,1201.87,13.83595333,810.0123901,29.3104,-28.8104,448.6947,1904.815069,6.165585912,21.34284812,26.94387817,46.17856979,22.8125,2.175801199,18.52837276,2.22369051,1.169028271,204.9201874,2801.685986,6,2.554980540317876
ZA_0000216,2004,507.12,959.57,1198.45,13.83595333,807.6890625,29.3104,-28.8104,448.6947,1904.815069,6.165585912,21.34284812,26.94387817,46.17856979,22.8125,2.175801199,18.64035625,2.103551626,1.180761597,204.2197144,3252.321021,6,2.5894790967609587
ZA_0000216,2005,446.15,889.29,1219.65,13.83595333,772.6704956,29.3104,-28.8104,448.6947,1904.815069,6.165585912,21.34284812,26.94387817,46.17856979,22.8125,2.175801199,16.53218212,2.297063589,1.192007837,205.5621338,3653.181592,6,2.596005260527048
ZA_0000216,2006,505.74,917.19,1220.67,13.83595333,766.0671631,29.3104,-28.8104,448.6947,1904.815069,6.165585912,21.34284812,26.94387817,46.17856979,22.8125,2.175801199,16.97678509,2.170674562,1.206584058,205.3273773,3602.207275,6,2.3122849609915868
ZA_0000216,2007,468.68,928.0,1231.27,13.83595333,779.0938477,29.3104,-28.8104,448.6947,1904.815069,6.165585912,21.34284812,26.94387817,46.17856979,22.8125,2.175801199,17.32515774,2.36934495,1.197399878,206.8115845,3652.435889,6,2.365091144194774
ZA_0000216,2008,520.24,974.21,1229.29,13.83595333,806.7643188,29.3104,-28.8104,448.6947,1904.815069,6.165585912,21.34284812,26.94387817,46.17856979,22.8125,2.175801199,18.95718193,2.235654831,1.224240845,206.6152802,3754.328271,6,2.3995876486903294
ZA_0000216,2009,573.32,996.22,1232.27,13.83595333,828.947644,29.3104,-28.8104,448.6947,1904.815069,6.165585912,21.34284812,26.94387817,46.17856979,22.8125,2.175801199,19.44670639,2.323809385,1.235325366,206.7744934,3646.2854,6,2.510405782502362
ZA_0000216,2010,593.66,1061.95,1233.38,13.83595333,836.3019287,29.3104,-28.8104,448.6947,1904.815069,6.165585912,21.34284812,26.94387817,46.17856979,22.8125,2.175801199,19.79178581,2.295277834,1.21948811,207.3121155,3861.72627,6,2.254754352878222
ZA_0000216,2011,574.77,1059.21,1246.89,13.83595333,823.2819214,29.3104,-28.8104,448.6947,1904.815069,6.165585912,21.34284812,26.94387817,46.17856979,22.8125,2.175801199,19.82448463,2.277777433,1.214284839,209.2913177,4036.056299,6,2.1228447017134546
ZA_0000216,2012,601.85,1027.52,1242.65,13.83595333,779.9333374,29.3104,-28.8104,448.6947,1904.815069,6.165585912,21.34284812,26.94387817,46.17856979,22.8125,2.175801199,17.4249218,2.350674629,1.233481445,208.0381104,4126.109326,6,1.9140023770458179
ZA_0000216,2013,622.73,966.16,1247.53,13.83595333,721.3157227,29.3104,-28.8104,448.6947,1904.815069,6.165585912,21.34284812,26.94387817,46.17856979,22.8125,2.175801199,15.59071522,2.344146967,1.211252881,207.9733032,4268.655713,6,1.7063189570320516
ZA_0000216,2014,585.67,939.67,1255.48,13.83595333,690.9214233,29.3104,-28.8104,448.6947,1904.815069,6.165585912,21.34284812,26.94387817,46.17856979,22.8125,2.175801199,15.69817524,2.256607056,1.207815796,209.3567108,4492.899609,6,1.5904041997187264
ZA_0000216,2015,536.26,825.5,1273.59,13.83595333,648.3471313,29.3104,-28.8104,448.6947,1904.815069,6.165585912,21.34284812,26.94387817,46.17856979,22.8125,2.175801199,14.06436539,2.377599239,1.194042847,211.8511169,4612.090234,6,1.6487165817263978
ZA_0000216,2016,434.26,755.1,1290.9,13.83595333,649.777124,29.3104,-28.8104,448.6947,1904.815069,6.165585912,21.34284812,26.94387817,46.17856979,22.8125,2.175801199,10.85765886,2.316527605,1.18964917,212.6845734,4615.394531,6,1.9785591162636393
ZA_0000216,2017,451.24,770.73,1291.52,13.83595333,667.5999878,29.3104,-28.8104,448.6947,1904.815069,6.165585912,21.34284812,26.94387817,46.17856979,22.8125,2.175801199,12.54027796,2.30361104,1.183328931,213.1740906,4646.452539,6,2.062437251102439
ZA_0000216,2018,394.56,802.56,1302.22,13.83595333,701.5842773,29.3104,-28.8104,448.6947,1904.815069,6.165585912,21.34284812,26.94387817,46.17856979,22.8125,2.175801199,13.22277803,2.382539749,1.179272632,214.3865967,4537.046484,6,2.201577516733482
ZA_0000216,2019,331.35,795.52,1310.44,13.83595333,716.1009644,29.3104,-28.8104,448.6947,1904.815069,6.165585912,21.34284812,26.94387817,46.17856979,22.8125,2.175801199,12.54654818,2.151785612,1.145171289,215.1775513,4484.534424,6,2.451652417190052
ZA_0000216,2020,360.67,884.32,1296.11,13.83595333,780.8490845,29.3104,-28.8104,448.6947,1904.815069,6.165585912,21.34284812,26.94387817,46.17856979,22.8125,2.175801199,14.29861212,2.244047403,1.188044751,213.2806427,4192.597705,6,2.56208265912931
ZA_0000216,2021,371.31,903.71,1282.23,13.83595333,790.2038696,29.3104,-28.8104,448.6947,1904.815069,6.165585912,21.34284812,26.94387817,46.17856979,22.8125,2.175801199,16.21996098,2.284524202,0.940133133,212.7960754,4084.92124,6,2.555027975934286
ZA_0000216,2022,489.03,952.12,1273.21,13.83595333,818.8548096,29.3104,-28.8104,448.6947,1904.815069,6.165585912,21.34284812,26.94387817,46.17856979,22.8125,2.175801199,17.75162754,2.178174496,0.957654762,211.0770294,3899.270361,6,2.571495105789115
ZA_0000295,1989,253.93,918.1,1215.96,17.83500061,827.1400024,30.5979,-25.2938,75.5227,1585.122319,5.982063627,18.52613462,37.0625,48.359375,13.421875,0.824515462,60.06333389,2.243854046,2.685975928,218.412088,1267.413354,6,3.2406840273776365
ZA_0000295,1990,270.31,904.1,1215.54,17.83500061,832.0625122,30.5979,-25.2938,75.5227,1585.122319,5.982063627,18.52613462,37.0625,48.359375,13.421875,0.824515462,63.02000046,2.152604103,2.671207227,218.8306305,1313.698755,6,3.5818764833463095
ZA_0000295,1991,311.26,892.53,1215.01,17.83500061,831.1175049,30.5979,-25.2938,75.5227,1585.122319,5.982063627,18.52613462,37.0625,48.359375,13.421875,0.824515462,67.96833344,2.171875,2.685034326,219.3300049,1362.348975,6,3.792460915150606
ZA_0000295,1992,303.9,816.56,1236.99,17.83500061,764.4750122,30.5979,-25.2938,75.5227,1585.122319,5.982063627,18.52613462,37.0625,48.359375,13.421875,0.824515462,59.4752079,2.235312462,2.7171375,222.6343811,1397.290918,6,3.358937658930617
